,Open,High,Low,Close,Volume
2002-07-01,13.929073877495986,14.52223684951463,13.704082429133221,14.235882759094238,847376
2002-07-02,13.704082405089672,14.56314467484364,13.704082405089672,14.522236824035645,676474
2002-07-03,14.726770895782165,14.726770895782165,14.297240294422961,14.379055976867676,574661
2002-07-04,14.62450632106323,14.829043841809188,14.419967068841338,14.726774215698242,1148300
2002-07-05,14.338150578435437,14.501781971202739,13.90861990389711,13.990435600280762,903273
2002-07-08,14.01088767456058,14.194972978494254,13.806350179443328,13.908618927001953,572054
2002-07-09,14.03134199872984,14.051795054974587,13.683626190763848,13.724534034729004,657548
2002-07-10,13.990434138572502,14.092702882629197,13.642718331008949,13.683626174926758,840243
2002-07-11,13.90861989357828,13.90861989357828,13.295003902631981,13.335911750793457,1105675
2002-07-12,13.581359082080262,13.581359082080262,13.070012669818677,13.131375312805176,1212941
2002-07-15,13.09046839591207,13.233645020642825,12.947290905443266,13.008652687072754,613201
2002-07-16,12.660936322797872,13.09046791260779,12.660936322797872,12.988198280334473,490166
2002-07-17,12.926833573053365,13.070010160068612,12.701841298750647,12.783656120300293,490399
2002-07-18,13.131374301867915,13.192735208654478,12.885927211769973,12.926835060119629,246819
2002-07-19,13.0495586051686,13.070011663605506,12.885927211769973,12.926835060119629,273717
2002-07-22,13.008649293017507,13.049557136764,12.681387408783397,12.865471839904785,430722
2002-07-23,12.885926276897731,12.885926276897731,12.497302611508507,12.722295761108398,485732
2002-07-24,12.763203562667016,12.763203562667016,12.476849511715502,12.59957218170166,250128
2002-07-25,12.885927254301066,13.090466496724451,12.742749784604698,12.763204574584961,393443
2002-07-26,12.517757401355672,12.681387917163546,12.33367296285458,12.476849555969238,437573
2002-07-29,12.885926278357854,12.885926278357854,12.374580808241014,12.476849555969238,491284
2002-07-30,12.88592667321249,12.88592667321249,12.415489034066786,12.456395149230957,467602
2002-07-31,12.476849967985489,12.926834550620134,11.985956672875641,12.824564933776855,948395
2002-08-01,12.681390413644873,12.7222982670845,12.231405757285035,12.37458324432373,616734
2002-08-02,12.313218687888803,12.395034382073412,12.190496012349787,12.333673477172852,280372
2002-08-05,12.39503477863792,12.476850475440125,12.313219081835713,12.354126930236816,132945
2002-08-06,12.415489545508079,12.415489545508079,12.231404228045152,12.272311210632324,270422
2002-08-07,12.456395662357329,12.497303510682423,12.190496379720058,12.272311210632324,294814
2002-08-08,12.415489545508079,12.415489545508079,12.210950303882605,12.272311210632324,182438
2002-08-09,12.2518581522077,12.354126907282515,12.210950303882605,12.272311210632324,225134
2002-08-12,12.272312744986632,12.395036305305513,12.190497903845408,12.37458324432373,165155
2002-08-13,12.333674449815007,12.476851060191184,12.272311808599554,12.41549015045166,70647
2002-08-14,12.333673883118893,12.476850486916524,12.333673883118893,12.395034790039062,82282
2002-08-15,12.395034790039062,12.395034790039062,12.395034790039062,12.395034790039062,0
2002-08-16,12.476849967985489,12.988196320726102,12.374581216880099,12.824564933776855,329959
2002-08-19,12.763204980715953,13.295004430725074,12.59957358157042,13.19273567199707,380885
2002-08-20,13.417727417653342,13.744989336488617,13.131374212627634,13.540450096130371,662703
2002-08-21,13.806353635753515,13.806353635753515,13.09046876067564,13.601815223693848,277827
2002-08-22,13.704081482289082,13.704081482289082,13.1518272650446,13.213188171386719,189859
2002-08-23,13.295004372925224,13.49954275522996,13.131374705966977,13.315458297729492,171919
2002-08-26,13.417729924119909,13.499544769808514,13.172282789839857,13.23364543914795,96891
2002-08-27,13.233644075814698,13.315458913074718,13.110920521317682,13.131375312805176,130388
2002-08-28,13.21318870077556,13.21318870077556,12.865473709866597,13.070012092590332,178874
2002-08-29,13.090465503806723,13.131373349188522,12.701841838417499,12.722295761108398,132889
2002-08-30,12.681388766320097,13.458635283493841,12.62002699413161,13.295003890991211,475193
2002-09-02,13.49954375118808,13.847260498514201,13.356367132732984,13.479090690612793,460012
2002-09-03,13.397273112916954,13.397273112916954,13.131373839482936,13.274550437927246,210570
2002-09-04,13.090466427267431,13.744989402335635,13.090466427267431,13.458635330200195,394284
2002-09-05,13.622266742780543,13.704082444632611,13.458636204814384,13.499543190002441,249955
2002-09-06,13.704081506509871,13.704081506509871,13.213188194739894,13.295003890991211,233069
2002-09-09,13.131374722677524,13.458635788486383,12.988197248865443,13.029104232788086,447204
2002-09-10,13.029104232788086,13.029104232788086,13.029104232788086,13.029104232788086,0
2002-09-11,13.335912821853336,13.335912821853336,12.96774389030679,13.049559593200684,85711
2002-09-12,13.090466381838757,14.031343425777214,13.008650685587442,13.295003890991211,563086
2002-09-13,13.479089588842953,14.113158655512962,13.295004267070228,13.929073333740234,2817563
2002-09-16,13.990434089846252,14.460872561786951,13.274549420991372,14.010887145996094,1095474
2002-09-17,14.215426458274113,14.338149997880485,13.908619340733953,14.25633430480957,2655073
2002-09-18,14.276788713342473,14.41996530666307,13.969979872502918,14.031342506408691,432522
2002-09-19,13.744989499486541,14.317697647805376,12.538211430013726,12.845020294189453,7152614
2002-09-20,12.885924433540804,13.969977852393177,12.681386101629284,13.785893440246582,1271550
2002-09-23,13.847259487470886,13.867712546552815,13.2950043830721,13.356366157531738,173040
2002-09-24,13.295003412517854,13.295003412517854,12.68138830993011,12.742749214172363,1048120
2002-09-25,12.681387440235428,13.335910344589152,12.640479596387477,12.947287559509277,752213
2002-09-26,12.885926703882824,13.13137378430669,12.763204029408778,12.824564933776855,336088
2002-09-27,13.049558650835797,13.233643103315538,12.783657635632501,13.090466499328613,298476
2002-09-30,13.090465533292623,13.090465533292623,12.763203635238948,12.80411148071289,205277
2002-10-01,12.88592577003195,13.15182588881664,12.824564004372908,13.110918045043945,404042
2002-10-02,13.110918045043945,13.110918045043945,13.110918045043945,13.110918045043945,0
2002-10-03,13.17228046483839,13.17228046483839,12.783657635632501,13.090466499328613,274210
2002-10-04,13.172278944965162,13.172278944965162,12.988195379463686,13.110918045043945,239927
2002-10-07,13.070012082448681,13.131374722677524,12.885927624713956,13.029104232788086,300287
2002-10-08,13.110919557837095,15.11539634234369,12.804112425616834,13.090466499328613,625859
2002-10-09,13.172280418741726,13.25409611544104,12.906381135944802,12.926835060119629,181819
2002-10-10,12.885927277008289,12.967742974121816,12.80411244563269,12.845020294189453,96323
2002-10-11,13.029102899343847,13.029102899343847,12.742748846764115,12.80411148071289,121059
2002-10-14,13.049557658424925,13.049557658424925,12.6813879157266,12.722295761108398,84089
2002-10-15,12.722295761108398,12.722295761108398,12.722295761108398,12.722295761108398,0
2002-10-16,12.865472340750909,12.885926263420416,12.354126005488965,12.435941696166992,493002
2002-10-17,12.41549107842057,12.476851992746383,12.210951811541097,12.251859664916992,296721
2002-10-18,12.272310315975764,12.354126006661556,12.170041568356384,12.190495491027832,331175
2002-10-21,12.149589056883148,12.272311741428451,12.067773356694305,12.129135131835938,146979
2002-10-22,12.067770956665587,12.149586640582992,11.760963873450896,11.863232612609863,189950
2002-10-23,11.822325722297844,11.904141412801062,11.24961848598889,11.37234115600586,309574
2002-10-24,11.454158263415753,11.454158263415753,11.24961987759368,11.270072937011719,229266
2002-10-25,11.147350820528738,11.249620451526345,10.676912249415764,10.840542793273926,421009
2002-10-28,10.840539809521065,10.840539809521065,9.858755950860516,10.186016082763672,772620
2002-10-29,10.329192604926977,10.411008279904483,9.920115961514835,10.267830848693848,807582
2002-10-30,9.77693907236377,11.045077663843287,9.77693907236377,10.656454086303711,850942
2002-10-31,10.840542444349976,10.840542444349976,10.370103888378983,10.615550994873047,301904
2002-11-01,10.43146322676718,10.738271172433928,10.349647543725974,10.595093727111816,128283
2002-11-04,10.636003984584086,10.922358074535415,10.55418828295857,10.697365760803223,62681
2002-11-05,10.554186374733147,10.574641162179221,10.34964802338842,10.411009788513184,152069
2002-11-06,10.411009788513184,10.411009788513184,10.411009788513184,10.411009788513184,0
2002-11-07,10.390555905969693,10.513278570943976,10.24737931921006,10.288287162780762,149218
2002-11-08,10.267831765042787,10.267831765042787,10.124655186792104,10.186016082763672,158651
2002-11-11,10.226926374822659,10.226926374822659,9.940573149695718,10.042841911315918,678927
2002-11-12,10.06329495682503,10.104202804191207,9.981480127830585,10.001934051513672,81242
2002-11-13,10.226926374822659,10.226926374822659,9.98148100063899,10.042841911315918,166349
2002-11-14,10.329195019970838,10.329195019970838,9.736033834911433,9.756486892700195,399921
2002-11-15,9.81784910189086,9.920117849337036,9.367863669618965,9.408771514892578,1118961
2002-11-18,10.02238590534555,10.02238590534555,9.183777804744365,9.347408294677734,817245
2002-11-19,9.347408294677734,9.347408294677734,9.347408294677734,9.347408294677734,0
2002-11-20,9.592854462446653,9.654216220823312,9.306500455759961,9.347408294677734,674304
2002-11-21,9.326956381531522,9.449679924683787,9.061057102844101,9.101964950561523,697310
2002-11-22,8.917878647850264,9.38831711300644,8.917878647850264,9.183778762817383,485796
2002-11-25,9.224688405905674,9.61331126051842,9.204234480322057,9.470133781433105,875616
2002-11-26,9.613309386801507,9.961025188212195,9.592855465204536,9.838301658630371,990327
2002-11-27,9.899664370268813,9.920118293822087,9.695126000473968,9.797394752502441,490652
2002-11-28,9.920118319318624,9.981480090136156,9.838302624895245,9.879210472106934,308593
2002-11-29,9.92011925866579,10.329196038042818,9.51104161355078,10.206473350524902,1327261
2002-12-02,10.329195985183615,10.595096150139346,10.226926357993728,10.37010383605957,586172
2002-12-03,10.574639217025922,10.574639217025922,10.145107805900603,10.247377395629883,528863
2002-12-04,10.165565535805973,10.165565535805973,9.899665368538278,9.961027145385742,194617
2002-12-05,10.145110613245013,10.145110613245013,9.838302624895245,9.879210472106934,325432
2002-12-06,10.145109616847119,10.16556353844409,9.817848602771214,9.838301658630371,421954
2002-12-09,9.879210497618761,9.981480115912081,9.613310355794027,9.67467212677002,306480
2002-12-10,10.001932608070133,10.001932608070133,9.63376290064541,9.77694034576416,231620
2002-12-11,9.817848641283978,10.001933070641014,9.633763346189125,9.71557903289795,206955
2002-12-12,9.817847576494406,9.817847576494406,9.245139563121025,9.347408294677734,655730
2002-12-13,9.408772076966365,9.490587772401208,9.02014925512668,9.101964950561523,637123
2002-12-16,9.367863669618965,9.511040262338755,9.306501901708543,9.408771514892578,494939
2002-12-17,9.367865036190205,9.69512698038178,9.367865036190205,9.551949501037598,647098
2002-12-18,10.10420036447653,10.329192604926977,9.776939396041893,10.267830848693848,1805559
2002-12-19,10.267834235074348,10.71781973012029,10.226926384093991,10.492827415466309,1655431
2002-12-20,10.595096186115327,10.595096186115327,10.022388869121242,10.12465763092041,767909
2002-12-23,10.145112142882185,10.145112142882185,9.511042146974408,9.695127487182617,444261
2002-12-24,10.32919563427906,10.32919563427906,9.449680333276923,9.817850112915039,673374
2002-12-25,9.817850112915039,9.817850112915039,9.817850112915039,9.817850112915039,0
2002-12-26,9.92011930532348,9.94057323096233,9.511041658284439,9.592857360839844,702938
2002-12-27,9.776942285876205,9.817850135456355,9.020149665857247,9.20423412322998,1651282
2002-12-30,9.306502417900884,9.53149557938518,9.204233664782292,9.265595436096191,954506
2002-12-31,9.347408762095455,9.408770523540515,9.20423218446142,9.32695484161377,758433
2003-01-01,9.551948637418574,9.551948637418574,9.224687588553593,9.265595436096191,186612
2003-01-02,9.408772036757382,9.511040789875974,9.204233664782292,9.265595436096191,609537
2003-01-03,9.490588700393378,9.817850648394597,9.204234604109562,9.224688529968262,593553
2003-01-06,9.306502850016376,9.408772473621413,9.040602694381228,9.081510543823242,298014
2003-01-07,9.06105843028856,9.16332719882657,9.02015057657814,9.040603637695312,373857
2003-01-08,9.347410228862314,9.347410228862314,8.815610810103443,8.856517791748047,429934
2003-01-09,8.631526882496507,8.999695836565218,8.631526882496507,8.795157432556152,392757
2003-01-10,8.815608895784726,8.836061949296674,8.447439215028506,8.488347053527832,500997
2003-01-13,8.651978526035316,8.897424719215481,8.59061676130582,8.733794212341309,824368
2003-01-14,8.876973702246406,8.958789415323068,8.631527428754515,8.692889213562012,1506564
2003-01-15,8.692888674883545,8.979242787169056,8.692888674883545,8.876973152160645,669464
2003-01-16,8.774702438750497,8.856517262892135,8.508801446642154,8.713339805603027,548957
2003-01-17,8.979242769325301,8.979242769325301,8.59061902280366,8.754249572753906,303369
2003-01-20,8.897424281294207,10.22692392390323,8.754246837305752,10.186016082763672,6911047
2003-01-21,10.411010274759182,11.147348893433568,9.572402908504882,9.940571784973145,6954990
2003-01-22,9.797392449048576,10.513277007888671,9.797392449048576,10.267830848693848,1637705
2003-01-23,10.431464691228493,10.431464691228493,9.858757426751668,9.92011833190918,673168
2003-01-24,9.572402004189438,9.940570845876382,9.572402004189438,9.77694034576416,852102
2003-01-27,9.961026595548194,10.799634036554748,9.961026595548194,10.349649429321289,3174689
2003-01-28,10.615549906528676,11.126895395419053,10.431464595531217,11.024625778198242,2481158
2003-01-29,11.249618943073177,12.190495959137614,11.249618943073177,11.883687973022461,5032156
2003-01-30,11.863235522522494,12.272312310975682,11.454158734069305,11.658697128295898,1544540
2003-01-31,12.72229572061967,12.72229572061967,11.126894950234064,11.37234115600586,898966
2003-02-03,11.249619747061207,12.885927680389221,11.249619747061207,12.538211822509766,1939068
2003-02-04,12.88592784475967,12.88592784475967,11.924596824271386,12.088228225708008,1432663
2003-02-05,12.66093700978152,12.947291129946397,11.863236431980383,11.904144287109375,666406
2003-02-06,12.067772457259522,12.108680304305002,11.842780164247282,12.0064115524292,358057
2003-02-07,12.108681288195921,12.149589138565368,11.65869666560794,11.72005844116211,398496
2003-02-10,11.720059296338416,12.599574680505162,11.720059296338416,12.210951805114746,1914199
2003-02-11,12.231406693537181,12.374584191535387,12.067775267253516,12.292768478393555,583152
2003-02-12,12.53821296515059,12.53821296515059,11.904143832101234,12.047321319580078,408529
2003-02-13,12.047321319580078,12.047321319580078,12.047321319580078,12.047321319580078,0
2003-02-14,12.272309354751254,12.272309354751254,11.474609895995766,11.576879501342773,413963
2003-02-17,11.740511966543735,11.883689448518952,11.454158734069305,11.658697128295898,1024626
2003-02-18,11.863234508653056,11.863234508653056,11.556426510664942,11.82232666015625,582608
2003-02-19,11.801874610271115,11.904143374515412,11.59733535030652,11.658697128295898,500356
2003-02-20,11.842779704674133,11.863233627403133,11.433702981569839,11.535972595214844,466088
2003-02-21,11.454156932583263,11.842779733918206,11.454156932583263,11.617788314819336,365631
2003-02-24,11.842780661043378,11.842780661043378,11.454157829284668,11.454157829284668,383113
2003-02-25,11.515518658116074,11.556425637785168,11.33143421952264,11.495064735412598,295132
2003-02-26,11.535973526807735,11.535973526807735,11.24961945121493,11.454157829284668,203438
2003-02-27,11.474610769134882,11.495064691760687,11.310979388128446,11.37234115600586,384680
2003-02-28,11.699602708658462,12.967742505099892,11.106441523252839,11.188257217407227,3278435
2003-03-03,11.433703394687182,11.433703394687182,11.045080580270348,11.065533638000488,851215
2003-03-04,11.045080580270348,11.188257178808684,10.922357039462153,11.065533638000488,232983
2003-03-05,11.04508113861084,11.351888274664969,10.96326544060284,11.04508113861084,1318072
2003-03-06,11.04508113861084,11.126895970880904,11.00417328960684,11.04508113861084,199578
2003-03-07,11.004174159674166,11.167804702890011,10.881450602958779,11.085988998413086,676559
2003-03-10,10.676910823583652,11.147349331872618,10.676910823583652,11.065533638000488,297819
2003-03-11,11.208711102276716,11.208711102276716,10.90190311599412,11.065533638000488,260280
2003-03-12,11.188257178808684,11.310979853878987,10.963264886398218,11.065533638000488,697514
2003-03-13,11.045080554394229,11.085987535496566,10.942810071555769,10.983717918395996,201400
2003-03-14,10.983717918395996,10.983717918395996,10.983717918395996,10.983717918395996,0
2003-03-17,10.840541893590839,11.085988121876904,10.840541893590839,11.04508113861084,728331
2003-03-18,11.04508113861084,11.04508113861084,11.04508113861084,11.04508113861084,0
2003-03-19,11.04508201191263,11.188258629009242,11.024627220055391,11.085988998413086,865624
2003-03-20,11.004171394428266,11.924594375547917,11.004171394428266,11.863232612609863,502606
2003-03-21,11.760964789844458,12.026864051818848,11.658695176979036,11.781417846679688,710562
2003-03-24,11.49506476620623,11.49506476620623,11.24961855884485,11.33143424987793,112635
2003-03-25,11.249618542746694,11.658695265850987,11.085987160914687,11.535972595214844,300391
2003-03-26,11.699603619596303,12.088228197088178,11.474612174629565,11.96550464630127,781574
2003-03-27,11.720059290128944,12.354128419571586,11.720059290128944,12.1700439453125,634562
2003-03-28,11.781417903336735,12.251857259042175,11.781417903336735,12.190495491027832,369703
2003-03-31,12.02686414349728,12.02686414349728,11.085987160914687,11.535972595214844,476163
2003-04-01,11.638244094508996,12.026866986758284,11.4541596121666,11.904144287109375,212776
2003-04-02,12.17004150983044,13.601811761257087,11.863233536972025,13.254095077514648,1450189
2003-04-03,13.458635377588237,13.499542360261973,12.517758327071753,12.681388854980469,2131291
2003-04-04,12.640480884578919,13.356365627660386,12.558666054283098,13.172280311584473,2104271
2003-04-07,13.335910811640758,13.499541327025415,12.640480039083636,13.376818656921387,757091
2003-04-08,13.397273487626823,13.397273487626823,12.845020136120258,13.213188171386719,353053
2003-04-09,13.192733794657643,14.092702898939743,12.988195440569696,13.724534034729004,700197
2003-04-10,13.704081482646425,14.010888611578766,13.499542242374307,13.826804161071777,779866
2003-04-11,13.295002523445394,14.010887194793577,13.1927337793887,13.683626174926758,363680
2003-04-15,13.806350121250079,13.806350121250079,12.763203532974183,13.254095077514648,525472
2003-04-16,13.131376130889723,13.60181472096062,13.131376130889723,13.417729377746582,607029
2003-04-17,13.417726055198823,14.665411831740705,13.1927337793887,13.683626174926758,1303179
2003-04-18,13.683626174926758,13.683626174926758,13.683626174926758,13.683626174926758,0
2003-04-21,13.908619472456483,14.092703917871539,13.438180964319171,13.847258567810059,723061
2003-04-22,14.031340477425688,14.235878809337208,13.704078626924616,13.785893440246582,836455
2003-04-23,13.908619898861273,14.890404792157932,13.540450131006066,13.66317367553711,3097965
2003-04-24,13.499544769808514,13.744991904088566,12.5177605613787,13.23364543914795,1246907
2003-04-25,13.295003439780158,13.295003439780158,12.722296182671467,12.824564933776855,256206
2003-04-28,12.906381181110946,13.295004010316834,12.681388880138389,13.090466499328613,416329
2003-04-29,13.25409616182402,13.25409616182402,12.988196878096575,13.090466499328613,316983
2003-04-30,13.233642961496388,14.113158231714824,13.233642961496388,13.826804161071777,2067019
2003-05-01,13.826804161071777,13.826804161071777,13.826804161071777,13.826804161071777,0
2003-05-02,13.744990305118382,14.399513323176219,13.744990305118382,13.949528694152832,1596560
2003-05-05,13.929071555034847,14.092702931270868,13.704080144185982,13.806349754333496,739564
2003-05-06,13.663173256657107,13.94952731937936,13.663173256657107,13.847258567810059,2269094
2003-05-07,13.908620878568268,13.908620878568268,13.56090587604685,13.704082489013672,207811
2003-05-08,13.56090400286966,13.806350209579115,13.519996157461774,13.744988441467285,135359
2003-05-09,12.333673831530172,13.66317370580039,12.333673831530172,13.458635330200195,263365
2003-05-12,13.213188693815434,13.499542775773005,13.13137472594976,13.397274017333984,189379
2003-05-13,13.295003007718403,13.949526802768855,13.070010723712892,13.744988441467285,1376952
2003-05-14,13.704079658436621,14.31769556609605,13.704079658436621,14.194972038269043,1577107
2003-05-15,14.317696514450038,14.317696514450038,13.908618927001953,13.908618927001953,214637
2003-05-16,14.174520051406056,14.35860536826927,13.540450135908602,13.990435600280762,490441
2003-05-19,14.174520429437203,14.194974354078617,13.908620274836764,13.929073333740234,358663
2003-05-20,14.276790038282096,14.297243097164992,13.949528110086634,14.21542739868164,451265
2003-05-21,14.297243669675911,14.52223684951463,14.13361313189482,14.235882759094238,778008
2003-05-22,14.501781010277483,14.522234933018067,14.113157343944264,14.317696571350098,451116
2003-05-23,14.358604416831264,14.399511396574567,14.215426091909318,14.317696571350098,1921628
2003-05-26,14.317699602550094,15.708560583203875,14.317699602550094,15.279029846191406,1128008
2003-05-27,15.463111880324568,16.2812653251018,14.910857699083435,14.972219467163086,2012413
2003-05-28,15.442657423208605,15.544927033135453,15.094942480932982,15.319933891296387,396956
2003-05-29,15.544927593456656,16.485804575746506,15.544927593456656,16.03582000732422,2077934
2003-05-30,16.322174027307454,16.322174027307454,15.217667338320732,15.585834503173828,673292
2003-06-02,15.85173468859203,16.240357488497583,15.258574393119424,15.994912147521973,657306
2003-06-03,16.322171789306967,17.09941732292729,16.322171789306967,16.956241607666016,2109120
2003-06-04,17.181236246763543,17.30395979568083,16.976698730043967,17.09942054748535,1133904
2003-06-05,17.181237212901348,17.181237212901348,16.81306827692246,17.140329360961914,874320
2003-06-06,16.874424559274264,17.14032377880817,16.506255743198302,16.73124885559082,776062
2003-06-09,17.140326603593532,17.181234448952107,16.77215772684206,16.935789108276367,307326
2003-06-10,16.77215863979418,16.95624395392802,16.117636541381057,16.240358352661133,342670
2003-06-11,16.3835339558769,16.976695946926373,16.322172191477755,16.813064575195312,579878
2003-06-12,16.772158195419877,17.058511389454285,16.322173615379654,16.383535385131836,684448
2003-06-13,16.66989265654241,17.99939453007793,16.66989265654241,17.22214698791504,1599667
2003-06-16,17.18123685442722,17.18123685442722,16.772160075043992,16.87442970275879,428523
2003-06-17,17.283505538990543,17.385775161124542,16.95624447963761,16.99715232849121,680902
2003-06-18,17.140324180377714,17.140324180377714,16.628977917162878,16.915332794189453,977170
2003-06-19,16.956244502960814,16.956244502960814,16.199451029604123,16.4244441986084,1087056
2003-06-20,16.424442311199854,16.567619765931212,15.872188145854581,16.015365600585938,303356
2003-06-23,16.19945070419609,16.260814207804113,15.013128304067884,15.09494400024414,849404
2003-06-24,15.463112253565573,15.544927946313267,15.074489444489789,15.156303405761719,414875
2003-06-25,15.135852240909015,15.708558666045352,14.931312995163266,15.442659378051758,673237
2003-06-26,15.524474475536952,15.851735524588932,15.524474475536952,15.626742362976074,771693
2003-06-27,15.831282596333944,16.076729697164385,14.726774105548802,15.749466896057129,831664
2003-06-30,15.872190973067601,16.09718415629349,15.749467418580755,15.97446060180664,719874
2003-07-01,16.15854179768047,16.15854179768047,15.749465075070642,15.994912147521973,225323
2003-07-02,15.954007134480303,16.09718461882901,15.544930339245736,15.872191429138184,376767
2003-07-03,16.035819992930527,16.11763568374764,15.892642534000585,15.994912147521973,398807
2003-07-04,15.954004856103953,15.954004856103953,15.279027114900432,15.688105583190918,417736
2003-07-07,15.340387436046004,15.64719625828181,15.03358034528582,15.135849952697754,1477651
2003-07-08,15.238118730699183,15.340388344165268,14.726772394844483,14.972219467163086,1636351
2003-07-09,15.340390758369189,15.340390758369189,14.767682564304517,14.829044342041016,572888
2003-07-10,15.05403645773191,15.54492891327804,14.747227590843158,15.115396499633789,556453
2003-07-11,14.951768744533355,15.463115189829361,14.951768744533355,15.279029846191406,293740
2003-07-14,15.504019268217956,15.647196722845589,15.299480047321337,15.524473190307617,705263
2003-07-15,15.749464553891336,16.07672730633004,15.299480000763783,15.401749610900879,3713376
2003-07-16,15.54492711239728,15.667648913459582,15.299480047321337,15.524473190307617,1689803
2003-07-17,15.463109710430187,17.242593809127204,15.463109710430187,16.26081085205078,7074847
2003-07-18,16.36308329566077,17.222144705513138,16.05627614399234,16.87442970275879,6907177
2003-07-21,17.508499043876306,17.938029733610907,16.915336955585325,17.09942054748535,8180412
2003-07-22,17.99939251732982,18.40846930518259,16.874430052127707,18.040300369262695,7010302
2003-07-23,18.326648135494406,18.69481696160996,16.99714853861988,17.406225204467773,11611439
2003-07-24,17.590312583509963,19.55388219920636,17.283503748885096,19.287982940673828,8781432
2003-07-25,19.43116056432178,19.43116056432178,18.469829584833104,19.20616912841797,3947678
2003-07-28,20.45385370925826,20.45385370925826,19.1243537982009,19.472068786621094,4608027
2003-07-29,19.594793380499684,19.594793380499684,18.837999857697657,19.022085189819336,1548993
2003-07-30,19.431159504441542,19.431159504441542,18.837997463361628,18.91981315612793,1822265
2003-07-31,19.103895005570966,21.558356686733937,18.89935581069261,20.719749450683594,13612714
2003-08-01,20.801566266931477,21.88562068639136,20.351581707594946,21.660629272460938,6609473
2003-08-04,21.231097135862996,21.824257377995934,21.06746576894325,21.43563461303711,3474614
2003-08-05,21.5174493645697,23.19466560842963,21.5174493645697,22.212879180908203,7784465
2003-08-06,22.09016271520767,22.09016271520767,21.02656208296719,21.21064567565918,5452187
2003-08-07,21.59926987158777,21.762899536513785,20.49476140882671,20.944746017456055,4179523
2003-08-08,21.149285219392944,21.456092355538633,20.26976819702034,20.78111457824707,5352041
2003-08-11,20.044776260257315,21.599269289774803,20.044776260257315,21.25155258178711,4468937
2003-08-12,21.108379668144753,21.783355787435458,20.719756791662824,21.12883186340332,2831828
2003-08-13,21.21064589346538,21.660632246052135,20.49476197730194,20.637939453125,5381233
2003-08-14,20.88338503557458,22.499239941878947,20.556123961838942,21.803808212280273,4916860
2003-08-15,21.803808212280273,21.803808212280273,21.803808212280273,21.803808212280273,0
2003-08-18,22.274249225200364,23.68556319305207,22.09016389123223,23.317394256591797,5727507
2003-08-19,23.56284372536105,26.05821428914201,23.35830444493795,25.24005889892578,9215193
2003-08-20,25.362781138719075,25.976397216372007,23.726472175469947,24.76961898803711,4831945
2003-08-21,24.83097974696031,25.505955799203097,22.969677793427202,25.219602584838867,5249402
2003-08-22,25.40368509308104,26.140024619528347,25.40368509308104,25.99684715270996,4268130
2003-08-25,26.18093294671829,26.324108684683253,23.828738588951232,25.362777709960938,7119008
2003-08-26,26.180933942496868,26.283201835939877,24.953701906421614,26.140026092529297,3100788
2003-08-27,26.180935192664062,27.183172370299648,26.01730378498021,27.019542694091797,3671213
2003-08-28,27.24453350450985,28.021780941169123,26.999088130258894,27.899057388305664,3058915
2003-08-29,28.185409587247488,28.635395931362304,27.03999499665564,28.349040985107422,2732722
2003-09-01,28.635392128346425,28.921745305095353,27.65360733452772,28.02177619934082,1117270
2003-09-02,28.226316523928528,28.410401840567992,26.999086274092942,27.244531631469727,1908356
2003-09-03,27.837694816983024,28.49221868208925,26.18093382653813,26.38547134399414,5526967
2003-09-04,26.05821170147284,26.590012046287143,26.01730384945051,26.446834564208984,1335971
2003-09-05,26.590007753213087,26.774093057592193,26.344560680707612,26.50819206237793,1311166
2003-09-08,26.753641776210014,26.89681925857347,25.730950668041917,25.79231071472168,1509065
2003-09-09,26.09911582811262,26.692277866292592,25.66958344318951,26.03775405883789,2273091
2003-09-10,26.303655086458544,26.590008278563477,25.485499893418037,26.119569778442383,1806301
2003-09-11,26.180930025954208,26.692276342577934,25.79230550939868,25.894575119018555,1447300
2003-09-12,26.180930917719742,26.30365445344376,24.74916152870002,25.19914436340332,2059440
2003-09-15,24.95369910911094,26.221838852995244,24.503714541386877,25.444591522216797,2173323
2003-09-16,25.321868043108186,25.81276045731977,24.58553028752868,25.60822296142578,1761075
2003-09-17,27.039994259427623,28.512671605587737,25.567316913267508,25.853670120239258,2104100
2003-09-18,26.09911681349898,27.121809543738628,25.546862600651504,26.733186721801758,2029800
2003-09-19,27.12180900110751,27.817240667088136,26.201384177126286,26.549100875854492,2171273
2003-09-22,26.59001209927064,26.59001209927064,25.771856788669755,25.79231071472168,588500
2003-09-23,23.787829815069284,26.14002408132375,23.787829815069284,25.812761306762695,636175
2003-09-24,26.18093464069977,27.69451993543695,26.18093464069977,27.408164978027344,2882397
2003-09-25,27.408163047428246,27.612702288313315,26.63091566354082,27.32634735107422,1722305
2003-09-26,31.78529092587783,32.68526022777463,28.635398369239045,30.92622947692871,12749939
2003-09-29,31.335302688362567,33.50341160072658,31.130763458337377,31.437570571899414,5710671
2003-09-30,31.703473567336918,32.68525852395037,31.171674969690923,32.50117492675781,5873579
2003-10-01,32.31708691101942,33.339779578620686,31.41711777908448,31.580745697021484,5555483
2003-10-02,31.580745697021484,31.580745697021484,31.580745697021484,31.580745697021484,0
2003-10-03,31.948919990117112,32.153459239826304,30.087618012191218,30.660327911376953,5225724
2003-10-06,30.680778503417965,31.048949133676995,30.3739713763446,30.68077850341797,3099800
2003-10-07,31.089854564146304,31.683016579745306,30.57850823779898,31.151214599609375,5915709
2003-10-08,31.294392535315517,31.703467502257137,30.742138386435773,31.171669006347656,4503373
2003-10-09,30.680775381825413,31.089853818269617,29.944437659177133,30.78304672241211,4495686
2003-10-10,30.98758765112794,31.335306111633514,30.68078050404831,31.089859008789062,3678308
2003-10-13,31.458028270035847,33.40114610098337,31.458028270035847,32.25572967529297,4030285
2003-10-14,32.419362815946876,32.52163418578862,28.676307903574944,29.596731185913086,5011896
2003-10-15,29.61717909068386,32.31709022642348,29.371735457122625,31.887556076049805,8359861
2003-10-16,31.948921799748078,32.01028184666044,30.885321103968305,31.642114639282227,2100432
2003-10-17,31.66256624314397,32.7057147248062,31.49893483716151,31.94892120361328,4389059
2003-10-20,32.31708592244176,32.31708592244176,30.29215284031715,30.639867782592773,3483311
2003-10-21,31.396662885613605,31.396662885613605,28.758115462244746,29.8012638092041,3850414
2003-10-22,30.06716543582427,30.47624393003349,28.63539590051967,28.921749114990234,3846661
2003-10-23,29.453548435056867,31.49893403162625,29.249012645761425,31.00804328918457,8421981
2003-10-24,31.130763815753117,32.0307329752451,31.130763815753117,31.621654510498047,4470499
2003-10-27,32.11254988625164,33.33978186409124,31.089857148543913,31.253488540649414,5987850
2003-10-28,31.253486245213722,36.38740174922545,31.08985486512625,33.93294143676758,18031781
2003-10-29,33.953393137965016,35.71242352262541,33.40113896961274,35.303348541259766,6740889
2003-10-30,35.46697883842545,37.38964054223552,35.221531779313196,36.73511505126953,8980474
2003-10-31,36.77602868400199,38.16689210831319,35.26244517376645,36.980567932128906,7406158
2003-11-03,37.14419461478356,37.30782599251036,35.098809319101264,35.303348541259766,3608982
2003-11-04,35.71242645325857,36.73511918502393,35.07835654400985,35.42607498168945,4320466
2003-11-05,35.71243473741933,35.87606616653139,33.95340380036956,34.3829345703125,3118456
2003-11-06,34.52610781016935,35.87606353850314,34.19884843887039,34.68973922729492,5921558
2003-11-07,35.01699441851975,35.54879640810346,34.56700811964122,34.853363037109375,1950517
2003-11-10,40.90771452627235,40.90771452627235,34.17839464000869,34.44429397583008,1795329
2003-11-11,34.97608345565261,36.55103016692098,34.97608345565261,35.77378463745117,5737094
2003-11-12,35.753332820386575,36.10104778071454,33.9738467097007,34.7920036315918,6705008
2003-11-13,34.56700784017942,35.32380124160828,33.74885440269346,33.93294143676758,3884848
2003-11-14,33.953398168194056,35.03745101181055,33.54431966327167,34.464744567871094,5440752
2003-11-17,34.97609611042524,34.97609611042524,34.15794244323122,34.44429397583008,2297927
2003-11-18,34.56701852444329,34.56701852444329,33.56478120605472,33.89204406738281,2020129
2003-11-19,35.18063440032987,35.30335796638915,33.66704721521772,33.81022644042969,4265186
2003-11-20,33.76931886308644,34.157941760664066,33.44205601756747,33.58523178100586,2389852
2003-11-21,33.78976397003253,33.95339535846055,32.82843475744528,33.360233306884766,1971539
2003-11-24,33.52385855144883,33.70794209821787,32.82842874103164,33.176143646240234,1046214
2003-11-25,33.95340218473048,34.75110363221772,33.07388502658033,33.6465950012207,1781684
2003-11-26,33.6465950012207,33.6465950012207,33.6465950012207,33.6465950012207,0
2003-11-27,33.23751516368776,33.9124930191011,31.908015111212592,33.339786529541016,4518818
2003-11-28,33.851133408954645,34.97609420726467,33.74886204177506,34.68973922729492,3428124
2003-12-01,34.95562798998807,35.139715010125315,33.81021534199557,33.91248321533203,1266013
2003-12-02,34.66928265962098,35.03744983877319,33.339782757562084,33.503414154052734,966454
2003-12-03,33.54432328008031,33.87158611930428,33.1352481940026,33.217063903808594,1208718
2003-12-04,33.42159690978136,34.689733248018555,32.9511583981083,33.687496185302734,2897785
2003-12-05,34.36247479445203,34.976089055336224,33.135242809731956,34.54655838012695,3491253
2003-12-08,34.48519427510426,37.532820259648844,34.219294997553185,37.062381744384766,9561689
2003-12-09,36.81694290065898,38.821420953048616,36.81694290065898,37.921451568603516,10690372
2003-12-10,37.63507866959789,37.962341367525944,35.282886685616866,35.61014938354492,3373853
2003-12-11,36.16240641873461,36.77602056469147,35.42606875099618,35.73287582397461,2473611
2003-12-12,35.712428281425865,37.22601526413794,34.935182596604335,36.48967742919922,7156429
2003-12-15,37.18510709765966,38.044168474932725,36.34649791367796,36.65330505371094,5106817
2003-12-16,36.67376075086529,37.63509002157116,35.91696726510838,36.81693649291992,6986003
2003-12-17,37.18510685113371,37.63508973007835,36.61239696144736,36.878299713134766,6507036
2003-12-18,37.00102033825489,38.678238719589274,36.93966029493984,38.06462097167969,9892600
2003-12-19,38.61687644125341,38.86232354822192,37.307832129991894,37.61463928222656,4677982
2003-12-22,37.90099021130775,39.92591997115882,37.47145608829834,39.25094223022461,10739603
2003-12-23,39.68046682509729,41.17359781110843,39.68046682509729,40.04863739013672,13302705
2003-12-24,40.64180475739084,44.712119851702646,40.089550567786056,43.95532989501953,24542459
2003-12-25,43.95532989501953,43.95532989501953,43.95532989501953,43.95532989501953,0
2003-12-26,45.40755341088252,45.816628409585974,42.62582679753182,43.56670379638672,12829672
2003-12-29,43.7712439468541,44.87575235357685,43.19853755145603,43.4439811706543,5487367
2003-12-30,43.89396715077967,44.24168211634537,42.95309013938369,43.341712951660156,6743242
2003-12-31,43.73033728464932,44.46667855104915,42.95309163306785,42.99399948120117,4225532
2004-01-01,43.62806326478899,45.775716332602016,43.362164020764745,45.428001403808594,6902785
2004-01-02,46.02117719608088,46.38934788801595,44.40532213146087,44.855308532714844,6018197
2004-01-05,45.387103470230436,45.387103470230436,43.075818528284714,43.87351989746094,4292215
2004-01-06,44.75303111572236,47.04386374111581,44.5484953330226,46.24616241455078,13046248
2004-01-07,47.207494666412494,47.69838538812431,44.71212282027629,45.65299987792969,6109170
2004-01-08,46.00071695581628,50.72555811512561,46.00071695581628,49.76422882080078,8906906
2004-01-09,51.54371821876368,53.364112606880155,48.68017870249373,49.29379653930664,8119903
2004-01-12,49.41651301849835,49.98921945442395,47.84156599101317,48.90516662597656,5561308
2004-01-13,48.88470710399216,49.70286057474133,47.227944507675524,48.74153137207031,4322506
2004-01-14,49.661954614509796,57.27078615277492,49.232420506476515,49.90739822387695,8214127
2004-01-15,51.95278454262298,51.95278454262298,46.26661470486896,48.80289077758789,10838800
2004-01-16,49.089247725286526,50.193756154058015,46.225708765229626,46.75750732421875,8597232
2004-01-19,45.40755475584698,47.37112450404839,44.425769881746284,46.00071334838867,8759410
2004-01-20,48.68016295314845,51.13462658041028,47.55520247737497,48.373355865478516,20325159
2004-01-21,49.02788609665589,51.523257984501946,48.741534613767556,50.439205169677734,15758603
2004-01-22,50.93009838704513,53.1800232883442,48.9256205941682,49.96876907348633,9660810
2004-01-23,50.52102112879478,51.95278893946889,49.49832835133393,51.6868896484375,4462987
2004-01-26,51.6868896484375,51.6868896484375,51.6868896484375,51.6868896484375,0
2004-01-27,52.484587833914375,61.89336151435032,52.484587833914375,60.17523193359375,22266008
2004-01-28,59.68434616986745,60.13432903681583,55.65493524518419,57.10715866088867,10913907
2004-01-29,57.63896002425998,57.63896002425998,54.611789501274096,56.738990783691406,7061493
2004-01-30,56.65716884827402,57.94576425502932,54.65269133692866,55.08222198486328,4826027
2004-02-02,55.08222198486328,55.08222198486328,55.08222198486328,55.08222198486328,0
2004-02-03,55.51177239964509,56.20720251713074,52.01415922599925,52.46414566040039,7646293
2004-02-04,52.566402683739206,55.000410893328876,51.80960925489703,53.48682403564453,7009559
2004-02-05,53.97771822718237,54.36634103773264,51.9527850184214,52.50503921508789,5291991
2004-02-06,53.343659398002146,57.67987471441725,52.77094942784678,57.18898391723633,12294673
2004-02-09,57.67986983018143,57.88440908791688,54.857238462288194,56.82080841064453,8330489
2004-02-10,57.229883351125245,59.111637478839505,55.83901994835952,56.49354553222656,10562781
2004-02-11,57.434421328125005,58.66165330783082,56.657172214441935,57.92531204223633,6843175
2004-02-12,58.4980258892374,60.66613159635632,58.211667470213364,60.318416595458984,13099773
2004-02-13,60.441126282081306,62.99785757088256,59.929780024321055,62.650142669677734,17150217
2004-02-16,62.588808056551144,65.55461910509895,62.588808056551144,64.83872985839844,11508691
2004-02-17,64.63416334168242,65.45231318755965,62.03652078571052,64.90006256103516,7402738
2004-02-18,65.61596590279412,65.61596590279412,63.40694882576058,64.10237884521484,4456532
2004-02-19,64.20465181357419,65.45233260327065,63.65239409732681,64.34782409667969,7620503
2004-02-20,64.83870417477877,64.83870417477877,61.56609068189674,62.588783264160156,7427162
2004-02-23,63.20241032922369,64.22510312023931,60.89112545263681,61.42292404174805,5088722
2004-02-24,62.50697369025889,62.50697369025889,56.4730854799446,60.809303283691406,8704631
2004-02-25,61.0343015703866,61.36155742918829,59.92979313495882,60.37977600097656,4407966
2004-02-26,61.34110766669125,61.34110766669125,57.720775087800746,58.27302932739258,4715745
2004-02-27,58.29347930585701,59.72525052830899,57.332150068656354,58.2525749206543,5648950
2004-03-01,58.82528353747164,68.60222094492809,58.78437222724002,66.65910339355469,24146721
2004-03-02,66.65910339355469,66.65910339355469,66.65910339355469,66.65910339355469,0
2004-03-03,67.08863232491649,67.45680640387445,61.91381228689959,62.97740936279297,13342265
2004-03-04,63.32512209615589,65.45232309900138,62.17970936811729,62.95695495605469,8350312
2004-03-05,62.609245392292,64.06146881259849,61.157021971985515,62.93650817871094,8767234
2004-03-08,63.40694040689491,63.816018871641965,62.17971193855682,63.243309020996094,8489775
2004-03-09,62.79333470271087,63.81602754055182,62.281988283790405,63.01832962036133,7372605
2004-03-10,62.997865106108954,65.18642264148475,62.60923885633046,64.1228256225586,11729600
2004-03-11,63.20241555256635,63.4069513573118,60.134336925959126,61.13657760620117,8558446
2004-03-12,60.95247986462876,62.997865141468004,60.35931785730928,61.606998443603516,12170320
2004-03-15,62.17971439257123,63.5092177239942,60.99339026093627,61.79108810424805,9719608
2004-03-16,61.3615683163201,62.1388141049464,57.8435066083525,59.19346237182617,9689131
2004-03-17,60.13432224190626,61.4638254258163,58.82527817419831,59.43889236450195,5364013
2004-03-18,59.92980301267071,59.92980301267071,57.27079937458513,58.007137298583984,5056456
2004-03-19,58.70255938807676,58.84573859199711,54.81632755924833,55.45039749145508,6863001
2004-03-22,56.391275997487334,56.391275997487334,52.505044069711595,54.61178970336914,6694337
2004-03-23,54.816328399103426,57.27079246699621,54.20271411360614,56.47309112548828,4724877
2004-03-24,57.2707822643842,58.06848346378414,56.06400610184545,56.77988815307617,4493338
2004-03-25,57.27078512272716,60.29795523802354,57.0866980903234,59.41844177246094,6946282
2004-03-26,59.95024363674798,60.99338853914787,59.316170277788956,60.07296371459961,5890906
2004-03-29,61.361562802054,61.770641318754514,58.988914331094996,59.704803466796875,3883091
2004-03-30,60.134331225946966,62.95696246376557,59.397989932032004,62.466068267822266,8359342
2004-03-31,62.99788033800957,64.0205732231263,60.95249456777612,63.734214782714844,5976118
2004-04-01,64.10235931563184,69.29763761015937,63.40692950804894,66.41365051269531,13806179
2004-04-02,67.04774004942549,71.13851155864309,66.74092941587246,70.4839859008789,12070440
2004-04-05,71.17940780683514,72.50890411033973,66.90454666691262,67.53861999511719,10532353
2004-04-06,67.92724580920857,70.89305619371522,67.35454285116165,67.98860931396484,8700077
2004-04-07,68.70449313300482,69.66582933574698,67.78407516895922,68.13179016113281,5189193
2004-04-08,69.54310494468234,70.3612619723449,66.02504357754107,68.41814422607422,6978355
2004-04-09,68.41814422607422,68.41814422607422,68.41814422607422,68.41814422607422,0
2004-04-12,69.54311276166192,70.93397986502842,68.74541476445374,69.07267761230469,4442558
2004-04-13,69.31811187752193,72.34527880626325,69.31811187752193,71.32258605957031,7529758
2004-04-14,71.32258605957031,71.32258605957031,71.32258605957031,71.32258605957031,0
2004-04-15,71.445307119945,73.14297056629574,67.98860287649178,68.78630065917969,8578103
2004-04-16,69.29765447244723,69.93172786958169,68.5204087968498,69.17493438720703,4237626
2004-04-19,71.17941336239838,71.36349694756655,68.64313370342875,69.48174285888672,4814747
2004-04-20,69.54310465186819,70.36126167608587,67.96816103762897,68.47950744628906,5277361
2004-04-21,68.72495990454345,69.72719367986514,67.4159085638712,67.80453491210938,4792471
2004-04-22,68.41813918598551,70.46352467856273,68.13178771034991,68.7044906616211,5625920
2004-04-23,69.95218046313443,77.31556569317902,69.48174538680058,72.38619232177734,33288215
2004-04-27,74.86110331065139,75.2701748523388,67.51816386363498,68.09087371826172,13382462
2004-04-28,68.13178705480041,70.36125611211358,67.90679215945656,68.49995422363281,9971601
2004-04-29,68.88858525161639,70.56579674519904,68.27496402679681,69.84991455078125,7961258
2004-04-30,70.32034985847476,71.36350178835998,68.74540625551111,69.46128845214844,7247699
2004-05-03,73.10207389993288,73.10207389993288,66.51593440362754,68.5204086303711,5287395
2004-05-04,69.54309465401668,70.66805520615834,67.98860345738812,68.45904541015625,6660389
2004-05-05,69.33857080817184,71.26122948028183,69.25675510344988,70.7907943725586,7821027
2004-05-06,71.54758317753688,72.34528105138747,71.28168388625335,71.3430404663086,4646244
2004-05-07,71.1589615777178,71.1589615777178,67.84543592548057,68.56132507324219,9256943
2004-05-10,69.95216110558215,69.95216110558215,63.81600613660816,64.63416290283203,9365789
2004-05-11,62.58878704610298,62.793322804553874,58.39574859063805,61.709266662597656,11139931
2004-05-12,61.81155125580577,63.81602555410938,60.27751204679537,62.77288055419922,6447748
2004-05-13,66.02504690913509,68.78631489649678,57.49578890046181,65.431884765625,15199067
2004-05-14,65.96367690494336,66.65910688214724,55.02086700879219,57.84349822998047,12593822
2004-05-17,58.08894004284508,60.502492550291926,46.63478133930526,55.245853424072266,9098922
2004-05-18,56.493540817158,61.36155366316418,55.71629175118671,59.8275146484375,9663671
2004-05-19,61.36155318668524,64.77734614554709,60.91157035177907,63.32512283325195,12185788
2004-05-20,64.9409866930482,66.2295788061898,60.74794754535175,61.463836669921875,6179704
2004-05-21,62.09789647106264,62.09789647106264,58.988907053600485,60.522953033447266,5390243
2004-05-24,61.36156707952759,63.40695287970866,60.8706797511715,63.18196487426758,3768628
2004-05-25,63.406936941844386,63.406936941844386,60.74793745515166,61.54563522338867,4148486
2004-05-26,63.40693069108328,64.71598157768865,61.77062400872858,63.55010986328125,8980079
2004-05-27,63.81603912811745,63.81603912811745,62.22063607214293,62.85470962524414,5455512
2004-05-28,63.038774120689034,63.20240550884384,59.725248899408975,60.56385803222656,5502273
2004-05-31,59.397974311602304,59.68433264688143,55.9003696685865,56.6367073059082,6768329
2004-06-01,57.35259275525333,59.111622902224966,56.30944459467594,56.6367073059082,6944332
2004-06-02,57.67986013018589,58.60028490373199,56.77989101044928,57.720767974853516,6205078
2004-06-03,58.86618265593904,59.234349785573286,54.898135676544534,56.2685432434082,7091229
2004-06-04,55.020860753160335,55.98219337377679,52.157322008122996,54.284523010253906,8838313
2004-06-07,55.57311285515589,58.08893655737324,54.46860455047987,57.475318908691406,7715288
2004-06-08,58.66164786709042,60.543401778733305,57.98667016770736,59.90932846069336,11893995
2004-06-09,60.46159975427524,61.50474482510468,59.11164405042338,61.13657760620117,8665503
2004-06-10,60.42068470251018,61.770640322906296,59.37753969616912,61.30020523071289,8821645
2004-06-11,61.238841419502485,61.30020492719043,57.761684489678615,58.08894729614258,6752759
2004-06-14,57.229882752524915,57.598049926647505,54.14134884333642,56.718536376953125,8684235
2004-06-15,57.06624897357766,57.96621814142177,55.859472685801705,56.20718765258789,5216821
2004-06-16,57.10715175678369,57.10715175678369,55.266305737467555,55.67538070678711,4167482
2004-06-17,55.7981159945275,56.002655253764445,54.81633101314215,55.3481330871582,4260574
2004-06-18,55.71629935690881,56.43218502076236,55.22540860592051,55.470855712890625,5759094
2004-06-21,55.79810870572319,55.79810870572319,53.098201225335416,53.48682403564453,4253822
2004-06-22,54.28452489037145,55.22540188971408,53.58909150519752,54.20270919799805,7357617
2004-06-23,54.69359634577908,54.69359634577908,52.50503537396257,53.32318878173828,4669337
2004-06-24,53.91635678109885,53.91635678109885,50.68464717097159,51.605072021484375,8650202
2004-06-25,52.13687314348207,54.81632866744709,51.27781175439976,54.673152923583984,7067313
2004-06-28,55.041315414322554,56.67762224970328,54.42769775384129,56.04355239868164,5562227
2004-06-29,56.41172979093815,56.65717342174813,55.02086638924014,56.32991409301758,4651859
2004-06-30,56.39127659354365,57.986679309599886,55.26631589251705,55.85947799682617,6096498
2004-07-01,56.45263464185809,57.25033245979259,55.3890340883272,57.02534103393555,4077466
2004-07-02,57.270788604231626,59.29571838015792,56.248095888746214,58.763919830322266,8907949
2004-07-05,59.1934540393042,60.74794539773474,58.743471156790854,60.400230407714844,6980479
2004-07-06,60.50250503559129,61.545650121778095,59.47981214499928,61.116119384765625,6265371
2004-07-07,61.36155262236132,61.97517375856621,59.11163154261943,59.52070999145508,6333567
2004-07-08,59.72524710127897,67.62043710138914,58.17075588651208,60.809303283691406,28856916
2004-07-09,61.36155935148111,65.32961035148288,58.49802374741196,64.65463256835938,14067592
2004-07-12,62.99786292832792,64.3887226514283,54.40724368221447,63.38648223876953,9356578
2004-07-13,62.99788438271396,64.36829238268345,61.4842971533461,62.15927505493164,5928644
2004-07-14,62.956949148219955,68.72493741585146,60.58430129555161,61.238826751708984,5423206
2004-07-15,60.134334122161064,61.95472486241238,59.97070271563241,61.44337844848633,4057997
2004-07-16,61.32064410421501,61.87289477846551,60.584302945978685,61.38200759887695,4528229
2004-07-19,61.97515905393192,63.713733391599355,60.58429265789682,62.07742691040039,5394186
2004-07-20,62.07743454175222,64.1228196261711,61.85243968914141,63.55010986328125,5844375
2004-07-21,64.34781590820893,65.55459908247015,63.40693892424289,64.47054290771484,8348197
2004-07-22,65.86140576205496,68.11133390620108,65.04325573992263,67.31362915039062,11893926
2004-07-23,67.72270302886146,69.84990402350242,58.49801696377244,62.30242919921875,30998045
2004-07-26,60.95247959050525,63.26376411183065,60.95247959050525,61.66836166381836,11969882
2004-07-27,61.77062887149817,61.97517155158348,59.92978630614572,60.7479362487793,7809206
2004-07-28,61.34110961877152,61.9547239209778,60.99339461665783,61.30020523071289,5264596
2004-07-29,61.77064414163546,61.77064414163546,59.31617985516882,61.13657760620117,7005100
2004-07-30,62.077447955772826,62.73196661460533,61.07520738562169,62.32289505004883,6339000
2004-08-02,62.22061820811055,62.58879230049452,60.82975831171392,61.913814544677734,3598959
2004-08-03,62.07743745203787,62.07743745203787,60.99338136722109,61.38200759887695,3323335
2004-08-04,61.606998443603516,62.936501643910084,61.15701562195162,61.606998443603516,4609196
2004-08-05,61.770647022822274,62.05699854800312,60.236607637965996,61.52519989013672,6304867
2004-08-06,62.17972428700816,62.17972428700816,60.54341702896403,60.95249557495117,4625607
2004-08-09,61.27973751305291,62.466061562962096,61.03429736732944,62.24107360839844,5060654
2004-08-10,62.58879877490273,64.79781585410203,62.4251673671173,64.42964172363281,12726102
2004-08-11,64.3887354103554,65.32961251405112,63.89784120166967,64.34782409667969,9181788
2004-08-12,64.38872167968712,65.77958138179693,64.2250903116857,64.8796157836914,7099342
2004-08-13,64.22510683612015,64.63418536137524,60.21615114042833,61.64792251586914,18911039
2004-08-16,61.46383506845477,62.85469504146584,60.78885727545736,61.48428726196289,8290438
2004-08-17,61.770635911679285,62.67060856964156,61.42292093439698,61.79108810424805,4435381
2004-08-18,61.770637922581855,61.770637922581855,56.71853756533278,57.84349822998047,17771813
2004-08-19,57.06625015288229,59.868429062934815,55.470851018496035,59.4593505859375,20226484
2004-08-20,58.90710082433239,59.64343516937313,57.43442174539582,58.35484313964844,9558993
2004-08-23,58.08894355408257,58.866189206412805,56.657172330988615,57.10715866088867,6439630
2004-08-24,57.22988539337582,57.88440753764776,55.082228439100476,55.42994689941406,14081266
2004-08-25,59.31618188785464,59.31618188785464,55.28677375941461,55.94129943847656,10774448
2004-08-26,56.452637220995506,58.15030774582235,55.63448371081256,55.90038299560547,19564881
2004-08-27,56.207188561673085,57.27078913413708,55.98219713181098,57.229881286621094,7627276
2004-08-30,57.475328412185185,57.475328412185185,55.47085415057365,55.654937744140625,8812657
2004-08-31,56.043557171609145,57.4548727164832,56.002649324093156,57.229881286621094,7225246
2004-09-01,57.27079467352865,57.39351822794677,55.77766328920277,56.06401824951172,4536571
2004-09-02,56.24810372132703,56.65717878671418,55.634489391770266,55.818572998046875,3806511
2004-09-03,55.839015056483305,56.04355428352273,54.8163223842376,54.97995376586914,5691555
2004-09-06,55.634478433799615,56.14582129907957,55.082220797840314,55.26630783081055,3757934
2004-09-07,55.491306792047894,55.75720608778036,54.48906619019985,54.775421142578125,4207495
2004-09-08,55.348134421932805,56.043564457157416,54.71406443448305,55.818572998046875,6373736
2004-09-09,56.26854812141354,56.3503638157475,53.52773275008078,54.34588623046875,7521872
2004-09-10,54.611779420701474,57.148058736557196,54.03907308712665,56.77988815307617,8525190
2004-09-13,57.04580309382071,58.00713592815237,55.798118745392095,57.209434509277344,6459041
2004-09-14,57.270798630106995,60.09343365082287,56.55491291135331,59.868438720703125,13271047
2004-09-15,59.92979621711361,61.157024796969765,57.74123142626965,58.641197204589844,9495903
2004-09-16,59.72524575292151,60.03205632102395,58.29347464494812,59.52070999145508,5190258
2004-09-17,59.72523195057041,61.36153844186391,59.561600608850945,61.03428268432617,8085007
2004-09-20,61.279740160976466,61.66836643931992,59.17299815881388,60.56385803222656,6408201
2004-09-21,60.543414189758714,61.5661070438148,60.33887146340503,61.25929641723633,4295011
2004-09-22,61.566091156960454,62.056978336549,60.543398566805614,61.38200759887695,5354661
2004-09-23,61.11612061765624,61.27975203752423,60.134339024352784,60.502506256103516,4932323
2004-09-24,58.702553583086775,61.36155313382787,58.702553583086775,61.19792175292969,3297382
2004-09-27,60.788859112935384,61.03430622016305,58.702562164452175,59.33663558959961,4445128
2004-09-28,60.13432991461282,60.13432991461282,57.311698738346614,57.96622085571289,5465274
2004-09-29,58.08894686031107,58.08894686031107,57.16852195551292,57.495784759521484,5294548
2004-09-30,57.76167992131925,60.33886392953828,57.57759633871836,59.84797668457031,5794913
2004-10-01,59.725248652299435,60.07296361921396,58.00712600968577,58.49802017211914,3566364
2004-10-04,58.92755000463428,59.90933138980042,58.90709781296276,59.050270080566406,3248089
2004-10-05,59.3161748403491,61.15702463104255,59.1116390528959,60.932029724121094,4154048
2004-10-06,60.95249557495117,62.56835063717206,60.54341702896403,60.95249557495117,7069612
2004-10-07,61.77062887406944,64.30690824073444,61.58654531011678,63.263763427734375,12644738
2004-10-08,63.05923199330752,64.79781391759349,63.05923199330752,64.34782409667969,8167980
2004-10-11,63.40693881128195,65.24778839336783,63.202403047007024,64.14328002929688,5861602
2004-10-12,64.36828282351334,64.42963940479665,61.81155082626332,62.179718017578125,4537161
2004-10-14,62.38425448041278,62.91606000526828,60.175237456870896,60.64567947387695,2677812
2004-10-15,61.320646722391686,62.38424373713146,60.95247959050525,61.66836166381836,2777992
2004-10-18,61.81154693129069,62.91605536153971,60.17523301543783,60.441139221191406,2474922
2004-10-19,60.91157400714332,62.138802512681146,60.46159114523322,61.913814544677734,3431100
2004-10-20,62.179723295186236,62.58880183464821,60.78886318691984,61.17748260498047,2150786
2004-10-21,61.36153844186391,61.62743764068275,60.62520433002749,61.03428268432617,1020671
2004-10-22,61.03428268432617,61.03428268432617,61.03428268432617,61.03428268432617,0
2004-10-25,61.32064920332453,62.58878895167678,60.54340360128339,61.6274528503418,4943099
2004-10-26,62.159268251647276,63.50922390706675,61.832005435072375,63.3455924987793,6062087
2004-10-27,63.81601737942441,64.87962136289636,62.997867394964274,64.47054290771484,4138398
2004-10-28,65.1455253756722,67.0477316735373,62.69106139158287,65.49324035644531,12451476
2004-10-29,66.20911834141472,68.27494876118625,63.836463526028744,64.28645324707031,7239670
2004-11-01,64.63418450904462,65.0432630289052,62.85469814207906,64.75690460205078,3695448
2004-11-02,65.04325574899053,65.20688021271724,64.22509880084093,65.02279663085938,4819758
2004-11-03,65.04325805107639,65.63642012800292,64.45009597414986,65.37051391601562,4805395
2004-11-04,65.86141679257783,65.86141679257783,64.32737745251647,65.30916595458984,3407508
2004-11-05,65.45233123731207,65.45233123731207,63.40694566971157,63.77511978149414,3051241
2004-11-08,63.652389903133354,65.30915601680381,63.652389903133354,64.96144104003906,2970374
2004-11-09,65.4523175341101,65.55459233180062,63.81601080779022,65.32959747314453,1972604
2004-11-10,65.24780164075361,66.92502018158727,64.75690739574313,66.67957305908203,4824189
2004-11-11,67.0068384780735,69.74765439642418,66.78184354227436,67.2931900024414,12121666
2004-11-12,67.78407307027791,68.0704245473481,67.2113631902341,67.39544677734375,970726
2004-11-15,67.39544677734375,67.39544677734375,67.39544677734375,67.39544677734375,0
2004-11-16,67.47726611316689,67.49771830708119,65.45233269396043,66.5772933959961,4933370
2004-11-17,67.41590288312678,67.41590288312678,65.45233296348137,65.98413848876953,4058301
2004-11-18,66.39321007235513,66.88410428374243,65.59551217327862,65.98413848876953,3494374
2004-11-19,66.22957536731013,66.5977494704507,65.45232970097439,65.6977767944336,2821627
2004-11-22,65.6773325678805,66.59775754852093,64.90008680726761,65.96368408203125,2890684
2004-11-23,67.08863359447645,68.70448835643307,66.7000142424317,67.10909271240234,6129390
2004-11-24,67.0886232000213,68.25449492732609,66.47500905308796,67.41588592529297,5345767
2004-11-25,67.70226363665151,68.92949228152276,66.45457587117264,68.56132507324219,7895064
2004-11-26,68.56132507324219,68.56132507324219,68.56132507324219,68.56132507324219,0
2004-11-29,68.64312756394988,69.44082533696653,67.92723855399908,68.97039031982422,5607692
2004-11-30,69.44083159308775,71.38394918672556,69.19538450406897,71.05668640136719,9794743
2004-12-01,71.17943247887884,76.49743338801548,70.99534191836658,75.0247573852539,21539026
2004-12-02,75.27017971281211,77.72464375094597,74.6156610483057,76.3133316040039,12008846
2004-12-03,76.4974192751033,76.86558647639468,75.27018372762545,76.08834075927734,6776919
2004-12-06,75.2292824520709,75.27018684239421,72.48846667147477,73.16344451904297,1931568
2004-12-07,73.18388355593652,73.71568208994879,71.87483941239029,72.85662078857422,1943675
2004-12-08,74.24748828124346,78.542802157003,74.24748828124346,77.04966735839844,17219336
2004-12-09,76.90651125492548,80.95637195585026,76.90651125492548,78.82917022705078,10387229
2004-12-10,78.95186602564323,78.95186602564323,76.08832397252564,76.98829650878906,4589357
2004-12-13,77.31555025393828,79.19730403531106,76.78375177787689,78.21552276611328,2350614
2004-12-14,79.13596794639464,82.59266586122213,79.01324092729666,81.73360443115234,11205621
2004-12-15,82.22449185696783,87.54249140586008,81.89722906763843,86.78569793701172,16792787
2004-12-16,87.58339359106081,89.99694602201146,82.6540139237238,87.29703521728516,21248261
2004-12-17,87.41978017579689,87.41978017579689,80.19956666421385,81.22225952148438,10424290
2004-12-20,81.56996920759227,82.22449480975591,79.46322704595951,79.99502563476562,5653191
2004-12-21,80.19956046999123,81.9790467353116,80.19956046999123,81.42679595947266,3260804
2004-12-22,82.16313630984902,84.84259546255676,81.81542129398682,83.18582916259766,5918316
2004-12-23,83.86081201973676,85.84483433358768,83.47219259093423,85.45621490478516,4699155
2004-12-24,85.90618028202208,87.41976714742607,83.86079487230957,85.43574523925781,3527345
2004-12-27,84.88347696785296,86.35615233952812,83.75851651829689,85.80390167236328,2314564
2004-12-28,86.31526010771651,87.9106626916562,85.90618163415463,86.88796997070312,4969653
2004-12-29,86.88797227558373,87.95156940915547,84.98575905453676,87.23568725585938,2833244
2004-12-30,88.15611268895978,100.22388303945009,85.45620160013463,87.11296081542969,6178661
2004-12-31,100.22386834710983,100.22386834710983,86.9288644843633,88.50381469726562,2679654
2005-01-03,89.38334784813154,94.1900013812896,88.9742693307363,93.39230346679688,4627273
2005-01-04,94.08772748223161,95.11042024753743,89.99695642100835,92.49232482910156,5934092
2005-01-05,92.81959328390525,93.67865470509042,83.47218554845615,86.04936981201172,11066278
2005-01-06,87.95158634068508,89.13791071091147,85.78348034476724,86.3970947265625,12118801
2005-01-07,87.5424880108542,87.5424880108542,81.61087442495638,85.96754455566406,11304796
2005-01-10,85.90617894526957,85.90617894526957,81.89722388165097,83.26763153076172,7152097
2005-01-11,83.3699037102496,83.8607978884529,80.56773169295509,81.40633392333984,4378261
2005-01-12,82.04041515944783,83.02219668398553,79.36095604121196,80.15866088867188,3387851
2005-01-13,81.32452398964196,87.91067069913971,79.48368107979225,84.92440795898438,9331244
2005-01-14,85.08803724896921,90.20149426653492,83.3699075462044,85.76300811767578,17419297
2005-01-17,87.13339675050685,87.70610652555982,85.57890571555095,86.2538833618164,6613412
2005-01-18,87.05160315261028,88.1152002798685,86.35616627028374,87.89020538330078,8330498
2005-01-19,87.74703988049154,87.74703988049154,85.90619003245095,86.70388793945312,1845457
2005-01-20,86.51981162668041,86.72435436363625,80.32229759651295,82.36768341064453,4774783
2005-01-24,82.01994673610831,84.59713051973087,80.28136509726251,81.20178985595703,5805259
2005-01-25,81.22225887921222,83.86080670714178,80.6904602598538,83.2471923828125,2868830
2005-01-27,84.67894149307236,86.4175161092168,80.99724958918266,85.74253845214844,15764060
2005-01-28,85.98801172554914,90.61058193598154,85.90619601713864,89.77197265625,9539957
2005-01-31,90.52875843460212,96.64446306559313,90.40603834550265,94.29226684570312,14172920
2005-02-01,94.90588616929021,94.90588616929021,89.66969523837962,91.06056213378906,8110274
2005-02-02,93.26957577371333,93.26957577371333,88.81063728113078,89.58788299560547,33408274
2005-02-03,93.22866583929338,93.22866583929338,89.52652108717062,89.93559265136719,9020913
2005-02-04,90.61058543998602,91.42874255573003,87.99249652141454,89.34244537353516,8675409
2005-02-07,89.99695595863892,92.04234147874216,89.58787746943759,90.32421875,7655982
2005-02-08,90.24241126696192,90.24241126696192,87.84931054466851,87.97203063964844,5588271
2005-02-09,88.40155482212991,88.56518622060254,85.19030421038758,85.61983489990234,8403203
2005-02-10,87.07203696349085,87.27657269835231,82.89945117992123,84.06532287597656,8006164
2005-02-11,84.31078237331994,85.70164923825125,84.31078237331994,85.41529083251953,4015113
2005-02-14,86.0902720127568,89.26061831283498,86.0902720127568,87.93112182617188,8049732
2005-02-15,87.7879406802769,89.9969576372633,87.15387420461582,89.42424774169922,10697682
2005-02-16,89.66968706551862,89.99694983461042,87.17431884004813,87.84929656982422,5126749
2005-02-17,88.36064921030537,88.36064921030537,85.31302311338871,86.06981658935547,5154798
2005-02-18,87.1333964268954,90.2014741072883,85.39482184503362,89.2605972290039,14380211
2005-02-21,89.99694983461042,89.99694983461042,87.5424859923249,87.84929656982422,4651224
2005-02-22,87.70612691647331,88.72881971816973,87.54249551412958,87.93112182617188,2187073
2005-02-23,88.29927913266849,89.1787926273695,87.13340725297424,87.91065979003906,3916990
2005-02-24,88.72881152575478,88.72881152575478,86.13117537372186,87.33795166015625,7955171
2005-02-25,87.95157934970277,90.30377570650509,87.78794793744326,89.81288146972656,8959723
2005-02-28,90.4060229966938,92.45140825772133,86.41752035250965,92.1241455078125,8553715
2005-03-01,102.26924964903937,102.26924964903937,88.99469848339542,91.87869262695312,4755882
2005-03-02,92.65595866083588,98.38303691188862,92.65595866083588,96.43992614746094,23558778
2005-03-03,97.31944160385075,97.31944160385075,94.08773176433124,96.1944808959961,6496730
2005-03-04,96.50127189347893,98.13758571797696,95.35585914223324,96.48081970214844,6328707
2005-03-07,97.56489689966425,98.13760686162836,93.26958257379006,94.23091888427734,6391777
2005-03-08,95.31495675151297,95.51949946166407,93.31048251781496,94.06727600097656,5120058
2005-03-09,94.49679330867008,95.31494325572066,92.86048648866631,94.14907836914062,3188168
2005-03-10,94.16954723376077,94.16954723376077,91.08101661181676,91.40827941894531,6799022
2005-03-11,94.087730217575,94.087730217575,90.40603754061962,91.53099822998047,4673378
2005-03-14,91.63325312556239,95.72402372541265,87.78792959281148,90.63101959228516,8475508
2005-03-15,91.96051196772115,91.96051196772115,87.54247879977638,88.11518859863281,3870985
2005-03-16,88.36065440672557,88.36065440672557,85.49711173065965,85.7834701538086,3156266
2005-03-17,85.86527798950377,85.86527798950377,80.58818294985,81.2631607055664,5785588
2005-03-18,81.05860641532534,85.45618729496009,81.05860641532534,84.76075744628906,4300838
2005-03-21,93.80138110337754,93.80138110337754,85.66074292431861,86.70388793945312,2083287
2005-03-22,87.52204460622875,87.52204460622875,85.29257537391871,86.43798828125,2211510
2005-03-23,86.31526151427128,88.56518276667046,86.11072573710894,87.62430572509766,4645790
2005-03-24,87.54250456762475,87.95158311579027,85.90619730086713,86.7652587890625,3541534
2005-03-28,86.92887405284628,87.76748318925637,85.3948349767507,85.90618133544922,2039619
2005-03-29,86.51979607597868,86.51979607597868,83.49262921662442,84.20851135253906,1547859
2005-03-30,85.08803789681555,85.08803789681555,81.50861310913383,82.49039459228516,2577472
2005-03-31,83.04265185114642,86.27435469857568,83.04265185114642,84.84259033203125,1230083
2005-04-01,85.84481765879725,89.40378997032731,83.94261142459123,88.58563995361328,2990744
2005-04-04,87.37885443830572,89.40378762370659,86.72433582729458,88.23792266845703,2070072
2005-04-05,92.04234073210337,92.04234073210337,85.90618422156959,88.749267578125,1888479
2005-04-06,89.54696824717057,89.54696824717057,85.9675437803093,86.68342590332031,975925
2005-04-07,86.84707184347945,87.44023398870833,85.4971161387583,85.82437896728516,982125
2005-04-08,86.19252182083343,87.31748920735579,85.92662257929796,87.05158996582031,989997
2005-04-11,87.05161060641392,87.13341938391248,84.31078800538138,85.33348083496094,854015
2005-04-12,85.86527200430464,85.86527200430464,84.69940015735136,85.27210998535156,836380
2005-04-13,85.51757446905063,86.86752323538236,84.06535087532194,84.63805389404297,933786
2005-04-15,84.51530953675037,84.51530953675037,81.8153989273058,83.51306915283203,1765744
2005-04-18,84.26989134880337,85.49712008654144,78.74734817717285,83.43128204345703,6864333
2005-04-19,85.08801920056246,86.92886167419977,84.26986237278885,84.82211303710938,4018268
2005-04-20,84.92439650980562,85.82436218638345,83.04264253961244,84.04487609863281,1429702
2005-04-21,85.25164676033766,85.61981385344907,83.53351749871332,84.06532287597656,1016091
2005-04-22,84.41304472960866,85.3743738440366,83.90169842445938,84.78121185302734,1910291
2005-04-25,85.35392972308024,85.86527607657024,83.92215854812764,85.047119140625,1534054
2005-04-26,85.64028609664389,85.64028609664389,83.8607998533895,84.10624694824219,833994
2005-04-27,84.26987574396024,84.26987574396024,82.01995449943927,82.77674102783203,1777039
2005-04-28,82.613130737585,85.2516787211791,81.48816299639097,84.86305236816406,9916116
2005-04-29,84.88349270472617,85.90618547136026,83.59490064987564,84.43350982666016,3389824
2005-05-02,84.6789652101826,85.86528948966847,84.26988667830743,84.63805389404297,1633573
2005-05-03,84.96528911019485,86.68341145986494,84.7198420708274,86.29479217529297,1640190
2005-05-04,86.3152729130345,88.81064158310797,86.3152729130345,88.44247436523438,2489173
2005-05-05,88.8106264750675,89.5674199032133,88.44245931982475,89.09698486328125,1116970
2005-05-06,89.1788060459922,89.99696308921857,87.13342036383033,89.40380096435547,1386705
2005-05-09,89.17879762704085,91.61280940642764,88.17656400108477,91.16282653808594,2852912
2005-05-10,90.8151088693216,91.83780158356556,89.83332053921389,90.54920959472656,2699979
2005-05-11,89.58786758212258,90.16057740379767,87.95156073181079,89.97649383544922,2239429
2005-05-12,89.99695771843746,90.40603621563791,88.97426493838813,89.75151062011719,1173842
2005-05-13,89.91514631746386,89.91514631746386,87.95157636293524,88.6061019897461,1397414
2005-05-16,87.95156014059896,91.59234787934875,87.95156014059896,91.01963806152344,1734643
2005-05-17,90.81511218517844,91.63326223090414,88.76972668200906,89.79241943359375,1734914
2005-05-18,89.58786034379646,89.58786034379646,87.1743081077391,87.68566131591797,3548908
2005-05-19,87.95157699928163,89.42425274435719,87.74704120237536,88.81063842773438,1400097
2005-05-20,87.95157751555833,89.58788467812566,87.29705188016979,87.828857421875,873888
2005-05-23,88.36066132462,89.99696858509361,87.95158277802548,89.71061706542969,1024428
2005-05-24,89.58786758212258,90.79465072355647,88.9742533789935,89.97649383544922,1477018
2005-05-25,90.09921816852673,90.77419590167437,89.03562108956865,90.4060287475586,928134
2005-05-26,88.36065374157091,94.90588914766235,83.96307186341002,93.18775939941406,3769001
2005-05-27,93.26957170349436,93.39229871542112,90.85601896250904,92.04234313964844,5188740
2005-05-30,92.04233144608814,92.41049858328724,89.6492312024886,90.30375671386719,792295
2005-05-31,90.037864745658,91.96052320213367,89.99695343493337,91.61280822753906,2176464
2005-06-01,92.00142632065256,92.0423307018316,90.50829174136936,91.01963806152344,1651466
2005-06-02,91.22417235873077,91.91960218206383,89.71058572800469,90.09920501708984,1061550
2005-06-03,90.97874110909349,90.97874110909349,89.48560640789034,90.36511993408203,442177
2005-06-06,89.99695549852449,90.8151124727443,89.38334123081135,89.7310562133789,954235
2005-06-07,91.96052803424996,91.96052803424996,89.50606396480259,90.34467315673828,1395146
2005-06-08,90.4060328921853,90.81511137434745,89.99695441002314,90.50830078125,928795
2005-06-09,90.85601732301001,91.63326298954081,89.58787746943759,90.32421875,1078755
2005-06-10,90.7128347547938,90.99918620179626,89.17878886285128,90.03785705566406,782910
2005-06-13,90.07876702524715,91.46962689111976,88.99471081607417,90.87646484375,2065288
2005-06-14,91.46962815943176,93.43319790796818,90.91737741417303,93.0445785522461,5947034
2005-06-15,93.26955813604648,98.99664240331393,93.06502238045948,98.07621765136719,9069086
2005-06-16,98.99666392775573,99.81481405389343,95.02861261420921,96.03085327148438,3114214
2005-06-17,95.35587125452312,96.68537467432816,94.70134564158478,95.601318359375,1769880
2005-06-20,96.50129123909042,98.54667700384846,95.31496694145842,96.25584411621094,3465043
2005-06-21,96.5012818181423,97.25807530832925,94.57862326547593,96.82854461669922,1331233
2005-06-22,97.36033254685107,98.28075733559051,96.15355630366281,97.52396392822266,2910835
2005-06-23,97.76941100028003,98.91483066988111,96.56263475709177,97.52396392822266,3445542
2005-06-24,97.36033922134258,97.72851331762008,95.0081500732029,97.38079833984375,1443514
2005-06-27,97.33989947010974,98.79212307052582,96.93082093635078,98.01487731933594,3593466
2005-06-28,98.58757875756731,99.9170752201556,97.89214877315133,98.73075103759766,5536545
2005-06-29,98.17850203524122,100.22388763859841,97.8307870367428,99.52845764160156,5093000
2005-06-30,99.61027141382058,101.00113138088028,98.99665712987682,99.44664001464844,3310202
2005-07-01,101.36927822031896,101.36927822031896,96.13309527547094,100.38749694824219,2555470
2005-07-04,100.63295986103503,101.65565259885777,94.00590925772687,101.30793762207031,2981639
2005-07-05,101.02155972823984,101.55336511296892,98.62845973761598,98.85345458984375,1453260
2005-07-06,98.58757363989267,100.42841639851156,98.21939954744626,99.73298645019531,2831271
2005-07-07,100.63295331754898,101.00112046293667,97.19670815818962,98.5671157836914,1720913
2005-07-08,98.99664274281163,106.33957474138391,98.38302162214107,103.57830047607422,8496794
2005-07-11,103.49651351390854,108.405442286334,103.49651351390854,104.8055648803711,4722456
2005-07-12,105.5418616713177,107.58724677534059,101.90108117280647,105.7259521484375,6065098
2005-07-13,106.72820401536546,107.38272957796379,103.12832727288118,103.98738861083984,2211384
2005-07-14,103.98738212526197,105.1328017883705,103.0874164587224,103.53739929199219,1390761
2005-07-15,103.49650091418128,105.9100606143161,102.47380812158794,104.76464080810547,1727067
2005-07-18,104.3555441889487,108.32359458272391,104.31463980878006,105.46005249023438,1592592
2005-07-19,105.13281096101619,106.36003949551737,103.9260276934758,104.27374267578125,988607
2005-07-20,105.05099417801456,105.05099417801456,101.65565316150584,102.22836303710938,1400277
2005-07-21,104.31465517608373,104.60100665715608,101.49202397384427,103.82376098632812,1775295
2005-07-22,103.72150241349688,109.22358610880669,102.6783573609755,109.08041381835938,8707103
2005-07-25,106.4009444504778,110.8598895916142,106.4009444504778,109.38720703125,4391607
2005-07-26,110.04174267454385,114.09160969696194,109.6735754637437,112.61892700195312,9670164
2005-07-27,113.72342319678305,113.72342319678305,111.24850703855681,111.9234848022461,2491379
2005-07-28,124.18595123291016,124.18595123291016,124.18595123291016,124.18595123291016,0
2005-07-29,111.67802794053927,117.4051054085281,110.45079952807835,115.83016204833984,8405504
2005-08-01,115.83017692163193,128.0411337453213,114.97111553742009,117.13922119140625,3350299
2005-08-02,118.1823609268701,118.63233684020128,115.85061718758726,117.09830474853516,2500799
2005-08-03,118.14148304836003,118.14148304836003,114.64386665477069,116.01427459716797,2638218
2005-08-04,116.21879398133457,117.81420355717646,114.35749896996053,116.25971221923828,2834185
2005-08-05,117.42555194229139,123.70487944524292,117.42555194229139,120.1050033569336,9493267
2005-08-08,122.72311457012388,122.72311457012388,118.01873629170053,118.73461151123047,5203215
2005-08-09,120.06413126364795,122.27314830406985,117.40512439676331,119.00053405761719,3951091
2005-08-10,121.22994880003517,124.72755658738467,120.67769129366359,124.15485382080078,5611931
2005-08-11,124.76847957883835,128.42971925326543,122.96854841422642,127.38658142089844,5089414
2005-08-12,126.8138797984834,128.24565787658642,124.97304403661757,127.05933380126953,2947282
2005-08-16,128.40928922756578,131.72280744986304,126.81387976529162,130.2705841064453,3890427
2005-08-17,130.7001149776791,131.90689817219638,128.04112228912484,130.92510986328125,2349788
2005-08-18,132.0500925353628,132.64325467311014,129.06383657748142,130.45469665527344,2310718
2005-08-19,130.9046562924791,132.74550598674443,126.81388535047017,127.89794158935547,2916268
2005-08-22,128.81834028503002,129.96375979476633,124.19577172120604,125.32073211669922,2667047
2005-08-23,126.81389409100314,126.83435321080982,123.2140170761338,124.17534637451172,1733840
2005-08-24,124.95258122614082,128.04111832454433,123.23445866464117,127.22296142578125,2167441
2005-08-25,128.73656549693246,129.0638283003435,126.48663026052965,128.55247497558594,4006658
2005-08-26,129.26837124061424,129.65699757263948,125.58667142447311,127.30479431152344,1787913
2005-08-29,128.81838392262978,132.31599327578584,123.82764657442911,129.82061767578125,3652490
2005-08-30,130.08653215911437,130.86377099444746,128.5524859062115,129.16610717773438,1124908
2005-08-31,129.63654792347086,130.08653779888374,123.173127504024,128.96156311035156,1362816
2005-09-01,129.18652579755332,130.74101699935377,128.98199003317538,129.3297119140625,766979
2005-09-02,129.3092623873473,131.8250829497589,123.60263656784856,130.98648071289062,2040959
2005-09-05,132.13190477528113,133.46140123745826,129.7797016784357,130.37286376953125,2276686
2005-09-06,129.69787241160313,133.97271953446148,129.69787241160313,133.07275390625,2028641
2005-09-08,133.52277263774286,136.18176571930067,133.03187841073034,135.15907287597656,3142259
2005-09-09,136.1817199399884,136.79534098042913,134.25906191937264,135.8135528564453,1606731
2005-09-12,135.81360267422028,137.44991681440956,135.79314355303973,137.28628540039062,861671
2005-09-13,137.20444322020933,141.21340536661924,135.09769425928852,140.39524841308594,2719731
2005-09-14,140.72252837161057,141.52022630424804,136.63175695641593,137.92034912109375,1723421
2005-09-15,137.92033478373781,140.927049522093,137.10217781538785,140.14981079101562,1890576
2005-09-16,140.92705053116396,149.4972188638566,139.49528621515483,148.67906188964844,5604379
2005-09-19,149.29268510106542,150.23355524526625,146.8586732643261,147.51319885253906,1730085
2005-09-20,147.63590152049395,149.7222051476222,145.2837124753309,146.77684020996094,1654220
2005-09-21,148.08587231160172,148.08587231160172,137.08170807062066,143.60647583007812,2648646
2005-09-22,144.4041847582434,144.4041847582434,134.40225318995073,137.02035522460938,1901133
2005-09-23,138.65668900495228,142.72701531152268,134.0545779074848,138.7589569091797,3353834
2005-09-26,142.82928209218585,143.77015234439997,139.49530411481163,143.07472229003906,2711567
2005-09-27,143.0747020446956,144.77237947527018,138.96348581269058,141.07022094726562,5804566
2005-09-28,141.9497365691008,142.74743438678018,138.94302195149052,140.76341247558594,2299028
2005-09-29,141.13158407198452,142.7269936093228,139.90435555605202,141.84747314453125,4239710
2005-09-30,142.4815632943028,145.20193391138122,140.9679761272322,142.70655822753906,2959676
2005-10-03,142.7065418782,143.9542295771783,141.2338592717622,141.90884399414062,1112987
2005-10-04,142.15425872361726,143.7496680579642,142.01108646804704,142.87014770507812,1039982
2005-10-05,143.5451432011549,143.5451432011549,140.72251887222276,141.7656707763672,1460606
2005-10-06,141.09068450188204,141.1315888883875,135.81358923665465,137.96124267578125,1975180
2005-10-07,138.6362060211838,141.94972400182024,136.6317251696382,139.74070739746094,1832020
2005-10-10,140.3134683865089,144.03605904698762,140.3134683865089,143.13609313964844,2126196
2005-10-11,144.36327475558306,144.36327475558306,140.31342256907598,142.9928741455078,1844958
2005-10-13,143.50422703135007,143.50422703135007,139.90435038678203,140.2316131591797,1779052
2005-10-14,141.17247836634476,141.17247836634476,133.76817643778094,134.4431610107422,3744648
2005-10-17,135.40451567563633,136.22267265274309,127.01843782685765,130.74102783203125,5459273
2005-10-18,131.62054424862822,134.58635454165804,130.49558363427985,132.00917053222656,2636858
2005-10-19,130.90465301737296,132.13189535071655,126.40481063446745,127.9388427734375,3535128
2005-10-20,128.85927016116662,130.45467968553106,126.6502533097291,128.73655700683594,2321252
2005-10-21,131.72280063574243,136.61126894993419,130.90464375533674,135.44540405273438,4092962
2005-10-24,135.81360304314842,136.95902294439236,131.82509943593502,132.438720703125,1801603
2005-10-25,132.95009185326555,136.93859640959906,132.37738869226519,134.8114013671875,1563551
2005-10-26,134.17725131772573,138.65663359949158,134.17725131772573,137.7566680908203,1798527
2005-10-27,138.53394510184086,139.2702793896704,124.82985504984235,127.03887176513672,12831972
2005-10-28,127.6320215656998,135.73175336332693,127.6320215656998,134.3204345703125,15682001
2005-10-31,128.85926973060597,136.99990716072213,128.85926973060597,132.00917053222656,4713317
2005-11-02,132.95002783507164,135.40449845422015,131.08873306921353,134.647705078125,2186456
2005-11-04,134.647705078125,134.647705078125,134.647705078125,134.647705078125,0
2005-11-07,135.3636075447305,138.5953174567398,133.7682117091087,138.16578674316406,1759533
2005-11-08,139.12712154254075,141.090684464157,137.85897474675303,139.00439453125,2143290
2005-11-09,139.00441238145544,142.7679211619995,137.5726340040211,140.47708129882812,3219582
2005-11-10,141.13158756857413,141.94974455006817,138.88166625832076,140.70205688476562,1416751
2005-11-11,142.35883323469815,145.12009406439324,141.54067623442256,144.1383056640625,2327912
2005-11-14,144.4042123298178,147.6154769883655,143.64743264921088,145.89735412597656,2578249
2005-11-16,146.0405095643805,147.67682345967816,144.58828617673126,147.3291015625,2477368
2005-11-17,147.47226188642952,148.69950413438085,145.406431344262,147.61544799804688,2921620
2005-11-18,148.08589111905368,149.31311958239826,145.4268845719687,147.16546630859375,2529395
2005-11-21,147.2677544414607,148.494983073543,142.78837062695067,144.32240295410156,1716843
2005-11-22,143.38149298106524,146.06095852984205,142.37925944723943,144.36328125,2637002
2005-11-23,144.44510829812543,145.81550901190917,142.82925358367206,144.40419006347656,2325606
2005-11-24,144.4041979743608,147.69727108383915,144.4041979743608,146.42913818359375,2759085
2005-11-25,146.510941022605,149.31311984221767,146.510941022605,148.86314392089844,1178953
2005-11-28,153.1993743451676,154.2220671717805,151.17444781216102,152.1766815185547,1779316
2005-11-29,152.17664811162587,152.99480496367002,148.39268132829977,150.3153533935547,2416595
2005-11-30,151.3585085344244,151.9721297064425,144.71101278795936,146.02005004882812,2285440
2005-12-01,145.22236021808158,148.49497432816833,143.17697466780143,147.6563720703125,2380527
2005-12-02,148.4131711361448,150.33582974720423,145.89735041616194,146.38824462890625,2352240
2005-12-05,143.58606275564586,147.67683393218059,141.56112243514056,142.17474365234375,2216610
2005-12-06,142.17472240581193,143.17695593060276,138.67711384959208,139.63844299316406,2699362
2005-12-07,140.31343330510256,143.09515296964756,139.35209027074964,141.52020263671875,2610848
2005-12-08,143.13606432457797,144.40419721818276,140.9270474681321,143.81103515625,3075929
2005-12-09,137.10218071087075,145.95870757111558,137.10218071087075,145.42689514160156,1790702
2005-12-12,144.93602018433157,146.4495933491935,141.7656738676183,143.50424194335938,1446244
2005-12-13,145.0178135799251,145.0178135799251,141.99063986763792,144.54737854003906,1962558
2005-12-14,144.40419844406156,145.54961819278117,142.46109470228933,143.15652465820312,1834823
2005-12-15,143.9951780331937,145.0178711377011,141.7657150994183,142.42022705078125,2773458
2005-12-16,140.76343948908888,143.9951496156239,140.76343948908888,143.21791076660156,1291480
2005-12-19,143.2587822622221,147.92225584092446,143.2587822622221,147.0018310546875,2755614
2005-12-20,148.08586607022693,149.06765421555485,145.32459210591847,146.1632080078125,2217357
2005-12-21,146.04049142790373,149.5585589399887,144.60872733618103,145.85641479492188,3757191
2005-12-22,145.67235665155505,147.02231228428587,145.2223668233755,146.14279174804688,1251844
2005-12-23,147.2063761365614,147.22683525489953,142.39972998969822,143.81103515625,2198599
2005-12-26,145.0178255587465,145.0178255587465,134.99543351423918,136.26358032226562,1665901
2005-12-27,134.995397866071,142.13380019502836,133.99316446700243,140.92701721191406,2352908
2005-12-28,139.63847094456443,142.54291807317503,133.6045817678945,139.8839111328125,7577871
2005-12-29,139.90436921981788,143.99514057365602,138.26805513755943,140.7838897705078,2243872
2005-12-30,139.86343681939556,142.74742422849803,139.16800693666576,141.3361053466797,2317107
2006-01-02,141.37702382063435,141.54065519636794,136.6317277761656,139.1066436767578,1954278
2006-01-03,140.31344152362956,142.54290366859695,138.67712759463876,141.72474670410156,1404704
2006-01-04,143.58603022602477,143.58603022602477,140.70202916589406,141.11111450195312,894874
2006-01-05,142.9315387054799,142.9315387054799,139.49529309611103,140.0884552001953,908577
2006-01-06,141.54069294254953,143.79061457004323,140.72253584569484,142.05203247070312,1574993
2006-01-09,142.76789125828427,145.22234817434182,141.97019345315584,143.7496795654297,1921586
2006-01-10,143.79060092112329,143.79060092112329,139.10666756952446,139.5771026611328,856237
2006-01-12,138.26803630753855,140.2725173223731,136.67264068346137,137.08172607421875,1304846
2006-01-13,136.63177139563393,138.59533467949603,136.22269975160714,136.73403930664062,1265121
2006-01-16,137.12264243915064,138.06351260167156,135.0977021297124,136.79537963867188,1066075
2006-01-17,137.81805208000824,138.22712359430844,133.78864502729115,135.44540405273438,1225956
2006-01-18,136.22267692633864,161.5445426624969,132.02962401859736,135.3636016845703,1761290
2006-01-19,136.22266348928497,142.35881962710687,135.81357810234658,141.6633758544922,1481179
2006-01-20,139.4952775604222,142.7678914024046,139.4952775604222,140.86569213867188,1599978
2006-01-23,132.37732761705232,142.35881396575854,132.37732761705232,140.82476806640625,505793
2006-01-24,142.3588233294963,145.52916936464294,140.80431821123008,142.21563720703125,3643175
2006-01-25,142.62473227422637,149.51766862827432,140.31344740994493,145.57008361816406,4062367
2006-01-27,146.44959823831167,147.22685089242262,144.3019446569631,145.50872802734375,2077138
2006-01-30,147.6768524683993,149.23134404838348,146.2450740658126,146.65415954589844,1791814
2006-01-31,146.85868087874857,148.0450051059421,144.64966382989883,146.14279174804688,882777
2006-02-01,146.04049465981882,146.81774714371218,143.217870793259,143.6678466796875,788147
2006-02-02,143.6678906533621,149.31315396618135,143.17699638462008,148.7609100341797,2103497
2006-02-03,148.90404583602268,153.9766048511817,145.65187729719418,150.1517333984375,3621070
2006-02-06,150.94943774802863,153.34253124216102,148.4949668993982,151.13351440429688,1644595
2006-02-07,151.35850065604726,154.4061333876357,149.21084744348124,151.7062225341797,1833110
2006-02-08,151.25625162023292,152.99483352389996,148.2904411353098,152.2584991455078,1153936
2006-02-10,152.5857277161245,152.79027732885353,148.2904213295096,148.8222198486328,2264636
2006-02-13,148.90404791531228,149.2926741863774,146.26550048811063,148.5972442626953,1388147
2006-02-14,149.72222330756006,152.54484773375304,148.4745355738323,150.33583068847656,1518634
2006-02-15,151.35849897864756,154.63111270191789,148.4540523946219,149.59947204589844,2354430
2006-02-16,149.72221727611756,150.84717794762076,147.2677462959047,148.57679748535156,1110280
2006-02-17,149.2926724354892,150.7448957667065,148.71995566848702,149.37448120117188,918483
2006-02-20,148.92449318106975,149.72220484076357,146.04050560213577,148.5972442626953,644550
2006-02-21,150.049480922358,151.3585182674033,148.61770271284865,150.8062744140625,719190
2006-02-22,151.35851947504406,152.56530278824698,149.10859810135773,149.51766967773438,829006
2006-02-23,150.4176650816842,151.31763095516905,148.51545157808746,150.4381103515625,2159745
2006-02-24,150.33580313324774,151.52212714107955,148.49495362429423,148.9244842529297,597454
2006-02-27,150.2949106901915,150.2949106901915,146.5314026116142,147.57455444335938,747775
2006-02-28,148.0450028095902,148.57680140638567,145.57008649660716,147.69728088378906,871478
2006-03-01,146.44957961879302,155.44927824753734,146.44957961879302,154.38568115234375,2684017
2006-03-02,155.85837316487118,163.83536571796373,155.85837316487118,162.32179260253906,4888808
2006-03-03,162.56723684170177,168.41703522084399,162.56723684170177,166.94436645507812,4409548
2006-03-06,168.1306674034386,169.76696734485319,164.57169529203898,165.5739288330078,3093050
2006-03-07,165.2671634718936,168.47841445162612,163.83538510823303,164.8580780029297,1932995
2006-03-08,165.67622374490946,166.2489405918823,158.31283817763915,160.17413330078125,2637750
2006-03-09,158.72187080232212,160.11274433794932,153.4243313050617,156.43104553222656,2555605
2006-03-10,157.08561078350235,161.50364492868226,156.0833632193873,157.8219451904297,2895086
2006-03-13,158.76284563744917,161.79000620726194,158.76284563744917,159.27418518066406,1554168
2006-03-14,153.77205944099745,159.74458429909,153.77205944099745,158.0469207763672,1197114
2006-03-16,159.49913894593192,160.93090314913513,157.92418862614434,159.96957397460938,1058945
2006-03-17,160.56272220943677,160.93088932424385,157.08557295647566,158.149169921875,1209270
2006-03-20,159.00825386371469,159.23324875819583,155.98108005100107,157.1674041748047,604120
2006-03-21,157.29010296610937,159.84684126469594,157.29010296610937,159.54002380371094,1255521
2006-03-22,159.94912535616567,160.54228737182194,157.2901189181806,158.2310028076172,971740
2006-03-23,158.00600341841792,159.13096391918404,154.63110806431447,155.7151641845703,1338945
2006-03-24,156.26747984060185,157.45380427863748,153.40393666067342,156.08338928222656,1003211
2006-03-27,156.67652821745793,161.42182526439913,156.67652821745793,160.60366821289062,1827083
2006-03-28,161.58544446160502,163.18085405441303,159.09008295787095,160.23548889160156,1365545
2006-03-29,159.92864804490557,162.54674980336003,159.92864804490557,161.48313903808594,734402
2006-03-30,162.7717568332827,175.4531407724836,161.60589186490384,169.29653930664062,6620697
2006-03-31,169.56244669700527,171.60783219493592,164.65351873161035,168.8465576171875,2103337
2006-04-03,167.6397860646264,173.83730598339037,167.31252328099615,172.4873504638672,1782955
2006-04-04,174.6758878738687,174.6758878738687,167.82384318553684,170.74874877929688,1552125
2006-04-05,170.62601031135742,173.59182008589275,169.35787764656496,171.30099487304688,1426651
2006-04-07,172.63052602021932,173.01915231464665,165.471676732828,167.5375213623047,2489624
2006-04-10,168.130677438932,168.53974898575117,162.4035926726251,165.38986206054688,1715610
2006-04-12,165.67621760615893,168.06932509904982,161.58544645904865,162.21951293945312,1232773
2006-04-13,162.8126822717065,164.44899634402643,159.5605270992066,161.62635803222656,651598
2006-04-17,163.22177512575564,163.630846736503,156.3492834136253,161.68772888183594,1086464
2006-04-18,164.28536823002207,166.86255255673166,162.19907813484883,166.3716583251953,1425515
2006-04-19,168.04887147697485,169.76699430682118,166.0853084650681,168.94883728027344,1244907
2006-04-20,169.8488378084489,169.8488378084489,166.08532887563192,168.723876953125,616436
2006-04-21,170.68739422809944,171.239651871601,164.81713746872435,167.9465789794922,1174374
2006-04-24,169.35790665933644,169.35790665933644,165.94210659184603,168.41702270507812,454835
2006-04-25,168.33523286723886,168.90793587001605,137.79762000704852,163.4672088623047,1104903
2006-04-26,163.6717157307888,169.56243153280946,160.35819761526852,168.45791625976562,1828736
2006-04-27,170.9942055524247,172.99868660091445,162.97629521027204,164.080810546875,3143803
2006-04-28,164.2444625779513,168.1306981588879,153.81299833045384,165.96258544921875,2735463
2006-05-02,168.519320377356,169.97154402401165,166.71938862331436,167.23072814941406,846834
2006-05-03,168.9488448808552,174.02140482184495,166.49438754259998,173.73504638671875,1837153
2006-05-04,175.2485674467293,176.92578533157703,170.5850947207992,173.69407653808594,1558376
2006-05-05,175.00315720585175,175.00315720585175,170.99419534811253,172.11915588378906,927890
2006-05-08,172.1191826910684,174.02139603585272,169.7669933730138,172.61007690429688,1040814
2006-05-09,173.81684608906212,173.81684608906212,166.146643678202,169.86924743652344,960205
2006-05-10,172.7941529796977,172.7941529796977,169.43971639570395,170.64649963378906,2016041
2006-05-11,170.95327699865652,172.22142354465672,168.39655249514396,169.64422607421875,1105886
2006-05-12,169.7260889017698,170.54424592341667,166.3921111588905,169.84881591796875,854291
2006-05-15,168.539757839131,170.0737900720919,160.76728722682816,164.81715393066406,1329571
2006-05-16,165.67624245939012,166.90347121725935,157.96513408886756,164.91944885253906,1105473
2006-05-17,163.65129396299446,172.42599850130148,163.22176326220614,170.2374267578125,1660404
2006-05-18,169.35791788110382,169.76698945678712,161.58544712866208,163.79446411132812,1896812
2006-05-19,165.67623727953108,169.93064033179095,149.37451426178706,159.6219024658203,1487750
2006-05-22,167.6397784878021,169.52153248272305,143.17696270202373,147.67681884765625,2181454
2006-05-23,154.22206216338418,157.49467633190503,141.13159163749336,151.21534729003906,1714933
2006-05-24,152.17668138647218,160.35822399227425,143.81104825428025,151.52215576171875,3949613
2006-05-25,149.3131107164436,163.95807034388474,143.17695491226897,161.0945281982422,7159227
2006-05-26,161.09455642854616,162.38314854212814,155.44929376164302,158.84463500976562,1016839
2006-05-29,163.5899054510562,163.5899054510562,154.42657600029935,156.26742553710938,1127822
2006-05-30,157.0856113097989,157.4946829035051,151.35852588706433,153.2402801513672,1350449
2006-05-31,151.35851127367312,152.5652945214864,147.67682573035353,149.9676513671875,1869537
2006-06-01,151.1130472034828,154.18112493007646,139.31117128038335,141.7860870361328,2596550
2006-06-02,142.3587968868137,150.94940856678377,136.6317131989645,149.70172119140625,1866130
2006-06-05,145.26327867510568,151.35851709674134,142.48154490330887,144.11785888671875,1285987
2006-06-06,134.9954353758449,149.2722301489001,134.9954353758449,141.39749145507812,1320430
2006-06-07,139.90434204406617,147.26772628031094,137.04079988224728,144.34283447265625,2239726
2006-06-08,142.7679145988083,143.17698620109326,132.54098602360102,134.3818359375,2757576
2006-06-09,136.9998984145386,139.90434501928263,132.97049126726458,137.57260131835938,1627359
2006-06-12,138.67713392786342,138.67713392786342,131.92735597728017,132.6023406982422,1139687
2006-06-13,130.08649334431885,134.17726366239054,125.70936467140471,131.45689392089844,1146658
2006-06-14,132.97050643314273,141.5406749618369,131.0069296501357,133.64547729492188,3709173
2006-06-15,137.04082078227125,142.35883440175607,135.05679869771748,139.67938232421875,1800467
2006-06-16,143.17696477719232,152.1766633470906,141.99064068590837,149.6608428955078,1563318
2006-06-19,146.44957004490186,151.35849750801384,145.28370513998735,148.14724731445312,783015
2006-06-20,145.22238673482033,146.40871112467082,141.15207401023486,144.0769805908203,1484972
2006-06-21,142.35883702190458,151.74714902588056,139.49529437066414,150.84718322753906,1682946
2006-06-22,155.0811327704942,157.08561408909716,147.2677571483625,149.1904296875,2266855
2006-06-23,145.22236740117884,152.99483841741394,141.94975312921957,151.52215576171875,3720151
2006-06-26,149.31311140655117,152.17665356542864,146.0609568493546,147.61544799804688,1224487
2006-06-27,148.49496191794762,151.35850421938542,143.38149846959655,147.67681884765625,2730492
2006-06-28,147.67680151024032,150.13125813657058,143.58603123182033,148.18814086914062,2257615
2006-06-29,144.60872991540447,155.04019179605118,144.60872991540447,147.0631866455078,4624892
2006-06-30,152.70846071671588,153.4038906422779,149.82447312998565,151.35850524902344,1899748
2006-07-03,151.37897519977778,152.13576868054872,147.77909831224864,151.31761169433594,1578206
2006-07-04,149.39499665439962,152.58578905175688,147.67687340911152,149.06773376464844,1094999
2006-07-05,150.54034832136043,152.17666217668645,147.26773446251454,151.35850524902344,1624042
2006-07-06,150.13127428115962,151.972123874768,149.06767721882798,150.1517333984375,1154773
2006-07-07,152.13576054494496,154.73340364283146,147.6768225232901,151.76759338378906,2530662
2006-07-10,152.38121879396513,160.15368989245928,151.3585259574163,159.3968963623047,3965245
2006-07-11,157.9037666222226,159.1309952417285,155.44929553140298,156.36972045898438,1524386
2006-07-12,152.99479244674876,159.94910434246546,152.99479244674876,156.61512756347656,1338090
2006-07-13,156.84013668833396,157.08559069379052,149.72220601079826,151.8903045654297,2442820
2006-07-14,148.7609223699207,151.35855237784673,146.44962313517144,148.0859375,2410665
2006-07-17,148.08588480406627,148.08588480406627,143.58604267975915,145.40643310546875,1581197
2006-07-18,146.85866304287453,149.27221559256984,143.5860491813927,147.43136596679688,1296408
2006-07-19,149.29268644454558,149.66085362827673,141.29522088783418,144.7723846435547,1311512
2006-07-20,147.2268246849278,151.3584997034904,146.65412178244966,149.08811950683594,2497255
2006-07-21,148.9040653488891,148.9040653488891,144.91556199067332,146.38824462890625,753975
2006-07-24,146.04050821994807,150.94943600884355,142.39972715118546,149.41539001464844,1532954
2006-07-25,150.13128079848516,153.32208597580149,149.3335829671077,151.13351440429688,1538271
2006-07-26,152.1766673321609,157.08559521263854,150.13128186961242,156.51287841796875,4830065
2006-07-27,157.08557715141848,163.6308043383007,157.08557715141848,161.851318359375,4195270
2006-07-28,161.68769844276122,162.81265901234167,155.9606277114249,157.76055908203125,1509300
2006-07-31,165.5943908854483,165.5943908854483,155.44927289124553,156.69696044921875,1433801
2006-08-01,156.67650826609562,160.7263747664921,154.26295566034614,160.03094482421875,1345458
2006-08-02,160.35821954628108,162.32179636610041,159.54006253802302,160.78775024414062,1734634
2006-08-03,161.9945044514652,165.67618954929554,159.56049298373094,163.28309631347656,2467417
2006-08-04,163.22174537039015,166.90343075136985,163.0172096023034,163.91717529296875,2653570
2006-08-07,164.44900146544222,164.8580730703579,159.54007294741223,160.48095703125,884564
2006-08-08,160.56275872727596,165.96258124404272,157.90376570902546,165.53305053710938,2144382
2006-08-09,166.94435390105454,167.92612838713433,164.08081150812293,165.2671356201172,2520210
2006-08-10,161.85131664241456,167.7215730138197,161.85131664241456,167.33294677734375,2163994
2006-08-11,167.10795879511426,169.76695114053825,163.67170015734402,165.69664001464844,1181447
2006-08-14,166.49438005243806,169.56245851313616,165.06261564483538,168.94883728027344,1488127
2006-08-16,170.585154631562,171.81238326920766,167.7625162983498,169.23519897460938,1692011
2006-08-17,169.23521106348647,170.91242965719343,166.92392591108066,169.60337829589844,2252342
2006-08-18,166.31028336863926,169.5419931149781,166.31028336863926,167.57843017578125,740778
2006-08-21,169.97152027011285,169.97152027011285,163.63082792174896,167.68069458007812,1404284
2006-08-22,168.13069138212043,171.77147277652398,165.90121525236734,167.47616577148438,1818466
2006-08-23,167.47615655098255,169.7260778248175,165.34894843353015,166.08529663085938,1225818
2006-08-24,164.03988191480263,170.17603730590704,163.71261918579938,169.88967895507812,2883707
2006-08-25,171.77146413552933,171.77146413552933,169.39881584223394,170.8101348876953,1109960
2006-08-28,170.5851446146394,170.99421618589753,168.15113275095473,170.46241760253906,966243
2006-08-29,171.40329345941808,171.6078292353223,168.60111454447213,169.86924743652344,1423116
2006-08-30,169.76700202633614,171.3624117636014,166.98528186139342,169.27610778808594,1015812
2006-08-31,169.35790627533402,170.95330193333837,167.10798505964388,168.151123046875,1626232
2006-09-01,169.35793299649382,169.72610021782958,167.72161884410292,169.03067016601562,431321
2006-09-04,169.357915643273,171.75100926265216,168.74429443604882,171.2396697998047,1310669
2006-09-05,171.4032855330708,172.13961983299762,169.7056081975986,170.9737548828125,1738058
2006-09-06,171.19876519265435,175.49407208227012,169.97152277978654,174.77818298339844,3022344
2006-09-07,174.6759241511458,177.0076682343702,172.63053849268454,173.4077911376953,1634427
2006-09-08,175.04408259973425,176.68039658539726,173.69412702451407,176.0872344970703,1963554
2006-09-11,176.72129426154873,177.4985329863696,169.50108158316655,172.3646240234375,2455294
2006-09-12,173.44869726327966,174.67592590028383,169.3579259053937,173.03961181640625,1376430
2006-09-13,173.8577366418303,182.36654059766326,173.8577366418303,181.2620391845703,3415513
2006-09-14,182.44840133797757,184.00289282853876,178.97123729041508,179.62576293945312,2587654
2006-09-15,179.99393873329737,183.08247659247922,176.3122525596874,182.4484100341797,2103499
2006-09-18,180.81207234391474,184.49377189103637,180.81207234391474,181.58932495117188,825846
2006-09-19,180.03482311146925,183.26653290951543,177.33492575835112,179.7893829345703,1226244
2006-09-20,178.58259234129844,192.67529604047195,176.31222577907278,189.15724182128906,2610799
2006-09-21,193.26847099826583,193.26847099826583,188.1754659922601,190.4458465576172,2592833
2006-09-22,190.50721564599314,194.63889145653607,188.58454310492965,191.93898010253906,2857095
2006-09-25,193.4934695879806,195.29341508938222,190.77311299301,193.75936889648438,2413459
2006-09-26,197.9933017339192,197.9933017339192,190.67082132487678,196.1728973388672,2078139
2006-09-27,198.4023697917829,198.68872818013512,193.71843695243936,194.8229522705078,1882483
2006-09-28,195.12973969578255,196.35696806238525,191.0389692392369,193.24798583984375,2066610
2006-09-29,194.6797678529079,194.8843036241741,191.12079556637357,191.95941162109375,877594
2006-10-03,198.4023764917744,198.4023764917744,190.22083462193598,191.2230682373047,645156
2006-10-04,191.67306709643546,192.22532480025117,187.3573010625559,188.8095245361328,886867
2006-10-05,187.03003810510012,191.4071676414381,183.26652977823636,188.15499877929688,1212961
2006-10-06,190.22080111612868,190.22080111612868,187.0299964704195,188.31858825683594,1497572
2006-10-09,189.46402696786728,191.81621592361134,186.13004973689235,189.9140167236328,1295059
2006-10-10,191.03899524002657,193.4730070403422,190.89582296417512,191.77532958984375,896421
2006-10-11,193.0843888084549,194.70024370321372,188.99361762434683,193.41165161132812,1648013
2006-10-12,192.87984604355543,195.12976734307847,190.2617437152607,194.65933227539062,760806
2006-10-13,197.17513468641116,197.17513468641116,194.0252340759774,195.2933807373047,1400527
2006-10-16,194.00479181972474,200.0386800206372,191.10034516080063,198.85235595703125,1512884
2006-10-17,197.23650351617053,199.8954962053552,161.58543154911317,199.40460205078125,1116788
2006-10-18,200.44777099779844,202.4931565574883,197.13425248589607,201.7772674560547,1521516
2006-10-19,202.08404482712308,202.45221193841408,198.5046138830846,200.77499389648438,1345695
2006-10-20,200.44774447355155,204.90668218735738,200.44774447355155,203.37265014648438,1835160
2006-10-23,204.49762734633183,206.17484563640002,202.90221782562963,203.78173828125,775456
2006-10-26,202.41135114335125,208.22024512113498,202.10453360804053,205.8680419921875,1492330
2006-10-27,209.4474759997321,217.60855934399345,207.81116196618734,215.70635986328125,3428730
2006-10-30,218.4471298038815,222.9469716775128,215.84948701321747,221.7401885986328,3592658
2006-10-31,221.76066232391312,223.15152212732775,215.58360197260427,216.89263916015625,2448259
2006-11-01,218.63125317315814,222.865196708495,214.76547683413654,221.35162353515625,1890219
2006-11-02,220.49256451436565,226.62870760575217,220.49256451436565,224.25607299804688,1749063
2006-11-03,225.40147569548893,225.40147569548893,220.94253726484635,223.96971130371094,804420
2006-11-06,221.5356712367929,224.7878397739331,221.51522597133152,222.41519165039062,1379594
2006-11-07,223.7651362031231,225.81052146166576,220.08343719702424,222.45608520507812,1183724
2006-11-08,221.31068863384957,223.72424127404042,218.8971359936587,222.39474487304688,909505
2006-11-09,224.52193546561168,233.54207887448473,219.51074006563587,220.02207946777344,1772457
2006-11-10,220.90160426773102,223.74468741501855,218.85621891477234,222.5379180908203,877119
2006-11-13,223.3560967480419,233.13304915854647,221.69933739549583,230.719482421875,2557345
2006-11-14,231.1694572645697,235.81247220429293,231.1694572645697,233.07167053222656,2064433
2006-11-15,234.76934434813006,238.4305708440097,231.1285492674665,236.7124481201172,1675974
2006-11-16,237.264712397003,238.90102649014432,233.80802138443016,236.22158813476562,1697486
2006-11-17,237.67380552497661,239.88280871563148,235.23979356907475,237.61244201660156,1666693
2006-11-20,237.2647390976681,252.7687649306522,234.44212813592418,247.49166870117188,3711046
2006-11-21,251.17327566626375,255.97993495127176,248.71881901321535,255.2026824951172,3094472
2006-11-22,257.71853106199205,263.4047251548935,253.62776028793482,261.0729675292969,5391386
2006-11-23,262.6274814444953,264.67286690030477,252.99371622466865,254.4663848876953,2933759
2006-11-24,254.44592761999303,256.9003845104743,250.3551569013204,252.2573699951172,2211060
2006-11-27,278.1724489853343,278.1724489853343,252.91195718702355,257.9231262207031,3121716
2006-11-28,257.7185949362957,260.99122344809143,253.62782314836053,256.90045166015625,2102556
2006-11-29,256.90045640468975,258.4549619024067,253.3414832212406,254.1800994873047,1580964
2006-11-30,256.90042836214013,259.76395727255687,250.55973543623296,258.00494384765625,4833008
2006-12-01,260.173027324219,263.8546990226247,258.1685323790507,259.0685119628906,1435962
2006-12-04,259.76392105759993,261.35934440474927,257.14584655421123,258.2298889160156,875521
2006-12-05,258.94582580664223,263.03659740899315,256.0004602796472,261.52301025390625,2940021
2006-12-06,263.4456254073552,266.6773349921805,257.9230763475161,264.8160400390625,2769269
2006-12-07,267.1272686383921,267.4954495797793,258.9457285079003,260.9501953125,2975676
2006-12-08,262.21837378088685,263.404697735946,257.92303998199594,259.5184631347656,1222352
2006-12-11,259.51847595704214,259.51847595704214,231.1694266239055,248.24839782714844,3291504
2006-12-12,243.44175917136587,250.76423963910332,229.758127458488,235.60792541503906,4072055
2006-12-13,249.06659227646097,249.06659227646097,227.59005630503373,244.62811279296875,3447435
2006-12-14,248.67800724096807,252.4006258965887,245.85539611859556,249.70071411132812,2546930
2006-12-15,253.21868058114808,254.75271264602094,249.12790993907961,251.9709930419922,3472988
2006-12-18,253.23917511577724,254.44594452390902,244.21901704780956,253.32098388671875,1735488
2006-12-19,253.32098547213076,253.62777529098494,243.40084775088016,247.69618225097656,2665376
2006-12-20,247.90074087962498,252.76873722856357,243.8099694865499,247.3689422607422,1977950
2006-12-21,247.4916094240018,251.99147953466678,240.537310040704,250.2528839111328,2982355
2006-12-22,250.76425130401643,253.62777998681753,247.51209632009855,251.54150390625,1156513
2006-12-26,251.80734903131267,257.1048884215987,249.53695521861272,255.40721130371094,1578457
2006-12-27,255.67318192014696,264.26382392639823,255.65273665149803,258.2503662109375,1439384
2006-12-28,261.7684524431034,263.15931250857625,256.1436486707046,258.00494384765625,2825679
2006-12-29,261.33890160433754,261.33890160433754,256.90042220333186,257.6981201171875,837356
2007-01-02,255.26410334896127,260.173045461743,255.26410334896127,259.498046875,615821
2007-01-03,260.173037236801,262.6274943637906,257.8412794180886,262.0343322753906,1730509
2007-01-04,263.83431072526474,263.8547559963443,258.12769758280643,260.8684997558594,1814596
2007-01-05,260.8684015215888,261.80927148761896,255.26404454856004,260.2956848144531,1649861
2007-01-08,260.29574089296614,260.29574089296614,253.23918692385627,254.48684692382812,2161240
2007-01-09,254.445978735595,257.7185793457981,250.02794436374603,254.93685913085938,1482322
2007-01-10,255.26404820216555,255.6731196972851,248.0438504321163,251.0301055908203,2025219
2007-01-11,251.13241879591794,261.40023650637363,249.68019541368037,260.3366394042969,1464605
2007-01-12,263.8546878577771,273.5907345130425,261.0320776257053,271.54534912109375,2427551
2007-01-15,276.1270714938473,284.3086151737723,269.99091373390365,270.5840759277344,1157802
2007-01-16,272.24077746953554,275.59521409615843,262.68884859022705,274.020263671875,1848047
2007-01-17,273.95891073465197,276.12702331000565,271.27947254624314,273.3044128417969,828677
2007-01-18,274.69527422377496,280.2177958799723,273.6725675851662,275.4111633300781,1361253
2007-01-19,279.39960424116316,282.2631324657856,272.8748223463721,280.23822021484375,1042139
2007-01-22,282.26317736325035,282.26317736325035,275.30887759522255,276.6997375488281,871498
2007-01-23,277.7223872698866,287.17206045204955,277.7223872698866,282.22222900390625,3510112
2007-01-24,286.23124086684487,286.23124086684487,278.29515217465064,281.0564270019531,2234602
2007-01-25,277.17016623264334,301.8988827068215,275.1043354689866,294.9854736328125,5698257
2007-01-29,294.08557742782983,294.08557742782983,282.7541590631996,291.7742919921875,1168698
2007-01-31,291.4674052883637,294.00367099164316,288.39931334034526,290.1379089355469,1251336
2007-02-01,294.0854741926773,300.26254850351387,287.58116481990584,299.26031494140625,1399112
2007-02-02,300.67170753187764,318.2415925461615,300.67170753187764,315.23486328125,5515124
2007-02-05,317.85291776729485,326.15715965084627,313.35304719084235,319.5505676269531,3693214
2007-02-06,319.5505559453627,322.7618204289317,313.59848976095316,315.2552490234375,2170667
2007-02-07,316.42108698188093,319.48915108457845,313.8439031623151,316.19610595703125,1457009
2007-02-08,318.67107214675144,318.67107214675144,310.89860089115876,313.61895751953125,1207737
2007-02-09,314.1712359683233,315.8075501162889,305.9896929321125,307.6260070800781,1119853
2007-02-12,314.58026104206175,314.58026104206175,291.69239473677476,297.0308532714844,5285740
2007-02-13,296.1717687874258,314.10980144023677,289.66745961227423,302.86016845703125,4260903
2007-02-14,304.72153536426646,314.3757465058793,291.03788883682216,311.88037109375,2485794
2007-02-15,312.57579501351535,326.0344319224537,312.57579501351535,324.5412902832031,2173130
2007-02-19,326.8525541591255,332.08873064004536,324.4594607986953,327.2411804199219,2100035
2007-02-20,327.2616250679462,329.9206453892431,322.3527113578174,323.8458251953125,2195408
2007-02-21,324.3981846448956,335.8523289754076,323.9481947636745,330.3706970214844,3748645
2007-02-22,331.35240418826004,339.1248741807671,324.02992396645385,327.5684509277344,6487779
2007-02-23,327.54800514914103,330.53426059931684,305.1714652794615,309.2417907714844,4619659
2007-02-26,307.62590082141674,312.08482416787376,292.1832450598778,299.4034423828125,6128223
2007-02-27,302.3079629201308,305.9896624605116,293.77871263423253,295.84454345703125,3589856
2007-02-28,279.4814664207958,302.7170425129482,274.08164397894893,294.08551025390625,6574038
2007-03-01,302.71700379880826,302.71700379880826,286.3539210148937,298.19671630859375,4022394
2007-03-02,296.9898935227702,302.1851790589623,286.7629953735178,289.07427978515625,3403993
2007-03-05,285.4539994661512,287.1516492613915,274.9611723492488,280.9132385253906,4554717
2007-03-06,284.2881234341173,302.3079673963037,278.2746936908099,294.8218688964844,4894205
2007-03-07,297.80810240444805,301.4898017243458,287.028931423533,295.680908203125,3950452
2007-03-08,297.8081446741255,312.53491634036186,294.1673630735004,310.20318603515625,2692252
2007-03-09,312.5348751149367,313.7621174684152,301.448886511641,306.971435546875,3262728
2007-03-12,308.8531366601476,318.916445114633,307.2168229638561,314.7438659667969,3533674
2007-03-13,314.98937010532956,315.3984417046179,307.72825225530414,313.06671142578125,2147344
2007-03-14,294.5355073996816,307.29872943484935,287.4380349490173,298.58538818359375,2353885
2007-03-15,302.71702101243994,306.72598317133054,295.8445302849779,297.82855224609375,1722218
2007-03-16,295.3536539150069,305.1714821121089,289.2174974400113,293.4105224609375,3891133
2007-03-19,298.5853526288676,301.0807001204998,294.5763905629145,300.119384765625,1780641
2007-03-20,301.08070242634574,306.3987156324088,300.6716308805592,301.71478271484375,1415189
2007-03-21,304.3533467952328,314.539356277345,299.52624134379784,311.5531005859375,2665580
2007-03-22,314.58031640500815,320.71647385431703,312.984920454839,319.2438049316406,2583344
2007-03-23,319.4074490715753,325.2163441653671,319.0801862055749,320.7983093261719,2562737
2007-03-26,318.34376004570544,323.0072476178915,256.9003893440528,315.27569580078125,2665214
2007-03-28,315.8075457637946,315.8075457637946,308.035074445792,309.9577331542969,2779565
2007-03-29,306.35781370450474,319.0801167588243,304.21017412299534,312.3303527832031,3562978
2007-03-30,309.26221774049975,314.580230492318,309.26221774049975,312.4939270019531,1609354
2007-04-02,307.07367375891715,307.07367375891715,296.08996746091196,298.19671630859375,2211386
2007-04-03,298.6262750283188,303.20795436507996,296.53999885670714,300.1398620605469,2267392
2007-04-04,304.5578833215411,308.42367336774333,302.75795179538176,305.7851257324219,1610696
2007-04-05,302.6761047431296,308.812260614271,302.3079237553445,305.1919250488281,1199393
2007-04-09,306.37823238576624,313.35297617655095,304.7828369328057,311.32806396484375,1855536
2007-04-10,311.7372294869314,314.1303233881836,310.4895416580933,313.189453125,1358553
2007-04-11,313.35307928744317,319.05971994346663,312.12586439839316,316.6666259765625,1698609
2007-04-12,316.50295038629156,316.9938584577847,310.89859202631146,314.5802917480469,1685933
2007-04-13,312.9439658115145,321.3505168844065,312.9439658115145,319.7142028808594,2035423
2007-04-16,320.30738056436303,329.30706646644626,320.30738056436303,328.24346923828125,2189971
2007-04-17,329.3070020981684,332.9477829068425,325.74803005175863,327.15936279296875,2060166
2007-04-18,326.40256887463295,336.17950591703124,326.40256887463295,333.2955322265625,1835012
2007-04-19,331.27064180451634,337.0795359947189,323.6822612516694,334.7886962890625,1408192
2007-04-20,335.9750658125162,347.2042293819537,335.9750658125162,345.93609619140625,2016463
2007-04-23,347.77691357091646,355.05847687311626,342.8066353368545,344.3406677246094,2102718
2007-04-24,343.62469789226515,360.82639605882,341.5793126208611,357.2469787597656,2952584
2007-04-25,352.35853860745055,357.9424233912544,349.90405392276693,352.7880554199219,2728282
2007-04-26,355.8970765054022,359.74239378237223,349.80183777678263,353.1153564453125,4617451
2007-04-27,355.8152849652322,355.8152849652322,332.2728896561898,338.0408935546875,7988535
2007-04-30,336.2613947894069,340.3521661503662,327.2616811731268,331.90472412109375,8672438
2007-05-03,341.1702873119938,343.6247444293636,334.2159875288435,341.681640625,2757447
2007-05-04,345.2201486251917,345.4656026540244,332.17061011555774,333.88873291015625,3998536
2007-05-07,338.3067235705773,340.7611804336181,334.21595289763866,336.4045104980469,1923453
2007-05-08,337.4885440316283,339.5339293148722,330.94331666597003,333.4591369628906,2821684
2007-05-09,331.39334692387064,338.65446418179204,327.6707291852264,337.7340393066406,3037623
2007-05-10,339.5338977669673,341.37474712120473,332.988671009461,335.01361083984375,1811385
2007-05-11,331.3524235611938,334.93184126315094,327.75256059234056,332.9682922363281,3337218
2007-05-14,335.36136870455,339.53394826639885,333.7864183470749,337.2840270996094,2004812
2007-05-15,337.8976543410469,341.7838895957438,334.21598257140965,341.1293640136719,1899206
2007-05-16,341.98837755026426,348.04272448592496,341.1702345388982,346.99957275390625,1479178
2007-05-17,348.2472684258462,353.44255424026653,345.67008463512315,347.5927429199219,1671076
2007-05-18,347.2450246619282,350.57901559088566,342.3974747117181,348.53363037109375,1243935
2007-05-21,350.5789890319133,352.62437409675204,345.8745839902588,348.32904052734375,2150422
2007-05-22,347.71550159170306,353.19713242548136,344.44290146756214,351.5199279785156,2282129
2007-05-23,351.3972236060761,354.6698516446254,346.6928450413246,347.7973327636719,2286729
2007-05-24,347.6745861342652,349.71997145407715,340.3521061352662,342.3974914550781,2197960
2007-05-25,337.4885728961344,342.80658616884836,334.4205085606705,341.2929992675781,3217827
2007-05-28,346.24285920931845,346.24285920931845,337.4885998831237,338.8999328613281,968422
2007-05-29,339.94303103732005,346.3450867116364,329.3479503967576,342.0906982421875,3317805
2007-05-30,339.943051905181,341.98843749573166,338.4294649059566,340.4339599609375,2058029
2007-05-31,341.579385172399,350.98817050072984,340.35217037106224,347.40875244140625,3470860
2007-06-01,347.20414369913937,349.3518108770764,341.5793406668464,344.1565246582031,1242211
2007-06-04,341.6407455375037,345.67015340166716,337.5090836259784,338.2249450683594,609319
2007-06-05,337.4885975946159,344.4429252835364,333.11148181300734,342.5611572265625,783669
2007-06-06,340.781688581219,344.40202489627757,335.7091286863334,337.2022705078125,866684
2007-06-07,335.44320751477653,343.58385930180543,334.62506436398246,335.9750061035156,1389292
2007-06-08,335.9136408197735,340.6794105291425,325.2162778912975,333.60235595703125,3085680
2007-06-11,337.48851208117094,339.1248256935763,329.81832492105525,331.8841552734375,1469227
2007-06-12,332.98872707735114,334.99319427882,327.2616423113664,329.736572265625,1395430
2007-06-13,329.6751822699787,330.94331504458256,323.1708454656133,326.6275634765625,2958591
2007-06-14,327.261624902014,336.62949026192223,326.85255337697924,334.56365966796875,1122545
2007-06-15,335.44311191410213,338.7157389918152,330.9432704599518,332.5386657714844,684745
2007-06-18,334.6250530011138,337.07951007376477,329.32751256129694,330.9024353027344,1125911
2007-06-19,330.5343023873922,334.09327505874677,329.04116062172665,332.1092529296875,1944805
2007-06-20,341.5792941989598,341.5792941989598,332.9886820630901,337.46807861328125,3535221
2007-06-21,337.0794967125115,339.08396390660647,333.0296440883473,333.9295959472656,2045640
2007-06-22,338.3067502762837,339.53396495287393,332.9887369002186,337.693115234375,1147445
2007-06-25,337.079523159856,341.5793659183445,335.85228072407966,340.4339599609375,4543446
2007-06-26,341.57937136527414,349.76091385794217,340.3521566135431,348.8609619140625,2355536
2007-06-27,349.760870291265,351.35626589195994,340.84299451765776,342.99066162109375,1099923
2007-06-28,345.6701303605532,348.9427583230798,341.78389504390816,347.20416259765625,2012209
2007-06-29,347.1837188524566,347.1837188524566,339.73851098277663,341.9679870605469,1509571
2007-07-02,343.62470602479857,346.44734386093353,341.29297617944076,342.3974914550781,1426498
2007-07-03,342.8066281959651,358.92425982538987,342.41800186386894,354.5062255859375,3353881
2007-07-04,359.5378103644274,360.96958844532713,350.57904398496663,351.9289855957031,1757484
2007-07-05,355.897066316795,355.897066316795,344.6883499163161,348.8404846191406,2095710
2007-07-06,345.8132540384654,360.02869685479254,345.8132540384654,354.36297607421875,2912839
2007-07-09,351.82671308422965,364.0376899198907,351.82671308422965,361.4400329589844,1950872
2007-07-10,363.9558554657122,365.63308760315255,352.4403500627594,356.73565673828125,1698527
2007-07-11,356.73564209444436,360.3968683256351,353.64710492740596,357.65606689453125,864696
2007-07-12,362.85132461612227,367.28980303504125,357.49239376532466,360.2945861816406,2552589
2007-07-13,359.9060019303929,365.91943126157287,357.7788077159698,361.194580078125,2398955
2007-07-16,360.3968927890079,364.89676306355244,357.9833539608533,359.4355773925781,959448
2007-07-17,359.9878249503149,362.8104630716011,352.25627264701177,353.70849609375,1301912
2007-07-18,352.6244024673913,366.328464111855,351.80623175346466,361.9104309082031,1260095
2007-07-19,364.07858654151374,368.16935748808817,362.0332010682265,366.7375793457031,2843001
2007-07-20,370.2147654975712,385.7187888829418,369.39662233989856,377.9258728027344,5189406
2007-07-23,375.4918233797955,388.1732072784558,375.4918233797955,384.9414978027344,1595819
2007-07-24,386.63917004497154,391.07764881006983,379.21440814426614,381.48480224609375,1950131
2007-07-25,377.2098941797268,390.6685287736978,377.2098941797268,387.3550109863281,2661976
2007-07-26,392.30492901141463,392.30492901141463,373.5078326308998,378.6622009277344,5113838
2007-07-27,371.8511136583324,372.2601852747279,363.2604988995556,365.1013488769531,2518535
2007-07-30,362.44224301504426,368.9465799242901,353.851630269709,362.27862548828125,2951747
2007-07-31,366.12391831483035,370.2146886614051,357.7787601055503,368.6192932128906,2403595
2007-08-01,364.0786039884889,364.0786039884889,348.18595449798727,352.99261474609375,5095368
2007-08-02,355.07888560961607,360.76505198359007,349.84268130261444,357.4310607910156,1599958
2007-08-03,363.2604648772843,363.2604648772843,355.07892250117044,356.9606628417969,982613
2007-08-06,350.4154385168527,358.76062624246794,347.7768907931355,354.6289367675781,1765058
2007-08-07,359.4764447039163,360.37642424140836,356.1220359629627,358.4537658691406,969936
2007-08-08,360.6833126168415,364.0786402598027,359.16972548106867,362.4627990722656,1020507
2007-08-09,364.89674456929714,367.7602730501338,353.135757732217,355.8765869140625,1769412
2007-08-10,348.3290922223077,348.94272722535334,337.48855808091844,342.99066162109375,3437378
2007-08-13,347.3064893701089,350.98818937938023,341.5794035449777,348.3700866699219,1105901
2007-08-14,348.5745944296446,352.21537590223244,344.9133676886651,350.2313537597656,843756
2007-08-16,336.2614309660783,339.9431034241413,325.2163304810319,327.75262451171875,4575053
2007-08-17,326.81164434055404,330.2478895733311,306.8077802487127,326.0139465332031,7884465
2007-08-20,337.488480891095,343.58374507104077,329.30694128879924,338.6748046875,1895250
2007-08-21,342.7452538045652,343.2156889012164,329.3070609812565,332.9069519042969,2478297
2007-08-22,348.12456347554405,348.12456347554405,331.8023984340294,346.73370361328125,2144606
2007-08-23,349.76089101080834,355.4879759222935,345.6701200316923,348.1450500488281,2151217
2007-08-24,352.5222158082503,356.67435088294496,346.20196792718315,354.07672119140625,1798756
2007-08-27,355.8969988385172,360.7854669971216,354.710674862638,358.7400817871094,1298901
2007-08-28,357.53335647157684,359.9469229514231,353.89257533712106,358.0651550292969,902086
2007-08-29,350.1699799223664,361.99233135488873,345.2610655855875,359.82421875,1930054
2007-08-30,363.83317345648055,363.83317345648055,354.3016888223966,361.583251953125,4756885
2007-08-31,359.88558225698085,363.23999135506466,355.9584286246658,359.82421875,2069972
2007-09-03,359.8242264186112,360.39691555781786,351.8063014335633,355.7129821777344,2339511
2007-09-04,356.1220972913229,357.94247424179713,348.53371652711627,351.11090087890625,1817390
2007-09-05,351.80632536906086,354.26078275675144,344.2383896953657,347.26556396484375,2410235
2007-09-06,345.6292257364325,348.53367254592166,336.6704312948778,344.4429016113281,2417700
2007-09-07,347.2040907548477,348.1245154473799,343.62467370771526,346.8359375,1945679
2007-09-10,345.6701215314341,350.90632613773334,341.66115930563967,348.1654968261719,1493464
2007-09-11,349.7608192745502,351.39713287130996,343.665582293179,346.2223205566406,1490686
2007-09-12,333.50004434768715,349.71995382581633,333.50004434768715,344.36102294921875,1184245
2007-09-13,344.3610415046142,347.28596108353406,342.39749264551244,343.1951904296875,1563518
2007-09-14,345.6701356223664,347.6746306687819,338.69536275434416,339.370361328125,1804670
2007-09-17,341.5179447019147,342.07021617131835,330.12516744911295,333.1523132324219,3479454
2007-09-18,333.3978095353232,342.7247851663081,330.55472617734705,340.5771179199219,1830966
2007-09-19,349.7608883911098,365.71490063089004,345.6701174426335,362.7900085449219,2583930
2007-09-20,364.07852276039745,372.2600632202628,360.8059231986164,365.6534729003906,2580508
2007-09-21,367.3307326150847,378.3962757946769,364.1808595623128,376.86224365234375,3078048
2007-09-24,380.85084958514733,388.82785795720133,380.0327062459095,386.5370178222656,3196641
2007-09-25,394.75934342741203,398.8501141127076,384.57333494839844,394.2684631347656,2420369
2007-09-26,395.41388211153924,398.35924707626515,390.70950397798515,392.2844543457031,2153440
2007-09-27,396.39566532158955,402.94089301074496,387.0277997072546,392.77532958984375,2766810
2007-09-28,390.7094778837333,396.19110820205196,380.8507047944421,384.4914855957031,1719943
2007-10-01,382.527950691783,394.10481902037606,381.8120616642821,385.1255798339844,2501663
2007-10-03,392.7139765289363,400.8955182837811,384.53243477409154,397.0502014160156,2873903
2007-10-04,397.00928235365734,409.48613073346894,389.8913377173219,393.3889465332031,2263054
2007-10-05,396.80472131995094,416.0313320984111,390.72992890559556,406.78619384765625,5022308
2007-10-08,409.0770748801384,428.6514233809635,398.03200419182264,403.2068176269531,2767234
2007-10-09,389.0732385309362,431.2286395855025,389.0732385309362,424.9493103027344,4987514
2007-10-10,429.1218632180103,484.4290537497022,429.1218632180103,438.0806579589844,17524680
2007-10-11,445.89403620276875,452.05063831353897,432.435398306935,448.4507751464844,8627953
2007-10-12,441.72138805580056,453.2368926046536,431.678552056867,437.13970947265625,6066409
2007-10-15,448.7575311609447,463.89340018785475,437.7124607578484,460.47760009765625,7623379
2007-10-16,463.8525001925249,463.8525001925249,445.996274173307,453.564208984375,6959437
2007-10-17,425.44019312076557,460.2117496304506,404.9863363503626,452.25518798828125,14053554
2007-10-18,454.07557718762234,454.07557718762234,408.6680222392216,414.90643310546875,12389623
2007-10-19,415.21324402049544,415.21324402049544,382.48707482056557,399.3819580078125,10233675
2007-10-22,388.6232364874229,393.32761505865096,371.6465443101621,380.5439758300781,15169670
2007-10-23,396.80479812127436,422.1266791836584,387.3960128192376,410.3452453613281,11007585
2007-10-24,413.1678418202699,425.3174277683574,398.85014337142246,407.6248474121094,18347926
2007-10-25,408.5247998049684,422.1674988011926,400.895502174803,416.82904052734375,27081723
2007-10-26,411.12245596615526,424.17202149285635,403.0431957437486,405.27264404296875,8246107
2007-10-29,413.1677940373852,418.03581704180107,405.0271712453058,407.2157287597656,7941472
2007-10-30,409.0770653631544,419.7130642421677,401.71366660650733,408.8929748535156,6107084
2007-10-31,409.07706650102284,422.1675224341259,407.0316810299997,411.7769775390625,10274420
2007-11-01,415.2131955494686,439.3487480576113,376.45315589468555,384.5733337402344,14084832
2007-11-02,347.81783191452536,378.3963364424002,347.81783191452536,366.10357666015625,19492318
2007-11-05,367.35123651645694,388.62323563902936,361.62415130542126,385.268798828125,9856104
2007-11-06,388.6232173071126,393.49124089204196,370.4397565567428,375.4100341796875,8708825
2007-11-07,394.75940965150045,394.75940965150045,362.2377744772717,368.1080322265625,10839160
2007-11-08,364.0376899198907,366.1239658915112,348.12456848689425,361.4400329589844,10833426
2007-11-12,350.86545020528655,352.910835950337,338.3067911499062,341.1907653808594,17654586
2007-11-13,343.6247892052125,352.21540408720966,338.736319600847,341.2726135253906,18223378
2007-11-14,351.80627554829766,363.4240628812577,345.6701190962294,351.5608215332031,14877265
2007-11-15,353.85168030913997,377.10772921231614,353.85168030913997,369.00799560546875,10038461
2007-11-16,365.71489125390474,375.4918285834305,364.1194956115555,373.4668884277344,4690847
2007-11-19,385.75968032931894,385.75968032931894,369.0897791688199,371.6874084472656,2914619
2007-11-20,366.9012639871095,372.4647042066938,363.6695540382241,370.21478271484375,7493187
2007-11-21,370.21476398111577,375.1237060178889,360.3969076111845,368.2102966308594,12983451
2007-11-22,359.98783242664797,374.7146029821631,352.62446100069775,370.80792236328125,4582611
2007-11-23,375.53275383923955,378.39628240183555,370.2761040647715,375.3486633300781,4693518
2007-11-26,379.62355145258226,389.4413801881751,378.3963090088256,387.37554931640625,4701403
2007-11-27,396.15026800657887,396.15026800657887,372.66923710988124,374.65325927734375,7330157
2007-11-28,376.3509351981901,381.25984971981075,369.82615187004905,372.2806091308594,4762049
2007-11-29,378.39627191012664,380.4416573134441,367.41256531500943,374.2032470703125,9664157
2007-11-30,374.7350641648917,388.5822999287408,374.4078013760147,384.3279113769531,5137887
2007-12-03,384.9415422015569,388.62324187513127,375.20552211981925,377.966796875,3716097
2007-12-04,380.44169689965895,383.71432496693967,373.50784215424727,375.0623474121094,3155529
2007-12-05,375.53280044358047,378.35541111989426,371.2783837528591,376.5350341796875,7268153
2007-12-06,377.9872126021206,389.56408161587177,376.3508986857919,384.79833984375,10396951
2007-12-07,390.6686349111271,407.39990131203115,387.8664695664748,392.2026672363281,14910029
2007-12-10,394.75939374432204,404.7408677316929,390.6686225376077,398.11383056640625,5641428
2007-12-11,400.0773564828241,426.8719017067134,398.850114195536,423.86517333984375,11088214
2007-12-12,409.7110722115114,437.5896564232075,403.75897968858754,433.1102600097656,7349570
2007-12-13,434.4398425143882,434.4398425143882,402.12277369549355,404.2295227050781,8689561
2007-12-14,402.0410355754719,408.6681017475059,386.5779273467601,390.3823547363281,6864177
2007-12-17,388.5822623432808,388.6231805767878,365.7353159469818,370.1329040527344,9867630
2007-12-18,372.2601318359375,379.5621671844827,370.2147463439619,372.2601318359375,5124601
2007-12-19,377.9872306011914,378.39630217384956,368.57844591198165,370.5420227050781,7283480
2007-12-20,370.5420700055578,380.19628224857433,368.98759229030156,375.92144775390625,5136659
2007-12-24,378.3962641304203,402.9408884656008,376.35087876915526,397.7047119140625,7673238
2007-12-26,392.3049350317521,404.9863201824097,389.0323069976918,402.3068542480469,4526006
2007-12-27,407.0317029011867,407.0317029011867,387.8868982962729,394.92303466796875,8538927
2007-12-28,390.6686032758909,398.318346717497,382.11888023987933,385.10516357421875,5588459
2007-12-31,404.0454584795688,418.6495025174568,392.7140148407143,407.60443115234375,9956733
2008-01-01,409.07706877979285,409.07706877979285,394.00259079507765,395.8229675292969,2945314
2008-01-02,396.80478424868625,402.00007094832137,389.44138490420767,395.270751953125,5287686
2008-01-03,390.6685405059191,394.697947359194,384.1642317210999,388.2549743652344,5097441
2008-01-04,390.5867282802499,392.2639324724189,384.9414530608935,387.94818115234375,4499385
2008-01-07,384.5324224121686,387.7232136206801,378.3962662932998,383.3256530761719,5724909
2008-01-08,391.42540710619244,401.100062993566,385.3710594238529,399.21832275390625,8578334
2008-01-09,402.12286976957705,402.12286976957705,390.2800707363145,398.5025329589844,5854734
2008-01-10,400.07731461186796,400.07731461186796,390.79125892323185,395.76153564453125,6064761
2008-01-11,396.8047469857674,402.1227602022248,383.3051920231372,394.697998046875,5761107
2008-01-14,372.81240329530425,396.8047871444449,369.3557123621204,371.1761169433594,12253051
2008-01-15,372.26011698943444,373.896430858478,345.6701066542168,350.90631103515625,23642084
2008-01-16,345.6701692863387,358.35155558785027,335.54552213698855,354.07672119140625,17633859
2008-01-17,353.85164942977195,366.69667871341153,346.488278550898,356.6947326660156,11180714
2008-01-18,353.892620129585,364.07863048871525,349.7609304474438,357.144775390625,7200791
2008-01-21,363.260398555877,364.0785415626719,328.16158706228657,339.1248474121094,9506786
2008-01-22,331.3523777988191,368.0875029836337,286.7630021842196,344.6269226074219,13027061
2008-01-23,349.76086880115724,413.5359959514034,331.76147209527716,346.91778564453125,7687900
2008-01-24,344.03383809416675,355.4880089823649,340.04534848522866,348.4314270019531,6481352
2008-01-25,351.80627689903014,378.3349247894068,345.67012042340264,374.346435546875,6583824
2008-01-28,368.14885814791114,368.14885814791114,345.6700665100407,355.5288391113281,5403360
2008-01-29,367.3512246612918,367.3512246612918,345.6701269562121,347.9405212402344,8065841
2008-01-30,351.8062744140625,355.4879738141562,345.75192675200736,351.8062744140625,7348853
2008-01-31,352.6244824724282,366.53308302511726,347.71554018593537,351.33587646484375,11642382
2008-02-01,352.62442398463975,377.9871912954193,348.2268357768207,372.0351257324219,5664881
2008-02-04,386.4550826003973,386.4550826003973,356.9401806721241,377.578125,6577788
2008-02-05,382.4870910644531,387.1914697756494,372.26016275514644,382.4870910644531,5234634
2008-02-06,368.1897505304201,370.0919634603803,355.9583576624444,367.86248779296875,6120545
2008-02-07,370.2147768411506,375.12371904844406,348.1655244079529,353.64715576171875,4098494
2008-02-08,357.5333537055016,364.07858159028734,347.71549802651657,361.194580078125,2850477
2008-02-11,360.3968747645301,386.45508646098597,337.48856379163567,346.9791564941406,7647667
2008-02-12,335.44322458475193,355.8970814316037,335.44322458475193,351.3154296875,5362843
2008-02-13,361.9309844384138,361.9309844384138,336.2613954807957,351.3154296875,4123271
2008-02-14,359.98780725539314,368.16934895900687,354.26072252214095,358.8014831542969,4164677
2008-02-15,349.0450057058462,363.9967846004997,349.0450057058462,360.2332763671875,3179953
2008-02-18,364.89681672732064,365.7149599683147,353.09493702463624,359.8856201171875,2702105
2008-02-19,363.66951045263835,365.6944506340619,357.9424256581279,363.5467834472656,3299348
2008-02-20,355.0789412873005,359.57878429151293,351.80631308226435,354.7516784667969,3614756
2008-02-21,356.91972206962015,361.27639194059,348.94271660531314,355.4674987792969,3092424
2008-02-22,351.8062780267308,355.07890590566785,346.44737411563335,348.1654968261719,3509963
2008-02-25,355.48799480245526,355.48799480245526,340.78166930407457,347.7973327636719,7483856
2008-02-26,352.3176184221402,352.3176184221402,340.3521233908625,343.33837890625,7638677
2008-02-27,346.8155980587518,350.5791067334508,341.37485699968755,344.3406677246094,6024575
2008-02-28,345.17921811834793,347.71548377720706,340.55664886323143,346.1405334472656,5519489
2008-02-29,346.89733887892623,346.89733887892623,329.81836704393794,337.9999084472656,7638600
2008-03-03,331.2502029410737,331.2502029410737,319.0801427415912,324.0913391113281,4997354
2008-03-04,324.39817130563074,326.4435571059321,307.21691396092837,313.72125244140625,6484781
2008-03-05,310.89849983391844,312.84163086801215,302.75787786392516,307.2372741699219,7153695
2008-03-07,302.7170212612978,314.866607050708,298.66716856603216,307.2577819824219,16904813
2008-03-10,306.7873598651895,338.7158308290026,299.93531410963874,329.38885498046875,10229645
2008-03-11,325.6253604263911,325.6253604263911,314.1916627404687,322.41412353515625,7127332
2008-03-12,327.2616619368011,336.5477195832877,324.0913157035903,334.62506103515625,6480848
2008-03-13,327.2616509851747,331.76149352642284,310.98037582154024,319.34600830078125,4843782
2008-03-14,319.34609275667174,321.1255794362625,303.18754032767856,307.99420166015625,8146648
2008-03-17,298.6262412379454,310.7758266574729,288.8902222303121,303.7806091308594,6123170
2008-03-18,299.13765122110453,317.03476997034306,299.13765122110453,310.3054504394531,11204920
2008-03-19,316.91191959312255,325.62525801097905,312.7802590788078,318.15960693359375,7744072
2008-03-24,326.85251524319693,330.5342139461898,317.48465097623455,327.42523193359375,5217535
2008-03-25,331.6591431546206,346.283627165828,330.5341828460662,341.0065612792969,7035249
2008-03-26,341.5793178524085,346.48825920112864,324.90944564250077,328.77520751953125,7086449
2008-03-27,327.73209905918384,340.7612198422081,317.54608943294033,338.3067626953125,9338878
2008-03-28,338.3067807430186,345.6701525765204,327.8139530247951,338.7362976074219,8073277
2008-03-31,337.7749274171549,343.58382070537306,330.1456298082155,337.9999084472656,4628567
2008-04-01,339.53393369941995,342.39748975510616,325.2571547653876,328.5297546386719,6424625
2008-04-02,334.21592600064844,343.2156096753933,333.47956406774676,336.7112731933594,5289373
2008-04-03,337.07950602557844,339.12489151215897,330.5342780092435,335.3204650878906,4557209
2008-04-04,333.3978094119364,338.6749045657518,318.6505940585517,320.6755065917969,5526255
2008-04-07,323.17089825513506,340.74075258808455,318.384710893926,334.95233154296875,5005085
2008-04-08,335.0341426777614,341.1702995429748,326.32080159137524,338.8999328613281,5173714
2008-04-09,338.89992489023916,339.1249059448564,332.27286011765585,336.220458984375,3459114
2008-04-10,336.220418726532,336.220418726532,323.21177246843683,326.7093811035156,6428921
2008-04-11,328.89797162176365,334.9932099841805,326.44351452230245,329.34796142578125,4370385
2008-04-15,327.77304447393465,344.83154660726535,322.9663838232821,334.0932922363281,5995761
2008-04-16,342.80659270454566,344.11564385531653,325.2162663473858,330.3501892089844,6291990
2008-04-17,334.2159708770896,338.7158133186729,330.22745401942234,336.83404541015625,5428072
2008-04-21,339.5339507657978,355.87658879952363,337.48856535333147,350.1290588378906,6221297
2008-04-22,353.8516208690795,355.058390133633,346.48825058453076,350.169921875,5102851
2008-04-23,359.9265044050318,359.9265044050318,342.52026623375997,345.69061279296875,6251069
2008-04-24,346.9791533796767,356.858372267474,341.7225037989541,344.8519592285156,7150171
2008-04-25,348.5336873330667,384.4710929567565,345.670130935192,377.33270263671875,18853249
2008-04-28,378.39629427051597,388.6232218914384,372.9146632819906,379.64398193359375,13385640
2008-04-29,376.41227595854934,380.03261197348195,367.49439941785215,368.6602783203125,8271027
2008-04-30,372.2601515268734,375.61458834372655,364.09905439408436,367.4534912109375,9531034
2008-05-02,368.16932471412713,375.4713593459372,363.4853921202209,368.2716064453125,6983329
2008-05-05,371.44205017900305,372.1579393751868,362.1969095500159,365.69451904296875,5885706
2008-05-06,370.2146699750273,400.8136372718069,343.6246640644071,346.2223205566406,19753039
2008-05-07,347.7155831058623,347.7155831058623,326.44358034955366,333.8683166503906,23160308
2008-05-08,331.352476127645,341.57940525823955,329.3888990857025,339.2067565917969,12010102
2008-05-09,328.0797776789454,351.8062295706231,328.0797776789454,344.36102294921875,14521081
2008-05-12,337.59087395213055,346.365578346836,335.46367960277524,342.7861328125,6268762
2008-05-13,344.44292438379136,346.03832016711027,333.45918901531525,335.46368408203125,11809835
2008-05-14,335.4431492820332,347.71546063516644,333.39776405651094,347.2450256347656,8278661
2008-05-15,347.3064051853276,352.3789641035394,343.93152356275056,350.25177001953125,9753022
2008-05-16,353.72893880873147,353.72893880873147,343.7270200017226,348.7177429199219,8127355
2008-05-20,347.7155212041769,347.7155212041769,329.3070509678821,339.370361328125,9909849
2008-05-21,337.0795148922408,339.0839821944428,333.3978153788284,336.4454345703125,4334800
2008-05-22,335.4431282425702,337.44762281409544,331.3932762774204,334.50225830078125,4996455
2008-05-23,335.443165134906,345.6700917458364,333.3977798127199,342.66339111328125,8013077
2008-05-26,351.8062575211703,357.5333421236915,348.758638569828,353.21759033203125,7757081
2008-05-27,340.9043847444645,357.1038237262607,340.9043847444645,352.9312438964844,6214096
2008-05-28,344.1361101820981,362.72867130698756,344.1361101820981,361.7264099121094,6578534
2008-05-29,364.1195256263223,366.8603273575029,344.8110756796685,351.1722412109375,8958875
2008-05-30,354.26072902709274,359.94692333247684,349.35181499623184,358.3310546875,3323501
2008-06-02,359.9878541151221,363.0559465051581,353.8516970386663,358.9447021484375,4174390
2008-06-03,351.80630502088485,355.3448324550214,340.8634876090862,344.1974792480469,10133894
2008-06-04,344.4429174020814,349.7609032386845,327.670733638448,331.49560546875,10806090
2008-06-05,331.49557779926863,339.98393686544625,317.0756260343544,336.486328125,14337715
2008-06-06,340.3521157316937,341.98840187079037,326.0548633549692,328.0798034667969,8743729
2008-06-09,331.22975860355615,331.22975860355615,306.80785501746453,319.6119689941406,13504481
2008-06-10,319.48912543712845,323.1094607342838,310.89851339486603,317.56646728515625,10674769
2008-06-11,317.4029637136763,336.6295798390125,311.430423666598,330.0843505859375,10163914
2008-06-12,327.670740280193,336.5886447782393,314.58028350547795,335.46368408203125,9749708
2008-06-13,328.22298990799345,336.8749668269138,328.22298990799345,333.97052001953125,4176831
2008-06-16,347.715512603222,347.715512603222,334.6250562848808,343.7679138183594,6685749
2008-06-17,335.9545483418933,343.6042917910649,335.9545483418933,340.5771179199219,3643421
2008-06-18,351.7653238231188,351.7653238231188,329.3887866953385,332.19097900390625,6336113
2008-06-19,335.4431792686304,335.4431792686304,324.60264491536725,329.4501953125,6715904
2008-06-20,330.77965929736473,330.77965929736473,308.83266760142135,313.2302551269531,7918704
2008-06-23,310.4894610575121,315.39837461196356,300.67160624499866,310.38720703125,9625644
2008-06-24,317.0347642462281,317.0347642462281,303.1670538172666,307.0942077636719,6642192
2008-06-25,304.74196206426154,322.2709246846101,298.6671691575257,319.0392150878906,6828367
2008-06-26,321.9436512885479,321.9436512885479,308.85316808970987,314.76434326171875,9188355
2008-06-27,310.03953670146865,310.03953670146865,293.9219051713327,305.96923828125,13935971
2008-06-30,309.9986236407418,309.9986236407418,292.89920489429267,295.0468444824219,4756395
2008-07-01,302.65559297337666,302.65559297337666,281.40404502416095,289.176513671875,10525593
2008-07-02,302.59433402310003,310.48953237862935,282.7745570573699,303.657958984375,16112067
2008-07-03,304.96695132167594,304.96695132167594,286.02668302126546,289.5242919921875,9836319
2008-07-04,289.52428427491674,296.94904655390013,287.2539177610299,293.36962890625,7604357
2008-07-07,275.12470357627825,308.4440242518266,275.12470357627825,297.66485595703125,4580809
2008-07-08,294.94456574409406,294.94456574409406,284.30856632823,290.874267578125,6542642
2008-07-09,296.5808551524824,309.957682864931,295.9672478438638,305.3351135253906,7879066
2008-07-10,305.37602315700076,310.03948289689214,298.6262321379176,303.4328918457031,8912425
2008-07-11,306.78735790606044,314.8666183191936,300.6716465557929,304.7215270996094,6892702
2008-07-14,295.04686957464554,307.4009926847255,295.04686957464554,301.0194091796875,5014281
2008-07-15,294.0854875911683,301.0807052827665,284.45172238951795,290.4651794433594,5956607
2008-07-16,291.56965489420463,301.44887369398253,286.3539235950173,299.0148620605469,8271407
2008-07-17,310.48944348913267,312.0439483921299,303.2283275945722,306.582763671875,10672433
2008-07-18,327.09800431443983,332.57963472803124,299.8534697735222,328.5297546386719,12461243
2008-07-21,329.7979739391905,339.08400439996757,316.3188626757961,326.66851806640625,7583159
2008-07-22,311.8189976315422,335.443199110397,311.8189976315422,318.3437805175781,11049204
2008-07-23,327.67073963595755,338.7158384900466,321.18687476867683,333.88873291015625,14672957
2008-07-24,341.9883791779636,352.6039316300959,323.4162944805144,327.1184387207031,18834014
2008-07-25,318.9573924677548,335.1568593917243,317.09609742694397,325.97308349609375,6233008
2008-07-28,287.39708365758247,333.3977966070693,287.39708365758247,325.2776184082031,6173706
2008-07-29,325.62526554273853,325.62526554273853,312.14618614583765,318.2209777832031,6724905
2008-07-30,343.50203126009956,343.50203126009956,321.1255163372844,331.3115539550781,7063035
2008-07-31,337.48855309751497,337.48855309751497,322.39360320688826,326.7298278808594,11328265
2008-08-01,323.1299510831143,337.3658113602415,315.2347546033951,335.5045166015625,10261436
2008-08-04,333.3568617137611,337.3657955589607,329.368345428364,333.80682373046875,4027245
2008-08-05,317.0346637679262,345.73141874811836,317.0346637679262,343.66558837890625,5649410
2008-08-06,347.7154931504193,362.8104436211126,346.93824059724494,355.6515808105469,12155386
2008-08-07,354.6698110879711,354.6698110879711,342.2338536671561,347.4495849609375,9175681
2008-08-08,353.8311853633651,353.8311853633651,340.3929947457928,343.972412109375,4102500
2008-08-11,353.4425411664265,353.4425411664265,344.48374787613244,345.89508056640625,4369045
2008-08-12,350.9880865348569,350.9880865348569,334.78862232218466,336.77264404296875,6193927
2008-08-13,335.42274024242795,338.7567038371728,332.211475949361,335.7908935546875,3702563
2008-08-14,335.50450538760236,341.33384345566935,331.556907279688,334.8704528808594,5371107
2008-08-18,339.0430675061744,339.0430675061744,327.62981644985376,330.9842529296875,4005156
2008-08-19,333.356935502804,333.356935502804,319.93918819856736,323.9481506347656,5799356
2008-08-20,325.6252831183413,335.03406590373146,324.33670515484397,333.80682373046875,5689485
2008-08-21,333.2751149577082,334.09328586130636,325.74809778485684,326.95489501953125,2359164
2008-08-22,330.4115626684712,333.9705352030065,323.8663344210223,331.2297058105469,3010636
2008-08-25,332.1706522703618,336.99775846284604,332.1706522703618,334.011474609375,2996150
2008-08-26,323.6822334057879,332.5387462163552,323.6822334057879,330.8615417480469,3880068
2008-08-27,332.94784198466306,332.94784198466306,325.21628924756874,329.2456970214844,4950184
2008-08-28,335.8522725177281,336.6295251179409,325.7685447967036,329.1025085449219,8616660
2008-08-29,331.4341666206803,345.11780981283613,330.1251434302028,342.60198974609375,6224717
2008-09-01,342.3975381080763,342.3975381080763,331.45472100053917,333.88873291015625,3588631
2008-09-02,347.18365604441476,347.18365604441476,329.59336003586316,341.4361267089844,4512966
2008-09-04,343.6247508921877,343.6247508921877,333.41829592915184,337.81585693359375,6555047
2008-09-05,337.36583648459964,337.36583648459964,326.50485690366327,328.6524963378906,7173585
2008-09-08,341.17028293497293,341.17028293497293,332.82512330225626,335.36138916015625,5106415
2008-09-09,337.48854430988405,343.50197316907355,331.76145997135717,342.3565673828125,4889979
2008-09-10,339.12489286233466,341.5384593816266,331.14788666255,332.17059326171875,6008086
2008-09-11,330.94335728745057,331.3524288535885,316.6870220526066,317.8324279785156,13976428
2008-09-12,317.85290054973893,322.7618147444506,304.7624165244844,318.60968017578125,9549990
2008-09-15,312.9439697265625,315.76660795504176,302.7170417059684,312.9439697265625,9621370
2008-09-16,310.8986218057247,320.6755611918014,297.9104174897587,316.6666259765625,13255100
2008-09-17,318.834639838118,318.834639838118,307.3191080468249,315.0506591796875,8700845
2008-09-18,306.7669274787451,314.9075517911122,285.94489004710516,311.4099426269531,27756252
2008-09-19,325.2162453586469,335.3204451840882,317.709674696637,329.65472412109375,28706651
2008-09-22,333.39780756912063,333.39780756912063,326.8730248007414,330.8615417480469,7899544
2008-09-23,327.26167547210036,328.2434639060614,319.1210511329783,324.2549743652344,7948585
2008-09-24,327.261643462074,333.27507279123773,318.7323936372938,331.5774230957031,6966257
2008-09-25,327.46618825628263,337.48857998216096,318.3233308573096,323.5390625,16228427
2008-09-26,327.20027875837593,327.20027875837593,313.9870960365042,317.44378662109375,8288634
2008-09-29,317.8529439778436,317.8529439778436,290.11749464775994,306.9101257324219,14631069
2008-09-30,304.7624266584983,326.85259667647523,266.3091995461707,321.06414794921875,15376472
2008-10-01,335.0340821389661,335.0340821389661,307.72818486724776,323.45721435546875,6191785
2008-10-03,327.1389230503249,327.1389230503249,303.9851848360157,309.3849792480469,9322230
2008-10-06,311.7167822008232,311.7167822008232,292.1424311182664,297.70587158203125,11935890
2008-10-07,310.89861019114835,314.1712385135928,299.91490159675055,306.0919494628906,11273276
2008-10-08,300.54888685157505,303.5351699146074,288.4197749176304,299.99664306640625,13030039
2008-10-10,286.3539133785758,291.54919922686287,265.61371592227937,283.20404052734375,26682432
2008-10-13,306.1737521501872,310.03951449424034,283.1222395502851,302.6556701660156,9696978
2008-10-14,312.90306411267153,321.0641331643488,307.6259689542633,313.5984802246094,12035482
2008-10-15,310.36677626959255,310.36677626959255,284.39039926466916,292.4287414550781,12783592
2008-10-16,290.3015077855554,308.44407592459453,267.2704713545024,298.8921203613281,11997828
2008-10-17,308.85319635047176,314.17120996529934,272.7112543111578,277.0065612792969,11211857
2008-10-20,322.1891180371853,322.1891180371853,276.1270363124249,289.6675109863281,13267381
2008-10-21,293.1651893190144,303.53529234785253,274.89988636395617,296.3150634765625,9671249
2008-10-22,292.244748999914,292.244748999914,269.99092898671,272.54766845703125,11269215
2008-10-23,265.7773417717769,265.7773417717769,248.6779246156326,251.60284423828125,13063970
2008-10-24,247.4916240024526,247.4916240024526,206.5839268284636,219.71530151367188,16792639
2008-10-27,224.74692597098127,241.29411351386753,197.58421286644355,230.96490478515625,17223115
2008-10-29,268.31367165290544,268.31367165290544,235.81248253953112,252.17556762695312,20221249
2008-10-31,261.25706842448807,272.8544104021042,244.25990437773788,267.43414306640625,22309516
2008-11-03,282.26316550716547,286.5584721987073,271.6271666660327,282.8768005371094,7743127
2008-11-04,291.40604060952495,299.03531065799825,271.03399548413796,293.28778076171875,12132034
2008-11-05,302.79883396096307,305.9896250640704,278.5814730532984,280.3609313964844,9958830
2008-11-06,277.3542718380762,277.3542718380762,253.1369073461522,261.56390380859375,12227634
2008-11-07,259.3548861873443,269.9090775722021,253.6278006515053,265.1024169921875,9885616
2008-11-10,270.3999655618826,296.49906980027333,269.99086628688417,291.1197204589844,6259289
2008-11-11,294.269576166663,294.269576166663,266.3500690864738,269.765869140625,9594041
2008-11-12,265.9001106664344,275.75888571102126,249.57794346924695,258.5162658691406,11050511
2008-11-14,261.8093489221087,275.5952505722741,259.4367003382934,264.87744140625,13859938
2008-11-17,269.8681739216681,275.71795849091626,253.64826129970407,271.79083251953125,8281138
2008-11-18,258.22982506304487,269.99078141305876,251.82777110222003,254.81402587890625,11138144
2008-11-19,259.109426854717,261.44118480379467,246.3257871900435,250.4983673095703,15758115
2008-11-20,244.341712984004,245.32350122129284,235.83290929777758,242.1940460205078,11047766
2008-11-21,239.31009910634157,257.92310619897665,237.7147032475928,253.15736389160156,11367460
2008-11-24,251.58241666698075,265.0001647637273,244.2394899425707,260.9093933105469,10251341
2008-11-25,269.9500425443723,272.0363191560736,252.68697416884436,256.81866455078125,9719551
2008-11-26,260.58206176023225,269.45901851247214,255.30496742333807,267.1272888183594,9573619
2008-11-27,267.1272888183594,267.1272888183594,267.1272888183594,267.1272888183594,0
2008-11-28,259.7639843960355,277.272505619053,257.71859847399094,274.51123046875,16764083
2008-12-01,277.2315331392207,284.2471963371848,263.9569863657012,266.18646240234375,10134249
2008-12-02,261.80933277143083,276.1270321724099,254.44596113023937,274.42938232421875,10510375
2008-12-03,283.7766887288293,283.7766887288293,264.46827206796803,271.6271057128906,11010844
2008-12-04,273.6725204891924,282.2631328792532,267.5772830561516,280.5041198730469,9906181
2008-12-05,278.17240257799267,284.7176583945686,269.9908605108866,271.9544372558594,6616175
2008-12-08,281.7722907821652,293.26735118987153,277.35425699690273,286.86529541015625,9709908
2008-12-10,290.85375322406725,302.7169933746116,289.21746716491134,300.9988708496094,12807661
2008-12-11,294.98548124251835,306.68507772092187,292.9196504255696,303.6988220214844,11136720
2008-12-12,300.67166385596136,300.67166385596136,290.4652085436856,295.96728515625,10487140
2008-12-15,306.7260019695852,306.7260019695852,296.70360980992507,301.6534423828125,5581198
2008-12-16,304.7010788138496,306.76693749127884,296.27410965632725,304.6806335449219,6012427
2008-12-17,310.08040963502384,310.08040963502384,287.82662426750863,290.1379089355469,7524115
2008-12-18,295.6808829751767,295.6808829751767,285.59712894184963,290.50604248046875,13057166
2008-12-19,294.4945617287672,299.4443935462734,286.3948293809542,295.23089599609375,8182926
2008-12-22,298.99445263356034,299.8535140363542,291.3447087840114,295.3945617675781,5324524
2008-12-23,298.0945202150466,298.0945202150466,286.86535669221104,290.7925109863281,6126916
2008-12-24,290.03562706130595,293.30825477715644,278.23374972201117,282.0177307128906,12617680
2008-12-26,286.31304587366674,286.31304587366674,277.51786901203866,280.7904968261719,3905086
2008-12-29,282.2223358393636,293.2674086134051,272.0362968852798,291.28338623046875,3210406
2008-12-30,293.71731994053255,300.2625475265556,288.3993069436072,295.59906005859375,4812284
2008-12-31,296.5604311531042,298.1967451303736,291.05835483962613,292.69464111328125,4301735
2009-01-02,295.1695873404338,295.35367786737174,285.9448927612401,288.35845947265625,8615724
2009-01-05,290.5470142359506,292.08104653640856,277.0474579625199,280.48370361328125,12192769
2009-01-06,286.10854606298545,286.10854606298545,266.41146860643653,268.763671875,17544468
2009-01-07,272.40439166546537,273.63163389753373,250.35514364589983,265.9000549316406,16811443
2009-01-09,264.2637912303224,267.536391286434,248.57567865699062,261.3593444824219,16301687
2009-01-12,258.65940031721175,260.7047854786869,248.78018250731225,255.2026824951172,9123665
2009-01-13,253.64825961195314,257.3094862603745,242.93042355629186,248.3302459716797,10885779
2009-01-14,253.50507139622522,259.7639271123529,249.5369997573936,254.7527313232422,8419957
2009-01-15,251.5823606282904,251.5823606282904,238.90097748886788,246.93934631347656,9480078
2009-01-16,252.3187560660819,261.4002501435999,248.71886532203604,259.66168212890625,7023213
2009-01-19,259.35486131123747,267.4545946048804,257.7185473574287,264.61151123046875,4537967
2009-01-20,260.58211581641757,260.58211581641757,249.5370168924552,252.13467407226562,6729270
2009-01-21,226.36281800569716,249.00523338703672,226.36281800569716,238.5124053955078,11134576
2009-01-22,239.31005673548216,255.1413409067466,237.2646713983959,253.3004913330078,18118227
2009-01-23,251.5824481277359,255.6732200924734,246.7758146172465,250.82566833496094,7197028
2009-01-27,251.8482848998821,265.85919340529813,251.37784984229262,264.83648681640625,10275290
2009-01-28,266.55453233347913,269.99077671893207,259.84568875900703,266.779541015625,11667696
2009-01-29,272.0362651019292,272.0362651019292,253.75052117831834,256.65496826171875,14019282
2009-01-30,253.6277719989434,260.17302770254526,250.43698062114754,259.33441162109375,7192976
2009-02-02,257.5958315391119,257.5958315391119,248.33021995289806,251.90963745117188,7424854
2009-02-03,254.8550440494357,260.56165663255905,251.09153543337686,255.67318725585938,5874635
2009-02-04,258.96621631201754,261.80929948108883,256.1640513776914,259.4775695800781,6579151
2009-02-05,264.2637582124136,264.2637582124136,252.80959018810958,257.166259765625,5033191
2009-02-06,259.7639116147936,265.65464136640975,258.5775875583223,264.69329833984375,4605069
2009-02-09,265.45014206123153,273.6725751171712,261.4820701141243,272.34307861328125,4085372
2009-02-10,271.13635586193686,272.8544789790606,265.1229249520037,271.4431457519531,6268449
2009-02-11,265.96143945606786,277.76331688912916,263.85469054167817,275.4929504394531,4992536
2009-02-12,274.0816083778428,275.9224579577063,263.8546816583856,266.247802734375,6403605
2009-02-13,269.49999912998356,272.0362651595682,263.26156039844886,266.6159973144531,7390648
2009-02-16,266.6159079334018,266.6159079334018,256.9412544552789,260.8888244628906,7323092
2009-02-17,256.90039910284185,260.6639072696497,255.26408518170513,258.8026123046875,9814436
2009-02-18,256.90036384658765,266.5954913322269,256.28675659922607,262.1570129394531,5833053
2009-02-19,260.66389765249244,266.3500640779906,260.2752713790849,265.2660217285156,5122333
2009-02-20,258.12760152960186,266.4932049442074,258.12760152960186,262.9137878417969,4259833
2009-02-24,258.12764949805825,262.6274921434314,256.49133552602774,260.4389343261719,4023137
2009-02-25,262.6275032346262,269.9908748643095,260.3162183089032,262.11614990234375,7779938
2009-02-26,262.6275594603724,269.99093266647503,258.2708879764182,266.8001403808594,8792543
2009-02-27,264.95918648697767,264.95918648697767,255.69360315748872,261.1956787109375,7242156
2009-03-02,258.8230817130444,258.8230817130444,250.35519447378798,252.3187713623047,8230395
2009-03-03,255.61181964359787,255.61181964359787,243.13496972413435,245.91671752929688,10934309
2009-03-04,247.08255766454806,248.30980010275283,240.98731912001966,245.71214294433594,7653361
2009-03-05,248.3097856206891,248.3097856206891,235.21930195656344,241.25320434570312,9606111
2009-03-06,238.49191431129992,247.69616220427721,233.19437430831744,246.36663818359375,7335492
2009-03-09,241.43727405385405,245.7325804115488,238.10328299566592,240.4350128173828,4815861
2009-03-12,255.14134097973366,255.14134097973366,221.3515923776415,224.35830688476562,33009169
2009-03-13,228.55135683716588,233.13302188420394,222.96745818838457,228.121826171875,32665014
2009-03-16,229.90130521973376,235.95565258258185,228.87861253156126,233.70570373535156,13876996
2009-03-17,235.21927314030404,239.2282348296406,230.92398079053766,233.80796813964844,9378660
2009-03-18,235.1170560785087,236.73289708530064,227.85593877438774,233.07167053222656,20671784
2009-03-19,234.91253544412885,235.58750634610064,231.02629988520175,233.46031188964844,7336575
2009-03-20,233.173893082682,234.40113532615936,226.21959424593857,232.928466796875,8864762
2009-03-23,233.99214179437402,245.44628650178782,232.51947277429989,242.66456604003906,12652729
2009-03-24,245.42580654610256,254.32323833418056,243.68723842911405,246.9598388671875,10180112
2009-03-25,243.40084309700524,248.3097848445638,238.16466626988935,241.76455688476562,10544301
2009-03-26,242.17363298033143,255.67316070620143,238.75783281134514,254.38458251953125,15475940
2009-03-27,255.7140789437202,260.11166748063386,249.12793262363292,254.38458251953125,9128188
2009-03-30,238.34878796736942,252.97327797633582,238.34878796736942,249.39385986328125,6964763
2009-03-31,252.99372480492892,260.78664060846177,251.07106628976703,255.97998046875,11743064
2009-04-01,256.24589349094583,256.24589349094583,242.9917912529221,251.5210418701172,17640328
2009-04-02,255.67319859046356,265.6955918315533,253.8937121043482,261.2775573730469,10125823
2009-04-06,264.05915444006826,274.69517785433084,262.6478496938105,269.8885192871094,9043792
2009-04-08,263.85473791349125,274.8998377475407,255.40729547329235,270.9317932128906,13215926
2009-04-09,273.26348765089676,282.26317281796537,269.99085975180975,272.4657897949219,7569590
2009-04-13,273.67261185955874,277.9679194886524,266.92284668578577,271.34088134765625,6653381
2009-04-15,269.9908211540727,281.444989459782,266.8000301863269,280.23822021484375,9501824
2009-04-16,282.140406299956,288.3583984375,272.0362071689106,273.181640625,9970294
2009-04-17,276.1270057267845,283.0813328205325,273.3452859707304,278.39739990234375,12809279
2009-04-20,278.82691398994456,284.51308045096744,272.58850371779357,281.5268249511719,6874108
2009-04-21,274.08161449068075,301.48979533227737,274.08161449068075,294.3309326171875,13155868
2009-04-22,298.5852923607013,298.5852923607013,285.53572994020635,291.50823974609375,10457355
2009-04-23,296.5809747253349,296.5809747253349,281.52693655186545,289.58575439453125,12515265
2009-04-24,289.01298465148636,311.59403562687044,289.01298465148636,306.70556640625,15447223
2009-04-27,302.71709359840116,309.42596839511776,298.70815818185514,304.2102355957031,7696273
2009-04-28,306.7670030058219,306.7670030058219,291.67204718522817,296.3150634765625,9842727
2009-04-29,308.8532252797557,310.08046783001083,292.0810674134351,307.93280029296875,15083642
2009-04-30,308.444091796875,308.444091796875,308.444091796875,308.444091796875,0
2009-05-04,313.08714461583554,324.2754158760676,306.93054248430195,310.591796875,18471260
2009-05-05,324.8071726975653,324.8071726975653,302.1238432588847,307.1145935058594,8989087
2009-05-06,304.7215169471948,315.3984063890267,302.5738497359837,309.8758850097656,10613513
2009-05-07,309.87588778452977,321.90274670488867,309.87588778452977,320.1232604980469,9878968
2009-05-08,319.080041350511,321.8003971058734,309.2621875312012,314.3143005371094,5499788
2009-05-11,314.98930866703614,320.20503979968123,304.7623821614956,306.2555236816406,5763257
2009-05-12,304.3533841794398,326.44355630952623,302.7579882457481,324.7254333496094,7205148
2009-05-13,322.35278571685217,336.26141470875183,319.48922897238054,325.52313232421875,6653070
2009-05-14,321.0027058742073,321.0027058742073,309.0167674777296,312.80072021484375,8471889
2009-05-15,316.9937732645654,331.72054049001963,312.94389357762986,327.2002258300781,9267529
2009-05-18,388.62320304399356,423.8038268130543,359.9878070941699,410.3861083984375,137064
2009-05-19,417.2586126390569,417.2586126390569,364.07858985028514,374.346435546875,26531196
2009-05-20,373.8556049791825,373.8556049791825,343.8702601988612,351.6631774902344,25273955
2009-05-21,350.98813718302466,359.9878223529943,341.5997980148234,348.7177429199219,8578704
2009-05-22,348.717719513351,354.1789048348171,345.2201108001712,351.64263916015625,9999679
2009-05-25,353.8516743608167,376.35091553254347,321.53457695524975,331.49560546875,26313636
2009-05-26,334.21598787811854,339.53397368737507,309.8758970562344,315.4802551269531,30124836
2009-05-27,326.3208295589054,326.3208295589054,306.8078418522139,314.4985046386719,34801161
2009-05-28,318.2619317911873,330.00244491800964,312.94391900103665,325.58441162109375,39072044
2009-05-29,331.3523586587528,341.9883556432427,326.5048089900734,335.8113098144531,16474570
2009-06-01,355.8970062544458,355.8970062544458,319.08007170706065,329.2251892089844,19007984
2009-06-02,323.17081654020404,339.0634622921441,323.17081654020404,327.42523193359375,9095924
2009-06-03,320.8800339062032,335.03408559102843,320.8800339062032,326.6275634765625,11484241
2009-06-04,317.8528903059345,335.03411713732055,317.8528903059345,333.97052001953125,7496079
2009-06-05,334.6250500860198,341.5793496818839,329.9615622960795,338.2044677734375,9453061
2009-06-08,332.0274190208974,342.3975472770094,328.836627375088,332.9273986816406,6210100
2009-06-09,332.1706734750067,334.0933324258291,324.8890816251024,332.354736328125,8487294
2009-06-10,332.37519682559997,346.897434029451,330.3707014557323,341.4158020019531,15876614
2009-06-11,341.41576610744744,354.2198789073287,341.41576610744744,349.5154724121094,14104172
2009-06-12,351.76542514032286,353.278984529753,335.4841481814487,338.7772216796875,9373112
2009-06-15,335.8523144162227,338.71587115242977,331.393389449607,335.21826171875,5415445
2009-06-16,329.7569978676813,338.67487341121716,321.8209106000775,331.1478576660156,10640730
2009-06-17,329.22519101961217,337.61126783116504,324.8071577414839,328.4683837890625,8028085
2009-06-18,329.9615861514476,333.15237777842174,324.39814607253396,329.2456970214844,5683660
2009-06-19,330.12522247543336,334.1750754080512,323.70269345146517,330.20703125,6630985
2009-06-22,334.5432018680391,334.5432018680391,321.166375116052,323.45721435546875,5914575
2009-06-23,322.2299491001117,325.0934771670821,307.21680967834004,321.6981506347656,6648838
2009-06-24,327.1797998840224,328.6524683824325,321.6981696914846,326.5661926269531,5890560
2009-06-25,327.6912456591766,332.57971523933816,322.06641391824587,324.7458801269531,10368684
2009-06-26,327.67066304209476,333.56139213541513,325.2162064383488,331.3932800292969,5987520
2009-06-29,334.8091263336378,334.8091263336378,327.32300078705845,330.2274475097656,2783458
2009-06-30,331.3524108695529,332.57965320497266,324.8481012915824,328.14117431640625,5616815
2009-07-01,328.5502613334489,339.45215978118574,327.2821284060803,337.1817932128906,6374370
2009-07-02,338.47033666283176,339.2680344402729,325.33896352890724,328.5297546386719,6577782
2009-07-03,330.12514594492626,336.6090092690015,325.99345749194623,335.05450439453125,2958180
2009-07-06,337.0795280844411,338.30677053814696,315.62343818978746,320.28692626953125,6290448
2009-07-07,321.1663698756272,336.9158166676587,320.53228965339946,332.313720703125,6564826
2009-07-08,329.87977202875277,331.29107729390125,321.20732153657246,324.21405029296875,3931226
2009-07-09,327.30255591431035,330.51379244445457,321.94365223846864,325.50262451171875,3593843
2009-07-10,325.6254110968962,325.6254110968962,313.3530953553922,318.1188659667969,4375374
2009-07-13,317.0347768987186,319.85741544739346,311.38952750498703,313.49627685546875,4177876
2009-07-14,319.1619046876017,320.7164097871531,312.2076053823748,316.33929443359375,5208466
2009-07-15,320.7164066735462,324.80717744952113,317.0347074344463,319.20281982421875,4615376
2009-07-16,301.38754457446015,327.26166825570135,301.38754457446015,321.06414794921875,6252951
2009-07-17,322.39360519972064,341.98839741476263,322.39360519972064,337.9999084472656,9635184
2009-07-20,344.03380069947036,348.94274241952843,339.57487647031564,347.3268737792969,5471907
2009-07-21,346.8973754062647,353.6471394636581,338.9817324339414,342.76568603515625,7319435
2009-07-22,337.5295632308481,343.5020756386173,327.2208249684832,336.6705017089844,12827076
2009-07-23,355.8970574304802,355.8970574304802,325.37991947888435,333.0296630859375,17067160
2009-07-24,344.2249428121953,349.3099946695552,328.1906482411029,341.1493225097656,10702531
2009-07-27,341.27235557158764,351.36042138053165,341.27235557158764,347.34161376953125,6234346
2009-07-28,349.5970288948795,357.75770004403034,340.04204486959145,352.3035888671875,10188768
2009-07-29,352.5087203582238,355.95342889999006,340.53425071973993,348.3258361816406,6226819
2009-07-30,348.24382882408435,351.68853739453783,339.6320573979507,347.7517395019531,6570965
2009-07-31,351.3194240921175,353.49287612675073,331.3483045506699,336.351318359375,7394894
2009-08-03,342.83062573891254,342.83062573891254,333.3986984325207,336.63836669921875,5432710
2009-08-04,342.83056036618746,343.48669769547934,326.4271826775565,328.7236633300781,12170534
2009-08-05,331.2662673165258,332.9065831892475,321.83431218918315,329.2568359375,9926834
2009-08-06,328.0675992182413,328.88778494882007,323.1465959221258,327.4934997558594,9956093
2009-08-07,324.5409017640445,335.4491532772508,301.4531427119662,314.8629150390625,11900405
2009-08-10,320.7271236111199,327.083431861995,299.4027364321741,305.9230651855469,17644350
2009-08-11,307.5634581010457,318.47171195508537,303.5856409051482,313.6737365722656,12589146
2009-08-12,310.59794272529274,335.777137226091,305.1848234592861,332.5784606933594,11286303
2009-08-13,332.9886593543248,340.370164942864,329.7079716893018,338.8118591308594,7835126
2009-08-14,337.00739400979006,339.3038748777277,331.5943021931192,335.2440490722656,3856741
2009-08-17,332.00447298498744,332.9886793435761,323.96680160910194,327.0424499511719,4906786
2009-08-18,325.52508326174757,340.7392187178988,325.52508326174757,337.1304626464844,4575832
2009-08-19,334.66996955899634,340.2881294105133,328.477682465798,332.53753662109375,5346929
2009-08-20,336.18733587330007,337.0074939691975,327.2474959862732,328.1086730957031,4815127
2009-08-21,328.8877841041545,339.3859281451509,322.61348686602565,337.66357421875,3895271
2009-08-24,339.38597473651294,343.36379136157416,337.9096791031698,339.79608154296875,5419603
2009-08-25,336.35137926501756,340.2882050455648,330.77423718108815,334.6700439453125,7160970
2009-08-26,336.2693285468617,338.4837997249527,330.6101768829982,332.4965515136719,4112624
2009-08-27,325.60715850407735,346.0703700137556,325.60715850407735,341.6004638671875,6321833
2009-08-28,342.83066254048435,360.2592704148434,338.40174813372516,356.9375915527344,11711706
2009-08-31,351.07330241570634,358.3318049708521,343.6507793981724,348.24371337890625,4387399
2009-09-01,343.3637569894617,355.5022729386798,336.67938052450944,346.3163757324219,2958827
2009-09-02,343.65083336860357,348.53084558267733,336.2693004214776,338.4017333984375,4056317
2009-09-03,341.06734215556605,343.44583391388926,330.6511790167565,332.12750244140625,5618925
2009-09-04,333.31677278896404,335.36719591142236,327.2885049251494,332.16851806640625,11568168
2009-09-07,336.2283646660973,349.80215928779785,332.168509766529,344.9631652832031,11764763
2009-09-08,347.0135916328338,350.78636900865644,342.9127454516421,347.7517395019531,10710142
2009-09-09,348.5718512267975,348.5718512267975,334.17790026551296,335.7362060546875,7100468
2009-09-10,340.37019892700806,347.7517330243957,338.4017861314588,341.6004638671875,8508459
2009-09-11,347.75171216997984,349.3920560679007,337.2125199832401,345.4552307128906,8074699
2009-09-14,339.55000469060707,344.4710083840981,338.442769139427,343.8968811035156,5593017
2009-09-15,342.83065895200133,346.8494943066289,338.72981335058734,340.8622741699219,7045512
2009-09-16,346.1113310152363,348.9819116987148,342.74863332943363,344.38897705078125,5677853
2009-09-17,346.11134847579825,359.8901808865507,346.11134847579825,354.96917724609375,6687321
2009-09-18,352.67274209083286,368.3379788700889,348.61291494455196,363.2939453125,11148444
2009-09-22,366.6155226754341,367.80476828701114,349.6380154007882,351.4833984375,7616680
2009-09-23,352.6726970356775,352.6726970356775,335.9002544868019,339.1399230957031,9601413
2009-09-24,352.26262070866034,397.78200207489834,334.7520024833879,343.8968811035156,12303239
2009-09-25,340.37018918158645,344.3480059012973,336.5564207427299,340.0011291503906,9426300
2009-09-29,342.83065310630343,351.0323441692822,341.6414073467347,343.73284912109375,9157580
2009-09-30,344.060858137466,347.5465845655805,341.2312691022163,343.44573974609375,5990275
2009-10-01,349.3920444168036,376.45762062849826,349.3920444168036,356.8555603027344,37656710
2009-10-05,352.4266184737295,360.05420981006216,323.7207006455727,328.27264404296875,44017078
2009-10-06,328.272665878215,328.272665878215,286.4850700937357,294.7277526855469,77269674
2009-10-07,288.69959669898867,301.28918711555923,287.10027142267415,294.2357482910156,42258326
2009-10-08,295.30190342617595,298.5415723236393,270.7378464241111,273.8954772949219,46199665
2009-10-09,278.0373377787545,288.6995316572595,274.3875898948949,281.5640563964844,31135993
2009-10-12,282.9583403418089,289.5196882509452,282.5072700641044,288.08441162109375,15772589
2009-10-13,288.37152099609375,288.37152099609375,288.37152099609375,288.37152099609375,0
2009-10-14,288.28942589959865,292.80035045645343,273.73142695419955,278.9804992675781,30222975
2009-10-15,282.9583389625115,282.9583389625115,265.3657095188083,266.6369934082031,24954805
2009-10-16,267.33411454106823,271.3939690788477,264.5865628672682,267.5391540527344,19346671
2009-10-20,275.4947541376954,277.2171358190281,267.4571118173378,269.5485534667969,11806324
2009-10-21,267.0881207557921,278.7755423846409,266.6370503839005,272.8703308105469,18473074
2009-10-22,273.1162793276142,279.3495572422622,271.96802492050057,276.4379577636719,13014264
2009-10-23,279.67766800421975,281.0719533323024,270.1226824453549,271.5169677734375,9479900
2009-10-26,272.2960474707501,275.2896566788747,265.1195836163899,271.1888122558594,9631164
2009-10-27,270.6557752523341,271.4759610155116,248.34718350645684,251.7509002685547,15788469
2009-10-28,250.88972258447427,264.42249603566063,250.15154706807616,260.0755920410156,14537011
2009-10-29,255.89273447716855,260.7727466841949,252.2019680089355,255.7287139892578,15888375
2009-10-30,256.71296812983525,263.88943513764036,237.93109130851965,240.18655395507812,36731565
2009-11-03,239.4893826461681,253.35025425686,229.64736064085915,246.37879943847656,30481485
2009-11-04,253.43223195946672,255.35962543148366,241.94985359922262,250.64366149902344,12540550
2009-11-05,251.38186111353633,263.52035170021674,248.96235013633955,261.8800354003906,12716777
2009-11-06,258.43526043444416,267.0470298865718,258.43526043444416,262.4950866699219,8387848
2009-11-09,265.69372767188185,266.22683587029576,250.2335621460419,252.2429656982422,10095095
2009-11-10,254.25238716684666,256.26181863248337,238.66919130145038,240.63760375976562,12684056
2009-11-11,242.2369129141135,246.87086625479304,236.37269492302005,246.0096893310547,14278520
2009-11-12,243.59025012332037,253.84236596257952,242.5650524253175,245.1895751953125,11626097
2009-11-13,245.96869178782347,251.62787079293346,243.795239786494,247.77305603027344,7602198
2009-11-16,250.06952803025533,252.4890384479658,247.11693715584724,248.30618286132812,8652013
2009-11-17,250.06952564597802,251.21778010560152,241.62177653974982,243.5081787109375,8946584
2009-11-18,242.77003479003906,246.87088015995081,241.41674082117484,242.77003479003906,8613135
2009-11-19,243.42617418979233,243.46716542527406,238.91524980169973,240.63760375976562,6371625
2009-11-20,240.63760240777378,240.63760240777378,232.14884802934208,236.8238067626953,12249965
2009-11-23,237.02885089235818,237.84900887550953,225.0953883836491,225.75152587890625,20750998
2009-11-24,228.00698744899788,232.51792577296382,225.13640674437957,231.69775390625,10419025
2009-11-25,232.27187210277262,234.40430511467713,227.43287881735827,231.08262634277344,7273696
2009-11-26,230.8775954957928,235.92162846970444,228.17103512085058,230.01641845703125,12155100
2009-11-27,228.00702156916617,233.29712742962948,224.72634749729366,232.64097595214844,6419252
2009-11-30,233.74820774369306,248.10116957359452,233.66619748419365,245.6816864013672,13076572
2009-12-01,250.06952042611957,251.70986406859953,246.54280242366647,249.782470703125,9552284
2009-12-02,251.05370751389492,255.48262112576313,248.26513741972536,249.94647216796875,9522994
2009-12-03,252.61207489580943,255.0725766185535,250.15154540122518,251.62786865234375,7100896
2009-12-04,250.15157345074462,257.04101792751834,248.18318851493828,254.33445739746094,6980719
2009-12-07,253.43226711035115,263.2743031025241,253.43226711035115,259.50152587890625,13279082
2009-12-08,259.1734175076914,272.58316138019643,258.3532317666875,269.4665222167969,12958937
2009-12-09,266.63694039051745,276.23291565432066,266.63694039051745,271.63995361328125,15171544
2009-12-10,272.37814715466766,282.8763201017516,269.9586642580896,280.8258972167969,23151817
2009-12-11,283.7785335060116,286.07498728173283,270.1637202746414,271.9270935058594,14492380
2009-12-14,275.5769003720759,276.151000052803,261.22393623245006,262.0851135253906,8341673
2009-12-15,262.454136986782,265.32474607693706,257.8612013231182,259.87060546875,7548579
2009-12-16,259.66550435507816,268.6053427787643,259.66550435507816,266.96502685546875,7121866
2009-12-17,246.05067836169368,269.91760130014023,246.05067836169368,265.9808044433594,7003095
2009-12-18,264.09442379932085,265.57071926894764,258.9683808914366,260.69073486328125,4339469
2009-12-21,260.81379506459183,262.3311097219247,253.47328030934463,254.33445739746094,5708111
2009-12-22,255.89276610459916,264.75059561441844,254.25242216355048,264.053466796875,8390822
2009-12-23,262.9051666797192,268.19525761721627,260.48568408551307,267.58013916015625,5566266
2009-12-24,268.85142027810406,271.88604938562787,261.87999379584744,263.3973083496094,4909397
2009-12-29,268.19525286108194,269.83559648932453,264.91459337643505,267.3340759277344,3377250
2009-12-30,269.22053136720604,270.57379777114636,265.81681419295467,267.12908935546875,2812028
2009-12-31,268.7283905731098,271.63999041847245,267.8672135452115,270.45074462890625,4335161
2010-01-04,270.5327282211007,272.3780833909039,265.6116977861182,266.71893310546875,3275801
2010-01-05,269.2205169779672,272.2961374253612,266.965054577387,270.94287109375,4773358
2010-01-06,273.07530753216804,274.8796719200637,267.45714708245794,268.072265625,4893074
2010-01-07,269.3025192566628,273.93647318204415,269.0154695031434,270.1636962890625,4292821
2010-01-08,270.450765197083,271.845050597249,266.26790899658505,266.5959777832031,2946669
2010-01-11,271.47594886923133,271.47594886923133,266.96502457502265,269.7945861816406,3487591
2010-01-12,270.737846056419,273.8544856815146,262.78218482651965,264.29949951171875,7220708
2010-01-13,263.6843885929854,264.05347640759635,258.55831706211575,261.1418762207031,4770795
2010-01-14,261.79801537249415,264.5866143720389,260.157698959859,260.8548278808594,4349517
2010-01-15,260.81371114276726,264.50444906724033,259.1733677475379,260.32159423828125,4890287
2010-01-18,259.99359955784274,264.66857262186477,259.296470773852,263.0282287597656,4348367
2010-01-19,263.2743002038722,267.21109789429084,260.8958084300496,262.90521240234375,4310517
2010-01-20,263.72540475176964,272.5422154740554,263.72540475176964,271.8860778808594,10115597
2010-01-21,270.6557948149891,273.11632451052515,263.43830954529466,264.4225158691406,4388678
2010-01-22,261.38787863883147,270.6557865229723,258.35324950957164,264.21746826171875,9648877
2010-01-25,264.21748759799067,272.0911107519101,261.14186700547765,271.39398193359375,5990411
2010-01-27,270.24570116877555,272.13210346371557,262.4540890220876,264.83258056640625,5597033
2010-01-28,265.7347735141927,268.8924317909904,255.07258069724952,257.24603271484375,8455790
2010-01-29,255.07259696120877,257.45108862964787,249.45443656409716,251.29981994628906,7595735
2010-02-01,250.15156591957827,257.2870409411022,250.15156591957827,255.2366180419922,4288766
2010-02-02,257.94314128905336,258.92734747130146,251.05372578515548,252.32498168945312,5096874
2010-02-03,254.25243963510226,256.5079022945922,251.38185836989103,253.43228149414062,4049198
2010-02-04,251.79192874248932,253.43227273959414,246.46084546670426,249.41343688964844,2861509
2010-02-05,247.6910913967271,249.7005232786978,241.45781175909602,246.09176635742188,4344729
2010-02-08,247.77306839171206,254.66251249829548,245.5586250434773,252.89913940429688,5335407
2010-02-09,254.25237615719524,259.583486057991,251.79187457676585,256.8359069824219,6797505
2010-02-10,258.35321519793575,261.14181321230257,252.77607471287797,258.5992736816406,6011378
2010-02-11,258.7633008559878,260.73168524982015,254.86749552587494,257.943115234375,3742244
2010-02-15,259.9935457360563,259.9935457360563,233.25604352027204,234.24024963378906,21051251
2010-02-16,234.568400951906,237.4389822984551,220.91258144659253,222.75796508789062,49980391
2010-02-17,224.23421735439408,231.08262834286134,224.23421735439408,228.9501953125,17899829
2010-02-18,228.82716641468568,233.25608074641977,226.36666462413137,231.20565795898438,7785215
2010-02-19,230.09843599460064,232.8460014150167,224.97237903323926,228.6631317138672,9762722
2010-02-22,230.46747947103617,232.1078091507289,226.36663444292637,227.1047821044922,6283372
2010-02-23,225.54648394150595,230.63153558878142,225.54648394150595,229.72933959960938,4149060
2010-02-24,229.64734587743615,229.64734587743615,225.5465001673762,226.32565307617188,5771589
2010-02-25,227.18685014656248,229.64736612104758,225.956599102281,226.5717315673828,7132567
2010-02-26,228.00702215243138,231.28769623269616,226.2026576569507,229.1142578125,7128286
2010-03-02,229.64732135404165,240.14547914092103,229.64732135404165,238.01304626464844,6950115
2010-03-03,240.30958720021826,241.86789323922596,238.09511576077864,239.4484100341797,5656398
2010-03-04,237.8489716986704,241.86780628599885,237.8489716986704,240.8015899658203,3663476
2010-03-05,241.1297019186626,249.12635352636445,240.30954391657656,244.77944946289062,9062775
2010-03-08,244.53342857283687,248.3472249673055,238.66923685771798,240.0635223388672,6942247
2010-03-09,239.48933686848366,241.25270974253473,235.42951068385253,238.9152374267578,4200362
2010-03-10,239.48936965468002,241.53979253029777,232.92802200707163,236.20870971679688,5975112
2010-03-11,236.9468622674288,242.4009744510665,236.49576422680133,241.0886993408203,4471626
2010-03-12,240.3095920082626,246.33783229114385,240.3095920082626,245.31260681152344,4487902
2010-03-15,237.8490424891425,247.1169789764658,237.8490424891425,245.64065551757812,3477760
2010-03-16,244.82047198167828,245.23055098860053,239.94045959251656,241.7858428955078,3042667
2010-03-17,242.77005045208617,247.28097509563858,242.48297292825774,244.45138549804688,3695915
2010-03-18,246.00967645269185,248.92127579347536,243.67217651645504,246.13270568847656,4981590
2010-03-19,246.05073470037095,256.58992735568125,246.05073470037095,255.81076049804688,8505632
2010-03-22,252.2019758267154,262.29006930114133,251.79189682238675,259.4604797363281,7411728
2010-03-23,260.1576121420711,263.274251166604,250.60262781347865,252.32498168945312,6234799
2010-03-25,254.25241891294013,259.1734506731709,248.51125685043573,257.8611755371094,11381437
2010-03-26,258.23028855408995,259.09146572475834,250.1515974301717,254.37547302246094,7975896
2010-03-29,255.0725869296393,258.2712365213252,254.41644940747173,256.0567932128906,3102927
2010-03-30,255.4826627018876,259.1734292743696,254.04735841884658,254.94955444335938,3700172
2010-03-31,253.18615307451128,262.2080289946629,251.79186795653257,256.34381103515625,7532934
2010-04-01,256.38487943140797,259.5835292408923,246.50182468821546,247.69107055664062,14419348
2010-04-05,251.7918625927686,260.9367397878374,248.10109651186673,259.2143859863281,10741491
2010-04-06,260.4036268361711,261.46984319170946,255.72868247293928,259.5424499511719,4129617
2010-04-07,259.9935647039449,267.2110489577863,257.2870046372746,262.7821350097656,5770421
2010-04-08,261.63386927606246,263.6842915796609,254.2523378743743,256.6308288574219,6877157
2010-04-09,255.89272691811254,259.58349327732054,251.79188157940126,252.530029296875,6484250
2010-04-12,250.5616493353861,255.8107214694204,250.5616493353861,252.77609252929688,5891860
2010-04-13,251.7919158935547,255.89276179112844,251.09478708776243,251.7919158935547,3395835
2010-04-15,252.61212043291323,255.03160358388746,248.38824495772988,249.49545288085938,4931669
2010-04-16,248.92128665753762,251.50481740626446,247.4449635355239,249.9875030517578,4153955
2010-04-19,281.8920626105872,281.8920626105872,244.61539743686322,250.8896942138672,4812139
2010-04-20,253.43220589641479,253.43220589641479,248.10109625487453,249.74143981933594,3760929
2010-04-21,250.97173599880816,252.77610026072085,248.92131322832168,250.72567749023438,5619463
2010-04-22,250.15158293462522,250.15158293462522,247.2810017893543,248.59327697753906,4209007
2010-04-23,248.8393265814781,250.06956369733538,243.79526553656459,244.57443237304688,15927170
2010-04-26,246.13274497973916,249.2493842870747,242.77004716155477,243.91827392578125,4766960
2010-04-27,244.41041759842227,247.28099870792215,243.0981424265901,244.6564483642578,3428228
2010-04-28,244.36940298889417,245.72266942683223,239.48939002013702,240.96571350097656,6709386
2010-04-29,241.12970484292296,244.8204714407508,239.57137129385214,243.05709838867188,5816167
2010-04-30,245.23056850859408,248.01913928109843,242.31896847085522,244.86148071289062,8104084
2010-05-03,244.41036513562324,245.96867073879991,242.11388407785768,243.59017944335938,3323969
2010-05-04,245.230545409329,245.230545409329,236.33172562857808,237.0288543701172,4732234
2010-05-05,235.55255486033258,245.88667872858414,232.27186739175744,243.01609802246094,9873530
2010-05-06,242.68807916088153,243.5902475713031,238.09511576077864,239.4484100341797,5682148
2010-05-07,236.20873660001422,237.76704261060493,233.91225494184104,235.7986297607422,3387727
2010-05-10,239.4893814665339,244.41041327383195,235.1834959925503,241.45779418945312,3783329
2010-05-11,241.5397632276484,241.5397632276484,233.01000398900152,233.5021209716797,5255746
2010-05-12,232.92800942185303,233.33808842045138,213.12092440269868,214.2691650390625,29314603
2010-05-13,214.4742123891383,223.08599664821872,208.7330367690055,211.9316864013672,30486003
2010-05-14,209.5531998885091,219.6002748252933,208.77404696653355,216.97573852539062,14945387
2010-05-17,213.24399343446527,219.39526287639956,211.72667863914407,218.6981201171875,5537427
2010-05-18,218.98514460495133,222.92195578769886,216.81169256977103,219.76429748535156,6000553
2010-05-19,218.57505059263946,218.98514347814242,211.68563452976156,212.99790954589844,5247052
2010-05-20,213.24396561615458,217.79590940830357,212.25975930121623,213.44900512695312,5075402
2010-05-21,212.4238010598861,219.14919722613666,206.68262512865547,218.3290252685547,3757974
2010-05-24,219.8463221763379,222.55286858904955,215.9505161066681,218.2059783935547,5489050
2010-05-25,217.8368954902293,221.7737065199101,214.92529581083957,217.0167236328125,5279757
2010-05-26,218.98516021508377,221.1175933933668,213.24397046660863,216.2375946044922,4305026
2010-05-27,215.78648680146702,217.3448064887865,211.27554823572254,213.77706909179688,8180587
2010-05-28,216.52461430810598,218.0009236091134,211.6446161968016,213.81805419921875,5791244
2010-05-31,214.06414724802414,216.89372317432495,213.24397528173344,215.62246704101562,3907631
2010-06-01,215.7865060558454,216.52465389835535,209.1431338154899,210.78347778320312,5454164
2010-06-02,210.78348417913037,223.4550965849706,208.61003182744054,221.7327423095703,10798027
2010-06-03,223.41401536282763,227.18679166663605,222.59385746837077,224.2751922607422,6895147
2010-06-04,223.08598323051584,228.33505538705504,219.3952167863342,226.61270141601562,4975708
2010-06-07,218.16496325336635,224.15219695673912,218.16496325336635,220.13336181640625,4627876
2010-06-08,220.62546997510094,222.38882908652153,210.98848865958456,211.8906707763672,5214643
2010-06-09,213.8590911169486,225.46447146633608,212.42378681594317,223.1269989013672,14047214
2010-06-10,225.5465201586479,235.30653214735682,222.34785633323034,233.91224670410156,12899743
2010-06-11,239.48938827120375,239.48938827120375,222.88096446484107,224.31626892089844,11104323
2010-06-14,226.40770605426425,227.84299668126573,217.5088708406406,220.70753479003906,9492508
2010-06-15,219.8053138971106,223.45507552048608,217.3858171138381,221.0765838623047,6886077
2010-06-16,223.90615463125968,223.90615463125968,216.934728085754,218.28799438476562,6180984
2010-06-17,218.24696684314236,221.03555106083326,216.032509848524,219.067138671875,5452641
2010-06-18,218.37000370301465,221.44563775356303,216.52462049550167,217.3037872314453,6030460
2010-06-21,218.16497238297794,219.8053022731679,216.81169223916697,217.22177124023438,6940466
2010-06-22,217.3448097442828,219.23119822412696,214.47421495688835,214.88430786132812,5014986
2010-06-23,214.8843082230528,218.0829578990941,213.36699363450558,216.56564331054688,4377083
2010-06-24,215.78648612316488,218.16497771368142,215.04833834883928,215.90951538085938,8286439
2010-06-25,215.62245413937487,218.0829560051026,214.9663166056019,215.7454833984375,5918882
2010-06-28,216.5246110125264,218.7800731069637,216.40158176783513,217.6728515625,5496212
2010-06-29,218.16498042858225,218.98515234688418,216.19656782465765,218.00094604492188,3571629
2010-06-30,216.5656165808441,217.75486225287253,213.6950360288411,215.5404052734375,7007284
2010-07-01,215.70443920137708,218.36999414960565,214.14611968358412,217.3857879638672,8278079
2010-07-02,217.75486319944358,218.04192681025947,215.7864647013444,217.09873962402344,2459569
2010-07-05,217.67289891867628,219.76432710383563,215.82751539050886,219.354248046875,3790109
2010-07-06,219.80531893643087,223.3320513794667,218.98516087212056,222.7169189453125,11519800
2010-07-07,222.26579407143126,229.15520941949958,222.26579407143126,226.48965454101562,10778118
2010-07-08,229.03221309567078,231.6977683572616,227.473893394682,230.42649841308594,6207032
2010-07-09,231.28772146864586,254.66256329152205,231.28772146864586,253.14524841308594,52219871
2010-07-12,252.94014852371694,256.46686680196467,249.6184419734931,250.72567749023438,16195352
2010-07-13,250.06954064626655,251.50484492097232,244.1643308276931,245.92770385742188,10693831
2010-07-14,248.51127657168408,252.44807452044014,244.98452992068388,247.36302185058594,11630355
2010-07-15,248.51127715757514,249.74151436927943,243.01614540516428,244.41043090820312,4120377
2010-07-16,240.30954391657656,246.05070547486028,240.30954391657656,244.77944946289062,3389876
2010-07-19,242.77002251375433,248.18314257180393,241.70380610411397,244.00025939941406,5124736
2010-07-20,245.9277136435517,246.6658614287662,242.3599762051468,244.12332153320312,2600132
2010-07-21,244.94351286865813,245.2305626327653,241.2117270760523,241.9498748779297,2393379
2010-07-22,241.37575705108526,248.51123154803244,239.48935479210178,247.77305603027344,3905944
2010-07-23,249.70046399000248,259.58348944626584,247.6910325851497,257.3690185546875,11429835
2010-07-26,257.53306312656423,263.9713806788808,253.9653261192187,262.7821350097656,10405199
2010-07-27,264.25856440126677,266.0629292470925,260.1166985112296,264.62762451171875,7389473
2010-07-28,265.3246554549868,265.3246554549868,261.7158997025182,264.0943908691406,2807219
2010-07-29,263.274319479336,264.0124673645923,258.7633941357786,259.91162109375,3343255
2010-07-30,258.35323632493225,262.3720715427903,250.23358341706077,251.62786865234375,8503156
2010-08-02,252.6121434830854,262.4541530462873,252.6121434830854,260.8548278808594,9071713
2010-08-03,262.2900659307608,270.49175699930737,260.2806621722664,269.384521484375,9834399
2010-08-04,269.8355993482143,270.65575728510595,263.72535051159105,265.03759765625,4303422
2010-08-05,265.32469941705983,269.83562402619043,265.20167016090664,266.22686767578125,4929011
2010-08-06,265.73482615757297,268.07229912884577,262.65917751678097,265.24273681640625,2514528
2010-08-09,264.0535047983026,270.4918244501695,260.97785599472195,269.3435974121094,6603816
2010-08-10,269.8356074930753,270.3276967156961,265.32468316033385,266.96502685546875,4591762
2010-08-11,263.4383111741311,275.3717886241855,259.0093965753617,262.9872131347656,12509844
2010-08-12,260.19867089028145,264.91466354204204,258.5583268275754,259.91162109375,5817079
2010-08-13,260.8138138689562,264.83262205535465,258.35328392107124,259.95263671875,3741099
2010-08-16,260.81374508656245,263.3972758558463,256.4668414664323,261.4288635253906,3101836
2010-08-17,260.4036895122356,263.2742983343787,257.7791669945409,259.2554626464844,4343972
2010-08-18,260.9832877170361,262.7111079159643,256.9105487767201,259.3377380371094,4100030
2010-08-19,260.037052106985,261.51806059438405,257.7744319806541,258.92633056640625,3480455
2010-08-20,256.70481660176614,258.1857971417074,253.49601614523525,255.3061065673828,2806623
2010-08-23,256.70487088290986,263.4516109647746,255.55299998160785,261.1067199707031,4312015
2010-08-24,261.4769214446567,267.7299819559625,260.6952819157491,265.9198913574219,6968253
2010-08-25,264.768090274198,267.0307110828883,258.3504591866488,260.77764892578125,4686350
2010-08-26,261.64150718227233,266.49585783552527,258.8852079901825,264.5623474121094,5251096
2010-08-27,264.1098681007646,266.989559689969,259.1732181278624,260.0782775878906,4548409
2010-08-30,263.20474980636874,268.51162992849703,262.5876791451845,265.5907897949219,4584547
2010-08-31,265.7553491096493,270.1160206288331,259.378841067302,269.3343811035156,6308685
2010-09-01,270.6919592045441,279.5778986368125,270.5273903246996,277.8089294433594,8793789
2010-09-02,279.66014065307263,280.64747025161506,274.06530078797215,274.8880615234375,3804773
2010-09-03,275.7931459226309,280.8943353864473,275.62857704445565,279.1253662109375,3897016
2010-09-06,279.74249884037704,283.65066927880673,278.0969768536547,282.5399475097656,4531861
2010-09-07,284.59684063694453,285.74873942175964,280.64754899467044,282.663330078125,4297798
2010-09-08,280.56521220682885,291.01440216704805,278.0969020308694,289.6156921386719,6403109
2010-09-09,291.2613220819983,294.5112726060117,286.0778609211642,288.0525207519531,6075974
2010-09-13,291.59038803064,292.0429176560391,285.6252881048745,286.98284912109375,5698570
2010-09-14,288.9163672344731,295.78649807330356,283.9385974211976,293.27703857421875,6917596
2010-09-15,291.2612899003339,297.02069984044914,288.0524889248314,293.0713806152344,5198040
2010-09-16,292.1663774403919,296.197939714345,284.35003661296184,285.9544372558594,7141945
2010-09-17,287.2297089574103,296.1979201478277,287.2297089574103,295.2517395019531,9154009
2010-09-20,295.3751834295135,306.89397674705344,295.3751834295135,301.09344482421875,10622651
2010-09-21,301.21681184206824,305.1249816341959,298.7073522233362,300.7642822265625,6546264
2010-09-22,304.30219029840214,308.5394699689833,295.1282898065485,298.46051025390625,5277333
2010-09-23,299.5712405739947,300.22946035616025,291.3435211569012,292.4953918457031,2753259
2010-09-24,292.16638034926143,303.89086384715586,290.4796813027694,302.9035339355469,9082847
2010-09-27,304.50796283354725,309.69142398096176,300.5174939883323,307.01739501953125,7205540
2010-09-28,305.2895821132121,310.14393340855736,304.4256719008203,307.0997009277344,4070115
2010-09-29,308.5394280697457,309.9381380411626,297.8433991695101,298.9952697753906,3497950
2010-09-30,294.7992071828537,304.4256381773995,294.22328567838014,301.3813781738281,8294465
2010-10-01,304.5079647364494,304.5079647364494,299.5301938072718,300.39410400390625,4035625
2010-10-04,301.91617390752333,303.3560333674902,293.03026130938485,296.0744934082031,4414660
2010-10-05,296.0744898193799,301.95731943709796,288.58728758225766,290.97332763671875,5686066
2010-10-06,292.9068575973444,295.66312909869475,288.3816166017076,289.6980285644531,3917799
2010-10-07,291.8372099707151,296.6092617657413,290.76758189288995,291.9606018066406,3629608
2010-10-08,293.68842151778836,296.1156105280079,287.68220063008977,290.356201171875,2592663
2010-10-11,291.3435114132749,292.82449194363,280.4829132307387,282.08734130859375,6777705
2010-10-12,281.3879764530247,284.2676949105112,277.7677955795802,278.9608154296875,5190130
2010-10-13,279.33107554066,286.8183053008799,276.8627650788237,285.99554443359375,9103035
2010-10-14,287.353101103963,289.61572131486247,281.75826042682814,283.8974609375,4074495
2010-10-15,285.33736565182477,285.9544363910772,271.7616143683977,274.5179138183594,6206683
2010-10-18,275.6285857797523,275.6285857797523,266.1667247140761,269.2521057128906,7847094
2010-10-19,270.8154296671076,276.0400398569739,265.75538838793625,269.2110290527344,6006847
2010-10-20,267.4009335362385,271.26798288331076,262.29974262178945,264.3155517578125,6109985
2010-10-21,267.15412186401795,278.5906452570936,266.1256426981744,277.3564758300781,5318157
2010-10-22,278.8373900922147,281.2234297440974,272.70772209342584,274.353271484375,3670603
2010-10-25,275.83432274060743,280.97666242351744,274.8470207128307,277.4387512207031,5036992
2010-10-26,278.91966228214216,279.6601525475501,269.9925741947849,270.5273742675781,2595183
2010-10-27,269.86918808776323,270.69194887566266,261.6414687688682,264.89141845703125,4852021
2010-10-28,267.3185694393498,276.8627279477613,266.7837693753422,272.04949951171875,12385094
2010-10-29,270.48630852335526,272.9134700109161,263.5750274794826,267.9356994628906,3083767
2010-11-01,270.69199701416443,276.4102579429077,270.1160476442258,275.8754577636719,3512389
2010-11-02,275.8754448433726,276.369095808786,269.6635053570449,270.8976745605469,3343836
2010-11-03,272.3375343599124,274.5590054972752,269.08758424156355,270.1983337402344,2177828
2010-11-04,271.67932773193945,272.99576751893534,267.60658865842333,268.34710693359375,3182032
2010-11-08,272.33752852500874,275.3817883539321,269.4578097279296,269.91033935546875,6053124
2010-11-09,271.9261111863544,276.0399707439694,270.93878154932986,275.2583312988281,6948271
2010-11-10,275.6285757847213,284.3499740687967,267.85338586088295,269.0875549316406,11337057
2010-11-11,267.77112620023763,268.8407264369044,259.99593596140693,260.6130065917969,7845177
2010-11-12,259.17321786979136,259.9960067944481,249.62908365165333,251.3980255126953,15715053
2010-11-15,252.71440178408423,256.416881361525,251.15115058337256,254.77133178710938,10986583
2010-11-16,257.4864467754981,263.12243589269434,255.88204660505022,257.8978271484375,9850158
2010-11-18,263.287032736723,269.74581182957246,258.5561017246199,267.3597717285156,10415307
2010-11-19,268.22366011036394,281.1823107163465,268.1825109236869,270.23944091796875,17594387
2010-11-22,274.9293232553309,279.660255140962,274.8059035224906,277.23309326171875,6280409
2010-11-23,273.16019762294906,273.85956642324646,263.45149992684725,270.8153076171875,8499425
2010-11-24,272.99578857421875,277.6033003240866,271.5147797696328,272.99578857421875,6740358
2010-11-25,274.14758998780314,279.5367400366051,273.695060408443,275.6285705566406,8374470
2010-11-26,278.91972580340996,278.91972580340996,269.910365159207,274.64129638671875,7089599
2010-11-29,275.6285918228063,280.5652405331113,273.98307011268207,278.6728515625,3571716
2010-11-30,277.2741775101267,298.5839706037792,276.86279702901,296.32135009765625,14357045
2010-12-01,294.14102154993066,294.4701315308026,283.198149510917,288.4227600097656,7293186
2010-12-02,291.2613144519708,292.08407542992154,283.23928347702457,284.76141357421875,4692175
2010-12-03,286.7360769187989,292.08407906194356,282.7044867847485,284.35003662109375,4375447
2010-12-06,287.8467695591726,289.12208796580404,282.66330899408615,284.1443176269531,2008761
2010-12-07,285.46085704942504,291.87846121303437,284.062118446599,287.02410888671875,4279168
2010-12-08,286.3246096403104,290.64415923898144,283.97969138676507,286.03662109375,4719168
2010-12-09,287.14738127603687,287.6410321660584,276.4513519658075,278.4671325683594,3620606
2010-12-10,276.6570746844991,278.09693406130395,267.40087563357935,272.3375244140625,9232424
2010-12-13,273.5305564664361,274.64127811361556,264.93257687321227,273.2014465332031,5454691
2010-12-14,272.3374930073267,277.27411335852685,269.3343548980382,275.7519836425781,3829572
2010-12-15,276.03999587215924,281.38799706790775,274.6824070501774,279.4956359863281,4696849
2010-12-16,281.7993869378128,285.0904861378366,279.7836060902845,283.2803955078125,5014784
2010-12-20,281.38797967763963,281.38797967763963,274.476699876431,275.6285705566406,2716161
2010-12-21,275.62859106371036,277.6855210556782,271.5147310797747,273.8596496582031,2579684
2010-12-22,274.80588361650524,283.03360518334637,274.27108338625953,282.4165344238281,3806784
2010-12-23,283.5682992882497,286.28344861796216,279.78354989834327,282.4575500488281,4486098
2010-12-24,278.9196586605159,289.45114682950697,278.9196586605159,286.8182678222656,2150395
2010-12-27,287.1474673591978,289.6569274640501,280.64756617547476,281.3057861328125,1406861
2010-12-28,282.16964316041395,284.9259143347731,280.8532034938637,281.67596435546875,2087889
2010-12-29,283.0335709327228,291.960632708068,283.0335709327228,291.26129150390625,4157002
2010-12-30,292.08404475537446,296.1979049330555,288.8340946578069,294.099853515625,6336195
2010-12-31,291.6315414572471,296.0333906324672,289.656909567222,295.2106018066406,3120012
2011-01-03,296.9384070313156,300.31177696779974,291.8783660565793,295.6631164550781,3283719
2011-01-04,296.40361383410533,297.7200536315166,290.5619331280782,293.2359619140625,3833685
2011-01-05,292.0840826471487,292.9479928393364,285.9544407740036,287.1474609375,2954082
2011-01-06,287.2708674847132,292.330908684042,287.2708674847132,290.60308837890625,3224930
2011-01-07,291.0967237636462,291.91951254002635,275.13496139362263,278.5083312988281,6786239
2011-01-10,279.7425046415336,282.99245520867737,275.6697930639667,279.00201416015625,3068961
2011-01-11,280.56521153589375,285.4195613709996,274.80580256577804,278.4671325683594,3709562
2011-01-12,279.8658655025312,288.99864452530073,276.451374595446,287.22967529296875,2132019
2011-01-13,284.84360813018395,291.26123677050964,283.9385768678128,285.2138671875,3563055
2011-01-14,283.9385997432581,289.1631811286962,280.77092041982024,282.8278503417969,2474877
2011-01-17,280.153912336782,289.6157753739524,279.4545431916086,286.736083984375,3716294
2011-01-18,288.0524803741711,289.08093147938814,282.29307060502043,283.3626708984375,2208607
2011-01-19,283.8563103457081,286.6537306704286,281.1411605340729,283.40380859375,2966214
2011-01-20,278.91965768454446,282.2107564320802,278.0968969276476,279.9892578125,3853851
2011-01-21,279.70138293933167,279.70138293933167,272.3375716097866,276.4925537109375,3220549
2011-01-24,276.61598065343185,278.0146911218056,273.57172026344676,274.0653991699219,2928676
2011-01-25,276.98620390705014,280.44184436423154,274.0653636225287,277.8912353515625,3866285
2011-01-27,279.7424805328332,279.7424805328332,266.783828575572,267.9356994628906,6439857
2011-01-28,269.7869058289512,273.3659656179612,265.34393601707586,269.2521057128906,4096337
2011-01-31,265.0559633502259,266.29013241011467,255.88206341897373,262.4642333984375,4756969
2011-02-01,267.4008703293707,269.74578890107773,255.05929041293928,260.9009704589844,6445397
2011-02-02,255.05930006682755,268.05910029963724,250.49293817009442,265.5907897949219,11730023
2011-02-03,263.6572714903129,281.75826107941,263.6572714903129,279.5779113769531,7437162
2011-02-04,282.2107518632857,282.62213223507416,271.9261032687055,273.5716247558594,7238103
2011-02-07,275.6285840932359,283.2392332290415,273.160273737292,274.6824035644531,4770975
2011-02-08,275.6285991226516,280.03044782175084,273.2425591478058,274.2298889160156,3653369
2011-02-09,268.55282091601487,277.02735403924083,267.1129612891634,273.28375244140625,4358336
2011-02-10,271.5148242585035,272.6667232797009,257.6922588840307,265.42633056640625,6903674
2011-02-11,265.5084879933773,265.5084879933773,258.35036887117303,262.3819580078125,3167685
2011-02-14,266.166729535613,270.2394403286177,259.17315085432017,269.3343811035156,4306568
2011-02-15,267.8121979852527,274.1475270622089,266.0843784315402,270.8153076171875,3129682
2011-02-16,270.69198470632205,273.57167570512104,267.60657562334274,270.1983337402344,2808369
2011-02-17,273.1602979604707,280.77094777116986,267.89456687684,279.6190490722656,5499423
2011-02-18,278.91972935842693,280.81209072955863,269.9515177918023,272.6255187988281,5044655
2011-02-21,271.26796776071484,273.7362786178495,268.92304876545194,272.0907287597656,4256319
2011-02-22,269.25217932475124,275.21728060392263,266.04337775112157,271.92620849609375,4981445
2011-02-23,270.6919722726083,277.479832939405,268.10024213474173,270.03375244140625,4760426
2011-02-24,268.2236969146501,276.78052797938636,264.5212168449118,266.9072570800781,8685403
2011-02-25,271.5147417349429,273.81851121714834,267.0306503352689,271.3090515136719,4632115
2011-02-28,271.51478065559155,274.8058803876521,267.11295914144523,272.5843811035156,6420348
2011-03-01,272.4197930879013,278.8374225291742,265.09713227130555,277.767822265625,5446370
2011-03-03,276.0400016837822,278.42601374905837,269.12869344995977,271.6381530761719,3517302
2011-03-04,271.967240681119,274.4767001014666,266.7015103187322,269.0052795410156,3625974
2011-03-07,267.4008660022444,268.3881957227791,262.54651577126504,266.9483642578125,2565177
2011-03-08,266.2490458881569,275.8343284752878,265.7553948640054,275.5052185058594,3472743
2011-03-09,275.09375441945565,277.10956281717705,271.9261032687055,273.5716247558594,1786515
2011-03-10,272.3786535611884,272.66664216080403,269.1698526567356,271.1033630371094,980737
2011-03-11,270.60967984028144,272.7488801884318,264.1509017522462,265.38507080078125,3574256
2011-03-14,263.36927634989274,266.57807670406197,262.7110566064774,264.7268371582031,3023582
2011-03-15,261.64152631360605,264.06868788771794,254.19541696154798,258.4738464355469,4819267
2011-03-16,259.21431740762966,265.17941756368293,259.21431740762966,263.65728759765625,4186534
2011-03-17,262.29964745376463,266.49580526834336,260.2427455877587,261.5180358886719,5273043
2011-03-18,264.85036244531926,266.4136140642593,261.23015241306314,262.1763610839844,4664167
2011-03-21,262.9990705741661,264.23323980807703,259.99595979895776,260.7364501953125,2006096
2011-03-22,261.80606496441095,269.2932955803162,261.80606496441095,268.71734619140625,3750136
2011-03-23,268.388273857489,272.7901236255278,267.60663411867995,272.00848388671875,2316550
2011-03-24,272.99573130449653,275.1349317445976,268.71730256431783,274.1887512207031,2046780
2011-03-25,274.8880972607849,280.56523622547786,273.24254771594804,279.4956359863281,2701811
2011-03-28,280.8943941488287,287.97021661115986,275.2172542137199,286.1601257324219,8030083
2011-03-29,285.50193816461706,300.27071122063575,285.50193816461706,296.691650390625,9452816
2011-03-30,296.1978745450983,297.5554633088418,291.6314852015577,295.7042236328125,5630729
2011-03-31,294.141016866803,295.78656674496335,289.1221245633922,294.0587463378906,9325109
2011-04-01,291.75489180930475,296.444700635571,290.4384522889511,292.3308410644531,4942781
2011-04-04,291.67267582557196,297.84346633573176,290.438506579548,295.6631164550781,2368243
2011-04-05,297.43204332100015,298.9130239163655,294.1409443757707,296.403564453125,2105888
2011-04-06,296.4447119252744,298.7896024977222,288.1758432856283,290.685302734375,4845107
2011-04-07,290.6853239760163,294.7580626773248,284.43226341923327,293.7295837402344,7589768
2011-04-08,295.6220295293297,352.47556264382854,293.8119107098359,297.76123046875,6809750
2011-04-11,297.761184963893,301.3813663296664,295.37514493918746,298.2137145996094,4044750
2011-04-13,293.1535876328934,308.5394250267059,290.43843821869274,302.3275146484375,8758584
2011-04-15,303.9319884231619,309.36228856717815,302.32758789424344,306.4002990722656,6629599
2011-04-18,306.48252597526977,310.22615453660717,301.34021517647847,303.0268859863281,3912057
2011-04-19,302.7800535871792,311.00777334313443,300.72312364819044,309.73248291015625,5014397
2011-04-20,310.4318345477571,318.00133407120256,308.8685556231438,313.1058349609375,8298620
2011-04-21,313.47613257863037,316.3558235423271,305.330682787632,309.5679626464844,6009147
2011-04-25,308.08697073017265,311.8305998316838,306.7294096214794,308.9097595214844,2384536
2011-04-26,308.53948766678855,314.9982665794016,307.3876168384143,313.96978759765625,6007245
2011-04-27,315.944413977844,319.4000539597597,314.05202510871226,316.8905944824219,5856456
2011-04-28,316.767202363116,320.75764279150343,314.5045820760917,318.2070617675781,4969685
2011-04-29,318.2482080112367,320.0582986521133,309.52680900887293,312.6944885253906,3474612
2011-05-02,311.8305806035808,316.7260802790859,311.8305806035808,315.6976013183594,2567365
2011-05-03,313.22931457131773,315.61535473798045,306.60599425627265,308.08697509765625,3721992
2011-05-04,308.08702282784526,309.6914514912198,300.3941288110779,304.2200012207031,3163786
2011-05-05,296.07449327152773,303.97310391287755,289.7803109882476,294.4700927734375,9934784
2011-05-06,293.72960143167256,297.47323044178955,284.4322805506905,288.7518310546875,7345483
2011-05-09,290.27393896356415,301.83387933173196,289.61571914061005,300.476318359375,4569883
2011-05-10,301.8750844914044,302.4098847142193,298.66625529453245,301.09344482421875,2801287
2011-05-11,301.1345312436664,302.69778239217936,299.1187226348258,301.299072265625,3230479
2011-05-12,298.5428954720058,301.62827741783366,298.5428954720058,300.8877868652344,2725663
2011-05-13,298.74843967492086,307.8811891716106,298.74843967492086,302.5743103027344,3580151
2011-05-16,302.78011461697173,308.49840384514687,300.0649921814121,305.4129943847656,2523797
2011-05-17,305.16612795500777,307.2642073169284,303.19149616376575,305.0015869140625,1985073
2011-05-18,305.41295862105034,308.53948904919923,303.60286792264395,306.030029296875,2227649
2011-05-19,306.85279995077775,307.59329029006733,299.9003704508204,300.969970703125,1817420
2011-05-20,301.62813258615967,311.33683136508955,300.55853253932605,307.5932312011719,4732033
2011-05-23,304.5079491239464,308.8686212176776,301.25799875466663,303.1503601074219,3331442
2011-05-24,304.4256022203584,307.51101104980955,302.36867228738316,304.9192810058594,3517512
2011-05-25,302.4920847980583,306.4825248728406,299.11871533051703,304.13763427734375,2306477
2011-05-26,302.12189207820194,307.4698937424252,300.14723245142125,302.20416259765625,5773192
2011-05-27,303.76744625912283,307.92245618382765,303.60290520269024,306.81170654296875,2481609
2011-05-30,306.8939122541176,307.6344304316118,301.95729156401563,305.6186218261719,3936916
2011-05-31,305.90660818758977,308.9508399464434,303.8085290865112,307.8401184082031,3215081
2011-06-01,308.7451778911418,316.47924733873685,308.53948766678855,313.96978759765625,4608558
2011-06-02,311.83057902354614,317.5076903628628,311.41919858533134,313.59954833984375,2260188
2011-06-03,314.29886109140347,316.43806146465954,310.3084210536063,311.3780212402344,2711559
2011-06-06,312.9413394348789,314.79255147156243,308.95087103675263,312.6533508300781,2818802
2011-06-07,311.83054938644693,314.1754399493901,310.18499993000626,310.8843688964844,2198037
2011-06-08,311.0488718239374,312.0773505557655,305.24834204273645,310.8020324707031,2901623
2011-06-09,310.2672879092818,312.4476375793463,309.03314664243726,309.81475830078125,2342963
2011-06-10,310.59637691495965,310.9254868026301,306.2768270517693,307.675537109375,1977670
2011-06-13,308.74517007198517,312.2831087052107,307.63444846060287,310.6786804199219,2850479
2011-06-14,310.96658238105715,313.06463317581193,310.18494305008335,312.07733154296875,3194917
2011-06-15,310.9666999833925,312.159720089226,308.6218089636437,309.9793701171875,2573491
2011-06-16,308.53945475695343,312.4887735072386,302.4920847980583,304.13763427734375,5994787
2011-06-17,303.76736631647833,314.25770563277484,303.76736631647833,313.1058349609375,5130753
2011-06-20,312.65335891838316,322.4854801456959,308.99202821959085,320.7576599121094,8848136
2011-06-21,320.92224962048726,327.79238180994463,319.35897032684863,322.1975402832031,5559217
2011-06-22,323.3493916072839,324.9949413270624,310.6787005549595,314.1343688964844,8541584
2011-06-23,312.77672231187273,318.4949821572287,312.0773812222838,314.4222717285156,3273163
2011-06-24,315.574176820937,324.3778462655207,315.574176820937,322.4443359375,5471448
2011-06-27,320.05827864374584,328.20372780844696,319.23548996025426,325.81768798828125,4959702
2011-06-28,326.4759303962218,333.1815207240889,326.02340076796486,329.3556213378906,10719216
2011-06-29,330.3841198931039,332.3587797218667,328.65629950793203,330.3018493652344,4263304
2011-06-30,330.75430801756175,332.2352886410509,320.67534864887034,324.9126281738281,13125165
2011-07-01,324.91265313261505,325.81771239425797,314.58685358015396,315.4919128417969,5799385
2011-07-04,317.1786167179136,319.482386439382,315.1216864315978,316.1913146972656,4410181
2011-07-05,317.59004825666585,317.91915824091046,311.21356668941263,314.504638671875,2594353
2011-07-06,313.1058539596774,319.8937144326923,313.1058539596774,315.45074462890625,4248866
2011-07-07,315.5741757969938,328.2037445292214,315.5741757969938,327.4632263183594,8972726
2011-07-08,328.9853802111499,337.2542500959636,325.52973974823783,327.586669921875,6220607
2011-07-11,327.50444893692253,329.02657916723757,320.6754374987493,321.90960693359375,1889284
2011-07-12,318.4950158826157,324.7480764680194,316.9728859935398,318.3304748535156,2729874
2011-07-13,318.49499903874806,326.8872875784645,317.9190776073781,324.9126281738281,6051451
2011-07-14,325.6531624545237,328.368312537498,323.88419301653096,326.2702331542969,3835596
2011-07-15,327.66895768423655,327.8746479089368,321.95066914164386,323.3082580566406,1920350
2011-07-18,321.1279622695333,325.4063642390659,321.0045425419532,323.4317321777344,1082795
2011-07-19,321.7449463886571,329.93154465997054,321.7449463886571,327.8334655761719,3797711
2011-07-20,329.1087384524392,329.931527084205,323.9252787262156,325.2828674316406,3221108
2011-07-21,323.3493892445093,326.8873280811757,322.73231855159395,325.07720947265625,5572151
2011-07-22,327.1341239000976,339.4345829961583,325.9411039018835,338.2826843261719,11423101
2011-07-25,337.3365288293799,360.5387106680858,336.9662975478998,355.9723205566406,15650804
2011-07-26,353.7919075944333,355.97225714356057,347.4154278228223,349.34893798828125,7871857
2011-07-27,351.2414029082987,355.7666440025109,347.62119331694004,353.4217529296875,5289506
2011-07-28,347.6211846486213,356.6716944713427,347.6211846486213,354.4501953125,4924393
2011-07-29,354.20332993032207,361.4025992132037,350.6242698832855,359.7570495605469,7995295
2011-08-01,368.4784338627753,368.4784338627753,360.2095918404147,363.13043212890625,4307734
2011-08-02,360.0038813812384,361.81397203099806,353.7919420209558,355.7666015625,3038663
2011-08-03,352.14640507637444,355.35523391186064,339.55801273093863,350.7065734863281,15342713
2011-08-04,348.8553630420851,352.9692236524397,345.35857316528916,348.896484375,3936601
2011-08-05,336.4314101633682,346.3457995708249,336.3491118021648,342.1085205078125,5985715
2011-08-08,329.10881350949285,341.3269753449372,325.2417924241962,335.9789733886719,8689189
2011-08-09,323.5550324530327,339.31110109079805,322.6499733582366,335.0738220214844,10113344
2011-08-10,338.15933136612585,340.1751124804272,328.45060137116945,334.74481201171875,7288802
2011-08-11,334.0454367822427,334.7859271599506,324.99492763475644,326.7227478027344,7416538
2011-08-12,329.93153163860444,330.17834315756403,316.76716408840116,320.1405334472656,7043295
2011-08-16,323.14366614972755,331.4125351777583,319.0709554147143,325.69427490234375,12588424
2011-08-17,325.0756575491029,330.6846682278573,316.4146769626327,326.97283935546875,5418918
2011-08-18,328.04518884233875,331.7570461008647,321.7762625683774,322.60113525390625,6516533
2011-08-19,319.2191819616762,325.6942906921742,311.1356093997683,316.4559020996094,8120797
2011-08-22,315.25991707590333,325.3231512326852,314.35256553114914,323.9208984375,3679094
2011-08-23,325.57059731585235,333.90166337198747,323.7559221043612,331.2621154785156,9573967
2011-08-24,329.942289298233,333.36545592197155,326.06547489134533,328.0451354980469,5267076
2011-08-25,331.50959507260916,337.69601477988175,324.044654770553,331.83953857421875,8509606
2011-08-26,330.2722414065098,336.78860346013647,326.10673685903237,328.8287353515625,6279865
2011-08-29,332.4168784066347,338.7682830590741,332.21066723447564,334.10784912109375,3645172
2011-08-30,335.71630035599827,343.51118291945727,330.8084020243817,333.77789306640625,5582539
2011-09-02,343.13994943712385,345.5732574773126,335.30381494287127,337.0360107421875,5725538
2011-09-05,332.0044180393269,337.5722028415848,330.51968659760587,334.5202331542969,2947636
2011-09-06,332.49935648356035,334.8914393905156,322.3948702683553,328.4988098144531,4929940
2011-09-07,329.94225668487917,334.7264220462454,328.3337930748752,331.30328369140625,4690977
2011-09-08,331.303356894605,333.48922892343666,326.80788054259665,329.5299072265625,3950839
2011-09-09,333.1592634013641,335.7163042134738,326.31295770148955,330.0660400390625,6006553
2011-09-12,327.5089812465178,328.1688681160996,315.548566648519,318.2293395996094,3285687
2011-09-13,321.6112837549629,323.2197476803133,312.9503026718921,314.7237243652344,4165475
2011-09-14,315.91977248349366,316.7446451321577,307.2587912210339,311.25933837890625,6358228
2011-09-15,315.09484795276546,321.61120895309625,307.4236990534579,319.3016052246094,5017504
2011-09-16,320.70390139527257,321.5287739475184,314.80620090287374,318.2293395996094,6904041
2011-09-19,316.7445990179646,321.6112435935582,313.032742465729,319.0954284667969,3371857
2011-09-20,320.7039253259028,323.75589534281954,318.22936334559006,322.84857177734375,4068649
2011-09-21,325.7767948932934,326.1892172164236,322.9310361748346,324.3745422363281,2724946
2011-09-22,320.6214284844474,320.6214284844474,303.58815769885035,307.5062255859375,5455410
2011-09-23,304.3717387526689,315.25984300953206,297.48418075959125,309.32086181640625,7868621
2011-09-26,310.76436173369103,317.8581307244537,303.5468604791228,314.1875,3952985
2011-09-27,318.8067268542195,321.2400350882917,314.8061804242077,319.71405029296875,5324327
2011-09-28,321.52883441093707,321.52883441093707,310.9294170316472,312.82659912109375,2039546
2011-09-29,310.9705915235038,314.10503998270997,308.16608647740014,309.65081787109375,4224977
2011-09-30,310.8468638211668,320.45644841243643,306.64010619017944,311.7954406738281,3532661
2011-10-03,307.75371174012355,315.87853812116714,306.06274101277563,314.22882080078125,3565880
2011-10-04,312.20796805115276,316.0023043300407,301.3611139098458,305.11419677734375,5282999
2011-10-05,308.4135580294281,308.4135580294281,301.11357730520706,301.97967529296875,4972635
2011-10-07,306.1864700149513,310.06328472831996,287.21479086060117,292.6588439941406,15009037
2011-10-10,290.34917434892,303.5468539354952,283.3791377722176,299.8762512207031,11169676
2011-10-11,302.9282328880229,313.8163371448861,302.72202175457835,309.32086181640625,6990486
2011-10-12,310.1457243286843,311.7541878762595,305.3203057554256,307.83612060546875,4115359
2011-10-13,310.14582816196275,310.88819405318435,301.97974749744003,305.11419677734375,5213981
2011-10-14,302.88705114896453,317.4869858462289,302.88705114896453,316.4559020996094,4098263
2011-10-17,314.6411770766624,319.0953989410914,311.0943065305456,313.48638916015625,2744407
2011-10-18,308.9497796663824,312.99155253300665,306.3102317285527,308.5785827636719,3313805
2011-10-19,309.56833851438824,318.8892050067299,306.640101201652,317.36322021484375,4284200
2011-10-20,314.2700763650093,323.3022263863605,313.4452037338843,321.7350158691406,2774385
2011-10-21,323.2609534997613,323.2609534997613,310.5581738044096,311.7954406738281,3257674
2011-10-24,317.07455476831444,317.4044982064614,311.01186853158345,315.91973876953125,2446054
2011-10-25,318.3942753681149,324.70439718214044,315.01236267431943,320.4151611328125,3540580
2011-10-28,329.28242324707503,337.6134885110124,320.9513859136764,323.3022155761719,4732927
2011-10-31,324.8281865894831,326.3129460397627,320.33273862616625,323.1784973144531,2421868
2011-11-01,319.0542088354996,326.6428798262741,319.0542088354996,325.44683837890625,1820597
2011-11-02,321.73496091361,326.3953941230556,316.12595087440985,317.1157531738281,2944231
2011-11-03,316.29095536602426,325.6530765689566,315.96101190726995,324.4982604980469,3647871
2011-11-04,322.51865156611035,330.3547604135293,317.61075272754715,327.7152404785156,8406519
2011-11-08,327.4677289018769,331.83947244435535,325.94174400235283,327.5914611816406,4424674
2011-11-09,326.3129183825427,332.0044073461867,324.1682722318092,326.0242004394531,3521903
2011-11-11,321.69377950770036,329.0350150401707,320.8276813539775,326.31298828125,3732083
2011-11-14,328.82867988664117,335.4687731027408,327.8801031216364,334.23150634765625,6553674
2011-11-15,334.0666211500587,336.95363364117895,330.02482042081533,331.2621154785156,6318187
2011-11-16,333.9841422610231,339.84061820175765,326.47794888686866,331.2621154785156,7013063
2011-11-17,331.92191029451897,337.2009766852004,323.96204334489533,326.3541259765625,4380305
2011-11-18,323.01354271145436,331.59204507535713,323.01354271145436,327.88018798828125,6292013
2011-11-21,316.74455845278385,326.47784635743795,315.91968602985196,320.4151611328125,10344432
2011-11-22,319.21913788934233,320.70386923172845,307.341231289185,312.3728332519531,7128770
2011-11-23,308.4960502213295,308.4960502213295,292.65882120975823,300.9073791503906,11163073
2011-11-24,302.72202366537493,317.1569986113464,299.5875753144852,312.3728332519531,13372340
2011-11-25,310.1044974301534,315.2598598329789,305.6090218617781,309.4446105957031,5145884
2011-11-28,311.7954561787407,321.5287735270761,311.3418083957164,319.631591796875,6559205
2011-11-29,322.353597720431,323.46716023214583,303.62938581604635,308.2485656738281,7609984
2011-11-30,310.1457697603919,320.86888957886924,302.9282675420373,318.476806640625,52303883
2011-12-01,324.0858268585869,326.3541775844889,309.19717418848927,312.70281982421875,9331900
2011-12-02,314.5174818190749,324.8694326094978,307.09379645856285,322.18865966796875,10460760
2011-12-05,323.42591381903696,328.1276005796616,318.1055936187766,322.10614013671875,5113184
2011-12-07,322.10619166104215,322.51864195064434,310.1458035955474,311.25933837890625,8320600
2011-12-08,310.5581773443562,310.5581773443562,300.3299592017893,302.9282531738281,6636511
2011-12-09,300.5774501288409,301.81471712094293,290.0605410432812,295.8757629394531,9838610
2011-12-12,298.0616746340537,299.25771631121677,280.8221898769117,282.3481750488281,8782284
2011-12-13,280.12100440283706,289.3593928388558,277.9351605236764,285.2763671875,6780262
2011-12-14,284.7401929223588,291.8339345324171,282.018166699255,287.70965576171875,5910234
2011-12-15,278.80130694076513,282.26569971405206,273.8521544571105,277.687744140625,10973531
2011-12-16,278.51245629868174,290.8440642590812,271.78988514880837,277.6051330566406,7910102
2011-12-19,275.50175464438945,283.25540960204285,264.9848484991655,277.4814147949219,12067526
2011-12-20,280.2859695666043,280.2859695666043,263.33517886206425,266.6346130371094,8932351
2011-12-21,273.85206724851264,284.69891791649735,270.30519671263994,281.6882019042969,5158308
2011-12-22,279.62608672943225,282.1006484308273,266.675842320399,276.49163818359375,6559119
2011-12-23,277.15149109629516,278.677475745927,270.2639334746131,272.7384948730469,3595847
2011-12-26,275.50188600869126,285.0702200347561,274.6770411846004,284.36907958984375,4068563
2011-12-27,284.6577433874553,287.00857303265065,280.6159430722893,283.0080261230469,2796709
2011-12-28,282.67805458493865,285.3588274166699,280.1209860965262,283.5028991699219,2156133
2011-12-29,282.92552866440326,289.35938367731467,277.3989692088971,281.23455810546875,5623529
2011-12-30,282.1831660760173,285.56507963583465,278.924984807851,283.3379821777344,3812196
2012-01-02,284.16281374844715,287.7921917238309,282.30688532053415,284.4102783203125,2178980
2012-01-03,286.6373410264678,297.31923456446725,284.7814128229013,295.8345031738281,2346402
2012-01-04,292.94754061990193,294.4735256677865,284.98769984308376,285.6888122558594,3242474
2012-01-05,286.2249713931812,287.7097030569291,282.1831708301561,284.0803527832031,3215175
2012-01-06,282.1006349653805,282.1006349653805,270.80010820686147,272.6560363769531,8772101
2012-01-09,272.20237298762567,272.53231640899037,263.953815384045,264.32501220703125,8372999
2012-01-10,264.81994101983423,275.0069347439941,264.81994101983423,272.4911193847656,9865514
2012-01-11,273.85209932934464,273.85209932934464,266.59337174507766,268.6142578125,6875226
2012-01-12,270.5114648923469,272.16118220946294,267.5007482451973,269.274169921875,4734619
2012-01-13,272.2024289758513,279.213721139341,270.92390842904047,275.99676513671875,8236860
2012-01-16,276.45041132991946,282.76056242930093,276.32667904338706,280.4509582519531,3766280
2012-01-17,284.3277650662088,286.6373410226085,280.69838752959686,284.616455078125,5172743
2012-01-18,286.55490555561227,290.1017768284503,283.3379777451689,284.9464416503906,2394995
2012-01-19,279.626134901069,284.2453156773909,277.35778395647316,281.06964111328125,4665303
2012-01-20,282.2244160128172,286.14248416791446,278.5125590310893,282.3893737792969,3440022
2012-01-23,280.4921775541977,292.4938168610878,280.4921775541977,290.4729309082031,3367453
2012-01-24,292.5763506365526,298.267840136004,290.5554365668142,294.184814453125,3954176
2012-01-25,296.9480771218754,300.61868061516515,292.0814320912915,296.3706970214844,4730488
2012-01-27,301.8559114590499,309.98073592003345,295.9581839063747,308.99090576171875,5182957
2012-01-30,306.84630187346096,308.413540012396,292.86500261199694,294.5971984863281,2818227
2012-01-31,298.4328825464302,305.56787946176473,292.8238429287504,301.6498107910156,5104196
2012-02-01,300.90742877341006,300.90742877341006,294.10237572931965,298.0204162597656,6292396
2012-02-02,302.72206007701595,326.1892140279744,295.7932757384356,318.2705993652344,28098827
2012-02-03,324.5807226221837,330.7258872735568,318.06436115686637,319.71405029296875,17943219
2012-02-06,324.993148491128,324.993148491128,317.7756467189245,320.91009521484375,6714609
2012-02-07,321.69380026451375,322.1062226632706,308.99101721343595,312.4141845703125,6895811
2012-02-08,305.1966452034913,305.1966452034913,289.8543438350017,291.99896240234375,25849826
2012-02-09,290.96788756851424,291.9577179987065,284.08035589625325,288.78204345703125,15203006
2012-02-10,289.5243927633754,294.8034601590588,287.0498307944781,288.6582946777344,9889723
2012-02-13,289.0294348174614,290.30795511545944,283.42042452267225,286.8023376464844,8476202
2012-02-14,287.8746803686489,287.8746803686489,281.3170645055603,282.3893737792969,8190882
2012-02-15,285.4001047715013,291.17407321205917,283.6266552483004,288.36956787109375,11796765
2012-02-16,291.58648351867913,294.22600280883194,285.40006566809444,288.9881896972656,8826660
2012-02-17,292.82379045102067,293.27746618305235,286.3486817099523,288.36956787109375,10426697
2012-02-21,288.69950636209717,297.36048680476864,285.5650576271559,296.0407409667969,9187206
2012-02-22,299.01016071338756,299.01016071338756,280.5746398893405,286.5960998535156,12379451
2012-02-23,280.94586988278104,283.5441639463572,275.21312716777356,279.3786315917969,12869967
2012-02-24,284.575213682177,286.38991649230223,279.00745676721675,282.5955810546875,3965967
2012-02-27,284.32778126443804,286.59613188009837,278.3887995025458,281.23455810546875,3870487
2012-02-28,282.9255637235977,288.61705370417724,279.7910867733611,283.13177490234375,2964510
2012-02-29,283.21420784889494,290.63789287121267,283.21420784889494,288.8644714355469,5114844
2012-03-01,287.8746778318612,288.8645082136355,283.7503985397382,285.6475524902344,2324193
2012-03-02,287.79218250427743,290.5554343896104,283.8328612034247,289.0294494628906,4132978
2012-03-05,287.0497955753112,292.7412846124118,284.6989382523357,287.9158935546875,3840271
2012-03-06,285.4000576488506,289.524336100022,275.79047377513297,276.7803039550781,3841064
2012-03-07,277.15150678044523,277.9351258479456,270.26394876899263,271.9136657714844,5000176
2012-03-09,276.1617505207543,280.28603016598487,273.0685268215606,279.5024108886719,5413888
2012-03-12,284.4927847200309,284.4927847200309,277.68773177978255,279.7086181640625,2884585
2012-03-13,280.6159047042452,282.4305794817084,277.3989494958619,279.6673278808594,4203990
2012-03-14,281.6470208656879,285.23514572158666,278.30636060137965,278.96624755859375,4905479
2012-03-15,278.8012260615345,279.131141534195,272.28486479633574,273.5633850097656,3429106
2012-03-16,274.6769636793359,276.5741174116449,269.7278123396549,270.1814880371094,4878841
2012-03-19,273.0272690850255,273.31595912969993,265.8510199985029,268.24310302734375,5258224
2012-03-20,268.0781269671352,269.27416852452023,264.4900022949801,266.2221984863281,5366154
2012-03-21,266.88207497170964,275.50183011519516,265.686033461103,274.5532531738281,6464855
2012-03-22,274.6769997888228,275.3368587903236,266.55214542939024,267.1708068847656,4048201
2012-03-23,267.25324522686907,280.4509260045408,264.8611624437308,277.1515197753906,8527858
2012-03-26,277.1516056462231,277.8114926826153,269.0680034156907,271.2538757324219,3827163
2012-03-27,275.254352640355,279.95603958277053,272.20238286462364,279.3786315917969,5723670
2012-03-28,278.8012708376181,281.19332598178244,276.45041323835113,278.59503173828125,3519817
2012-03-29,275.99674687694414,277.6052387371093,268.0781315898705,273.9758605957031,7029001
2012-03-30,276.20296500662647,279.7910898309922,274.0171209019228,278.7187805175781,4383397
2012-04-02,279.543545983323,282.80172608265747,278.5949413978112,280.6983337402344,2022608
2012-04-03,282.1006997408402,283.62668485485324,276.78037854641065,277.81146240234375,3901123
2012-04-04,276.24417474382415,277.15152614121234,271.4600090676614,272.2848815917969,3796571
2012-04-09,272.0374387079144,274.5120006163349,270.09903141414276,271.9961853027344,2665160
2012-04-10,274.3470249116302,274.3470249116302,270.5939149240415,272.07867431640625,4930749
2012-04-11,272.2024182542864,272.2024182542864,264.9849431161711,265.60357666015625,5161454
2012-04-12,266.4284511673922,270.14028038763684,265.6448319145747,267.2532958984375,2900039
2012-04-13,268.5317321351421,271.45996911419246,264.28372165614815,266.8407897949219,2257838
2012-04-16,265.60356421797604,265.60356421797604,259.41714527630506,261.5205383300781,4308696
2012-04-17,261.4380741050828,267.25329650545837,259.9120890047504,265.8510437011719,3755386
2012-04-18,268.9029509987263,269.23289440082,264.4074756365165,265.14984130859375,2092070
2012-04-19,266.0984710711664,268.7379906056126,265.19111964744417,266.9645690917969,1457198
2012-04-20,266.55213132423984,270.9238750350342,264.2425551148534,267.5419616699219,2477742
2012-04-23,266.09849086039344,269.31541862467566,256.0352293670283,257.7674255371094,3988935
2012-04-24,252.48831033699167,255.45780089366667,238.34202567287107,253.51939392089844,15317269
2012-04-25,251.5810313227884,260.365745322523,251.5810313227884,258.1799011230469,4544523
2012-04-26,259.82952488558396,261.43801644891266,251.9934178593669,254.30299377441406,6731235
2012-04-27,254.30301944347465,258.1798618439449,249.931303779087,253.56065368652344,5027621
2012-04-30,253.31323363745494,257.8087103035952,253.31323363745494,256.1177673339844,3450482
2012-05-02,257.3549803941024,263.91259556009226,253.6843772094629,262.26287841796875,7512577
2012-05-03,259.8295593261719,261.8504734328801,258.2623488854075,259.8295593261719,1950314
2012-05-04,258.5098003304726,260.2419963736808,255.45783055328928,257.1487731933594,3612635
2012-05-07,255.1279209372073,262.46912839235597,253.8493725063606,260.6956787109375,3084053
2012-05-08,261.4792892457847,263.29396434478707,258.26236139793406,260.1595153808594,2742403
2012-05-09,258.097387961156,258.34485255522094,254.09684069963183,255.2104034423828,2045925
2012-05-10,255.41659915190078,259.6233573434168,254.3442898833108,255.7877960205078,3164471
2012-05-11,253.31321461938566,257.76743753993713,252.4058910164754,253.39572143554688,1971879
2012-05-14,254.05558906977154,255.70527837895057,249.10643735061979,253.84934997558594,2241859
2012-05-15,250.8386294082232,254.6329650328676,240.89912858698725,250.8798828125,8060721
2012-05-16,247.4566922086138,251.416013137497,243.62113148061013,245.43580627441406,4051033
2012-05-17,247.82787472653786,252.40582881258163,245.2708343886756,246.38436889648438,2934167
2012-05-18,244.1160480601929,246.5906098318758,241.39402173218062,244.61097717285156,3078743
2012-05-21,245.31210786850303,249.9313162565315,241.47654661101427,243.12623596191406,2227203
2012-05-22,247.20927152937261,247.20927152937261,242.38385232764847,243.45616149902344,2618788
2012-05-23,243.37366725163855,244.52845522544104,231.04207066391223,232.69178771972656,5562593
2012-05-24,231.41329228775237,248.77649284424075,231.41329228775237,245.6420440673828,4201709
2012-05-25,248.28157467997156,249.89003839802908,244.98214043995395,246.67311096191406,3265783
2012-05-28,247.66297588342104,251.16859383204303,247.4567367753467,249.39517211914062,2315698
2012-05-29,249.93125431318404,251.0860421587173,246.6318205680433,247.4566650390625,2888729
2012-05-30,248.1991178721079,253.2307206222862,246.79683724753212,249.31265258789062,3960239
2012-05-31,248.65273773400486,253.97305786446245,247.45669634141305,249.56008911132812,6266388
2012-06-01,247.53920348169777,251.2922854074602,246.75558437571445,248.1578369140625,3502027
2012-06-04,247.45672127080488,248.15786157492298,239.70309210359758,242.96127319335938,20886524
2012-06-05,244.98216281854644,245.60082425164825,235.37260510380406,236.89859008789062,10476966
2012-06-06,240.0330260813079,247.04428919313062,235.33133909424018,245.2296142578125,9941772
2012-06-07,247.45670540524708,249.51884484971194,243.04373649047469,248.69400024414062,3087966
2012-06-08,244.9821790392743,254.05561066366187,244.9821790392743,250.96238708496094,3644528
2012-06-11,254.5917447597699,254.5917447597699,249.02395952609183,250.7974090576172,2115165
2012-06-12,248.28156517973,255.62277116969517,248.28156517973,254.6741943359375,1650770
2012-06-13,255.70526185464567,258.50979494619827,252.73579894558685,253.47816467285156,2865283
2012-06-14,251.7460057401564,254.30304672514558,250.54996413382972,252.36463928222656,2676816
2012-06-15,250.3849405758777,257.8911325542075,249.93129280526975,257.1075134277344,2429484
2012-06-18,259.00470083012107,259.62333429233365,253.2307047245261,255.04537963867188,2093745
2012-06-19,254.3030536619903,260.6544587504429,254.3030536619903,259.7883605957031,2559497
2012-06-20,260.5306738218599,261.3967718016363,254.8804102527405,255.9939727783203,2673145
2012-06-21,255.95272164424443,259.0046913010671,254.9216659118237,257.0662841796875,2361473
2012-06-22,255.7877754826689,257.68492928845035,252.4058622522138,256.4476623535156,1940490
2012-06-25,258.5509877941458,259.417085688427,253.56061155276038,254.75665283203125,2068218
2012-06-26,255.08661071147927,256.1176943221097,250.59116325740575,252.4058380126953,2258635
2012-06-27,253.8081048183286,254.05556936772982,249.84878375005303,251.457275390625,3589018
2012-06-28,252.15841996119184,252.9832646573239,249.39516788471772,250.4262237548828,2628799
2012-06-29,250.75618576832554,253.9318883583177,249.5188907020629,251.62228393554688,5579822
2012-07-02,251.6222282513995,256.94254837701806,251.58097485045485,255.8702392578125,2734478
2012-07-03,257.6849423385301,266.0984864026488,257.35499888639725,262.88153076171875,6949954
2012-07-04,263.9537841949412,270.5526518425042,262.8814751848454,269.6865539550781,5072314
2012-07-05,268.90299278062594,270.8414000951639,266.42843084569523,267.33575439453125,3040875
2012-07-06,267.41823664885584,268.3668415458196,263.3764642073801,265.0261535644531,2057780
2012-07-09,264.32497954173283,264.32497954173283,258.7159700022313,261.27301025390625,1519925
2012-07-10,262.1391516597862,267.9956266897182,260.695645638721,265.108642578125,2490482
2012-07-11,263.12892298971644,264.3249641835454,259.58205280235603,260.4481506347656,2591870
2012-07-12,259.74709347024594,260.8194027546774,252.03468937326014,252.65335083007812,3852007
2012-07-13,254.42678088491147,255.5815970218906,252.81831690541276,254.0143585205078,2767466
2012-07-16,258.5922649025893,265.56230209302345,255.70525303657485,263.5826416015625,6441229
2012-07-17,266.59336452033097,271.2125445194883,263.99507053382945,267.3769836425781,6572092
2012-07-18,267.62446459311985,269.10919612481024,259.82955422540067,267.7481689453125,4247618
2012-07-19,268.98548307087157,269.6041165982101,260.0357839754493,261.10809326171875,3350900
2012-07-20,261.479270286718,263.4589309405668,258.4685538322424,259.5408630371094,5293352
2012-07-23,260.5719733665107,260.5719733665107,247.41551566600012,250.96238708496094,3707009
2012-07-24,252.73582516333238,255.45785173269874,248.0341378288742,254.50924682617188,2961184
2012-07-25,255.62274255770424,255.62274255770424,246.2606237470124,248.03407287597656,3489272
2012-07-26,249.80760918757997,251.12738314596422,245.80706183281626,247.86920166015625,4312792
2012-07-27,253.23067088972812,257.35494928116384,251.62220734456415,253.60186767578125,4378451
2012-07-30,255.7052474172362,258.8396958278995,254.05555830780747,255.00413513183594,3053459
2012-07-31,256.53013210654103,256.61261097982936,246.21943502942065,247.49795532226562,8820008
2012-08-01,248.28157369881876,250.05499515660088,243.7860980558769,245.39456176757812,4767852
2012-08-02,246.6318475322275,248.6939868657605,244.2397647881078,246.01321411132812,3613842
2012-08-03,245.807012226147,246.8793213682945,242.34262024981314,244.56971740722656,3347571
2012-08-06,246.2194499962106,248.61153298073006,242.92001555875692,244.32229614257812,3396186
2012-08-07,245.80701021049245,246.13695363079657,241.80643576535405,242.34259033203125,4931355
2012-08-08,242.54886102565303,242.54886102565303,224.69071646096972,226.2991943359375,37089348
2012-08-09,227.37150272492946,227.5777138973807,209.76083677411498,211.78172302246094,37229419
2012-08-10,212.89526937980241,217.51446352889207,208.60601866745264,210.8331298828125,13379337
2012-08-13,211.98792201344114,216.02970797688602,211.98792201344114,214.50372314453125,7545768
2012-08-14,216.11220447553023,217.22575306744514,213.9263327634806,215.1223602294922,4964990
2012-08-16,216.44724143226637,217.5650762852318,215.080989488182,215.28799438476562,7206557
2012-08-17,215.2879876435022,219.17973845731018,214.62556077995848,217.19244384765625,9890407
2012-08-21,215.70199501642816,218.51730915506948,211.603253377284,214.0873260498047,15559811
2012-08-22,211.56181269355676,211.89302607702783,205.35158278200532,205.88980102539062,12333644
2012-08-23,204.5650019332051,208.45673892947838,201.66689126466798,206.17965698242188,10399188
2012-08-24,205.35160935517638,207.42168626023494,202.45351290331243,205.31021118164062,6921485
2012-08-27,207.0076873487534,210.15420104497804,205.18601340834672,206.30384826660156,6584318
2012-08-28,206.17966007166783,207.00769370637414,203.19875300574873,206.01405334472656,4620671
2012-08-29,205.97261916525503,206.8420508249705,198.56174396329106,200.63182067871094,6701956
2012-08-30,198.72734265053276,201.91526795366426,197.44390130707765,201.0872344970703,10284093
2012-08-31,198.89297751518737,206.09684857945726,198.85157934124877,205.18600463867188,6760809
2012-09-03,204.19239513776077,206.5108753160162,202.45353149931324,204.3994140625,5546369
2012-09-04,203.07450038290975,207.21465363888802,199.80377874992607,206.80064392089844,8178551
2012-09-05,204.97899630799148,214.29434231498107,204.93759813474804,213.50772094726562,6808889
2012-09-06,212.88670681718173,213.5905318864964,203.7783650731398,208.74656677246094,15648001
2012-09-07,211.06503069684183,212.72108378395126,210.23699714377594,211.97586059570312,6097758
2012-09-10,210.44401290407345,216.7370401945842,210.44401290407345,216.15740966796875,4420962
2012-09-11,214.4599514646943,217.19245523418127,211.768859887944,216.6128387451172,3955135
2012-09-12,215.41220692717656,217.1924686974599,213.67334333317342,215.90902709960938,6122223
2012-09-13,214.79116826426923,215.2879884137044,207.79431603585837,209.9471893310547,6689510
2012-09-14,214.04595210943478,215.163786968266,209.98859443140302,211.23065185546875,7590436
2012-09-17,215.45358820654792,221.9122219036105,212.67968630894168,219.22113037109375,9452826
2012-09-18,220.25619158946992,224.39634577752798,219.8835799555885,222.07786560058594,9405233
2012-09-20,220.25619051596206,225.7625966807635,219.55236542894446,222.1192626953125,7192292
2012-09-21,224.39635385293693,232.22124050311427,224.18934893988924,231.22760009765625,11562728
2012-09-24,231.84861773795353,234.33270461345455,226.05239633641966,231.0205841064453,10168554
2012-09-25,231.3517901694629,231.84861033249894,226.59060745463486,228.2052764892578,4482301
2012-09-26,226.88041751941907,228.1638730825919,216.94405654358113,219.59375,9012463
2012-09-27,220.58740328138325,223.4027036206533,215.28800203773636,216.44723510742188,5964535
2012-09-28,219.3039318271421,221.08420751831315,217.10966037696662,219.80076599121094,5781818
2012-10-01,219.55233856135825,221.58100320090446,217.44084953967396,219.4695281982422,2748599
2012-10-03,220.6701844829753,223.1542852167807,218.8899228046818,219.67654418945312,3448153
2012-10-04,221.49821036774344,226.3421891066425,221.49821036774344,223.3612823486328,3896945
2012-10-05,224.64474109485695,225.0173527158578,178.68903680363198,220.04917907714844,3215936
2012-10-08,221.12560383710843,229.03329987945924,220.2561720953277,223.94091796875,6777685
2012-10-09,225.67977010570445,225.8453768212915,218.8071124373769,219.67654418945312,4605682
2012-10-10,219.0141667408765,220.67022014535786,216.28166250160353,216.9854736328125,3166031
2012-10-11,217.77207249275622,223.1128715104375,216.94405293945957,221.3325958251953,3026901
2012-10-12,221.0841947388333,222.7402477742385,213.79751371837605,215.57778930664062,3950912
2012-10-15,215.74341345868956,219.01413564141137,212.3898809070388,218.64151000976562,4836463
2012-10-16,215.3708068680033,223.31990203681252,215.3708068680033,221.6224365234375,5531155
2012-10-17,222.9472906576229,225.22438675039737,220.33899511652453,224.0237274169922,5558825
2012-10-18,222.16063560624042,223.4026789115427,217.9376715453861,220.17335510253906,5613056
2012-10-19,217.77209298833213,221.87084904279934,216.28164643690695,221.1670379638672,4471993
2012-10-22,220.25616247747243,225.59696123491693,219.26252223910555,225.1415252685547,3479900
2012-10-23,225.18293479337598,227.4600164650742,223.6096781107659,224.56192016601562,2610262
2012-10-25,224.8103468313714,226.5906085767997,222.32626002291218,223.2784881591797,3685328
2012-10-29,220.7943981456555,224.39633377895169,220.33897616247216,223.40267944335938,3389531
2012-10-30,224.18934048283793,227.2944561184924,222.5746713801224,223.7339324951172,2160230
2012-10-31,223.56830342714179,226.25939513313537,221.0842166186826,223.2784881591797,2174299
2012-11-01,224.23070349029877,233.42184040491242,222.90584987413044,232.80081176757812,4457307
2012-11-02,234.3741042499276,235.16072564344012,227.29444161320052,227.66705322265625,3185959
2012-11-05,228.1224686144846,229.77853584271912,224.437736555442,226.46641540527344,1504611
2012-11-06,226.38360087332538,229.07470656498697,224.06512081543502,226.6734161376953,2133681
2012-11-07,224.39633086720048,232.635226499533,223.03007895440192,224.47914123535156,13581248
2012-11-08,221.9122119869005,230.10972279429197,221.6638089407773,229.4058837890625,7712289
2012-11-09,228.45369050093615,231.43459760287215,227.66706905272855,228.37088012695312,2626268
2012-11-12,226.54920142527678,234.3326890049622,225.80397821606923,231.84860229492188,3828795
2012-11-15,236.19578120938894,245.13848799052144,236.15436901522708,240.3773193359375,11744545
2012-11-16,241.9091706815878,251.6799247845563,241.9091706815878,249.5684356689453,13159619
2012-11-19,251.47293176493645,257.51757012277227,251.34872321838583,256.2755126953125,9327675
2012-11-20,257.51754779322255,258.75957707493836,252.96338435084292,255.86148071289062,8426669
2012-11-21,255.8615207416521,256.8551611453033,251.30735658678725,254.5366668701172,5267416
2012-11-22,254.45387956422698,257.97301928092025,252.67360360626694,254.86788940429688,5838235
2012-11-23,256.64812587495555,258.34557717329596,251.22453051318305,252.92198181152344,4043569
2012-11-26,254.99208899758173,257.93159801198476,253.9570363957532,256.89654541015625,4285590
2012-11-27,258.75957454428084,274.5335817873736,257.10353551818906,270.5176086425781,12978506
2012-11-29,269.9380120810451,275.1959865719451,269.52400231550024,273.5399475097656,10961665
2012-11-30,276.2724681713433,282.1100735151052,268.9443883268823,279.0463562011719,11038178
2012-12-03,279.4603674185617,281.53044442194397,273.53996569399897,274.202392578125,4346318
2012-12-04,273.25014619178995,276.3138636310538,271.3042776642677,275.2788391113281,5032537
2012-12-05,273.25011592846437,275.982619611173,270.4348159009571,273.5813293457031,4389614
2012-12-06,276.89346255826763,276.89346255826763,265.9220637120872,268.861572265625,5776097
2012-12-07,269.0272000708296,273.2501506486748,265.1768471109441,266.99853515625,5173212
2012-12-10,269.52401224391764,269.93802202471335,261.32650082437164,263.23095703125,3677246
2012-12-11,263.39657676934,265.7978671345199,258.3455789562249,260.1672668457031,6083673
2012-12-12,262.8997158720082,262.8997158720082,254.78502969488167,258.26275634765625,6887188
2012-12-13,257.93154235705595,264.96979198623376,256.97931435623474,263.14813232421875,6986904
2012-12-14,263.35509848051544,264.34873852411175,255.40600616978296,258.7181396484375,4032024
2012-12-17,255.8614901727546,257.60035366188237,248.0366044716796,248.8646240234375,7937945
2012-12-18,248.4920986844971,260.25013675092816,248.40927427480557,259.5049133300781,7377327
2012-12-19,259.42204511437785,264.0176214780063,259.42204511437785,261.6991271972656,5210100
2012-12-20,259.2563800115414,263.64495023666063,256.1512511049258,262.40289306640625,3384499
2012-12-21,260.04305846051386,260.7054853228955,253.29460933329048,254.49525451660156,3786915
2012-12-24,253.95703299355105,257.8901823593205,251.2245569665589,255.53030395507812,2180920
2012-12-26,255.86147159728105,264.0175701345377,255.6130545345706,262.8169250488281,3520174
2012-12-27,263.35515559752196,266.25328002940546,261.6577043453388,263.85198974609375,3829434
2012-12-28,262.27868259541566,267.86789776294086,259.918804831324,264.18316650390625,4906816
2012-12-31,264.14184406736376,265.71511513668065,261.36792761505774,262.5685729980469,1901073
2013-01-01,263.76917055577695,267.4539304367491,262.89973881670323,266.70867919921875,1907995
2013-01-02,266.87434708769274,270.18645389709957,264.9698625408926,265.83929443359375,3117675
2013-01-03,267.4539919672942,272.33937009944725,264.39027407942416,271.5941467285156,4080508
2013-01-04,270.8901997296766,273.08448480530694,269.7309669515121,270.7659912109375,3642504
2013-01-07,272.96028061134336,274.20233778037334,269.3583456630013,270.60040283203125,3678613
2013-01-08,270.60043876110524,275.5271998290469,268.8615753164095,273.49853515625,3582034
2013-01-09,274.86477836197963,278.63230616880105,274.3265320658201,276.355224609375,5683351
2013-01-10,276.1896000217845,276.5208134096777,270.6417968031041,273.29150390625,2808174
2013-01-11,273.0845448283978,274.1195693153182,268.199167566431,269.2756042480469,3081315
2013-01-14,270.3520764133649,273.25017339516376,267.7023685182001,272.1737365722656,3629642
2013-01-15,272.0081003578083,290.30757949736375,270.1864124521181,285.8362121582031,10145407
2013-01-16,285.6706571315312,288.6515787226517,282.19292929425,283.9317932128906,4544189
2013-01-17,282.4412741564709,295.60695874808243,280.12278017892794,292.7088623046875,8244694
2013-01-18,291.3840194655987,292.6260488284783,285.8775995684187,288.8585205078125,5941208
2013-01-21,287.5336535469468,297.2630232994083,285.5049888579512,294.40631103515625,5710906
2013-01-22,293.66105783134856,293.86806269449517,288.98268624054214,291.1769714355469,5712140
2013-01-23,290.6387810211504,305.1707032493812,290.0177383341851,304.17706298828125,9453028
2013-01-24,305.50194264572036,306.04016099482374,297.7598528196508,299.6643371582031,5379301
2013-01-25,298.0910256556469,306.8681668268208,295.77255986986484,298.5050354003906,5253508
2013-01-28,296.26935409380087,300.4095074515593,294.36487009097186,295.896728515625,3187540
2013-01-29,295.8967604560132,301.0719667308666,288.4030882379401,289.396728515625,4969870
2013-01-30,292.04645120209085,292.25345609934965,283.6419346135872,285.3393859863281,3826717
2013-01-31,284.13875824279,287.6993099860383,279.37758923678365,281.1992492675781,4743578
2013-02-01,278.59086936574863,287.1610046261687,270.51756816925774,272.7532653808594,17723635
2013-02-04,274.90626451014435,277.14196274878583,271.4285366171932,274.11962890625,4477981
2013-02-05,272.87751506039893,275.8998199324034,267.3297114172227,268.9029541015625,6984046
2013-02-06,271.1387146692634,273.95401531709086,268.6546275116538,270.43487548828125,4258648
2013-02-07,270.43482600594916,270.68324308767154,261.78192071908666,265.0526428222656,3664561
2013-02-08,264.80422945952716,269.27559680310117,262.69274031132295,266.4602966308594,4097563
2013-02-11,265.0526411505438,265.7978643529655,260.5398617052608,261.82330322265625,2525668
2013-02-12,260.0431122425142,267.86799962993615,260.0431122425142,266.8743591308594,2750476
2013-02-13,267.8679114338435,273.5399232247692,267.37107732886324,269.8965759277344,3380578
2013-02-14,270.2692727734385,270.35206913342034,256.8551689724522,258.0971984863281,4873234
2013-02-15,258.0971532748346,263.5207765313919,253.91561539067308,262.1959228515625,3411604
2013-02-18,261.6576884024467,262.8997176221099,258.3455544072591,259.7532043457031,2790086
2013-02-19,260.7883397533601,260.8297239176975,252.21820082684278,254.66090393066406,5057227
2013-02-20,257.7659385719326,257.8487629550431,250.93469336211248,251.72132873535156,8055927
2013-02-21,250.81051496612494,254.86787281848183,241.37097346701188,245.26271057128906,8843988
2013-02-22,246.17357206315629,257.7659878437613,245.22134381776706,256.3997497558594,7111174
2013-02-25,254.61940829559373,258.17995931669725,252.96336935150003,254.2053985595703,4017917
2013-02-26,258.2628195534403,277.8871550614417,250.562141228825,258.1800231933594,11939183
2013-02-27,262.48573526205854,269.02717955635865,261.11949737030847,266.41888427734375,10651675
2013-02-28,270.2692798023372,271.4285129863795,262.6927818108443,267.37115478515625,10650518
2013-03-01,267.826549101747,270.1864274255695,254.95066469609296,257.6003723144531,8427935
2013-03-04,257.51758869802023,263.43799089830895,254.41245892441503,261.6991271972656,4000021
2013-03-05,261.65770949690943,268.24053779073387,256.35829467737824,266.70867919921875,6147752
2013-03-06,267.66096248050013,270.7246799743778,264.0176144224151,265.34246826171875,5266181
2013-03-07,264.14179442136447,266.0462505809593,261.823300453208,265.17681884765625,5579844
2013-03-08,267.495363347384,269.8966541156539,265.3839019036623,267.37115478515625,3345446
2013-03-11,267.5367393142934,270.3106273555217,264.14180854603563,266.0876770019531,4047760
2013-03-12,265.79789183238785,265.79789183238785,259.918873914539,260.45709228515625,2719091
2013-03-13,259.33923057059263,265.2596603937607,257.43477428778476,262.7341613769531,4611608
2013-03-14,261.32642994340057,262.85828814728694,255.86142381267285,260.4983825683594,5960918
2013-03-15,258.593932961944,262.6926736374014,254.37098377540633,256.9378662109375,6735913
2013-03-18,252.54941418190293,256.9793983128425,249.36151574138307,254.61949157714844,5817743
2013-03-19,256.68950055607684,258.26277129387705,235.16071259888437,242.9442138671875,17744473
2013-03-20,240.95695833064718,246.25634550531288,228.20528253212757,231.8900146484375,23077903
2013-03-21,235.9887506484968,251.39013366699947,235.9887506484968,246.67034912109375,12231265
2013-03-22,248.20216225829083,248.20216225829083,239.17663265374006,243.48240661621094,7059864
2013-03-25,245.9251196038421,246.33912938686305,238.14164596130183,238.96966552734375,5721358
2013-03-26,237.56202286141735,246.75317491414594,236.36137763033244,245.8423309326172,7365237
2013-03-28,245.55248728186646,245.84228848138068,239.09384025093541,241.5779266357422,4956778
2013-04-01,238.47285522876794,244.18625181833414,238.47285522876794,243.1511993408203,1611104
2013-04-02,243.44106009628436,244.26907975493936,240.37734249838272,241.61940002441406,3001840
2013-04-03,240.50150889166463,242.53017352254668,231.51737660668624,232.51101684570312,6268041
2013-04-04,232.6766442616836,235.6161530494743,225.26576801936298,226.54920959472656,7232391
2013-04-05,226.05236547498149,231.51737267781073,220.71156680467703,223.77528381347656,4795154
2013-04-08,223.56830036784447,235.49194211952798,223.4440918234142,232.34542846679688,4399187
2013-04-09,233.50465582286438,233.91867962125195,226.88041523889046,229.364501953125,4871185
2013-04-10,231.10335361845588,234.29126501233844,227.21160324796713,233.21482849121094,3875709
2013-04-11,232.38686608172944,232.88368632474587,224.93459047453385,227.8740997314453,4592096
2013-04-12,226.05239158870313,230.52375908591296,224.39633837949197,226.46641540527344,2235706
2013-04-15,224.39631827777933,234.99510553195705,224.27210974203265,231.55877685546875,3361243
2013-04-16,233.3390596424706,236.77537440554752,230.5237455201464,235.98873901367188,3446789
2013-04-17,235.98873782115422,238.88686229488363,234.74670850788013,236.85816955566406,3440184
2013-04-18,235.98876881970116,250.0652991521591,235.5747589942271,248.1194305419922,6751606
2013-04-22,249.23723253486176,252.54933855256837,247.5811655069868,249.0302276611328,3617448
2013-04-23,248.9888360999044,254.82644131401076,245.51110907225882,247.9538116455078,6475297
2013-04-25,250.06532428886288,256.5239735448503,247.20861134505583,251.59718322753906,5591278
2013-04-26,257.51758221126846,265.7978906815735,255.94431126516938,263.6864013671875,7871847
2013-04-29,265.54947778514776,268.4061904210458,259.132241422768,263.4794006347656,3679145
2013-04-30,268.281973530038,268.32338572621717,259.9188688315029,263.934814453125,3790188
2013-05-02,255.03340274221293,268.9443069527583,250.97604633479125,262.2786560058594,13188695
2013-05-03,269.9379325111455,274.49209466579276,261.7404238099586,263.0652770996094,8632202
2013-05-06,266.66732225855,267.7437589941081,263.39659985510497,265.3838806152344,5561415
2013-05-07,266.83292793680397,275.5686588361107,264.05903960761276,274.2438049316406,6640496
2013-05-08,274.0781061633827,274.0781061633827,267.32965873196235,268.4474792480469,4053323
2013-05-09,266.6259287637611,271.42851025191806,266.6259287637611,269.1100158691406,3679327
2013-05-10,269.10993670328503,270.76600363237844,267.1640685758659,268.4889221191406,2559143
2013-05-13,266.54309680406783,268.9443872274399,256.85513876033656,258.1385803222656,3260879
2013-05-14,260.4155460894257,264.05889229416476,258.4282663413862,262.692626953125,2737174
2013-05-15,261.0781008520468,268.7787786089132,261.0781008520468,267.16412353515625,3669284
2013-05-16,265.92208229985226,271.4698863786248,265.4252481219658,266.2118835449219,2848840
2013-05-17,266.95710786119366,267.86795183233176,258.88380478006724,261.28509521484375,2969012
2013-05-20,264.72146939581825,264.8042657562223,254.03986972415709,254.86788940429688,4133045
2013-05-21,254.20547086896107,257.5176057753787,250.68635907369918,252.09400939941406,3532737
2013-05-22,253.9570102252036,259.91885203517654,253.37740774443495,258.3869934082031,4259201
2013-05-23,256.06098624315655,256.5593894281823,248.46013374222358,249.4154510498047,7114423
2013-05-24,253.11216865693294,253.11216865693294,244.76369267726133,247.9618682861328,3215243
2013-05-27,249.20783042756318,258.2624062494323,249.20783042756318,256.8086853027344,3515446
2013-05-28,258.0131376234195,263.66183892503767,257.5147062566997,261.5020446777344,2858211
2013-05-29,262.4574078756414,262.6650782942006,257.1825004853088,261.6682434082031,2289709
2013-05-30,254.4412072510715,265.0740550889466,254.4412072510715,262.00048828125,2848487
2013-05-31,260.837471182348,262.9557480957411,246.7156907254786,250.82763671875,3290263
2013-06-03,251.1184086170886,256.22716181632796,247.87871695477747,252.0321807861328,1784790
2013-06-04,253.5689866150666,256.26872990680124,251.3261013202517,252.6967315673828,1453418
2013-06-05,253.94272362735126,254.1919392978976,249.29085717017068,251.24298095703125,4573757
2013-06-06,250.82766760706633,251.2014630254628,242.8114731080087,245.13742065429688,6559786
2013-06-07,243.47606295269225,246.63269242019817,238.15963881713276,239.4887237548828,4529987
2013-06-10,241.31624533452995,242.06386433097114,233.42465835219238,235.7090606689453,4940861
2013-06-11,233.88153347833574,235.2521776993805,227.81747670744681,231.51406860351562,9030024
2013-06-12,229.47889330635041,234.00616723770239,228.10824893358046,230.7249298095703,5786891
2013-06-13,228.60665042518121,239.94560009804343,228.60665042518121,238.9903106689453,5118975
2013-06-14,240.90088874585075,242.85304105558652,238.49187845198298,240.44403076171875,2862901
2013-06-17,240.44400901346134,249.20779437297563,240.44400901346134,245.88504028320312,4389186
2013-06-18,248.46023366040654,250.41235812308526,240.61019047415795,242.5207977294922,3783624
2013-06-19,242.56224385412395,250.66150042371436,242.56224385412395,248.833984375,3808832
2013-06-20,245.05432281495627,245.05432281495627,238.07650850894888,239.904052734375,7898653
2013-06-21,239.90411666740934,245.5112742986216,237.45356069108288,242.5207977294922,6272944
2013-06-24,240.07020548445783,241.73159673197281,233.9230859968374,235.45986938476562,5307277
2013-06-25,236.33210345238658,246.84037239325005,232.71860177640255,245.3035888671875,4755952
2013-06-26,243.39297191242514,244.22365341725447,229.6449989230358,230.68336486816406,10110244
2013-06-27,237.49508263732153,237.49508263732153,230.9325938965483,233.21701049804688,6356748
2013-06-28,234.46301126151803,244.30670771337853,233.67384698160083,242.35458374023438,4512772
2013-07-01,242.35462827919963,250.03854586491414,241.85622492713128,246.0096893310547,3514414
2013-07-02,244.92975056770587,253.90120628605067,242.5622576929778,251.57528686523438,5586795
2013-07-03,250.86920804429934,254.73193920405066,234.9199082200526,244.68055725097656,4859432
2013-07-04,243.47604722359767,252.1983159950948,243.47604722359767,250.16310119628906,3413730
2013-07-05,253.02901599279195,254.27506653451033,243.22684924232104,245.76046752929688,2146899
2013-07-08,243.559094456514,255.60414492172538,240.98395931548814,243.89137268066406,5044558
2013-07-09,244.72205747534247,246.71572684711379,240.98396256350026,242.2715301513672,2830695
2013-07-10,244.2236855795693,244.2236855795693,240.194829119849,240.98399353027344,3123772
2013-07-11,243.3930015596097,250.03853879227265,243.3930015596097,249.24937438964844,2979503
2013-07-12,250.03851866320528,254.98114695436647,246.5496111937231,253.77664184570312,3779448
2013-07-15,252.6136750810775,262.6235403577424,250.91076653203214,261.21136474609375,3822989
2013-07-16,257.5147133414685,268.77059905927183,256.1025379772121,266.73541259765625,4192610
2013-07-17,269.97516843813787,272.01038351326855,259.25922874160847,262.54046630859375,6912776
2013-07-18,261.4604833199348,269.97508007347676,261.4604833199348,268.8536376953125,3838679
2013-07-19,268.89518666123234,277.3682663370767,264.4925358585499,274.00396728515625,6293753
2013-07-22,273.21482116758517,280.19263540489106,270.8473283883696,279.19580078125,3923614
2013-07-23,279.48657917218065,280.27574356041407,273.17332032268587,274.2117004394531,3129509
2013-07-24,271.6365201664504,281.60483928452754,271.6365201664504,280.2757263183594,4830763
2013-07-25,279.9434901415378,283.10011984641494,276.7868604366607,280.0265808105469,5327831
2013-07-26,280.6910850042994,282.3940216489672,275.00083733480767,280.109619140625,2934628
2013-07-29,279.94348912854304,288.08429317602224,275.37468373349526,277.451416015625,5566137
2013-07-30,276.20529941587864,277.3267418936705,263.4957211375706,266.73541259765625,3557068
2013-07-31,260.83749261340307,289.08105584770306,260.2559987186168,286.1736145019531,15423344
2013-08-01,288.87341029817054,294.06525472242157,281.8125322596307,285.13531494140625,14825967
2013-08-02,285.0937832686516,290.24408260806115,281.68793788870425,286.79669189453125,7003400
2013-08-05,285.8829151559566,287.751976775149,278.28206082081635,279.40350341796875,3784135
2013-08-06,280.69113844124433,280.69113844124433,264.2018862854666,268.2307434082031,5974287
2013-08-07,269.9751695955021,276.2053664660488,266.2370739757249,271.0135498046875,4690771
2013-08-08,271.5534810902651,282.51863587995126,269.14447066308213,280.19268798828125,4966485
2013-08-12,284.2630643733686,286.1321259604735,276.5791476406244,283.9307861328125,5109950
2013-08-13,280.77413865521584,290.28554290029456,277.1190782467571,287.751953125,4174860
2013-08-14,287.4196733277251,292.2376934119629,283.43233472221146,285.1767883300781,3284156
2013-08-16,288.0842359190774,289.08107059176075,275.6238447028103,278.8219909667969,9362242
2013-08-19,278.19903681734195,278.24058215194714,255.6872598681842,263.82806396484375,8009204
2013-08-20,258.34549735347207,268.936829700494,250.3293007865569,264.5341491699219,7301715
2013-08-21,269.1444713998552,269.6013575387073,244.6390262551912,248.1694793701172,5402958
2013-08-22,247.5464151142242,263.3295592911994,245.7188709504317,260.0068054199219,5759879
2013-08-23,260.00684734423055,260.7959835841865,252.15677712076314,256.6425476074219,6355217
2013-08-26,256.76716346954686,262.91429796058884,253.36131792374823,255.0642547607422,2872961
2013-08-27,253.36126372907353,254.81498449785704,241.8146444886101,244.14056396484375,6931145
2013-08-28,243.39296584981605,243.39296584981605,231.92939541243354,239.07334899902344,4976641
2013-08-29,243.7252790417202,249.9554754512864,240.90089970837352,248.66790771484375,9465005
2013-08-30,250.86920244761671,251.03535563384236,240.9839739050062,248.46022033691406,6036400
2013-09-02,252.36444209633214,252.36444209633214,245.13741213897566,249.45700073242188,2835899
2013-09-03,254.19198704418912,255.77028762169118,235.0860440933296,236.74742126464844,5196862
2013-09-04,236.91359220039726,248.5432754631309,233.00932953674362,246.8819122314453,3793874
2013-09-05,251.6999417018495,256.6840878233959,244.22369439134206,246.05123901367188,8318190
2013-09-06,251.65839725940126,263.99418286286505,248.00333612998813,260.6298828125,10362269
2013-09-10,269.1444667915888,291.90545765506005,267.15079719883516,281.0649108886719,13540881
2013-09-11,281.3141016180554,286.46437208265974,273.50557713784525,278.3651428222656,6307373
2013-09-12,281.43862737081764,282.35239937642416,269.6012772584178,272.965576171875,3496522
2013-09-13,268.3968351592589,275.99766144948376,262.83119556956035,270.5981750488281,5393254
2013-09-16,273.2979056710868,282.1863273507183,271.6365144980458,278.90509033203125,3984483
2013-09-17,279.69425651883,283.1001017567287,274.3778323231996,280.19268798828125,3677563
2013-09-18,282.43556669367655,282.6847824473534,277.0775967587568,280.4419250488281,2487066
2013-09-19,286.58895883363044,298.0109977404023,284.9691131008321,294.31439208984375,9473616
2013-09-20,294.3143631029644,294.3143631029644,283.3492123808852,285.9243469238281,11382598
2013-09-23,282.3524090935915,282.68468727723126,274.170090465666,278.4066162109375,5865483
2013-09-24,278.19896237417555,279.1127344654648,272.96560176736847,274.3777770996094,6043060
2013-09-25,274.1285289557646,281.52171107309255,270.0581566067817,279.1127014160156,3677757
2013-09-26,280.35880434427764,281.77097991684707,273.46405154729257,278.07440185546875,5735740
2013-09-27,281.18951991145997,281.18951991145997,268.7706443009862,270.224365234375,5590554
2013-09-30,267.31693459602445,267.98149108766404,259.2176769663285,264.7002258300781,6173039
2013-10-01,265.2402176955886,269.3936819407594,256.68407347464455,267.98150634765625,4654219
2013-10-03,267.31694467518196,270.63969913047936,258.3454598279632,269.3936767578125,6084930
2013-10-04,264.4094917776335,275.95613967414954,264.4094917776335,272.7579650878906,4172051
2013-10-07,268.521484375,270.55667138897314,265.32330924316557,268.521484375,2690157
2013-10-08,275.1253974280915,277.94974810697573,268.3137364167182,275.8730163574219,4468155
2013-10-09,277.2021042392501,278.3235465964461,268.43829198149376,277.575927734375,5809880
2013-10-10,275.1669675171495,279.3619485893292,273.38096848820953,276.53759765625,3673190
2013-10-11,278.8220082372435,280.4418822608044,275.5823164464909,277.90826416015625,2296597
2013-10-14,279.86039520865796,281.18950822070434,275.78999364131244,276.7037658691406,1859046
2013-10-15,279.1127917377756,285.7583290404489,277.4514003800605,281.68792724609375,4620627
2013-10-17,283.26619911187714,290.74241652607793,282.0201488120864,289.6210021972656,6505452
2013-10-18,290.7424849340706,298.21873223551813,289.70413288008507,296.34967041015625,5157142
2013-10-21,294.5221367357517,298.6756009657558,290.7424679721,293.1930236816406,2595830
2013-10-22,291.15781224194393,295.64352622743223,290.3271025893772,292.5284423828125,3184462
2013-10-23,292.19617373885154,294.8128543803717,287.0043577846678,288.95648193359375,2669052
2013-10-24,289.9118030157867,296.391215462347,288.9565135013888,290.4517517089844,3339071
2013-10-25,289.2472356389939,289.9948547148469,284.0969365153341,285.3429870605469,2612230
2013-10-28,285.7582578607359,289.3302272939389,280.0264661364015,281.93707275390625,2300715
2013-10-29,284.0138670375187,286.50593993884235,279.2789088352736,283.432373046875,2519191
2013-10-30,282.8508904756009,302.787500636663,277.6175011253308,299.04937744140625,21918676
2013-10-31,297.2634074697031,307.7716471483231,295.80968663832266,304.9472961425781,11596552
2013-11-01,303.2028510522398,310.51294448997464,300.9599939406533,305.0303955078125,5959996
2013-11-05,299.5478729337618,303.6182471137964,295.7266863927032,298.7171630859375,5977214
2013-11-06,299.29859643975425,302.99517434720445,293.06840042201804,295.39434814453125,5858839
2013-11-07,294.06529449834085,297.80341848891857,288.08431299033066,289.288818359375,3727390
2013-11-08,287.4612705732679,293.1930643827643,284.8030722242202,285.75836181640625,3403437
2013-11-11,283.2662048339844,287.83500914520704,282.02015450902286,283.2662048339844,4793478
2013-11-12,283.05856823234825,285.71676611280253,279.15429175011286,280.56646728515625,2929093
2013-11-13,282.2693307088907,282.4354557272803,272.59174673462735,276.20526123046875,3578940
2013-11-14,278.32362164721656,286.3398172044921,278.32362164721656,282.35247802734375,3268860
2013-11-18,284.42922670045755,288.2504129034791,283.10011356406955,286.79669189453125,4041879
2013-11-19,287.83500713296405,294.0236571336448,287.4611835996344,292.071533203125,5518304
2013-11-20,292.4868970426237,293.2760613676635,284.01384423282406,286.090576171875,4265438
2013-11-21,283.2247553435564,285.7168287085345,279.6112391194713,281.31414794921875,2478236
2013-11-22,282.1032296472204,288.16730024525555,278.2820441087952,279.0296630859375,3655653
2013-11-25,281.9786540982084,283.847687504637,274.12858440156424,279.23736572265625,3516569
2013-11-26,279.1127712358632,282.89241168487223,269.97513350371867,271.6780700683594,6876493
2013-11-27,272.46723005200147,273.63018983423524,264.61716010532416,267.3999938964844,7019318
2013-11-28,271.3873303457194,271.4704210101707,266.90158772101904,268.81219482421875,6444942
2013-11-29,271.55344260321255,273.8793901652279,268.8952168180522,271.6365051269531,6981001
2013-12-02,272.4671756420758,278.78043284751595,272.4671756420758,276.2883605957031,3836570
2013-12-03,275.7899710511759,276.91141357925505,273.79630169640916,274.95928955078125,2866368
2013-12-04,273.3809998119939,279.73580420364254,273.3809998119939,275.9976806640625,4480939
2013-12-05,280.774216269605,282.43557969542707,277.45143316158044,278.5728759765625,9374944
2013-12-06,278.94666597494876,279.11281919115646,274.9593544524298,276.122314453125,4762438
2013-12-09,285.7583072975858,285.7583072975858,277.94978257455585,279.40350341796875,5918717
2013-12-10,279.9434670148631,283.4739200540578,276.6622297057303,278.48974609375,3421539
2013-12-11,281.3141069967465,281.3141069967465,271.0550268143939,272.55029296875,3164053
2013-12-12,271.67809141492484,272.8825966394109,262.12511215530026,268.81219482421875,4530513
2013-12-13,270.2243489111244,273.83786429651263,265.4063283972735,266.52777099609375,5027068
2013-12-16,266.5277417331988,268.72908136023386,258.76076318022945,260.29754638671875,4972532
2013-12-17,260.96212066093193,273.67172791316716,260.96212066093193,271.92724609375,4711304
2013-12-18,272.42564412703274,275.7899432438722,268.81212933392953,272.2594909667969,3996392
2013-12-19,270.8889379943174,273.7963519070632,264.6587412142724,268.7706604003906,3503368
2013-12-20,269.1444331684957,274.04551587560337,265.78013373112833,272.3841247558594,3807279
2013-12-23,272.3841656880493,274.33628999903294,270.5151039134892,272.6749267578125,2997246
2013-12-24,273.29787862145156,275.7068885518835,269.35208552408267,270.5150451660156,2657958
2013-12-26,271.3458089759633,275.5407904670567,269.10292363395246,273.7547912597656,5657339
2013-12-27,275.3746904476096,275.3746904476096,272.3426685551032,273.464111328125,2806661
2013-12-30,273.5886748839266,277.20219061674084,273.2979419381327,273.837890625,3614597
2013-12-31,273.713262016067,276.8698913604746,270.8473655954255,274.3362731933594,2339127
2014-01-01,274.9593104744371,281.6048473678504,274.2947539722772,280.56646728515625,1883623
2014-01-02,280.7741998135901,281.60488147781535,271.22122003405696,273.0487365722656,5276461
2014-01-03,272.4672998583632,275.7069924498594,269.18606192792805,273.5887145996094,4701341
2014-01-06,272.8826407349871,274.6686121301081,270.5982377853642,273.5887145996094,2704888
2014-01-07,274.54396487680555,277.86671920113463,271.22118242429184,275.540771484375,4110547
2014-01-08,276.62074597355837,277.45142767002784,272.218065474615,276.122314453125,6305970
2014-01-09,276.1222426911,276.62067408199493,271.8441711841025,273.7962951660156,3730440
2014-01-10,271.63652088293327,276.7452742479561,271.63652088293327,274.5854797363281,3787879
2014-01-13,274.12857992220364,277.2852090031594,273.3394437481019,274.95928955078125,2555309
2014-01-14,274.9593386226776,275.79002027132367,270.805874123071,272.42572021484375,2474603
2014-01-15,274.04558160961545,276.7868705826873,273.46408754617914,275.37469482421875,2800811
2014-01-16,276.579153110504,276.579153110504,260.4637003170968,262.1250915527344,10508913
2014-01-17,262.49891671708934,264.61716594318216,254.3996590065128,258.26239013671875,6504517
2014-01-20,258.4284575457853,259.84063275754096,255.1472211156104,256.3101806640625,5217898
2014-01-21,258.3454652743576,258.3454652743576,251.40916703317635,253.27822875976562,7842351
2014-01-22,253.5274575379316,259.0100351343147,253.5274575379316,257.3070983886719,5951157
2014-01-23,256.68405927412965,262.41585199176774,254.5242647368917,261.3774719238281,5278619
2014-01-24,260.00688997322817,261.4605829585687,255.64572663263658,260.1314697265625,5058323
2014-01-27,255.77028726534652,259.3007401196536,252.4059875984415,254.93960571289062,5568181
2014-01-28,254.93958980138154,257.0993842055157,250.9937964171148,254.1919708251953,5757925
2014-01-29,257.5147945807439,261.460589031845,249.9970293317979,250.78619384765625,8611443
2014-01-30,250.86918855781704,258.0546735480396,249.29088808107406,256.393310546875,9410790
2014-01-31,257.51477878064134,262.706623629188,256.76715964819044,261.6682434082031,3675441
2014-02-03,260.08984606476537,260.08984606476537,252.3644137259459,254.06732177734375,4028120
2014-02-04,251.6168705671257,263.91113987598203,248.75100179527124,262.7066345214844,7637040
2014-02-05,263.24655378855516,263.91111033237996,258.6777486459001,261.08673095703125,5097413
2014-02-06,261.2528503308546,265.3647969293913,259.59145918640456,261.75128173828125,7592592
2014-02-07,261.46053505847937,264.3679767528913,255.39649220863322,262.1250915527344,9224604
2014-02-10,261.5020551731106,261.5020551731106,253.61046866088657,255.02264404296875,10467267
2014-02-11,253.36125465773523,255.0641910694945,248.87551278820155,253.0289764404297,11167787
2014-02-12,253.44439395822351,256.2687452833791,250.5784972998616,255.81185913085938,7256213
2014-02-13,255.39642787897614,257.59776719569595,250.12152258254767,251.61676025390625,3673969
2014-02-14,252.53061311764023,263.74495550099203,250.86922176835452,253.69357299804688,14159920
2014-02-17,258.2208245158699,258.26236984181674,251.69989603317583,253.07052612304688,3867756
2014-02-18,255.02269839392264,256.39335687135,248.7509844237303,251.076904296875,7408301
2014-02-19,250.86917900428213,253.9427454444827,250.32923042382922,251.32606506347656,2544886
2014-02-20,252.5306085160402,252.5306085160402,246.00967923312788,246.6326904296875,4785876
2014-02-21,247.1311029663075,247.8787501838505,237.6612142874894,239.36415100097656,6257760
2014-02-24,240.81780880524,242.5622624692937,234.17227237685358,234.91989135742188,7194628
2014-02-25,235.7505927146837,240.40247395439476,235.7505927146837,238.4918670654297,5895280
2014-02-26,238.6164753206228,242.47920630442238,236.83050441136038,239.4056396484375,8052633
2014-02-28,240.90088315796103,242.85303542241508,235.33525772880057,238.90724182128906,5039929
2014-03-03,241.23317182988725,241.64854074915925,236.83052006491306,238.1180877685547,3743907
2014-03-04,239.6548744189114,241.64854399674175,237.45353444274699,238.6995849609375,4211396
2014-03-05,241.2331463110743,241.2331463110743,234.1722692249848,234.87835693359375,8474738
2014-03-06,235.91673836058033,237.99347036091035,235.50139758615126,237.45352172851562,8311773
2014-03-07,239.23957160072686,253.9843691204355,238.8657479474706,250.78619384765625,14249287
2014-03-10,250.82764247112937,257.43163277343325,249.9554157447017,253.48583984375,10134303
2014-03-11,254.81499122982413,254.81499122982413,248.2109999262069,251.74142456054688,4448609
2014-03-12,253.36126874850856,255.02265992743511,247.62950434144176,249.33241271972656,4115516
2014-03-13,250.0385068602937,252.48903416199116,247.54643423232665,249.9554443359375,2283999
2014-03-14,249.70624731311926,251.11842284553973,241.19164878921924,245.05435180664062,4199008
2014-03-18,247.13106185150414,248.37711221191844,243.97443281706148,245.13742065429688,3444084
2014-03-19,246.67423095181448,250.78614977404413,245.55278831732068,248.95863342285156,5211552
2014-03-20,248.41873188382957,252.61371403393068,245.0544033422966,245.4697723388672,3582627
2014-03-21,248.6263435010115,249.20780932791033,242.18847717954748,242.93609619140625,5050188
2014-03-24,245.05435581194777,247.33878640133295,242.7284361488774,244.18212890625,5319891
2014-03-25,244.22364677271554,246.2173160838844,240.5270691717039,244.92974853515625,7649439
2014-03-26,246.30037239276692,248.79244490476643,245.0543220726763,248.00328063964844,7887921
2014-03-27,250.453880380651,262.0835916704194,248.83403436693436,258.09625244140625,14322728
2014-03-28,258.3454117017857,265.738566412561,257.18242395012226,263.6618347167969,5662000
2014-03-31,265.4063270393088,271.8026762245635,262.37430563330105,263.9526062011719,6532401
2014-04-01,264.1603551704925,266.98470672880865,259.1761805427081,261.9590148925781,3162658
2014-04-02,265.8216778942955,272.882583837429,265.0325416445261,270.6812438964844,6702502
2014-04-03,273.0487359247969,273.0487359247969,265.36484616436815,266.4031982421875,4881760
2014-04-04,267.233846275737,267.4830619943277,261.6682067057152,262.6650695800781,2500822
2014-04-07,262.6650500663879,265.5724918701406,260.83753370255124,263.70343017578125,3700298
2014-04-09,264.28488063726155,266.6523736472236,263.41265377258713,265.9047546386719,4273679
2014-04-10,266.65233252548455,269.7674159354221,262.70653957889834,265.61395263671875,7003435
2014-04-11,264.1602498518771,269.1028490442599,262.623466803704,267.690673828125,5656050
2014-04-15,266.3200973656782,274.46087211978454,266.3200973656782,270.18280029296875,7037546
2014-04-16,270.8058400855021,274.1285943906377,267.0677168800631,268.8952331542969,2618016
2014-04-17,269.97512075168316,271.5534493830739,266.6523665654564,270.4320068359375,2780516
2014-04-21,270.8058726915912,279.4450799302335,270.2659239971878,278.115966796875,2331487
2014-04-22,279.1127854189049,280.48341567787315,275.45772451467917,278.48974609375,4003481
2014-04-23,278.48973129711777,283.68157538056363,277.9082654621158,281.4386901855469,10125384
2014-04-24,281.4386901855469,281.4386901855469,281.4386901855469,281.4386901855469,0
2014-04-25,281.81250018673046,287.0043440201011,280.234171560469,283.8476867675781,5253995
2014-04-28,282.72631437543436,285.3014499473525,278.11596379197994,280.4834289550781,2061766
2014-04-29,283.22467151368534,283.76462011414475,274.6685283024875,278.28204345703125,4881096
2014-04-30,281.8540353387756,285.42600509007406,268.60448005767915,272.50872802734375,6630619
2014-05-02,272.50875851239454,275.4162002803934,267.5661300093449,270.47357177734375,4679457
2014-05-05,269.9751097810487,272.13493226174114,264.65868642221255,266.07086181640625,2753659
2014-05-06,267.27539146940126,268.31377154421295,260.2975763778776,261.58514404296875,4024013
2014-05-07,261.2529035003119,262.49895414428795,253.56901360172472,258.3454895019531,6526369
2014-05-08,259.1761790096102,261.91746800662867,255.0227142417871,255.85342407226562,4040554
2014-05-09,255.85335630194126,260.67134827849384,255.4379874326298,257.057861328125,4855275
2014-05-12,257.63936513733796,265.5724982276925,257.63936513733796,263.7864990234375,3154170
2014-05-13,266.77697847521097,270.5981641308006,261.3774641642285,265.1571044921875,5869623
2014-05-14,267.89839496564576,269.9751269276134,266.2370318986189,268.4798889160156,3047032
2014-05-15,270.30740390493116,270.80583532526,264.5340941406825,266.9846496582031,3376603
2014-05-16,270.80582407344684,287.41967900134375,270.80582407344684,274.7516174316406,15301025
2014-05-19,276.53762755990823,286.00754421625186,276.0392242176628,280.9403076171875,5477382
2014-05-20,282.4355636951785,290.6594303255065,281.0649333208848,288.7073059082031,8561464
2014-05-21,289.0810958537737,290.7009417903695,278.8635606620242,281.85406494140625,3802119
2014-05-22,282.3524021375084,282.8508334647782,274.7100322302537,276.2883605957031,4212270
2014-05-23,277.11908456372873,289.0810725904501,277.11908456372873,285.467529296875,7182794
2014-05-26,286.6305840756788,289.9533671167261,279.2789441774803,282.0202331542969,6913231
2014-05-27,282.4355078735262,282.4355078735262,276.6206811054492,279.0296630859375,4371841
2014-05-28,280.3587430153506,285.75825652568307,277.65900032427425,283.76458740234375,6017145
2014-05-29,284.2630915065648,289.7871861388827,278.6974515421428,280.4003601074219,8026940
2014-05-30,281.60478295762175,288.16725581930575,281.60478295762175,285.84130859375,4834916
2014-06-02,286.5889746591374,303.20282989318497,283.4738908668452,300.37847900390625,6886379
2014-06-03,302.95369993613104,304.15820523224966,295.3528445317186,299.215576171875,6487420
2014-06-04,299.0493859147303,300.0462206702556,291.28240639009124,293.982177734375,6266080
2014-06-05,294.06523800603946,299.04938361718837,291.1578244209001,295.06207275390625,8150401
2014-06-06,298.883243974473,304.98883189511065,291.90542920802994,295.6435241699219,7173403
2014-06-09,298.50942633114033,301.9568165836749,293.64988872026504,296.05889892578125,9484266
2014-06-10,301.16768724683436,304.44892469675415,295.93432546010473,300.3370056152344,9441767
2014-06-11,301.54148291053,303.2028743029133,290.95015146034456,295.18670654296875,5407848
2014-06-12,291.5732018298273,292.9438322002162,282.1448299339612,284.0969543457031,6972595
2014-06-13,284.4292130692405,285.3429853387619,273.50560367932184,276.8699035644531,6868987
2014-06-16,276.2053786913929,278.61438937975896,272.42573756980676,276.3299865722656,5279321
2014-06-17,276.62070748497325,282.60168800066197,276.62070748497325,280.9818420410156,4378378
2014-06-18,279.9434453702504,286.5059194811199,279.40349674898795,282.6431884765625,6554028
2014-06-19,281.48023664129596,286.42286502770855,279.44504995427184,280.89874267578125,4779752
2014-06-20,279.19581603030184,282.3108997871603,276.86986844810133,281.39715576171875,3061729
2014-06-23,279.9434154234014,285.4675370286653,279.9434154234014,283.72308349609375,4876509
2014-06-24,284.9276375584888,286.9212789905191,281.3971845616291,283.2247009277344,3514105
2014-06-25,280.77412999600494,281.35559576509934,275.8315021896134,279.94342041015625,6295558
2014-06-26,278.69745208570356,283.2662572422193,278.4066910167813,281.1479797363281,4760973
2014-06-27,282.3524614479358,282.3524614479358,273.4225222830591,275.540771484375,6976862
2014-06-30,275.78998070367993,280.7741542650402,275.78998070367993,279.8603820800781,5137323
2014-07-01,280.15111086807246,283.88923395205006,277.99131642068403,278.6974182128906,2348339
2014-07-02,280.5249472272385,282.3524635254755,279.1542889074221,280.89874267578125,3235504
2014-07-03,282.43556790898685,284.2631126062294,279.11281306781586,279.9019775390625,4085387
2014-07-04,283.47392184819586,286.755159178096,280.3172923841154,281.8125305175781,4634232
2014-07-07,282.8924210642464,288.1673278643502,281.77097842695787,286.13214111328125,6165692
2014-07-08,286.1735702255333,288.54103450600246,280.60793221082923,282.892333984375,4422166
2014-07-09,283.1416004880181,286.4228373185152,280.8156529791617,283.6815490722656,2913994
2014-07-10,285.75833390863795,287.0043844801987,273.29794070577964,277.4929504394531,6605423
2014-07-11,276.6206862915901,279.8603779626728,274.4193465170659,278.6974182128906,4222483
2014-07-14,276.6621806104522,278.2820263120316,271.3042121340397,275.8730163574219,3951757
2014-07-15,276.7037590387455,278.7389457080873,273.75480016413184,277.90826416015625,2791094
2014-07-16,276.62076271514553,280.3588587036841,274.12866121853136,279.2789611816406,4598577
2014-07-17,279.90193658450306,282.26940152365233,278.6974314503739,279.6111755371094,1603948
2014-07-18,278.78042503120525,281.64632069811785,277.53437487614565,279.32037353515625,2182944
2014-07-21,279.94346594515656,282.43553885169473,277.5344555722595,280.109619140625,1682610
2014-07-22,282.4355312377429,296.3911897688725,282.4355312377429,294.1898498535156,10834823
2014-07-23,294.18986247889484,296.3081118255706,290.5348015303098,294.3559875488281,5618523
2014-07-24,294.06525632707604,295.7266476770297,291.6977912335088,294.56365966796875,2281668
2014-07-25,295.3112326312523,297.30490193989,291.69774568559734,294.7297668457031,3469073
2014-07-28,296.14198965379575,296.5573304608803,291.73930959105144,294.0237121582031,3800382
2014-07-30,297.38802007396447,310.9283094888155,297.38802007396447,309.9729919433594,12472425
2014-07-31,310.6790920354015,311.6759267762777,307.3978548947532,309.76531982421875,9190997
2014-08-01,307.7716108514907,321.56111413863425,307.39781545174026,315.7047424316406,9349848
2014-08-04,317.7814859604608,321.1457853238742,309.8483540861377,313.08807373046875,7246998
2014-08-05,315.37243303908224,315.8293190408664,310.2636807649922,311.3020324707031,3432741
2014-08-06,311.5097938959934,313.503463507713,303.49362637384104,305.4042053222656,5823989
2014-08-07,304.8642052432346,308.14544204447895,301.74912161237546,303.86737060546875,7882178
2014-08-08,302.2475713373992,311.80055032194554,300.0877766875981,310.6791076660156,5987141
2014-08-11,313.12963523111927,315.66325347548536,309.3499945941766,312.71429443359375,4623445
2014-08-12,315.2478931966898,315.2478931966898,306.3594712892628,307.3147888183594,3758284
2014-08-13,308.8515546515773,314.00182493547914,303.7843187635142,306.1933288574219,5088251
2014-08-14,305.65342110373797,307.3148124470983,301.7076272113272,303.3690185546875,3085046
2014-08-18,303.11977310793947,312.7558138266735,301.54144445441557,312.58966064453125,2941081
2014-08-19,311.80053830237824,319.1521488945114,311.80053830237824,313.2957763671875,5532857
2014-08-20,316.0785557030702,320.6058429769334,310.3052461886782,311.1359558105469,4836047
2014-08-21,312.3767378305425,314.3888047878745,308.85555678187234,311.1191711425781,2560698
2014-08-22,310.23894238042294,312.20910880455574,305.4183211984744,306.0890197753906,3123067
2014-08-25,307.5980371961597,310.5323217957293,306.005121187036,309.44244384765625,3003476
2014-08-26,308.771755317555,314.9757023495998,306.13089057631754,309.86163330078125,2818960
2014-08-27,309.77779151718937,313.21511416033195,306.46622838867,309.3586120605469,3472892
2014-08-28,308.6460314261201,312.87981271657685,308.6460314261201,310.02935791015625,4787890
2014-09-01,310.1970497663333,316.90400794069046,310.0712902197662,315.0596008300781,3447961
2014-09-02,317.4069778938824,330.737061142033,315.10146240419454,328.3057861328125,6636891
2014-09-03,327.2997324791419,342.80959980669985,327.2997324791419,339.1207580566406,13661124
2014-09-04,340.29446623758304,342.01314178941794,333.92285887563355,339.1207580566406,6719459
2014-09-05,340.0010367484776,341.8035424651948,331.5754048211229,336.2702941894531,3055188
2014-09-08,338.9530826238212,341.6358481169736,336.6475388894808,338.4919738769531,3569223
2014-09-09,335.18042875784244,344.5282501544225,335.0965985416046,340.462158203125,3943462
2014-09-10,341.1747300148619,345.2408216371235,338.4081059976678,341.8454284667969,5147073
2014-09-11,341.8454849170367,346.87572413721153,337.1086940606359,340.4202575683594,7838854
2014-09-12,341.17473939167866,348.4266630540181,340.5459702212651,347.08526611328125,4618781
2014-09-15,344.192860641798,347.50442348330193,342.18076535852106,345.0312194824219,3619408
2014-09-16,344.98933571859607,350.0614750880056,343.27066026649254,345.6600341796875,4342129
2014-09-17,348.76208017205096,350.69031735855737,345.45051647560297,347.3787536621094,4378000
2014-09-18,347.0433143334455,351.2770946048821,344.8635586400186,348.6781311035156,3643270
2014-09-19,348.34288588645455,352.1155585671791,343.01925456710507,347.8818054199219,3862700
2014-09-22,347.504438493832,350.5225815491169,343.2287571232918,348.04937744140625,2386534
2014-09-23,347.9236833440434,348.0494428768427,339.91725804527994,340.79754638671875,2182556
2014-09-24,339.6238002590616,342.4742833511387,331.32395520592434,337.9889831542969,3474338
2014-09-25,338.0309168989518,350.4387837239234,334.80318356470497,340.58795166015625,6393950
2014-09-26,339.5399493588397,342.68385223575916,336.6475655252307,339.5818786621094,4018112
2014-09-29,338.5757940676088,341.1328283615251,335.0127120979803,338.0727844238281,2435380
2014-09-30,338.0728245799042,342.8515161219586,336.1864885124049,339.7076416015625,4148252
2014-10-01,338.70155171828134,341.552005923093,336.77328658670245,338.0308532714844,4642350
2014-10-07,335.3481231350174,340.00108384726946,335.3481231350174,338.1985778808594,5427769
2014-10-08,335.34807877566885,340.79749687234187,332.9168038632051,335.0965881347656,6679826
2014-10-09,334.593537417164,342.01312138836,334.593537417164,339.4980163574219,3174456
2014-10-10,336.0607043355313,337.02482275632036,327.38355338397326,328.89263916015625,2947378
2014-10-13,328.38958397002307,329.94057057773915,318.5806546833474,328.2638244628906,4680304
2014-10-14,329.14413350219365,335.5995993567914,329.14413350219365,334.0066833496094,2715018
2014-10-15,334.0066833496094,334.0066833496094,334.0066833496094,334.0066833496094,0
2014-10-16,334.0067148893094,337.23444812139775,322.01802795489493,325.4134216308594,4298043
2014-10-17,326.9643281113775,335.34802956008326,326.9643281113775,331.95263671875,5080864
2014-10-20,335.34811859364544,338.1566723831696,333.9648205458971,336.7733459472656,3650660
2014-10-21,338.61775374851646,347.9236459045539,338.45006492677663,344.2767333984375,4542123
2014-10-22,347.00146208647624,347.9236512617081,341.3843548762324,343.27069091796875,2854861
2014-10-27,344.65400301511465,349.4746235957385,344.6120737137291,347.54638671875,2755722
2014-10-28,347.9236778536971,347.9236778536971,335.47388173721595,341.8035888671875,3408381
2014-10-29,344.5701879998467,344.98936747958226,338.1147218145655,339.623779296875,2572044
2014-10-30,340.0429462313558,343.73175927476433,336.56369451443487,341.6358337402344,6382703
2014-10-31,345.5762022222202,347.08528807009054,332.0784585255224,334.4259033203125,16904947
2014-11-03,336.5637564920391,338.5758521888677,329.8987285300082,331.7850646972656,5739253
2014-11-05,334.5098035155555,334.76132260750967,320.7186085918474,322.3953552246094,11873813
2014-11-07,323.94628956288807,328.7669105074926,317.7423422259436,327.6770324707031,8290910
2014-11-10,328.64115939215225,331.32395363638386,323.5270899611246,328.01239013671875,3727030
2014-11-11,328.72498076830965,329.8148588036581,321.0539052163744,322.7725524902344,4608206
2014-11-12,322.2276316165203,326.16796448744503,321.5150321170466,324.7008361816406,3122243
2014-11-13,326.33563510247234,328.5992213950541,315.22723660952147,327.71893310546875,5146041
2014-11-14,324.9104171600065,330.5694256368053,324.4493083496654,325.58111572265625,2872915
2014-11-17,325.11998547401106,331.15624375167425,322.9402294832096,329.6471862792969,2310461
2014-11-18,330.31786331973757,339.0369151041655,327.8027582332616,334.92889404296875,8324287
2014-11-19,336.35410733351597,341.8873553284605,331.4496568753724,336.8152160644531,6340864
2014-11-20,337.44402330860385,339.4141895739825,329.521428943852,333.4617614746094,3294101
2014-11-21,334.0066878021902,337.27635007416353,330.9466436502951,336.6475524902344,3186377
2014-11-24,336.18645892098476,338.8692244172511,332.07843788250767,334.886962890625,2850647
2014-11-25,340.2945091120153,341.887425347274,334.0905897874999,338.36627197265625,6439812
2014-11-26,337.3602255701168,338.03092415756123,328.26389372049994,329.7729797363281,4162084
2014-11-27,330.48550350405577,330.48550350405577,321.43110303675013,323.10784912109375,5302552
2014-11-28,323.61094589011185,327.2159293348014,317.8681072512505,320.50897216796875,6057648
2014-12-01,322.56293534770725,323.19170453281527,315.3110399040409,316.73626708984375,3176480
2014-12-02,316.61049133864134,323.4432069751708,316.1913119033992,322.2275695800781,3677823
2014-12-03,324.4492519127514,324.74267183731286,316.06554972610354,317.2392578125,7485703
2014-12-04,318.5806925817842,320.7604485963163,308.6041016908813,310.1131591796875,5866566
2014-12-05,312.71211237344346,315.0176564287027,306.04708443055256,308.35260009765625,4821637
2014-12-08,307.68185043842067,314.3049763638013,307.2626710027689,309.98736572265625,4263114
2014-12-09,307.01122626290334,312.0833667929805,295.6094065915511,296.90887451171875,6530448
2014-12-10,301.81330728124965,303.19663373267196,292.2978245111302,296.19622802734375,5831543
2014-12-11,295.6931620158399,299.71732429704764,286.72259160650833,287.8124694824219,5011388
2014-12-12,289.2797229535863,294.47762345170685,289.2797229535863,291.71099853515625,4315126
2014-12-15,288.8185349066909,294.6452031652985,285.8842503209932,293.3876647949219,3772552
2014-12-16,290.9144318868,294.8966931098722,285.88422212510324,293.4714660644531,3775593
2014-12-17,289.32159147822864,292.9684756961964,285.12973986577737,286.7645568847656,6079742
2014-12-18,288.5251687675515,292.7589218140588,288.02213061507456,291.9205627441406,5392525
2014-12-19,292.21393807955445,292.4654571173512,281.52471963103005,287.64483642578125,5594541
2014-12-22,289.1958183665315,293.1361507484008,288.39936035219654,292.42352294921875,3422665
2014-12-23,293.4295229750525,298.8789402841998,292.63309347839373,297.7890625,5122234
2014-12-24,299.63354795135314,299.63354795135314,293.84880830945946,296.028564453125,6101722
2014-12-26,298.4598035983938,299.04664348115693,292.96845620859455,297.0345764160156,1285099
2014-12-29,295.9446959555316,301.35218521631873,293.42959061315133,294.4356384277344,1342543
2014-12-30,296.2800455844881,296.78308368646384,290.99831584267133,293.2200012207031,1135504
2014-12-31,293.2619316532874,296.3639053335537,293.2619316532874,295.6932067871094,2422916
2015-01-01,297.1184909714879,305.9213755933,294.8129749223543,304.24462890625,2460188
2015-01-02,304.9990810442982,307.6818750682678,303.49002359989186,306.04705810546875,2795887
2015-01-05,307.05315079717354,307.05315079717354,298.12450756624634,299.25628662109375,1605267
2015-01-06,298.54369173917075,298.54369173917075,292.08822467098656,296.90887451171875,3916948
2015-01-07,295.0643343962834,300.13650151418335,293.8487255255281,297.6213684082031,4899318
2015-01-08,298.9209028168087,304.28646213289835,296.070420154855,302.77740478515625,7096620
2015-01-09,303.90922385616426,305.9213195117666,296.7411579227165,298.2921447753906,3831782
2015-01-12,298.20829388222387,298.20829388222387,290.99829914350914,292.5492858886719,2276975
2015-01-13,293.345749533195,295.357845087877,288.65088829375713,290.3276062011719,1604173
2015-01-14,290.87259419648694,291.920542962873,288.9443287229187,289.908447265625,3415213
2015-01-15,290.1599787745988,295.6093977580893,287.81253369375526,292.8846740722656,4966049
2015-01-16,290.91446531299584,295.1063167254385,284.29133894581037,287.43524169921875,9779165
2015-01-19,288.3155350456697,295.3578410014698,286.63878877329984,293.8068542480469,3385131
2015-01-20,293.80688506903783,299.29820484746654,291.7947893311207,297.5376281738281,2891041
2015-01-21,297.6214169456433,310.19697097383187,297.2022374890008,309.3586120605469,5052826
2015-01-22,313.0055138121067,313.50852346538073,302.77740483155685,310.19696044921875,2502844
2015-01-23,312.6702136261606,325.07808036412143,311.87375552773847,322.0180358886719,6269436
2015-01-27,320.84432308040186,331.1562637444628,319.9221054648536,330.4855651855469,5268554
2015-01-28,330.06638638080767,331.7431327816411,311.5384025249478,313.21514892578125,4490563
2015-01-29,314.2212417038433,318.999934144437,304.37038002978653,315.0596008300781,7542171
2015-01-30,319.2514091744496,319.2514091744496,306.96930205185794,313.2989807128906,5409140
2015-02-02,310.19698335730095,313.0055369276009,298.8789956353633,301.2264404296875,4157252
2015-02-03,301.93905052930666,313.5504870035552,301.89714961338,311.4964904785156,4242370
2015-02-04,314.38882043478344,316.31708566721045,306.0051177995052,309.3166809082031,5535031
2015-02-05,310.1969736134308,311.7898896280098,301.8552001579132,305.7536315917969,8259274
2015-02-06,305.92130479904534,310.196986570453,300.9749245080262,308.7298583984375,3318996
2015-02-09,306.0051567292033,306.5920250725423,296.1543247512439,298.5436706542969,3030260
2015-02-10,297.87294348428304,303.32236172247246,295.9446781917027,298.5855712890625,6847286
2015-02-11,299.2562701393497,302.3582439156112,291.7528831465906,298.5436706542969,3489433
2015-02-12,300.97493654924233,301.6875360122427,292.84275215879836,295.6932067871094,4361948
2015-02-13,296.61532084344054,298.87893496119324,292.8426779607655,297.6213684082031,3377769
2015-02-16,295.9446935365895,306.3824217849778,295.1063345587001,302.9450988769531,2355833
2015-02-18,304.3703145004967,304.78949397336703,293.84878482357647,295.1063232421875,3408770
2015-02-19,297.5795028262377,300.471857981599,293.5972413885629,299.046630859375,3057263
2015-02-20,297.62146515351264,300.8072692834362,291.962484795909,292.8846740722656,4072136
2015-02-23,291.75291454908404,294.18416163167427,289.4054693112191,291.1660461425781,2410807
2015-02-24,290.15995044545724,293.30382496071866,285.12973986577737,286.7645568847656,7390936
2015-02-25,290.83063218012046,293.8487753865344,288.9442962246308,292.255859375,2882686
2015-02-26,293.429613131799,295.6093977580893,290.2857383095922,292.8846740722656,4571845
2015-02-27,292.5911641835598,300.2203370611067,291.207838111819,297.7890625,3711112
2015-03-02,298.71130734443943,304.328386106877,289.6569341836763,292.6331481933594,4619840
2015-03-03,293.4295504023916,293.93258843482556,288.14782139074,292.80078125,2293482
2015-03-04,295.1063082398407,300.47186767374893,292.842722168523,294.4775390625,3694564
2015-03-05,294.6032886686297,295.0224681060939,288.44127145108274,291.6689758300781,3879220
2015-03-09,290.70488725380517,290.70488725380517,284.2913503609051,287.9382629394531,3823862
2015-03-10,286.764603234683,320.5090113302271,285.6747250458666,308.4783935546875,12896222
2015-03-11,310.19708833931355,330.31799375257725,303.69971913856784,326.5872497558594,14318713
2015-03-12,326.5032575242219,335.26423848353363,324.49119051672017,333.503662109375,18411651
2015-03-13,334.46780024938573,337.6117030391802,326.4613758819818,335.55767822265625,12653947
2015-03-16,335.2642868960217,335.2642868960217,323.7786095058147,325.6230163574219,15605904
2015-03-17,328.8088406076476,328.9765010499495,317.7423429947701,324.072021484375,13158523
2015-03-18,323.5271470328169,327.21598976936434,319.83833268442993,320.46710205078125,4777244
2015-03-19,321.09586462140044,322.73071036037044,318.3711690367169,320.215576171875,4636137
2015-03-20,319.4190196597811,325.1199276645559,316.5685372692451,318.79022216796875,7256601
2015-03-23,321.93418915188334,326.8805695485552,316.9039501473536,321.305419921875,3546841
2015-03-24,320.08984712680353,332.41388550159155,319.92215826532123,330.19219970703125,8101985
2015-03-25,324.4492631778633,333.21024419012116,324.40733387797707,331.1562194824219,11374656
2015-03-26,326.9643742898283,338.2823898769574,326.9643742898283,335.0546569824219,12656646
2015-03-27,336.1864703231401,339.1207549426282,311.11919218284083,315.6463928222656,9357286
2015-03-30,318.58070155841597,329.39568010528626,316.56860592454365,326.4613952636719,5166621
2015-03-31,326.1679659066434,331.74314433505856,322.7725720693035,329.7310485839844,6709861
2015-04-01,329.7310229027229,339.4141939168738,329.52143316016287,337.2763671875,6096908
2015-04-06,337.2763350341744,342.97724361989606,334.0486022077799,336.0187683105469,4825167
2015-04-07,337.0248373010438,343.731794011703,332.1622872984814,339.3303527832031,4691848
2015-04-08,341.21668441785016,354.50486653778796,341.21668441785016,351.40289306640625,6392808
2015-04-09,351.4448501531155,352.5347282948573,339.74958220144987,341.3843994140625,5176227
2015-04-10,341.21668551562817,347.0014530107409,336.6056545956081,345.3666076660156,5103339
2015-04-13,342.9772742141026,357.98410408411104,342.05505664196875,356.89422607421875,4307880
2015-04-15,356.307320253224,356.307320253224,343.01916740408257,348.04937744140625,3883730
2015-04-16,348.88779484542846,354.588732683986,347.462567482828,350.43878173828125,3429760
2015-04-17,352.073653756277,356.05588777731924,338.6178088283201,340.3364562988281,6165372
2015-04-20,338.53390564286,341.71970947318806,334.300153099732,337.2763671875,3642501
2015-04-21,333.3779430594704,343.68991192260455,330.317898683123,333.9228820800781,4315761
2015-04-22,332.8329668408809,336.4379498349369,327.9704171154254,334.8450622558594,4659581
2015-04-23,336.8571965300764,337.7793857438765,332.833005235896,335.22235107421875,6374398
2015-04-24,335.3481280673165,338.0309224031704,331.1143751927232,334.6355285644531,8213565
2015-04-27,334.46785436388126,338.45011673490734,322.0599867937837,327.8028259277344,16825758
2015-04-28,326.1260383884784,343.3126243204571,321.43114868556023,335.9768981933594,5756976
2015-04-29,330.31788417418505,337.44402043379705,321.85035088025694,324.7427062988281,12480808
2015-04-30,324.82655788933147,325.2876382702853,311.7060645615395,319.5028991699219,9124401
2015-05-04,313.21515187112095,330.40173876792926,313.21515187112095,329.39569091796875,5025010
2015-05-05,328.6411022046959,328.6411022046959,320.67657946917154,324.4911804199219,2710648
2015-05-06,329.7309847783183,339.5399141815006,323.6108968716174,327.1320495605469,15076384
2015-05-07,326.8805398103206,335.7672519942821,323.06596708522125,330.0244140625,8782001
2015-05-08,332.832967064678,335.34807214101636,330.40169220031544,333.6294250488281,6371723
2015-05-11,332.8329910008134,337.6536117761562,330.90472565778407,332.16229248046875,4799566
2015-05-12,332.41377464565954,334.8031201167246,326.0840687076628,328.2638244628906,6930590
2015-05-13,331.99465459714753,335.34811903852085,319.16758000939353,320.71856689453125,6440531
2015-05-14,320.2574689705167,328.8088617824802,319.33525131400245,323.6109619140625,5484794
2015-05-15,325.2876511526547,331.1562490893811,324.4492921851884,328.6411437988281,4322623
2015-05-18,330.31785207009347,335.1804016528138,328.64110594016387,333.2102355957031,4866514
2015-05-19,334.42588275520507,339.5399231156101,331.24005082125063,333.67132568359375,6042689
2015-05-20,333.0426100760584,338.57585916222286,332.7072607863467,335.8092346191406,5645720
2015-05-21,336.1864886472515,337.61171592733206,329.89871121578307,332.37188720703125,2829064
2015-05-22,331.5754279147408,334.2582220263526,327.5093358319255,331.0724182128906,3589617
2015-05-25,331.0724606021159,342.8934881847309,328.89270430142085,335.2643127441406,5979086
2015-05-26,337.0248722458259,341.17479486637114,333.83906818764314,335.8092346191406,6978361
2015-05-27,335.4738731355508,346.3307811557002,335.4738731355508,342.6838684082031,5615442
2015-05-28,345.4085023940275,346.03727153250577,335.3061533279491,337.8631591796875,8018965
2015-05-29,337.6535849357285,364.6910281749084,337.27633479061865,356.81036376953125,75197864
2015-06-01,348.7200757011711,352.9119268592902,343.8994553857794,349.2650146484375,4727277
2015-06-02,352.4089188766966,355.8881422958299,346.0372835112464,350.5225830078125,4759119
2015-06-03,350.5645373639578,354.63062965210247,343.06112204377126,352.702392578125,4054895
2015-06-04,352.5346759648338,355.80433829287,347.085286065029,349.0973815917969,3630919
2015-06-05,349.60034377925393,354.0856146086267,346.91755010807424,348.4266357421875,5527337
2015-06-08,349.8937795146686,350.35488824627396,342.09694554039453,344.19287109375,3158812
2015-06-09,345.4085774224786,345.4085774224786,337.7375014246786,342.01318359375,3013310
2015-06-10,343.5641349261083,350.89986087300167,342.1389076840578,347.965576171875,3796042
2015-06-11,349.68418979814817,350.1872278283178,342.9772337050408,344.19287109375,3434353
2015-06-12,344.654007966491,353.24730059807905,341.6777940054802,347.7559814453125,2529220
2015-06-15,350.2710916819743,350.774101372309,345.0731924037995,346.7918395996094,2604882
2015-06-16,346.288845391497,348.1751814938568,343.0192112877557,347.3368225097656,4285319
2015-06-17,348.42671351292626,355.88819959115233,347.7140856394007,354.0437927246094,4864718
2015-06-18,350.5226031956092,363.3915774010545,347.00145027440385,357.5229797363281,6872461
2015-06-19,357.56497440700235,366.6193773991591,357.56497440700235,363.8527526855469,3747410
2015-06-22,364.60723619114765,365.52945377704276,355.0498246161395,355.88818359375,4135774
2015-06-23,359.61898593955334,364.02042807623513,359.0740468363527,360.75079345703125,5811630
2015-06-24,359.66083530406695,361.6729308016262,354.9240448961584,356.26544189453125,2864319
2015-06-25,356.72658756512925,360.0800806748547,354.2114819269142,357.7326354980469,4373706
2015-06-26,357.4810858696887,359.19973306247886,349.8099822914503,350.3968505859375,2623558
2015-06-29,346.2888370139888,348.76204137827295,340.378338187563,347.00146484375,3194613
2015-06-30,350.06148402061353,353.79222656303847,347.0852701691322,352.15740966796875,5214359
2015-07-01,355.2174527478096,359.19971430556404,352.36699841741,355.8462219238281,3142082
2015-07-02,358.8224645414317,367.33192730283696,356.7265387318101,363.14007568359375,4975741
2015-07-03,363.81075338985045,367.03848633283815,362.59511592208776,364.7748718261719,3975749
2015-07-06,360.91842096451114,367.3738877675449,360.2896516847381,363.09820556640625,2229083
2015-07-07,363.0143199174991,365.6132838456928,361.0441536104072,362.0502014160156,1311090
2015-07-08,359.57708501663586,363.014380103828,354.7983642447417,360.75079345703125,3088205
2015-07-09,362.4693637665493,371.31417546635885,360.75071658915834,363.76885986328125,6238280
2015-07-10,365.52940372982204,365.52940372982204,350.14529716941206,351.5285949707031,5725932
2015-07-13,353.79227142940647,357.90029303234024,351.7382748220174,355.2174987792969,2771223
2015-07-14,355.2175010236538,356.7265586064476,352.95391464946323,354.0437927246094,1532422
2015-07-15,353.79228698976624,357.816450158165,352.5766493389097,354.5887451171875,2387269
2015-07-16,356.64268520096635,357.48107250290707,351.61247494193117,356.013916015625,2347739
2015-07-17,356.30736117599264,360.49921281792376,353.9180153920643,357.0199890136719,3436416
2015-07-20,356.39117348896804,362.5951204204688,356.39117348896804,360.0380859375,2266929
2015-07-21,368.88292134519315,379.32062129446746,363.76888043776347,373.28436279296875,6657689
2015-07-22,370.97878744044914,376.218615417414,367.08035633400806,368.3798522949219,3125401
2015-07-23,369.7213274729023,369.8470586165126,361.169934806192,362.9305114746094,2619973
2015-07-24,363.39158130845846,367.9606829395556,360.6249570708841,363.76885986328125,2156436
2015-07-27,362.1759470611263,363.6850045176324,349.1812130825983,350.3968505859375,2565851
2015-07-28,351.2771247624522,356.30733500807935,342.97725230783055,343.7317810058594,3535491
2015-07-29,344.5702354401812,352.07365135786944,338.7854669812931,350.1453857421875,3834817
2015-07-30,350.14533998832275,357.1038159204255,345.9115590817513,349.5584716796875,3646699
2015-07-31,351.0675351224594,357.2714535234455,347.0852735152775,351.10943603515625,3222836
2015-08-03,352.11551807259036,354.63062344110756,349.9776912840205,351.1933288574219,1546763
2015-08-04,354.4629679886978,357.1457622265739,343.0611208658798,346.45654296875,5116932
2015-08-05,357.14572803347227,358.57095523885397,348.5524071115186,350.0614929199219,6127568
2015-08-06,352.07362647374197,353.7922738110703,347.0853165214674,347.9236755371094,4021215
2015-08-07,348.7620536948944,349.6004126883107,343.8156447916425,345.0732116699219,4145596
2015-08-10,345.9954315004218,348.3009471353124,342.47427828435934,343.8995056152344,2977050
2015-08-11,344.5701829373997,345.4085418845536,337.6536080707666,339.4141845703125,3210336
2015-08-12,338.70154878545435,340.1267758755191,328.0542323258613,334.2581787109375,4155754
2015-08-13,341.44114671162356,349.66102971145204,317.9618064646635,324.4112548828125,7871377
2015-08-14,328.7951348712965,334.5279930301103,323.14660486044113,333.0947570800781,3612439
2015-08-17,333.85352136598607,336.08761767881,325.63363986316443,328.9637451171875,1642969
2015-08-18,332.2517194916035,333.60062735666367,323.9475375628214,325.04351806640625,1956234
2015-08-19,325.42295318892747,325.76018020087173,314.3787899580851,322.5143737792969,4410748
2015-08-20,328.7951161719324,330.4812508286302,314.8002413419959,320.3644714355469,4434974
2015-08-21,315.2218679171109,315.2218679171109,302.2386709362624,311.5545349121094,6592108
2015-08-24,301.1847712149441,309.10959018834745,284.9136352686694,293.63934326171875,7423096
2015-08-25,295.5362525587256,309.82619144434193,280.3189323975374,293.6815185546875,8827955
2015-08-26,295.07256780433164,295.83132134169836,283.69120764961866,285.96746826171875,7620596
2015-08-27,292.9649554389822,295.9999986435679,288.6653323094858,292.7963562011719,8545234
2015-08-28,300.88972144926237,307.5920680542087,296.3371717443283,305.6108703613281,6812371
2015-08-31,307.71855640631975,308.56163815089536,295.0725871616583,298.6977844238281,8370962
2015-09-01,295.91563530951544,298.9506493135053,289.29755998176637,291.1944580078125,4459476
2015-09-02,293.3864564225591,294.9039634709265,286.43115393214583,289.38189697265625,7030063
2015-09-03,289.3818965944363,293.34429196394234,289.3818965944363,292.3326110839844,3675760
2015-09-04,290.85724795295425,297.3066959067244,288.5388232413601,295.07257080078125,5305451
2015-09-07,294.9882435964162,294.9882435964162,289.2554141948017,292.6276550292969,2898337
2015-09-08,294.2294734894489,294.6088359314934,285.96742824513905,293.1756286621094,3089268
2015-09-09,295.07253716777205,308.30865853634094,293.3864310585125,298.8663330078125,6374276
2015-09-10,297.1802050341491,297.1802050341491,291.7003029616224,295.4519348144531,3357167
2015-09-11,296.5901091938949,298.4026791942122,291.9532311805149,293.9765930175781,3354447
2015-09-14,294.98828641048215,299.2879090857325,291.82680838509765,298.5713195800781,2811019
2015-09-15,298.44486816538534,298.44486816538534,294.22954492677445,295.9156799316406,2361340
2015-09-16,296.3371547456628,305.27362588867413,296.3371547456628,303.0816650390625,2974270
2015-09-18,303.5453917694963,305.99028025330324,297.7703975421285,300.8897399902344,6783352
2015-09-21,298.4448039888546,302.66012632101723,296.2528432274347,297.0115966796875,2792725
2015-09-22,299.2878450924016,299.2878450924016,286.89480592361633,289.84552001953125,4558449
2015-09-23,286.6419249316472,289.1711414764979,283.48044707124365,284.8714904785156,4087837
2015-09-24,284.8714925393466,285.4616468770286,279.9395801901328,280.6983337402344,9967481
2015-09-28,279.98166377517265,282.76377864078876,272.6470284535681,276.1878967285156,5295350
2015-09-29,273.99593759497475,275.5134731271774,266.0711471760132,272.0147399902344,7126332
2015-09-30,278.211270209788,285.5880992231069,273.9959475013502,284.829345703125,7251836
2015-10-01,286.1361501250608,287.02136751056236,282.9325076131082,286.1783142089844,5093796
2015-10-05,288.2437394527589,292.9227526131366,286.00961450877116,291.91107177734375,5969834
2015-10-06,294.22955207573256,295.57846011240025,291.3631367713687,294.10308837890625,4610836
2015-10-07,294.10304112638386,294.18734072835394,286.93700401681673,288.87603759765625,3635620
2015-10-08,289.59270142940875,291.4474357019128,284.07063414599986,287.94873046875,4770259
2015-10-09,290.0141520558907,294.1451746891788,289.38186228604434,293.0491943359375,5548083
2015-10-12,293.3864822092996,296.8430231735986,293.0492552192328,294.65106201171875,2441453
2015-10-13,295.99994631280157,296.50577248391704,289.04467231410416,291.23663330078125,2590061
2015-10-14,292.9227925119487,295.1990532922021,288.2437787142458,291.9532470703125,3464048
2015-10-15,293.3864526324635,297.9389737187543,290.0141830717606,296.12640380859375,5514188
2015-10-16,292.7120596789082,297.1381465571421,287.48505504482443,294.7775573730469,4598180
2015-10-19,297.60175857126137,308.26652936465945,291.7003294265258,306.62255859375,4334115
2015-10-20,305.9060090533163,309.4047143393147,303.0817292471416,305.06292724609375,2588064
2015-10-21,306.91766581465293,315.137520091838,306.7912021262181,313.198486328125,4434717
2015-10-23,315.30611402698815,315.8962683273256,300.5524848953922,302.74444580078125,4452331
2015-10-26,307.718575363729,307.9293386760802,292.4169533478385,296.9273681640625,7353435
2015-10-27,296.2949903177148,299.0349699235504,293.47073966035407,297.3066711425781,2855148
2015-10-28,297.01163135393114,303.29245151420065,295.91565084527235,302.07000732421875,3806874
2015-10-29,300.55250337828693,302.6180007358311,294.22951907590505,299.6251220703125,4560952
2015-10-30,297.60174439287545,304.26195531189927,290.4778713916644,294.27166748046875,3988476
2015-11-02,292.96491052979593,296.5057794521367,289.7191330490546,295.19903564453125,2857066
2015-11-03,295.95775374830833,298.2761781913689,291.61596772134294,293.0913391113281,1670964
2015-11-04,294.22952824718317,295.3255088014388,289.3397512838226,292.0375671386719,2412413
2015-11-05,289.46619772278274,291.70032277607277,281.66784207396034,283.7333679199219,3467567
2015-11-06,280.7404931049468,288.45452070646553,267.33574260541224,285.96746826171875,3373067
2015-11-09,281.62570727832644,285.4616389996392,270.4129464544275,282.6373596191406,3630757
2015-11-10,280.44537851200647,283.01673034923965,276.14575645719736,279.6023254394531,2421896
2015-11-13,274.0381085273773,283.2696714365086,274.0381085273773,281.4992370605469,2780378
2015-11-16,283.0167653656734,286.0518081871651,278.63284317062613,283.0589294433594,2697681
2015-11-17,283.69120070814114,284.66071750732567,279.0543514454962,282.00506591796875,2173068
2015-11-18,283.2696807412597,288.454520363014,280.2768021242008,281.5413818359375,2486993
2015-11-19,282.5530463154271,287.48498683652,280.06602256525997,286.2625427246094,1983013
2015-11-20,285.4194408402885,290.30921694109503,281.58350957705005,287.780029296875,2315668
2015-11-23,287.99078881841075,291.86888410179216,284.07055801221895,285.798828125,2146374
2015-11-24,286.22043134566525,291.4474357019128,282.55309833476036,287.94873046875,2882252
2015-11-26,288.3280956284948,291.4052742658999,286.68412465291306,288.4545593261719,8126680
2015-11-27,289.92988099829074,290.6464704318914,286.093920837299,288.4966735839844,1460049
2015-11-30,289.17119305736503,290.01424635795706,280.90914510427183,281.878662109375,7110699
2015-12-01,283.22752157872577,283.22752157872577,271.0030795372333,272.09906005859375,9058372
2015-12-02,274.24888674137986,274.45965003122444,266.78775780187607,272.22552490234375,6804758
2015-12-03,271.4667730161879,275.26056935089633,268.5160583931408,269.4012756347656,4408535
2015-12-04,268.09453058251546,271.8882983527347,267.37791255824203,270.8766174316406,2941586
2015-12-07,270.8765814387822,273.15287034555763,268.6424851503846,269.86492919921875,2685214
2015-12-08,269.7805872494208,270.1599782301674,265.6495932658338,267.968017578125,4590607
2015-12-09,267.4622231262353,267.6729864250459,259.7481950390225,262.0666198730469,5188413
2015-12-10,264.63792076452825,265.1016113508334,260.0853715894361,263.5840759277344,2341048
2015-12-11,265.56529667352385,265.56529667352385,259.24231273969934,260.9706115722656,2355955
2015-12-14,258.8208376196722,262.1931078066906,256.41811295336583,258.104248046875,3826300
2015-12-15,258.1042437674839,261.3500216531743,256.79747124973653,260.6755676269531,2623471
2015-12-16,262.19305899537346,271.4246219350153,260.97061484854515,270.0757141113281,4587498
2015-12-17,270.62367513335886,273.40579008261693,269.8227576311129,271.803955078125,4000133
2015-12-18,271.71971835886154,272.6470997389039,268.0945495455205,268.9797668457031,4544383
2015-12-21,269.3169540761309,272.5205958062633,267.25142831595934,270.5393981933594,3305363
2015-12-22,270.62375080499766,275.9350548622422,269.9492967773688,272.4784851074219,3705221
2015-12-23,274.83903552658546,280.61402948351054,273.321499904425,280.1924743652344,3980119
2015-12-24,280.10814096856416,286.4311244146354,277.07312718459576,285.33514404296875,2858615
2015-12-28,284.32352586395984,284.95584433075317,278.2113043323517,279.6866760253906,3336594
2015-12-29,280.65616191879514,283.4804412992937,278.6328286900608,282.6373596191406,2788729
2015-12-30,285.79887503041846,286.09393792692583,279.9395813473554,280.8247985839844,1726114
2015-12-31,281.5835234989858,288.1172704642191,280.27677981536,286.9791259765625,3275719
2016-01-01,286.59975544839665,290.0141602681957,284.6606934666829,287.0634460449219,1387248
2016-01-04,284.95584682025475,285.7567359733414,270.6237420191036,275.5135192871094,3498169
2016-01-05,275.6820875939599,277.15745913440793,270.6237116654327,272.689208984375,2351113
2016-01-06,274.7547489440118,280.3189513319659,269.48558091333257,271.6354064941406,2678635
2016-01-07,270.539427090091,274.6704219574626,266.9142298777218,271.7618713378906,3135368
2016-01-08,273.40581925275666,273.9538094870536,268.5160426715802,273.02642822265625,1999282
2016-01-11,270.62371942156517,273.1529074583158,265.31241598025673,270.75018310546875,2795794
2016-01-12,271.4667885085506,274.3753677676242,264.3850501714035,265.9025573730469,3262399
2016-01-13,270.62368403628267,271.93042768724536,254.64761172429826,260.169677734375,5044083
2016-01-14,258.7365019200974,263.0361243986159,253.3408989204137,260.2961730957031,3633282
2016-01-15,262.78316011175826,262.78316011175826,255.53282406009905,258.06201171875,3572695
2016-01-18,259.4952152880218,260.2539687200233,247.73446572424353,253.13009643554688,4574694
2016-01-19,254.43680876465015,263.3732782110077,251.5703945751977,261.60284423828125,3707778
2016-01-20,260.085403607984,264.5957892679113,255.27992651293303,261.01275634765625,5629713
2016-01-21,263.87919945032337,264.216426413498,255.99654416483372,260.7598571777344,3422136
2016-01-22,262.2773718734399,262.361671479911,245.79547136786266,251.8233642578125,5904068
2016-01-25,252.79291765520838,253.72027044998185,246.6385323399298,250.8116912841797,3479687
2016-01-27,250.81166310798278,252.4977978369337,246.00621481435337,251.06459045410156,5644966
2016-01-28,248.11389475176213,249.42063855982747,243.09765426097843,245.66900634765625,7080505
2016-01-29,243.98281616977798,250.64302592960814,237.99706019933063,244.4043426513672,7373584
2016-02-01,246.34346453965387,251.23324143221947,245.50038282366594,250.0529327392578,4425387
2016-02-02,250.0529462134727,256.2916313501076,249.2941926111728,254.7741241455078,4808715
2016-02-03,253.50948593485762,254.4368671991171,249.67355429534905,252.750732421875,5232930
2016-02-04,256.1229873921787,257.809093526305,254.26822496927377,256.5023498535156,3411138
2016-02-05,254.68972967735536,260.08536019491686,254.6475941558752,258.9893798828125,2647351
2016-02-08,259.9589897405735,264.30077702419186,257.6405646264861,262.193115234375,2753109
2016-02-09,260.50696610906175,264.6801253809812,258.8208310582978,263.2469177246094,3145945
2016-02-10,262.1930240786292,265.523129119716,260.08536302157563,262.4459228515625,10180024
2016-02-11,257.13465558595925,265.98685607412625,256.67099349860814,260.2539978027344,6520711
2016-02-12,263.4576331558508,278.21126221121625,259.2423105686035,273.6165771484375,4049410
2016-02-15,276.98882545293367,278.126970003992,266.7877456625127,268.853271484375,5615585
2016-02-16,271.7618590567544,273.91165600245625,264.5114935067736,265.8182373046875,2910959
2016-02-17,264.3007354761552,271.1295460409448,260.16971216620357,269.4012756347656,3974587
2016-02-18,272.3098635924076,272.3941632021859,266.45054113843014,270.7923278808594,2569038
2016-02-19,270.20217975556795,276.48299973984933,267.0406734523936,274.88116455078125,5961801
2016-02-22,273.5744189270922,282.342291238017,271.4667575883805,277.4525146484375,3455165
2016-02-23,280.74049927553136,280.74049927553136,268.17883018916325,270.8766174316406,5437598
2016-02-24,268.22091140102873,274.4595948774818,267.799384906047,273.1106872558594,2523354
2016-02-25,273.95381219242574,274.3753387541853,268.0945187614933,271.9304504394531,9556967
2016-02-26,273.86952899231454,273.86952899231454,267.2514809545803,268.0523986816406,7064596
2016-02-29,267.25148788460876,271.76190288457997,263.9213817384202,265.9869079589844,3988625
2016-03-01,266.02900203590514,271.7196964556879,261.5607518153154,270.37078857421875,4830530
2016-03-02,271.4667617400109,276.31437432905227,270.62370861047526,275.13409423828125,3289694
2016-03-03,276.8624053434846,282.3844720988007,273.15290860611776,281.0777282714844,3265002
2016-03-04,279.8974656647461,283.81772633924703,275.7664416638552,277.57904052734375,2167900
2016-03-08,277.78975624403154,281.5835525630667,275.47133150397826,279.47589111328125,2393678
2016-03-09,277.4104008564088,283.1432310118071,276.7780824222784,282.0893859863281,3430173
2016-03-10,279.9395484352416,285.54591409239015,279.05433130268636,283.5225524902344,1837525
2016-03-11,282.4266489136842,285.63029138161596,281.5835956236905,284.32354736328125,3018179
2016-03-14,282.5530535874725,288.32804734936695,279.7288028183286,287.27423095703125,2633043
2016-03-15,286.64190378045066,290.4356997706774,283.2696628813303,289.0867919921875,2309456
2016-03-16,287.69577460146076,290.6886532994015,282.76383366050555,285.3773498535156,4361912
2016-03-17,287.73789304139575,296.505765323471,284.99794187421764,287.27423095703125,7155690
2016-03-18,291.5317000795488,293.59722596134606,286.6840873988235,290.2671203613281,3951904
2016-03-21,290.85725055655905,299.2878963276798,289.3397434528315,298.1497802734375,2813415
2016-03-22,299.20362996525927,300.72113723759435,290.5622199444394,295.83135986328125,4425316
2016-03-23,296.7587438610103,304.6835643960791,296.7587438610103,301.9857482910156,5116641
2016-03-28,302.57585306146404,304.3462874531844,292.4169087994118,294.9039611816406,4630593
2016-03-29,292.5433494567795,301.6062839824625,291.74243192661925,298.8663330078125,4073263
2016-03-30,299.2878648939634,302.8708975345017,295.99992366551186,298.27618408203125,4229163
2016-03-31,298.02329834065205,300.6789498831084,292.16400502699946,295.74700927734375,7926944
2016-04-01,295.24117343591945,295.24117343591945,280.0660181844793,282.80596923828125,4517171
2016-04-04,282.8902561344589,295.8312858889903,282.8902561344589,293.8079528808594,3434762
2016-04-05,292.12183312760527,292.12183312760527,277.41036839984866,278.6328125,5289842
2016-04-06,281.1198487215164,286.2625526947659,279.5180420811818,282.00506591796875,3037097
2016-04-07,283.3539960649856,283.5225952837277,277.57900179579,279.26513671875,2415746
2016-04-08,279.8552893427594,284.44997486383056,274.50182170073174,282.0893859863281,2319546
2016-04-11,287.8643704950678,295.07257202378605,287.4850079945128,293.59722900390625,4524262
2016-04-12,293.55505567011403,297.1802240848772,290.1406505372588,295.1568908691406,3089585
2016-04-13,295.9577760570059,307.2970003393758,294.7353319096393,296.12640380859375,6614377
2016-04-18,299.3300732255141,306.03242034331197,296.9273487838461,302.9974060058594,2828391
2016-04-20,306.8754754509175,307.1705383339201,298.52912965309054,300.678955078125,3250868
2016-04-21,301.6906692193164,302.6601861250383,295.9156747703196,301.184814453125,2218219
2016-04-22,295.9156616822583,301.7749554840999,294.8618166640426,297.68609619140625,1460160
2016-04-25,298.6977799091087,306.87549857052926,298.6977799091087,302.6180114746094,3431082
2016-04-26,301.35339982382965,306.7068383654024,299.6251010119921,303.8404235839844,2605766
2016-04-27,307.7185136318824,321.54478968760543,305.31578951540433,314.50518798828125,8618572
2016-04-28,323.27307939019994,324.5798231621727,312.3553814792852,314.21014404296875,10016684
2016-04-29,313.4935121905309,314.1258305579834,303.9247225498312,306.5382385253906,5411248
2016-05-02,306.03235890605595,307.2969669908579,300.46815755539313,301.6484375,1745061
2016-05-03,301.81704832661825,312.3553247388764,301.81704832661825,310.5427551269531,4349238
2016-05-04,308.51944307430216,311.30155831236885,302.9130770707938,304.72564697265625,1883272
2016-05-05,305.61088457608315,308.5616277620886,296.4636492125235,298.7820739746094,2375047
2016-05-06,300.97401144687393,307.2548312864249,298.78205054148486,302.74444580078125,3196077
2016-05-09,303.71395865359335,310.1634061586512,301.9856883960113,309.2360534667969,2070741
2016-05-10,309.82621084058803,311.3437465271731,303.7983178133197,310.96435546875,2932396
2016-05-11,307.2970467679801,318.21474614156153,300.97406179667007,302.5758972167969,5316307
2016-05-12,306.032374075118,306.49606468076587,299.87801817354864,305.27362060546875,3224321
2016-05-13,305.18937096815426,305.18937096815426,297.60177793535354,299.20361328125,4006032
2016-05-16,299.28794519941783,300.2574907462761,289.0447277559471,297.981201171875,2996171
2016-05-17,300.13098276981907,302.66017083165036,293.89229794942315,296.0842590332031,2749594
2016-05-18,295.0725588657096,297.26454835371914,292.7541342478909,296.12640380859375,2421651
2016-05-19,296.1263647400904,297.4331083172971,289.5083187158357,290.6885986328125,2741126
2016-05-20,291.61596333926883,292.1218180011952,286.0517618877979,288.2858581542969,4199413
2016-05-23,292.29050315990986,294.01880236702124,287.906580385015,291.57391357421875,1842701
2016-05-24,291.61602404278364,292.5012698854298,288.15948301991074,290.9837341308594,2293594
2016-05-25,292.62763283033877,297.1801818765857,292.5433332389698,296.4635925292969,2157455
2016-05-26,296.7586932933348,300.1309628500294,293.17566045773486,297.4753112792969,5273432
2016-05-27,297.5596112351161,301.4798710310451,294.6931963820714,296.12640380859375,3075870
2016-05-30,297.68610102450253,301.1426704906505,296.9694829748282,300.0466613769531,2845695
2016-05-31,300.8896869110152,300.9739865049046,292.6698056498898,296.2528381347656,24281872
2016-06-01,298.0654477481193,307.1705473311513,297.0116313157392,306.2431945800781,3081625
2016-06-02,304.6413653858866,310.2477317209296,303.3346215649864,308.730224609375,2604662
2016-06-03,307.71853644031944,308.30869076852,299.582982261879,301.94354248046875,3677399
2016-06-06,300.9740115357872,302.7023103633199,292.7119940641473,294.01873779296875,5264582
2016-06-07,294.01876057199553,296.8430115242497,292.79631634936584,294.3559875488281,4463323
2016-06-08,299.7937234054219,302.02784832527374,296.4214539892107,297.3066711425781,2654000
2016-06-09,299.70940810134704,300.4681901628342,294.90395966122713,296.12640380859375,1549979
2016-06-10,294.8196588968031,298.0654362206912,293.0492245211895,295.99993896484375,2180603
2016-06-13,293.6393905753543,295.4941533544958,287.94872418548783,288.6653137207031,2180335
2016-06-14,289.3397282291499,290.4357086960775,284.40778758087043,288.87603759765625,3358585
2016-06-15,293.38646639341107,297.47532558560556,292.54338469013885,296.6744079589844,3259569
2016-06-16,296.37928169570716,296.7164800483925,287.69571043654395,292.1217956542969,2614007
2016-06-17,293.3864952651045,302.57589546947025,290.3936163002433,300.97406005859375,5592177
2016-06-20,300.13098981985473,308.56163592206536,298.2762271234507,307.2970275878906,3205939
2016-06-21,305.4001067195867,307.4656325607091,303.62967231125657,305.35797119140625,1615514
2016-06-22,306.8333079534063,309.4046599103636,304.2198204691219,306.0745544433594,2399688
2016-06-23,307.4656271558277,308.35084434443166,305.18933807250005,307.5499267578125,1405739
2016-06-24,300.97403345027027,303.50322149116784,293.9765951239526,300.0045166015625,2445195
2016-06-27,298.4448385594517,301.77494415854767,294.861805597939,296.0421142578125,2697253
2016-06-28,297.05378976315683,302.2386583612319,296.59012762540084,301.058349609375,3541398
2016-06-29,302.23865338365005,303.75616055720724,298.6556202019148,300.2995910644531,2469054
2016-06-30,301.81708919643944,311.93384048967846,299.66726384571865,309.2360534667969,4076692
2016-07-01,308.3929300673457,314.3365506217425,305.73727893041325,310.5427551269531,2907785
2016-07-04,312.39752906747105,316.9079144653474,311.00648576522855,314.75811767578125,1855655
2016-07-05,315.30610277357584,315.30610277357584,306.53823091784375,308.4772644042969,1559936
2016-07-07,307.71852748536503,313.0298306432866,305.73732981983295,306.3274841308594,2606039
2016-07-08,304.13555563410085,305.40013544636895,297.60177908228167,299.330078125,1746867
2016-07-11,308.47731038372194,308.47731038372194,301.85926284332663,303.37677001953125,2437511
2016-07-12,305.5265553498504,307.2969896709791,303.5031936836735,306.2853088378906,1333227
2016-07-13,308.4772926521781,308.51945672852446,302.7444627186149,306.62255859375,1609500
2016-07-14,306.5382975821094,309.994867317398,305.06292583661923,309.362548828125,1097465
2016-07-15,308.0557751623335,320.3223815591685,308.0557751623335,319.4371643066406,2814751
2016-07-18,320.111634325085,320.3645331619896,304.3884577373963,305.73736572265625,3592796
2016-07-19,302.7023016918889,310.41632871603804,301.4798575989867,307.1283874511719,3552577
2016-07-20,307.04414400955835,309.3625691636643,304.6414192337114,306.36968994140625,2845114
2016-07-21,308.4772472617783,311.6809172737186,305.61083271677074,310.1212463378906,2198453
2016-07-22,310.24772780703796,311.76526344655525,306.9597862577792,309.6997375488281,2559958
2016-07-25,306.87550319965004,314.2944683973093,306.1167496125304,313.5778503417969,1850765
2016-07-26,311.93389777848836,314.4209505322218,309.2782457942186,311.80743408203125,1862583
2016-07-27,312.5240080748716,318.0460745758388,310.58494591469434,314.08367919921875,2593217
2016-07-28,321.8820518728682,321.8820518728682,306.5382671737694,313.53570556640625,8216550
2016-07-29,313.53571946226424,313.53571946226424,303.8826288916259,305.2315368652344,4178023
2016-08-01,306.41179762635534,309.40467629773127,305.2736530274514,306.87548828125,1775282
2016-08-02,305.10500628782995,307.5498943172388,299.83583923944104,301.6484375,3557285
2016-08-03,302.78658822031423,303.8404045236526,297.81251246493076,302.5336608886719,2491473
2016-08-04,303.3346625635928,310.8800921584439,297.6439673054501,308.7724304199219,3301158
2016-08-05,309.5733040572869,313.19847259600647,303.1238560596404,306.87548828125,4259304
2016-08-08,306.03236301548014,307.6341980412654,294.4824050993921,296.3793029785156,5372323
2016-08-09,297.51746582897465,299.330064399977,290.646491146622,294.60888671875,5734542
2016-08-10,295.9156725224766,297.93900593054644,290.85726763453084,292.0797119140625,1704178
2016-08-11,293.0614863418134,293.4846741126667,289.4643329703444,293.1461181640625,2758046
2016-08-12,291.3687394506506,295.3890810462669,291.241777373158,294.3734130859375,2615030
2016-08-16,294.96588663460835,297.3780800742162,287.51768375161987,289.8452453613281,4152972
2016-08-17,290.73390635451767,295.81221659929287,290.73390635451767,292.5536193847656,3575486
2016-08-18,294.88126923489534,299.5364217941608,293.5693753711126,298.901611328125,2093475
2016-08-19,299.6209789467233,300.4673544776331,293.95018837464823,297.4203796386719,1895295
2016-08-22,297.0818360377978,298.7745871699492,292.9345327128876,296.40472412109375,983587
2016-08-23,294.5427065760915,300.8059493668539,291.7496268390225,299.409423828125,2546554
2016-08-24,299.62102786004226,303.30281360784716,296.23546786449333,298.43609619140625,1809971
2016-08-25,297.293443799204,299.6210053741107,291.2417665086806,292.84991455078125,3583163
2016-08-26,294.11948067990187,294.6273289756253,289.0834999248437,291.11480712890625,1250748
2016-08-29,290.73394225113555,294.33106717714867,283.7512289779136,289.9721984863281,2828305
2016-08-30,290.09915005797905,291.2417801065248,278.249747728816,280.87353515625,4487274
2016-08-31,281.21210434693205,285.1478143324456,278.3343926270435,280.70428466796875,7103241
2016-09-01,279.30769437493126,281.29669990540776,255.18567521306463,263.0993957519531,39290697
2016-09-02,260.8141307216,271.64789263916737,259.41760531726624,269.9128112792969,17010250
2016-09-06,269.9128342692688,273.2137336222016,264.6229005958852,272.1134338378906,7841855
2016-09-07,269.5742388412101,272.87513771116045,267.54290323219135,270.97076416015625,3788590
2016-09-08,270.97080882832523,276.9378545810043,269.9974711025732,274.5679626464844,3819474
2016-09-09,273.8062065819395,276.556955970606,269.4473091447539,272.6212463378906,3280689
2016-09-12,269.0664278170066,272.49431787860414,265.8501603211021,269.1933898925781,3494956
2016-09-14,268.38929829389497,273.5945997537063,268.38929829389497,270.7168884277344,2224288
2016-09-15,270.0397538785735,275.0757339471895,268.22001216629315,273.1290588378906,2301243
2016-09-16,272.62127692515986,276.3453930734745,271.7749012212587,273.890869140625,3584872
2016-09-19,273.38304649645113,275.07579788596416,271.7325680362949,274.35638427734375,1697274
2016-09-20,274.22945111079576,274.22945111079576,268.89721488843315,270.1667785644531,3040194
2016-09-21,271.1824060700405,273.3830343660661,269.8281820908283,272.40966796875,1845538
2016-09-22,273.89087337578025,277.5726593319856,273.0867992488727,276.7685852050781,1642721
2016-09-23,275.92221370260773,279.30774528188766,274.2294335831606,276.7262878417969,2369838
2016-09-26,275.92216068999636,278.2073919174803,270.0820775648559,271.14007568359375,2391218
2016-09-27,272.45197382827325,272.45197382827325,265.8078452670431,266.442626953125,2490305
2016-09-28,265.38462925319385,273.7638678936157,263.3109918794834,272.32501220703125,3263576
2016-09-29,272.9597367264907,273.97540440894016,265.85009160894754,267.2043151855469,6941546
2016-09-30,267.2466887894156,267.8814704466099,260.7718241752879,265.7655029296875,6355157
2016-10-03,265.7655191239164,270.84383001013015,265.7655191239164,269.7435302734375,1672721
2016-10-04,268.72787307246927,274.9488141868349,267.54294146103183,274.2294006347656,2908344
2016-10-05,272.53660846706885,276.0491302174451,271.3516769088989,272.2826843261719,1439691
2016-10-06,275.0334570059677,275.2873524823555,270.08207965207447,272.79052734375,1741337
2016-10-07,273.0444437900702,274.6102614852713,268.4739527688898,270.3783264160156,1477152
2016-10-10,269.2357006611523,270.7591881385795,266.6118848282402,267.3736572265625,2687189
2016-10-13,264.8768769225546,265.68095112627344,258.5713027136363,259.6292724609375,3440146
2016-10-14,260.60253984731173,260.60253984731173,255.94741689952272,258.486572265625,5431236
2016-10-17,258.4866122715811,258.8674985322702,250.74218290742297,255.01644897460938,3779712
2016-10-18,255.6089065507293,260.68724684871796,251.41930088205086,259.54461669921875,5102965
2016-10-19,259.54459878694024,261.91449076244527,257.30166889257447,259.79852294921875,5073975
2016-10-20,259.9254451879811,262.80318536423425,258.14803344772486,261.61822509765625,5290430
2016-10-21,263.56491960070673,263.56491960070673,258.6558723704769,262.1683654785156,2362713
2016-10-24,259.2906925194158,260.68724684871796,257.0054608800314,259.54461669921875,2185144
2016-10-25,256.8784580957772,264.41129251993436,255.3549419179271,263.9034729003906,4024793
2016-10-26,266.6118957919936,273.29835472621187,266.4426321362561,268.89715576171875,6538988
2016-10-27,266.2310127379312,275.6258898814038,265.42693880116536,273.4676208496094,5615716
2016-10-28,273.34070571814107,273.34070571814107,269.3626942506467,269.8705139160156,1566275
2016-11-01,269.1510954621785,271.43632690438284,267.6699094206168,268.6855773925781,2398681
2016-11-02,267.0350891422021,267.11972096274707,261.2373365513491,262.0413818359375,2221637
2016-11-03,261.5336022192011,266.90816786903366,258.40196644401084,261.49127197265625,2989059
2016-11-04,262.1683692684276,262.8454812175311,257.34398245557804,259.5868835449219,2376146
2016-11-07,263.98815019856113,263.98815019856113,257.0477660251339,258.6559143066406,1847168
2016-11-08,259.50230205095414,259.62926414848874,254.76254614748586,258.0634460449219,1527704
2016-11-09,243.75948535516164,258.14804349858474,239.56986566294896,254.76251220703125,5669889
2016-11-10,258.1479713481528,265.8500965896585,256.6668143606507,261.2373046875,3190980
2016-11-11,257.3016277378514,260.6448569212007,252.51954296441818,255.1010284423828,1886129
2016-11-15,256.45525094237536,258.0633701658704,248.8377566070187,256.15899658203125,3114405
2016-11-16,258.1904209437686,263.5226573469033,256.70923461191427,262.08380126953125,2746958
2016-11-17,263.56494693670453,267.11977065699745,249.81114148493228,251.50392150878906,4236589
2016-11-18,252.56189630707473,257.6825374912562,249.89577876454769,257.0900573730469,3641254
2016-11-21,257.6401926780176,258.61353029891274,251.75780805141397,253.49288940429688,1826207
2016-11-22,254.7624827630725,258.52889986118606,249.68414342324925,257.2593078613281,3327374
2016-11-23,258.52886399996714,260.89875536315077,253.19662992750733,254.38156127929688,1970256
2016-11-24,254.76251705481914,257.89415290433493,252.56191737449313,255.94744873046875,4795418
2016-11-25,256.3706316891259,258.994447816182,252.77350648307606,254.76251220703125,2099139
2016-11-28,254.76251569522196,271.8595220336684,254.76251569522196,269.82818603515625,4886483
2016-11-29,271.5209605060404,275.9221884132124,268.13542923705825,274.9488220214844,4516337
2016-11-30,275.07576910917317,276.59928532381207,274.0601011859506,274.7372131347656,4993485
2016-12-01,274.22935918476566,274.90647104884414,265.3846033724947,269.3203125,7124295
2016-12-02,266.6118710546684,271.9441056098011,266.0194196549474,269.65887451171875,1836012
2016-12-05,268.7278570675406,278.1650937901639,268.7278570675406,276.55694580078125,2481220
2016-12-06,276.68396172731735,280.9582280103611,274.86421948925846,278.33441162109375,3142493
2016-12-07,279.05380461682273,283.4973337992935,275.16042530172405,277.74188232421875,2899591
2016-12-08,279.98476326197886,282.69321054312553,277.95345646072354,281.3813171386719,2061325
2016-12-09,282.82016882130387,285.6132478778477,278.5459040951796,281.00042724609375,2646396
2016-12-12,278.8845436299974,279.3077314740349,276.38771815440845,278.58831787109375,775144
2016-12-13,275.9222077515513,280.1118133796595,275.9222077515513,279.3077392578125,1063869
2016-12-14,277.699587302044,279.09611279541457,272.11342800934085,273.0444641113281,1481398
2016-12-15,271.520896108093,272.8328181815254,268.72781699435427,269.5318908691406,3073256
2016-12-16,269.997516564552,270.5053363062211,261.0681258849076,262.59161376953125,4401700
2016-12-19,262.7184716233407,263.64950754985205,257.3862374833685,258.5711975097656,4126010
2016-12-20,258.9944128187394,259.6291944764516,253.1543298570419,256.0743713378906,3596096
2016-12-21,257.38627043229786,259.2906441060171,253.9160790415118,255.3549346923828,2651665
2016-12-22,253.4929383601808,254.7202003486232,245.66387697979766,247.35662841796875,3156188
2016-12-23,250.0227113898684,251.50389735092136,246.42558642675397,250.14967346191406,2047449
2016-12-26,249.26096472533692,251.37693236245937,244.35191751444407,250.6151885986328,2719536
2016-12-27,250.53058502586583,254.59322844432194,246.4256113592417,253.5775604248047,2548216
2016-12-28,253.06970162648236,256.53989299185656,251.20765820833344,253.49288940429688,2899350
2016-12-29,255.10109812630412,257.6825843094326,251.80016962180568,256.455322265625,3551526
2016-12-30,255.01636412032906,259.92538166934156,254.00069642272533,258.6981201171875,1955045
2017-01-02,256.5399200880787,264.07275503955606,256.5399200880787,263.22637939453125,1643255
2017-01-03,264.0304908864267,265.7232424164689,253.91614000057763,257.6825866699219,3286354
2017-01-04,255.9475036014773,266.7812693143308,253.19675341135343,265.68096923828125,5776206
2017-01-05,265.0460825333331,273.3830198811834,262.4222952073368,271.7748718261719,4268281
2017-01-06,270.1244435080177,279.3077285334785,269.40500125303794,270.63226318359375,2656936
2017-01-09,271.3516329554734,272.0287447817807,267.6275179107835,269.10870361328125,2635116
2017-01-10,269.99740038397823,271.6901798938285,268.3469511092258,270.9284362792969,1058176
2017-01-11,271.77489164219094,274.77956540859515,269.82818746837364,273.1714172363281,2609766
2017-01-12,273.76386551937816,275.37201350434833,270.8438239285481,272.3673400878906,1680284
2017-01-13,272.87519679111836,275.0757965142018,267.4583293205408,271.0131530761719,2614161
2017-01-16,270.8438059707681,273.72154578778583,268.5585748726857,269.65887451171875,1871694
2017-01-17,269.91280521550897,270.6745489334514,268.38928912001626,269.5742492675781,2050997
2017-01-18,269.15116183330906,269.82824532197003,263.43803882955774,265.68096923828125,3670155
2017-01-19,265.7655254114319,273.04446460284674,263.22636990825333,268.3893127441406,2526854
2017-01-20,265.8078279320665,277.1917105942582,265.8078279320665,271.309326171875,3784887
2017-01-23,271.6902067689231,272.5365822777681,266.9504236724919,270.5475769042969,1985278
2017-01-24,269.15112302157155,269.9974987550638,266.3157127270665,267.88153076171875,2393587
2017-01-25,258.14807765668667,266.3580544597022,258.14807765668667,263.52264404296875,14931206
2017-01-27,262.63390892666143,277.61497620877697,262.63390892666143,274.017822265625,3540993
2017-01-30,273.4676113988334,313.12084179319925,272.6212072516335,292.5536193847656,23241046
2017-01-31,295.4314173316183,298.77461836241724,290.35307742615237,294.71197509765625,11732135
2017-02-01,292.84990904581207,296.1508082369875,287.8985315994394,292.0881652832031,4103983
2017-02-02,292.0035485633965,304.53009258928813,291.3687667760133,299.028564453125,6964972
2017-02-03,299.02850290267935,306.39207329525664,298.09749553807364,299.4516906738281,2662623
2017-02-06,299.6209552306517,302.11778004496745,298.4783254266807,300.6789245605469,1504449
2017-02-07,299.7903173209604,303.6836973209829,296.9126054069805,298.901611328125,4062008
2017-02-08,300.46736670897144,301.1868088672176,293.6116443826204,298.0975036621094,4888372
2017-02-09,297.9705058802521,302.16011028200535,296.91250789075167,300.6789245605469,2043938
2017-02-10,302.16015335136865,305.0378647303936,300.50970376571695,302.62567138671875,2203893
2017-02-13,299.15550949871846,304.6993389090899,299.07087766381187,303.04888916015625,3669035
2017-02-14,302.58328362725337,313.07848791075276,300.4673164084641,312.2744140625,4739203
2017-02-15,313.07852919608814,315.2791285155147,304.7839515076313,309.1851501464844,3974478
2017-02-16,305.79962682923025,312.23219056418196,304.9532511939106,309.52374267578125,4049974
2017-02-17,310.62402262164113,315.02525015912437,306.64601153439213,312.739990234375,2551827
2017-02-20,313.2901179879173,320.780650259951,313.2901179879173,317.69134521484375,3876138
2017-02-21,314.94057086838876,319.8496177295836,304.2761016152858,307.11151123046875,7028108
2017-02-22,307.15380400864336,315.27911777713894,303.9375369606562,305.5456848144531,7531248
2017-02-23,314.0095993615353,339.40121209674123,307.8309598393554,309.9892578125,39500561
2017-02-27,310.6240149034629,311.0049011013269,298.39372756448097,301.0598449707031,10077345
2017-02-28,302.16011466225564,315.786954714162,301.65229510846547,309.05816650390625,13488220
2017-03-01,311.93596441644377,312.18988859388224,305.92661661449114,307.02691650390625,3826413
2017-03-02,308.08484937358645,309.77762909764726,298.0974919910391,302.0331726074219,4657721
2017-03-03,302.0332168764105,305.9689267292577,299.0285431731606,301.4407653808594,4021692
2017-03-06,304.6993105440316,308.0848702212492,302.32944742958887,305.9689025878906,3302817
2017-03-07,305.5456782416899,306.77293989541676,301.6099691701919,305.63031005859375,3171320
2017-03-08,304.8686212617348,308.16952065158057,303.42976547696014,305.29180908203125,3024515
2017-03-09,304.57236742372686,306.30747761361044,301.86394817304847,304.8686218261719,1304223
2017-03-10,305.41875733960023,310.20084254370164,304.6570135656139,308.84661865234375,2319807
2017-03-14,309.7776130021544,312.9938799809546,303.5143426783615,305.63031005859375,5921380
2017-03-15,304.6992977334265,309.904599100751,301.4830305050975,307.4077453613281,7389777
2017-03-16,308.08489120642656,309.43911516955643,303.9375874842441,305.2494812011719,2670827
2017-03-17,305.67269084235005,307.2384800226083,291.15714246942525,293.5693359375,6378625
2017-03-20,292.8498586786654,298.18209275944866,287.13673845228135,295.7275695800781,4737850
2017-03-21,295.38907408370443,297.7589659352794,292.04584454044374,296.15081787109375,2511084
2017-03-22,293.69624859255657,294.96584048083804,275.75284182133146,286.248046875,8955493
2017-03-23,286.755940193012,289.21046412465677,284.00519049707,286.5020446777344,4762081
2017-03-24,288.95647628769814,294.28871029908015,286.24802904651204,288.1947326660156,5308761
2017-03-27,287.77159499377217,289.33741290087465,283.6666214334152,286.6712951660156,3212610
2017-03-28,288.53327494662557,290.7339027745631,286.58659988528774,288.4063415527344,2316105
2017-03-29,289.88755073995696,293.1884787453439,288.7872509580316,291.8765563964844,9825597
2017-03-30,291.87656352618404,298.26679712611866,289.6336623218477,297.2511291503906,4345156
2017-03-31,296.23537972623296,298.18208330937824,292.003445320721,296.2777099609375,5787371
2017-04-03,292.8498976565545,292.8498976565545,284.5976213399466,289.2950744628906,7333921
2017-04-05,290.2684286141365,293.90788383879783,287.0098309478505,291.580322265625,4693744
2017-04-06,290.31074232673865,290.31074232673865,285.74025126922675,289.2950744628906,2412374
2017-04-07,291.1994534176855,296.6163201303844,289.2527494783601,291.7496032714844,6347228
2017-04-10,294.79657719042353,294.88120901540685,289.5066725646354,292.5959777832031,1532435
2017-04-11,290.3107455303659,301.1021772958749,290.1837834635328,296.40472412109375,2327556
2017-04-12,293.69626942354734,299.53635240041325,292.2997440410318,296.91253662109375,2529238
2017-04-13,296.2354306728104,299.19780246189976,287.1367787340544,287.983154296875,6554985
2017-04-17,290.14147932999884,290.5646671511176,286.41736345300893,288.87188720703125,2089233
2017-04-18,287.7715577543687,290.6069674509851,284.63992234541655,286.7558898925781,6170878
2017-04-19,287.2636995727126,289.25270478756863,281.63521117700077,287.7292175292969,2779410
2017-04-20,289.4643698741199,290.98785750726427,286.1211402027781,290.0991516113281,2097176
2017-04-21,289.46433706781613,292.8498966017823,288.0254814307826,290.1414489746094,1500170
2017-04-24,291.1571255323722,293.2307628966159,286.6289645975826,291.707275390625,1487606
2017-04-25,290.31081743301314,304.5301138863411,288.956593264198,299.5787353515625,4747068
2017-04-26,299.5786676950168,304.69930876464895,297.9282181093651,302.62567138671875,3272330
2017-04-27,299.83256995031525,306.3497359907192,299.40938218892404,302.921875,4978376
2017-04-28,300.7213003102854,302.92189977720153,296.65865734517945,300.89056396484375,2985691
2017-05-02,300.89053105929605,301.27141722981287,293.4423292214664,294.2041015625,2436068
2017-05-03,294.62730402165704,296.23542328282116,291.030150650188,293.1461181640625,2616848
2017-05-04,293.4423660108309,297.4204058719604,290.9032105345336,292.84991455078125,1345900
2017-05-05,293.230786950389,295.38908497726266,290.43770718721606,291.79193115234375,1708526
2017-05-08,291.7919252270266,300.678983993196,291.4110676568256,297.33575439453125,2955948
2017-05-09,296.23542911205845,297.0818333300283,290.81856248740706,292.215087890625,3126657
2017-05-10,284.80923579242415,321.96561836109083,284.80923579242415,315.4907531738281,27085852
2017-05-11,313.1631799309951,313.8826221071236,306.77297547060414,309.77764892578125,8059693
2017-05-12,306.603707972012,313.4171294366457,305.9689262308362,309.01593017578125,4070508
2017-05-15,309.77767090095017,313.12090055977336,305.8842913400175,308.21185302734375,4132180
2017-05-16,309.69299370191175,319.63805030916325,309.3121361454033,316.844970703125,6500818
2017-05-17,314.1788167578355,322.3887623085481,314.1788167578355,318.19915771484375,5842838
2017-05-18,316.2948294364001,322.98128857526297,311.9782621676637,313.7980041503906,3683713
2017-05-19,315.7023470782892,321.20387457310886,311.5973737444453,315.4907531738281,6026064
2017-05-22,316.54870330574096,320.4420821441346,314.3481041056937,315.3214416503906,3037325
2017-05-23,314.8982938585445,318.45311722028833,314.0095880181085,314.7713317871094,6451328
2017-05-24,311.470377718437,315.7023126655833,309.48137230562327,311.7666320800781,7704006
2017-05-25,310.62407079543374,318.53779261395124,305.33416527300756,313.7557067871094,15733429
2017-05-26,312.3168255292919,322.0079584851452,311.89363770738623,316.210205078125,3171630
2017-05-29,317.1412724309305,320.69609634022595,311.385820043812,315.78704833984375,2214859
2017-05-30,317.22589879571245,318.9186788803498,312.61307664752746,313.7557067871094,2172819
2017-05-31,316.54873500864886,319.0032585651744,311.5127258275556,314.47509765625,17087943
2017-06-01,313.16312393457713,316.0408348053113,309.6506314875469,310.5393371582031,2467620
2017-06-02,313.84033513686484,322.76972490687933,312.99395943376385,315.91400146484375,5747881
2017-06-05,315.87160039991363,319.7649793486174,314.30578277253005,315.1944885253906,2588187
2017-06-06,313.1631785612147,315.2791461775716,310.62402315350823,312.3168029785156,3666864
2017-06-07,316.0832615048741,317.6067492167725,314.0096238603672,315.5331115722656,4307736
2017-06-08,315.6600516158899,316.8026816498313,310.3701179229247,311.2165222167969,3858535
2017-06-09,311.25881721627576,314.09422711835106,309.989253791749,311.3011474609375,3205017
2017-06-12,310.5393805387104,314.68668380099473,307.7039708478768,309.10052490234375,2462371
2017-06-13,308.08485726830355,311.8936045801382,306.4767093243349,307.4077453613281,1257634
2017-06-14,307.6617406879469,311.93597834777944,306.01129078011365,309.3544921875,2338631
2017-06-15,309.35441378969824,313.58634878533746,308.46570801380614,309.1851501464844,2823152
2017-06-16,309.77768772687375,311.04725126549414,305.2071959366918,308.8043212890625,4962261
2017-06-19,308.084837269763,312.1051782091062,307.45005564553196,311.04718017578125,1888109
2017-06-20,312.1051725897629,313.8825840332935,309.56601747894865,310.2854309082031,2553936
2017-06-21,310.11618597428566,311.63967340071434,308.50803806669387,310.8779296875,2945763
2017-06-22,311.2588236278527,312.274491584162,306.8152942312564,309.9469299316406,7013343
2017-06-23,309.6930057776606,311.93593559872556,307.4501046162066,309.9469299316406,5681037
2017-06-27,308.9312748320104,318.1568899945784,308.9312748320104,314.3904724121094,4226917
2017-06-28,317.31049808589063,323.02361953814454,311.0472267450147,319.2572021484375,4209925
2017-06-29,319.7226743693123,327.0016132657154,319.68037278606687,323.7007141113281,4698010
2017-06-30,323.7007305688629,324.92799241834297,315.36382177332183,321.3731689453125,3628132
2017-07-03,322.8542733636388,325.1395330271927,318.9185929691276,323.36212158203125,1687712
2017-07-04,324.9280172023944,324.9280172023944,320.0189694300339,321.0346374511719,1836644
2017-07-05,319.087933057744,320.3575252483216,315.9986274075276,318.4954528808594,2338530
2017-07-06,318.70701453018637,324.03927826297337,316.50641503832475,322.72735595703125,2399488
2017-07-07,325.0125778350346,328.01725099194493,324.1661736730446,326.6206970214844,4849963
2017-07-10,331.82600599486136,347.14559783911017,330.2178581104074,343.3791809082031,2101702
2017-07-11,342.0673683507956,346.0877103539277,333.01101628125036,334.70379638671875,6175288
2017-07-12,336.69273031935796,340.5014775779116,333.8573206661122,336.1002502441406,2894251
2017-07-13,341.31863916033916,343.5672310319138,338.3063805409005,342.0823059082031,2879273
2017-07-14,343.6945354305899,346.7067942412553,341.2762524535079,345.3491516113281,2424013
2017-07-17,347.47047823708954,347.8947343969518,344.45821927731987,346.57952880859375,2517635
2017-07-18,344.67031080463676,364.8651719528442,344.67031080463676,346.45220947265625,4039652
2017-07-19,347.8947063070167,358.7558182751336,345.56126888421954,357.44061279296875,5104135
2017-07-20,358.0769796974433,360.19828895504406,353.0706944466189,356.2102355957031,3406260
2017-07-21,353.83439753281084,353.83439753281084,341.61564231169564,348.997802734375,12143745
2017-07-24,345.34912379622375,358.50123543341374,344.5430199581346,356.42236328125,5425590
2017-07-25,358.62857237009683,366.22286123022593,355.2344655541876,362.99847412109375,7134553
2017-07-26,364.86526953629226,364.90770665191286,357.8649555728286,361.6833190917969,5764897
2017-07-27,361.471119230082,362.10750344627326,349.12508155141825,353.0282897949219,15443045
2017-07-28,350.48272666277273,352.56159902279285,346.3673903182665,350.6948547363281,1940125
2017-07-31,352.1374045863501,357.6103845462982,347.89478490781613,355.48907470703125,2953735
2017-08-01,356.5072728800469,358.9255560973274,351.0767305529053,353.8768615722656,2448373
2017-08-02,357.10123112482256,358.62856479373374,350.2281721507969,352.8586120605469,2195053
2017-08-03,352.9434734688163,360.70745349000134,350.65247286209353,359.94378662109375,2812811
2017-08-04,359.22254743477095,359.22254743477095,349.25238382601736,357.1436462402344,3004061
2017-08-07,357.10125463268236,358.5861512905553,353.36773696828,354.2162780761719,1299253
2017-08-08,354.25867942839204,360.62260831750024,351.37370292911055,354.51324462890625,1994391
2017-08-09,355.48900990921516,355.48900990921516,349.5917748027431,353.0282897949219,1360936
2017-08-10,352.222235335175,356.8042655454008,349.84638910169906,353.19805908203125,1661135
2017-08-11,349.59174677772285,354.68287756304534,347.89469360529563,351.7554931640625,2538665
2017-08-14,350.44035509756816,351.67071539347893,343.7794518926572,346.6644287109375,2234285
2017-08-16,345.3491809232401,348.82813327471825,342.5914870546139,345.9855651855469,4181433
2017-08-17,348.7433350627411,356.3800334415648,344.45827815893546,353.2829284667969,3282886
2017-08-18,351.2464060479191,358.41643862582805,350.22817401922526,357.228515625,3062360
2017-08-21,359.3073957399129,361.3014227309095,354.2586725975384,355.65875244140625,2075746
2017-08-22,358.67099560304507,360.6225853977148,353.45255298398723,358.161865234375,3456653
2017-08-23,359.98626578538017,368.2593771736108,359.9438286697196,366.47747802734375,4754764
2017-08-24,367.41075554237705,368.55627009473767,363.16813671996675,367.36834716796875,2773039
2017-08-28,368.25937467331244,371.7807358262777,365.0349871320529,368.5987854003906,2806489
2017-08-29,369.5321064843767,369.5321064843767,362.6166387505534,363.2530517578125,2102533
2017-08-30,366.1380333115537,366.30772429450997,362.74392633278194,364.0167236328125,2389197
2017-08-31,366.39249726847635,366.39249726847635,359.9013156457721,362.91357421875,7912495
2017-09-01,364.86519233973945,365.24704010363354,357.39818661215395,358.543701171875,1996184
2017-09-04,358.9255816051398,360.5802267997795,351.03431838902253,353.3253479003906,1409182
2017-09-05,351.37370110292136,352.0525224794553,337.6276113260543,344.9249267578125,7204076
2017-09-06,340.72471877098207,344.11882568226076,340.72471877098207,341.53082275390625,2064288
2017-09-07,341.61568625300805,345.73105187437403,335.20934862669037,337.1185302734375,2642421
2017-09-08,337.6276143355783,343.52484995631517,336.524536771869,342.3793640136719,2013742
2017-09-11,345.3491430380441,345.6885536871,338.13670266055624,341.9126281738281,1612161
2017-09-12,345.3492027151826,345.3492027151826,337.7124761577606,343.8218688964844,2583110
2017-09-13,345.68854257784074,345.943107739442,339.2397691849804,340.8095397949219,1877714
2017-09-14,344.9249092720992,344.9249092720992,336.86392738337685,338.47613525390625,1667328
2017-09-15,339.4094893182783,341.9126465813229,333.7668192973956,336.0154113769531,5339372
2017-09-18,338.56095179636253,340.47013306637547,335.3365650629069,336.5669250488281,1309340
2017-09-19,338.56099016216433,338.56099016216433,331.43339460346067,334.9971923828125,1103781
2017-09-20,314.80236627871096,338.4761850555497,314.80236627871096,336.7366943359375,11779464
2017-09-21,332.6212938561592,341.44594218695283,330.71211250619297,339.49432373046875,6557075
2017-09-22,337.712461220721,340.2156186708401,331.9849452879482,335.4638977050781,5273742
2017-09-25,336.7790826701725,336.7790826701725,328.71810076298215,330.7121276855469,3002284
2017-09-26,328.59081369587363,332.9607152618122,325.0270160560717,328.6756591796875,4203146
2017-09-27,329.18481592323957,330.9242777746313,326.0877112941937,327.4877624511719,2714173
2017-09-28,328.80296619288674,329.9909179823626,320.3177276141809,324.17852783203125,16167139
2017-09-29,324.0935918107154,332.4939832974912,321.717746148726,330.45751953125,5337179
2017-10-03,332.62132023517984,333.3849870893378,324.9845942296732,326.3846740722656,1842563
2017-10-04,327.5301955167899,327.9968600753755,319.12980248279007,320.020751953125,3138906
2017-10-05,319.68135326435726,322.99058606927525,316.626656937688,320.4874572753906,3371352
2017-10-06,320.91167291725566,325.4512653552481,320.91167291725566,324.390625,1065853
2017-10-09,322.7784559019829,323.7966880043445,320.36017261635226,321.548095703125,1192143
2017-10-10,321.9723526305557,328.8454121541828,318.19642653316316,326.3422546386719,1502210
2017-10-11,327.6998981096127,344.8400954752827,327.5302071244703,342.4217834472656,7774168
2017-10-12,342.12476977616274,343.4824124261095,335.7608414035084,339.6216125488281,4023386
2017-10-13,364.8652393557679,370.8049122570775,357.0588219650062,365.62890625,45960026
2017-10-16,366.73197020973464,388.4541968013886,366.73197020973464,384.6358337402344,21145098
2017-10-17,386.92691789595244,398.2546973529259,386.1632221899374,395.3697204589844,18843801
2017-10-18,397.10915501334097,397.9576961616908,388.199659713446,391.9755859375,9015866
2017-10-19,394.5635311795147,405.42464366933905,393.2907340095963,401.9881286621094,2646228
2017-10-23,403.04880156619265,425.4498209487305,403.04880156619265,422.0133056640625,29564820
2017-10-24,418.87377729384775,428.2499655962107,418.87377729384775,426.0013732910156,17646810
2017-10-25,426.72257791714406,439.5352799955187,419.0858524663193,437.6260986328125,10080877
2017-10-26,434.10481546633974,440.6808730053973,426.3408060449972,433.8502502441406,11031934
2017-10-27,434.10477859867973,434.18962408821824,409.83698608515914,411.7886047363281,8904315
2017-10-30,416.20090164716606,422.3102938736366,412.4249757980049,418.23736572265625,7211306
2017-10-31,415.77668331287884,427.1468990043376,412.9765521372849,421.88604736328125,12690735
2017-11-01,439.95954190396543,462.1908684989026,432.74710123070565,457.43914794921875,35708310
2017-11-02,462.4030179164818,465.45771402426,450.2266993266487,460.9181213378906,10951971
2017-11-03,460.91813383023407,479.24622477776325,455.9118190015866,459.26348876953125,18131291
2017-11-06,458.1179628427972,462.1060165277827,447.2992876188302,451.8813171386719,8295950
2017-11-07,454.7238839920547,455.3178598631345,434.5290204269346,436.4382019042969,7054590
2017-11-08,420.8678119351959,431.8986455620572,409.9218812661421,420.27386474609375,50336608
2017-11-09,426.1710800894273,431.0500836335058,420.27384447205196,427.8681335449219,10980638
2017-11-10,430.2015595641496,434.23205063677625,421.37691056769734,427.1893005371094,10487687
2017-11-13,426.80746917411676,429.9894480305498,421.4193351666426,422.5648498535156,7079805
2017-11-14,424.04978147154765,428.4196834585072,419.84959920052955,422.692138671875,6449030
2017-11-15,422.56479885165913,423.41333985254255,410.26119856051764,413.0189208984375,9690914
2017-11-16,414.9281361277152,419.93442213359634,408.2672050911428,415.6918029785156,10682218
2017-11-17,420.019226558235,429.3105679205343,416.66755717875486,418.7464294433594,11712737
2017-11-20,419.2979759260332,421.46172244183185,414.92810325202333,418.02520751953125,5804375
2017-11-21,420.27387434412196,432.1107835310859,419.5950529136751,427.0196228027344,10087242
2017-11-22,428.0802907737885,430.6258567643191,420.401155688434,423.4982604980469,3621523
2017-11-23,426.80743442458146,430.2015410975089,418.7464526253503,421.1647644042969,5918577
2017-11-24,421.71632004822607,425.32255494124286,420.01926664374975,421.5466003417969,3900017
2017-11-27,420.7829508881417,424.0922123466678,416.62517705828117,422.5648498535156,3499938
2017-11-28,422.52241686616304,422.52241686616304,415.9463601754213,417.47369384765625,3346897
2017-11-29,417.47372002732635,421.92846746067,415.7766665451087,420.6556701660156,5898170
2017-11-30,417.7707117004572,423.7528218927865,416.4555059692807,421.2496643066406,14879534
2017-12-01,423.32847454797616,423.32847454797616,408.8611561738692,410.8127746582031,6127500
2017-12-04,411.53400880532786,417.47368107287696,409.41269933348616,410.9400329589844,3040197
2017-12-05,412.0855970988608,417.43129416290566,404.618590307879,416.3282165527344,4264268
2017-12-06,412.80681381164743,418.3222013038788,406.4428852754065,410.21881103515625,8331495
2017-12-07,411.5340193318853,439.9595554888712,410.8551979849756,436.73516845703125,6949368
2017-12-08,437.1170560447663,450.4388902760559,437.074618932234,445.602294921875,14197096
2017-12-11,450.39645716354124,456.5058211643672,444.92347746456073,452.0086364746094,12378453
2017-12-12,452.3480322016975,453.02685359397174,441.69907548282856,444.49920654296875,3625294
2017-12-13,448.02057273532836,452.2631921218216,436.31094667644277,438.9837951660156,7920791
2017-12-14,439.45044396404313,445.4749617334396,433.5956171615775,441.4869079589844,3350247
2017-12-15,447.8508759831459,449.5903378417796,436.77763435526197,439.492919921875,6986672
2017-12-18,428.589372109195,451.2449571924897,420.10413338940026,446.53564453125,10462828
2017-12-19,446.95991524294556,458.372538547304,441.40206164724435,455.31787109375,6870721
2017-12-20,458.20286612715665,458.92409590935904,446.7053681363495,448.78424072265625,7494558
2017-12-21,448.4448539244165,451.20257679173113,442.92946565372006,444.71136474609375,5651594
2017-12-22,447.0871925413915,457.311892685026,444.15977898980736,448.48724365234375,9484716
2017-12-26,450.5661103936596,463.63337843469606,445.68710702444275,460.70599365234375,6436620
2017-12-27,462.0212251567693,464.56679102548566,450.22672495163874,453.66326904296875,6700159
2017-12-28,453.5359463803942,456.1239491322525,449.80242903260546,450.86309814453125,8699172
2017-12-29,451.2449003937502,456.88759894742134,442.92938243565726,449.42059326171875,7502053
2018-01-01,450.5661413741037,456.5906597904595,445.8144202742595,447.93572998046875,4807939
2018-01-02,452.1783346549451,452.1783346549451,434.3169080854633,438.3049621582031,5242199
2018-01-03,440.5110922952701,445.8992259380719,436.77760363572605,439.70501708984375,6333269
2018-01-04,440.3838152574393,447.34169056840005,436.5654525818857,443.77789306640625,5953924
2018-01-05,445.47499258974796,460.32415996713837,440.00201318172765,458.2028503417969,8008838
2018-01-08,453.23895723974346,453.23895723974346,436.3109179214225,438.13525390625,12287843
2018-01-09,439.5353298035603,442.12333277658774,428.24996004371064,432.57745361328125,7541257
2018-01-10,436.9897283550373,439.11103785545964,427.91051449900186,429.6924133300781,6667296
2018-01-11,431.0501040171276,438.43226534864596,426.97720426330403,436.77764892578125,5905519
2018-01-12,437.83827492415685,438.98378961433394,428.0802676978076,432.36529541015625,4847824
2018-01-15,432.5774457002849,434.4017530227476,426.34077066574554,428.08026123046875,2834570
2018-01-16,431.05005856565924,435.84421634114835,416.96455880214637,421.9284362792969,6420450
2018-01-17,420.0192588894865,426.97716335340317,417.00699992663857,424.1770324707031,6824337
2018-01-18,425.11038795142105,431.7288817045025,418.3222032279346,420.0192565917969,7912892
2018-01-19,410.6854801024291,424.4739767525667,410.2611952394416,422.4799499511719,9966300
2018-01-22,420.5284118606098,422.98913236900967,414.0796369875503,416.37066650390625,4532165
2018-01-23,419.1707099438783,423.2436089515964,414.7583715592269,417.5585021972656,6150836
2018-01-24,413.1461944191438,413.23103989778207,386.20555695654474,389.8966369628906,29348889
2018-01-25,393.2907708011892,393.2907708011892,377.1263975104756,384.1267395019531,20580178
2018-01-29,376.74456506156906,378.7810004269026,369.1502761725341,373.8595886230469,27139736
2018-01-30,376.2850036621094,385.2522985412944,373.42399443389405,376.2850036621094,10679523
2018-01-31,377.90771159770725,380.8968297211712,372.698125555122,375.64453125,7069368
2018-02-01,375.8153214554905,381.7508158723298,367.3177177361269,374.4061584472656,8096718
2018-02-02,373.8937612967003,376.1996250123179,355.1051232457948,360.6990051269531,6668088
2018-02-05,356.77045813767114,381.5373020413143,351.176576506513,375.94342041015625,15080352
2018-02-06,358.6920557909909,382.39135135316536,357.45371349160314,375.0467224121094,9331070
2018-02-07,380.0000429600409,383.80046530855765,364.755612225444,367.44580078125,10982569
2018-02-08,370.64844169544824,372.3565048940818,362.9621717607794,367.0615234375,6173490
2018-02-09,362.10817261213793,370.60574768479427,358.43582932302274,360.8271179199219,5393964
2018-02-12,367.06152425379054,368.08636217524975,359.84497529749297,362.44976806640625,3987231
2018-02-14,364.0723737913233,374.49154393319753,364.0723737913233,371.3316345214844,10468199
2018-02-15,375.1747894846369,375.1747894846369,364.4140342386648,366.3356018066406,4583095
2018-02-16,371.45978571285997,371.45978571285997,357.3255876526485,358.4358215332031,4403814
2018-02-19,358.56394318438674,358.6920515474101,344.34437758265625,353.8667907714844,6457099
2018-02-20,354.5072573659813,360.57085963467614,354.5072573659813,357.0693664550781,8022411
2018-02-21,358.69202765630786,360.8270994216333,356.4288475364919,358.39312744140625,4731875
2018-02-22,357.6671917637919,358.0515168294395,353.0127520616813,355.361328125,10769504
2018-02-23,357.8380332644999,365.6950955468845,356.2153658956228,363.4319152832031,7504250
2018-02-26,367.2323313023074,367.2323313023074,359.41798159075756,361.3822326660156,4071745
2018-02-27,363.6454355399919,369.495534540694,362.36438077579817,367.65936279296875,5188255
2018-02-28,367.23229967104885,370.2214173710504,363.73077749244425,365.99395751953125,25920217
2018-03-01,366.42090255513796,372.86882889350994,363.6026061154433,365.3106689453125,5837005
2018-03-05,364.62754175941507,364.7556501208624,356.64237118836775,359.9303894042969,3863655
2018-03-06,361.85191823319144,365.2253320226546,350.6641554976872,353.4824523925781,4204736
2018-03-07,350.7068322471982,355.5320923540269,334.13869273644553,344.3443298339844,12064643
2018-03-08,351.43281862527306,353.65328646867647,337.3413324683546,342.7217102050781,8664079
2018-03-09,345.79623865839403,348.87075274470624,339.519131035745,343.4476623535156,5093353
2018-03-12,345.8816084002446,362.5351744992582,345.02759123347073,360.0157775878906,8387164
2018-03-13,361.25409078583874,367.06150537542624,358.8201189215327,364.0723876953125,5712773
2018-03-14,363.73077247528806,363.73077247528806,357.45366587757724,360.9124755859375,4194515
2018-03-15,360.9125282977184,362.36437491720227,356.343484135081,359.0763854980469,3636202
2018-03-16,354.6353882451495,364.4567299284171,353.26893768903943,355.91644287109375,8030364
2018-03-19,356.98394061222876,360.0584541595171,338.7931338570882,341.3125305175781,6000592
2018-03-20,340.7574646054673,344.6005998848905,335.37708678162153,341.9530944824219,8280683
2018-03-21,344.173533788535,358.82013592751167,343.4903374286847,357.15478515625,9266412
2018-03-22,353.56787558191076,358.9055406657978,351.94520827673693,354.934326171875,5382163
2018-03-23,352.41495969013187,357.7953376635908,346.0524561147799,352.4576721191406,5696201
2018-03-26,351.8598049768394,361.25410920858786,347.2480487914586,359.97308349609375,4884776
2018-03-27,360.40009273774785,360.74170537872175,348.6145000016965,352.8846435546875,6746611
2018-03-28,351.0058191597763,352.75656602377165,337.6829539159941,340.5012512207031,11413279
2018-04-02,341.18440484899645,343.1059721036944,333.49813583020483,337.4266662597656,5533293
2018-04-03,334.1387055488561,345.0275682930644,334.1387055488561,343.4903259277344,5059176
2018-04-04,345.02755973652177,345.7107849749166,335.5905436643511,337.3840026855469,4025117
2018-04-05,339.98883496484916,342.3800946599004,334.05331139889256,336.40191650390625,9747139
2018-04-06,336.65804514126677,338.62232481522597,327.1783461255745,328.75830078125,9425575
2018-04-09,327.0075771611507,330.2528829066861,321.6699119891834,324.787109375,13296149
2018-04-10,325.42764705967403,330.2529080789184,319.83376474189737,329.2707824707031,13281396
2018-04-11,331.3631454130942,333.7544341914805,327.3919305107239,329.0572814941406,7693575
2018-04-12,327.9470270144018,329.2280528054344,323.8476750790182,324.70172119140625,4967973
2018-04-13,327.0502827992474,329.8258674743285,320.94396759570395,322.7374267578125,7738347
2018-04-16,321.96879156535067,324.7870885433029,319.83371984983313,321.6698913574219,4140008
2018-04-17,321.96879088332787,327.4772764760618,319.53481896503746,326.2816467285156,6356203
2018-04-18,327.6908623973415,334.6511961742041,326.5379158673807,328.16058349609375,6360948
2018-04-19,332.00366437358053,339.3056096576444,329.1853671658396,337.6402587890625,3848720
2018-04-20,336.1029401894015,344.77133489307124,334.3094812105983,343.3194885253906,7492919
2018-04-23,342.89249444788425,347.162637807771,338.9212512909461,344.0454406738281,4195101
2018-04-24,343.2341309976938,348.95612118531005,338.7077706235735,346.94915771484375,6982218
2018-04-25,353.95214783802606,365.0118312502459,351.8597885873946,358.56390380859375,22192116
2018-04-26,358.6920179494449,358.6920179494449,346.2659127572371,349.468505859375,13874130
2018-04-27,346.94912636222284,351.6462781773632,342.4654788188287,349.0841979980469,5013031
2018-04-30,347.5896414652571,352.92733504913065,345.19835312025344,349.7674255371094,3633132
2018-05-02,352.6284254717506,352.6284254717506,346.735643585845,348.8280029296875,6754394
2018-05-03,346.9918400502521,348.4436865754391,340.7574453688668,345.36920166015625,4124205
2018-05-04,350.8776861165548,357.2829015552637,336.48730036248696,338.83587646484375,15994662
2018-05-07,342.8925281405215,345.4973210513048,337.7683382541363,340.116943359375,6553080
2018-05-08,342.84981413484024,344.1308688301285,338.87859952434206,342.5935974121094,3955811
2018-05-09,344.34437030508843,349.72474792815916,339.2201804842836,343.703857421875,9019801
2018-05-10,345.75350956255795,353.31167158642404,344.9422047991281,351.9452209472656,9023511
2018-05-11,341.7395691027479,343.9173533383341,325.81194091594267,330.16748046875,25555353
2018-05-14,329.65507024372016,336.487294134888,323.07903414413636,327.2210693359375,9823967
2018-05-15,327.0929575844878,331.49120944056693,323.1217432133436,326.19622802734375,7078344
2018-05-16,327.0502418921762,327.0502418921762,319.40668519669134,320.55963134765625,6766242
2018-05-17,322.1823064945164,323.63415299558875,312.10477691804635,313.9409484863281,9999816
2018-05-18,314.32523078797504,314.32523078797504,303.2228637730784,308.6032409667969,12433574
2018-05-21,308.603263700217,315.350091900783,303.35099446968024,307.4503173828125,5482372
2018-05-22,304.84552565684976,316.930047984896,300.27648171454365,309.0302734375,7236788
2018-05-23,308.98761228519965,312.40371015296364,302.53968382076374,304.71746826171875,6604278
2018-05-24,306.5962795747341,319.3213138805835,304.80282049875535,317.6132507324219,4997302
2018-05-25,317.9548418900688,324.53084841844844,313.42848208270357,321.9260559082031,4145304
2018-05-28,322.4812143916849,325.21411559683685,316.67382824910226,320.38885498046875,6609989
2018-05-29,321.0720913761956,325.98274809531796,317.05816428120403,323.80499267578125,3858054
2018-05-30,323.59144421120516,323.59144421120516,318.55265089822166,320.9439392089844,3737750
2018-05-31,321.2002271220234,327.263830708632,317.0581913107056,319.0651550292969,11979616
2018-06-01,319.87644637753027,329.56965099379596,318.1683831461293,327.6907958984375,4548210
2018-06-04,327.9470607598298,330.2956372034222,316.07607016590936,317.9549255371094,3958335
2018-06-05,317.1862217251714,317.9121304423616,305.35791771991217,311.12261962890625,5535807
2018-06-06,309.2437717434974,326.15355440643975,309.2437717434974,324.3173828125,5566018
2018-06-07,324.27468541665417,329.86856697274783,320.26072975341253,324.4881896972656,4036551
2018-06-08,324.1038577846349,327.47727161631263,317.91214702279825,322.4385070800781,4298662
2018-06-11,322.60933879107046,334.6084656675763,322.60933879107046,332.0463562011719,6040503
2018-06-12,333.0284852204092,335.974861720175,324.14658545980836,325.08599853515625,6132581
2018-06-13,319.40669246925506,327.0075369180042,318.8088631702611,320.8158264160156,7432828
2018-06-14,318.97969832489497,327.9469936225303,318.97969832489497,321.5417785644531,5218952
2018-06-15,323.42067313098875,324.7444113762828,316.1614400774673,323.036376953125,6339567
2018-06-18,322.780166609391,325.2995347844215,314.3252745903157,316.7592468261719,3120256
2018-06-19,316.844650027856,321.0293688634198,315.3073786359514,317.01544189453125,3962117
2018-06-20,318.1256552176886,321.54178151401175,316.3749085648002,317.6132507324219,2785850
2018-06-21,320.21806517969424,320.26074868732167,310.69562332596126,314.88037109375,4261882
2018-06-22,316.8018904012263,321.541754393199,312.8306475315051,319.87640380859375,3404583
2018-06-25,317.69864904379546,322.780126103314,317.5278571868797,319.5348205566406,3337617
2018-06-26,319.4067394007189,326.87947660350824,318.723514078155,324.70172119140625,4792013
2018-06-27,325.5984029712436,325.8545907407879,318.63807132389826,320.8158264160156,3786049
2018-06-28,319.1505204808182,325.7265569356904,314.75226834144087,322.7801513671875,6498784
2018-06-29,320.51695047155266,327.3491742917759,320.51695047155266,326.19622802734375,3820380
2018-07-02,325.47030509200056,325.7265217881449,312.1901541717224,314.3252258300781,4872211
2018-07-03,319.9191231512899,319.9191231512899,312.65989071857075,316.6311340332031,3092637
2018-07-04,316.71654715889247,317.6132767703958,309.75621456309324,313.7701416015625,4355428
2018-07-05,311.72045448784576,313.21501342626175,307.15141065920426,310.35400390625,7104382
2018-07-06,309.158352415854,312.06204523883815,307.36489338293063,309.3718566894531,8008826
2018-07-09,312.5745049834229,312.91611763365563,308.81676583086295,309.2437744140625,5248262
2018-07-10,309.5853647931436,315.8197879818035,309.5853647931436,314.1117248535156,1879352
2018-07-11,315.05119736510125,315.05119736510125,308.21894418918936,309.15838623046875,2085140
2018-07-12,311.720501935989,311.720501935989,307.7492868619134,309.2865295410156,2299214
2018-07-13,310.86641406008744,311.59232280323596,305.18710787031483,306.5535583496094,5311215
2018-07-16,304.03426436225254,307.2368581467081,294.46913760437536,296.6896057128906,3618410
2018-07-17,296.34796932681235,299.50787934487687,290.36976196610556,292.54754638671875,5420158
2018-07-18,293.87123494411065,294.7252809473675,282.68347232385565,287.6368408203125,5322210
2018-07-19,289.5157315977064,296.7749644730271,288.32010174717306,294.639892578125,5027938
2018-07-20,292.9318289932685,296.94575565837636,290.66864896172706,294.9814758300781,4212334
2018-07-23,295.0668954595605,307.45028786185105,294.6398579960088,306.5535583496094,4145242
2018-07-24,308.64599960658643,312.95882714091414,303.3937010581128,304.71746826171875,4350541
2018-07-25,303.26552504946886,303.8633253579304,293.3587894422934,300.8742370605469,5175174
2018-07-26,301.51482825848973,307.4503229008039,300.9169988760753,305.443359375,3816677
2018-07-27,307.3649122077721,319.3213257717843,300.31918399238884,311.4642639160156,9016962
2018-07-30,306.5963121353229,332.13177938671043,303.4364022052318,327.3065185546875,7476176
2018-07-31,326.2389903240509,335.24899969686976,323.42069286813677,333.5836486816406,8096298
2018-08-01,333.07114471310337,340.7574141334822,326.79403818169646,328.3739929199219,9444961
2018-08-02,329.5774787582995,330.73797052530625,317.37090654901516,320.637451171875,6186750
2018-08-03,322.18480394466656,323.9900005393513,318.40247202323866,321.9269104003906,3647704
2018-08-06,322.22773568207367,333.2738448755288,322.09881803000775,331.59759521484375,4039536
2018-08-07,331.5976226848887,332.50022096984713,326.01009424543855,328.2880859375,2430919
2018-08-08,326.74078641047953,333.4458153854785,320.98134777414253,331.2108154296875,3321970
2018-08-09,332.07035967085886,332.07035967085886,313.3306989063008,315.5227355957031,12249927
2018-08-10,316.51132530365754,322.18480871600815,313.84652233208703,317.88671875,4489796
2018-08-13,317.113053145135,323.001437883795,312.04128275984203,318.18756103515625,4235777
2018-08-14,318.1875924425609,320.3796295052459,312.90094906505664,315.47979736328125,3215464
2018-08-16,315.09287223159413,321.49704295239843,313.93240972961917,319.7778015136719,3012465
2018-08-17,319.82083486239566,322.3566908435914,314.74909379238267,319.2620849609375,3362891
2018-08-20,320.12172818724235,321.36817489707505,315.7376832757144,318.53143310546875,2837782
2018-08-21,312.9009058738455,318.4024500911619,312.1272544019315,316.5542907714844,3451323
2018-08-23,320.035715591595,323.8610098465497,316.4253228918518,317.9726257324219,4746745
2018-08-24,318.0586041011935,318.7463007718764,313.7605144632366,317.156005859375,2318341
2018-08-27,318.0586430983903,329.9213684607266,315.82364319844834,325.9241638183594,6589318
2018-08-28,328.6748777938721,331.55461120893426,322.70053850261206,323.9040222167969,4072000
2018-08-29,324.93555482897244,328.76087862956086,320.4225634375386,322.270751953125,4481303
2018-08-30,324.3338243575718,330.95286833476126,322.9154390789889,329.3196105957031,7796683
2018-08-31,326.5258415458116,331.8125134200058,323.2163340142272,329.9643249511719,8709625
2018-09-03,332.6720815749116,332.88698312465425,327.0415911133691,329.9212951660156,4176986
2018-09-04,328.63191099548504,329.620464021412,322.9584281471395,325.2364196777344,3202349
2018-09-05,322.3566872517684,324.8066175071297,314.83504509052653,319.8208312988281,6639329
2018-09-06,321.45412291355126,322.0988567895681,316.4253733263647,320.0357666015625,2611929
2018-09-07,321.41112321813,336.36845259761014,317.0270497942412,334.9071044921875,5463110
2018-09-10,334.649260443602,341.6981078788181,328.5459741296585,333.8755798339844,5613805
2018-09-11,333.9615936805732,337.31409352554016,324.46281501220824,325.5373229980469,5815679
2018-09-12,327.42841644593005,328.5029533488172,319.60591819504975,323.8180236816406,4065958
2018-09-14,324.935543445384,333.7036614898664,320.6374537843452,329.7494201660156,3596796
2018-09-17,326.7836750753679,336.1105414075809,324.16183559864544,328.4169616699219,3424364
2018-09-18,326.8267249993284,330.7809663370397,320.2506437198214,321.23919677734375,2955053
2018-09-19,321.92688751942,326.99862858650647,309.72031539292067,318.1015930175781,2182182
2018-09-21,313.6745557924514,326.52583259074396,307.0984746523146,318.4884033203125,6106651
2018-09-24,318.40243332699316,320.5514780169925,301.29605971638927,306.19586181640625,7884016
2018-09-25,308.7747121589986,312.60003560686516,295.7085343081411,309.8922119140625,6854558
2018-09-26,312.0412736896344,313.76051537131735,307.01252451678636,310.5799255371094,4398347
2018-09-27,310.7518969861884,312.42814688700673,304.8635117985477,306.7117004394531,4483893
2018-09-28,306.71173253370165,308.6028842267999,288.1009847219383,291.023681640625,12408231
2018-10-01,291.4104490827811,292.2700553351528,276.53904552035857,280.880126953125,10867591
2018-10-03,280.2354578049798,281.3529577178392,271.94013416552406,273.7453308105469,7389608
2018-10-04,271.0805019658091,272.88569843876775,259.73353607428544,266.6104736328125,8969681
2018-10-05,265.19214043959425,271.55332060341937,250.92247703173618,256.6819152832031,7954131
2018-10-08,256.8538515468536,256.8538515468536,250.14882308443583,253.75921630859375,10015308
2018-10-09,254.66181400273243,255.22056394762268,246.7103388935743,248.42958068847656,9499251
2018-10-10,248.42958329719568,261.15194360544416,244.30343205372594,253.6732635498047,11334821
2018-10-11,248.3865520777104,253.4153299473281,242.6271292991458,245.2919464111328,5194191
2018-10-12,247.56996400518923,251.52420541450547,244.69023048054578,249.33216857910156,9995231
2018-10-15,249.33215824097712,251.86804331585475,244.17446239315782,250.23475646972656,2892892
2018-10-16,251.35225257278452,254.36093269614986,248.60149507792758,252.72764587402344,3341220
2018-10-17,254.87669333081223,256.46698821376685,244.69021933165578,247.999755859375,4302545
2018-10-19,246.71032241346867,252.03995706783735,244.6472323973992,246.9682159423828,4139025
2018-10-22,248.81639290711325,249.28915887814784,237.98519993009512,245.63580322265625,7247010
2018-10-23,243.3148395539139,249.8049512666382,243.27184759761633,245.76475524902344,7364748
2018-10-24,249.2891774501153,282.5993877077623,246.4094730235128,271.51031494140625,13531404
2018-10-25,263.90266875039623,266.8253649170339,251.1373471683233,254.06004333496094,16981629
2018-10-26,255.3924193869932,263.0430364741799,246.71028654934432,256.12310791015625,8719999
2018-10-29,257.1117036287999,260.9369982555343,249.28917564987935,252.81361389160156,6271130
2018-10-30,253.11451071867614,255.47845726923023,248.7304368686225,251.5242156982422,5334354
2018-10-31,251.7820616435849,253.5872581171513,239.74742818901606,251.30929565429688,8163543
2018-11-01,251.86806365054065,256.16615357327214,247.01122378431148,252.29786682128906,5268238
2018-11-02,252.64169863889467,264.59037736306055,252.29785030328304,259.6475830078125,4910534
2018-11-05,260.7310625589762,264.7183054407481,258.3040655704542,262.8113708496094,4841471
2018-11-06,263.5048162692321,266.92864611224405,262.5513342646537,264.4149475097656,2943744
2018-11-07,267.83875357427416,267.83875357427416,263.4614421152979,265.455078125,307017
2018-11-09,251.19635203577295,262.98473594653103,250.24287009611817,259.8209228515625,9425801
2018-11-12,260.90442127395045,264.3715722086602,254.83687045002284,256.7438049316406,6792319
2018-11-13,256.570449650482,263.5047805747158,251.62972529233733,257.9139709472656,4317488
2018-11-14,260.03757327109827,270.26573893258615,258.3040127340559,261.1644287109375,5418605
2018-11-15,261.16448904877313,265.84513880082886,258.3040724110385,263.8515319824219,4493893
2018-11-16,262.5513078695991,291.9355798463027,261.7711996490757,288.425048828125,25046229
2018-11-19,285.5213218959908,293.7558533099891,276.50668223181736,291.9789123535156,13062401
2018-11-20,288.7284623116383,294.2326002870753,284.5678457583961,287.7316589355469,11910774
2018-11-21,286.90820002585394,294.23260040872515,286.17141317112316,288.3817443847656,9406787
2018-11-22,287.6883280428961,294.53598791347054,278.58701539227235,284.1778259277344,9903933
2018-11-26,284.35110009979593,293.75580708440145,284.35110009979593,289.9852600097656,6623860
2018-11-27,289.42191150045005,291.15547245886285,280.92733366180164,284.4378356933594,7734474
2018-11-28,287.7749806289205,288.46841672180636,269.5723565670424,272.2593994140625,10180878
2018-11-29,278.24024805739333,279.10702840377155,270.43910753780233,274.9464416503906,9217365
2018-11-30,276.5067007075005,281.10070769394486,269.3123229298702,271.7393493652344,6595578
2018-12-03,274.33970306311244,278.2402736821338,272.606112860153,277.1567687988281,3368628
2018-12-04,278.2402666171739,280.4072469782128,268.9222305193226,276.1166076660156,7156660
2018-12-05,277.1134472182882,278.11025057792386,268.8789157721814,271.132568359375,5027352
2018-12-06,269.572342070963,269.572342070963,261.77120112077375,263.5047912597656,6566491
2018-12-07,264.37158750755816,266.7986138476883,259.127495366728,263.4614562988281,5298884
2018-12-10,258.694115649715,261.46786015108245,252.1065018095186,255.6603546142578,5748768
2018-12-11,249.63614045304539,255.1835998051398,244.43536979431647,251.58642578125,9994368
2018-12-12,254.8369137370569,269.57238842657443,252.6699330283206,264.8483581542969,10299827
2018-12-13,267.4053488852396,271.17589624990535,261.3811491234534,262.72467041015625,7666679
2018-12-14,264.54493557232405,288.98848225292824,264.54493557232405,276.7233581542969,22730782
2018-12-17,276.7233617102396,280.14719114583227,271.13255199073444,273.2128601074219,6809035
2018-12-18,272.34605993235806,277.980220608291,270.09240740220434,275.4665222167969,6272518
2018-12-19,276.9400921602177,280.84066303935134,275.68324284807693,279.7138366699219,5789644
2018-12-20,274.7730960962004,278.71701751722816,272.1727254403485,274.383056640625,5987582
2018-12-21,277.3734369258026,281.4907022508968,264.891647379673,266.88525390625,12363968
2018-12-24,268.53217890482375,270.6991591676313,263.72147743829254,267.9254150390625,5225655
2018-12-26,267.14534217734627,279.97388111833203,262.29131866082946,277.7635498046875,8367166
2018-12-27,280.1472226351236,280.58061287051083,272.17273664201616,274.5130615234375,8764732
2018-12-28,274.6864239228003,278.24027653770287,272.60611565789884,274.383056640625,5184819
2018-12-31,276.5066890108677,278.1536070742642,269.65902958509815,270.8725280761719,4210832
2019-01-01,273.86295198627346,279.10704381268926,271.56594872090227,276.9400634765625,6117146
2019-01-02,274.68640829973793,278.2402607125116,267.9254214986209,271.0025329589844,6218991
2019-01-03,270.8725395344715,273.4729396762088,266.92864725873716,271.7393493652344,6230813
2019-01-04,270.82920942174945,281.4474167160403,270.82920942174945,279.49713134765625,11361086
2019-01-07,281.18738252631886,284.2211435862499,279.1937463122402,281.66412353515625,5511088
2019-01-08,280.6239153982327,287.5582460241484,280.19052523734035,285.3912658691406,7194973
2019-01-09,288.81512927453826,292.88904422983785,283.70106019969523,289.94195556640625,8018192
2019-01-10,291.71890270508334,293.5391651151963,288.1216992966624,292.3689880371094,5748158
2019-01-11,292.238978378885,292.369001321308,285.17462352812953,290.4620666503906,5922578
2019-01-14,289.5952335555251,290.201997454576,284.4378137899655,287.4282531738281,3674704
2019-01-15,286.0413667722629,294.14587475677536,283.0076061293612,292.7590026855469,5706902
2019-01-16,291.8922669744895,299.25998929193446,287.2549384585581,289.4652404785156,7705383
2019-01-17,288.64181848418343,291.8922748038878,286.21479192310966,287.818359375,4569576
2019-01-18,286.4747914402016,288.16503080084004,263.76483424330934,269.7023620605469,16359865
2019-01-21,269.3123192473313,273.47293593677813,265.23840408516105,269.875732421875,8621248
2019-01-22,270.4391215165909,270.5257936855994,261.3811607667712,264.2415771484375,8770625
2019-01-23,265.93182308654673,266.4518854639845,262.03125252884155,263.2447509765625,5617992
2019-01-24,265.84511656461916,266.7985984809618,255.27026071752599,261.46783447265625,10389592
2019-01-25,263.5048132354173,270.4391450191426,261.7712229518483,266.53857421875,6040052
2019-01-28,266.9719637969535,268.142111425115,255.4436263951047,264.5015869140625,4546062
2019-01-29,264.3716027355134,268.4021966137181,261.5111860075217,266.84197998046875,3210022
2019-01-30,267.8387576045507,271.219236434269,260.12431801083756,263.2447509765625,6553462
2019-01-31,263.9381954682831,269.0956153991147,262.76801839352504,265.5851135253906,9493241
2019-02-01,264.45831576209804,278.1536360397996,264.3716142282748,270.30914306640625,9243929
2019-02-04,268.7055591951991,269.3556739064215,261.94460100289655,265.71514892578125,3895812
2019-02-05,256.050347551144,270.135733267631,253.84004598509202,267.1452941894531,14678663
2019-02-06,266.10514485106046,269.1389347387833,260.9044041157449,267.6220397949219,5202682
2019-02-07,267.4920309886055,272.5194276616109,264.5449424597157,269.7023620605469,3852519
2019-02-08,267.83876843938526,272.3460737280096,265.3250699205601,271.52264404296875,3413931
2019-02-11,273.0394845620196,273.42955333769606,269.5723337417123,270.61248779296875,3303611
2019-02-12,270.1791019738012,273.55961039986823,268.4021902585931,269.7890625,2226134
2019-02-14,267.83878487024634,268.6188931910918,257.00388185727803,260.7310791015625,8573394
2019-02-15,260.9044085545348,265.2816904319083,257.7406250425679,264.02484130859375,6727458
2019-02-18,266.01850305854333,266.23519816804264,260.0809748767227,262.2479553222656,4440252
2019-02-19,263.41812466940775,271.73932816225584,261.381167219407,263.2447509765625,7593977
2019-02-20,264.8483662260269,269.44237368671344,264.3283037543238,267.83880615234375,6216966
2019-02-21,265.151714964371,269.5723479015022,262.6380165461015,268.6188659667969,5805770
2019-02-22,268.0121006220189,274.33969739443654,267.0152972823702,272.0426940917969,6199607
2019-02-25,272.17271099620206,277.37345203190375,270.0924028417021,274.9897766113281,4154758
2019-02-26,273.6462605311305,277.8068769201529,271.65265385763547,273.4295654296875,5562215
2019-02-27,276.4633249115001,281.9241118837209,272.4760822325508,277.50347900390625,4527145
2019-02-28,281.62075570633544,283.39769669064583,273.8629651432883,275.6832275390625,7687680
2019-03-01,275.46649198878106,275.46649198878106,261.8578474298273,266.6685485839844,29577827
2019-03-05,266.97200292499815,268.01212778012984,263.15810417082525,266.84197998046875,11396759
2019-03-06,269.5289766001996,271.52261248886515,267.23197346022386,268.1854553222656,7093395
2019-03-07,268.70550578968067,270.6124694295202,266.1051355132715,266.6685485839844,6466583
2019-03-08,268.4888359839206,270.43912121243363,266.66857368404817,267.5787048339844,4441514
2019-03-11,267.8821244256732,292.1956217018954,267.57872778264175,289.335205078125,17059011
2019-03-12,288.4683779955652,306.8443732890031,285.4779389152737,304.93743896484375,30070085
2019-03-13,302.07703840765805,309.05472017193426,291.6755272239918,292.7590026855469,13993813
2019-03-14,292.1089330014285,299.86672338224577,289.98530337309245,296.78961181640625,6931287
2019-03-15,298.17645423932527,298.9132116489612,287.0815075337434,292.7156677246094,11536718
2019-03-18,292.97568260598035,297.87305551917825,285.434588877578,286.604736328125,5844953
2019-03-19,287.77497669290085,294.23259655075776,287.77497669290085,291.8922424316406,5639437
2019-03-20,292.2389690919136,294.62264469244803,288.07835246880217,289.5085754394531,3309504
2019-03-22,291.2421687545172,301.12358931224753,285.43466333674354,287.38494873046875,9113700
2019-03-25,288.5550785095291,290.2886686793449,280.1472028741089,283.4410095214844,5253505
2019-03-26,284.7845763778431,287.2549537708153,282.7909693770799,284.1344909667969,4247229
2019-03-27,286.9082179130418,288.64180825235616,277.72020378995165,279.54046630859375,5951916
2019-03-28,279.62712894586684,288.64176810592716,275.42316195129143,285.998046875,13616927
2019-04-01,289.42189102392217,298.99994378393376,288.81512712107536,295.4027404785156,7080411
2019-04-02,297.3096866398916,311.1783486027631,297.3096866398916,308.968017578125,22251488
2019-04-03,308.57802941370693,314.64555168629175,301.2102776747003,303.37725830078125,12250809
2019-04-04,305.1108070175175,311.611748008241,305.1108070175175,309.27142333984375,12168154
2019-04-05,310.8316579301881,311.82846130914476,306.4543462543678,309.14141845703125,3728070
2019-04-08,310.6583181784901,315.3389976505472,305.5875992049177,307.66790771484375,5656181
2019-04-09,310.7882993563115,312.91195834787874,296.0095053400461,304.76409912109375,10073980
2019-04-10,304.0706467345143,307.1911089126079,292.97572880238806,294.70928955078125,4759411
2019-04-11,296.18284645789515,304.4607285277294,292.238954495948,300.21343994140625,18189273
2019-04-12,300.77687853904223,303.68064599350987,293.8425466104324,296.3995666503906,8349759
2019-04-15,298.95657980351166,302.5104321906712,290.2019864379294,301.38360595703125,10210051
2019-04-16,301.6436464164136,304.3306890254148,295.35940072538966,302.2937316894531,9519380
2019-04-18,302.9438222146862,303.7672811851411,288.3383732434592,300.7335205078125,16138821
2019-04-22,298.1764986882245,310.7883128497839,291.76222937487927,302.857177734375,15339393
2019-04-23,306.8112191052736,307.18881389424865,296.6156314930995,298.78692626953125,11627154
2019-04-24,298.7869244238668,308.0384516300871,297.93728479046393,306.33917236328125,7161510
2019-04-25,304.734343396555,314.26907403790193,303.0350641284111,310.1153259277344,11517967
2019-04-26,311.5313876587253,316.9123998037101,304.26231343502934,307.23602294921875,5000316
2019-04-30,305.8671576111324,308.5104678767953,296.4740139929793,302.3742370605469,6139942
2019-05-02,304.8287956074376,310.9650276385428,303.6015609414377,306.0560302734375,7925814
2019-05-03,306.29199142160616,315.1659242681704,306.29199142160616,312.9002380371094,9901409
2019-05-06,312.9002071536205,317.5731661998665,308.22724810737446,314.78826904296875,14870120
2019-05-07,320.9717275480771,321.77417154222155,303.4598989291197,306.7640075683594,17735230
2019-05-08,306.6696008209588,309.1240990115967,302.1854242563845,306.33917236328125,4864438
2019-05-09,303.271119431432,307.94407945048187,295.1052089692805,297.79571533203125,7998137
2019-05-10,301.0526120030889,310.02096604999923,297.55969110355795,305.96160888671875,7855974
2019-05-13,303.50709543649646,309.02969464457544,297.04046518606714,300.81658935546875,6620278
2019-05-14,298.314907359252,320.6885378851795,297.55968836508623,317.76202392578125,10954653
2019-05-15,317.1956335142241,319.08369577310606,310.30418278886384,312.7114562988281,7782551
2019-05-16,313.41946538615053,314.64672927902757,303.08228976842435,307.0000305175781,4591691
2019-05-17,305.5839990358695,312.19224631942564,304.12075664938584,310.06817626953125,4117918
2019-05-20,313.46668843093374,322.81260786807474,312.47543231597206,321.066162109375,7858379
2019-05-21,320.9717273583299,321.06614807258137,310.16253673854914,312.14501953125,4316609
2019-05-22,312.4753872817516,319.03643756628173,310.2569263025298,316.39312744140625,6791987
2019-05-23,318.6588892613566,329.4680813675247,315.4963672347419,319.83892822265625,5449864
2019-05-24,321.0189348212889,336.0762642934896,320.97170979147353,333.4329833984375,9756740
2019-05-27,330.1288755613242,332.205749792604,326.96635385557676,329.9400634765625,4004333
2019-05-28,329.23201013090016,332.01693676356354,322.576568191259,326.25830078125,8643505
2019-05-29,324.5591134184075,325.8335731069426,318.942092741958,319.83892822265625,4581547
2019-05-30,320.9716801587569,329.9872280885841,320.54686038346676,327.2967224121094,14152211
2019-05-31,329.4680490922944,332.6777664928214,325.1727135640521,329.2792663574219,11028688
2019-06-03,331.8281399228868,335.8402718022593,329.326445952,333.0081787109375,5214139
2019-06-04,331.35613900207983,336.0290986786885,330.17607081150544,332.6777648925781,6749428
2019-06-06,333.055419525226,336.0291294143053,328.9960620638029,333.99945068359375,10510811
2019-06-07,333.99938984061964,341.6932834705323,332.11132786782275,337.1147155761719,5879853
2019-06-10,334.94343501344537,344.24218758419056,333.8578169434342,343.1093444824219,5992522
2019-06-11,342.68452447009105,346.41345289244936,338.20037709713375,342.9205322265625,5668149
2019-06-12,342.11816387515324,342.11816387515324,337.114775280682,339.758056640625,2868026
2019-06-13,337.0675638217796,344.52542132641344,337.0675638217796,343.392578125,3839377
2019-06-14,342.25969024022,342.63731437490765,331.9697114001749,333.5273742675781,5170880
2019-06-17,335.6986702089134,335.6986702089134,322.9541931492122,324.74786376953125,7087101
2019-06-18,326.06953436991034,327.9104007569614,322.1045688050709,325.8335266113281,4977568
2019-06-19,327.1079414402459,328.523987925388,315.59072814043395,322.0101623535156,4008250
2019-06-20,320.26373167353984,330.4121249207099,320.2165359876218,329.04327392578125,3563847
2019-06-21,328.05197204300765,330.31765815677863,323.5205998154657,324.5590515136719,9764198
2019-06-24,325.8335409522023,329.0432583504089,324.27587793678305,325.78631591796875,3310679
2019-06-25,326.1167444717159,332.30017150042715,325.2671047630312,329.0904541015625,2848907
2019-06-26,330.41209391846866,332.3001559824426,323.3790275095078,326.21112060546875,4732848
2019-06-27,327.8160094879298,331.2145391271019,321.8213942711704,329.1376647949219,13137225
2019-06-28,328.9015963902775,330.4120635127871,323.3318020738871,327.2495422363281,8737050
2019-07-01,327.57998610361426,330.27049227528,325.83354035665104,328.99603271484375,3469130
2019-07-02,329.46807749091573,334.660278210094,327.9104436906592,333.8106384277344,3816212
2019-07-03,333.1497506217328,336.5482797872684,330.17604127070746,333.4329833984375,8473243
2019-07-04,333.5745841081872,344.5725866547653,333.2441849892189,342.4485168457031,8565250
2019-07-05,342.4485615934951,350.37846434096247,340.32449150688046,344.3838195800781,6878479
2019-07-08,341.74051006950714,344.0061963820753,334.61305199688826,336.45391845703125,3543845
2019-07-09,336.0762929490456,342.92054754296095,334.28262217952994,342.0237121582031,3931858
2019-07-10,342.590134128132,344.4781961855271,333.85781776213145,338.48358154296875,5299464
2019-07-11,338.20040805906643,342.11814891537705,336.35951216939935,340.56048583984375,3513505
2019-07-12,340.6076672439652,340.6076672439652,334.32984887010076,336.17071533203125,4750306
2019-07-15,337.586762495501,339.28601255909285,329.60966469718585,330.978515625,3524295
2019-07-16,331.3561249454932,335.0850533918956,330.08166544200094,331.1201171875,3651688
2019-07-17,330.93127426414947,333.6217800648129,325.50306698573274,326.8719177246094,4765414
2019-07-18,328.5239880748361,331.5448931146228,319.65008502369005,323.3318176269531,3711155
2019-07-19,324.27586368178214,326.63594126773046,317.28999293660746,320.9245300292969,2517348
2019-07-22,320.0276946679174,324.2758636730584,316.8179774108947,323.3790283203125,3120156
2019-07-23,323.7566378349583,328.99603379413514,318.51727122633116,324.3702697753906,3682410
2019-07-24,324.7479261917336,325.45594956997286,316.95963968054906,319.933349609375,4840787
2019-07-25,316.2516158005638,324.2287144034,315.8267959041837,320.0277404785156,7600173
2019-07-26,319.08367948959545,319.9333192029539,309.8321514127576,316.15716552734375,5089100
2019-07-29,315.9683986360737,317.6204531111315,309.73774622640224,315.8267822265625,5072884
2019-07-30,318.1396319763549,328.8072354746563,316.3931569558904,326.3999328613281,12960949
2019-07-31,323.99267569302435,333.9522270611432,314.08029065821586,318.7060546875,11065547
2019-08-01,316.25158867424665,319.7917052561748,303.1767111374454,305.7727966308594,9957404
2019-08-02,313.4194478134222,335.0850539553869,308.8881047224421,324.32305908203125,28586783
2019-08-05,321.06610051827073,341.41001923133535,320.0748445934647,337.68109130859375,15513355
2019-08-06,334.28260727466596,354.39055030911425,334.28260727466596,347.82952880859375,17339262
2019-08-07,347.40469355915667,352.07765280037677,342.2124937962647,345.61102294921875,12759435
2019-08-08,345.5166468556124,357.5531021577237,344.95023993225567,351.3224792480469,16351434
2019-08-09,351.1808325994961,352.8328868926599,343.77017144554696,350.37841796875,7844936
2019-08-13,340.9853070695723,344.5726194405417,326.7775859416734,331.9697570800781,14292351
2019-08-14,335.13229266471717,343.4870153452696,327.8632175523652,340.9853210449219,7813907
2019-08-16,339.85246199393436,344.57261754838237,335.1322770889357,341.3157043457031,5827109
2019-08-19,343.1093909872963,345.75267234932693,339.66366553374877,340.7965087890625,4606667
2019-08-20,340.32441732704336,342.07086283292546,337.3979037908184,338.01153564453125,5364922
2019-08-21,337.9643261167702,340.04122950912017,333.3857875693913,335.037841796875,4122882
2019-08-22,335.1322485294288,337.20912266650777,331.35612440766647,333.0081787109375,3171984
2019-08-23,334.1882321444631,338.86119182004154,330.8841233931217,336.45391845703125,4676421
2019-08-26,337.9172048738642,342.3541867114255,327.4856366877372,340.4660949707031,5024254
2019-08-27,342.21255925256673,347.5935427610752,325.45594737925796,328.8072814941406,32805677
2019-08-28,329.94003356158186,329.94003356158186,321.44372532204375,326.4471130371094,5628194
2019-08-29,323.1902618409322,330.17610422097476,322.05741856976954,324.2759094238281,6040518
2019-08-30,325.69189389231195,330.0344540429053,319.7916708729265,327.3911437988281,4855098
2019-09-03,326.16395720053765,326.5887770770808,316.72361659592167,317.998046875,4305439
2019-09-04,317.195586353223,327.91038504017183,316.345946722831,326.35272216796875,5241168
2019-09-05,325.6919547155079,329.7985078862493,321.8686050236498,328.2408447265625,3325608
2019-09-06,330.6009064763455,334.1882482020399,325.78633016843753,329.7040710449219,6392799
2019-09-09,331.30889862658125,337.3979339798128,329.98727279728166,336.5010986328125,3782198
2019-09-11,341.5044718609178,341.69328392855994,331.54489211007973,335.2266540527344,4900745
2019-09-12,338.3419972402603,338.3419972402603,327.3439936220032,328.0992126464844,5639186
2019-09-13,328.14643930845773,330.12889292636055,321.8213955642606,323.85107421875,5012583
2019-09-16,323.80383278000477,326.06951889508707,319.46127261785483,324.74786376953125,5104088
2019-09-17,329.2792521515209,329.2792521515209,313.93868911813564,320.83013916015625,8486044
2019-09-18,322.4822090023767,324.8894823895667,315.8739620827684,316.8179931640625,7631530
2019-09-19,319.46130303146043,323.37904375119393,315.9683821675673,318.7060546875,11891538
2019-09-20,320.68853498656495,344.66702400245345,316.29877876242017,336.45391845703125,15819981
2019-09-23,336.0763265004807,341.97655061538137,325.69195436467527,328.5240478515625,5854791
2019-09-24,328.5240328272718,332.30018665431334,326.06956365777324,329.1376647949219,4811334
2019-09-25,329.5152279893469,331.3088691733455,319.08363322294366,322.52935791015625,4697149
2019-09-26,321.9630116148708,327.6271983460667,321.39657533142065,324.79510498046875,4958745
2019-09-27,324.74789338642114,335.0378732014678,320.26371642666817,329.5624694824219,3416220
2019-09-30,333.24418479316256,353.9185346971866,324.983883967788,346.50787353515625,19984719
2019-10-01,349.2928043868982,349.90643635259346,327.43841360750696,331.3089294433594,7344343
2019-10-03,331.30885423033317,335.69863901448093,322.1989442877124,325.59747314453125,5037665
2019-10-04,328.8072516679684,329.18484648923777,315.54356217705754,320.4997253417969,4794009
2019-10-07,319.08366390336494,327.3439648114947,318.23402423150867,322.43499755859375,3566103
2019-10-09,323.898251482857,340.6548616626713,320.0277064887114,339.2860107421875,8848384
2019-10-10,342.59019050881386,363.45335598794355,341.7405507029401,356.1370849609375,48555442
2019-10-11,353.9657131677204,363.7836764483377,351.74725210542437,361.4707946777344,11113337
2019-10-14,362.9340510595386,374.78169315156106,358.9691149188033,371.5247802734375,10930620
2019-10-15,368.17344758967823,370.01431394711017,360.1963502572905,362.1788330078125,8746356
2019-10-16,359.77159025319054,365.15257338818685,356.23144428100454,363.6893310546875,9079900
2019-10-17,363.45332261214446,365.8134003555655,357.8363023621422,364.2557373046875,4877679
2019-10-18,363.4060222547669,364.7748729323436,359.20507887208436,362.0372009277344,4053714
2019-10-22,360.4323751410602,374.3096963531168,346.64947464573345,353.163330078125,11570680
2019-10-23,352.5969115338671,356.8450808857387,335.1322772717797,340.182861328125,13588127
2019-10-24,334.141077714285,355.28744677493484,307.283296483599,351.5113220214844,74062675
2019-10-25,349.19837889080674,357.22270196918197,342.3069283569425,354.1545715332031,28275934
2019-10-27,351.18090838998756,354.48504703994934,345.1390967879921,352.2193603515625,2033141
2019-10-29,342.68457082708676,345.18626512432235,333.338621315768,339.758056640625,36912144
2019-10-30,343.9117881503042,350.56723092864337,340.4660628728739,347.3575134277344,17185921
2019-10-31,346.17747333417566,355.7122344331611,343.39257571085676,353.304931640625,13034332
2019-11-01,343.0149810513721,355.3346104292783,343.0149810513721,352.1720886230469,13938891
2019-11-04,357.0810700213892,360.3379830558111,353.0689086568325,356.8450622558594,7763797
2019-11-05,355.9010146853049,363.92530769166325,353.5881328202853,362.4620361328125,6766429
2019-11-06,363.4532942975554,363.8308890967563,349.5287779950513,350.66162109375,8335534
2019-11-07,353.8241423192923,354.48496990549137,348.3959345865812,350.94482421875,4906572
2019-11-08,349.2927699075521,354.815369002011,346.083052689377,348.4903259277344,6094415
2019-11-11,350.4727935240094,353.0216830457548,347.6407005777471,350.70880126953125,2826663
2019-11-13,351.27526845035976,352.50250296520187,345.65824839088214,347.97113037109375,6544841
2019-11-14,337.8699638885162,346.5550849396087,330.695310157394,342.2125244140625,21487581
2019-11-15,337.8227776014884,376.19777074683293,337.25634133428855,371.05279541015625,56210391
2019-11-18,373.83767461896986,397.01371903728676,370.15594179021906,386.2989196777344,43462375
2019-11-19,403.00831557081796,420.7089556274657,397.86334072002774,414.7615661621094,63965674
2019-11-20,423.21066473070186,427.6004501552888,408.86135770917264,412.8262939453125,56689066
2019-11-21,417.7352631816693,417.7352631816693,398.5713801582552,402.4419250488281,22595291
2019-11-22,399.3265837398946,405.88763446333405,393.66236834377946,397.10809326171875,17090583
2019-11-25,397.76893238014503,430.1493377629268,397.76893238014503,426.1371765136719,34112216
2019-11-26,420.0953536402892,421.98341565404775,405.8404384755363,408.1533203125,23906748
2019-11-27,409.23899917111765,412.5431375367223,402.536360415965,409.097412109375,13586924
2019-11-28,409.0973803284555,419.05693163770104,404.5188120100965,412.2126770019531,22352772
2019-11-29,414.99757269845855,424.48510775769455,410.79659951505033,417.68804931640625,20386454
2019-12-02,444.7818475731816,458.4231605821211,429.5829009688783,432.9342346191406,56782244
2019-12-03,436.8992014574265,439.0232714322674,420.3314028226771,433.4062805175781,24319749
2019-12-04,435.05833393237003,438.7872626385432,429.2525309410643,435.5775451660156,16851755
2019-12-05,437.371171297282,437.6543747275528,420.4257502533241,422.3138122558594,17642464
2019-12-06,426.6092084016499,427.0812239372576,418.0657037267095,419.9537658691406,11629491
2019-12-09,422.54982036690996,426.32597372575145,416.9800257144571,420.89776611328125,8012971
2019-12-10,420.5202171301603,425.75958389228475,418.44334282925456,421.98345947265625,7274085
2019-12-11,419.62336785560376,423.91870337100113,415.94163492780626,417.9713134765625,6931352
2019-12-12,418.1128702987088,419.0097056240306,412.07106012337545,414.1007385253906,7527779
2019-12-13,415.3751851363263,416.0360127365166,402.15872118416587,403.85797119140625,13320154
2019-12-16,406.31245422396677,406.92605676847984,396.9193104791974,398.2409362792969,7093336
2019-12-17,400.97866603973495,416.79124522366,394.22883212326406,415.3280029296875,23423482
2019-12-18,421.9834299660946,422.07782132976496,409.8525841553887,413.77032470703125,17986000
2019-12-19,411.599042972409,431.23494063888535,406.17083536205047,424.2962951660156,14236801
2019-12-20,424.7211297737732,434.6334849873404,420.756193558456,428.4028625488281,21689127
2019-12-23,423.9186855146522,433.4534459186596,421.464216566541,429.3468933105469,10630886
2019-12-24,429.0637051008711,434.25590532257917,427.08122224882635,431.5653991699219,6974012
2019-12-26,429.81892517133826,430.95176832529205,421.0394127411083,422.5026550292969,5997570
2019-12-27,423.8714895222041,431.47096282055435,423.8714895222041,429.6300964355469,5997611
2019-12-30,434.2559202410582,438.6928722807677,429.6301267607055,434.7279357910156,12141748
2019-12-31,434.2558588343167,436.61593625037256,429.06365916844766,430.2908935546875,5212590
2020-01-01,430.5269325138728,434.72790583972085,424.57951351372674,427.93084716796875,5154996
2020-01-02,428.6860660737011,433.6894540383654,428.1196591930647,429.7245178222656,4933053
2020-01-03,430.19653266584436,433.5006412823277,426.23159645595473,429.6300964355469,5154587
2020-01-06,428.49723918087926,431.8485727188383,419.76492306073453,424.485107421875,7538915
2020-01-07,426.7036135451939,429.8189100963927,418.301696227261,420.18975830078125,4353883
2020-01-08,417.8296645939885,434.96389769166643,415.7055948431995,433.17022705078125,14118818
2020-01-09,442.1857618149476,448.36918856066046,429.8189083235219,434.35028076171875,18180867
2020-01-10,438.78726366748157,439.8729111726456,428.7805163976685,431.4237976074219,37724966
2020-01-13,433.31185746668143,443.97946166949697,428.8277097661354,442.6578063964844,15206224
2020-01-14,442.65776074742246,446.19790633858946,440.486495323285,443.08258056640625,8238486
2020-01-15,443.2242279363741,445.5843055950835,438.97605880014805,441.66656494140625,10875259
2020-01-16,442.9409791462255,450.2572489746482,441.80816539138016,447.3779602050781,16290593
2020-01-17,448.51084392206417,475.60463084096733,448.51084392206417,472.06451416015625,61915666
2020-01-20,471.07327043821,484.00656162455897,466.5891225242031,480.23040771484375,45298836
2020-01-21,481.4576562516552,486.17781179938135,476.17103507732094,483.1097106933594,65202963
2020-01-22,485.9417572663972,494.43809513591793,478.34228408531203,485.70574951171875,20285793
2020-01-23,486.17783820118854,496.5622103206583,483.67614388481934,494.3437194824219,15772863
2020-01-24,491.3699799537769,497.83661023942864,485.3753651918714,494.9101257324219,23824625
2020-01-27,491.9835680253598,494.7684654034998,483.251251742852,485.6113586425781,11856786
2020-01-28,485.5641516853771,485.6113767185568,458.8951863353155,463.7569580078125,31674769
2020-01-29,465.5034333643387,473.3389146046724,460.92486513527575,462.81292724609375,20037283
2020-01-30,464.46499681868534,465.314636536625,453.2309858002878,462.38812255859375,15337903
2020-01-31,465.5978546297623,471.4508827698308,459.74485584024467,468.6659851074219,18356252
2020-02-03,468.2883283704415,484.6201183736022,468.2883283704415,481.50482177734375,15212799
2020-02-04,485.2337333446651,493.3524177049291,475.2741826302946,489.8594970703125,14646591
2020-02-05,489.0098403661536,507.4185326159881,486.93296633009413,503.5007629394531,30647706
2020-02-06,505.10566534467506,521.862245151891,504.20883001350444,516.1980590820312,17180298
2020-02-07,518.180560201171,518.2750102719123,508.1265879102293,509.25946044921875,8967847
2020-02-10,509.9673769993334,513.2243483662667,506.09686182288414,508.55133056640625,8570467
2020-02-11,509.306702458043,514.168504148848,502.93446261230395,504.397705078125,6622800
2020-02-12,506.0025010722036,511.99711561116266,505.0584700598208,509.4010009765625,5160923
2020-02-13,509.49540820150736,512.3747557099133,501.9903555492735,509.7314453125,5729055
2020-02-14,514.404328770711,535.7867284968461,504.3503585717754,533.3794555664062,37517890
2020-02-17,533.3322453617238,536.8723908886282,525.3551777075552,533.2378540039062,23354434
2020-02-18,531.821809344127,537.0139797537968,507.22969068988664,517.56689453125,21865560
2020-02-19,518.3694159515838,522.6175560125918,508.5986174998328,512.9884033203125,22088140
2020-02-20,513.2715759153944,521.1070568112369,508.4569707836069,515.0652465820312,16010058
2020-02-24,511.66671941547884,511.7139150989649,497.6005860025611,500.243896484375,9834434
2020-02-25,503.17042361823303,507.84338314435865,501.235107151926,505.2944641113281,9804202
2020-02-26,502.8871616899909,509.2122045230506,491.18113636134404,505.9552917480469,18965240
2020-02-27,504.7752236988079,505.8608417235198,497.5061498783187,501.89593505859375,11381143
2020-02-28,495.5237732465035,498.8278822124062,484.76177723821985,494.2021179199219,16934165
2020-03-02,504.11442641085597,506.0024883882936,483.2040402188745,489.34027099609375,10096159
2020-03-03,494.6741342605714,503.5008429793406,485.37540997450606,491.6532287597656,10563605
2020-03-04,495.61811947368994,502.9815851216897,479.003126083444,487.829833984375,18066379
2020-03-05,493.54128853732766,500.9991457596635,487.73545634339206,497.41180419921875,14344961
2020-03-06,488.7739256844886,494.34372129390255,482.82650586914565,490.0955810546875,9503868
2020-03-09,481.45765939362053,483.3457216250324,463.5681758292307,468.4771728515625,15664232
2020-03-11,459.74481115987425,480.041536883155,459.74481115987425,466.16424560546875,21401999
2020-03-12,451.7205372784832,454.552630471569,433.5006555547604,438.9288635253906,14471096
2020-03-13,428.40284405991883,480.5607619229084,396.49448493635373,464.3233642578125,24254296
2020-03-16,445.8202978441389,465.36180474931683,430.6213512901726,438.7872314453125,14936276
2020-03-17,438.97604558296075,454.0806008450141,419.4817342676601,429.25250244140625,12629709
2020-03-18,434.25591122551737,452.0037483664445,384.6468783711823,401.7339172363281,29342689
2020-03-19,393.1431841208387,426.3732011393295,341.5045024907214,419.859375,24017236
2020-03-20,420.0953496383401,445.58427463290786,412.2126438451152,436.7575378417969,19758966
2020-03-23,393.09599506345546,420.75621748119903,377.14179923075164,384.552490234375,14907385
2020-03-24,387.9037638389537,413.34549356307286,377.75540109785163,381.4371337890625,12947855
2020-03-25,383.79722290904465,413.7231301993156,382.900416899986,405.085205078125,14093189
2020-03-26,402.6307591349686,465.83385230676134,396.73053543716014,444.3570861816406,22302573
2020-03-27,444.35707412576863,448.22761912288826,413.01511933116154,423.8243103027344,16378409
2020-03-30,419.0097370327794,424.1547416190052,404.04679751332657,406.92608642578125,10210726
2020-03-31,416.31921436171257,421.9834299453657,400.27062800015244,416.2248229980469,17059457
2020-04-01,415.3752015024665,415.3752015024665,389.3198673784029,397.7689514160156,9646905
2020-04-03,407.82292338039696,407.82292338039696,392.3407725798155,400.22344970703125,14419445
2020-04-07,408.90857781444015,458.5648071732706,408.90857781444015,443.88507080078125,15553539
2020-04-08,447.8028280451705,463.61540818395923,427.6476870952535,435.8135681152344,13639333
2020-04-09,444.64025668591967,464.74819971262696,444.64025668591967,461.34967041015625,11962829
2020-04-13,463.5209625651195,491.74759164614073,463.5209625651195,483.5345153808594,24416550
2020-04-15,504.06727974207314,505.9553419030874,476.7846523729984,481.9296569824219,26277115
2020-04-16,472.0172577931093,484.2897201730859,469.51556376450293,472.44207763671875,17401120
2020-04-17,482.4016885146364,483.8177351823401,470.318037452574,474.3301696777344,16430317
2020-04-20,479.28634927759407,479.28634927759407,459.65042050675083,462.8601379394531,11688508
2020-04-21,456.9127167724629,475.604614381821,452.33414841339965,472.4892883300781,15781695
2020-04-22,487.1217975828374,488.1130536360653,464.5121900418142,473.3388977050781,18447565
2020-04-23,473.7637184831171,478.9086934318119,463.5681305973197,468.2411193847656,12767355
2020-04-24,467.2027445016456,471.073289945399,457.33758346165143,466.5891418457031,12161869
2020-04-27,470.1764235395048,474.8966084741046,463.6154014075666,466.4002990722656,10074370
2020-04-28,469.6100179913411,469.6100179913411,457.00715558396854,458.47039794921875,11729091
2020-04-29,463.4737392351795,470.5068055816095,459.7920065029452,468.2411193847656,8371711
2020-04-30,474.9437844825617,487.07463079185885,467.48592722852857,485.5169677734375,20170888
2020-05-04,474.33017943470503,509.77868929470554,471.92290592020134,502.6984558105469,34658164
2020-05-05,507.8906105453845,522.7119340450961,496.60937432228445,498.4974365234375,30498970
2020-05-06,501.9903388112777,520.5878436359309,500.3855095742065,515.4428100585938,26074684
2020-05-07,514.8292567449521,514.8292567449521,495.09893630158217,498.4974365234375,15823732
2020-05-08,509.77864334352336,515.2540468914971,498.73344488318276,500.3855285644531,13847608
2020-05-11,503.2176647753441,517.8030102576292,502.3208293346501,506.19134521484375,14490804
2020-05-12,503.17045011669694,532.4354726491785,500.8103136872596,528.5177612304688,23041211
2020-05-13,536.5893119303907,537.8637128890132,518.5582113473354,524.8360595703125,21509772
2020-05-14,520.2574330242064,531.0193986511283,505.1528776400181,509.6370544433594,13428330
2020-05-15,513.0827623231598,525.7328490369698,509.21224669642305,523.0895385742188,14758117
2020-05-18,525.7328676961353,527.7153212630101,505.2472989343937,507.93780517578125,21991328
2020-05-19,527.2433084758316,569.7248842394342,525.8272618204882,565.2879028320312,73259076
2020-05-20,571.1409158198733,577.7491333703891,555.6587356887741,560.8037109375,36412918
2020-05-21,557.4524366307332,570.6689311477376,552.6378896094467,561.2757568359375,20673544
2020-05-22,563.5886871877047,563.9663114121132,554.1483750830324,560.0014038085938,11630640
2020-05-26,539.9877807606899,544.1887249925284,526.3464669025192,527.9513549804688,77933211
2020-05-27,529.60330346118,533.8986971420367,522.8534997359907,531.5858154296875,22948762
2020-05-28,533.0491640792036,536.2116860242628,524.8832535868197,531.2554931640625,16574283
2020-05-29,526.771364375294,532.4355517649574,513.3660856657584,521.673583984375,55206200
2020-06-01,527.7153165226345,530.2170400022663,519.3606237645959,527.7625122070312,40024637
2020-06-02,531.4914255697041,540.2709966365546,524.97759949522,526.8656616210938,32573015
2020-06-03,536.2116570566383,536.4948311640869,518.5109859981912,520.7766723632812,29783799
2020-06-04,521.3902714544454,552.6378648085346,518.7942153148057,540.41259765625,30007267
2020-06-05,551.3161756406739,556.9803618163826,535.6924092750244,551.6465454101562,48771843
2020-06-08,555.0923618133205,560.4733745024616,546.784864346455,552.40185546875,20813563
2020-06-09,547.5399796133674,558.5379819299822,534.040312739828,536.0227661132812,15219451
2020-06-10,539.0436709398997,543.763825713129,531.538618980356,535.3619384765625,19489440
2020-06-11,538.0996551685535,541.6869963778666,516.103651123126,520.9653930664062,27803048
2020-06-12,509.77865184024074,530.5473939022874,509.77865184024074,528.7537231445312,19224358
2020-06-15,524.8832715308744,532.1995425029316,518.275053292096,519.8798828125,13838935
2020-06-16,526.7712728925856,527.9985367609877,506.9465617705497,514.4044189453125,19430678
2020-06-17,516.2453559742771,533.8516375850614,510.7227558631096,531.9163208007812,20916747
2020-06-18,532.6714938396756,540.8374036262396,526.9601117780443,529.5089721679688,19692591
2020-06-19,530.4529417274018,545.8407284532865,529.6033021289062,540.459716796875,41924711
2020-06-22,543.5750580008136,555.0922711859278,538.4772789648509,548.53125,12954502
2020-06-23,548.5313259135696,551.8826304887227,542.206282246919,546.4072265625,9944839
2020-06-24,548.4840289494521,549.4281186886076,523.9391632588265,526.1576538085938,12619809
2020-06-25,522.9007850702826,532.1523135059468,519.2190519703304,527.71533203125,15881470
2020-06-26,528.6593021257482,534.7011123229914,525.9687961400263,529.0369262695312,11317405
2020-06-29,527.6208494278115,537.1084133529848,520.3517758563835,535.3619384765625,13162970
2020-06-30,539.9877800809577,544.7079355376321,526.2048791865883,528.5177612304688,13182057
2020-07-01,542.8198428852093,542.8198428852093,527.0544893242029,528.8009643554688,13894655
2020-07-02,533.1906592681053,535.2675626492313,526.3936009768199,527.196044921875,13795692
2020-07-03,530.358622653724,550.7969953774214,529.2257501343024,548.9088745117188,21005887
2020-07-06,554.7147853789905,556.3196736670254,542.8671407859368,544.3303833007812,16114629
2020-07-07,546.5959027513308,549.9944610505297,534.3706963725173,535.4091186523438,12759442
2020-07-08,539.9877642820927,541.8758264095219,527.7153017527046,529.8865966796875,9581306
2020-07-09,532.4354706982638,538.3356943480376,528.9425791535631,536.8252563476562,8611659
2020-07-10,537.2500589120514,546.5959781213764,533.993145893617,542.53662109375,13532330
2020-07-13,542.3478665649336,556.0363763113762,538.0997265853449,553.95947265625,16660491
2020-07-14,551.7881921433478,563.3997973047808,546.1711429378398,556.3667602539062,32935464
2020-07-15,555.989187523266,555.989187523266,528.3289348748392,532.0579223632812,20062926
2020-07-16,534.2291736595207,534.5124064833706,522.3343342754812,531.2554931640625,11528871
2020-07-17,531.5858595109183,541.7814181617878,530.3114000042855,535.0315551757812,12189475
2020-07-20,539.0437163039202,549.9001318970768,535.8339990477874,543.5278930664062,9789671
2020-07-21,547.5401201564788,551.1274623824594,534.6540525192349,535.9757080078125,12005925
2020-07-22,536.211623132201,543.2918558869756,531.3026265348994,537.2972412109375,11034525
2020-07-23,538.0997315014381,543.5279397643887,532.4354861091367,535.4564208984375,9718786
2020-07-24,533.3795621033256,535.6451897602124,524.3168166713785,528.14013671875,9960443
2020-07-27,526.9601117332675,532.1994782629048,513.6964224668833,528.1873168945312,10895560
2020-07-28,527.2431955949802,542.1117703444287,524.2223201907798,533.0018310546875,14210206
2020-07-29,533.6154937738276,537.297226445351,528.8953387336935,534.5123291015625,9979767
2020-07-30,543.7639529058363,547.9648975067693,512.6580024019196,521.7679443359375,45326361
2020-07-31,520.0686806287978,527.9986131863116,515.7261488292035,523.7976684570312,13917435
2020-08-03,523.4671481747466,525.355210252433,515.8204497992393,516.71728515625,9392745
2020-08-04,517.3309932896951,522.3815774153912,515.3012852815338,518.2750244140625,12035116
2020-08-05,521.1071295232416,529.1313942610823,515.962153909457,527.6681518554688,12920232
2020-08-06,532.168426428233,532.168426428233,523.5942122089396,526.1049194335938,10620956
2020-08-07,526.7680293831608,533.7789566891931,523.025710475967,531.315673828125,7346008
2020-08-10,534.6316511522206,535.2948812157231,525.6311514300813,529.4682006835938,9594610
2020-08-11,528.6629501936759,531.0315030883937,521.2730415973969,522.125732421875,8290695
2020-08-12,521.0834495888049,531.7419643844507,516.6779010767418,518.9043579101562,12613101
2020-08-13,505.9247276503349,519.4728722774847,496.6873429245753,507.2037048339844,37464752
2020-08-14,514.3094345906374,514.3094345906374,497.3978917778641,500.80865478515625,18550546
2020-08-17,502.65612554237765,504.5036025111154,490.8606684749475,493.9871520996094,19369462
2020-08-18,494.60297821142876,501.2823496168255,492.8028664388492,498.6295471191406,13771669
2020-08-19,501.1875168786261,511.51447609396877,499.3874052622993,507.6773681640625,17395288
2020-08-20,503.082485590286,505.5457686498375,495.2188080413166,497.9189758300781,13690809
2020-08-21,501.94553893832534,501.94553893832534,488.87107498963474,492.89764404296875,22244899
2020-08-24,490.6711789914555,504.40881391321955,481.48115929822103,499.197998046875,29714401
2020-08-25,506.3984181652594,507.4879346599477,498.3452806184383,500.8559875488281,19881871
2020-08-26,500.61911431516387,500.61911431516387,485.08136806031433,487.4499206542969,26386996
2020-08-27,487.35520996387163,491.2396540480382,481.2916738407095,484.27606201171875,22268191
2020-08-28,485.1761360996355,501.70872874991557,485.1761360996355,495.9294128417969,22217757
2020-08-31,491.2396501631969,494.8398737873547,481.81277518684146,486.12353515625,190329697
2020-09-01,490.2922256994346,526.2470103220488,487.1657418991735,517.5307006835938,75732733
2020-09-02,521.0835385545399,529.6103282821005,516.4411634760447,521.6046142578125,35680638
2020-09-03,521.6046038519478,523.831061021073,507.48795933478107,509.71441650390625,25084656
2020-09-04,503.55615312061747,509.7143896993774,492.1870420633246,495.6451110839844,28610361
2020-09-07,497.397901125186,500.24016441008,483.4707756820687,488.3500061035156,16450037
2020-09-08,488.87107969230755,489.67640529309995,468.02775678167365,471.9122009277344,33745174
2020-09-09,467.3171695877907,480.01265286282165,465.2802025532542,477.73883056640625,32068518
2020-09-10,481.2916436660404,481.2916436660404,465.3749175705423,471.2015686035156,21400064
2020-09-11,473.0490521916428,476.0334402179093,462.86424666528467,465.80126953125,15888599
2020-09-14,469.9226040384784,471.1068804148332,443.67894527942457,449.17401123046875,53032505
2020-09-15,450.1687828057548,462.0115756388024,445.3369176743296,460.0220031738281,31436333
2020-09-16,461.3957427139964,464.9012063604133,455.28484182058673,456.4217529296875,13379581
2020-09-17,454.76379681121824,456.99025401995783,449.07924088249325,453.8163757324219,13750507
2020-09-18,457.6060616069101,471.4858511528448,450.3109133841305,468.548828125,55830089
2020-09-21,469.9226006505063,469.9226006505063,436.9995998014165,443.1578369140625,23162880
2020-09-22,443.86841821387185,453.3426583140204,436.76273077477373,446.1896057128906,18950065
2020-09-23,442.4472396896709,442.4472396896709,401.61325792828296,410.9927673339844,86810146
2020-09-24,402.8922573367537,410.7085101259166,394.27070847139476,397.2550964355469,36458719
2020-09-25,402.6554574037912,421.55660341081966,399.9553189364576,416.5352478027344,34232784
2020-09-28,422.5513472662,424.1146037729433,411.22963043048253,420.32489013671875,21445626
2020-09-29,420.6565291043735,421.1776048176131,406.9188642575285,412.6981506347656,18187111
2020-09-30,414.9719726342206,417.2457950518048,396.165587253414,398.8183898925781,27686374
2020-10-01,403.60284703174926,411.7506852806582,401.3763900149205,409.6189880371094,13593932
2020-10-05,409.61897473392025,414.4982044930694,400.7605415689124,402.1343078613281,15282146
2020-10-06,404.5503013136926,407.3925645389413,400.8553473384905,404.3134460449219,11078299
2020-10-07,405.30825315701736,409.05057248752354,398.9604962798993,400.2395324707031,10393534
2020-10-08,403.60283392394626,412.6033625603425,397.0655880177176,402.1343078613281,17018635
2020-10-09,405.49774289468803,412.1297202115926,401.0448282694794,402.8449401855469,20948615
2020-10-12,405.4977136021268,407.96099656158725,390.19679287681794,393.2285461425781,14326607
2020-10-13,399.007853247581,405.02399449004616,391.38106089937855,393.46539306640625,28303313
2020-10-14,394.50755070748164,397.44457341541386,389.6756860418941,391.5231628417969,14374547
2020-10-15,391.66532761600115,393.6549000915655,374.2327091378463,378.2118835449219,28378188
2020-10-16,383.1858836996392,385.8860515084048,377.40659731564887,380.5330810546875,23786283
2020-10-19,382.333202735533,383.37538364591364,373.28530743300087,376.790771484375,17237471
2020-10-20,376.79071248987316,391.4757965303113,376.08014675784653,383.7069091796875,26395238
2020-10-21,384.3701334516249,398.107797362994,382.3331664451861,396.97088623046875,23929199
2020-10-22,396.9708660868567,409.6189833844266,396.0234451004852,408.00836181640625,27014551
2020-10-23,412.03492878684085,414.59297151368946,404.8345111314171,411.56121826171875,18512271
2020-10-26,411.5138652076368,416.34573037960934,405.4977236880161,411.2296447753906,11956996
2020-10-27,411.2296679684326,415.82467813003063,405.02403599200585,410.56646728515625,13021129
2020-10-28,422.5513496984503,462.34318110015136,418.7616360404117,428.0937805175781,125905730
2020-10-29,424.16197606080596,433.0677752724208,421.60393330494827,427.0989990234375,25537340
2020-10-30,430.98346045208,430.98346045208,407.866285480174,410.9454040527344,23483928
2020-11-02,412.1296875772389,435.81530214438993,412.1296875772389,433.35198974609375,28703578
2020-11-03,433.92043158527684,436.4784743118444,423.9251159415414,430.6991882324219,16337850
2020-11-04,429.1833477269463,431.59926563403434,423.64091663379986,429.230712890625,10191499
2020-11-05,432.973012241043,437.61538718739905,428.8043478216234,433.2572326660156,9407770
2020-11-06,432.9730145652213,436.1468927863007,425.15676137286584,426.2463073730469,12195207
2020-11-09,432.3098180972382,449.789801606494,428.7569890919184,446.9949035644531,24953555
2020-11-10,449.0792324342287,449.22135737575326,440.5524134295248,441.8788146972656,9800899
2020-11-11,443.34733243206324,456.04281648824286,439.6523783370255,453.4374084472656,16032885
2020-11-12,451.7793800100767,457.79552115287464,450.07402806746796,454.62164306640625,14785276
2020-11-13,451.92151890075314,452.8689399487863,445.28954210857484,450.7372131347656,8428163
2020-11-14,461.3957511390496,461.3957511390496,453.81635342529364,456.1849060058594,4014491
2020-11-17,465.09069555000826,468.9277742177535,455.94804153542697,459.0745544433594,19050384
2020-11-18,458.5061355817477,459.5009513218066,446.33172706879344,453.2479248046875,10504589
2020-11-19,450.97403311360887,456.1375127685463,442.44721489248275,443.9157409667969,11541941
2020-11-20,445.76326311649524,460.40095400000695,440.8840328219913,458.2692565917969,12090462
2020-11-23,461.15891588294625,461.15891588294625,450.1214191404541,452.15838623046875,10193531
2020-11-24,453.24791037667325,455.94807815439,446.4264726434249,449.31610107421875,9346208
2020-11-25,451.44779846314924,452.7741702277016,434.53625654166694,439.69970703125,14497115
2020-11-26,444.05784100937785,444.9578968350433,435.91000287633864,443.77362060546875,11535113
2020-11-27,443.6789397630096,447.8002391750512,437.7101633356354,438.8944396972656,18491882
2020-12-01,443.15778546238494,457.1323038920401,436.2889833265333,454.24267578125,18534936
2020-12-02,455.7112348377453,462.24845230693546,449.1266227480951,459.40618896484375,20948620
2020-12-03,461.4904740793588,463.43271072911733,449.07921162617254,454.6690368652344,20094168
2020-12-04,461.2536168095391,471.62791224830465,457.98500842372647,467.7908630371094,31622330
2020-12-07,471.81744555444277,483.6602682126616,468.59620203306366,482.1917419433594,22541162
2020-12-08,486.9762057810291,489.10790309655204,473.38066688362545,477.12298583984375,19661141
2020-12-09,478.35467535658347,480.2495174885598,472.85960960909506,476.6019287109375,11826802
2020-12-10,475.1333941483557,482.00222621206774,468.1224666008092,478.5915222167969,13441906
2020-12-11,481.765364332694,481.765364332694,471.15421337861585,477.88092041015625,14019094
2020-12-14,480.34424781277994,485.08138259866723,474.8018169031814,476.6019287109375,14147649
2020-12-15,479.25472496358685,480.1547809109584,471.9122113473658,477.6914978027344,13320211
2020-12-16,477.69146486180244,491.52385926930543,475.7018629907158,489.060546875,17707777
2020-12-17,489.8184844385931,495.02932972034654,485.08137914240484,488.0184020996094,20023766
2020-12-18,486.8815162224399,487.8289373308798,478.4967922832306,483.8023681640625,11000487
2020-12-21,480.81793427992716,484.3233979398175,454.90589283663724,465.0906982421875,15539470
2020-12-22,468.0277447128834,478.44940589946236,460.022001354489,473.99652099609375,21632475
2020-12-23,473.99653510612063,482.7128150678523,472.1964232439558,480.53375244140625,13326963
2020-12-24,492.66076485566754,495.50302796290043,483.61284094360724,490.10272216796875,21241048
2020-12-28,492.7555041626556,499.2927212108809,489.43953047708106,494.1766357421875,13124256
2020-12-29,495.5030520177486,497.3505290183273,488.0184136896387,492.89764404296875,11457626
2020-12-30,495.8820156627742,495.8820156627742,486.31301592745507,489.01318359375,10691466
2020-12-31,489.9132397272609,491.192246363129,479.681039360585,482.90228271484375,15816475
2021-01-01,485.3182325372779,489.2500417003434,481.48115369739264,488.0657653808594,10377082
2021-01-04,489.81847874700014,493.13448187174697,484.70239330418616,489.9132385253906,13489114
2021-01-05,486.9761962890625,489.7237290023386,484.2286635757864,486.9761962890625,10689423
2021-01-06,487.9236390409816,503.7930005884534,486.12352725814935,497.68212890625,30837593
2021-01-07,504.02989334643127,525.2995611256854,499.38745941905285,516.583251953125,39444841
2021-01-08,520.4202848730529,520.8466302313046,509.05117350615825,511.84613037109375,14538362
2021-01-11,513.030391564107,525.2048288273674,513.030391564107,518.3833618164062,19892197
2021-01-12,520.1361000989899,539.0845799947272,516.3463569903287,536.0054321289062,25857074
2021-01-13,557.0856514969854,570.0653555129238,537.1897501000664,547.8482666015625,85239439
2021-01-14,552.0642813233684,554.0538537356717,540.0793638646998,550.02734375,16974338
2021-01-15,577.5026100265693,578.5448203003671,562.5806991865497,570.9653930664062,57451072
2021-01-18,570.96542793524,571.2970429931497,553.2959832170197,556.0908813476562,21359539
2021-01-19,560.0226053470137,566.0387463932827,555.6644805129459,561.1595458984375,11034273
2021-01-20,561.1595404046292,570.8232698936204,558.0330275586844,564.80712890625,13333007
2021-01-21,568.691544822769,572.2917681761338,544.2006354648004,550.7852172851562,17380638
2021-01-22,553.2012248443149,554.7645109817613,542.6374377725558,546.5219116210938,12662954
2021-01-25,548.5588414640448,556.9435951140485,539.6057058259768,550.2168579101562,12503932
2021-01-27,549.5061642059856,551.1641803552104,532.7841428897125,540.7898559570312,15567653
2021-01-28,536.7160400922197,545.5744447856841,533.163181617598,540.8847045898438,15201598
2021-01-29,548.0851192035138,548.0851192035138,521.6519993442371,524.4942626953125,25521965
2021-02-01,529.610294039554,550.5484046137518,520.3255444828796,548.700927734375,14212955
2021-02-02,554.148568663243,573.8076431704858,548.7956575807787,567.8388671875,21711996
2021-02-03,577.3604310743706,589.7716920369605,567.9335282835755,576.83935546875,30641248
2021-02-04,582.5713379792184,590.2454956364385,564.3334532568098,569.023193359375,51976676
2021-02-05,572.0548932246886,574.0445244818288,545.9533912915311,550.5484008789062,35465208
2021-02-08,558.0330493558663,571.912808702834,553.9591153564908,565.8966674804688,21646080
2021-02-09,567.4125347415173,575.7972875337388,563.7175809019217,567.4598999023438,20927436
2021-02-10,573.144407665324,575.797209784751,549.7430168704408,559.1698608398438,31642664
2021-02-11,560.8753473062885,571.8181139186394,558.0330840357312,566.6546630859375,19253595
2021-02-12,566.4178056449708,566.4178056449708,553.8644461392962,555.4276733398438,15905053
2021-02-15,560.9700411388682,571.2970010443435,558.9804687612892,562.4859619140625,17972742
2021-02-16,563.7176256355483,569.9706521273284,561.8227834045595,562.7228393554688,15064854
2021-02-17,565.5651064882848,567.3178532372525,559.0278889652287,562.6281127929688,16436661
2021-02-18,565.6125096873731,566.5599308729188,554.4329161331722,558.0805053710938,22193564
2021-02-19,558.9804501475496,564.6649761295643,545.2427867791254,550.7852172851562,19465126
2021-02-22,551.4011443178206,554.1486183892738,538.1371899529686,540.3162231445312,20227667
2021-02-23,544.7690518806041,546.6638937897397,534.3473624684724,535.81591796875,23764401
2021-02-24,538.231894490143,543.9164208404493,535.4843616384496,542.826904296875,8888950
2021-02-25,549.4114640431175,553.7222827029236,546.7112964637374,548.700927734375,16230241
2021-02-26,544.2953428601677,555.1433776220792,522.7414277182307,527.05224609375,198547005
2021-03-01,528.6628746932518,529.7050260357141,493.6081790339295,504.2193298339844,55091122
2021-03-02,512.0829247521767,515.3988981814111,501.04542909940363,512.7461547851562,30622757
2021-03-03,519.8991902793277,521.7940322862268,511.6092270431998,517.5780029296875,24669015
2021-03-04,511.6092353168396,517.2937614294657,509.71439327929755,511.2302551269531,17678275
2021-03-05,506.87214240022445,510.1881160455869,496.8294322304705,504.78778076171875,16658703
2021-03-08,503.08248203138635,507.2985117568242,497.1610707857644,498.0611267089844,15293359
2021-03-09,502.22979887983223,504.0299107535431,487.26046301210414,494.3187561035156,20181762
2021-03-10,492.85027569314906,502.6087068807611,489.2026868784755,498.2032165527344,19013738
2021-03-12,502.65615430838756,504.7404572068116,494.1293053198347,496.63995361328125,11624491
2021-03-15,500.05067140433937,500.05067140433937,489.25003038217903,495.3609313964844,10875944
2021-03-16,496.45044672659185,505.6878312387687,496.45044672659185,501.4718017578125,13252045
2021-03-17,500.9980596756466,503.08242116054987,491.71331058809403,495.40826416015625,8482758
2021-03-18,501.99285620544674,504.2193132086704,488.2552223750222,499.4822082519531,12465338
2021-03-19,500.24013903414425,506.6352605566945,497.87158641688336,502.0876159667969,49597558
2021-03-22,505.0247029755291,505.9247589230019,495.50306778045865,500.24017333984375,13581706
2021-03-23,501.85078383348315,504.4561622236744,494.69770199884147,501.4244384765625,15239339
2021-03-24,500.2401961828038,505.4037062814056,494.0819586743935,496.118896484375,10801499
2021-03-25,495.88201982271625,496.1188456312768,473.2859215473503,481.0548095703125,17572322
2021-03-26,485.1761071845143,497.3031497064349,483.7549756023404,495.0293273925781,11148490
2021-03-30,500.05071631015346,500.1454466396492,489.10794936787636,494.0819396972656,10691124
2021-03-31,494.887221963234,498.2505607489372,489.1079065156807,490.10272216796875,7712521
2021-04-01,492.61340607691534,496.35575478749723,487.49732032932087,493.4187316894531,7111516
2021-04-05,493.4186981662933,501.187556587952,487.54465236929116,500.4770202636719,9376649
2021-04-06,500.71383670329595,509.57229984989715,496.97151777290725,504.2193298339844,13115141
2021-04-07,508.7669969548113,518.1464772782791,507.1089806355409,513.1251220703125,21391503
2021-04-08,518.0517003376494,519.7097165077244,512.0829246020226,514.4514770507812,11367448
2021-04-09,511.1355513562881,520.8466467590391,508.2932881523454,516.583251953125,11641539
2021-04-12,509.2880692224044,510.5197401630575,491.2396450395315,494.9819641113281,9869735
2021-04-13,498.7242851109999,511.6092586843121,495.59777204149765,507.961669921875,6657701
2021-04-15,511.6092752750116,517.4359562338573,502.3718901645824,510.99346923828125,9989813
2021-04-16,511.65659416665534,515.541067425224,509.71438699331577,512.31982421875,6273393
2021-04-19,504.26670254086366,506.8721398479033,495.7399132100105,498.7716369628906,7368743
2021-04-20,501.18755282125153,508.7669799985888,498.25055940076936,502.3244934082031,7369109
2021-04-22,502.1349515835565,505.3561947358795,498.392632777284,502.9402770996094,6675147
2021-04-23,501.1875604420113,504.4561689473746,491.8080802885247,495.1240539550781,7123670
2021-04-26,495.26619616885387,500.7138376025398,495.26619616885387,499.81378173828125,5929161
2021-04-27,499.7191316432077,510.235553830577,498.5822497963083,506.208984375,9875033
2021-04-28,507.77224346474645,519.1887210518012,507.4406283971341,515.6832275390625,12195400
2021-04-29,520.7992443060805,521.083494170879,510.7565345750556,512.41455078125,8846896
2021-04-30,505.45109245851853,518.2412785845704,505.45109245851853,508.5301818847656,8331737
2021-05-03,502.1349686616434,532.9262697453748,501.23491279824043,529.4682006835938,14556346
2021-05-04,536.1949086642288,536.1949086642288,517.9570234708485,523.4047241210938,14196229
2021-05-05,527.6207476159823,535.2474813073322,524.8732147417572,530.5103759765625,12095639
2021-05-06,530.5102946262315,534.726323615305,523.5467331842493,529.3734130859375,9169742
2021-05-07,531.6946430003162,542.7795040132763,527.6207091481201,538.61083984375,12894499
2021-05-10,541.9268613083851,546.6639667131402,539.1793283912483,542.4479370117188,8365615
2021-05-11,535.7686413119375,544.6270463739676,534.3948748097031,538.5161743164062,8033470
2021-05-12,538.1371704169677,539.2266869731964,528.8524203722044,532.2157592773438,6815070
2021-05-14,534.3474105036407,539.4161307397969,526.9101376681441,530.9367065429688,7697716
2021-05-17,534.2999736702844,534.2999736702844,517.1042428674338,520.7518310546875,13677009
2021-05-18,518.7148799860137,523.831024053705,506.44577220855604,508.1511535644531,34968901
2021-05-19,509.6197075330059,512.1303557787726,498.5348452967281,500.4296875,19583966
2021-05-20,503.0824653138596,503.0824653138596,492.6607747984524,493.2765808105469,14036583
2021-05-21,495.7399157243803,505.2614913009368,494.5556099664761,503.0350341796875,10492773
2021-05-24,503.08244458037075,504.97728661200875,498.34528058938565,499.1032409667969,6386039
2021-05-25,502.0402565431222,502.8929472774593,496.92417104899204,498.4400329589844,9412913
2021-05-26,501.18757905328505,502.89296056702614,497.3978947222108,498.1084899902344,6908901
2021-05-27,498.44006057983916,499.2927513614278,491.4291325817377,492.4713134765625,22783169
2021-05-28,494.79246652636164,500.7138778601642,493.0397492728956,496.0715026855469,10248988
2021-05-31,497.8716064099315,507.81958671380045,497.4926261935726,506.7774353027344,12803471
2021-06-01,509.19335682994,510.0934127582868,502.41925478563996,504.8825378417969,8435896
2021-06-02,502.0402350720757,506.4931492001103,500.2401233569932,501.6612548828125,10567595
2021-06-03,502.13497385152306,505.35621714669725,500.7138423017601,504.0772399902344,6290021
2021-06-04,505.87735996590123,507.63004766746667,503.2719226263351,504.69305419921875,4878809
2021-06-07,505.92475357137437,512.5567012843613,504.9773324695191,508.2459411621094,9674473
2021-06-08,509.8090989651783,519.1886372920669,505.9246847582873,518.0516967773438,12822963
2021-06-09,520.9887020437344,522.504622765043,507.20367354762567,511.6092224121094,12674395
2021-06-10,515.3042195910762,519.0465387280478,511.9408806664358,516.488525390625,7018193
2021-06-11,516.8200407583473,520.8466094648987,511.65659041638014,512.41455078125,7777365
2021-06-14,512.4146008774323,512.4146008774323,501.4718342352639,510.99346923828125,5714387
2021-06-15,512.5566516878549,515.0673586031548,510.0933688437649,513.977783203125,7264778
2021-06-16,515.2095543268593,515.2095543268593,506.77749391323005,508.5301818847656,10045600
2021-06-17,511.1355232446305,512.7935394783555,499.3400667939173,500.8559875488281,10214732
2021-06-18,503.4614248373553,513.4094055807442,491.71339108254745,510.42498779296875,15000348
2021-06-21,506.8721302229845,513.4093470348826,504.97728818544243,511.2302551269531,5742834
2021-06-22,519.236043816304,520.1360997035415,507.3458566372781,508.19854736328125,9114558
2021-06-23,509.7143953465278,510.85127700890774,504.69304036192034,505.9720764160156,4767421
2021-06-24,506.87215575038795,507.2985011214958,499.67170851558274,500.95074462890625,6419922
2021-06-25,503.36669509447904,507.72487941240286,501.5192180038563,506.9669189453125,5504204
2021-06-28,508.7669771475048,508.7669771475048,502.5613163942447,503.27191162109375,5265796
2021-06-29,503.31930123265494,504.26672230655237,496.45046899095183,497.35052490234375,8713975
2021-06-30,499.2927385320962,502.51398200649686,496.7820903280594,498.0137023925781,5760552
2021-07-01,501.1875585392307,503.082459539102,494.55561123130235,495.1714172363281,6575188
2021-07-02,497.966298490949,504.9772846753901,492.6607526050877,497.3978576660156,13309063
2021-07-05,500.240156169663,500.71386670934197,495.7873006614387,496.4031066894531,6373586
2021-07-06,495.97674999126025,499.9559537808693,493.70292767032544,498.4400329589844,10494366
2021-07-07,495.69247729577944,502.7034634945971,495.69247729577944,501.75604248046875,6669192
2021-07-08,502.134984289984,504.78778680277816,496.0241126077806,497.68212890625,5400962
2021-07-09,497.87156078105346,509.2406716703924,495.5030082857514,508.0563659667969,7303645
2021-07-12,510.61444472488824,510.61444472488824,500.85598475113665,501.80340576171875,8932790
2021-07-13,505.498377217812,507.34585414444393,500.42965695982446,502.1824035644531,8138019
2021-07-14,501.18755844774284,503.4613807352816,498.9611602330976,502.1824035644531,6666859
2021-07-15,504.50359011775873,504.50359011775873,497.3978733898498,497.82421875,6886797
2021-07-16,499.29268237297504,514.8304571281759,498.2978962358722,512.69873046875,11251138
2021-07-19,510.66188384556955,516.0622197351751,501.4718633647593,510.14080810546875,9130551
2021-07-20,508.24593092299443,508.5774870636375,495.50305255667377,498.1084899902344,7646460
2021-07-22,503.17715579957917,519.1886410534117,496.118804696575,517.9569702148438,20220601
2021-07-23,518.9043985418841,531.1735652078161,504.74038988941095,519.4728393554688,33200836
2021-07-26,516.346406071132,524.7311597389479,513.598872984932,515.4463500976562,5214592
2021-07-27,517.1042998540797,517.1042998540797,507.961645801172,512.1303100585938,5835018
2021-07-28,511.1355304728391,540.6951608451559,509.5723034481073,538.0423583984375,32532037
2021-07-29,543.9163687254381,546.3797103707282,535.2948497025843,537.331787109375,15844335
2021-07-30,536.1476043292683,538.6109465391578,528.4735045151141,532.12109375,10125413
2021-08-02,536.2423373148694,539.9846564932078,530.55775189085,535.43701171875,6372299
2021-08-03,538.1372271686153,551.401182450755,532.5474304873484,549.69580078125,21680353
2021-08-04,544.7691244598465,556.0435060155452,540.3162100329872,544.20068359375,21816567
2021-08-05,547.1376628496702,586.4558134097305,547.1376628496702,567.2230834960938,72423461
2021-08-06,563.2438195656304,584.513543716645,557.5592938366183,575.9393310546875,29055626
2021-08-09,577.9289461000834,580.4870182148153,566.1335484471949,567.744140625,10078649
2021-08-10,570.5391274962947,594.9826762300163,566.9389034750683,589.4876098632812,34514358
2021-08-11,589.4875954777394,596.1669676033675,581.4345157058507,588.2086181640625,18731287
2021-08-12,590.2454777621377,595.8826387467972,584.5609516174618,590.3875732421875,8430316
2021-08-13,590.387659903126,605.2148423452427,585.6031889202503,603.556884765625,21079044
2021-08-16,605.1673323757902,610.1413217482815,598.7722115985707,600.7144775390625,10506327
2021-08-17,600.7145499965994,604.4568690382999,590.2454943649722,593.4193725585938,11311229
2021-08-18,592.9930180650966,600.6671755876376,588.2085477235955,590.1981201171875,7136872
2021-08-20,586.9295138372331,599.7197567851422,575.0866919290291,581.4344482421875,12770173
2021-08-23,585.8873104723612,597.3511523174774,575.655139558141,589.9138793945312,12790616
2021-08-24,594.9351972617574,594.9351972617574,584.6082966717127,587.4979248046875,5885050
2021-08-25,589.6297227494076,589.6297227494076,578.8764166105404,580.2501831054688,8127668
2021-08-26,577.9289926365319,579.3501242885195,553.5801760734447,556.0435180664062,26316897
2021-08-27,557.8435998682812,573.5708364319478,554.290741473897,563.8597412109375,16444274
2021-08-30,564.6650795447702,592.1404113135698,559.0752828563384,587.8296508789062,40506274
2021-08-31,593.1351487322477,632.974376511243,592.14036247644,629.1372680664062,60781970
2021-09-01,632.8796293330511,637.9009845537123,619.6156754810343,631.3637084960938,30796359
2021-09-02,634.7270433070394,638.327207657755,629.1371888713787,631.4584350585938,18951106
2021-09-03,632.8795886697243,634.3954504973922,619.6156356699336,623.8316650390625,7920313
2021-09-06,629.4688934893857,630.7479296587297,619.0472613015864,620.1841430664062,10223448
2021-09-07,623.3579799316025,644.722377514275,613.9310757319981,635.2955322265625,28185127
2021-09-08,642.3537910955341,647.848856431375,630.0372592484539,632.7374267578125,20876941
2021-09-09,632.7374899996408,652.0175857606828,631.9795884750104,650.0753784179688,19784500
2021-09-13,655.6176944690342,660.3547990866771,649.7910145510143,656.849365234375,19704664
2021-09-14,658.4600499358877,662.9129642504721,652.8702539177755,657.7021484375,11694600
2021-09-15,660.3548885453959,696.309641179077,659.5496218896257,687.3565063476562,56796797
2021-09-16,696.3569880905222,698.2518299843115,677.7874314899932,680.8192138671875,45001991
2021-09-17,683.0930838924049,696.1201522829764,683.0930838924049,689.8671264648438,26649321
2021-09-20,686.8827533420691,695.1253513307726,682.4298393265013,686.8353881835938,14330899
2021-09-21,684.8931845993769,701.8046670909863,684.0404939186104,688.4459838867188,14216876
2021-09-22,688.7775972774217,693.5621263277425,686.0300646067468,688.540771484375,16348622
2021-09-23,694.841101539565,701.1888575423541,685.1773720599407,688.588134765625,26497345
2021-09-24,690.719811802401,713.4106686129757,689.7250256372063,700.5256958007812,72175065
2021-09-27,705.5702408605861,706.4389555563596,693.1672854991324,697.4141845703125,11282248
2021-09-28,699.199866731194,701.5163410798086,662.1356880344796,671.9326171875,21944239
2021-09-29,672.7531193353859,677.5791818844202,665.1762246981606,669.9539794921875,16729859
2021-09-30,671.594806214826,685.1077804200011,662.9078942257848,664.355712890625,13911568
2021-10-01,663.4387198154268,663.4387198154268,644.4240826580547,652.3870849609375,14952128
2021-10-04,651.518356945118,662.3287473908813,646.4027431100006,657.6957397460938,8917898
2021-10-05,660.5914831294156,678.9787701557833,656.7306329858466,674.9248657226562,25598885
2021-10-06,681.1987375548402,683.3222168860977,664.2592695723066,667.3479614257812,10406502
2021-10-07,671.5466086487477,677.7722411652765,667.2514011660637,668.40966796875,8121590
2021-10-08,670.9674360348135,675.2143353274953,664.9348584214382,671.3052368164062,6297352
2021-10-11,668.9886834422767,671.836071773018,661.1704866538987,666.8169555664062,8792050
2021-10-12,666.9617719911095,674.104367354323,660.398339418148,662.4735107421875,8579567
2021-10-13,665.0313706890771,672.5600159333675,659.3365937323529,665.9000854492188,7062149
2021-10-14,668.8922294270446,669.8574418793204,658.1300870194137,661.9426879882812,9820591
2021-10-18,675.6487294804479,677.530905580665,656.0066792667382,656.923583984375,8574445
2021-10-19,674.6835157219077,674.6835157219077,651.9527738630119,657.4061889648438,7328862
2021-10-20,659.6261892741903,689.0651679896392,657.6957644403905,683.8047485351562,21217306
2021-10-21,686.2178098157673,687.5690719118365,665.2244388231148,671.8361206054688,8908979
2021-10-22,674.2008151554907,680.7642472429164,660.4465393989184,670.3399658203125,6587256
2021-10-25,668.8922769637892,679.5096146933732,651.5184515881064,667.058349609375,9540441
2021-10-26,670.8226293141803,685.156010131173,665.031354816504,671.9808959960938,10953878
2021-10-27,675.0696015944287,689.7890912497796,669.8574308730231,677.9169311523438,11878571
2021-10-28,678.3030723358851,681.4882617469725,660.5914468400048,665.7553100585938,8884507
2021-10-29,668.1200411284135,676.6138985431535,653.4970495708917,661.50830078125,8602343
2021-11-01,665.9482792277242,697.6554816729406,665.6104195547626,687.7138061523438,17121001
2021-11-02,687.713894472059,697.9451232320783,684.8665058634448,689.1134643554688,7725455
2021-11-03,700.5029024003204,707.0180861291557,671.7878333732318,674.7799682617188,23261507
2021-11-04,679.5095889881466,680.2817471932542,674.8765808456063,676.71044921875,1064714
2021-11-08,682.839564797567,690.0304093878659,679.509570037024,684.3356323242188,7565546
2021-11-09,686.9416467954013,691.5264054947295,680.6195176344946,688.3894653320312,5278131
2021-11-10,692.5400230696206,712.3268808716098,682.7430918614366,709.8656005859375,15180490
2021-11-11,709.4311059996237,712.9058470356825,699.055072816636,703.2537231445312,7421118
2021-11-12,707.5007667361929,719.0833168055439,700.0203698164037,717.635498046875,9207508
2021-11-15,714.2571771858353,720.0484515954502,710.5893818421238,711.8923950195312,5454742
2021-11-16,715.5603012637958,716.2359618320123,701.7577735640845,704.8947143554688,4639931
2021-11-17,699.3446767772654,706.8733221900633,691.3334251340074,695.001220703125,8002927
2021-11-18,695.5320281512948,698.2829188236999,683.3703755411653,689.4994506835938,4469597
2021-11-22,714.2572569824434,729.6524082903227,707.5972671025784,716.2841796875,36884348
2021-11-23,719.083279166544,734.5266784506578,710.1068151150315,732.499755859375,18240414
2021-11-24,737.4223158164291,754.6030857376269,729.9419192881865,732.499755859375,21653712
2021-11-25,732.6445171895966,741.7657868585246,726.6119392223022,738.5323486328125,8483653
2021-11-26,736.4570598363473,736.4570598363473,707.5971855650295,713.0506591796875,11142921
2021-11-29,725.839721104783,728.7353582900415,701.8059089023822,713.6297607421875,15885643
2021-11-30,714.2572627016821,724.1024421591387,697.5108490936378,702.916015625,14272616
2021-12-01,707.5006667599624,711.747624750016,693.2637843115184,697.1246337890625,10488561
2021-12-02,698.717293144019,710.1067878971227,689.3064720659726,707.0663452148438,11507427
2021-12-03,704.6051003590144,709.0933618918122,691.3816777890761,693.3603515625,11024093
2021-12-06,693.0225728594079,696.786925162539,669.7126674916487,673.3322143554688,8804487
2021-12-07,677.9168785190781,681.1503752771606,669.9538765368874,674.5386352539062,10238693
2021-12-08,680.4746779428008,693.987650270743,677.8685929257495,690.2716064453125,8296393
2021-12-09,691.8642963685991,698.7655891901643,686.2660757468547,689.1134643554688,9069515
2021-12-10,686.2660534180847,693.8912553541538,682.4052036098253,685.9765014648438,4251339
2021-12-13,690.1269211838269,693.4086671709972,674.0561098740192,678.640869140625,9896899
2021-12-14,676.6139758333956,681.729590401825,664.4523216584955,667.5409545898438,9275631
2021-12-15,667.6856848007282,670.7261274578186,660.3017862974457,661.6048583984375,7674319
2021-12-16,665.9000449816989,665.9000449816989,654.0278855700772,657.6957397460938,9633006
2021-12-17,657.3096991055172,661.8462095454526,638.1019471821694,642.8797607421875,13850460
2021-12-20,636.2197889598024,638.1502137960158,622.6585073558904,635.35107421875,11812939
2021-12-21,640.8528057604503,647.5610439426292,636.2680467102269,643.7966918945312,8084499
2021-12-22,643.7966789031124,662.1357147339357,643.7966789031124,660.92919921875,8522226
2021-12-23,665.0314288566126,665.0314288566126,652.0010597861274,655.1380004882812,5602466
2021-12-24,658.371381349085,659.095290678634,649.250170926281,653.4970703125,3756020
2021-12-27,651.4700904339552,654.7517770920314,645.3892643831524,652.2422485351562,3658572
2021-12-28,656.1996459272411,659.7226948558954,651.566638052987,656.3927001953125,3892590
2021-12-29,656.2962100228777,659.7227024007373,651.5183966649563,653.3040161132812,3847574
2021-12-30,653.9313607152259,661.942611359323,650.7461717738241,655.7169799804688,5701612
2021-12-31,656.8270787322289,669.9539446175205,656.3444725024477,660.0122680664062,4598628
2022-01-03,663.8730992598466,668.5061071532501,659.3365890449321,667.2513427734375,2939833
2022-01-04,668.1683224131643,678.7856594251467,666.3827029349973,673.1874389648438,6473875
2022-01-05,676.5173352538582,678.3029544721331,667.6856190054757,675.6486206054688,4586105
2022-01-06,677.5791425076342,695.4355729013538,675.6487176002049,685.6869506835938,21642414
2022-01-07,689.0652082357269,690.2717238273206,677.0483011610753,680.1852416992188,4315015
2022-01-10,680.8608099732267,686.6037762816685,679.1716883738294,680.4264526367188,3565324
2022-01-11,678.54434135263,684.8664710152868,670.4365333392785,678.9786987304688,10642484
2022-01-12,683.3222384755725,707.2112491552201,679.7026914028986,704.7982177734375,12366953
2022-01-13,703.6398851491487,710.0585715894093,700.8890531958333,706.3424682617188,5829874
2022-01-14,704.5568148944427,705.4737784720896,693.4568721096099,695.5320434570312,5344096
2022-01-17,694.9529201628967,709.1898029023449,694.5185628054171,703.2537231445312,4340924
2022-01-18,701.7094110429763,705.2807086862331,687.7620801552737,689.4994506835938,4312058
2022-01-19,689.1617084674069,690.1269209442521,677.289606784591,679.2200317382812,5879490
2022-01-20,681.4399800223767,694.6151533425236,680.7160706951576,690.5130004882812,4812496
2022-01-21,684.9147401218661,689.1616985234627,665.3691877477763,671.06396484375,6704622
2022-01-24,666.2861350778102,682.4051945967743,653.7866222062829,665.9000854492188,11091633
2022-01-25,660.2053425591296,695.3873495699885,658.4197230190127,687.0864868164062,14128764
2022-01-27,681.9226360300818,691.0921548443575,677.0965734962525,682.6465454101562,8937312
2022-01-28,690.0303920088811,727.7701745794794,677.2413272699181,690.8990478515625,21450677
2022-01-31,702.6747398557401,709.4312277389683,694.518681985749,703.9295043945312,10745370
2022-02-01,707.5007262512629,709.4311511523578,693.3120914458373,697.8968505859375,4814511
2022-02-02,700.840731791298,706.294205662847,695.4355656714469,699.8272705078125,3286577
2022-02-03,700.7441824824667,703.6398196001629,693.5050896882263,696.5455322265625,3651578
2022-02-04,696.0147130353258,698.0899434835819,691.5747590819032,695.1460571289062,3284198
2022-02-07,693.0225507840145,695.0494733984303,675.166120157964,681.922607421875,6833983
2022-02-08,686.459112615484,689.8373562219462,676.6139337514157,684.2391357421875,7167684
2022-02-09,682.501708854597,700.8407456470843,677.7239542934375,694.3255615234375,10185173
2022-02-10,697.8003504198122,701.661200208248,683.9495164566629,698.862060546875,6074014
2022-02-11,696.5937352877944,700.1650326139844,686.1694541314729,690.2716064453125,5646980
2022-02-14,679.5095573513203,679.5095573513203,661.17052100235,665.70703125,7441445
2022-02-15,671.7878338845269,688.2929424453821,662.7148137127098,686.796875,4650249
2022-02-16,692.4434083489739,702.8676906224497,683.3703881059746,696.6903076171875,5433910
2022-02-17,699.2482797331859,702.1921663803037,690.1270088823603,692.0574340820312,5107708
2022-02-18,687.2795397524768,694.5186334067307,686.6038792290342,687.7621459960938,4099366
2022-02-21,683.4186363295555,691.6229418290986,678.5443254327934,685.2525634765625,4307430
2022-02-22,670.05055419878,678.0618064643061,663.5836184259223,674.9248657226562,9148804
2022-02-23,675.745230146178,684.2873958966022,675.166126225967,679.8956909179688,4124469
2022-02-24,658.274869437172,664.5969989961626,622.9963673222941,647.56103515625,14139461
2022-02-25,653.9314607082151,670.9674846884714,653.9314607082151,664.693603515625,6452099
2022-02-28,657.3096181448584,665.9965293978742,643.2657900681937,662.6182861328125,8301523
2022-03-02,660.2053779372915,660.2053779372915,642.8315522020996,650.7945556640625,10220908
2022-03-03,651.5183477377394,656.1513553170525,645.3409650240636,648.6709594726562,6517030
2022-03-04,641.866300891457,644.7136894973393,627.3881136533038,630.9594116210938,7094874
2022-03-07,617.7359952155091,655.7170832315795,616.7707827229848,651.904541015625,12615451
2022-03-08,651.518412599801,662.9561567229067,644.3758168080235,659.2401123046875,8462985
2022-03-09,658.2748788652951,673.718277782956,650.8427313537925,667.4443969726562,9896395
2022-03-10,675.6005301547708,682.887873060171,666.5757575452819,673.47705078125,5989327
2022-03-11,672.4634736515881,677.9651959731568,667.4443575176676,670.6777954101562,3353880
2022-03-14,664.2109980802284,680.3299995221115,664.2109980802284,676.0348510742188,4016137
2022-03-15,674.683521548944,684.8182525593359,671.3052778788134,678.640869140625,6006439
2022-03-16,685.3008373131913,690.6095057712513,680.4747750785914,687.2312622070312,3843706
2022-03-17,694.952935639785,702.626386086519,690.126873586731,697.7520751953125,8168953
2022-03-21,696.8834589644588,699.1516848852484,682.2122164670378,683.5635375976562,6317305
2022-03-22,683.8529708273592,695.9181255702555,681.2951344571098,694.22900390625,3000133
2022-03-23,694.2289773522734,694.8080811930266,678.5442767864417,680.4264526367188,7974713
2022-03-24,673.7182708338266,684.1908020520889,673.5734654057105,681.7777709960938,3597143
2022-03-25,687.5207892766488,689.596019527179,681.2951574369483,684.6734008789062,2930336
2022-03-28,690.3681809624762,711.3615510232017,685.3973134523069,707.5489501953125,7960258
2022-03-29,714.6433646127457,736.4571437325963,711.3616185202142,728.6871948242188,15833573
2022-03-30,736.2156990158153,743.1169906867156,718.6970717969976,723.4266357421875,9938988
2022-03-31,726.8050186509108,732.5962936999221,713.9677040746485,728.6871948242188,7371181
2022-04-01,733.3684118706475,739.9801525376349,723.1854322479993,732.1136474609375,5920139
2022-04-04,731.4862124826328,748.0396291307339,729.8936473290375,741.090087890625,5783224
2022-04-05,741.0901515571309,746.8814266027639,734.5267182877926,739.931884765625,3990794
2022-04-06,737.4222446048827,753.5413028334664,736.4570322428344,748.6669921875,7490027
2022-04-07,748.0397059937259,750.7905381219762,733.127160717665,735.8780517578125,5818505
2022-04-08,741.6210182079245,741.6210182079245,731.2449835895131,735.5884399414062,5583587
2022-04-11,730.6657989993631,738.5805525938877,729.7005865832477,731.6792602539062,4927865
2022-04-12,733.513229973118,733.513229973118,714.3537270543173,715.849853515625,3904026
2022-04-13,716.1876568318745,730.1832377268371,712.278558088419,714.8846435546875,6343030
2022-04-18,711.0237902906495,714.4020339389772,698.2347250505516,704.1224975585938,8950327
2022-04-19,713.2920314153474,713.2920314153474,691.9125511579642,698.3312377929688,9957060
2022-04-20,704.6532972502642,718.6006281416369,698.7655252049944,713.6297607421875,6632292
2022-04-21,718.0214722768064,718.0214722768064,704.6049973918514,710.1549682617188,6111830
2022-04-22,705.5702630935385,715.1258894006007,703.6398382971129,713.0506591796875,5182247
2022-04-25,704.5567995755114,717.1528095490077,703.7846414418203,713.6297607421875,3571031
2022-04-26,719.0832842999547,732.4997610885636,713.3885072085266,729.9901733398438,4987848
2022-04-27,723.909356506956,735.0575488147842,720.4346151604803,726.3223876953125,4571399
2022-04-28,724.8746118079,728.0598013823328,718.6972280359897,721.3515625,6101866
2022-04-29,725.8398159992388,734.5267286907191,709.9620582418761,713.2920532226562,7219115
2022-05-02,708.4659536032354,717.1046169997137,704.9429045198787,715.5602416992188,3938533
2022-05-04,711.3616101384596,713.6298359411713,692.0573602025448,697.26953125,6785271
2022-05-05,700.7441886288946,707.5971729694631,689.402943151774,693.939453125,4836692
2022-05-06,686.5073266678904,698.7172872201317,683.1290832326179,685.5421142578125,5912312
2022-05-09,681.5364864390037,695.4355692645654,679.9439212458387,686.7486572265625,4819274
2022-05-10,686.2660619607954,703.1572800821932,685.4456549310848,694.6151733398438,6746893
2022-05-11,694.6152244391194,709.4312132879244,691.9608899676339,697.703857421875,6919703
2022-05-12,690.3681582698481,697.65549999315,676.8551848818329,680.86083984375,6754953
2022-05-13,688.1964692326734,688.1964692326734,660.9292178219819,665.9000854492188,11938252
2022-05-16,661.990919428391,673.7182739800495,656.0066495110898,669.0852661132812,5412233
2022-05-17,670.8226922853478,685.3008798886286,666.8170368170149,682.4534912109375,4847812
2022-05-18,695.9181210974632,701.8542007575712,665.2243794111871,671.9326171875,18992703
2022-05-19,661.1705904781354,668.8922908048874,644.6171718379017,650.7945556640625,7322668
2022-05-20,664.5487694305,667.4444067700665,659.2401009746283,663.9696655273438,5577407
2022-05-23,658.081867970572,669.760974518957,655.958388697057,661.990966796875,3788601
2022-05-24,665.2727028368208,665.2727028368208,652.3388320206833,654.6071166992188,4053608
2022-05-25,657.5509176159325,665.9000280612418,655.9100448281281,664.2591552734375,4188088
2022-05-26,665.9966042403704,671.305272824895,652.3871319793465,669.5196533203125,5780597
2022-05-27,672.8013329262284,675.6487214633454,652.4836224417451,660.5914306640625,7131633
2022-05-30,663.5353696703474,679.268322225118,659.2401621026723,674.7318115234375,4675033
2022-05-31,673.2357113711842,682.0191214601576,668.506146608263,675.841796875,44593174
2022-06-01,677.1448555930145,681.6331175346477,667.2031780674811,670.4849243164062,3749781
2022-06-02,664.9348879556841,672.7048364844492,659.2883597116298,671.7396240234375,3466993
2022-06-03,672.8012647636924,676.4208111191157,661.4117706810048,662.6182861328125,6673615
2022-06-06,658.4678632135417,665.8034533557311,652.966141150957,659.1917724609375,6407024
2022-06-07,654.5589097065367,663.3423202845042,649.8775935250873,661.4601440429688,8349903
2022-06-08,658.7574935539494,663.8731077288397,637.4745709292002,640.2254028320312,13904149
2022-06-09,637.0402112817266,655.7653562084009,632.3106467544236,652.8214111328125,6774925
2022-06-10,644.7619787446998,652.9180365156914,644.7619787446998,649.9258422851562,3221484
2022-06-13,637.1368117209613,649.9258786313321,635.1098888320028,647.9472045898438,5982102
2022-06-14,645.8236074798876,665.4174667603588,645.8236074798876,658.3231201171875,8878530
2022-06-15,658.2266524031423,661.1705386395236,650.0705952901009,658.3713989257812,6005970
2022-06-16,659.3366219442369,660.1088390582455,627.3881124005951,631.4420166015625,9525587
2022-06-17,633.179321500362,638.7292926872934,615.8054986543154,621.2589721679688,11085830
2022-06-20,622.5137738858427,624.9268049816776,612.1377401737531,618.6046752929688,3883001
2022-06-21,619.7627893640285,635.2544937860237,618.2184732609948,631.5383911132812,3515991
2022-06-22,626.0367265601443,627.725848226377,619.1354933852406,620.4867553710938,4348884
2022-06-23,625.6024780340755,641.4801758340067,625.2163694862313,637.2332763671875,4336533
2022-06-24,639.0671778051498,652.194103257454,639.0671778051498,647.8506469726562,5621332
2022-06-27,651.5184407911698,663.1009908496795,647.850645055021,660.1571044921875,5284297
2022-06-28,659.2400871974296,661.0740143722521,652.7731521585026,657.4544677734375,3216376
2022-06-29,653.4488252861966,665.1278723063184,651.518400396134,663.8731079101562,5011798
2022-06-30,665.8035715190011,667.5409422387131,655.3792882888333,661.122314453125,6505666
2022-07-01,661.0257875629522,661.9427512626442,642.8315546631466,650.0223999023438,4488771
2022-07-04,647.174900042516,661.6530857257939,642.8796931740993,658.1783447265625,4229588
2022-07-05,659.5296915294279,665.3209665475324,656.3927508946213,660.6397094726562,3494504
2022-07-06,660.6878742905361,670.77435544667,660.3983223588347,669.8091430664062,4697006
2022-07-07,667.9269529672924,672.2704085862994,661.6048237931153,662.9078369140625,3485283
2022-07-08,664.0661755757885,672.3669792057284,662.7631623134713,670.9674682617188,2732170
2022-07-11,651.51843838332,657.3097133911717,636.0267895196957,637.5711059570312,18687521
2022-07-12,640.1771551624142,643.7002041570134,637.040214711185,639.9358520507812,7416645
2022-07-13,646.6923260929609,646.6923260929609,618.7011657098327,621.1141967773438,12030163
2022-07-14,627.388052120112,629.5115311558193,606.8772888777237,619.3285522460938,11379990
2022-07-15,626.3746562535237,634.6272112485979,620.8729332861758,629.12548828125,5567877
2022-07-18,634.144607066786,646.6923694592795,626.5677125714615,639.984130859375,8982417
2022-07-19,651.5184388025754,653.4488638064348,640.0323864648531,649.4915161132812,7836419
2022-07-20,656.3444761661204,656.3444761661204,644.954980862087,647.3197631835938,4458819
2022-07-21,648.1401494463872,656.2962062962591,647.8505974985587,654.7518310546875,3550107
2022-07-22,656.0549019496624,658.1783810828838,651.7114460047561,655.2344360351562,2415220
2022-07-25,656.3444873038062,662.6666172741332,653.0144924608419,654.8001708984375,2913348
2022-07-26,658.8539392595605,661.5082732732828,646.9335900717808,660.3017578125,5016687
2022-07-27,660.157097327095,660.157097327095,646.4028192818984,651.4219360351562,6237523
2022-07-28,655.1862173825144,655.7653802156542,641.0941387878623,643.6519165039062,7374170
2022-07-29,649.3949160742393,656.9718690546599,647.6575454693675,654.3657836914062,7669970
2022-08-01,657.274324652026,676.5189283288264,656.4017486091443,673.2711181640625,8812526
2022-08-02,678.6518162002842,678.9426551439072,660.376715962102,665.8543701171875,6236599
2022-08-03,667.0177801924349,675.5978544222158,666.0482776049458,672.0107421875,5237250
2022-08-04,676.9067553537304,677.1975943110979,659.9404591469385,673.1256713867188,6352142
2022-08-05,676.7127776637618,688.3468082253165,675.1130747920523,682.1904907226562,5811092
2022-08-08,686.3593855300555,688.2014049873479,677.6823253238499,682.869140625,5918607
2022-08-10,692.1279626754729,696.1028998547273,684.4688681022807,693.436767578125,12201239
2022-08-11,696.8784777609409,697.4602148424794,684.178016992899,688.1529541015625,7142902
2022-08-12,688.2014201640981,690.770625810294,685.099059078402,688.0560302734375,4540159
2022-08-16,693.194372230728,694.1638748492326,679.1365842624125,682.6267700195312,6679663
2022-08-17,685.4382785106021,702.5500215799728,680.8816048526583,700.90185546875,8812954
2022-08-18,702.8893615441395,713.5538897882575,698.9144246862827,710.8392944335938,10354897
2022-08-19,707.9308649275516,715.1051492163555,703.8589418589077,709.966796875,13743828
2022-08-22,709.5304200316103,712.0026988817559,702.3076733478199,705.4100341796875,8118490
2022-08-23,702.889393304238,719.9526155963331,700.5141000714267,715.1051025390625,8229797
2022-08-24,700.8049170303566,731.1988584499926,696.1028531818422,716.2200317382812,14922081
2022-08-25,722.0855262762291,731.0534253464849,712.8267882600649,718.4014282226562,9849958
2022-08-26,718.8861388850705,718.8861388850705,705.7978544953895,708.5609130859375,5928897
2022-08-29,695.8120131797917,702.7924435873202,693.2912709687097,698.62353515625,5878942
2022-08-30,699.9808635542488,707.8338107916627,690.0919253922798,704.4405517578125,8894800
2022-09-01,704.3436381487461,723.2489388285817,704.3436381487461,712.6328735351562,11869518
2022-09-02,702.8893856126434,718.3045006355765,697.7025703676197,712.5844116210938,5693707
2022-09-05,712.5844253685315,719.3224804091459,710.8877957843207,717.8197631835938,3660135
2022-09-06,717.8198277797213,741.6695706973522,717.8198277797213,738.033935546875,10166270
2022-09-07,732.4592151661549,738.6640554829893,665.2726967414533,730.1323852539062,126794211
2022-09-08,735.8524432655696,752.3339867906219,733.9619014382421,746.3230590820312,10648073
2022-09-09,749.4255002053236,751.1705930282332,739.6335477401842,742.3966064453125,4627905
2022-09-12,743.6084779150585,747.8743129311342,741.1847214681385,745.6929321289062,2654087
2022-09-13,750.3949960277535,764.8406081220737,746.5169857123645,760.3323974609375,8335652
2022-09-14,752.334018418928,764.355874341511,752.0916427686642,759.4598388671875,6645392
2022-09-15,763.968014187584,766.5372196306804,758.1509988511303,761.1564331054688,5485310
2022-09-16,763.9680032215978,763.9680032215978,752.7702606944047,755.8726806640625,20211162
2022-09-19,749.9103349303713,762.0291186234929,748.6499932610362,758.8782348632812,5760313
2022-09-20,762.7076544392656,772.6450554011269,761.0594882986483,767.991455078125,7936714
2022-09-21,767.9915127974243,772.693576765711,755.2425298625958,756.4059448242188,9966193
2022-09-22,767.07045451829,770.5606401431068,752.6733056750024,760.1869506835938,7721133
2022-09-23,763.9679852455308,763.9679852455308,745.256598456879,747.8257446289062,9271829
2022-09-26,746.4684998410021,747.6319147351792,730.2293321364696,732.0228881835938,13144297
2022-09-27,735.7070568983551,741.669521821714,734.1074130418103,737.4036865234375,5965026
2022-09-28,732.4592307686759,747.4865214065508,731.9744794577766,738.227783203125,5546932
2022-09-29,740.6514755489834,745.5474515298739,736.1432650789496,741.3301391601562,5413233
2022-09-30,742.5905029712595,784.3275766426499,738.2277414200952,775.505126953125,7469164
2022-10-03,778.8984370213025,790.6778584777533,773.7115624438268,778.8499145507812,12619046
2022-10-04,788.205592396108,791.8412270473816,782.8733282409067,784.0367431640625,5772140
2022-10-06,785.8302752951926,790.968626944238,762.6591999951606,764.5496826171875,6503205
2022-10-07,767.8460464131937,772.4996469809495,760.7686893858001,768.9124755859375,6025982
2022-10-10,761.0111404771584,770.5607182053634,755.9212514073163,768.1854248046875,3519416
2022-10-11,773.1783252447213,773.1783252447213,752.334019297685,756.5028686523438,3699862
2022-10-12,756.5029036869427,757.5208696316345,745.7414479737794,751.8977661132812,5984299
2022-10-13,751.3645651437752,755.2425758025818,744.2387442277167,745.4506225585938,2842056
2022-10-14,756.163551296034,756.163551296034,739.7789339770782,742.5905151367188,3608210
2022-10-17,737.7915247825046,747.4865513893706,736.6765730532163,742.6390380859375,4566333
2022-10-18,746.3714991854675,761.6411640357185,745.2081434882487,759.2659301757812,4391263
2022-10-19,763.9195254295997,764.5981890309777,755.7272172690998,759.50830078125,5219180
2022-10-20,758.15108621637,769.7851182299205,754.5639145107759,768.7186889648438,4756732
2022-10-21,765.9070763965433,778.3651615013437,765.6647007394557,773.1298828125,4807736
2022-10-24,775.6020078520083,782.8732766756209,775.6020078520083,777.637939453125,522406
2022-10-25,781.5645296221171,781.7583827993933,774.3417235563361,777.8319091796875,3184277
2022-10-27,781.9038382158224,797.1250407015173,779.6739940953365,792.1805419921875,8159181
2022-10-28,794.0226256363355,799.2579633210171,786.557443816972,791.9381713867188,3905093
2022-10-31,797.9006363061758,808.3712525055789,794.9921285189115,806.6261596679688,5487233
2022-11-01,802.748198913179,815.7880214669889,796.0101436213687,810.0679321289062,10488759
2022-11-02,804.6871738065153,804.6871738065153,782.6309892232644,785.1516723632812,11729925
2022-11-03,785.0546921842049,799.257928253205,779.67396485054,793.6832885742188,5897840
2022-11-04,790.8232894644076,796.7372317058346,784.5215225101441,791.501953125,3768226
2022-11-07,792.0836255817054,798.9186070888798,784.3276047681758,797.6098022460938,7171570
2022-11-09,799.0640066809825,800.3243481504086,789.6113568996785,794.071044921875,3969171
2022-11-10,794.7982201525074,805.3658221687489,792.6168393011152,800.5667724609375,4425290
2022-11-11,805.4143242177956,811.3767891679913,798.6762689845347,801.6817626953125,4325441
2022-11-14,793.053144621161,805.4627663452762,792.0836419993747,796.834228515625,10406576
2022-11-15,797.5613296055412,813.1702976403783,797.5613296055412,809.7770385742188,6229710
2022-11-16,811.9584218320109,818.3086519829337,802.7966104912177,815.5455932617188,3445345
2022-11-17,816.1272329050049,823.495487772544,812.8309597467216,820.3446044921875,4545534
2022-11-18,824.0286961389444,825.8707154616649,805.753537746138,811.7644653320312,7405949
2022-11-21,811.4737122546646,826.7918421805173,809.5347069685124,825.2406616210938,5527122
2022-11-22,827.373528534955,834.3054365036278,819.3266097518753,821.7503662109375,7601660
2022-11-23,825.8707798839393,825.8707798839393,815.9333780685696,817.5330810546875,4596816
2022-11-24,820.1991706672089,825.0466834962114,812.2007744993549,822.4774780273438,3455310
2022-11-25,826.0162778679894,833.7722992564212,815.9334263935291,821.0233154296875,2991065
2022-11-28,814.6245700060977,826.5494403029468,810.5526471995839,811.8615112304688,3668846
2022-11-29,813.4127216590873,819.0358251826489,809.5347110671488,810.3587646484375,2680296
2022-11-30,809.3407229026876,826.0161787210052,807.2078054421341,822.8652954101562,6874390
2022-12-01,826.9856835657191,827.1795959124404,815.9333307137504,822.7198486328125,4506664
2022-12-02,825.4345648561625,825.9677794692086,813.5096351392058,822.7684326171875,3505272
2022-12-05,825.0467082736371,825.6283861610899,815.2062332657413,818.3571166992188,3311316
2022-12-06,819.132738455612,819.2296650423339,804.3962876757237,807.9349365234375,5567349
2022-12-07,812.0068467201562,815.9333202022818,806.6261194169665,808.5651245117188,3771882
2022-12-08,807.5957104731375,814.5761414140171,801.1000308590726,807.2078857421875,4822179
2022-12-09,804.9779966778608,811.0858512210834,798.8216788394028,809.437744140625,4615843
2022-12-12,807.2079112984427,811.4252834794996,800.2275393103101,803.1360473632812,3149823
2022-12-13,796.9311333632568,814.3821800792405,796.9311333632568,812.4916381835938,3832999
2022-12-14,815.01237655707,816.3211813850431,802.8935941730876,803.9115600585938,7491333
2022-12-15,803.7176430199222,805.6566481900547,799.2094323298675,801.1484375,2996482
2022-12-16,799.839645010184,807.3048268650276,794.8952054196182,797.6582641601562,4309644
2022-12-19,797.6098114485801,819.2781711768815,796.9311477848175,814.77001953125,6397169
2022-12-20,814.1398674941835,814.1398674941835,796.9311950940385,803.6692504882812,2828863
2022-12-21,807.5956591107042,807.6441224055543,787.5754069170345,789.1751098632812,5079337
2022-12-22,794.0226919090819,799.5488689988763,784.8124164840071,791.6958618164062,3626834
2022-12-23,789.1751577977439,793.0047051033788,780.4496339400292,783.9883422851562,2804496
2022-12-26,780.4980493093831,790.3385242808026,776.7170247074708,786.2666015625,6023206
2022-12-27,790.1446569929788,794.4589556051742,780.4496305268073,789.9507446289062,1782053
2022-12-28,788.2056297832735,789.0782058104647,777.0078863609536,779.2861938476562,2907741
2022-12-29,782.4371011878591,799.5973099131356,736.918939973999,795.7192993164062,6110313
2022-12-30,799.5488368038452,799.6457633980757,780.4011597174627,781.5160522460938,3113243
2023-01-02,781.6614747706849,791.3080375188825,781.0312744083493,788.6903686523438,1626846
2023-01-03,785.6364500145393,793.8287592548911,783.842893778669,792.6653442382812,1717603
2023-01-04,793.9741423450264,795.4283962015077,781.6129845649347,787.0421752929688,2970216
2023-01-05,799.8396550965302,799.8396550965302,779.2377245864681,782.4855346679688,5297349
2023-01-06,782.9218650361776,787.4785393949729,767.8461104349875,771.72412109375,3199618
2023-01-09,778.2197560219211,796.4463932350345,776.6200530476913,794.4104614257812,4340729
2023-01-10,800.9060661050337,800.9060661050337,766.1978852101753,768.6701049804688,8392344
2023-01-11,751.3645708751279,755.8727819698776,728.7267071511633,742.2027587890625,28389020
2023-01-12,741.6695372569259,745.8383868734246,730.5687199298997,733.8165893554688,12732671
2023-01-13,733.9134873961962,742.5905477279014,729.0659742694048,740.9908447265625,12279288
2023-01-16,743.026757059033,744.6748640086155,731.6351024174268,735.9978637695312,5779293
2023-01-17,735.9979144054889,745.4505646520488,735.6100897002358,742.34814453125,6594428
2023-01-18,744.7719253189559,756.2120444124987,742.6390077179154,752.8672485351562,5800899
2023-01-19,752.3340039821486,752.8187552733742,742.2996759232751,748.4559936523438,4169463
2023-01-20,752.1885858946541,752.1885858946541,735.173826706846,741.1362915039062,6289718
2023-01-23,744.481103735031,752.3340514791685,740.5545706892169,749.1347045898438,2685320
2023-01-24,749.4254236421223,753.8366481302362,737.7913937796313,751.99462890625,5012125
2023-01-25,751.3160084771462,756.6967357628129,744.5779539600773,752.8187255859375,6560514
2023-01-27,751.3160487452175,755.1455958348809,742.4450763206643,750.8797607421875,6745926
2023-01-30,748.0682056778247,751.3160749927421,739.7305067288842,746.7109375,5420851
2023-01-31,751.3645355072404,755.2425460130842,744.9658418420958,746.807861328125,8537557
2023-02-01,752.2855373442065,760.7202216087921,733.5256269529096,745.6444091796875,4472974
2023-02-02,741.7664682533782,757.1815843572957,741.7180049546861,754.0307006835938,2841909
2023-02-03,756.1151542834974,770.7061575990759,754.6609002818036,768.7186889648438,5493687
2023-02-06,765.616158578034,770.4152079287741,755.0485573480703,765.1798706054688,2407975
2023-02-07,769.6880881708937,771.5785707799788,759.1204868429206,761.9320678710938,4126502
2023-02-08,754.2729456680787,757.1814531706548,741.6694131569154,751.4613647460938,9951783
2023-02-09,746.5169749619331,751.4614143733536,738.0822908126801,743.2691650390625,5913945
2023-02-10,745.499084783521,749.6194711025694,737.7915267754929,748.4075927734375,2954992
2023-02-13,747.486559083002,755.8242583812254,743.3177094338903,745.1597290039062,3705892
2023-02-14,745.5474828234302,753.885181328552,742.8328874385353,751.5584106445312,3502010
2023-02-15,751.3645366946861,763.1440172943005,748.6499411710541,761.4473876953125,3602838
2023-02-16,765.5677313728419,766.3917848914007,756.7936857374958,760.5263061523438,3399428
2023-02-17,761.9805917331718,763.4348456549831,746.8078521461091,753.109619140625,3093216
2023-02-20,757.4239323489373,769.5911785634418,753.4004727508019,755.3880004882812,3381774
2023-02-21,759.1690261632697,763.9680760391274,754.4184987581361,755.291015625,2769616
2023-02-22,753.3035042707613,757.8117149349284,743.1237271860213,748.6014404296875,3261898
2023-02-23,750.3950604523633,753.7883197696543,738.6155794385544,739.6820678710938,4062194
2023-02-24,752.0432219132331,752.1401485093113,731.9745051041064,734.0104370117188,4357223
2023-02-27,730.0354031457465,731.392730353627,715.9291532065624,729.9384765625,6719439
2023-02-28,731.9745010781986,734.0104329746132,717.0926590635243,719.6133422851562,10562614
2023-03-01,719.7587533767521,730.4717452640741,718.4014260682596,727.3208618164062,3744982
2023-03-02,728.0964099847284,728.8720001845849,713.3599594925,717.52880859375,4910541
2023-03-03,722.2793955252065,742.5420223711812,720.8736050011814,741.0877685546875,5759333
2023-03-06,743.3176278505138,752.2370632764253,741.7663882434584,743.2206420898438,4597345
2023-03-08,740.7000821313218,746.4201718801082,737.5007349725727,743.1723022460938,3546995
2023-03-09,770.7545875407789,770.7545875407789,746.7109342547587,749.8133544921875,5240056
2023-03-10,749.4255219639792,755.1940743623575,744.7719212431948,750.1526489257812,4113931
2023-03-13,753.7398073952842,754.0791096354228,739.8759320649216,741.9603271484375,3447889
2023-03-14,740.6999766155792,753.0611346022921,740.6999766155792,748.2620849609375,3753502
2023-03-15,734.882901396585,742.2026335005503,729.5506376001719,733.5740966796875,8101060
2023-03-16,727.1269129482979,735.8524359036775,720.8251463694127,723.200439453125,7465693
2023-03-17,727.1269895566812,736.2888014598446,716.6079094439262,734.1558837890625,9306857
2023-03-20,731.9259666310496,736.6280303590794,725.9635022409798,731.780517578125,3566109
2023-03-21,736.821961270515,742.6389767542296,732.119897424009,733.864990234375,5332221
2023-03-22,737.7914689194583,739.924386446221,730.1808972788135,733.6226196289062,2680654
2023-03-23,734.8829444725153,742.4450526468511,733.7679928529618,740.263671875,2454948
2023-03-24,740.2636336871277,743.6084291995,735.7069600306883,739.1972045898438,2336818
2023-03-27,739.7304939893492,746.2261733335719,736.1917857811085,738.5186157226562,2258853
2023-03-28,742.2511400269615,742.2511400269615,720.146493381721,725.6242065429688,4166723
2023-03-29,728.096462144166,731.877546003227,716.316981730259,720.922119140625,4891868
2023-03-31,729.2113663687785,730.0354198664626,719.4193551133378,726.1574096679688,5796532
2023-04-03,731.9744967659111,738.6640886839983,729.114452129229,737.355224609375,2120667
2023-04-05,744.577972900535,744.577972900535,732.9439420739641,740.166748046875,3197932
2023-04-06,739.3426459800661,745.2566472394413,735.9493869402373,742.5905151367188,1777379
2023-04-10,745.4990679247692,752.6248886694224,743.0753113213163,746.274658203125,1701065
2023-04-11,752.3340224606845,752.3340224606845,744.7234506710112,750.5404663085938,3485481
2023-04-12,750.3950162826383,750.9282308806487,741.7664194284957,747.5834350585938,3794841
2023-04-13,746.5170270224893,747.6319787193585,742.1058018793781,743.656982421875,4292170
2023-04-17,764.9375433569343,764.9375433569343,731.3442549506595,736.482666015625,9083437
2023-04-18,741.66947842115,741.66947842115,729.5991593885673,736.57958984375,4051481
2023-04-19,738.1307334465896,743.4629974042156,732.9439185391218,741.3301391601562,3429794
2023-04-20,740.6999666412795,750.152616739123,739.3426393679902,748.746826171875,2355441
2023-04-21,746.1291178812555,751.6068308045992,741.1362153930525,741.8633422851562,4524208
2023-04-24,741.8633806253393,743.9962981204891,732.6046428887988,737.0643310546875,5271105
2023-04-25,741.6209995670447,753.3034936505582,738.5185795216379,749.0376586914062,5773233
2023-04-26,756.1151201661215,756.1151201661215,743.7054392392857,749.86181640625,5057352
2023-04-27,748.4560661728186,765.1315240414704,747.8258657636665,762.5138549804688,4129769
2023-04-28,765.7616499705603,777.5895942208425,763.1925034337291,774.9234619140625,6572656
2023-05-02,775.8445030744277,782.1947336578447,764.5013101263129,766.1010131835938,6301210
2023-05-03,770.2697757864532,770.2697757864532,753.4973935103067,755.5333251953125,3908267
2023-05-04,755.5333711326754,768.5247297588819,750.0557168977118,765.0344848632812,2457671
2023-05-05,765.034399306393,766.8280144361645,756.4543258483542,763.289306640625,1438467
2023-05-08,765.8101630949411,771.0454418746505,761.2534888278593,769.542724609375,2489174
2023-05-09,772.5966226206699,774.0023540098479,766.3917824957996,769.397216796875,2486331
2023-05-10,772.6935001563736,773.2267147019097,764.016440860648,771.7724609375,2737334
2023-05-11,770.3182345894014,770.3182345894014,759.7991556552824,764.5496826171875,4808171
2023-05-12,763.4832482602149,769.494175827297,760.574740647795,767.7975463867188,2576010
2023-05-15,768.8155915823326,778.0258666391196,765.4707956480134,772.7420654296875,7569060
2023-05-16,776.4261764483006,776.8140011792301,760.0900804050127,763.337890625,4846217
2023-05-17,763.9680538640936,773.3237776856066,759.993116847242,768.0884399414062,6529233
2023-05-18,773.6145946867207,778.5105708755359,770.4152480110216,774.9718627929688,11383252
2023-05-19,774.9718566519057,783.6973797930737,769.0579146368326,781.1766967773438,3432240
2023-05-22,776.5715763489428,779.4800841255307,775.1173224606489,777.3956298828125,9996762
2023-05-23,784.2791736758401,784.2791736758401,773.6146446193445,775.5536499023438,6516636
2023-05-24,778.413665529164,778.413665529164,770.754571277164,776.9594116210938,9104329
2023-05-25,775.2142566427815,800.3243976960805,773.5176270898219,797.6098022460938,9570396
2023-05-26,802.6512628521651,804.0569943473455,788.5934745103983,793.0046997070312,6150206
2023-05-29,804.1055106873109,804.1055106873109,793.0531569575247,796.2040405273438,3684829
2023-05-30,796.2040364525558,801.148476205777,788.0117273782038,793.4894409179688,5148256
2023-05-31,794.0226903698606,861.6455019123487,793.0531876954162,823.9803466796875,47342125
2023-06-01,812.3946714705952,812.3946714705952,797.9005965514676,802.6996459960938,9713155
2023-06-02,807.4017202940998,813.7034869353553,801.730153986466,810.9888916015625,6834131
2023-06-05,812.9279371916426,815.6909959562494,806.7716192974345,809.0499267578125,5298053
2023-06-06,809.049906881744,812.6855415741426,800.9545839695002,804.1539306640625,2722174
2023-06-07,803.6207223555764,821.6534469012576,802.0210194089267,818.5025634765625,4110739
2023-06-08,821.8472804311957,823.4954465146324,809.0982988968394,810.5040893554688,4050621
2023-06-09,812.976359391251,814.1882375905623,803.6691584900361,808.0803833007812,3332436
2023-06-12,809.389251905536,817.3876486516508,806.3838174037664,810.843505859375,1569715
2023-06-13,812.5401760819271,818.2602655890751,807.3533603901685,808.904541015625,3224345
2023-06-14,806.626119478519,808.5166612807947,794.0225863616671,802.6996459960938,5108720
2023-06-15,801.7786933091949,808.3712995089106,799.0640977179879,804.3963623046875,3865201
2023-06-16,797.4158896121849,814.3821851358484,795.7677233551376,812.249267578125,4907797
2023-06-19,814.3821980615268,814.3821980615268,802.2634153522778,802.8936157226562,3017364
2023-06-20,802.8451531323541,808.27440369528,801.6332747710422,805.8506469726562,2691557
2023-06-21,806.6261406808701,815.1092881940403,805.0749602336725,813.4126586914062,3022724
2023-06-22,811.1827382190187,817.7753432593918,809.2437332557481,817.0966796875,4380046
2023-06-23,818.260218408469,836.4383926918325,815.6910127735891,828.7308349609375,7667340
2023-06-26,831.2029906877177,831.2029906877177,820.5384625977553,825.9677124023438,4431992
2023-06-27,830.3789815929152,844.7760716147837,827.5674003675284,838.5228271484375,5533649
2023-06-28,842.982489901243,846.957426793673,837.2624010328767,845.6001586914062,6272649
2023-06-30,853.1623788673543,856.0708869771292,840.6073070254087,851.9505004882812,5217511
2023-07-03,853.1622493039084,857.1857085809171,847.9269118318657,852.3381958007812,3333167
2023-07-04,847.1513597366053,847.1513597366053,827.2765564438464,838.7651977539062,7397493
2023-07-05,841.528287309829,844.4367952152777,836.7292374310897,840.219482421875,4284477
2023-07-06,837.9895794149583,851.1263874663905,837.1170625471615,843.1279907226562,6365222
2023-07-07,838.6197633579131,856.6524883571523,836.1960068164162,843.903564453125,18763997
2023-07-10,840.5588319192213,862.469569035621,838.6198265399382,858.397705078125,4310681
2023-07-11,862.857323226275,865.911280118427,859.2701517331698,864.6994018554688,3353977
2023-07-12,862.808837890625,868.3834777578325,856.167709675011,862.808837890625,3033186
2023-07-13,864.1661432922934,866.0566852505353,856.3131956795894,858.0582885742188,4228714
2023-07-14,858.0097964007641,863.0996850234806,852.8229811880643,859.4640502929688,3860080
2023-07-17,858.9793460528722,869.3045729226673,849.28431957372,851.3202514648438,5614592
2023-07-18,850.3022791884293,853.3562361761226,836.8262279869901,848.7510986328125,4731911
2023-07-19,848.7510710707083,850.2537882802407,840.752674544697,844.1943969726562,6641825
2023-07-20,844.4367921049469,859.6579952554796,841.5282842102112,857.8643798828125,3779959
2023-07-21,851.3201543327177,864.6993366864343,848.120807794379,858.979248046875,7001587
2023-07-24,858.0097639754114,865.377959747964,853.9378413963733,861.063720703125,4125577
2023-07-25,860.9183013736554,867.4139805723717,852.2897046385892,856.7009887695312,3652262
2023-07-26,859.4640535605098,869.1590795453999,856.3616334105965,862.275634765625,2845581
2023-07-27,862.227118312257,873.90967204455,861.0637625249478,867.8502807617188,3445446
2023-07-28,872.4553562916725,872.4553562916725,863.390472070886,867.8016967773438,2314339
2023-07-31,866.7353129143912,870.4194109108225,858.2521652768063,862.7603759765625,4424817
2023-08-01,867.2200900361795,870.0316712921554,861.0637720939054,864.45703125,2087412
2023-08-02,856.2647504734587,863.4875570351761,845.9879869013101,851.3202514648438,3328903
2023-08-03,848.3147641849321,855.1497455930452,838.7166648978001,845.1154174804688,4642067
2023-08-04,842.4977531598805,865.7173520926486,839.7831577347351,862.5180053710938,7066276
2023-08-07,858.1552692589648,873.0855741287542,857.1372441671945,864.2146606445312,4086452
2023-08-08,864.79639916026,867.026243511686,853.5986549296498,858.397705078125,3282856
2023-08-09,858.0097922159422,870.0801112971183,851.9988643227318,856.7494506835938,3185159
2023-08-10,855.1012800568323,856.943358638016,841.7221562172219,848.120849609375,3439922
2023-08-11,849.2896284543091,850.9453655365079,842.4719364827722,847.8773803710938,2812690
2023-08-14,847.828604542936,847.92597635398,835.2645497496627,844.4684448242188,2665905
2023-08-16,847.3417054901156,851.2375294234035,830.9792568594177,834.631591796875,3962408
2023-08-17,834.8750394910074,837.4559870517966,827.8625448688899,834.3880615234375,3013019
2023-08-18,834.3881211928294,839.5500761291058,830.0540050824019,833.9498291015625,4929835
2023-08-21,833.3654954988813,851.2375647564485,831.8558161056242,849.240966796875,3220142
2023-08-22,848.3156494929071,857.0325673096432,843.6406727280962,854.79248046875,3333869
2023-08-23,854.1594037305159,854.1594037305159,844.2250407375834,845.5399169921875,1860153
2023-08-24,850.2635620789201,851.9192991175547,841.6927614293203,846.8060302734375,2842728
2023-08-25,846.8060394828711,853.136753358723,838.6734713750204,850.7505493164062,3124339
2023-08-28,851.2861438419534,852.9418807636621,843.2996935603088,847.6824951171875,3094455
2023-08-29,847.3416599121427,847.3416599121427,826.4016073970726,832.9271240234375,14064286
2023-08-30,837.4559892573654,840.134368086054,834.1445747365004,835.4107055664062,3261665
2023-08-31,833.2193021110438,837.1151258497277,824.9893625739633,834.0958862304688,12528190
2023-09-01,830.9305316538671,844.9554614831179,830.540925500741,843.3971557617188,4427899
2023-09-04,843.2023912019934,846.8060402235877,837.3099694015035,842.7640991210938,3102649
2023-09-05,840.6213255914024,845.1989302762921,836.0437803520641,843.3484497070312,2216754
2023-09-06,844.5659279780546,859.4187562534942,843.2510517748638,857.3734130859375,4235096
2023-09-07,857.3734420362485,860.6849161647449,850.4096924081529,852.503662109375,4532834
2023-09-08,858.8343598514836,867.4539058271677,855.2794562391008,862.7788696289062,3741470
2023-09-11,864.8729107295051,869.0609095567643,860.5874806368574,867.5999755859375,2733894
2023-09-12,871.5931898904943,873.15149560806,861.9510023570922,867.2103881835938,4106031
2023-09-13,864.9216136735039,894.0916077546093,862.4867236741721,891.3158569335938,5222561
2023-09-14,896.3316120195932,896.623786903462,886.3972498491956,891.1209716796875,5513106
2023-09-15,888.8321503511669,923.9919947913129,886.2998887330076,911.7688598632812,14003428
2023-09-18,905.1946593173561,911.4279415620655,894.0915380083131,896.2342529296875,2977375
2023-09-20,887.2738643470045,895.3576867872904,881.2353256094291,886.981689453125,5241903
2023-09-21,886.4946883163486,896.1855615880683,879.8230546117438,894.0428466796875,4896202
2023-09-22,894.0428515560409,898.3282219506243,880.261351465072,887.6634521484375,6112928
2023-09-25,888.2478198905148,889.5626366351578,878.5569463699233,886.6895141601562,5278045
2023-09-26,886.2999334544942,896.9647632241839,884.3520215128359,888.9296264648438,5355047
2023-09-27,891.1210043615408,897.0621118517843,883.8163347691661,896.282958984375,4713145
2023-09-28,901.8832192063088,907.7269549679048,894.6759213221188,901.5423583984375,7386917
2023-09-29,907.726956758464,912.0123867703094,897.7925940550438,902.2728271484375,5608557
2023-10-03,894.3350991235884,904.0746591467149,892.1923840293892,901.2014770507812,4338272
2023-10-04,894.3837222764186,901.8345089495174,894.3837222764186,900.1787719726562,5603669
2023-10-05,900.9579757130341,905.3894635737631,895.4551600426539,904.6589965820312,7063132
2023-10-06,904.9999309922357,904.9999309922357,900.2275227934304,901.9319458007812,2420855
2023-10-09,894.0915477843786,903.8797930360447,892.6792997903798,900.470947265625,2248103
2023-10-10,900.4709827828386,929.2026839810675,897.062136877964,923.651123046875,7897875
2023-10-11,923.797277401471,931.8811004121299,923.3102993954607,930.7123413085938,5645289
2023-10-12,930.7123290543776,931.8810881425253,922.3363312395065,925.5990600585938,5544735
2023-10-13,921.6545398322344,931.0532388974809,921.6545398322344,929.3488159179688,4421671
2023-10-16,933.0011320749472,933.7802849607709,919.2683172493909,921.8980102539062,1881721
2023-10-17,921.8980480582716,935.2412572653051,921.3623841426489,928.8131713867188,3863410
2023-10-18,928.1801137674587,933.9264782290278,925.8913408328247,928.0339965820312,2334392
2023-10-19,921.1675353766442,926.5242931583757,916.8334194641325,918.3917846679688,4306963
2023-10-20,913.3758929916157,922.8232777505742,912.5967401079557,920.5831909179688,3125104
2023-10-23,917.0769399238259,924.3816098768477,912.5967661308616,914.8368530273438,2180066
2023-10-25,900.5196281665751,915.1777124543269,895.0654987424481,898.5717163085938,6365249
2023-10-26,897.6465887796198,900.5197114795118,876.6091030997748,881.9171752929688,6595332
2023-10-27,887.0304444715533,894.4812317965318,882.842445478175,890.7801513671875,3508393
2023-10-30,890.9749013404775,907.6782698518512,886.6407854243972,902.126708984375,3686768
2023-10-31,896.3316314744178,899.4969882503947,888.6374152862979,890.5853271484375,5697563
2023-11-01,879.4823037472024,890.7314841153222,872.1289475374311,889.66015625,4821458
2023-11-02,896.0394779246104,901.8345277416032,892.5332602674748,899.7891845703125,6611573
2023-11-03,900.9092746420058,909.3827034926146,898.1822098078761,906.509521484375,3895154
2023-11-06,909.8696611637691,916.2003748442286,905.7790342811307,914.7394409179688,2760800
2023-11-07,911.6714716549412,914.4959677394264,908.165253949526,912.7428588867188,3616946
2023-11-08,917.2716759689886,917.2716759689886,910.0644378094457,912.3532104492188,1808553
2023-11-09,912.3532400350048,912.8889039206678,906.3147012302634,908.0678100585938,3914416
2023-11-10,904.8050894642947,912.5967371668936,904.8050894642947,911.1358032226562,1345614
2023-11-13,913.570671530331,915.8107583027553,909.4800446940695,910.6488037109375,1656368
2023-11-15,923.3102667557565,927.8878717395428,911.8175981093002,925.2581787109375,4816316
2023-11-16,924.2842823559449,929.0566907322129,918.6840351235459,924.8199462890625,5310736
2023-11-17,924.089412959717,929.1539958956386,921.3623481313145,922.6284790039062,3249469
2023-11-20,924.2841896221446,939.1857036563414,917.4178121152213,936.3612670898438,4646962
2023-11-21,941.8154178260005,950.9218823173476,935.9716820380419,945.5651245117188,5704644
2023-11-22,948.9252620594546,950.8731739427525,940.7927537249071,944.4937744140625,3309732
2023-11-23,944.7372804212422,955.4507959724109,938.601369767411,951.214111328125,2749555
2023-11-24,949.6070315082266,951.7010605354144,945.7112077892185,947.8052368164062,2322104
2023-11-28,948.6818095377297,962.2685073350635,945.9060587755622,959.249267578125,5096984
2023-11-29,969.9627470142691,980.8710060149546,965.1416532092849,969.4757690429688,5647918
2023-11-30,969.0862477214073,991.6820394568875,966.8461607464394,988.273193359375,9934052
2023-12-01,988.5653682786216,995.9187243998582,981.9424791782803,988.273193359375,5544950
2023-12-04,1009.0184464558778,1016.8100946910583,998.4996737819373,1005.9992065429688,5164902
2023-12-05,1011.7455039444527,1018.709193980944,995.4803679951552,1004.2459716796875,4266159
2023-12-06,1002.2980228524142,1008.0443866122897,987.0556482294245,997.7691040039062,4121251
2023-12-07,988.565333557129,993.1429386164061,972.0080816650391,973.9559936523438,13805235
2023-12-08,972.6897820796194,977.8517365287585,965.4824845461071,974.1994018554688,6630766
2023-12-11,970.1574618513645,978.4360871177549,966.2129522900182,974.7837524414062,6195119
2023-12-12,973.2254746453123,974.7837803736535,961.2945143606937,969.3296508789062,7119331
2023-12-13,967.3331253925245,975.9039264301448,965.6773882789307,973.858642578125,4153219
2023-12-14,979.7996606634798,984.8642433631768,973.128086354678,979.0205078125,6541673
2023-12-15,973.6150739761094,984.523332889148,962.5119525414527,966.699951171875,10119597
2023-12-18,969.086190762769,972.7872115619983,956.5708803185773,964.4598999023438,5750263
2023-12-19,969.5244174084246,971.959307170641,960.2231504058683,962.7067260742188,3912964
2023-12-20,967.0409446926037,967.7714116990352,943.763372309432,946.2469482421875,3990591
2023-12-21,942.7893915795579,955.9864832605945,934.997743715264,952.4315795898438,4294277
2023-12-22,956.327409557114,972.9333472835748,950.1427533584678,963.7781372070312,4605120
2023-12-26,969.0862127020765,976.3908826470671,963.8755719195391,973.8098754882812,2460643
2023-12-27,973.9560026898023,997.3796921109375,972.0080906844227,994.6038818359375,4791379
2023-12-28,997.2335688535736,1014.8134032602967,995.5778317699823,1009.7001342773438,5288328
2023-12-29,1006.2425902079136,1016.0795212967884,997.7204758428554,1005.3172607421875,4631749
2024-01-01,1005.0738086978541,1005.0738086978541,980.7736549717309,986.6660766601562,3804406
2024-01-02,990.9028215563916,998.7430957319624,989.5392594285636,995.0908203125,6865791
2024-01-03,1005.0737789553631,1009.9923039805631,994.7498698288648,1008.2391357421875,3604276
2024-01-04,1008.287892978971,1031.2246030610402,1000.7884797520878,1020.6084594726562,4664043
2024-01-05,1026.35483941116,1035.9482818502177,1011.8914982752682,1019.34228515625,4008221
2024-01-08,1022.653787292214,1031.4193911832901,1018.0274963497017,1021.7285766601562,4489695
2024-01-09,1029.4714533213216,1040.087597100681,1020.7545950052714,1036.776123046875,3371125
2024-01-10,1039.1622620410842,1045.346977488517,1027.815770240984,1035.02294921875,3111573
2024-01-11,1037.9935634425103,1045.9313282876392,1029.812309607599,1035.1690673828125,2604325
2024-01-12,1030.542808085243,1050.4602793930771,1024.2120941573417,1048.3175048828125,3394013
2024-01-15,1049.9732827828525,1075.9291143141684,1046.564436882113,1073.6890869140625,3312897
2024-01-16,1078.1692862011316,1087.908846148748,1064.5339022744688,1067.3583984375,5025540
2024-01-17,1063.5599205792155,1080.068426735059,1050.7037493154712,1056.9857177734375,4568700
2024-01-18,1047.1974181694297,1067.455750033071,1047.1974181694297,1058.7388916015625,4407330
2024-01-19,1062.5859372829862,1106.754815664053,1061.4172377040122,1095.700439453125,11753391
2024-01-23,1115.179636268418,1142.0121720163006,1105.440076126336,1127.841064453125,18194595
2024-01-24,1110.4071808376661,1162.903431551066,1110.4071808376661,1158.9588623046875,9546592
2024-01-25,1155.1118401939746,1169.3803196710523,1126.9158609598512,1130.32470703125,11424697
2024-01-29,1127.840993587094,1139.2849760349768,1127.840993587094,1131.8829345703125,4015858
2024-01-30,1131.8829670270381,1150.095896314162,1124.4809253501203,1128.47412109375,3902023
2024-01-31,1128.8149678000045,1144.4470086551455,1116.3482838433536,1140.210205078125,5981966
2024-02-01,1134.7074023036857,1139.7231802236747,1119.0266167385205,1121.218017578125,3606209
2024-02-02,1124.91918092818,1144.5930445879676,1115.47185527683,1120.82861328125,4969983
2024-02-05,1124.2860378601854,1129.4480520010127,1081.0911148426662,1084.5487060546875,7809331
2024-02-06,1095.7005428767582,1125.9905518838386,1093.7526308005326,1104.514892578125,9863065
2024-02-07,1109.1409800775912,1118.3448153911254,1102.3232890627967,1104.7581787109375,2770694
2024-02-08,1114.5953317851877,1116.6406157200138,1087.1296997324134,1112.4039306640625,6519392
2024-02-09,1116.104840617232,1116.104840617232,1087.1783947151862,1091.07421875,4203171
2024-02-12,1093.6551393723848,1099.5962467769268,1082.3572743440404,1089.564453125,3887976
2024-02-13,1082.065119492626,1095.7005035366376,1075.052683826437,1088.7366943359375,3211554
2024-02-14,1081.091199330317,1091.9508329036155,1075.9291847860766,1086.788818359375,4653070
2024-02-15,1093.0708758983699,1101.9824782632727,1080.5068196104696,1091.512451171875,5056712
2024-02-16,1094.7265123639788,1097.6971256345778,1087.7627033870003,1090.8306884765625,3091952
2024-02-19,1091.853320199459,1115.1795166819104,1089.2235679084297,1112.452392578125,4711035
2024-02-20,1115.1796838368634,1121.6077700266073,1105.4401232793361,1114.156982421875,5397418
2024-02-21,1124.9191132934343,1128.9610542319738,1103.1024764089161,1110.21240234375,4570259
2024-02-22,1107.9722463371231,1109.0923194390366,1069.0627543444195,1105.9757080078125,8642368
2024-02-23,1097.6484753436944,1102.3721384380674,1086.2532370425372,1096.4310302734375,6709844
2024-02-26,1088.9801669507904,1096.5770712174456,1075.5882721090734,1081.139892578125,3186134
2024-02-27,1084.012893656458,1101.544099483786,1072.617657425134,1098.13525390625,7149094
2024-02-28,1103.881702167964,1122.6303542846065,1094.2395144440407,1099.352783203125,5302711
2024-02-29,1089.7105820495756,1108.3131167656215,1070.3775803769483,1094.0933837890625,13818650
2024-03-01,1098.6223555126314,1111.0402943714844,1088.2984458081996,1099.3040771484375,5927490
2024-03-04,1102.5181919765935,1119.318932976237,1102.5181919765935,1103.9791259765625,5855090
2024-03-05,1103.540855690301,1149.0245517814026,1103.540855690301,1138.4571533203125,5375008
2024-03-06,1143.3754553943347,1165.4355798087272,1127.2078115981408,1162.611083984375,5464839
2024-03-07,1178.3405100486991,1181.9928446371614,1158.4717861092452,1168.454833984375,8903981
2024-03-11,1155.1117596273702,1186.5705844485385,1155.1117596273702,1165.4356689453125,6679208
2024-03-12,1168.7471617448618,1176.5388094898276,1166.60450617144,1172.886474609375,4249548
2024-03-13,1180.434757269385,1180.434757269385,1121.7051586705734,1138.3111572265625,7528096
2024-03-14,1143.3755781509958,1168.4549447015017,1133.246531045428,1163.48779296875,8569080
2024-03-15,1159.0075193311347,1190.953320361576,1156.9134903709298,1188.2261962890625,10115416
2024-03-18,1193.0960713146433,1198.5015745411251,1183.551255187682,1193.3883056640625,4141080
2024-03-19,1184.525176104975,1208.0949813753457,1182.966870366786,1196.3587646484375,7703719
2024-03-20,1196.26140294043,1206.7314294672847,1191.7812293211134,1199.718994140625,6596032
2024-03-21,1205.7574882554325,1210.5298962763454,1182.4799168444927,1189.0054931640625,9952250
2024-03-22,1194.995140116917,1212.575091611989,1190.1741059838155,1203.9068603515625,7840007
2024-03-26,1193.095958175496,1201.8615611335201,1178.4866199121227,1181.505859375,10898138
2024-03-27,1179.0224940614855,1196.261467861563,1179.0224940614855,1192.9013671875,5779169
2024-03-28,1194.9953656807777,1206.2446059695226,1188.5186528569002,1196.6024169921875,10518377
2024-04-01,1196.0179184201083,1199.8163704408694,1176.5387992275982,1185.645263671875,5461473
2024-04-02,1193.0961117940785,1195.774490820555,1171.8638232277463,1176.7823486328125,3625577
2024-04-03,1163.877430127516,1208.289800335749,1158.4719267240346,1193.77783203125,9532291
2024-04-04,1199.8649714618873,1200.8876727542518,1170.013317045236,1175.418701171875,7327626
2024-04-05,1174.4935352030195,1179.8015477156234,1157.9849100756255,1159.9815673828125,4227519
2024-04-08,1157.059689922952,1179.0224445566369,1152.2872819017819,1173.32470703125,4827733
2024-04-09,1183.3077140613948,1183.3077140613948,1167.0914428785984,1173.0811767578125,3372798
2024-04-10,1181.6520573424636,1198.647541127975,1177.2692555637361,1197.3814697265625,6442196
2024-04-12,1194.1673182833897,1199.7675647696913,1187.7879784032207,1193.6317138671875,7877073
2024-04-15,1179.0710797261943,1202.8356292978308,1178.8275907324091,1192.6578369140625,4281602
2024-04-16,1192.0247199747096,1201.812906011378,1180.483365658374,1184.7686767578125,5235632
2024-04-18,1188.2263036521085,1248.4654576451017,1184.1357360648326,1232.7847900390625,19939924
2024-04-19,1246.6635958107058,1262.7338687254532,1220.7076463853323,1255.42919921875,13103862
2024-04-22,1270.0385601244834,1271.4021222341269,1254.6987538959859,1263.756591796875,7894656
2024-04-23,1275.882318705781,1315.8145134133665,1268.1880427765852,1307.3897705078125,12074766
2024-04-24,1316.7884152681422,1318.7363271250476,1298.8189759446304,1301.5947265625,6277492
2024-04-25,1296.3354252856163,1308.802109539023,1289.8585941609256,1303.8348388671875,8512627
2024-04-26,1303.1531706244698,1310.6525845133206,1287.56987411476,1291.4656982421875,5289771
2024-04-29,1290.0046563442759,1310.9447092785167,1285.6218545673419,1297.74755859375,3195888
2024-04-30,1288.689899364918,1300.0365104919558,1285.5731688443097,1287.862060546875,5272565
2024-05-02,1280.995662270619,1285.524581566469,1259.9094905447364,1270.08740234375,7995432
2024-05-03,1271.9865887024664,1276.3693908840598,1225.382815949746,1244.1314697265625,11290875
2024-05-06,1241.7938438479712,1264.633063458771,1240.0406755708013,1249.97509765625,5555467
2024-05-07,1252.8481860122517,1260.7372052622134,1237.8979862741016,1252.6534423828125,5767030
2024-05-08,1242.913968256028,1265.5584451663512,1241.501660726953,1255.0396728515625,2682816
2024-05-09,1249.5855933577361,1261.5653001490236,1236.9729102563635,1242.232177734375,4809145
2024-05-10,1241.842590680244,1274.421369889411,1238.6284884653103,1267.2628173828125,5532513
2024-05-13,1267.262820078417,1268.9672430069998,1248.0271898844126,1252.4586181640625,3703942
2024-05-14,1256.9389093085642,1266.0453737387672,1247.345348008193,1250.8516845703125,3262908
2024-05-15,1248.1732849339446,1283.9174204462504,1247.150583638478,1275.784912109375,6891004
2024-05-16,1293.4134923862373,1321.5120975653526,1286.8880351241648,1310.068115234375,11932181
2024-05-17,1318.3466566119187,1324.5799980279169,1304.370413499182,1309.4349365234375,6614017
2024-05-21,1320.6842998314826,1327.25850265144,1300.9616913716097,1309.2890625,5422220
2024-05-22,1307.1950412057763,1315.8145278431066,1294.9232196466014,1312.7952880859375,3026723
2024-05-23,1315.5709399906789,1341.4295168506565,1309.288971953605,1338.26416015625,7147341
2024-05-24,1339.676341841536,1361.3468606390454,1338.2641533415097,1352.3377685546875,5622368
2024-05-27,1359.6425090570644,1370.356024529577,1342.1113019202255,1348.2958984375,6553974
2024-05-28,1348.7343020848566,1350.8282123498093,1331.3004660911097,1335.3424072265625,2068963
2024-05-29,1320.1974362131416,1354.0424092182368,1320.1974362131416,1341.23486328125,4445083
2024-05-30,1342.8904983457046,1350.3411661777993,1327.988924899303,1341.283447265625,7100303
2024-05-31,1344.0593503147195,1351.850998722341,1303.1531961747064,1336.9981689453125,24825643
2024-06-03,1378.4400470352073,1383.4558255867755,1348.929131122788,1354.8702392578125,6017122
2024-06-04,1354.870189542873,1360.6165538132204,1187.3011283910964,1265.8505859375,19924421
2024-06-05,1291.1247179304962,1313.6230764062013,1246.5174882428921,1309.337646484375,12175520
2024-06-06,1323.6061870572157,1340.4069278421582,1294.3875074312286,1334.904052734375,10279789
2024-06-07,1334.9040201086787,1393.3901232870458,1327.6480957353415,1388.1307373046875,12280748
2024-06-10,1384.040254064603,1399.2339442454434,1384.040254064603,1388.9100341796875,5318477
2024-06-11,1388.861168358075,1397.237165651298,1376.1997411570546,1390.07861328125,4416792
2024-06-12,1387.8873201247216,1410.1421912692,1385.062823905543,1400.9383544921875,4876138
2024-06-13,1411.2622753546652,1418.0312221486088,1383.4557833804304,1388.6177978515625,7990376
2024-06-14,1396.6528168660566,1396.6528168660566,1383.9426443025695,1390.2247314453125,3978442
2024-06-18,1406.3924595439912,1406.3924595439912,1381.0696036242239,1391.1500244140625,8671131
2024-06-19,1396.604067594436,1397.4320252533494,1352.143074205882,1356.0875244140625,8640918
2024-06-20,1369.3333581817928,1370.307314158704,1340.4069132239758,1345.1793212890625,8742855
2024-06-21,1348.8802841285958,1386.8645672692987,1337.0954405734203,1379.17041015625,43929578
2024-06-24,1365.4861692913473,1386.71845542878,1353.1656034007622,1382.8226318359375,6195831
2024-06-25,1396.652908438851,1396.652908438851,1373.1318471858735,1378.0989990234375,6353748
2024-06-26,1378.0988642111874,1441.4059982193828,1372.255128764277,1421.4886474609375,9579826
2024-06-27,1425.8715298921716,1450.220428968199,1402.5453321337807,1437.3642578125,19675528
2024-06-28,1496.2398547362907,1496.2398547362907,1399.2338641732695,1406.441162109375,29145832
2024-07-01,1412.236134189359,1428.5986417833064,1411.505667223399,1416.1319580078125,6011806
2024-07-02,1423.923602280034,1435.0267239146112,1380.0955844259972,1381.9947509765625,7792632
2024-07-03,1390.7603573419824,1395.0945326731442,1371.7682162337367,1382.871337890625,8261388
2024-07-04,1381.0695120944865,1403.567870353912,1374.73879853411,1385.988037109375,9570938
2024-07-05,1385.4522866604134,1396.2631735197538,1379.949411972083,1392.4647216796875,4881198
2024-07-08,1393.7310081213777,1401.3765387902226,1386.085477452533,1397.77294921875,3261797
2024-07-09,1398.6008303042868,1404.1037055387903,1390.9552994043142,1398.16259765625,2897480
2024-07-10,1403.4704700600194,1411.0186283826877,1389.0072485360947,1407.4150390625,3416762
2024-07-11,1412.2360944086286,1413.0639331685093,1390.8090640107046,1400.4998779296875,4178558
2024-07-12,1404.4444778311965,1409.898607364941,1384.4296355317363,1395.92236328125,6342135
2024-07-15,1395.9223729896842,1402.4965756882227,1388.909937667686,1400.1590576171875,3324806
2024-07-16,1414.1840352508098,1434.9293444813864,1407.3663436208128,1428.306396484375,6967651
2024-07-18,1427.8194193693778,1447.2497929701105,1421.0504730891105,1445.009765625,6470342
2024-07-19,1441.454749096759,1441.454749096759,1414.1352382212883,1423.6800537109375,3858596
2024-07-22,1412.2362824384109,1433.6633156892003,1411.3110717408474,1427.2352294921875,3560584
2024-07-23,1431.7152799188873,1431.7152799188873,1391.2473616953482,1427.5272216796875,2936143
2024-07-24,1427.8194310577016,1437.1693844542099,1399.1364757187496,1417.3006591796875,4529339
2024-07-25,1407.3663841201364,1416.1319878966633,1402.593976063583,1411.4083251953125,4277756
2024-07-26,1412.479683442602,1480.4131141753182,1411.4083556250398,1474.958984375,9564987
2024-07-29,1485.2828552167043,1485.2828552167043,1438.5817139812525,1442.7696533203125,4589313
2024-07-30,1445.7404046648364,1446.227382696663,1425.9204225477208,1432.0562744140625,4263689
2024-07-31,1439.3608331912717,1464.9759232339618,1434.7832876037867,1452.7041015625,5634305
2024-08-01,1446.3246733007618,1471.647529533637,1446.3246733007618,1466.290771484375,4531379
2024-08-02,1455.1876232753134,1465.9498845389678,1444.9610853634856,1454.8955078125,3335905
2024-08-05,1443.4027515916946,1449.2464874280981,1413.6970944233094,1427.5272216796875,5111901
2024-08-06,1444.4739864717785,1454.018801947072,1393.8282791472557,1405.9541015625,8249573
2024-08-07,1422.0649265893228,1424.905162819,1393.2710260658325,1412.0262451171875,5700734
2024-08-08,1405.4154485280849,1436.266031544555,1400.5185305889627,1421.869140625,5986360
2024-08-09,1434.7969965083105,1451.446517969499,1427.255790491473,1433.91552734375,3615910
2024-08-12,1435.776393395482,1447.0393050762789,1415.2093372827228,1428.5289306640625,4028226
2024-08-13,1437.7351329192459,1447.920746327499,1420.4489883708943,1429.606201171875,4495208
2024-08-14,1423.142374526713,1449.585733385574,1423.142374526713,1441.35888671875,5891784
2024-08-16,1449.4878617573813,1460.261082351524,1437.833171931165,1452.9647216796875,7176426
2024-08-19,1456.3434786014188,1458.400160343048,1434.1115177044917,1439.3511962890625,4404075
2024-08-20,1449.4877646236089,1454.1398368411508,1416.6784131946285,1419.2738037109375,10046892
2024-08-21,1423.0444195151686,1436.3640130204067,1417.8536384360075,1433.2789306640625,6175510
2024-08-22,1443.3175606828124,1468.9774826849505,1434.7969712008999,1455.706787109375,6781325
2024-08-23,1462.2197544318794,1478.8692760831466,1448.8511440188054,1475.686279296875,6238112
2024-08-26,1477.889947916776,1489.3486889558953,1473.9724132635838,1482.34619140625,4307432
2024-08-27,1486.7043729990971,1494.8822025235036,1471.034234680266,1491.3564453125,3965066
2024-08-28,1496.4491531781878,1532.2456722824425,1490.279108109249,1524.263671875,6225319
2024-08-29,1532.735352127905,1539.2971745040477,1514.0780465057771,1533.6168212890625,8036748
2024-08-30,1543.5086681019654,1575.2407230066742,1529.4055193050206,1556.2896728515625,37820442
2024-09-02,1571.9107513622646,1571.9107513622646,1533.225097356776,1538.9544677734375,4890314
2024-09-03,1546.4468310879597,1546.4468310879597,1526.4673801004715,1528.4261474609375,4546295
2024-09-04,1525.8797206896243,1533.7147898587623,1510.2095823513482,1529.6993408203125,5213811
2024-09-05,1526.8591433049655,1530.7766779895196,1509.7199290600413,1515.3023681640625,5652812
2024-09-06,1520.7869312087687,1523.529133609417,1498.6527657792883,1507.5162353515625,5497805
2024-09-09,1491.8461249392576,1514.861640406891,1491.8461249392576,1510.84619140625,3912508
2024-09-10,1513.2946377345995,1553.302435054624,1513.2946377345995,1545.3204345703125,6163457
2024-09-11,1545.90798806897,1565.9364543236159,1541.990453688051,1545.271484375,5994914
2024-09-12,1563.2432593362764,1618.725367817293,1557.3179403471083,1612.800048828125,12204496
2024-09-13,1616.9623870768355,1620.782007177514,1597.4237313112744,1600.7535400390625,5609618
2024-09-16,1600.7535265260701,1618.8721236843983,1596.4932316455206,1601.73291015625,3762063
2024-09-17,1615.9829651769596,1631.7021200233282,1604.7200536014839,1627.49072265625,4223072
2024-09-18,1621.0757257767227,1636.5010178466666,1613.877280054815,1620.781982421875,3171195
2024-09-19,1613.7304018608315,1676.410955832833,1613.7304018608315,1630.52685546875,8498240
2024-09-20,1636.5500772464218,1687.869804357462,1631.6531590021177,1676.4599609375,21646275
2024-09-23,1683.560492607718,1718.0837662344907,1683.560492607718,1714.362060546875,5001827
2024-09-24,1715.8800465057552,1731.1095091235463,1710.1016594247126,1720.4342041015625,7579205
2024-09-25,1719.3570687227157,1730.4730495895321,1709.0245230683695,1724.1070556640625,4017103
2024-09-26,1733.5090056407637,1742.3234582118184,1710.1507302382015,1734.5863037109375,7417423
2024-09-27,1719.01402308699,1727.093937675068,1686.9882276320716,1698.8387451171875,7116861
2024-09-30,1678.6635070934378,1697.2717956784875,1669.0654998965256,1674.3052978515625,6907288
2024-10-01,1669.849119882148,1687.3310940886556,1661.0346670499255,1663.678955078125,3649090
2024-10-03,1630.6738406183076,1660.0553512600789,1630.6738406183076,1638.9495849609375,7200276
2024-10-04,1635.6197364369107,1651.9263788050805,1596.5423043193828,1607.0706787109375,8576527
2024-10-07,1616.9623093920654,1635.570597628558,1608.5885318641795,1627.7845458984375,5387707
2024-10-08,1628.3232687656362,1644.8748767291975,1617.941825755662,1623.2794189453125,5224335
2024-10-09,1632.3876817078933,1669.4573285652077,1626.8052427822563,1643.503662109375,3414614
2024-10-10,1651.8284230480383,1663.9237870893628,1630.6737603381684,1643.503662109375,5047657
2024-10-11,1643.5036230211854,1655.403157872996,1624.4546595007607,1652.6119384765625,2367678
2024-10-14,1651.2407635370012,1674.7949871372712,1644.7278386312976,1660.642822265625,2069815
2024-10-15,1672.7872589373453,1697.0270040536798,1664.9031728053133,1681.8465576171875,5891334
2024-10-16,1684.5399161027499,1706.3312028081489,1681.6996795427726,1698.2022705078125,3299887
2024-10-17,1700.9445246354699,1702.1197371736191,1659.467651688099,1666.0784912109375,4373392
2024-10-18,1674.7459574416075,1680.7201734960177,1650.457196319235,1672.6402587890625,4154915
2024-10-21,1670.38787153984,1673.7176803855682,1627.7356647532665,1657.6558837890625,3836168
2024-10-22,1657.1170925704498,1677.5862342322007,1652.5629348060213,1657.3619384765625,3070057
2024-10-23,1655.1582851764588,1666.2742651336275,1645.4623636188348,1651.044921875,2764757
2024-10-24,1652.2200908634575,1658.096392312883,1623.2303609570235,1643.8463134765625,3669575
2024-10-25,1646.4417446081984,1650.016518655802,1621.7123087298432,1631.653076171875,3434386
2024-10-28,1623.964992196376,1643.2588019120608,1611.7226968047826,1629.0577392578125,2811651
2024-10-29,1616.4727642494965,1633.5629616483573,1576.8077251994482,1603.3489990234375,6990747
2024-10-30,1594.2406403208079,1616.962291569245,1584.4468045148162,1599.6761474609375,4622628
2024-10-31,1600.3128373142442,1605.0139265182734,1569.119492884427,1579.35400390625,4921681
2024-11-01,1586.6014935253534,1592.8205557157842,1572.2534993182333,1583.1246337890625,279441
2024-11-04,1585.769041276362,1590.372096553199,1540.6194794782016,1558.4442138671875,6094029
2024-11-05,1550.609117509147,1561.0395769805762,1533.7147500516812,1545.859130859375,6473278
2024-11-06,1550.364313598837,1577.5422098100612,1534.2044834191904,1565.838623046875,6631728
2024-11-07,1563.0472282862656,1575.387557444631,1537.2895110140255,1543.312744140625,5160994
2024-11-08,1538.6117219378443,1546.936483004981,1526.71218661938,1537.534423828125,3096384
2024-11-11,1528.8178720850538,1548.9931512908813,1519.8075903593187,1528.377197265625,3664301
2024-11-12,1536.457166384607,1562.1169710021709,1518.1426198199647,1523.5782470703125,4479934
2024-11-13,1527.7405989044787,1540.0808091401138,1514.469902457352,1518.4853515625,5816699
2024-11-14,1518.044609948152,1535.6735150959369,1504.871948089745,1518.5343017578125,5139154
2024-11-18,1536.6038808689812,1536.6038808689812,1497.918227927031,1505.3126220703125,4816078
2024-11-19,1505.3125940233479,1525.8796496345974,1487.9775521153313,1494.0496826171875,6238241
2024-11-21,1506.2920875243688,1510.2586392174064,1479.8487283805728,1493.70703125,7356679
2024-11-22,1501.3951037772642,1542.5292162095182,1488.858945500254,1536.94677734375,7640321
2024-11-25,1549.3358840882354,1576.0731049816286,1530.3359373284065,1546.201904296875,12155641
2024-11-26,1557.2199290262424,1571.7637516224531,1533.7147225503745,1544.7327880859375,4030593
2024-11-27,1536.799872793933,1551.0988501218922,1522.109118096646,1545.1246337890625,4982785
2024-11-28,1538.6116670709862,1555.750880421554,1524.8512793880643,1528.230224609375,6714728
2024-11-29,1519.1709687648715,1614.9057203101715,1519.1709687648715,1593.6041259765625,10775801
2024-12-02,1593.6041523731776,1612.2613394353152,1583.8592131867144,1609.7149658203125,3790108
2024-12-03,1618.8232966936391,1618.8232966936391,1579.8927956995556,1587.1402587890625,9131055
2024-12-04,1596.1505389133515,1596.8850766671083,1549.7767459702447,1551.441650390625,8772014
2024-12-05,1567.0138480869002,1588.6093055023152,1552.6658536296206,1582.04736328125,10324005
2024-12-06,1584.6426847539194,1591.155609686663,1561.9210327692717,1564.9080810546875,4296866
2024-12-09,1562.9983056409765,1572.792141606452,1556.289551915358,1569.51123046875,4264409
2024-12-10,1577.346365866492,1578.6194928635823,1537.6813285309088,1546.10400390625,14645786
2024-12-11,1555.261135337031,1555.261135337031,1538.807443262631,1553.3023681640625,3853182
2024-12-12,1545.9571407435683,1584.544881692818,1545.9571407435683,1577.346435546875,13120939
2024-12-13,1584.6426646466664,1650.261365840317,1573.6736161491926,1647.078369140625,12900707
2024-12-16,1647.0784097525554,1652.220173778838,1625.9237473837254,1628.2742919921875,4375126
2024-12-17,1616.4726687729897,1624.4546692062916,1575.3385566321442,1581.9984130859375,6182486
2024-12-18,1587.9727378014427,1589.539727793647,1563.1942826397521,1568.874755859375,3905144
2024-12-19,1553.6941612863984,1576.5627443522937,1552.7636751375935,1567.3076171875,5865855
2024-12-20,1576.8076698307793,1588.8541364962953,1540.9622523031237,1545.5653076171875,9738879
2024-12-23,1553.302490752803,1574.3102225193852,1545.810181814163,1554.1839599609375,4363599
2024-12-24,1557.2199436637693,1565.8385672740658,1542.5291894782622,1551.2457275390625,3610076
2024-12-26,1551.2458086805107,1573.722615938572,1548.503486600974,1566.524169921875,3400479
2024-12-27,1566.5240609413831,1594.877168208542,1563.3900812573695,1566.8668212890625,2559578
2024-12-30,1571.9107803645957,1579.794866679481,1548.5034868895539,1554.1839599609375,4438130
2024-12-31,1550.3642851826976,1564.2714848972985,1531.1193729562094,1555.016357421875,2249626
2025-01-01,1560.158202120047,1573.4288988044955,1551.3927660061897,1562.802490234375,1405565
2025-01-02,1566.915906027072,1586.2097158702666,1555.6529941923711,1576.5137939453125,3728040
2025-01-03,1581.7045202854622,1583.663287493246,1560.4519439024723,1565.887451171875,3669685
2025-01-06,1563.2432301014803,1576.660738227019,1534.7920873704866,1555.701904296875,4584188
2025-01-07,1561.137572711006,1569.9520257564257,1551.3927529989269,1558.052490234375,2830856
2025-01-08,1565.7895498054065,1580.186441081448,1545.3204084022998,1566.230224609375,3674564
2025-01-09,1567.0137548524667,1586.7972556860143,1559.5704634276497,1573.91845703125,4684859
2025-01-10,1574.84890484597,1591.4984268499386,1558.9829375813024,1582.5860595703125,4145892
2025-01-13,1547.4261337781222,1581.4106978820362,1545.5652809723395,1564.271484375,3705039
2025-01-14,1571.6168350423754,1599.7252164512684,1545.957032218217,1567.1116943359375,7284572
2025-01-15,1574.89790648964,1580.5782598563335,1560.1581349201829,1574.3101806640625,2960985
2025-01-16,1585.6711544133693,1601.2922758887987,1567.552556796279,1596.5911865234375,5299325
2025-01-17,1596.493273007769,1605.209811452933,1589.5396729640697,1593.9468994140625,2678801
2025-01-20,1604.2303474163514,1611.0860326617203,1584.7405897366411,1607.3154296875,3933044
2025-01-21,1619.9004426029326,1622.5447304495628,1586.8952637522568,1592.6246337890625,7958844
2025-01-22,1593.9468724639598,1607.168551590389,1589.0989712724024,1598.1092529296875,3262136
2025-01-23,1591.008815998553,1611.4779591794445,1583.8592671879856,1602.271728515625,2457080
2025-01-24,1600.3618846597449,1627.6376951212437,1600.3618846597449,1610.8902587890625,3620058
2025-01-27,1605.1607516842503,1613.2406666273066,1560.8436424511233,1569.5601806640625,6622807
2025-01-28,1574.5061166137216,1596.6891797430176,1564.075657043929,1584.9854736328125,5216471
2025-01-29,1586.601465377702,1593.3592362705992,1560.3050390752305,1567.4544677734375,5009227
2025-01-30,1573.5756453176868,1611.037069517956,1562.3127334666256,1606.9237060546875,4283637
2025-01-31,1605.3076448713791,1605.3076448713791,1541.7946419255927,1592.7716064453125,8340866
2025-02-01,1593.457234669187,1610.1067570965847,1576.024157482561,1589.7845458984375,2741589
2025-02-03,1586.503594361229,1626.7562383593265,1574.9468195002435,1618.2845458984375,4146970
2025-02-04,1627.8825396936547,1633.9057729850488,1595.4649651491256,1627.1968994140625,6385876
2025-02-05,1635.5706909498217,1640.6634380941864,1615.1015488110334,1626.217529296875,3920893
2025-02-06,1631.5552694486014,1632.9264304886667,1579.9906956383725,1586.356689453125,5229162
2025-02-07,1601.3412685835613,1672.3465824915468,1601.292251580089,1642.1815185546875,14873255
2025-02-10,1663.8258611521812,1664.9521762409597,1643.4547533162563,1658.1455078125,6782878
2025-02-11,1670.828463566607,1671.4650868333297,1651.4366199780725,1661.7691650390625,8965266
2025-02-12,1668.869644129977,1678.3696171700503,1649.7716640475035,1676.2640380859375,7148192
2025-02-13,1674.7460797210422,1692.7667632030439,1668.7718632304325,1679.251220703125,5356002
2025-02-14,1678.66346700579,1688.555217317204,1670.0938606252178,1681.650634765625,5125863
2025-02-17,1676.459988506573,1681.503838291885,1631.8980317505927,1641.00634765625,4906462
2025-02-18,1657.1171467569811,1660.985664378593,1621.6635062140265,1634.493408203125,7529598
2025-02-19,1635.570745505947,1638.949571380284,1604.671142582255,1611.281982421875,7776555
2025-02-20,1606.042291115048,1615.7872303866636,1593.7020807547667,1609.6170654296875,5524503
2025-02-21,1609.6170925915887,1624.5036768403306,1595.611858019855,1605.4547119140625,5447583
2025-02-24,1593.4572217245966,1603.7897672038362,1565.0550954615276,1568.287109375,4673190
2025-02-25,1564.0756459615916,1615.1505258127734,1564.0756459615916,1607.560302734375,6286808
2025-02-27,1609.5190704960446,1621.8592802393061,1604.8669982852132,1616.374755859375,7568745
2025-02-28,1608.0989003152085,1614.464893897771,1527.3487680009405,1537.828125,13640211
2025-03-03,1546.4468191727033,1569.7071813990185,1540.3256712184098,1562.9005126953125,6993525
2025-03-04,1556.2406815759798,1557.7097571092486,1535.673624110218,1542.8720703125,5219668
2025-03-05,1545.467381786604,1592.5757108948412,1544.5859126010873,1584.8875732421875,6295425
2025-03-06,1584.642714704449,1598.1092396285444,1557.6606478532499,1593.3592529296875,5174009
2025-03-07,1595.4159062255637,1608.5396705558314,1582.2921418952958,1597.080810546875,3035558
2025-03-10,1606.1891532670866,1620.7819932654293,1593.0653887138053,1597.32568359375,3778450
2025-03-11,1596.3953717296026,1641.8387976331303,1590.5680867524259,1628.666015625,6078564
2025-03-12,1655.1583080000062,1681.2589052292008,1600.3128256047398,1608.9803466796875,9907628
2025-03-13,1616.766517959291,1622.7407340944999,1596.0035136084095,1598.84375,8317331
2025-03-17,1578.9622290826883,1614.4159879653216,1578.9622290826883,1605.356689453125,6405522
2025-03-18,1605.356689453125,1605.356689453125,1605.356689453125,1605.356689453125,0
2025-03-19,1601.2921285732214,1608.1968305270643,1593.9467518366469,1603.3978271484375,6283464
2025-03-20,1625.776883315313,1674.4033061758093,1612.163426465975,1670.093994140625,12074465
2025-03-21,1674.4031462595856,1695.7047389312363,1657.1170023187558,1690.22021484375,14715349
2025-03-24,1704.1275090711138,1704.1275090711138,1679.4959869689217,1683.3646240234375,4120999
2025-03-25,1689.4367543165135,1704.6172005147198,1670.9263798802256,1694.8233642578125,4857399
2025-03-26,1703.2950037073958,1728.6120457356244,1690.5630169682665,1702.7073974609375,7142394
2025-03-27,1704.0784219460495,1710.395517805376,1677.9289280319506,1689.142822265625,6222339
2025-03-28,1697.5657818317122,1709.7590608367752,1625.776910204237,1697.6636962890625,4133264
2025-04-01,1679.6428642481715,1728.6120439638617,1673.2278538839514,1688.604248046875,6773056
2025-04-02,1684.5398635826323,1724.1069866147252,1681.552695654231,1718.426513671875,6431226
2025-04-03,1711.962673611111,1718.7693423695034,1699.6713605986702,1710.00390625,2341989
2025-04-04,1718.3285846256867,1734.292585669951,1704.1275219428298,1707.50634765625,7817334
2025-04-07,1694.333698317519,1738.161116236426,1634.9830736051072,1651.87744140625,14870388
2025-04-08,1685.2253839852283,1706.3801662830263,1671.6120470123005,1684.931640625,7206935
2025-04-09,1684.1970896124594,1691.2486039536727,1676.3130035396634,1680.181640625,5600666
2025-04-11,1723.7151821461289,1730.5708675296646,1696.6352009704297,1720.38525390625,8340002
2025-04-15,1770.9214425655305,1782.4782172903078,1744.380169944084,1761.71533203125,10313411
2025-04-16,1765.2411558332735,1788.844278437926,1757.1122235272528,1785.024658203125,6180958
2025-04-17,1796.1896696502415,1858.5763622631896,1788.060737282373,1850.1536865234375,10894325
2025-04-21,1859.2619215563914,1865.040308929045,1830.0762413340394,1844.5711669921875,3501123
2025-04-22,1849.0763878627756,1849.0763878627756,1798.9319912676267,1814.014404296875,6155127
2025-04-23,1828.5092503490482,1847.0196249997905,1798.2462720538554,1842.8082275390625,6855027
2025-04-24,1835.8546260356482,1839.0866398565374,1801.5761987690448,1807.5504150390625,5180688
2025-04-25,1808.6276562019516,1823.3184102823932,1768.7667912851523,1779.73583984375,4570083
2025-04-28,1798.1484111763282,1800.9886477190944,1776.0143642305343,1784.2412109375,3301891
2025-04-29,1786.1017951001916,1809.7050351278385,1780.1275791459118,1786.1998291015625,4684155
2025-04-30,1799.127741000645,1838.2051720240217,1789.3339046315616,1826.060791015625,9139821
2025-05-02,1813.8185074238856,1844.767006641983,1794.3287490111354,1810.0968017578125,3866806
2025-05-05,1829.4886745440615,1834.875284667184,1811.0762139381034,1827.5299072265625,3548839
2025-05-06,1849.3701036142118,1872.5814471618555,1843.7875453502033,1861.8082275390625,8597920
2025-05-07,1861.808309777994,1877.4784481033216,1846.6278632753329,1857.6949462890625,5554616
2025-05-08,1857.890815076663,1866.509439162061,1824.0041641314917,1836.2464599609375,5500724
2025-05-09,1816.7566326530948,1832.5246851767095,1798.638035508037,1810.292724609375,3686209
2025-05-12,1830.3701042090893,1844.5711669541938,1815.7772640982137,1832.23095703125,3936019
2025-05-13,1831.4473706707397,1844.8648784525835,1779.1482614157194,1783.0657958984375,8817763
2025-05-14,1792.2720126215197,1832.1328778676475,1782.674005388201,1796.3853759765625,7401614
2025-05-15,1811.7616920076102,1831.3493634287345,1787.375017177579,1828.7049560546875,8788351
2025-05-16,1796.1896015743437,1796.1896015743437,1772.7823085918399,1776.6019287109375,100662047
2025-05-19,1784.4369038893187,1790.9987261315525,1771.7049171985607,1780.813232421875,5799804
2025-05-20,1772.4885248335593,1787.2771935976427,1762.4008257173512,1771.6070556640625,12512596
2025-05-21,1775.6226128472222,1788.8442925347222,1768.0814063284133,1784.9267578125,6849562
2025-05-22,1782.3803981321564,1798.8339723623242,1778.85464076524,1793.643310546875,6496923
2025-05-23,1787.3751889834023,1803.8288823801695,1783.9473461552147,1793.93701171875,3460945
2025-05-26,1796.1894686637636,1811.8596057949633,1793.1534035053253,1809.313232421875,3254715
2025-05-27,1805.9834265621762,1819.3030201141573,1795.895727279977,1805.78759765625,5847725
2025-05-28,1809.9010006530016,1828.5092901618798,1807.0607641330178,1817.833984375,3713699
2025-05-29,1819.6947968347397,1828.5092495642944,1812.3494195601106,1825.1793212890625,5786774
2025-05-30,1815.7771666297294,1828.5091532350082,1805.0039471944938,1817.9317626953125,16712960
2025-06-02,1805.983371549025,1820.6741256559856,1793.7410764598912,1815.8751220703125,3199499
2025-06-03,1828.5093463706075,1830.9578055917787,1794.2309172742116,1803.3392333984375,5596977
2025-06-04,1816.7566340175993,1845.7463655607316,1811.8597158666082,1836.736083984375,5892170
2025-06-05,1845.158664763406,1850.0555826635211,1830.0761337203191,1840.06591796875,8999675
2025-06-06,1833.5040412553128,1843.1020485012896,1828.8030716367302,1831.6431884765625,4644174
2025-06-09,1835.3648533182923,1836.3442369113116,1810.5864005934377,1826.6483154296875,3649505
2025-06-10,1828.1174991773566,1836.9319520369907,1812.1536173971094,1818.8133544921875,7925901
2025-06-11,1819.5968546367014,1828.0195298724475,1809.70510396843,1821.849365234375,8907265
2025-06-12,1833.30819684999,1844.1793309710038,1793.838989688041,1806.17919921875,7346031
2025-06-13,1777.581273695314,1806.5710049919535,1777.581273695314,1802.4576416015625,4613000
2025-06-16,1804.1225208023632,1831.447347382601,1800.8906266274153,1822.9267578125,5722187
2025-06-17,1840.2618268610227,1840.2618268610227,1809.509157200723,1816.560791015625,6561555
2025-06-18,1809.5092379214143,1832.4268396232678,1805.1020114231221,1827.4320068359375,5069427
2025-06-19,1833.406182363812,1840.2618678747876,1825.66902766212,1838.3031005859375,4712312
2025-06-20,1841.2412131370274,1908.8186831936525,1835.3649113929732,1896.772216796875,16228526
2025-06-23,1890.210450398653,1908.8187398067225,1887.370213894056,1896.380615234375,2946463
2025-06-24,1910.6795910598546,1922.5301093411883,1889.3289796196211,1893.7362060546875,6837210
2025-06-25,1901.9631071416038,1929.3858501899895,1898.045572420406,1925.0765380859375,4152765
2025-06-26,1929.385719028242,1976.7879098430187,1925.7620474789437,1972.7724609375,9413241
2025-06-27,1968.5611570707292,1996.963283217521,1967.1899960356675,1985.30859375,6405854
2025-06-30,1976.3961578951812,1982.174545201148,1958.963081525383,1968.1693115234375,5597484
2025-07-01,1967.5817202822354,1988.9323313203035,1965.5250385620116,1977.767333984375,3769165
2025-07-02,1995.0045311240567,2003.6231552213676,1976.6901043593589,1991.380859375,6513288
2025-07-03,1999.7055655106897,2002.7416308862903,1971.4013543821982,1977.66943359375,5558647
2025-07-04,1985.2106785867777,1994.5148233556847,1963.7621525245636,1975.6126708984375,2178315
2025-07-07,1976.3961602018137,1994.0250654959825,1969.1486974479224,1991.9683837890625,4165432
2025-07-08,1984.2312691223447,1993.045721946679,1973.2622200957514,1988.1488037109375,3624619
2025-07-09,1993.0456522551126,1998.6280910271873,1957.2981503841977,1978.06103515625,2937734
2025-07-10,1986.7776124227605,1986.7776124227605,1921.844549338382,1923.9991455078125,5695845
2025-07-11,1901.963053326605,1918.7104898751322,1874.736139963181,1882.2774658203125,13103980
2025-07-14,1875.5197082005461,1887.7620039459805,1861.024782216484,1881.298095703125,5269381
2025-07-15,1885.1177416555859,1902.9424766831307,1883.5506321358125,1894.3238525390625,4163140
2025-07-16,1903.9217791883793,1903.9217791883793,1889.0351958145457,1896.67431640625,4211258
2025-07-17,1903.6279716002293,1904.8033037241096,1887.8599185892729,1890.112548828125,6256455
2025-07-18,1891.297532184274,1892.186370351953,1868.287196150176,1877.372802734375,4643961
2025-07-21,1871.2498968225996,1896.03790902182,1869.0771679217364,1885.4708251953125,5109654
2025-07-22,1885.4709045378984,1887.5449005198893,1859.5965870759885,1883.100830078125,4513541
2025-07-23,1896.1366273100134,1924.776190951675,1883.5945217985336,1919.640869140625,5194282
2025-07-24,1919.640869288336,1945.9102380372574,1909.6663041284937,1912.0364990234375,4150685
2025-07-25,1912.0365326436295,1928.4301900794749,1901.0745166840238,1913.814208984375,3896884
2025-07-28,1906.0124370549743,1906.0124370549743,1861.5717325640553,1866.805908203125,3575044
2025-07-29,1856.6338604698753,1899.6919407829134,1856.6338604698753,1894.4578857421875,3748040
2025-07-30,1909.9627019164334,1915.098023938185,1898.2105805189387,1908.580078125,5044683
2025-07-31,1889.2236775971553,1902.5558885995397,1872.039914861235,1890.507568359375,4674966
2025-08-01,1890.2112083270038,1895.840315741839,1854.6586464148972,1860.9791259765625,5192594
2025-08-04,1868.4846269252325,1896.0378862849125,1855.1524163208508,1890.8037109375,3074380
2025-08-05,1896.1366510069379,1913.5178795305437,1888.3348146343578,1907.7900390625,5167672
2025-08-06,1906.0123840294045,1940.3799094341891,1897.7167619779266,1905.716064453125,5461349
2025-08-07,1904.1359872478954,1909.2714297675527,1885.3721346386885,1898.704345703125,4268534
2025-08-08,1862.8555496510396,1870.262333439792,1832.932094923232,1835.499755859375,93801105
2025-08-11,1839.8450716527227,1842.8077851336448,1822.7600423581562,1834.314697265625,5266532
2025-08-12,1834.3147096906787,1841.820226449231,1824.1426784493622,1827.302978515625,4645011
2025-08-13,1829.9693807079097,1849.227018551301,1828.784343523411,1844.1904296875,6697206
2025-08-14,1849.7207591186288,1859.5964705928338,1843.597866225869,1850.5108642578125,3958631
2025-08-18,1868.9784718755761,1888.828628628729,1847.0544397398173,1868.781005859375,7146376
2025-08-19,1877.4715117278834,1907.7900187292848,1876.3852075604461,1885.964599609375,5706265
2025-08-20,1912.9253388505097,1927.7389062654595,1902.0620560795467,1904.4322509765625,6962619
2025-08-21,1906.0124292991263,1916.7769795648605,1903.7409673020275,1905.9136962890625,3376913
2025-08-22,1909.962613891984,1923.4922904951002,1893.5689568285607,1909.2713623046875,3271920
2025-08-25,1915.8880734007598,1915.9868064073212,1889.4211177737689,1906.70361328125,2451388
2025-08-26,1898.2104956306462,1901.8645812412458,1872.6323785689278,1881.0267333984375,5984656
2025-08-28,1869.472213737456,1876.1877458749298,1854.8561122867761,1857.7200927734375,5494113
2025-08-29,1849.2270046952606,1876.483944712588,1849.2270046952606,1865.324462890625,4339042
2025-09-01,1865.5219814877794,1881.1256545409544,1860.7815915454387,1876.977783203125,3421488
2025-09-02,1880.8292921474092,1893.6677173497806,1854.6586561579597,1863.7442626953125,4423049
2025-09-03,1867.4970827599643,1868.5833869365088,1846.7580881867443,1860.4853515625,3803044
2025-09-04,1875.397731091777,1879.8418015446011,1853.276111838205,1857.0289306640625,5205333
2025-09-05,1863.5467635620546,1886.952151639917,1852.3871613247754,1871.74365234375,2620140
2025-09-08,1874.4100683146278,1875.3976394781234,1860.682805031415,1864.238037109375,2547552
2025-09-09,1868.4846294024633,1880.335483288737,1859.5964889877582,1870.1634521484375,4517793
2025-09-10,1880.3355850574942,1881.3231562681335,1859.5965896340658,1867.8922119140625,3566139
2025-09-11,1860.5840691159176,1892.1863462983536,1858.7076597975863,1889.2236328125,4718266
2025-09-12,1901.0744991418314,1901.0744991418314,1877.9653096909897,1878.952880859375,3192824
2025-09-15,1880.3355601043581,1889.2237008821623,1874.8051855087938,1880.829345703125,3553258
2025-09-16,1879.6442589226012,1917.8632150381059,1878.8541537641588,1915.394287109375,5427586
2025-09-17,1914.0116969342262,1925.8625512000215,1908.5800553957365,1917.1719970703125,4234637
2025-09-18,1920.3321313076867,1925.566306706066,1896.630423335774,1916.974365234375,5080814
2025-09-19,1906.2099003473625,1952.2308151523634,1903.8398258870736,1938.009765625,11287603
2025-09-22,1929.7141103475217,1941.5649646587653,1919.8383984214852,1931.88671875,4469137
2025-09-23,1925.7638508912387,1930.701706919165,1906.111159789467,1914.604248046875,4348633
2025-09-24,1902.0620440339374,1913.2216463037748,1894.9515799410397,1907.0986328125,5237977
2025-09-25,1906.0123501909477,1925.7637735089886,1904.8273130131136,1911.542724609375,7133365
2025-09-26,1907.0987130100048,1920.5296571686774,1888.1373942628345,1892.7789306640625,3239306
2025-09-29,1904.0372461419377,1904.0372461419377,1873.9163249763105,1878.557861328125,5072608
2025-09-30,1872.4349394291717,1883.8907408973337,1851.893410859755,1855.0537109375,5945625
2025-10-01,1844.7829920417032,1853.6711327956514,1832.833404694242,1844.387939453125,5675393
2025-10-03,1828.1917317296138,1876.6815734160555,1825.1302851629223,1873.126220703125,5828332
2025-10-06,1869.0771580670203,1883.2982069178736,1864.0405692488132,1879.4466552734375,2809218
2025-10-07,1876.3852164435102,1921.8134901047742,1876.3852164435102,1905.0247802734375,5713060
2025-10-08,1905.024822261605,1938.2071900783988,1903.642198487338,1919.3446044921875,4957406
2025-10-09,1920.8259948667612,1924.578813669242,1907.2963175714692,1917.86328125,3945737
2025-10-10,1912.9253261820775,1923.3935563086916,1911.3452364455711,1915.789306640625,2512581
2025-10-13,1913.8141953753518,1941.4661881486695,1911.9377860408238,1930.6029052734375,3672419
2025-10-14,1939.5897682426169,1939.5897682426169,1915.0979551270627,1922.406005859375,4454239
2025-10-15,1932.874211233326,1951.4405971194756,1927.3438368905747,1944.0338134765625,3447352
2025-10-16,1937.9109209979117,1962.2051472416201,1937.6146014308795,1942.947509765625,3700674
2025-10-17,1949.0704075960111,2009.016049042492,1945.8114951160508,1986.9931640625,6743801
2025-10-20,2000.819253704416,2031.4339609427361,1994.5975069153783,2026.0023193359375,7387180
2025-10-21,2026.2985734971805,2032.9152521105889,2013.1638287235537,2018.1016845703125,240850
2025-10-23,2038.248079880311,2041.3096470077273,1978.6976095346013,1982.9442138671875,8790128
2025-10-24,1983.0429326806875,2007.7322122210348,1981.9566284915368,2004.0782470703125,3236799
2025-10-27,2004.7694155812908,2067.973968584839,2004.7694155812908,2054.246826171875,5796831
2025-10-28,2065.998867716355,2076.4672184599,2045.9511249374389,2064.22119140625,9891522
2025-10-29,2057.110837700071,2084.170192507201,2055.7283344436864,2074.4921875,2742750
2025-10-30,2044.2723734029337,2062.0486549107854,2033.0141582237939,2040.618408203125,4222189
2025-10-31,2030.4463225731627,2048.0251375948988,2026.1997183270773,2028.9649658203125,4659723
2025-11-03,2029.458803564971,2055.135654607642,2021.75570003092,2048.22265625,2979629
2025-11-04,2080.8124331611193,2109.0570647665995,2077.355934102712,2087.0341796875,12263078
2025-11-06,2088.7130703636412,2096.90995947568,2054.6418642513268,2068.86279296875,9546299
2025-11-07,2022.5457719154097,2022.5457719154097,1970.7970180936684,1976.327392578125,70392750
2025-11-10,1970.2044759274668,2003.584429555406,1967.4392284417588,1994.6962890625,7457061
2025-11-11,1994.9924739178298,2031.3350202322856,1992.3260800101352,2016.9166259765625,14825625
2025-11-12,2034.396616077751,2053.950573521495,2029.359906653702,2048.025146484375,8210277
2025-11-13,2073.800695841544,2080.812547903464,2053.160553911391,2065.801513671875,5958875
2025-11-14,2064.0238564457277,2081.7012848981435,2056.0244330954692,2074.5908203125,6312655
2025-11-17,2085.75028789569,2095.625999486105,2074.7881515878325,2085.94775390625,5998770
2025-11-18,2095.626147902284,2132.1662833746614,2084.0716127444325,2122.488037109375,10972556
2025-11-19,2128.2159089072215,2139.276657985165,2120.0190198303203,2132.956298828125,7419461
2025-11-20,2126.339531775546,2142.338136126123,2123.179111222048,2131.474853515625,7452899
2025-11-21,2123.3768165886067,2147.4734560986562,2121.8954598702126,2135.820068359375,6720938
2025-11-24,2135.227762664242,2138.8817278396996,2113.7972749931514,2125.35205078125,9686848
2025-11-25,2132.166105295353,2143.720639488166,2112.118362800138,2134.73388671875,7102592
2025-11-26,2077.849783725252,2108.3656370532426,2071.4305709903592,2100.366455078125,43174047
2025-11-27,2105.501734810856,2110.340737102211,2077.652276033199,2089.3056640625,4444877
2025-11-28,2091.675807612178,2103.032876444822,2070.3441731883636,2075.479736328125,6263457
2025-12-01,2088.4168196683736,2092.663424153835,2057.209713646303,2063.7275390625,5058900
2025-12-02,2063.8263903680922,2088.5156709469375,2061.1599962868277,2077.849853515625,6591396
2025-12-03,2073.9983364413933,2083.6763411431734,2055.728269568397,2060.073486328125,4357641
2025-12-04,2068.764202928744,2082.2938801798505,2048.3215272611046,2077.65234375,4611819
2025-12-05,2066.5914834930163,2085.65141378975,2064.02370206231,2082.590087890625,2938290
2025-12-08,2088.120455805432,2088.120455805432,2053.061678088443,2060.27099609375,4327091
2025-12-09,2060.863678954721,2074.294502940563,2054.543078455864,2063.7275390625,5139229
2025-12-10,2046.247426070392,2070.837851302198,2036.5691805636764,2041.3095703125,3987451
2025-12-11,2040.3221120043302,2043.4822916429123,2012.670118230796,2027.68115234375,3254850
2025-12-12,2027.5824025977115,2061.1598213348784,2025.1134747493904,2057.505615234375,2706420
2025-12-15,2044.3712473643945,2053.0616810810616,2035.8780385611733,2043.97607421875,3233614
2025-12-16,2044.371089167985,2080.417435351493,2044.371089167985,2075.87451171875,5756692
2025-12-17,2091.280828604945,2101.551472441295,2070.344126689988,2081.800048828125,6412516
2025-12-18,2072.9120220818895,2090.2933722588573,2062.1475920638436,2065.9990234375,3760341
2025-12-19,2087.6265339151837,2088.712958610383,2056.123111029228,2071.6279296875,10127415
2025-12-22,2091.6757556638554,2124.9568561517053,2075.578297236128,2120.907958984375,7670853
2025-12-23,2130.1909203006003,2137.1039181875285,2092.8606834899415,2096.5146484375,4110853
2025-12-24,2084.76282548779,2110.637142983157,2084.76282548779,2097.304931640625,3145464
2025-12-26,2096.6135262076054,2096.6135262076054,2075.6770663009197,2079.232177734375,1297870
2025-12-29,2079.232272760599,2086.441590619533,2053.55542199624,2055.728271484375,2371034
2025-12-30,2051.1852343409278,2076.66461768302,2045.8524466883603,2073.701904296875,6983390
2025-12-31,2069.9491520589277,2094.6384310672643,2064.1225786554564,2079.429931640625,2991434
2026-01-01,2088.5156239634994,2097.502377228279,2080.8125203749382,2084.170166015625,2097756
2026-01-02,2081.800160766766,2098.5888717406915,2071.9244484291626,2080.121337890625,2927138
2026-01-05,2075.973542269958,2085.8492543951065,2070.4430470373736,2078.83740234375,2642580
2026-01-06,2080.614901614532,2095.4284685411026,2061.5547306144313,2079.133544921875,9119265
2026-01-07,2069.554355063594,2077.6523908854297,2051.185433840431,2058.2958984375,4171371
2026-01-08,2062.0486549107854,2065.998939690308,2029.4588054797239,2040.618408203125,5534929
2026-01-09,2044.4698113831362,2058.0983419068393,1998.0539658602852,2001.905517578125,4165409
2026-01-12,1998.350250124698,2023.3358487922794,1976.426218507662,2018.595458984375,4689135
2026-01-13,2021.5581640128967,2024.422023933682,1989.8571538954727,2001.7080078125,7388496
2026-01-14,1990.054620204551,2008.7197392372914,1983.7341406705648,1997.3626708984375,4842964
2026-01-15,1997.3626708984375,1997.3626708984375,1997.3626708984375,1997.3626708984375,0
2026-01-16,1994.893733023803,2004.473125005689,1963.9827076522358,1991.3385009765625,7310676
2026-01-19,1997.8564917113652,1997.8564917113652,1971.4883894982622,1985.01806640625,4272071
2026-01-20,1992.918581914806,1992.918581914806,1952.5268977445612,1971.1920166015625,6076838
2026-01-21,1952.4281864091545,1982.154054261563,1942.552474793529,1971.290771484375,7952295
2026-01-22,1983.8330075478484,1993.807452219183,1965.2666213958255,1977.31494140625,6722567
2026-01-23,1984.030498573622,1986.6968925356227,1955.4896673904352,1960.032470703125,4340925
2026-01-27,1947.5891560827586,1978.895235722646,1938.3059626126596,1948.873046875,10510891
2026-01-28,1970.2044950583875,1970.2044950583875,1914.9005092321872,1933.3680419921875,9426909
2026-01-29,1939.5898544243773,1946.0090672827064,1914.9005742000345,1943.44140625,6065044
2026-01-30,1901.6670297269297,1949.4654986888927,1901.6670297269297,1944.2313232421875,7683747
2026-02-02,1912.0365284508803,1945.317749391463,1902.5558692783113,1940.972412109375,5326225
2026-02-03,2024.5209047467765,2024.5209047467765,1955.4896556401525,1972.4759521484375,6915795
2026-02-04,1983.0428892327334,2009.3122579774831,1973.5622302075833,2000.6217041015625,7464725
2026-02-05,1986.9932118148427,1997.7577617747622,1960.3287899863135,1967.6368408203125,7708690
2026-02-06,1969.2168801489804,2024.2245451796375,1963.7852388045374,2013.0650634765625,13870403
2026-02-09,2025.7059791967183,2029.656263961574,2003.4856273944054,2012.8675537109375,7570161
2026-02-10,2026.4961015551173,2031.4339575530587,1983.438021363694,1986.302001953125,9077763
2026-02-11,1987.8820240993398,1995.8813264331036,1971.8832988786914,1987.0919189453125,7423601
2026-02-12,1994.1036945654223,2001.8067980529831,1984.1292496773617,1989.462158203125,7437690
2026-02-13,1988.8696629147487,1999.041573938394,1967.2418295336483,1979.783935546875,4808543
2026-02-16,1985.0180967100746,2006.942128959951,1970.2045288241784,2004.177001953125,3455964
2026-02-17,2002.7943131900101,2013.1638103736861,1989.1657829559306,1995.1900634765625,4471158
2026-02-18,1994.9925654101178,2003.3869206454656,1989.9559763795341,1996.6715087890625,2182669
2026-02-19,2006.7446467170569,2006.7446467170569,1950.2556231901685,1963.884033203125,4712417
2026-02-20,1956.4772072700266,1968.9205798155008,1946.5027626325084,1952.8232421875,5180301
2026-02-23,1969.2169190561328,1975.6361316809398,1959.2424743189804,1972.4759521484375,3728878
2026-02-24,1972.475914555702,1972.475914555702,1897.914292411682,1916.8756103515625,10006761
2026-02-25,1930.7017125761574,1937.417245015064,1880.335580943736,1889.6187744140625,8285195
2026-02-26,1890.2112233962027,1910.9502180102677,1880.8292972612687,1905.6173095703125,10795028
2026-02-27,1886.2610149406055,1891.1988710006594,1846.8568994707498,1855.942626953125,13754648
2026-03-02,1827.1054642116926,1872.3362736702609,1824.932855779622,1849.9183349609375,11785758
2026-03-04,1837.9686774946206,1896.1366434270433,1792.7379903114106,1882.2119140625,20565585
2026-03-05,1895.1490717919385,1905.1235164802192,1873.6199721037467,1883.2982177734375,11398717
2026-03-06,1876.385248101966,1878.4591234760856,1843.894132063681,1847.5482177734375,10896859
2026-03-09,1808.2427814898845,1849.1282513425515,1795.5030895031166,1843.4990234375,8073518
2026-03-10,1857.4239213451783,1857.6213873596932,1823.5501816904166,1827.4017333984375,11741600
2026-03-11,1818.1185581057389,1824.7352368477207,1777.134353781248,1784.5411376953125,9548404
2026-03-12,1775.554221233877,1795.206911523239,1768.7399560864042,1778.9119873046875,12922735
2026-03-13,1758.9629549302274,1793.4292122498375,1754.5188847456875,1780.98583984375,8970772
2026-03-16,1775.6529894874043,1782.467254770144,1748.8898345017506,1766.5673828125,14261268
2026-03-17,1774.6654662083718,1811.6993866217351,1768.8387719527107,1804.2926025390625,7181491
2026-03-18,1804.09508784673,1845.770543606319,1804.09508784673,1832.339599609375,6428092
2026-03-19,1803.897549944028,1838.1663432984026,1793.7256388023666,1804.2926025390625,7145082
2026-03-20,1811.2055640682022,1837.771253213415,1811.2055640682022,1823.1551513671875,7691633
2026-03-23,1804.2925410683094,1807.2552546004413,1769.727549860104,1773.5791015625,6874051
2026-03-24,1793.7256096678125,1804.0951072151279,1758.8642982636834,1779.7020263671875,7535860
2026-03-25,1791.4540988288527,1826.2165557226956,1787.6025471628632,1812.0943603515625,12473682
2026-03-27,1817.032259179686,1833.8209694335987,1795.7994785644432,1820.9825439453125,24490425
2026-03-30,1795.404459196129,1801.8236720590414,1752.4451115750994,1760.2469482421875,14240129
2026-04-01,1788.4913480380824,1794.713094488286,1754.4201434509405,1759.7530517578125,10694662
2026-04-02,1743.0630952863276,1777.035567259756,1725.1880814226272,1767.4560546875,10857093
2026-04-06,1789.577752073109,1791.7504810506462,1741.4830827290216,1770.5177001953125,8183498
2026-04-07,1765.8760583054745,1817.1310282677834,1749.9761859187568,1807.5516357421875,10057628
2026-04-08,1840.8327194080457,1848.2395034185392,1817.3284765934955,1838.4625244140625,11587604
2026-04-09,1846.6594146125253,1846.6594146125253,1823.155171785176,1836.2899169921875,10113053
2026-04-10,1844.7829143340575,1851.3008598351064,1836.783612103083,1846.758056640625,5857988
2026-04-13,1815.1558562332882,1870.1635235681833,1815.1558562332882,1847.64697265625,10371983
2026-04-15,1857.127555027025,1867.398319138862,1830.561866874802,1832.6357421875,11049107
2026-04-16,1840.338915135399,1841.7215389139549,1800.5397479015621,1817.7235107421875,15871247
2026-04-17,1814.266944888646,1828.389260627552,1806.958894230423,1823.9451904296875,7344787
2026-04-20,1841.8202709853854,1841.8202709853854,1816.3408860395123,1823.1551513671875,9243641
2026-04-21,1807.2553000231637,1845.6718438993087,1807.2553000231637,1831.944580078125,10485373
2026-04-22,1827.2041611288694,1834.808531597159,1802.6137350263361,1806.2677001953125,5687058
2026-04-23,1799.1572552561386,1823.056430006809,1789.577742311552,1818.3160400390625,7489947
2026-04-24,1822.0687964600484,1827.6979038701402,1784.8374118213812,1791.9478759765625,6306448
2026-04-27,1793.5279867844245,1805.675160458021,1791.4541114275748,1797.478271484375,4413769
2026-04-28,1803.304973845387,1828.981824513503,1790.071495928887,1820.8837890625,10558455
2026-04-29,1825.03159727464,1876.7803528231393,1822.4639362375847,1864.6331787109375,7713013
2026-04-30,1836.8824091819024,1882.310683817584,1836.8824091819024,1863.349365234375,12709188
2026-05-01,1863.349365234375,1863.349365234375,1863.349365234375,1863.349365234375,0
2026-05-04,1849.9182415409805,1871.7436605351234,1799.0583269975498,1804.3912353515625,10707858
2026-05-05,1805.280177426069,1823.0564592606802,1778.6157546741522,1783.65234375,11407461
2026-05-06,1794.416789611275,1818.6122829219387,1791.2566101348034,1810.9091796875,5507749
2026-05-07,1812.1930828114023,1820.9824902664523,1798.5645525504826,1803.8974609375,7914845
2026-05-08,1797.379558622496,1817.9210875137167,1792.6391687081764,1811.6993408203125,4839183
2026-05-11,1791.4541675863443,1797.1821288020824,1734.1750376414666,1737.9278564453125,15803791
2026-05-12,1729.7309124435978,1754.4201918104775,1729.7309124435978,1734.965087890625,11945399
2026-05-13,1718.8676127570984,1775.652954747063,1718.8676127570984,1766.9622802734375,9825413
2026-05-14,1797.3795616123573,1865.7194395798856,1774.9617438728374,1860.09033203125,21279151
2026-05-15,1859.7939872467946,1899.0006351989316,1857.0288602905885,1881.7181396484375,15807294
2026-05-18,1881.1256701194588,1929.5166589230141,1866.904620727789,1914.01171875,13888648
2026-05-19,1904.432241563304,1917.8631851758478,1884.0882998579534,1889.7174072265625,8962228
2026-05-20,1890.2112388633832,1890.2112388633832,1874.1137804052098,1881.224365234375,5778742
2026-05-21,1887.248573752857,1891.4951781578525,1857.423971567338,1861.8680419921875,6419014
2026-05-22,1867.7934378406026,1873.0274928100464,1846.0668716841888,1848.1407470703125,5099120
2026-05-25,1868.9784971860931,1868.9784971860931,1839.9438797770422,1851.49853515625,5903841
2026-05-26,1850.7083446217582,1850.7083446217582,1821.8713151146414,1823.9451904296875,5803034
2026-05-27,1817.5260535063592,1846.1656181947292,1817.5260535063592,1829.1793212890625,8653155
2026-05-28,1829.1793212890625,1829.1793212890625,1829.1793212890625,1829.1793212890625,0
2026-05-29,1836.8824069782838,1836.8824069782838,1795.8982027365641,1806.2677001953125,52886264
2026-06-01,1807.255218040733,1819.1060719295247,1781.4796349432352,1788.0963134765625,6391656
2026-06-02,1762.8145806943191,1802.3174284409706,1755.3090637330802,1791.651611328125,10791294
2026-06-03,1807.1565500072857,1812.686924576928,1782.4672701846632,1801.4285888671875,5832363
2026-06-04,1792.4416612434447,1807.057762680342,1776.0480040446246,1796.293212890625,6735759
2026-06-05,1802.2186869457869,1805.0826675045578,1768.443679949568,1775.8504638671875,3926715
2026-06-08,1753.0375270605523,1797.478228881691,1748.9885094496947,1790.7628173828125,6324919
2026-06-09,1814.1682067158622,1814.1682067158622,1766.9622574162158,1776.6405029296875,10377475
2026-06-10,1776.6405954077302,1785.232416658435,1748.9886017048862,1753.1363525390625,7999362
2026-06-11,1750.9636768570203,1773.6778136690402,1746.61833961714,1760.4443359375,5020731
2026-06-12,1761.8270195687587,1802.3174387404622,1761.8270195687587,1799.8485107421875,5910557
2026-06-15,1818.118574020875,1833.9197131758635,1793.4292940912053,1818.3160400390625,5307277
2026-06-16,1817.3284012762938,1836.0922533252306,1814.365687794883,1829.9693603515625,5957732
2026-06-17,1829.9693895521034,1854.6586689578253,1818.6123210254714,1852.38720703125,7653632
2026-06-18,1855.448819958757,1855.448819958757,1838.6601095481026,1851.49853515625,4262944
2026-06-19,1851.0046779619659,1893.6677039576514,1843.9928262662233,1887.051025390625,15918432
2026-06-22,1891.9889460389197,1900.5807672252354,1877.372844112846,1892.7789306640625,3798060
2026-06-23,1883.890759112051,1903.74091572211,1873.1262091379713,1877.96533203125,5155908
2026-06-24,1867.694550058648,1870.5585305646887,1849.6220699642718,1853.9674072265625,8957457
2026-06-25,1861.5716145852227,1865.521899178507,1825.031482097343,1827.6978759765625,8521503
2026-06-26,1827.6978759765625,1827.6978759765625,1827.6978759765625,1827.6978759765625,0
2026-06-29,1814.2670004150261,1826.809226800286,1810.316715673802,1818.21728515625,10940130
2026-06-30,1829.9693826959665,1853.276038257023,1820.2911369839348,1828.9818115234375,7233634
2026-07-01,1822.661394780927,1863.546866844581,1822.661394780927,1847.7457275390625,4307333
2026-07-02,1837.6724606170815,1860.3865972707272,1827.2041098907312,1851.6959228515625,5282404
2026-07-03,1866.5095296823379,1889.2236668160383,1861.5716737837074,1886.656005859375,5087043
2026-07-06,1892.9764601311326,1908.6787452356762,1891.7913023994834,1901.7657470703125,2740217
2026-07-07,1899.5931620913436,1932.1830109860744,1893.1739494302603,1901.8646240234375,5767438
2026-07-08,1887.2485835453665,1900.284475304649,1851.7947529725336,1864.6331787109375,6188780
2026-07-09,1878.360336320119,1941.564890223635,1875.2001568461908,1907.0986328125,11145066
2026-07-10,1906.0123975990975,1906.0123975990975,1882.310689027917,1896.53173828125,6420887
2026-07-13,1890.2112843339596,1893.1739979457682,1873.1262542846123,1878.1629638671875,7862506
2026-07-14,1861.5717235105217,1916.9744440624643,1861.5717235105217,1912.431640625,6964062
2026-07-15,1929.417809863854,1929.417809863854,1892.7789423662703,1894.4578857421875,5763065
2026-07-16,1904.037199621479,1911.9377689145142,1893.1739168435556,1897.914306640625,4644787
2026-07-17,1894.1615344227657,1901.2719987394955,1879.0516470583107,1885.075927734375,4715613
2026-07-20,1877.570273509941,1918.3570113416981,1877.570273509941,1915.98681640625,6437294
2026-07-21,1922.208573455593,1927.7389479661829,1914.6042030195495,1924.1837158203125,5061312
2026-07-22,1918.2582993880105,1931.6892434321287,1915.3943188326245,1924.7762451171875,6589708
2026-07-23,1923.7887105126877,1924.6775487092787,1901.864677946781,1907.0,5612121
2026-07-24,1900.199951171875,1905.0,1878.0,1898.199951171875,4483600
2026-07-27,1892.0,1917.0,1890.0,1905.300048828125,5230299
2026-07-28,1901.0,1908.4000244140625,1892.4000244140625,1901.800048828125,6309089
2026-07-29,1915.199951171875,1957.0,1913.0999755859375,1950.199951171875,6315728
2026-07-30,1954.0,1963.199951171875,1943.9000244140625,1956.800048828125,5356472
2026-07-31,1969.0,1976.4000244140625,1947.4000244140625,1972.0,6529385
2026-08-03,1987.4000244140625,1987.4000244140625,1943.0,1970.5,4361200
2026-08-04,1980.0,1980.0,1936.0,1970.0999755859375,4977391
2026-08-05,2020.0,2031.0,1951.800048828125,1978.0,14286999
2026-08-06,1969.0,1970.0,1944.300048828125,1948.0,5391645
2026-08-07,1938.300048828125,1961.0,1938.300048828125,1959.9000244140625,3019876
2026-08-10,1955.0,1959.0,1935.0,1943.0,3671000
2026-08-11,1934.800048828125,1938.300048828125,1914.4000244140625,1915.199951171875,6798617
2026-08-12,1908.5999755859375,1945.0,1901.300048828125,1945.0,10871157
2026-08-13,1965.0,1970.0,1930.5,1939.0999755859375,13019222
2026-08-14,1939.0999755859375,2005.800048828125,1932.0,1992.0999755859375,12282580
2026-08-17,1984.199951171875,1993.199951171875,1969.300048828125,1969.300048828125,5537411
2026-08-18,1956.699951171875,1959.699951171875,1923.199951171875,1934.199951171875,6710275
2026-08-19,1924.800048828125,1941.800048828125,1922.0,1922.0,6252338
2026-08-20,1944.0,1952.199951171875,1933.0,1941.699951171875,4390604
2026-08-21,1950.0,1954.9000244140625,1940.5,1946.0,3016258
2026-08-24,1950.0,1952.5,1932.5,1935.0,2277098
2026-08-25,1926.0,1947.0,1923.4000244140625,1947.0,3820206
2026-08-26,1933.5,1942.9000244140625,1902.0999755859375,1902.0999755859375,4552921
2026-08-27,1915.0,1915.0,1878.300048828125,1878.300048828125,8757645
2026-08-28,1875.699951171875,1894.300048828125,1867.5999755859375,1882.4000244140625,6106300
2026-08-31,1880.0,1895.5,1811.9000244140625,1811.9000244140625,16921326
2026-09-01,1852.0,1877.199951171875,1848.5,1877.199951171875,9900740
2026-09-02,1869.0,1873.0,1854.9000244140625,1862.800048828125,4125938
2026-09-03,1855.5999755859375,1869.0,1855.5999755859375,1864.699951171875,1429516
