,Open,High,Low,Close,Volume
2002-07-01,0.02099262800489094,0.021964449623365787,0.02082601011568398,0.021436909213662148,18468968
2002-07-02,0.02140913183571063,0.02190898424694326,0.020937065665390893,0.021020324900746346,14604782
2002-07-03,0.02102032710752053,0.021298088595376664,0.02071487740017818,0.02079823613166809,3852022
2002-07-04,0.020992636927915864,0.02285302029164919,0.020992636927915864,0.02229769341647625,50100446
2002-07-05,0.02215885764112788,0.023408440905844163,0.02196445493850209,0.02310299128293991,29450709
2002-07-08,0.023241829409092314,0.024158177068378372,0.02215886377416393,0.022381054237484932,15449814
2002-07-09,0.022575348961156573,0.022575348961156573,0.019992925103816634,0.020103970542550087,25807513
2002-07-10,0.019854093300009357,0.020937058447537824,0.019826307068675508,0.02018732763826847,10828921
2002-07-11,0.019881885176829678,0.020242905848934917,0.019243199624191232,0.01935424655675888,6199754
2002-07-12,0.020020712750214147,0.020187329200714754,0.01940981356298313,0.019548645243048668,4025809
2002-07-15,0.019770839847856613,0.01979852659990005,0.01835463848682027,0.018743347376585007,4003144
2002-07-16,0.01863229788660671,0.019298768076374918,0.01841020699390513,0.018687870353460312,3478814
2002-07-17,0.018854493190099377,0.019076585621078525,0.01816023799479229,0.018215809017419815,4398417
2002-07-18,0.019243198777059378,0.019243198777059378,0.01816023483274584,0.018354637548327446,4147655
2002-07-19,0.018576827549604304,0.018576827549604304,0.017993616489800163,0.018104759976267815,3796898
2002-07-22,0.017854787061697193,0.017854787061697193,0.016688562305417473,0.016855180263519287,3890775
2002-07-23,0.016410898122549773,0.018243593164598733,0.016410898122549773,0.01788257248699665,16596666
2002-07-24,0.018243594042002247,0.018882180147698557,0.017521552652072378,0.017799314111471176,10950908
2002-07-25,0.018160235002345895,0.018826705308043062,0.017077269584868843,0.01721610128879547,6007440
2002-07-26,0.01721610761689614,0.01724389386536956,0.01649416259363861,0.016577521339058876,3911743
2002-07-29,0.01696622596031647,0.01696622596031647,0.014883653614149272,0.01549455150961876,7888758
2002-07-30,0.01613323132574695,0.01635532222170275,0.014272750433265998,0.01496690884232521,4625277
2002-07-31,0.01468924694289483,0.01543897643130401,0.014522629010640917,0.015105742029845715,5282308
2002-08-01,0.015661163057967865,0.015827780950019448,0.01449484073970514,0.014689243398606777,3562931
2002-08-02,0.014106137120848527,0.01613323491717981,0.014106137120848527,0.015466764569282532,4630687
2002-08-05,0.01585547491665437,0.017188415734283844,0.01585547491665437,0.01693844050168991,11224476
2002-08-06,0.01646637780821534,0.017049587637826033,0.016272071580671812,0.016577521339058876,2984820
2002-08-07,0.01677182155102452,0.017299460203516772,0.01627206716379695,0.016355326399207115,3833424
2002-08-08,0.016966224454520656,0.016966224454520656,0.015855472776830776,0.015938831493258476,2460171
2002-08-09,0.016632989132069457,0.016632989132069457,0.01571664160734817,0.016077663749456406,2362900
2002-08-12,0.016355325396585716,0.01646637232916934,0.01607766344211189,0.01629975438117981,1148195
2002-08-13,0.016494156080226162,0.016549728555227874,0.016133233454828047,0.016216494143009186,673932
2002-08-14,0.016077660608905208,0.016216492293202024,0.0157166385373177,0.0159110426902771,915006
2002-08-15,0.0159110426902771,0.0159110426902771,0.0159110426902771,0.0159110426902771,0
2002-08-16,0.016272066477340308,0.016272066477340308,0.01593883203804072,0.016077663749456406,1236521
2002-08-19,0.016077663749456406,0.01621649546087209,0.015994305030179543,0.016077663749456406,568705
2002-08-20,0.015661174818003516,0.016660781970528855,0.015661174818003516,0.016466379165649414,1730019
2002-08-21,0.016660774017860293,0.016660774017860293,0.015994303730373343,0.016216494143009186,2063025
2002-08-22,0.01627206812715437,0.01654973157813785,0.015911047411492178,0.015966618433594704,879011
2002-08-23,0.01627206607743437,0.01627206607743437,0.015716641221092478,0.015827786177396774,1223155
2002-08-26,0.01602208991546528,0.01602208991546528,0.015633381053837794,0.015716640278697014,1040741
2002-08-27,0.015716637249497928,0.01591104138652787,0.015438973903656006,0.015438973903656006,1957020
2002-08-28,0.015244580805301666,0.015438983601393163,0.014883658023940212,0.015244580805301666,1421127
2002-08-29,0.01516131299180494,0.015300143210567402,0.014883649628181254,0.01496690884232521,981162
2002-08-30,0.014883658979268573,0.01538341355283326,0.014828086476685662,0.015300152823328972,4281310
2002-09-02,0.015522332639823447,0.015661164313102202,0.01516131205993692,0.015272357501089573,1384673
2002-09-03,0.0153001424869917,0.015383403160247465,0.014772503994222906,0.014939121901988983,7384970
2002-09-04,0.014828076249127202,0.015466760175571243,0.0148002900170011,0.015272357501089573,1995526
2002-09-05,0.015411199511596016,0.01677182748616648,0.015161322229556734,0.016466379165649414,13977239
2002-09-06,0.01641089484575391,0.016910649110095672,0.015799997108066646,0.0160220880061388,9285700
2002-09-09,0.0162720615186292,0.016466367626020998,0.015716636817895924,0.01579999551177025,7662817
2002-09-10,0.01579999551177025,0.01579999551177025,0.01579999551177025,0.01579999551177025,0
2002-09-11,0.015855471978376164,0.016105447164645608,0.01568885404128705,0.015716640278697014,14956351
2002-09-12,0.015855468487004365,0.015855468487004365,0.01566116384266181,0.01579999551177025,6932453
2002-09-13,0.01602209072231049,0.016827392747850178,0.015688854831351063,0.015938831493258476,14566029
2002-09-16,0.01621649897916756,0.01621649897916756,0.015272365009850119,0.0153279360383749,16627498
2002-09-17,0.015383412565427456,0.01552234234991703,0.015133535294683835,0.015244580805301666,2042835
2002-09-18,0.015161311598079482,0.015300141804079778,0.014966907466470634,0.015022479929029942,4299484
2002-09-19,0.014828079778251759,0.015161315668372552,0.014800293539512453,0.015077956952154636,3623571
2002-09-20,0.015077953324699895,0.01555002080757176,0.014800289978857975,0.015438973903656006,1998284
2002-09-23,0.015466760135710498,0.01563337804068595,0.01521688302192307,0.015438973903656006,1241612
2002-09-24,0.015189102251839231,0.015383408434439074,0.014883654027153538,0.014994699507951736,1795291
2002-09-25,0.014828080015075174,0.015355718634373093,0.014800293775892088,0.01516131591051817,26058523
2002-09-26,0.01505026744614567,0.016327538932160924,0.01505026744614567,0.01588325761258602,48064222
2002-09-27,0.016022090963656317,0.016716347531792564,0.016022090963656317,0.01629975438117981,21314830
2002-09-30,0.016466369895462272,0.016549727137775878,0.01560559353088559,0.015855470672249794,4700767
2002-10-01,0.015661164272740443,0.01574442348155242,0.015300142230735045,0.015438973903656006,1156504
2002-10-02,0.015438973903656006,0.015438973903656006,0.015438973903656006,0.015438973903656006,0
2002-10-03,0.01552233658209459,0.015550024796950316,0.015105743432151996,0.01516131591051817,1167607
2002-10-04,0.01527235703584937,0.015411188704898911,0.014911434491260055,0.015022479929029942,897221
2002-10-07,0.015466759710970491,0.015994300156112803,0.015161311604511419,0.01579999551177025,5146425
2002-10-08,0.016022088801255926,0.017299456808218965,0.01577221165668457,0.01710505411028862,13646001
2002-10-09,0.017049577204181918,0.01766047634711075,0.016549724962830473,0.016660770401358604,7857289
2002-10-10,0.01649415765029136,0.016744134324223132,0.016049877733149618,0.01641089841723442,3800646
2002-10-11,0.01685517393627123,0.01685517393627123,0.016410892710572448,0.016521938145160675,2462434
2002-10-14,0.01660520755298165,0.01793814702991037,0.016494160596891204,0.01732724905014038,13867522
2002-10-15,0.01732724905014038,0.01732724905014038,0.01732724905014038,0.01732724905014038,0
2002-10-16,0.017549340036221325,0.01793814702991037,0.01716063106688055,0.01732724905014038,6680064
2002-10-17,0.017243887319365183,0.01768816720100448,0.01691065143900538,0.017604907974600792,3575024
2002-10-18,0.017771519793999085,0.01793813621374416,0.01735502483068279,0.01738271303474903,5287400
2002-10-21,0.01766047877643414,0.017854783448748995,0.016827390617551743,0.016910649836063385,3182404
2002-10-22,0.01732724304369662,0.01752154918036214,0.01643868189564374,0.01710505411028862,26541166
2002-10-23,0.017382721920469923,0.017382721920469923,0.016577517810587524,0.01693844050168991,9670330
2002-10-24,0.01702179359557205,0.01702179359557205,0.01657751374870104,0.01668855920433998,3451482
2002-10-25,0.016632986904790304,0.016660773140828478,0.015911043667676115,0.016272064298391342,1698267
2002-10-28,0.015966617488320862,0.016549730598341885,0.015911046469508316,0.016355326399207115,1134936
2002-10-29,0.016355326159444017,0.01704958275996234,0.0162720669252544,0.016771821305155754,3755812
2002-10-30,0.016855177131480756,0.01721609973414849,0.01666077296858906,0.01668855920433998,1769090
2002-10-31,0.01685517596380306,0.016938435177923122,0.01666077181437912,0.01671634428203106,591688
2002-11-01,0.01674413164781635,0.017521549323352457,0.01668855917640753,0.016994008794426918,5488660
2002-11-04,0.017160626836599437,0.017410504006192623,0.016966224119202285,0.01721610128879547,509055
2002-11-05,0.01735503284103925,0.01738272105788521,0.016660776224116478,0.016744134947657585,10679213
2002-11-06,0.016744134947657585,0.016744134947657585,0.016744134947657585,0.016744134947657585,0
2002-11-07,0.016994012546347987,0.016994012546347987,0.016466373876615818,0.016494158655405045,3491543
2002-11-08,0.016549736454891228,0.01679961373693051,0.016410904688489575,0.016466379165649414,1264171
2002-11-11,0.01682739332300305,0.016855179562762005,0.01588325955852281,0.016077663749456406,5158447
2002-11-12,0.015994305030179543,0.01629975469276987,0.015994305030179543,0.016077663749456406,908465
2002-11-13,0.01632753874615142,0.016410895991216444,0.016049875360501217,0.016272064298391342,2507870
2002-11-14,0.016605202131801625,0.016605202131801625,0.01618870705332632,0.016272064298391342,3182616
2002-11-15,0.016660776239277433,0.016660776239277433,0.016105449364701405,0.016244281083345413,909384
2002-11-18,0.01654972636643309,0.017382716457065097,0.01632753744623256,0.01671634428203106,8741852
2002-11-19,0.01671634428203106,0.01671634428203106,0.01671634428203106,0.01671634428203106,0
2002-11-20,0.017049579831322968,0.01721609973414849,0.016494155041448286,0.01668855920433998,4116822
2002-11-21,0.01682739370647592,0.017521552279373256,0.016716348232288618,0.01707727089524269,9105514
2002-11-22,0.017243885379345254,0.01771595144580026,0.017188410934058516,0.017410501837730408,6638341
2002-11-25,0.017660480308233664,0.018937750393114232,0.01757712159512873,0.018771132454276085,19651921
2002-11-26,0.018687877575950054,0.01918763202135188,0.018049193372770018,0.01816023886203766,6451507
2002-11-27,0.017938141752997995,0.018993320881923178,0.01788257074217609,0.01832685060799122,11097999
2002-11-28,0.018549041577519288,0.0187433462672123,0.018076973997431137,0.018465682864189148,2936273
2002-11-29,0.018632301826773695,0.01866008806607644,0.018021403974672712,0.01829906739294529,2349358
2002-12-02,0.01854903867368272,0.01932655430980172,0.01849346620682912,0.018687870353460312,4417192
2002-12-03,0.01890997068763674,0.019048802436731016,0.01785479116512669,0.018049195408821106,5543996
2002-12-04,0.017854785335082394,0.01835463769800076,0.017854785335082394,0.018243592232465744,2679677
2002-12-05,0.018576833833462574,0.01921542007234395,0.01824359784693059,0.019104374572634697,4392229
2002-12-06,0.01943760381138058,0.01971526722886412,0.01890996519130978,0.01935424655675888,8308640
2002-12-09,0.0197430517984027,0.0197430517984027,0.018437897490379263,0.018632300198078156,6068185
2002-12-10,0.017854786026233676,0.018632301826773695,0.017743740556400135,0.01829906739294529,6247665
2002-12-11,0.018687874300093023,0.018854490785435263,0.018160235678672084,0.01827137917280197,2995393
2002-12-12,0.01860451527247881,0.018882178686050282,0.018243592629786205,0.018493469804525375,2307140
2002-12-13,0.018715660227808014,0.018715660227808014,0.018188021615171246,0.018493469804525375,2091170
2002-12-16,0.018854490695174683,0.018854490695174683,0.017938143190144338,0.018076974898576736,3334056
2002-12-17,0.018188022148354705,0.018215806924951877,0.017827000007702938,0.01788257248699665,841036
2002-12-18,0.017549336585991736,0.018382424875454332,0.017549336585991736,0.01788257248699665,1024617
2002-12-19,0.01788257248699665,0.018132449669060993,0.017799313255434764,0.01788257248699665,5645227
2002-12-20,0.01788257248699665,0.018215806924951877,0.017771527015787908,0.01788257248699665,3931049
2002-12-23,0.018410207427307337,0.018410207427307337,0.017382716616564323,0.017466073855757713,3398762
2002-12-24,0.017660481236329198,0.018326852076279668,0.01732724534114066,0.018076974898576736,6691131
2002-12-25,0.018076974898576736,0.018076974898576736,0.018076974898576736,0.018076974898576736,0
2002-12-26,0.018243591343950042,0.01896553606582726,0.01741050313762683,0.018632300198078156,13838599
2002-12-27,0.01890996519130978,0.019465390050604367,0.018715660491497605,0.01935424655675888,11523008
2002-12-30,0.019326557283144224,0.01968747991115044,0.018576827765108016,0.018771132454276085,8127746
2002-12-31,0.018854489704331436,0.01902110764316958,0.01860451451543794,0.018771132454276085,1835458
2003-01-01,0.01879892093218103,0.019048798126529404,0.0187156616965261,0.018993323668837547,1691478
2003-01-02,0.019132150911140414,0.01932655506537182,0.018354635244624502,0.01843789592385292,4562586
2003-01-03,0.018604516135083474,0.018715661095565952,0.018299067931567138,0.0184102114289999,3630997
2003-01-06,0.018604516842157054,0.020409427206979504,0.018326853405158893,0.02015955001115799,37244246
2003-01-07,0.02043720853276519,0.021631219339540576,0.019770837757062423,0.021547960117459297,44137275
2003-01-08,0.021492385662835276,0.021520171896756184,0.02082601348552437,0.021353553980588913,11696229
2003-01-09,0.021409128905643032,0.021409128905643032,0.020714872390419792,0.020937062799930573,3955658
2003-01-10,0.020714876952010575,0.02157575159209637,0.020464999737734274,0.02132577635347843,14408648
2003-01-13,0.021409135004599057,0.02196446195552112,0.02107590050213661,0.021825630217790604,23626036
2003-01-14,0.02182562149516982,0.022075596650050437,0.021270294766184368,0.021353553980588913,24583155
2003-01-15,0.021353557858509415,0.021492389565968363,0.021048109667674137,0.02124251239001751,3148565
2003-01-16,0.021409132586447253,0.022020030495370088,0.021186943601785777,0.02149239182472229,6935635
2003-01-17,0.021409128422412264,0.021631219339540576,0.021214724254399474,0.021547960117459297,2205909
2003-01-20,0.020992631401691643,0.02182562149516982,0.020992631401691643,0.021353553980588913,2516886
2003-01-21,0.021103681775750917,0.021686794874759593,0.020437211418572784,0.020770447328686714,1553262
2003-01-22,0.02113146420121397,0.02132577033726683,0.020631611889333035,0.021075893193483353,2042376
2003-01-23,0.021131466022344402,0.021131466022344402,0.02027059301397841,0.02057604119181633,3350957
2003-01-24,0.02085380074894048,0.020937061430504764,0.019493075507654258,0.019715264439582825,2798693
2003-01-27,0.019437604197447087,0.019743053860221207,0.01863230214389797,0.01882670633494854,3748422
2003-01-28,0.019520859009564236,0.019826308603179747,0.01904879296544812,0.019548645243048668,4024855
2003-01-29,0.019937451558425513,0.02149238476936624,0.019632003435759174,0.021186936646699905,4962031
2003-01-30,0.021409131923754137,0.021659009118231324,0.02035395263945721,0.02071487531065941,6720655
2003-01-31,0.02099263405200113,0.021020322265108863,0.01957643425556266,0.020215118303894997,2188088
2003-02-03,0.020464995672877958,0.020576041136345317,0.01963200692886474,0.019826311618089676,1824461
2003-02-04,0.02018733478928487,0.020881493381780275,0.019798527850629882,0.02015955001115799,2231331
2003-02-05,0.02024290579207733,0.020603828438841315,0.019881885120986112,0.020381737500429153,1357128
2003-02-06,0.02004849711881556,0.02077044173815769,0.02004849711881556,0.02046499215066433,1487354
2003-02-07,0.020631609936481207,0.02102031873305884,0.02043720579451538,0.02088148705661297,3012435
2003-02-10,0.02063161618595876,0.021325774778454168,0.01988188657415983,0.02015955001115799,8441552
2003-02-11,0.020548351110312023,0.020992630917679188,0.020076283606615248,0.020242901518940926,3834237
2003-02-12,0.02052056487703176,0.020576037856236396,0.01999292636982381,0.020242901518940926,1424345
2003-02-13,0.020242901518940926,0.020242901518940926,0.020242901518940926,0.020242901518940926,0
2003-02-14,0.02043721038167195,0.02043721038167195,0.019354246398537014,0.019437603652477264,902525
2003-02-17,0.0214091245991306,0.0214091245991306,0.01982630720204166,0.020103970542550087,1087591
2003-02-18,0.019965144114075385,0.02046499648758556,0.019965144114075385,0.02029837854206562,1123197
2003-02-19,0.020576042067363225,0.021409130336443497,0.020520569076805398,0.02124251239001751,15768181
2003-02-20,0.021409128001782084,0.021631218914546925,0.020937061915999543,0.021298082545399666,6640533
2003-02-21,0.021075894901968997,0.02132577206600839,0.021048108664326506,0.021159252151846886,1824285
2003-02-24,0.021186944514980637,0.021714583208370598,0.021186944514980637,0.02160353772342205,7528101
2003-02-25,0.021214725195231595,0.021964456176681642,0.021214725195231595,0.02190898172557354,7607304
2003-02-26,0.021797838150125624,0.023797150995645718,0.02154796098643748,0.023575060069561005,26471510
2003-02-27,0.023325085343868103,0.025102307410004084,0.022630928246389626,0.02454688400030136,21294039
2003-02-28,0.024741293025203066,0.02532440629639244,0.02232548558376284,0.022741980850696564,10977038
2003-03-03,0.022964162687345285,0.024769071505998726,0.022964162687345285,0.02454688400030136,8716570
2003-03-04,0.024185958411473633,0.0243802631041901,0.022603140633390823,0.023214038461446762,5348959
2003-03-05,0.02301963333505149,0.023713888342020702,0.022353261124647313,0.023075204342603683,6889315
2003-03-06,0.023214043922065705,0.024824548829821696,0.022880809422967007,0.023519493639469147,9325019
2003-03-07,0.023130777759713964,0.023991552702034142,0.02263092542898405,0.02376936376094818,6419613
2003-03-10,0.023519490775353067,0.024047129436017427,0.023158470075472917,0.023436231538653374,2002421
2003-03-11,0.022964164260821027,0.023963772553949426,0.022658716038833484,0.023686109110713005,3225399
2003-03-12,0.02376936834872937,0.023908200070347583,0.02349170490549295,0.023686109110713005,1241895
2003-03-13,0.023491698368232644,0.023519484602301226,0.0229363716362959,0.02299194410443306,480450
2003-03-14,0.02299194410443306,0.02299194410443306,0.02299194410443306,0.02299194410443306,0
2003-03-17,0.022853018473246573,0.022853018473246573,0.0222144324125634,0.022492095828056335,1008388
2003-03-18,0.022492095828056335,0.022492095828056335,0.022492095828056335,0.022492095828056335,0
2003-03-19,0.022797544195045906,0.023602748208699523,0.02274197317961854,0.023158468306064606,1668142
2003-03-20,0.023019638125114247,0.023602749775266947,0.02290859264816707,0.02335287258028984,1553792
2003-03-21,0.02321403932149197,0.02357506145683823,0.02296416214309978,0.023158468306064606,2483968
2003-03-24,0.0227975377611742,0.022964155662205527,0.022297685521129467,0.02235325798392296,2072254
2003-03-25,0.022186647339689766,0.022519883250747066,0.021492390740139842,0.021714581176638603,1357128
2003-03-26,0.022047810262682013,0.022325473625242266,0.021631217194533512,0.021742360666394234,1168597
2003-03-27,0.021409128422412264,0.022047812448999515,0.021409128422412264,0.021547960117459297,812643
2003-03-28,0.021631225647506067,0.021881200898331343,0.02146470715478441,0.021575752645730972,371228
2003-03-31,0.021381344234988008,0.02157574842163132,0.020020716829337936,0.020381737500429153,631714
2003-04-01,0.020576045223258017,0.021409133620114998,0.020520572224191902,0.02132577635347843,341386
2003-04-02,0.02140913350921885,0.021714583208370598,0.02124251553810054,0.02160353772342205,415462
2003-04-03,0.022186645127981443,0.022186645127981443,0.021770150024369588,0.02190898172557354,272295
2003-04-04,0.02182562447547769,0.02204781342677749,0.021631220298843453,0.02190898172557354,489325
2003-04-07,0.022186646861275715,0.02340844405416916,0.022186646861275715,0.023269612342119217,2043931
2003-04-08,0.02340844935736169,0.0247412908613252,0.023075213377995278,0.024324797093868256,6718003
2003-04-09,0.024546879939916163,0.024796853644161548,0.022825327199622505,0.023075204342603683,2973294
2003-04-10,0.023241826267122886,0.023658321406227555,0.021825626335410145,0.021936671808362007,1630626
2003-04-11,0.02257535709061039,0.02407481779614661,0.02193667294808844,0.023602750152349472,4904644
2003-04-14,0.023602750152349472,0.023602750152349472,0.023602750152349472,0.023602750152349472,0
2003-04-15,0.024158169014765273,0.024185955249341508,0.02301963273476216,0.023547271266579628,2084205
2003-04-16,0.023797153021334852,0.02390819849382975,0.02321403993151184,0.023713892325758934,1010863
2003-04-17,0.02351948810699954,0.023602747334253233,0.022575354395181744,0.023214038461446762,2061646
2003-04-18,0.023214038461446762,0.023214038461446762,0.023214038461446762,0.023214038461446762,0
2003-04-21,0.023602746573079095,0.023713890059281484,0.023214037712808246,0.02349170111119747,1196672
2003-04-22,0.023214040015237077,0.024380264736039586,0.023214040015237077,0.023935984820127487,3052143
2003-04-23,0.02360274752384521,0.024158172367318053,0.02335287035270342,0.023852722719311714,1773439
2003-04-24,0.02379715150113821,0.024408049328855163,0.02379715150113821,0.024269217625260353,2314707
2003-04-25,0.024269222571339514,0.02576868340260349,0.024241436327483008,0.02443584054708481,8725092
2003-04-28,0.02446361889864416,0.024491405133536447,0.02413038305466,0.02418595552444458,5235493
2003-04-29,0.024491410795245604,0.024880118248461217,0.024158174874226893,0.024213649332523346,2366153
2003-04-30,0.024213643735024645,0.02446361889864416,0.02415816928955229,0.02418595552444458,1151342
2003-05-01,0.02418595552444458,0.02418595552444458,0.02418595552444458,0.02418595552444458,0
2003-05-02,0.023908201785169777,0.02443584049202332,0.023908201785169777,0.024241436272859573,1544175
2003-05-05,0.024546887498166994,0.024963479255127288,0.024019345351418454,0.02443584054708481,3236856
2003-05-06,0.024824544324317906,0.025129993986284092,0.02399155552057557,0.024130387231707573,2067904
2003-05-07,0.024408051866697825,0.024435838107780574,0.023158469843144174,0.02335287258028984,1856744
2003-05-08,0.023741678738613343,0.023991555925391417,0.022714187702668327,0.022880805656313896,1528900
2003-05-09,0.022297687665202806,0.023241821236332852,0.022297687665202806,0.02299194410443306,700769
2003-05-12,0.023297298699617386,0.02340844218724711,0.023075206309952394,0.023297298699617386,966736
2003-05-13,0.021409129660797797,0.02374167696062406,0.021409129660797797,0.022769758477807045,1992697
2003-05-14,0.02140912695768672,0.024546879304766137,0.02140912695768672,0.024408046156167984,4731741
2003-05-15,0.024796853860876922,0.025740889457813623,0.024796853860876922,0.02488011308014393,7225327
2003-05-16,0.025296612258068535,0.025518802691126108,0.02446362344375767,0.024658026173710823,2330830
2003-05-19,0.025157773941157136,0.025379964315888834,0.023408438051579047,0.023908192291855812,4112756
2003-05-20,0.02335287217211612,0.024769072130029362,0.02335287217211612,0.024352578446269035,2369300
2003-05-21,0.02496347762644291,0.025296614068805023,0.02479685966156822,0.02496347762644291,7454556
2003-05-22,0.02518556269639627,0.02635178869031831,0.02474128138978959,0.02488011308014393,11790565
2003-05-23,0.02610191344845133,0.02610191344845133,0.02488011489435091,0.025185564532876015,11584355
2003-05-26,0.025546589705935853,0.026185272370943716,0.02518556754903608,0.025657635182142258,5828950
2003-05-27,0.026074125256081743,0.026074125256081743,0.024991158483649942,0.025491012260317802,4015661
2003-05-28,0.02574089148574069,0.02574089148574069,0.024963473753455222,0.025074519217014313,3029867
2003-05-29,0.02524113588170539,0.025379967575988104,0.024602450395584827,0.024907900020480156,1527309
2003-05-30,0.025018947156572116,0.02515777886016693,0.024074814908327833,0.024269217625260353,1846808
2003-06-02,0.024546877096728172,0.024963468677162884,0.023991548941436635,0.0240471214056015,2143961
2003-06-03,0.02440804642885958,0.024546879579008803,0.02360274451684091,0.02418595552444458,2177445
2003-06-04,0.024519094835823804,0.025296610606647358,0.024519094835823804,0.025018947198987007,2525620
2003-06-05,0.02524113957625437,0.02551880300546143,0.025018949140459903,0.02521335333585739,2547648
2003-06-06,0.024852330577260568,0.026074129225776246,0.024796857585205542,0.0253799706697464,7180033
2003-06-09,0.02574089772507586,0.027851356042384312,0.025102311539295333,0.027268143370747566,12438191
2003-06-10,0.02857329001265548,0.02857329001265548,0.025379967882990326,0.026074126362800598,23317640
2003-06-11,0.02671281240507774,0.02732371174171753,0.025935298040237358,0.027018262073397636,7258634
2003-06-12,0.028517710896443824,0.028517710896443824,0.027184870159356597,0.02779576927423477,13197585
2003-06-13,0.028017857686453963,0.029434056990048803,0.02776798061129361,0.028295617550611496,10324497
2003-06-16,0.02835110695425292,0.02835110695425292,0.026907217296120497,0.027046049013733864,5176834
2003-06-17,0.027379282370434903,0.02776799124592337,0.027101618961175394,0.02751811407506466,3825610
2003-06-18,0.02776798834910267,0.028712120505891094,0.027184875353014552,0.028017865493893623,5831566
2003-06-19,0.02768473459560131,0.028573294456808954,0.027018262761429202,0.027545902878046036,4651654
2003-06-20,0.027767992575613958,0.028073442237900943,0.02718487949077135,0.02737928368151188,2305054
2003-06-23,0.027462544166573965,0.027767993842800077,0.026990476531735107,0.027046049013733864,1999026
2003-06-24,0.02732371188674978,0.028351106370902504,0.02707383469766388,0.02818448841571808,5369254
2003-06-25,0.028351107235816755,0.032238685051451825,0.028184489275549274,0.03098910301923752,19920610
2003-06-26,0.03135013568810878,0.032127650341381576,0.029600699188764873,0.030406000092625618,9132669
2003-06-27,0.03054482142345361,0.03248856203805856,0.029600689076604597,0.031822189688682556,9458038
2003-06-30,0.032433087548067965,0.034710063976083,0.03143338276511462,0.03407137840986252,13395486
2003-07-01,0.033904757540621576,0.0352931740254594,0.03254413021930637,0.03326607495546341,5347332
2003-07-02,0.03351596481128999,0.03471007413505984,0.031544437469449405,0.03184988722205162,7230383
2003-07-03,0.03015602338486607,0.03348827805075121,0.03015602338486607,0.03184988722205162,6138018
2003-07-04,0.031933236010021494,0.03351595743309882,0.03173883473069529,0.03229416161775589,6587743
2003-07-07,0.03332165911618044,0.033488277111783385,0.030822491595641974,0.03107236884534359,4453399
2003-07-08,0.031738838968916994,0.032488567235418195,0.031127939516619733,0.031266771256923676,4638572
2003-07-09,0.031461175767580944,0.031738839250653565,0.03051704033521349,0.0306558720767498,4108725
2003-07-10,0.03054483107663577,0.031738843922025084,0.03015602547928858,0.030461475253105164,1986721
2003-07-11,0.03054482001083313,0.031100146857527988,0.03054482001083313,0.03057260625064373,1901401
2003-07-14,0.03126676645722181,0.03193323537219219,0.030905843782796035,0.03098910301923752,2345857
2003-07-15,0.030989108417736468,0.03118351265314573,0.029739526167837017,0.030433781445026398,2367249
2003-07-16,0.029795098307844558,0.031072367301358737,0.029795098307844558,0.0306558720767498,4446257
2003-07-17,0.030655857833925475,0.031072352865029285,0.028961994915376637,0.02954510785639286,2408371
2003-07-18,0.02973952061169955,0.02973952061169955,0.028962003302725366,0.029045362025499344,1426360
2003-07-21,0.02951742281949509,0.029711727486178258,0.028656546987223138,0.028767691925168037,2295896
2003-07-22,0.029350802876542313,0.02973951167047191,0.02857328580132977,0.029184184968471527,4009120
2003-07-23,0.02968405439627165,0.030156022650242663,0.029184200407624362,0.029517436400055885,3416300
2003-07-24,0.029739518392927565,0.029989492129116984,0.028795383196227636,0.0292674507945776,1222802
2003-07-25,0.028962001380566954,0.029739518637938653,0.028962001380566954,0.02935080975294113,848744
2003-07-28,0.02954511654459857,0.03007275666237449,0.029461857308835902,0.029711734503507614,4433457
2003-07-29,0.03010053660148997,0.03010053660148997,0.029378594778206625,0.029684044420719147,2854206
2003-07-30,0.029961698233771396,0.0319054411207893,0.029739510793211976,0.03051702491939068,13034865
2003-07-31,0.030517026557160723,0.030905834847840888,0.029545108243914757,0.02982287108898163,3148247
2003-08-01,0.03012831775383631,0.030517026557160723,0.0294062765650592,0.02982287108898163,1662378
2003-08-04,0.030156023216171304,0.030822492287441595,0.029739527961518655,0.030239379033446312,2469082
2003-08-05,0.0305170280481901,0.031572208551460784,0.030044963448173027,0.030156008899211884,4399690
2003-08-06,0.03046146352957475,0.03090584145565077,0.029906136695421106,0.03032263182103634,1609305
2003-08-07,0.03135013270863592,0.03221090654444796,0.03037821095493489,0.03184988722205162,5624755
2003-08-08,0.03232194417742887,0.033710360849989775,0.03232194417742887,0.03348826989531517,10908654
2003-08-11,0.03371035311249664,0.03384918479914846,0.032932835974829655,0.0330994538962841,4961041
2003-08-12,0.03348826905670532,0.03348826905670532,0.03160000147843563,0.03179440274834633,2631271
2003-08-13,0.032516346714921665,0.032516346714921665,0.03146116894183438,0.03215532749891281,3571099
2003-08-14,0.03223868335936455,0.03304388738977997,0.031794401984431425,0.03257191926240921,4050560
2003-08-15,0.03257191926240921,0.03257191926240921,0.03257191926240921,0.03257191926240921,0
2003-08-18,0.032821800434060903,0.03529318135388878,0.0325163507337191,0.03451566398143768,8697936
2003-08-19,0.03629278194404784,0.03943063140751063,0.035709671790211,0.038902994245290756,25996681
2003-08-20,0.03906961376484535,0.03926401796176194,0.03693146898700875,0.03834766894578934,6903246
2003-08-21,0.03768119890967275,0.03906961258594474,0.03737574924689863,0.03765341266989708,4407822
2003-08-22,0.03848648943063375,0.03906960236384166,0.03693145820994254,0.03773675858974457,7230524
2003-08-25,0.03748678885329983,0.03806990184783637,0.03412684894069198,0.035876281559467316,2322026
2003-08-26,0.03609837039601636,0.03729247901644371,0.03473774043470528,0.03662600740790367,5304513
2003-08-27,0.03690368502247239,0.03829209882627091,0.03690368502247239,0.03806991130113602,5338881
2003-08-28,0.038486494144829304,0.039486102226005446,0.037736763212105874,0.03904182091355324,5593533
2003-08-29,0.04006922253983482,0.04404006276547548,0.03987491781356736,0.04281826689839363,16480619
2003-09-01,0.04362355832453035,0.04431771681543353,0.04148541674242928,0.041874125599861145,3889184
2003-09-02,0.042846042215405354,0.04556729963702038,0.042846042215405354,0.04512301832437515,6587990
2003-09-03,0.04523406897161389,0.045983896551977245,0.040874520417470236,0.04206852987408638,3699097
2003-09-04,0.04254060295807668,0.04323485814967311,0.04134659334761537,0.04217958077788353,1960309
2003-09-05,0.04323485992316819,0.04323485992316819,0.04084674111689529,0.04159647226333618,2058004
2003-09-08,0.04223514787571446,0.04251281129241811,0.0400692169717223,0.04076347500085831,2254986
2003-09-09,0.040652425346138915,0.04204073936061909,0.03926401184429209,0.039486102759838104,2408088
2003-09-10,0.03973608161426427,0.04004153127818621,0.037875600316951995,0.038541972637176514,2492949
2003-09-11,0.03890298500938929,0.039680499167742404,0.03712586287808648,0.037347953766584396,3707477
2003-09-12,0.03787559713428929,0.038680801098873945,0.036542756044557936,0.03768119588494301,1566733
2003-09-15,0.036903680685261744,0.03787559920207979,0.03657044479126856,0.03676484897732735,1805509
2003-09-16,0.036098370874924096,0.0376811882964321,0.0350987629362023,0.037486784160137177,1627020
2003-09-17,0.037958863991461596,0.038680805894182636,0.036681592292376546,0.037292491644620895,1902993
2003-09-18,0.0372369137926492,0.037653408885284186,0.03534864645234572,0.03576523810625076,923563
2003-09-19,0.035848503373332015,0.03668159019231767,0.034987726876225686,0.03593185916543007,879259
2003-09-22,0.036681590436925905,0.036681590436925905,0.03501551334912296,0.035293176770210266,700380
2003-09-23,0.03607070133776562,0.03926402763389346,0.034876592034981835,0.03870860114693642,2757571
2003-09-24,0.039264026263013486,0.03962494900515717,0.038236532067350296,0.0388474315404892,2820191
2003-09-25,0.03876415710588778,0.039180652177882615,0.037736762800021494,0.03879194334149361,1113685
2003-09-26,0.038486498895334974,0.039930388467187,0.038486498895334974,0.039319489151239395,1718245
2003-09-29,0.040013742712590505,0.041068923355047034,0.039680506828157124,0.04009700194001198,2239888
2003-09-30,0.04045802013689669,0.0408467289727684,0.040069211813660896,0.04051349312067032,1149928
2003-10-01,0.040458022845218905,0.04079125871962431,0.03943062847194452,0.04043023660778999,1336338
2003-10-02,0.04043023660778999,0.04043023660778999,0.04043023660778999,0.04043023660778999,0
2003-10-03,0.04087451855078511,0.04254059553405327,0.04045802344528633,0.041068922728300095,4247224
2003-10-06,0.041263333564229045,0.04323486064694399,0.041263333564229045,0.04251281917095184,2847912
2003-10-07,0.042735001663219085,0.04323485257896929,0.04126332586415725,0.04206852987408638,2051321
2003-10-08,0.04223514760408417,0.042651642726461006,0.04134658780749573,0.04248502478003502,1659903
2003-10-09,0.04329032023047097,0.0436791256029232,0.0420407356081193,0.04223513975739479,1088192
2003-10-10,0.0424573329156468,0.04265163759026502,0.041457628283576645,0.04154098406434059,773006
2003-10-13,0.04220735788788651,0.042457334530619416,0.039680504561554975,0.04095787554979324,1609906
2003-10-14,0.040846739486137006,0.04140216295228098,0.039069616726792204,0.03959715738892555,1436614
2003-10-15,0.039236228495424894,0.04117996891654442,0.039180656018765456,0.04029140621423721,1857522
2003-10-16,0.04084672274716564,0.04126331431637705,0.04009699193789628,0.04037465527653694,2095555
2003-10-17,0.04026362358733299,0.04070790497833619,0.039069614057149954,0.03940284997224808,1229378
2003-10-20,0.040791261845296044,0.040791261845296044,0.03898625356128377,0.03909739851951599,818902
2003-10-21,0.039069612279957935,0.039985958335004235,0.03876416261957605,0.03909739851951599,1238642
2003-10-22,0.03945831666509141,0.03945831666509141,0.0380422134831477,0.038264304399490356,888310
2003-10-23,0.03848648931001135,0.03906960224139169,0.03793106604979546,0.03815325349569321,611701
2003-10-24,0.03815326287582755,0.03843092629357308,0.03648718580807646,0.037847813218832016,1049439
2003-10-27,0.037681192456653405,0.040458019333657294,0.037681192456653405,0.038569752126932144,1807171
2003-10-28,0.03906961617450942,0.03906961617450942,0.0376812023707109,0.03806991130113602,836828
2003-10-29,0.038875206788379135,0.04384575112838653,0.038875206788379135,0.04284604638814926,12778375
2003-10-30,0.0432070754468441,0.043679140191014425,0.0416520407080005,0.0432070754468441,8326107
2003-10-31,0.04292940300126366,0.04601158025086066,0.04292940300126366,0.04356798902153969,10680663
2003-11-03,0.04445664022837408,0.04562286315804273,0.043262531579101204,0.043540291488170624,4718093
2003-11-04,0.044789781274203425,0.04656700303867984,0.04265163691446596,0.046289339661598206,10455217
2003-11-05,0.04620597627872074,0.04917720703019536,0.045622863348404076,0.046483639627695084,16721198
2003-11-06,0.046816891743940554,0.05037123666342257,0.046650273779065866,0.04992695525288582,13240722
2003-11-07,0.05150967603929135,0.05192617120253821,0.049177223535200126,0.050093572586774826,9054597
2003-11-10,0.05012125089288976,0.05137083565939246,0.04959371033917393,0.050287868827581406,3172574
2003-11-11,0.05001020061563066,0.05078771774018427,0.049177210509768726,0.049399301409721375,2783348
2003-11-12,0.049593712974618606,0.05389778844137608,0.04951035425915842,0.0520927831530571,11232432
2003-11-13,0.052759240567596205,0.05320352184961975,0.0480386736729537,0.04956591874361038,5106081
2003-11-14,0.04934372154588029,0.051537440906456754,0.048399689057623554,0.051037587225437164,9526739
2003-11-17,0.05056553571283182,0.05470299330173146,0.05056553571283182,0.05403662100434303,10758027
2003-11-18,0.054730789621184266,0.054730789621184266,0.050787735491156935,0.051398634910583496,8299517
2003-11-19,0.05223161668357998,0.053342363998048835,0.050176827786991895,0.052037306129932404,11063206
2003-11-20,0.09596208399846409,0.10060798952693421,0.08935479403486249,0.09245200455188751,12715826
2003-11-21,0.09012904557076379,0.0965299033478594,0.09012904557076379,0.09596207737922668,4633904
2003-11-24,0.09585896119644043,0.0993175605582708,0.09467165500082995,0.09885285794734955,3045036
2003-11-25,0.10107251497010192,0.10546033491875059,0.09957565352190004,0.10050468891859055,8652218
2003-11-26,0.10050468891859055,0.10050468891859055,0.10050468891859055,0.10050468891859055,0
2003-11-27,0.10215669311937452,0.103756862846768,0.09916260047048292,0.10071130096912384,4399159
2003-11-28,0.10236313296340319,0.10396330281730393,0.09885286818592869,0.09905948489904404,2426333
2003-12-01,0.1013307819563707,0.10277598917241448,0.09947234134355325,0.10086607933044434,2177339
2003-12-02,0.10174365007697177,0.10396330012175327,0.09962730838606937,0.10308573395013809,4031396
2003-12-03,0.10318904060388302,0.10638955424228314,0.10184695675282875,0.10370521247386932,6364772
2003-12-04,0.1036020545343514,0.1053570015025386,0.10071128166703258,0.10112414509057999,2589053
2003-12-05,0.10174365368022875,0.10396330380361928,0.10029826140199467,0.1009177416563034,2198978
2003-12-08,0.1013822442634145,0.10370520239810893,0.09885285438987186,0.10174363851547241,2662917
2003-12-09,0.10251791189407176,0.1069057320441782,0.10251791189407176,0.10566677153110504,6477601
2003-12-10,0.10690574938443934,0.11062244658105268,0.10638957740208824,0.1084027960896492,6836490
2003-12-11,0.1091253443882093,0.11273872049369463,0.10618290666128197,0.10809300094842911,5589184
2003-12-12,0.10912537049817206,0.10979650486184599,0.10561510605040048,0.10602815449237823,3162214
2003-12-15,0.10840277264071603,0.10912537627060107,0.10546033405411716,0.10757667571306229,4078918
2003-12-16,0.10473755251654138,0.10948676654269957,0.10473755251654138,0.10783494263887405,4949868
2003-12-17,0.10840276680144409,0.1294121118205336,0.10840276680144409,0.1281733363866806,34630018
2003-12-18,0.12910239910694057,0.12910239910694057,0.1202754627205646,0.12151423841714859,7182720
2003-12-19,0.12373388801106175,0.12461145430282561,0.120223807789484,0.1213594600558281,3865176
2003-12-22,0.12352746735766582,0.1364326702193008,0.11950102987842837,0.1326126754283905,10303247
2003-12-23,0.13116725028672366,0.13116725028672366,0.1220820444730737,0.12337265908718109,5227750
2003-12-24,0.12435336508769129,0.1289992715208763,0.12037858225906677,0.12187562882900238,7510599
2003-12-25,0.12187562882900238,0.12187562882900238,0.12187562882900238,0.12187562882900238,0
2003-12-26,0.1235274297638717,0.12807002697718664,0.1220303834755557,0.12641820311546326,5500399
2003-12-29,0.12905089999180866,0.12905089999180866,0.1246114262283209,0.1263148933649063,3174908
2003-12-30,0.12203038130332587,0.12832811061215701,0.11815891851638008,0.12073995172977448,3073004
2003-12-31,0.123888820902222,0.12755385191922441,0.12280482307941512,0.12569542229175568,8543844
2004-01-01,0.12610846541016982,0.12610846541016982,0.12306291442752519,0.12368239462375641,2020524
2004-01-02,0.12528257610137397,0.12538587357977787,0.1217206571114569,0.12249509990215302,2540718
2004-01-05,0.12316605390981539,0.12564396413909887,0.11991405987320157,0.12048188596963882,2468587
2004-01-06,0.12166918069124222,0.12905090835885252,0.11981074003789885,0.12166918069124222,6347517
2004-01-07,0.12073992639515416,0.122391749880875,0.11686846442054959,0.11960427463054657,2736462
2004-01-08,0.12068830481373866,0.1301349047845032,0.12068830481373866,0.12626324594020844,9954011
2004-01-09,0.12822498721353381,0.1323545467943331,0.10546032562095133,0.12073995172977448,5008669
2004-01-12,0.121669185775314,0.12295961549507324,0.11913979556822128,0.1197076216340065,2723733
2004-01-13,0.11872672538821694,0.12146254686129111,0.11206778722879027,0.11361630260944366,5620264
2004-01-14,0.11428743903845086,0.11795248077548084,0.11217091271093614,0.11377126723527908,6689045
2004-01-15,0.11511335977763044,0.11712657792138101,0.11428744783986607,0.11480361968278885,3984546
2004-01-16,0.11356469937106124,0.1165071388374814,0.11227426930846768,0.11428748816251755,4435543
2004-01-19,0.11506171408739306,0.12239178778723178,0.11062242485557806,0.11413249373435974,2574804
2004-01-20,0.1154747430007341,0.11691995004450847,0.11206778722879027,0.11361630260944366,3929634
2004-01-21,0.11428743410780252,0.11428743410780252,0.10546031570817095,0.10793805122375488,2871815
2004-01-22,0.09957563912976479,0.10840275786151331,0.09957563912976479,0.10499580204486847,2929095
2004-01-23,0.10065965368589704,0.11356466886948567,0.09957565573536124,0.11129337549209595,2090357
2004-01-26,0.11129337549209596,0.11129337549209596,0.11129337549209596,0.11129337549209595,0
2004-01-27,0.11356464022018378,0.11635211565991517,0.11206777911632604,0.11263560503721237,2583714
2004-01-28,0.11650708289025394,0.12022376773031403,0.10767996455446781,0.10871230810880661,3532594
2004-01-29,0.10907374568850979,0.11284208619330972,0.10396332104049907,0.1084027960896492,2141097
2004-01-30,0.10695737376824553,0.11051910741038755,0.10029825008324769,0.10220815986394882,1146746
2004-02-02,0.10220815986394882,0.10220815986394882,0.10220815986394882,0.10220815986394882,0
2004-02-03,0.1031890363403713,0.1031890363403713,0.09518782872896936,0.0964784324169159,1148195
2004-02-04,0.09658158641572773,0.0980269679751711,0.09441359023058363,0.0949297621846199,1543680
2004-02-05,0.09585894652089952,0.10690570320608948,0.09585894652089952,0.10122745484113693,5250450
2004-02-06,0.10277599702901723,0.10463442690475662,0.09807861085417817,0.10004017502069473,1063441
2004-02-09,0.102414764635768,0.10251788802420683,0.10065963263272562,0.10169197618961334,691187
2004-02-10,0.10174362517130825,0.10282762283987912,0.0999368390934187,0.10112414509057999,444880
2004-02-11,0.10225981164993604,0.10225981164993604,0.09751077192278626,0.09849164634943008,864231
2004-02-12,0.09967877541206037,0.10396329782145762,0.0963234842098019,0.0977688655257225,1765130
2004-02-13,0.0980269561698389,0.10019513703934964,0.09709774667633599,0.09905948489904404,1333474
2004-02-16,0.09942069649696351,0.10102105133239246,0.09854313028281508,0.0994206964969635,2118644
2004-02-17,0.09957562611941384,0.10081440128924966,0.09518780737826088,0.09735597670078278,2003198
2004-02-18,0.09854312712127059,0.1002982594932578,0.09844000371115426,0.09983374178409576,1175810
2004-02-19,0.10138226248165463,0.1058732061657066,0.09787218250875333,0.09880121797323227,6614049
2004-02-20,0.09585895654110664,0.10215668565379567,0.09585895654110664,0.10081441700458527,2867748
2004-02-23,0.10174365174398518,0.10318904399471257,0.09890452142031629,0.09983374178409576,1843732
2004-02-24,0.09828501757830865,0.10174362731404084,0.09771719164991713,0.1012791097164154,1270960
2004-02-25,0.10029823879137711,0.10251788841438349,0.09637512220491491,0.09756241738796234,1383895
2004-02-26,0.09807860186169769,0.10065964604319542,0.09549756855934355,0.09606539458036423,682559
2004-02-27,0.09880119707534754,0.10432466836175301,0.096323472330849,0.10298259556293488,2215243
2004-03-01,0.10530537526951139,0.11996570784382038,0.10324069859246543,0.11764276027679443,15378637
2004-03-02,0.11764276027679443,0.11764276027679443,0.11764276027679443,0.11764276027679443,0
2004-03-03,0.11609403095491252,0.12239175943385729,0.11134500270558349,0.11769438534975052,9899099
2004-03-04,0.11578432572927504,0.11975909753185053,0.11511337621583959,0.11661042273044586,2780837
2004-03-05,0.1165071119340233,0.11872675121728764,0.11578432330947108,0.11717824637889862,1428941
2004-03-08,0.11800412969853588,0.12084325969692868,0.1165070943206808,0.11697161197662354,1600077
2004-03-09,0.1176427475708613,0.11872673453073268,0.11134501821471253,0.11790083348751068,1725953
2004-03-10,0.11722969789052887,0.11836534988988598,0.11516501057928627,0.11697161197662354,2107400
2004-03-11,0.11284204711413753,0.1157328311487622,0.11206778940874987,0.1138743907213211,1488980
2004-03-12,0.10912535905483321,0.11872672440221192,0.10912535905483321,0.11800412088632584,1955747
2004-03-15,0.11981072377726817,0.12239176770409328,0.11062240670366184,0.11160309612751007,2387015
2004-03-16,0.1128420383914817,0.11480360206075753,0.09652989663469458,0.1067507416009903,1572532
2004-03-17,0.10835107521481707,0.11428740837001618,0.10473751455058691,0.11015767604112625,925578
2004-03-18,0.11134503734171292,0.11284207299264785,0.1074219088001984,0.10876399278640747,1738859
2004-03-19,0.10876400783713003,0.10989966020079685,0.10628627130153702,0.10706052929162979,544202
2004-03-22,0.10396328592775464,0.106854059108027,0.10034989832619928,0.10231146216392517,2014301
2004-03-23,0.10287930527062564,0.11356467053182154,0.09771721644013098,0.10644102841615677,4252492
2004-03-24,0.1061829164338144,0.10943509448106875,0.10406657519840869,0.10597648471593857,772158
2004-03-25,0.10706050022644163,0.11134502252123307,0.10628624244654729,0.10953842103481293,4290255
2004-03-26,0.11134501355925809,0.1135646524377558,0.10824779774352708,0.11149996519088745,7614765
2004-03-29,0.11258397525317562,0.11526814294477727,0.11206780338520982,0.11382275074720383,1882272
2004-03-30,0.11356466690379377,0.11614571123658499,0.10922868605584654,0.11397771537303925,2289390
2004-03-31,0.11722965774454949,0.11722965774454949,0.11134497890011225,0.11340983957052231,2698028
2004-04-01,0.11206778331459752,0.12130776506447687,0.11206778331459752,0.12017211318016052,2735296
2004-04-02,0.12094638385925813,0.12388882221997437,0.11722969863107814,0.12244343012571335,7644113
2004-04-05,0.1237338429662402,0.12807000778333835,0.12280480777415409,0.12471471726894379,4977235
2004-04-06,0.12538587533994677,0.13570985737860275,0.12538587533994677,0.13158030807971954,18585863
2004-04-07,0.1327159369144923,0.1327159369144923,0.12574708378535437,0.12776029109954834,3648570
2004-04-08,0.12832809089959227,0.13194147809591616,0.1257470580826721,0.12729574739933014,2135475
2004-04-09,0.12729574739933014,0.12729574739933014,0.12729574739933014,0.12729574739933014,0
2004-04-12,0.12832812274582098,0.13787784645020676,0.12760551910539564,0.1356065422296524,4753840
2004-04-13,0.13798110767991842,0.1408718802661066,0.13111555406525055,0.13612285256385803,4096986
2004-04-14,0.13612285256385803,0.13612285256385803,0.13612285256385803,0.13612285256385803,0
2004-04-15,0.1364326197629056,0.1415945118772315,0.13421278508956572,0.13916844129562378,5443012
2004-04-16,0.1400460343575335,0.14510481532614003,0.1365874342850371,0.1384456902742386,4771201
2004-04-19,0.1400976775749829,0.1419559334187301,0.13018656996054376,0.13158030807971954,3543732
2004-04-20,0.13271595683276313,0.1342128184496721,0.1276571868547283,0.12987683713436127,987385
2004-04-21,0.13039298602066235,0.13663906130813466,0.1292573339903686,0.13441941142082214,3794423
2004-04-22,0.13493558071195494,0.13514201245571356,0.1297735033790821,0.13039298355579376,1642825
2004-04-23,0.13421277922146144,0.13488391350561896,0.12920566488932947,0.1298251450061798,1038725
2004-04-26,0.1298251450061798,0.1298251450061798,0.1298251450061798,0.1298251450061798,0
2004-04-27,0.12905091827392196,0.1319931721162656,0.12166919003916847,0.1283281296491623,1748794
2004-04-28,0.1268310951518553,0.14009769133686356,0.1268310951518553,0.13865230977535248,10059556
2004-04-29,0.13880707938718387,0.1394265596754183,0.13132222746232525,0.13436777889728546,4155858
2004-04-30,0.13457417610164246,0.14138807675142115,0.1327159206598556,0.1363293081521988,6420320
2004-05-03,0.13421277905745638,0.1364326136310272,0.1291023563969549,0.1314769685268402,1065209
2004-05-04,0.13416129131926174,0.13787780161204968,0.13312876295313875,0.13555502891540527,2194346
2004-05-05,0.13570984642760778,0.13643263499135133,0.13147698911129277,0.13426445424556732,656889
2004-05-06,0.13648407763753423,0.13865225796101063,0.13349017045137618,0.13462582230567932,1074473
2004-05-07,0.1357098527209989,0.1357098527209989,0.13147699520838987,0.13323211669921875,541585
2004-05-10,0.1298251956510903,0.1360712726535225,0.1298251956510903,0.13534848392009735,866954
2004-05-11,0.1319931724044205,0.13519368627306497,0.12683108344229901,0.1275022178888321,927169
2004-05-12,0.1309091131035673,0.1309091131035673,0.12352738830967726,0.12667624652385712,1326826
2004-05-13,0.1194495344888985,0.13607124605942572,0.11428745665000309,0.1327674239873886,3474358
2004-05-14,0.12316603956172764,0.1327159369144923,0.12316603956172764,0.12776029109954834,3417679
2004-05-17,0.11877838288575857,0.11877838288575857,0.10220815382415065,0.10231146216392517,4219574
2004-05-18,0.1091253734263641,0.11206780105712762,0.10174364588877771,0.11093214899301529,3488891
2004-05-19,0.11248066928042641,0.11506171362029448,0.10711215971737181,0.11325492709875107,2536475
2004-05-20,0.11650711712646411,0.11650711712646411,0.10804139052516608,0.11057078093290329,1512458
2004-05-21,0.11062240051332688,0.11062240051332688,0.10396327774590639,0.10597648471593857,2735190
2004-05-24,0.10731859208819612,0.1131001501544029,0.10706050614729154,0.11067406833171844,7076291
2004-05-25,0.11155142814007296,0.11273872321254992,0.10360205056034288,0.11124186217784882,1225453
2004-05-26,0.11645545490987856,0.11800414465590245,0.11320346101521132,0.1168685033917427,2921812
2004-05-27,0.12538586047785957,0.12538586047785957,0.11722970131492497,0.11815892159938812,2894798
2004-05-28,0.11764275712134252,0.11908813846003656,0.10690572719264654,0.10933180898427963,2821429
2004-05-31,0.11062241826346192,0.11062241826346192,0.10396329442753877,0.10613146424293518,863347
2004-06-01,0.10912537556907587,0.11149997721440928,0.10804137765849213,0.11119023710489273,3765960
2004-06-02,0.11428745669852577,0.11578431816993877,0.10767998661795578,0.10860920697450638,636487
2004-06-03,0.1128420495285742,0.11340987551375982,0.10912536441873581,0.11041579395532608,946581
2004-06-04,0.1104674580947319,0.11134502423697881,0.10773163626301549,0.1089189425110817,376709
2004-06-07,0.11051913716308143,0.11129339512929905,0.10866088105506157,0.10928017646074295,9386967
2004-06-08,0.10995127386045765,0.11134501170708094,0.105253888517457,0.10680240392684937,434414
2004-06-09,0.10716383349728968,0.10835114000318033,0.10442801107148751,0.10484087467193604,4676582
2004-06-10,0.10690572985090102,0.10690572985090102,0.10484085735329518,0.1054086834192276,408708
2004-06-11,0.10690573279457921,0.10690573279457921,0.10401495908656844,0.10447947680950165,240755
2004-06-14,0.10396332345541544,0.10401497764394832,0.10065967473523779,0.10133080929517746,549011
2004-06-15,0.10096938078571807,0.1031890305782727,0.10096938078571807,0.10174363851547241,1862154
2004-06-16,0.10220816405928375,0.1026728666893773,0.09967877399035897,0.10009182244539261,245458
2004-06-17,0.0980785973659306,0.09957564361057412,0.09585895843654557,0.09761407971382141,1005630
2004-06-18,0.09931756549435178,0.09957565142638465,0.09606539771716592,0.09678817540407181,677574
2004-06-21,0.09658154656663116,0.09787214998555847,0.09570398062865734,0.09673649817705154,501100
2004-06-22,0.09735597824449226,0.09735597824449226,0.09658154656663116,0.09673649817705154,166432
2004-06-23,0.09704625122647956,0.09735599130174181,0.09534278416439392,0.0969429537653923,1189671
2004-06-24,0.09658156642757554,0.0969946039934657,0.09513617428811916,0.09606539458036423,2384257
2004-06-25,0.09771720392371944,0.09880120175127534,0.09518782489008742,0.09570399671792984,891174
2004-06-28,0.0973560084665478,0.0988012158120051,0.09642679895607521,0.09854312986135483,429039
2004-06-29,0.09916258689631177,0.09957563528788883,0.09699459144042968,0.09756241738796234,695748
2004-06-30,0.09792381893597257,0.09880120006103432,0.09549756334215566,0.09632347524166107,417017
2004-07-01,0.09622036634028151,0.10205339380738311,0.09492975165289515,0.1009177416563034,1429366
2004-07-02,0.10102104120565539,0.10984797587166946,0.09942068653065213,0.10783494263887405,3655995
2004-07-05,0.10912536166387585,0.11284204667988686,0.10742188375132312,0.10835110396146774,1706117
2004-07-06,0.1087639845612045,0.11020937680068744,0.10659598867470706,0.10860920697450638,731460
2004-07-07,0.10948675729820424,0.11144831025741031,0.10891893132011833,0.10938344895839691,1344399
2004-07-08,0.2381761334300705,0.23862969303028175,0.2219574397017462,0.2260402888059616,1360452
2004-07-09,0.22966953344237587,0.2384026882928415,0.21878168982723145,0.23715509474277496,1170754
2004-07-12,0.24259912544506096,0.24271261696789484,0.23329891584191653,0.23511356115341187,448168
2004-07-13,0.2381761037059283,0.23976376528410764,0.23012310919104056,0.2326182723045349,173327
2004-07-14,0.23250524609416112,0.23375283991852686,0.22774147135337117,0.22921602427959442,277705
2004-07-15,0.23023661206299523,0.23738210613815872,0.23023661206299523,0.2347734272480011,892553
2004-07-16,0.23534047970818608,0.2807073410570986,0.23522698821645252,0.26006534695625305,5283475
2004-07-19,0.26471563883362137,0.28025379105166137,0.26131292572078535,0.27344879508018494,5958539
2004-07-20,0.2770780922768242,0.2770780922768242,0.26664380537198096,0.2706131637096405,869853
2004-07-21,0.2722012097001219,0.282748987244441,0.26811795383916964,0.28070735931396484,2569005
2004-07-22,0.2835429959410804,0.29159558518699846,0.277078044583688,0.2795732319355011,6593895
2004-07-23,0.28513063639957476,0.2896674511592048,0.2677778416271323,0.2751499116420746,4583801
2004-07-26,0.2786657129171832,0.2786657129171832,0.26789135943981435,0.27038654685020447,783084
2004-07-27,0.27514993868779636,0.27549038925956887,0.2673243083330139,0.27038654685020447,2461869
2004-07-28,0.272201236295878,0.272201236295878,0.2657362837266361,0.266189843416214,217984
2004-07-29,0.2666437570124576,0.27378884453512314,0.2666437570124576,0.27163413166999817,511566
2004-07-30,0.2723146735374077,0.2754903795310371,0.2692524351283555,0.2736753523349762,1661388
2004-08-02,0.2752634643326853,0.2752634643326853,0.26414861109844934,0.2712936997413635,303446
2004-08-03,0.2735622752199456,0.2735622752199456,0.2650556959665651,0.2681179344654083,152395
2004-08-04,0.2689120562689599,0.27208778729463146,0.2627875772734865,0.264375239610672,310341
2004-08-05,0.2657362720926862,0.2802538147817182,0.2657362720926862,0.27412936091423035,2763936
2004-08-06,0.2754904772476826,0.2809344134223923,0.272201278599786,0.2752635180950165,1281178
2004-08-09,0.2737889173581596,0.27707811572280466,0.27220125515899607,0.2756035625934601,869712
2004-08-10,0.2785526458887247,0.29080160075393474,0.27639752646181714,0.28785285353660583,3077990
2004-08-11,0.2914820852886165,0.3078142701901274,0.28966746447458414,0.3056591749191284,11955336
2004-08-12,0.3062262035114532,0.31110306232435375,0.2956784040895008,0.30010172724723816,9089602
2004-08-13,0.29828715512009296,0.3078143223596109,0.28841991971712155,0.2987407147884369,2205555
2004-08-16,0.2964725029119808,0.2964725029119808,0.285357673926962,0.28864648938179016,693273
2004-08-17,0.29443089639220504,0.2993077805301286,0.27628408671780025,0.2802538275718689,3630678
2004-08-18,0.28354304456426643,0.2851307066280607,0.27549043003444174,0.2770780920982361,1440009
2004-08-19,0.28195487005175884,0.2835429378692058,0.27560343538713067,0.27798551321029663,2432698
2004-08-20,0.2786657175732057,0.2813878880122669,0.27390234955903614,0.2777585983276367,711058
2004-08-23,0.2810478620908544,0.2810478620908544,0.2689120150401905,0.2737888991832733,1951469
2004-08-24,0.2769645429652602,0.2811608834440644,0.27469636257727104,0.27753159403800964,5734507
2004-08-25,0.280934329141824,0.28592470405934894,0.27889270130706056,0.2820684313774109,9962214
2004-08-26,0.2851306423005909,0.29942119915259885,0.2836560657266326,0.29284316301345825,14894332
2004-08-27,0.29885418664472,0.30747382762962117,0.2961320161111935,0.30611276626586914,8273882
2004-08-30,0.30951554626207267,0.3198363675833197,0.30826795212701474,0.3130313456058502,3052037
2004-08-31,0.3175681298900735,0.3175681298900735,0.30293709390981155,0.30463865399360657,1665808
2004-09-01,0.2998746742117986,0.30996888781355325,0.29908104675825153,0.30089569091796875,1183200
2004-09-02,0.29976165916639036,0.3042980674503308,0.2995346762117456,0.30010172724723816,1492233
2004-09-03,0.30134939873291516,0.31688755246369094,0.30134939873291516,0.31371182203292847,4681497
2004-09-06,0.316320454748356,0.3312915550946192,0.3156399121596469,0.32800233364105225,6343946
2004-09-07,0.330497595819347,0.330497595819347,0.3236925747432003,0.32460010051727295,2091312
2004-09-08,0.3265277521405795,0.3265277521405795,0.3184751629394123,0.32063028216362,1931385
2004-09-09,0.3199498085997439,0.35136659227141065,0.3191557743615315,0.33809661865234375,15773167
2004-09-10,0.3399112079244468,0.3399112079244468,0.32652776889574303,0.33049753308296204,4182023
2004-09-13,0.334353887770435,0.3410453937986654,0.3240326847960554,0.3386636972427368,3030999
2004-09-14,0.3304975227360158,0.3483038786686038,0.3304975227360158,0.338777095079422,1993298
2004-09-15,0.34580867578261415,0.3500054226386045,0.34025125015426994,0.3488713204860687,4643416
2004-09-16,0.3459222122858,0.35000546818769473,0.3443345503358641,0.3469432294368744,2623846
2004-09-17,0.32403257833651666,0.3507990478127393,0.32403257833651666,0.3412722647190094,1868942
2004-09-20,0.3435405362416187,0.3475103008750204,0.3375295737923152,0.33957117795944214,755964
2004-09-21,0.33991118377084173,0.345128541320314,0.335374392689577,0.33900368213653564,680403
2004-09-22,0.3435404755894029,0.3458086799216228,0.3361684290615439,0.3405917286872864,1282451
2004-09-23,0.33866371002789974,0.3507991763095874,0.33866371002789974,0.34921151399612427,1578649
2004-09-24,0.3500055129855611,0.3629349883910145,0.3500055129855611,0.361120343208313,3348801
2004-09-27,0.36293491640980835,0.3693998440544594,0.3532942587374616,0.3586250841617584,2978102
2004-09-28,0.35964571922362953,0.35964571922362953,0.3476237711560669,0.3489844501018524,1478479
2004-09-29,0.35147973535021537,0.3531812717167869,0.34512867945171966,0.34728339314460754,1034023
2004-09-30,0.35057251886686974,0.3543152763599668,0.3386636320291414,0.3479638397693634,3286110
2004-10-01,0.31654746290637353,0.37835959913292305,0.31654746290637353,0.3716680705547333,5717288
2004-10-04,0.374276752035276,0.3985480613790433,0.374276752035276,0.39537233114242554,9020300
2004-10-05,0.39695997638978386,0.39695997638978386,0.38403050324183957,0.3940112292766571,2175606
2004-10-06,0.39593945314888185,0.4047861027947504,0.3938978248418493,0.4021774232387543,3573433
2004-10-07,0.40024921673935665,0.4087553664405302,0.38720622758237844,0.39582589268684387,7378075
2004-10-08,0.4018368970477447,0.4018368970477447,0.3841440302836015,0.3868657946586609,2289567
2004-10-11,0.39457821770348633,0.39457821770348633,0.38074122114566017,0.3832364082336426,737860
2004-10-12,0.38074128969128096,0.3904954392935214,0.37586440611425065,0.38096827268600464,1603931
2004-10-13,0.38096827268600464,0.38096827268600464,0.38096827268600464,0.38096827268600464,0
2004-10-14,0.3760914041513351,0.37835960878452785,0.3602127765683759,0.36939987540245056,3668901
2004-10-15,0.37756563130467885,0.38561824658286536,0.37098759307016377,0.3806278705596924,1367170
2004-10-18,0.3856181475467099,0.38720619179845606,0.3684923343237646,0.3726886510848999,863453
2004-10-19,0.37665845574905693,0.38074130536380857,0.3483039138510556,0.37370970845222473,299380
2004-10-20,0.37756553986281227,0.37756553986281227,0.3659971523098654,0.3673582375049591,650843
2004-10-21,0.3716681046228123,0.37473034362068347,0.36645076990288705,0.3715546131134033,369177
2004-10-22,0.3715546131134033,0.3715546131134033,0.3715546131134033,0.3715546131134033,0
2004-10-25,0.37053395050726207,0.3758643935442836,0.35964569899791937,0.3741632401943207,2455469
2004-10-26,0.372688624752585,0.3840304586094459,0.3693998098879809,0.376431405544281,1494001
2004-10-27,0.37756563257210357,0.3794937693467354,0.37439030813876023,0.37858664989471436,795848
2004-10-28,0.38074137217385046,0.4155604420312896,0.38074137217385046,0.3938978314399719,3834944
2004-10-29,0.39854807387446706,0.4002492273702476,0.38482454170250346,0.39072203636169434,2545633
2004-11-01,0.3823292863098383,0.39695991039638323,0.37938053968693186,0.3908354341983795,3526371
2004-11-02,0.3916295625340227,0.3943513268604845,0.3841440234246429,0.3897014260292053,1504078
2004-11-03,0.3897013392384973,0.40342486837150476,0.38493794796463837,0.4014967083930969,3399717
2004-11-04,0.40501254388106106,0.4293973423634221,0.40501254388106106,0.4239533841609955,5435127
2004-11-05,0.4276962748676803,0.4374500437827705,0.4132922220825013,0.4179425537586212,3598042
2004-11-08,0.43257311582341573,0.43257311582341573,0.4131786890132438,0.41646793484687805,1519212
2004-11-09,0.41635440409394675,0.4229324170808941,0.40501256884115033,0.4062601625919342,2315202
2004-11-10,0.40671415308027015,0.40830183896576494,0.3953723410471169,0.397413969039917,1515888
2004-11-11,0.4016102897765639,0.42009721432195113,0.40047618744329805,0.41227155923843384,1449131
2004-11-12,0.4152202536052121,0.41726185733482796,0.40183681594031384,0.4055795967578888,236477
2004-11-15,0.4055795967578888,0.4055795967578888,0.4055795967578888,0.4055795967578888,0
2004-11-16,0.41159103172171946,0.4147667380950706,0.40297136655067856,0.41136404871940613,2987932
2004-11-17,0.3807411999235681,0.42089110233821464,0.3807411999235681,0.4129520058631897,1154630
2004-11-18,0.39707351334392216,0.41635444890536044,0.39707351334392216,0.4146532714366913,916986
2004-11-19,0.4180555467242318,0.42123130085197247,0.4034249435478372,0.40671414136886597,1695969
2004-11-22,0.40796163335788543,0.41635431329588296,0.395598807593684,0.4003625810146332,5180405
2004-11-23,0.4080748135410075,0.4257680604642753,0.40183684505967765,0.4087553322315216,2246288
2004-11-24,0.41295210254630643,0.41295210254630643,0.3987746290286023,0.40410545468330383,4303161
2004-11-25,0.40830181793749676,0.41317865368154305,0.39707347408219024,0.40682724118232727,1950408
2004-11-26,0.40682724118232727,0.40682724118232727,0.40682724118232727,0.40682724118232727,0
2004-11-29,0.408301734858895,0.43744987337385205,0.4050124899758048,0.4283766746520996,2525973
2004-11-30,0.4276962007895147,0.4407391658039141,0.4115910209828177,0.4174885153770447,2301836
2004-12-01,0.41556041830143176,0.4163544764614636,0.40671419926681784,0.4109105169773102,1348395
2004-12-02,0.5751391688601758,0.6065930424944592,0.5661745646275627,0.5974715948104858,3808637
2004-12-03,0.5619281597092299,0.6053350745459338,0.5619281597092299,0.5988867282867432,1510690
2004-12-06,0.6021893046731597,0.6043914101465568,0.5841031901479659,0.5859905481338501,1072245
2004-12-07,0.5888216449852757,0.5954268355097154,0.5820590806922187,0.5914952754974365,1099542
2004-12-08,0.5841032272998012,0.60659295758738,0.577340663644914,0.5820590257644653,1406100
2004-12-09,0.599673119999023,0.599673119999023,0.5847322230332281,0.5874059200286865,450078
2004-12-10,0.5930680149639673,0.5930680149639673,0.5708930252784429,0.575768232345581,533877
2004-12-13,0.5754534669767587,0.5954269463616099,0.5751392497054356,0.5925958752632141,987809
2004-12-14,0.5949553056434822,0.6007742245375299,0.5886643316856435,0.5966852903366089,1679138
2004-12-15,0.5864621870264856,0.5998304726614686,0.5864621870264856,0.5954268574714661,2079608
2004-12-16,0.5954269444359258,0.6048631409673824,0.5899222423454166,0.5993590354919434,1224393
2004-12-17,0.6059641031334149,0.6111539902757449,0.5886642583571486,0.6025041341781616,1697878
2004-12-20,0.6122551944428872,0.6122551944428872,0.5987295332180441,0.6036052703857422,479849
2004-12-21,0.5960557473869267,0.6144566127206902,0.5960557473869267,0.6080082654953003,1525718
2004-12-22,0.6176018763618937,0.6717034562589439,0.6091093930742095,0.6383616924285889,7155600
2004-12-23,0.6468543359717429,0.6468543359717429,0.6201182897051851,0.6224777698516846,882512
2004-12-24,0.6312850069879683,0.6380475729299442,0.6135131024851523,0.619331955909729,2461267
2004-12-27,0.6268812180670872,0.6426078553585999,0.6268812180670872,0.6312848329544067,665906
2004-12-28,0.6179166827955933,0.6402491118792064,0.6179166827955933,0.6363175511360168,1051525
2004-12-29,0.6402491301069432,0.6487416807360371,0.6179167003875312,0.6413501501083374,559229
2004-12-30,0.633643821025609,0.6537741407302017,0.633643821025609,0.6485841870307922,1772272
2004-12-31,0.6548751799820739,0.6847569735289736,0.6457537321739537,0.6698160767555237,2963888
2005-01-03,0.6717035724986632,0.6773650522286977,0.6537742938327485,0.6597505211830139,1047636
2005-01-04,0.6695013721680946,0.6784660433886254,0.6625814332525284,0.6704450845718384,1011075
2005-01-05,0.667299773779986,0.667299773779986,0.6021893938755583,0.641035258769989,3874652
2005-01-06,0.6245217747113821,0.642451115407054,0.6111540195456866,0.6179165840148926,603038
2005-01-07,0.6268812328679613,0.6470115518126259,0.6179165628275097,0.6347442865371704,1776586
2005-01-10,0.645753862183363,0.645753862183363,0.6179167289152014,0.6238930225372314,334137
2005-01-11,0.6254655710242739,0.6286113233467053,0.6182314145897835,0.620275616645813,317695
2005-01-12,0.6245219141243715,0.6393054399296878,0.6179167219533948,0.6333292126655579,2419615
2005-01-13,0.6358454243713336,0.642451212683007,0.6202756272600796,0.6295550465583801,1235707
2005-01-14,0.638047430449948,0.638047430449948,0.6133555917120092,0.6142992377281189,243761
2005-01-17,0.5998304400201709,0.6312848419928824,0.5998304400201709,0.6259375810623169,325686
2005-01-18,0.6290827343833946,0.6312847736370663,0.6212190850237839,0.6249938011169434,802036
2005-01-19,0.617916536417518,0.6333290225019216,0.6087950896145564,0.6292401552200317,1292847
2005-01-20,0.6234214711356297,0.6262519460097256,0.6135131518119766,0.6204330921173096,1063300
2005-01-24,0.6223204005499154,0.6223204005499154,0.6070652837392245,0.6141420006752014,245812
2005-01-25,0.6087951616396976,0.6201181851668814,0.6021894403461077,0.6187029480934143,1801691
2005-01-27,0.622320307812282,0.6493710978550165,0.6124119244780563,0.6415074467658997,1645583
2005-01-28,0.6492136991377473,0.6740623821975993,0.6492136991377473,0.6666703224182129,1383859
2005-01-31,0.6715462151928567,0.6717035890068399,0.6065931896922483,0.6388339400291443,2632898
2005-02-01,0.6650978647006787,0.689789709992069,0.6493712224114789,0.6658841371536255,15646053
2005-02-02,0.6621098751762144,0.7594604072619674,0.6448100287580851,0.7291070222854614,10021793
2005-02-03,0.7437331684055826,0.7751876393788817,0.7324096145392617,0.7556856870651245,3618550
2005-02-04,0.7638637944527749,0.7706263572200014,0.7393293355259181,0.7487655282020569,1732777
2005-02-07,0.7548994128820163,0.7652792543701433,0.7548994128820163,0.7572582960128784,1074402
2005-02-08,0.7571017136189288,0.8066416529298874,0.7459354643969873,0.792487621307373,5580415
2005-02-09,0.8132472222879492,0.9032056926564455,0.8088435407366684,0.8365232944488525,8167807
2005-02-10,0.8487899775985365,0.8535083404895332,0.7860390723051258,0.790600061416626,3965311
2005-02-11,0.806169960365078,0.8200098380843857,0.799878986328013,0.8121461868286133,3556072
2005-02-14,0.8178076370850347,0.8200097429046412,0.7931163291969381,0.8014515042304993,1125389
2005-02-15,0.7998790274953317,0.7998790274953317,0.7795913312325196,0.785724401473999,1106508
2005-02-16,0.7931164508019541,0.8014516271135109,0.7663804067634306,0.7692114114761353,4531011
2005-02-17,0.7728283405303955,0.8156063090929078,0.6998548841617722,0.7728283405303955,5021787
2005-02-18,0.7838374941326961,0.7953178914228447,0.7644929819413873,0.7687392234802246,3164406
2005-02-21,0.7346117223693014,0.7780181154969046,0.7346117223693014,0.7541130781173706,1723867
2005-02-22,0.7542706682437665,0.7676384278466746,0.7503385764994616,0.752225935459137,1399064
2005-02-23,0.7526978852240643,0.8964431969519489,0.7526978852240643,0.8620009422302246,7941654
2005-02-24,0.8728524324759883,0.8781997608347655,0.7975201005153991,0.8047542572021484,5644343
2005-02-25,0.8266148260201376,0.8454872131641831,0.7863536627362616,0.8368372917175293,13366033
2005-02-28,0.845959423276406,0.8671907616079965,0.8391963288323294,0.8542945981025696,4718376
2005-03-01,0.8538226114641048,0.8627872827624053,0.833534915905517,0.855709969997406,2547507
2005-03-02,0.8549234805321633,0.8964430407694773,0.8538224608156548,0.8794580101966858,2454267
2005-03-03,0.9324579571543213,0.9591939293701631,0.8986446072022687,0.9379625916481018,11094039
2005-03-04,0.9436242734044235,1.1161502879576908,0.9415800714893268,1.0736876726150513,21502159
2005-03-07,1.1076576556181432,1.1203964451358714,1.0165981078859703,1.042075753211975,20659567
2005-03-08,1.0533993614533672,1.0537141089936446,1.0087345774484602,1.0129808187484741,5367663
2005-03-09,1.1007379436344182,1.1007379436344182,1.0027584380419858,1.0126662254333496,7921889
2005-03-10,1.0176987860825448,1.0255623712604782,0.9599804566875768,0.9691025018692017,5610435
2005-03-11,0.9547904918442952,1.032954420257902,0.7852527825580371,1.0098357200622559,9722625
2005-03-14,1.0043308147739294,1.0065323901138277,0.9686301735360411,0.9849863052368164,3914571
2005-03-15,0.9887611129235199,0.9991410202353704,0.9414226315473949,0.9492862820625305,4033093
2005-03-16,0.9525887262676883,1.008734428977643,0.9521166050267615,0.967843770980835,5884922
2005-03-17,0.9750788083357861,0.9761798946386145,0.9371765805562019,0.9450401663780212,2767649
2005-03-18,0.9483426897669787,0.97728030949675,0.943624326505357,0.9544763565063477,7642557
2005-03-21,0.9615535959389969,1.0040162796458652,0.9458264256165577,0.9873459935188293,7180068
2005-03-22,0.9868739212298067,1.0043310771785274,0.9618678610352297,0.978066623210907,3808390
2005-03-23,0.9547903377753679,0.9659565167604053,0.8918820649420492,0.9220780730247498,6983793
2005-03-24,0.931043108368729,0.9615538096662245,0.8786720292300061,0.9293131232261658,7260473
2005-03-28,0.9293127962025277,0.9403216018714194,0.9011615189660783,0.9249091148376465,4405807
2005-03-29,0.9256956233363682,0.9429954055601631,0.8967580022595103,0.9312003254890442,2559281
2005-03-30,1.110630353120006,1.1320583723456819,1.091857537327021,1.1129059791564941,3209948
2005-03-31,1.1261794984486475,1.2022190189699125,1.1136642357464503,1.17206871509552,7543129
2005-04-01,1.1826877383634808,1.2054426373350327,1.162208545094275,1.195961356163025,4770742
2005-04-04,1.202029795356874,1.2054425543971004,1.1650526174961287,1.176430106163025,2480785
2005-04-05,1.1783262821157545,1.1783262821157545,1.132247958690021,1.1428663730621338,1541947
2005-04-06,1.1485556596223079,1.1919795062398555,1.1485556596223079,1.1857218742370605,2134308
2005-04-07,1.189135506451426,1.213596793045796,1.1654325755311377,1.1813606023788452,2483649
2005-04-08,1.1540546051668974,1.180791425443366,1.1540546051668974,1.1678967475891113,1326932
2005-04-11,1.1675182513240332,1.1730168885051284,1.146280059946039,1.1631567478179932,2150891
2005-04-12,1.1593642473409798,1.1938754118934969,1.097166876906874,1.1783262491226196,2215703
2005-04-13,1.183825372561523,1.1997540306903391,1.1654319798239083,1.1931169033050537,1818450
2005-04-15,1.1864803823855188,1.201461024135746,1.1567095670102054,1.1813606023788452,2199615
2005-04-18,1.16505269925855,1.1946344755943075,1.0749812873150737,1.1682764291763306,2832956
2005-04-19,1.1864798322304977,1.194634309998369,1.1294029638143017,1.1360400915145874,2274398
2005-04-20,1.1631565994876059,1.1756718621853848,1.1379364053026482,1.1593643426895142,814093
2005-04-21,1.151589511781098,1.2623305946174248,1.1460902355401765,1.2170099020004272,8112082
2005-04-22,1.2380585227036505,1.2458327861202148,1.195961556897716,1.2118902206420898,3786362
2005-04-25,1.2071497038394756,1.216251567872405,1.1893249137182238,1.1980472803115845,9084900
2005-04-26,1.2094247785479884,1.2094247785479884,1.1830673686295186,1.1851532459259033,664951
2005-04-27,1.1919794191655784,1.2054427065223365,1.1701726230812548,1.1916005611419678,632845
2005-04-28,1.1546232578287454,1.2295249147773843,1.1546232578287454,1.2230775356292725,4837322
2005-04-29,1.238058225131912,1.238058225131912,1.1811710217918352,1.1961510181427002,1546049
2005-05-02,1.2187166272780705,1.2187166272780705,1.165242878603207,1.1741549968719482,680862
2005-05-03,1.1783262646625168,1.2318006306195595,1.170741751590074,1.2204232215881348,4817627
2005-05-04,1.2190955010244662,1.2299043822384534,1.2096142211870982,1.219285249710083,2006805
2005-05-05,1.213786005302944,1.2460221817208752,1.213786005302944,1.2299044132232666,2258133
2005-05-06,1.4221836540553008,1.4221836540553008,1.1972888362155825,1.2477293014526367,1328347
2005-05-09,1.257021048194706,1.2894462600478322,1.240712808590494,1.249625563621521,3179858
2005-05-10,1.2541758196056587,1.2636570987693538,1.212458287198799,1.2206127643585205,2469577
2005-05-11,1.2206130321588928,1.2460223351715505,1.2109419222734072,1.2232674360275269,3630678
2005-05-12,1.2325588247778376,1.2401439762807993,1.2196647066454793,1.2319902181625366,921477
2005-05-13,1.2894459412040364,1.2894459412040364,1.2190954594567511,1.2424196004867554,1491455
2005-05-16,1.2579690689999528,1.2839476197663298,1.2464019099601555,1.2589170932769775,2020948
2005-05-17,1.2731385250847502,1.2731385250847502,1.253607357906161,1.262709140777588,1194550
2005-05-18,1.262709004100583,1.2731383872788575,1.248866222922451,1.2655532360076904,982611
2005-05-19,1.2623298942975816,1.2812918083573293,1.2460217434233762,1.271810531616211,757201
2005-05-20,1.27313855549209,1.2854640682609986,1.2655534032187357,1.2744661569595337,573337
2005-05-23,1.2812923666884013,1.3406448668383335,1.2812923666884013,1.3247169256210327,4419208
2005-05-24,1.3544878466018617,1.3778112750016442,1.3076506016456169,1.32149338722229,4199844
2005-05-25,1.3436789390874415,1.3436789390874415,1.3002550965599151,1.3084088563919067,1672632
2005-05-26,1.305375026329395,1.3165626888408262,1.3032891489499134,1.3131499290466309,3785761
2005-05-27,1.308598724393157,1.330026024531262,1.3010134906767097,1.312960147857666,1979897
2005-05-30,1.3243374919298576,1.3243374919298576,1.2704842647750954,1.2930493354797363,1782844
2005-05-31,1.3000653165400733,1.3000653165400733,1.2551241247637182,1.2621407508850098,1167430
2005-06-01,1.272759377997597,1.3002552821520363,1.2628992370588303,1.2847061157226562,1204062
2005-06-02,1.296841686478916,1.296841686478916,1.2678292336605559,1.2799656391143799,554491
2005-06-03,1.274466319683355,1.286791754098132,1.2680189394278025,1.2801547050476074,550849
2005-06-06,1.273518012593296,1.2894460325849268,1.2630886283670415,1.2687770128250122,546571
2005-06-07,1.2759829651583292,1.2833783697611727,1.2543659175968738,1.2636574506759644,374340
2005-06-08,1.270484281245114,1.2921013280033098,1.2649849253950125,1.268398404121399,922644
2005-06-09,1.278258656743009,1.2784484054777316,1.2600550071718855,1.264037013053894,227036
2005-06-10,1.2704842992717413,1.273138703236238,1.2464018776122794,1.2530382871627808,346795
2005-06-13,1.2465913038223613,1.2786377283629762,1.2460220578077799,1.2693461179733276,648934
2005-06-14,1.2729489801660638,1.2858437407870014,1.263088840362675,1.279775857925415,862463
2005-06-15,1.2731388429187442,1.2949456410968114,1.2731388429187442,1.2902053594589233,476490
2005-06-16,1.283947418540789,1.300065187497687,1.273896892106971,1.291153073310852,815826
2005-06-17,1.2957037336365234,1.2957037336365234,1.232558978043102,1.2437466382980347,621884
2005-06-20,1.2729488825461044,1.2731386312559942,1.2135963812844712,1.2274391651153564,823675
2005-06-21,1.3461441236342573,1.3461441236342573,1.219095617122581,1.2228878736495972,546748
2005-06-22,1.246022482635685,1.246022482635685,1.2080979126668496,1.2190958261489868,407011
2005-06-23,1.2162516375378694,1.2270598019666086,1.1972889934345659,1.205253005027771,629734
2005-06-24,1.2190956521415324,1.2333172939130452,1.2109418927422195,1.2137861251831055,878375
2005-06-27,1.2137857030072854,1.223836226651603,1.1815495346178337,1.1900827884674072,681746
2005-06-28,1.2135965331407577,1.2135965331407577,1.1787059452309738,1.1851532459259033,403440
2005-06-29,1.1864803093950493,1.1916008084375889,1.1716901366798322,1.1834464073181152,686590
2005-06-30,1.1916004310726145,1.2054425749420414,1.1862909042997662,1.1919792890548706,438268
2005-07-01,1.205252801230086,1.2054425499286543,1.1893247807369642,1.1961510181427002,441627
2005-07-04,1.2175791759946228,1.25228009502943,1.210942046651439,1.2448846101760864,2477002
2005-07-05,1.232558995076308,1.2839474844389482,1.232558995076308,1.2697252035140991,1878277
2005-07-06,1.3541083322449847,1.3541083322449847,1.2718112541695437,1.2750349044799805,761409
2005-07-07,1.2867917092021381,1.2867917092021381,1.2325590643330426,1.2492460012435913,795070
2005-07-08,1.221939605161469,1.2921009726978756,1.221939605161469,1.2611923217773438,526310
2005-07-11,1.2858435508453177,1.2867915749768017,1.2623303783472175,1.2714321613311768,541408
2005-07-12,1.2949454742415671,1.2949454742415671,1.2623305152230333,1.2881193161010742,3465908
2005-07-13,1.2939974204006117,1.2939974204006117,1.273518147169194,1.2775001525878906,414401
2005-07-14,1.279965647078202,1.2864123881694656,1.246022444635139,1.2591068744659424,895983
2005-07-15,1.2596752734790535,1.3353352893174986,1.246022239131559,1.3262335062026978,2233311
2005-07-18,1.3489887475235374,1.3977220446343586,1.3273716174662673,1.371364712715149,3452365
2005-07-19,1.3761044415389716,1.3810345497367142,1.3544873214237827,1.3759146928787231,4190756
2005-07-20,1.3816042783363223,1.3855862840464206,1.3548672920234393,1.3711748123168945,1102371
2005-07-21,1.3842586527897878,1.3842586527897878,1.351832722199799,1.3560044765472412,768056
2005-07-22,1.395067550899923,1.420476936731989,1.2623306374424503,1.3853965997695923,3849653
2005-07-25,1.41403001376227,1.4709170577505362,1.354487606960327,1.46200430393219,3286676
2005-07-26,1.48400147009782,1.4923449808744762,1.45195502895694,1.4864667654037476,3166245
2005-07-27,1.4113748039369614,1.5708492341625226,1.4113748039369614,1.5427848100662231,3365808
2005-07-28,1.5427848100662231,1.5427848100662231,1.5427848100662231,1.5427848100662231,0
2005-07-29,1.4925344532154567,1.5435434529985006,1.4898800490543085,1.5023951530456543,6640851
2005-08-01,1.5035325288772583,1.5224944480141447,1.489879576233557,1.5035325288772583,1589540
2005-08-02,1.516996072070345,1.5630743131240892,1.5035327066535409,1.5537827014923096,1730125
2005-08-03,1.5604202117450106,1.6250823280101079,1.5575760588645904,1.5932250022888184,1634940
2005-08-04,1.6118080298840005,1.6118080298840005,1.5304595366585365,1.5530247688293457,855003
2005-08-05,1.5522663250746822,1.630770501169833,1.5522663250746822,1.604981780052185,9723863
2005-08-08,1.6118076908396213,1.6402516108008414,1.5983443259761942,1.5994821786880493,1309324
2005-08-09,1.6396828351304205,1.6396828351304205,1.5985339098812554,1.6053608655929565,1588479
2005-08-10,1.6036536099036969,1.774315656660089,1.6036536099036969,1.7179970741271973,5151977
2005-08-11,1.7276684532627806,1.7580084200988975,1.6958117758250648,1.7181870937347412,1645654
2005-08-12,1.731082325442071,1.7386668396610663,1.6565595097205164,1.6908814907073975,781775
2005-08-16,1.7181869452716452,1.728236910551228,1.657886354315865,1.6958116292953491,1491773
2005-08-17,1.6795038592337777,1.6863306564699736,1.6578867336904457,1.6707814931869507,905353
2005-08-18,1.7062414915804445,1.760853157335374,1.655232493941461,1.6694542169570923,1667045
2005-08-19,1.7062417892946562,1.7227390612078326,1.674194710421447,1.679315209388733,772724
2005-08-22,1.7066200218947396,1.7092752247129916,1.682158746130036,1.6914503574371338,1144872
2005-08-23,1.674194744178145,1.6997945219832127,1.601000157704765,1.6190146207809448,607600
2005-08-24,1.6118078112562007,1.6171174179782866,1.5549206065064825,1.5717973709106445,4843686
2005-08-25,1.5846918795142977,1.6277362141818512,1.576537482233774,1.586018681526184,661168
2005-08-26,1.5795713350609861,1.611807507592631,1.5795713350609861,1.5954999923706055,818972
2005-08-29,1.6222373134640946,1.6222373134640946,1.549421599402475,1.5651605129241943,1491102
2005-08-30,1.5983441626957962,1.5983441626957962,1.544112170538086,1.5475249290466309,1487071
2005-08-31,1.5926560445370812,1.5926560445370812,1.5494213175431744,1.5699012279510498,2240489
2005-09-01,1.5712282636845978,1.676849562795677,1.5712282636845978,1.6366493701934814,2800497
2005-09-02,1.6144629499479426,1.6927781750684383,1.6144629499479426,1.6795039176940918,3776143
2005-09-05,1.679503683999934,1.7200833672104374,1.5516968325969027,1.7035861015319824,1870922
2005-09-06,1.6931569080581976,1.7337364340632107,1.5901906629366538,1.6438548564910889,1230333
2005-09-08,1.6504914529402446,1.6521985520159388,1.5958799483771444,1.60517156124115,1152615
2005-09-09,1.6199621922059735,1.625271159447557,1.5738831508264477,1.5803306102752686,1111422
2005-09-12,1.648405583295106,1.648405583295106,1.587346621256618,1.622237205505371,4048297
2005-09-13,1.6252708542921959,1.644233411964525,1.5983441279022224,1.624891996383667,4820456
2005-09-14,1.6226169258988772,1.635700796880221,1.571418175999358,1.583743691444397,1250523
2005-09-15,1.6112389181013265,1.6173068791348915,1.5820366458167403,1.6053608655929565,812820
2005-09-16,1.6036542616042766,1.6173073779603995,1.5850711951442673,1.5968281030654907,542398
2005-09-19,1.5575758727129896,1.6573183137036474,1.5575758727129896,1.6527670621871948,1760463
2005-09-20,1.676280350628786,1.6768495968004566,1.6334257532010963,1.6461299657821655,1913105
2005-09-21,1.5983445713070759,1.6470786601717249,1.5955004186579191,1.604981780052185,2264851
2005-09-22,1.6063093534950723,1.6334258382963012,1.5361480407326735,1.5691425800323486,2439239
2005-09-23,1.516996110992184,1.6252711642055429,1.516996110992184,1.5882946252822876,1326543
2005-09-26,1.6222370923686866,1.6497330698140866,1.598344421964342,1.6438548564910889,1356315
2005-09-27,1.665662182887285,1.7229287399229547,1.6338046942132949,1.703018069267273,4248002
2005-09-28,1.703017704651588,1.8689389654575177,1.6529568152415934,1.8562339544296265,4865255
2005-09-29,1.8609753068208013,1.8691290678632126,1.740563820966754,1.7557334899902344,2285960
2005-09-30,1.786452780597755,1.8285498377648817,1.7066209702956185,1.7963136434555054,7776318
2005-10-03,1.8676117923936715,1.8676117923936715,1.7282377350896185,1.7411324977874756,2243848
2005-10-04,1.7849352885769185,1.8122413567833042,1.7200834365326332,1.729185938835144,2673065
2005-10-05,1.8008639933061508,1.8008639933061508,1.6931569080737476,1.701500415802002,1480141
2005-10-06,1.7015008682722934,1.728237698170265,1.6523879129221508,1.6713504791259766,1697242
2005-10-07,1.6741943936218344,1.7200836917891342,1.6552324695438074,1.6954326629638672,1607643
2005-10-10,1.7168599917432446,1.7445455606455074,1.7066202748895782,1.7267206907272339,2495353
2005-10-11,1.7564915329874444,1.8640088769521528,1.7390461609457004,1.8440982103347778,6917178
2005-10-13,1.856992800789036,1.893589681398952,1.7121194313833388,1.7348742485046387,7613139
2005-10-14,1.7564917924066958,1.8090181445703368,1.6795041578560013,1.699984073638916,4853763
2005-10-17,1.7011218663008776,1.709275626807223,1.6523877731519772,1.6730574369430542,3454876
2005-10-18,1.759336060791721,1.759336060791721,1.6523873396054798,1.6789350509643555,1748900
2005-10-19,1.6559907594731234,1.75535370588135,1.637597442871978,1.7375296354293823,5031935
2005-10-20,1.8792481236841876,1.9138542862270367,1.8505109083554012,1.8760100603103638,6217610
2005-10-21,1.884914228075109,1.9110202137033838,1.8559746815937486,1.8673079013824463,1964728
2005-10-24,1.9166867708700615,1.9931842109979623,1.740418784063546,1.8070000410079956,930882
2005-10-25,1.9138540779883786,1.9166869566223121,1.749120948546475,1.7675374746322632,2801770
2005-10-26,1.7780609009869643,1.8185361861393177,1.7693589031966188,1.7819064855575562,1132319
2005-10-27,1.7924289031510552,1.8053813243958834,1.7786678192608392,1.7881791591644287,541232
2005-10-28,1.734549893185361,1.7776562204926896,1.734549893185361,1.7489190101623535,609544
2005-10-31,1.8503081331581015,1.8503081331581015,1.7361691454438155,1.7790722846984863,1035437
2005-11-02,1.7861556332735677,1.786762300864044,1.7446685097311492,1.7568109035491943,4332473
2005-11-04,1.7568109035491941,1.7568109035491941,1.7568109035491941,1.7568109035491943,0
2005-11-07,1.8383685867825885,1.8383685867825885,1.7695612727222654,1.7845367193222046,3978500
2005-11-08,1.8072030409042297,1.876212693102073,1.7928344322758254,1.854154109954834,1214245
2005-11-09,1.8474750866525749,1.9081872251531335,1.8458558847436857,1.8994852304458618,1352426
2005-11-10,1.9075804168779755,1.9470431539785034,1.9075804168779755,1.9282222986221313,1887541
2005-11-11,1.913853986052959,1.9399598016350854,1.874188739568651,1.887949824333191,1395351
2005-11-14,1.9166869832299565,1.9543285280557363,1.8893666364755335,1.9338891506195068,3796580
2005-11-16,1.951495262873888,1.951495262873888,1.908187116259323,1.9393528699874878,1095829
2005-11-17,1.9480556942599472,1.9480556942599472,1.8970573835613211,1.907581090927124,961962
2005-11-18,1.9110205433216814,1.9338893231173622,1.902318546611311,1.912234902381897,835626
2005-11-21,1.919723063084083,1.96303121854395,1.9065681332383482,1.9541267156600952,1245643
2005-11-22,1.960197583454417,1.960197583454417,1.9280199725118565,1.9452221393585205,633623
2005-11-23,1.9450194166484365,1.9529122368990195,1.9312578211812694,1.9399596452713013,1391108
2005-11-24,1.9514954715927526,1.9976365012544395,1.925591310629009,1.9684951305389404,1150706
2005-11-25,1.994804539586625,1.994804539586625,1.9255921955686222,1.977400541305542,804688
2005-11-28,2.0959912229168416,2.35341145647513,2.0959912229168416,2.212963104248047,10171006
2005-11-29,2.2145821331197317,2.2259153529860565,2.0526827454589585,2.0842528343200684,11454660
2005-11-30,2.100847850387246,2.136465694659657,2.0122079976299934,2.038112163543701,8280388
2005-12-01,2.0498490238524,2.1190613316507707,2.0379091373046005,2.1040852069854736,5540849
2005-12-02,2.1275614496522492,2.217415494599927,2.119061959410902,2.1996066570281982,4282194
2005-12-05,2.205880716276659,2.206083223208901,2.1190620534723243,2.148608446121216,1505316
2005-12-06,2.159536747332077,2.191511852123562,2.0988239183722053,2.114811897277832,2170550
2005-12-07,2.1277634033830894,2.1390966236803486,2.0963953083965543,2.1095502376556396,2573672
2005-12-08,2.12776361937031,2.153870291235909,2.12776361937031,2.1407153606414795,848850
2005-12-09,2.161964769950778,2.182405001724428,2.1140027063776676,2.1637866497039795,1125778
2005-12-12,2.1162287882660684,2.1876664707718865,2.1105623480277593,2.1227047443389893,1072245
2005-12-13,2.1435496349640104,2.1971790051828464,2.1220977162724672,2.188476324081421,3865246
2005-12-14,2.1971791631971436,2.208714212885007,2.1046938702647306,2.1350502967834473,2129853
2005-12-15,2.148000988358438,2.1682385392401287,2.1336323835317366,2.1581196784973145,7228933
2005-12-16,2.1741070753204887,2.1741070753204887,2.1251329949071547,2.15063214302063,398949
2005-12-19,2.168239264220016,2.1828103807926142,2.1484067204547457,2.1743102073669434,3045001
2005-12-20,2.168238950185158,2.2512123615329984,2.1538703426351833,2.2004165649414062,1800559
2005-12-21,2.2184270443688634,2.2202489240138554,2.1888806570594537,2.210939407348633,1635011
2005-12-22,2.226118223605547,2.2376530992160633,2.1773452782846454,2.2004165649414062,649782
2005-12-23,2.1828093677889537,2.1969752933002797,2.1743091983080625,2.1846303939819336,479001
2005-12-26,2.1425368568861085,2.1824046081004242,2.116228365238097,2.135251045227051,441768
2005-12-27,2.1307985262378377,2.1741066709616295,2.1307985262378377,2.16621470451355,390357
2005-12-28,2.1392995225321765,2.234820349577417,2.1392995225321765,2.197582960128784,4817379
2005-12-29,2.1969762350448416,2.197178741979227,2.1848338373691774,2.1929283142089844,467615
2005-12-30,2.212761412206728,2.225510646552123,2.1599412302453365,2.1989996433258057,2242399
2006-01-02,2.2202494225940987,2.234820539135144,2.1769412574571994,2.1860482692718506,399515
2006-01-03,2.2232840061187744,2.2404861712474236,2.2030464558211897,2.2232840061187744,880779
2006-01-04,2.2261181046049807,2.2489860301072224,2.2030468191815302,2.216201066970825,598618
2006-01-05,2.2319869999244037,2.2319869999244037,2.176132100408591,2.188476324081421,623900
2006-01-06,2.197178113674881,2.2319860942930543,2.197178113674881,2.22206974029541,470373
2006-01-09,2.2220703904590433,2.2839969090425334,2.2220703904590433,2.262343168258667,1376505
2006-01-10,2.2896629080118074,2.3388400066876462,2.2698301995193852,2.28703236579895,1590459
2006-01-12,2.2708420286598914,2.3042338264752362,2.2261178639769996,2.2279388904571533,693662
2006-01-13,2.304233982078705,2.41695696188543,2.2493909526663605,2.3815407752990723,4346581
2006-01-16,2.399552901454939,2.399552901454939,2.3273051794025785,2.336412191390991,1127899
2006-01-17,2.287032526259678,2.38194581932362,2.28419896515463,2.320019483566284,2579754
2006-01-18,2.3706126534962864,2.3706126534962864,2.2841988537349276,2.3289237022399902,5005274
2006-01-19,2.356244003936354,2.409670847005213,2.344910954507714,2.3720293045043945,760030
2006-01-20,2.4025886978495783,2.4458961764877114,2.376482024097568,2.423837423324585,4108265
2006-01-23,2.373648884375652,2.4284919155757776,2.3360073385885585,2.4068381786346436,1883192
2006-01-24,2.4282889543106907,2.5209767032704233,2.356446275624211,2.418980121612549,3439813
2006-01-25,2.4197899110629195,2.516524914760224,2.4068381703229242,2.4430630207061768,4052965
2006-01-27,2.457431409807784,2.7233511128925043,2.457431409807784,2.662032127380371,8043557
2006-01-30,2.6859116233166334,2.729219771357833,2.515715269238158,2.544654130935669,3097472
2006-01-31,2.6280326364602304,2.6772099058825933,2.5788562200575904,2.620342493057251,1772979
2006-02-01,2.6539370702970726,2.7753620518005,2.6203427617223114,2.7112088203430176,2852580
2006-02-02,2.889084687647312,2.8905820344564916,2.8264137634727944,2.8546478748321533,4514782
2006-02-03,2.826414175690012,2.8548623266827846,2.7290916677566472,2.7772181034088135,2160119
2006-02-06,2.7772185002221637,2.9151809086985407,2.7256698330673537,2.8629908561706543,4163778
2006-02-07,2.8724020444344256,2.8724020444344256,2.7810681923530782,2.7936885356903076,1036144
2006-02-08,2.8020298469234444,2.8602090929749284,2.780640182225783,2.8255584239959717,1830048
2006-02-10,2.826414333467679,2.85700139879325,2.7564699753608686,2.7849183082580566,1585686
2006-02-13,2.79604040759335,2.841600030785703,2.7318712385138855,2.7808539867401123,1748405
2006-02-14,2.7868430062145073,2.826413603031533,2.762244434108744,2.806093215942383,2622290
2006-02-15,2.8202113086134823,2.8202113086134823,2.7042801371838476,2.728022575378418,1469462
2006-02-16,2.777645365662022,2.780640420255492,2.7081299862628643,2.7352941036224365,3451977
2006-02-17,2.747058134527802,2.765453646916543,2.6644948887029796,2.68438720703125,1026421
2006-02-20,2.6858849810842664,2.6858849810842664,2.612518402812967,2.6461005210876465,658586
2006-02-21,2.637330099226782,2.7500530581334504,2.633907875345588,2.739786386489868,1528688
2006-02-22,2.7562564739271305,2.9395642769558354,2.719466167444131,2.907052516937256,5037663
2006-02-23,2.911971895458576,2.9333615596635365,2.7378606094487843,2.758822202682495,2508471
2006-02-24,2.7562566354277314,2.780426601661206,2.7194663267890333,2.734438896179199,1587241
2006-02-27,2.7746508941441475,2.7898374961318155,2.7104824428731797,2.732727527618408,1384991
2006-02-28,2.774651153312058,2.774651153312058,2.6925152539324455,2.7269527912139893,2698806
2006-03-01,2.750053042282238,2.9211694645295903,2.7226741694924357,2.9064109325408936,7282325
2006-03-02,2.9382810939696555,2.9547510102123162,2.82684143461234,2.918175458908081,5098409
2006-03-03,2.879032824249365,2.948335084721815,2.847804369574321,2.914752960205078,3980268
2006-03-06,2.933362319708506,3.1748503081266746,2.9273731112021455,3.052501678466797,7463042
2006-03-07,3.1014835160305525,3.138488042897387,3.034321075127668,3.0818052291870117,2180627
2006-03-08,3.0984883405908348,3.2847907882766068,3.0708952574068147,3.2520651817321777,3153127
2006-03-09,3.049078919745947,3.3153787400533914,3.049078919745947,3.1166694164276123,3700759
2006-03-10,3.1320699099435467,3.361152441108616,3.1320699099435467,3.3322765827178955,4385865
2006-03-13,3.360724469653176,3.5149432681140858,3.18490233071185,3.228537082672119,5224002
2006-03-14,3.254632405604223,3.2924916244044864,3.147256549410218,3.1665074825286865,1465290
2006-03-16,3.198377871095053,3.2084305065490804,3.1106803022410943,3.1350648403167725,1569986
2006-03-17,3.196238608433239,3.263402121938286,3.1320701495339094,3.1868278980255127,2916967
2006-03-20,3.263401681989727,3.263401681989727,3.1382729695937375,3.171427011489868,1622246
2006-03-21,3.284791759456191,3.284791759456191,3.132070293721378,3.136134624481201,2166449
2006-03-22,3.174849510192871,3.2204089561577893,3.1412673963321454,3.174849510192871,1452137
2006-03-23,3.193030425754021,3.193244641580518,3.1534600022483272,3.1784861087799072,1318694
2006-03-24,3.179341097678734,3.2084304489409217,3.1472563315795257,3.2013721466064453,801682
2006-03-27,3.2634021858396633,3.2634021858396633,3.141267787523481,3.180410861968994,1524480
2006-03-28,3.2219067010321933,3.2452212451387314,3.1320702077640616,3.176133394241333,3049597
2006-03-29,3.232814610152288,3.38553604764492,3.147256316203692,3.217841863632202,1112731
2006-03-30,3.1870409968427236,3.265540629013996,3.1596628472619486,3.1682181358337402,1337398
2006-03-31,3.202441733686543,3.2390181830656513,3.202441733686543,3.208216905593872,720782
2006-04-03,3.2666102170040463,3.3917396639540596,3.251210479723633,3.3637192249298096,2382772
2006-04-04,3.3917394111708203,3.437726928193532,3.324575904593167,3.38468074798584,1745577
2006-04-05,3.4482398674781267,3.6786302735942553,3.4482398674781267,3.646357297897339,2448362
2006-04-07,3.681993120839619,3.8899724979288144,3.681993120839619,3.773880958557129,4238490
2006-04-10,3.682216913415478,3.809962511905539,3.6499446872091834,3.6768383979797363,1422966
2006-04-12,3.7075423934545677,3.7779142690354885,3.592346781491255,3.6143105030059814,1451500
2006-04-13,3.685130785552181,3.685130785552181,3.3648699150604364,3.578899621963501,1590494
2006-04-17,3.5788997385453047,3.5788997385453047,3.4289663353676247,3.4753589630126953,1392522
2006-04-18,3.6015350224326608,3.6015350224326608,3.432103868978639,3.475581645965576,997321
2006-04-19,3.584951404258735,3.584951404258735,3.4484657811448565,3.4601194858551025,1886940
2006-04-20,3.4610152273099426,3.4610152273099426,3.403417793183805,3.4224681854248047,1308440
2006-04-21,3.4417402978799028,3.4417402978799028,3.3520943589847056,3.3778676986694336,738921
2006-04-24,3.377868019461462,3.4383791473215535,3.362179865305753,3.4141743183135986,1717679
2006-04-25,3.4258300164558215,3.4258300164558215,3.2882228856415603,3.329684019088745,1040670
2006-04-26,3.374507421366385,3.413054463297928,3.313771826512546,3.3700244426727295,3906298
2006-04-27,3.361731503116236,3.409692261112544,3.345819652752839,3.394228935241699,649252
2006-04-28,3.2819474272793165,3.431880849100682,3.281722976049045,3.4022974967956543,618561
2006-05-02,3.4130530343416106,3.521749729729589,3.4130530343416106,3.508302688598633,1635789
2006-05-03,3.5537985908060867,3.6499441694137436,3.5251115418080134,3.5954837799072266,1653043
2006-05-04,3.665857189895758,3.6669775565852913,3.5858478937040332,3.597949743270874,1394043
2006-05-05,3.601984160401258,3.6501682405698146,3.588984884022746,3.6378419399261475,2009174
2006-05-08,3.656219832677904,3.8899725624171846,3.656219832677904,3.7897932529449463,2466571
2006-05-09,3.8388735327607306,3.9213483829662152,3.7523649850213032,3.8312535285949707,2170621
2006-05-10,3.8686811745190686,3.874059311727592,3.7476585395662716,3.776121139526367,1134794
2006-05-11,3.922021080057512,3.922021080057512,3.6506172247938813,3.6802005767822266,1793063
2006-05-12,3.52690474273104,3.6819917925633687,3.498217694880803,3.6255147457122803,950082
2006-05-15,3.681993556870839,3.824307742185176,3.4258300637709587,3.6472561359405518,1782102
2006-05-16,3.6786307752737963,3.7427278331255156,3.5217503638624703,3.623274087905884,2569783
2006-05-17,3.6819929875085675,3.9220208923876565,3.6819929875085675,3.828788995742798,1563799
2006-05-18,3.8417874750741343,3.8420115484247916,3.4096928142465566,3.496201753616333,2140248
2006-05-19,3.842010278632784,3.842010278632784,3.348956115597757,3.40767502784729,2876164
2006-05-22,3.4076757525438923,3.4258290925840305,2.737346044208385,3.2292797565460205,1894471
2006-05-23,3.229279920694794,3.454516321645669,3.121704125999287,3.3211669921875,1756538
2006-05-24,3.3464913523497195,3.5822614347715063,3.025558677423441,3.1810946464538574,2635443
2006-05-25,3.1824386769783772,3.3585939017585225,3.1696638552022076,3.337078332901001,676230
2006-05-26,3.237347109806114,3.8097387526443405,3.187818220700845,3.2169530391693115,1803423
2006-05-29,3.297635010378237,3.3099613119674296,3.2017134778985565,3.2521398067474365,2316616
2006-05-30,2.9614629314488177,3.3906443629261327,2.9614629314488177,3.3518717288970947,1032962
2006-05-31,3.207988428208001,3.292928082931052,3.1952143602261716,3.2478814125061035,1005276
2006-06-01,3.329683061028629,3.3390964076610525,3.1761641190260783,3.2055230140686035,563543
2006-06-02,3.3476127300848146,3.3476127300848146,3.0576074391786663,3.1958863735198975,1924066
2006-06-05,3.3106340244946373,3.3458199617776803,3.1257383817675177,3.2393651008605957,3651823
2006-06-06,3.1376162217175905,3.192076623423304,3.017490617735976,3.0446085929870605,909349
2006-06-07,3.192076381988688,3.192076381988688,2.817579577200728,2.8662123680114746,1528122
2006-06-08,2.694315597035026,2.779031176190609,2.2956145612880516,2.6156511306762695,5038264
2006-06-09,2.5966018696332034,2.881452337617024,2.313543799273933,2.811976194381714,2914386
2006-06-12,2.8155623828919074,2.8487314653245295,2.6122893620971235,2.761549949645996,324095
2006-06-13,2.59323945742833,2.657112445399773,2.5325046295348748,2.6364939212799072,1047883
2006-06-14,2.654200064289312,2.7534830819755305,2.1163221449738754,2.519282579421997,3231481
2006-06-15,2.362848375455818,2.621925599380756,2.362848375455818,2.5204017162323,5159190
2006-06-16,2.619012235995643,2.8334911666504095,2.619012235995643,2.6831092834472656,1868023
2006-06-19,2.6831096929104707,2.7662571376782874,2.590102078007802,2.6553196907043457,1560970
2006-06-20,2.622150981751712,2.655320070576791,2.5614153932871857,2.5867409706115723,4112084
2006-06-21,2.6091512046295318,2.734208277650612,2.566345273181674,2.707537889480591,2228397
2006-06-22,2.8422328744138503,2.8422328744138503,2.707538899745965,2.7743256092071533,3503458
2006-06-23,2.7214335072002416,2.8110796416994717,2.6925229504808934,2.7826168537139893,1418794
2006-06-26,2.7245717951308897,2.8222857065779468,2.62528804799409,2.6541993618011475,194613
2006-06-27,2.6573364385448186,2.727933130435924,2.5932391948120643,2.694539785385132,2810008
2006-06-28,2.689385105754706,2.7821694043811958,2.5838267391730088,2.718519926071167,1300413
2006-06-29,2.785531002589144,2.7974087778214574,2.7214337527467793,2.7238991260528564,236901
2006-06-30,2.7855310011928482,2.8332674979410837,2.7566196861515935,2.801891565322876,2659169
2006-07-03,2.817579336593536,2.8366287792328415,2.7534822801521988,2.792926549911499,155329
2006-07-04,2.785530733369543,2.830129821499815,2.740707194077914,2.766704797744751,139453
2006-07-05,2.79516804254157,2.8494039917170038,2.7727561747655654,2.8332676887512207,912354
2006-07-06,2.814218183578602,2.9446526666676562,2.814218183578602,2.8574717044830322,816427
2006-07-07,2.879659261746337,2.9296374378167243,2.8243025701337734,2.8590407371520996,380103
2006-07-10,2.8718159171769737,2.91350130436522,2.8337162702020446,2.876297950744629,454745
2006-07-11,2.948462083729808,2.961461357161255,2.88145189098822,2.9401700496673584,1057289
2006-07-12,2.9231381470463935,3.0416946698793534,2.8814525710868155,3.0349717140197754,430560
2006-07-13,3.0096465262705623,3.0096465262705623,2.9296372398808415,2.980510950088501,1249073
2006-07-14,2.9520484633935693,2.958323839253669,2.8848141827837748,2.9038643836975098,1330327
2006-07-17,2.970874121375267,2.970874121375267,2.862401862619883,2.91977596282959,6852542
2006-07-18,2.926274774761941,2.94196349495801,2.839990875720487,2.885709762573242,4278693
2006-07-19,2.9135012885550524,2.9294133294880327,2.6893854414893026,2.7454147338867188,1457617
2006-07-20,2.8334920060261672,2.8751773931863833,2.779031604595396,2.8045806884765625,2227230
2006-07-21,2.83035346146589,2.8494036602183916,2.7693943746999805,2.7850823402404785,2030849
2006-07-24,2.6929699775708187,2.7983048036901494,2.657784244581025,2.717622756958008,640695
2006-07-25,2.7503449074765127,2.8814521637349984,2.737345821746567,2.8758490085601807,1580417
2006-07-26,2.856126991370061,3.0031472419292564,2.826992169323024,2.9769253730773926,4848884
2006-07-27,3.051107766567477,3.265810235682592,2.9614616294486593,3.0757603645324707,3948303
2006-07-28,3.0576076570890685,3.11767064754881,3.0096468940564103,3.067692279815674,1319967
2006-07-31,3.093689210911709,3.3198214800512225,3.093689210911709,3.1987996101379395,3739300
2006-08-01,3.156890479155118,3.2144882817153237,3.1219282389157583,3.1734745502471924,1555702
2006-08-02,3.1985762209739272,3.227038824831753,3.115205258362829,3.204178810119629,574893
2006-08-03,3.262449053526143,3.3393205719808106,3.211350504881478,3.267603874206543,1442024
2006-08-04,3.26760500791106,3.272087232227572,3.185578262452588,3.23398756980896,669689
2006-08-07,3.26581080545212,3.3296834224264167,3.2389167140128494,3.25146746635437,795212
2006-08-08,3.2658105821168135,3.316909125638617,3.256173539641179,3.298755407333374,602720
2006-08-09,3.3025646490106673,3.377867629110387,3.2913587179475856,3.3287861347198486,1046540
2006-08-10,18.76183024382204,18.76183024382204,16.816507780929527,17.509023666381836,2043097
2006-08-11,17.98975036453108,17.98975036453108,17.572896868605497,17.745464324951172,1189190
2006-08-14,17.985265177298363,17.985265177298363,17.376790937613954,17.79364585876465,964239
2006-08-16,17.929239583975335,17.929239583975335,17.505661612242093,17.561691284179688,656352
2006-08-17,16.968901995169,17.804853401776196,16.968901995169,17.23335838317871,1125311
2006-08-18,17.909068824329754,17.909068824329754,16.58454675446814,16.80866241455078,834056
2006-08-21,17.18517669734794,17.18517669734794,16.572220864578377,16.740306854248047,601398
2006-08-22,16.96890273973271,17.080962073252834,16.056752763398805,16.340259552001953,9248857
2006-08-23,16.889341220103216,16.968901223756607,16.32905215983699,16.416458129882812,1080272
2006-08-24,16.688758499170152,16.72909925358876,16.408614707142224,16.584545135498047,1156413
2006-08-25,16.729100752962772,17.009244570099067,16.632731836083657,16.76047706604004,577524
2006-08-28,16.760474000744292,17.208705235350806,16.63272879415102,16.688756942749023,1106854
2006-08-29,16.82098805274034,17.144835614398975,16.8086621299667,17.032777786254883,1204571
2006-08-30,17.048465728759766,17.30507920626999,16.824350065348735,17.048465728759766,2287155
2006-08-31,17.048465509613052,17.200864098315332,16.701086084645695,16.740306854248047,3083824
2006-09-01,16.961064380828436,16.961064380828436,16.609203419693564,16.80082130432129,624388
2006-09-04,16.808661820969675,17.17733160023508,16.808661820969675,16.897186279296875,1499708
2006-09-05,17.160523569612078,17.768997943732217,16.81650712945562,17.300596237182617,3082749
2006-09-06,17.44066643461801,18.802169242444965,17.289389352496695,18.213865280151367,4331830
2006-09-07,18.40996768424735,18.40996768424735,17.641251750506672,17.85752296447754,1367432
2006-09-08,17.993106605995905,18.08947548762988,17.697272473333,17.97293472290039,910091
2006-09-11,18.169041755825134,18.273255118083313,17.228876983718106,17.417133331298828,1426106
2006-09-12,17.597546332133362,18.009918305437186,17.17732990368534,17.593063354492188,1054036
2006-09-13,17.832869168524706,18.009919591794077,17.649094278313278,17.781322479248047,1088736
2006-09-14,17.929235093332345,17.929235093332345,17.3689475830244,17.61323356628418,944424
2006-09-15,17.608755971888588,17.809339790172935,17.17733351996753,17.653579711914062,1259405
2006-09-18,17.84968075601084,18.165683921490285,17.673751791576052,17.817184448242188,1704023
2006-09-19,17.929242125874325,18.085002217614043,17.605396017403503,17.83735466003418,1782399
2006-09-20,17.841829651147467,17.841829651147467,17.549358480603225,17.664777755737305,826072
2006-09-21,17.84967979588762,18.281102266074498,17.65694193769472,18.16120147705078,1597934
2006-09-22,18.557882459116815,18.69011065773185,18.04914004221735,18.43013572692871,1087676
2006-09-25,18.489527728635057,18.729332293002553,18.369625446451312,18.5814151763916,615378
2006-09-26,18.769674207770308,19.049818034954956,18.570210388092065,18.942241668701172,6106528
2006-09-27,19.090152963128702,20.010145693758787,18.813369187082337,19.950756072998047,3402991
2006-09-28,20.170393919183592,20.53458223793458,19.057660095581888,19.21790313720703,3668469
2006-09-29,19.370298010786996,19.849905543485892,19.205573534025238,19.72216033935547,3315571
2006-10-03,16.88934039247151,19.99445965794606,16.88934039247151,19.266084671020508,1643101
2006-10-04,20.79455516763278,21.52293027596623,19.98213706823313,20.246593475341797,6587417
2006-10-05,20.498724979517807,20.970488194851086,20.330638976631835,20.447179794311523,3374980
2006-10-06,20.49087827648353,21.507243173582204,20.251075222417846,20.738527297973633,5816780
2006-10-09,20.5469113740499,21.147541365418725,20.33064014034711,20.923425674438477,3089566
2006-10-10,21.119527261722926,21.267442897422487,20.643281023939387,20.774389266967773,1229810
2006-10-11,21.066856790753516,21.186757564724132,20.49087873204974,20.638795852661133,1831696
2006-10-12,20.811363728015518,20.87075487320263,19.849908540270263,19.966447830200195,2896085
2006-10-13,20.550268354263768,21.395184233630154,20.002306682893032,20.21073341369629,2772217
2006-10-16,20.52225573607147,20.730682474019122,18.91758841038957,19.20221519470215,13512325
2006-10-17,19.530544884804954,19.610106411702063,18.753984540311762,19.013957977294922,2976497
2006-10-18,18.889570638740043,19.082309946511366,18.1533511919105,18.257564544677734,2533102
2006-10-19,18.43013663363088,18.537712993550716,17.93372162575902,18.04914093017578,2433709
2006-10-20,18.23403710472001,18.897419666294716,18.169044497816635,18.56572914123535,8595376
2006-10-23,18.93439749285313,18.93439749285313,18.573570658706835,18.71812629699707,1034376
2006-10-26,18.650938504370824,19.061667996753457,18.650938504370824,18.969141006469727,1869734
2006-10-27,18.981550109835744,19.988062936855275,18.981550109835744,19.847015380859375,2974849
2006-10-30,19.99708616803562,19.99708616803562,19.22302023030902,19.432897567749023,1532704
2006-10-31,19.803007871404827,19.803007871404827,18.94092752219244,19.254615783691406,1260430
2006-11-01,19.315554342079746,19.415978869506905,18.66222341190047,18.74685287475586,1544295
2006-11-02,18.85178696409278,19.246718272766202,18.779570753332877,19.150806427001953,1565022
2006-11-03,19.327963733364214,19.327963733364214,18.884511793555482,19.226409912109375,670863
2006-11-06,19.335857860231698,20.35478068688856,19.303133871404725,20.07268714904785,3185466
2006-11-07,20.302876182568447,21.507983813386453,20.302876182568447,21.21009063720703,10440197
2006-11-08,21.277800302751054,21.423360537708515,20.230667316282698,20.428133010864258,1924448
2006-11-09,20.552252852689996,20.669603257332188,20.238563033101023,20.47665023803711,4627823
2006-11-10,20.315292023483465,20.633492956616827,20.149419527070577,20.238561630249023,615117
2006-11-13,20.39991990259227,21.18978407556755,20.069305738265992,21.092742919921875,2025008
2006-11-14,21.036327171036408,21.584717822204958,20.633495225712625,21.141265869140625,2827949
2006-11-15,21.346626556631403,21.346626556631403,20.5127560497718,20.645904541015625,1146965
2006-11-16,20.859170872164494,20.93138708932805,20.492447823038205,20.589488983154297,1238897
2006-11-17,20.786952822608683,20.915588670936348,20.392021484813007,20.572561264038086,976395
2006-11-20,20.782437905430843,21.359038265584964,19.746589094241468,20.645904541015625,3042794
2006-11-21,20.91107078619373,21.52039509656525,20.79484819073899,21.338726043701172,1811888
2006-11-22,21.60051250232592,22.89024824003344,21.3590404351925,21.757356643676758,10361482
2006-11-23,21.92323179068976,22.47049467572377,21.64903569519354,21.959339141845703,3605171
2006-11-24,22.164697328709707,22.164697328709707,20.677497705974783,20.81515884399414,4588454
2006-11-27,21.084844365507774,22.164699603244255,20.995702266853314,22.12069320678711,5418671
2006-11-28,21.80249382810414,21.906304740148922,20.9562114689204,21.3624267578125,3808284
2006-11-29,21.697550877720527,21.89840139296242,21.35903769602695,21.479774475097656,2607079
2006-11-30,22.156807674221405,22.156807674221405,21.15706585570969,21.351146697998047,2144646
2006-12-01,21.564402724172723,22.23691491922223,21.359038026990273,21.979644775390625,2369293
2006-12-04,22.003348707200253,22.1647070705469,21.689660341568388,21.923234939575195,2650831
2006-12-05,22.084584494445846,22.221116332393485,21.52378073486851,21.644515991210938,1482290
2006-12-06,22.16470084249138,22.244816109580768,21.35904008023715,21.58810043334961,984372
2006-12-07,21.81829188475533,22.164702663440842,21.3703257621045,21.64903450012207,2152836
2006-12-08,21.680628321131483,21.841986645915867,21.351141924360416,21.475263595581055,1644550
2006-12-11,21.74607140032616,21.76186798199345,20.23066189902758,20.371707916259766,1371774
2006-12-12,20.069306551576727,21.318419261845968,19.751104084271986,20.153934478759766,3019005
2006-12-13,20.310779277991415,21.584716972176572,20.1900439995192,21.269899368286133,5863488
2006-12-14,30.014815401472426,31.910487472520565,26.95014448789517,30.662504196166992,5069930
2006-12-15,31.104828573383955,36.33372441591716,30.883667275505044,32.976806640625,11389696
2006-12-18,33.466519544846186,33.96413245074934,32.22643224036414,32.41600036621094,5316747
2006-12-19,32.41600532361487,32.41600532361487,30.330764752255238,30.4808406829834,3776663
2006-12-20,30.87576994201773,31.792011395075217,29.698871913410525,29.912134170532227,4170390
2006-12-21,30.04641417777829,31.989480924755473,29.999022899842515,31.515562057495117,2661437
2006-12-22,31.436574463328864,32.70035607596961,31.152223752682264,32.42390441894531,2377296
2006-12-26,32.42389563071779,32.52657721207421,31.610335943446817,32.27382278442383,1178593
2006-12-27,32.2580323529644,32.52658494744378,31.871000045989458,32.360713958740234,1922930
2006-12-28,32.47918594713666,32.47918594713666,31.75251278220992,32.27382278442383,884244
2006-12-29,32.36862540820466,33.79038250263697,32.03688330375139,32.984718322753906,3104074
2007-01-02,33.25325193884822,34.75399251070147,32.62136133196004,34.32746505737305,3284039
2007-01-03,34.59601934931384,34.90406406833953,33.25325071751268,34.23268127441406,4009847
2007-01-04,34.12210648796748,37.02880245257477,33.33224084027953,36.19944763183594,5170651
2007-01-05,35.85980343345077,36.167851247631354,34.65921447323857,35.196319580078125,3795338
2007-01-08,35.227911992700626,35.227911992700626,33.96412770749957,34.469642639160156,2781433
2007-01-09,34.46965257753957,35.046253049255256,33.37174196520622,33.62449645996094,2835810
2007-01-10,33.33224252031799,35.51226840859131,33.17427060039847,34.37486267089844,3287024
2007-01-11,34.59603000419964,34.911973871368886,33.96413618195883,34.588130950927734,2089433
2007-01-12,34.67501108684485,35.109437667018476,34.13790291199502,34.45384979248047,3636336
2007-01-15,34.43805070184485,34.896171382474094,34.122106874352646,34.33536911010742,2705463
2007-01-16,34.911973836653814,34.911973836653814,33.33224537052493,33.58500289916992,2425242
2007-01-17,33.80616177492077,34.264282479563235,33.253258525852594,33.48231887817383,2173106
2007-01-18,33.711374481928736,33.91673764724072,33.032089529391776,33.30854415893555,3666178
2007-01-19,33.49022615540815,33.80617007705073,32.558186411844666,32.731956481933594,1537219
2007-01-22,33.15058082478208,33.17427494169771,32.25013437110843,32.42390441894531,3027897
2007-01-23,31.847305827789977,33.31645378965657,31.847305827789977,32.660865783691406,1801589
2007-01-24,32.85832613437366,33.608693500679244,32.71614927838995,33.41912841796875,2326052
2007-01-25,33.506018768182436,34.517045940128206,33.49022370402264,33.80616760253906,4784415
2007-01-29,33.80616289726615,33.80616289726615,31.79201093171919,32.487091064453125,1604592
2007-01-31,32.550281579384574,32.842531329201705,30.733593698579366,30.875770568847656,5912325
2007-02-01,31.328258678505808,31.901190581331857,29.601505156572472,31.694299697875977,13751546
2007-02-02,31.853448894164945,33.34148037818285,31.853448894164945,32.94361114501953,10075594
2007-02-05,33.3733153382108,33.9780786023621,32.6491909842032,33.68365478515625,5917528
2007-02-06,33.68365043046096,33.89849913778806,32.943610542387724,33.42105484008789,3392079
2007-02-07,33.34148041234059,33.58020256580214,32.307019791737176,32.410465240478516,6094401
2007-02-08,32.62531428881247,32.68897372884887,31.670425754861142,32.40250778198242,7811222
2007-02-09,32.40251137634474,33.56429091934281,32.338851929246694,32.665103912353516,4815010
2007-02-12,32.466169844987554,32.466169844987554,30.89060839440874,31.829578399658203,3167891
2007-02-13,31.789795563987006,33.261914769805216,30.71554873446226,32.44230270385742,3999139
2007-02-14,32.44229642604169,32.76059058556959,31.04179476429101,31.527196884155273,3216014
2007-02-15,32.62531503192506,33.42105345061269,32.01259405759165,33.24599075317383,3790089
2007-02-19,33.460846004094165,33.89850125998858,32.64123405948942,32.92770004272461,2212975
2007-02-20,32.46617256284984,33.39719096450534,31.75000904352369,32.06034851074219,1459112
2007-02-21,32.147864216891826,33.01521971420156,31.694293471804183,32.56960678100586,3618692
2007-02-22,32.30701918338651,32.768547853629464,31.04975206098569,31.702259063720703,2094928
2007-02-23,32.30701093382293,32.37862817354443,30.643917196167664,31.17706298828125,2837754
2007-02-26,31.431706803775185,32.1478732767492,30.556393247894178,31.813663482666016,1845075
2007-02-27,31.829574491465497,32.27519059509778,31.511280341180186,31.80570411682129,1310036
2007-02-28,31.74999765191041,32.307013863377854,26.084332587039277,31.320297241210938,2126135
2007-03-01,31.352136018915004,32.275193429024405,30.588225697922187,31.948938369750977,1516691
2007-03-02,31.988724633203045,33.023185221522645,31.3600910797839,31.80570411682129,1716285
2007-03-05,31.511277071588296,31.511277071588296,29.060399488994495,29.44235610961914,3393938
2007-03-06,29.6015105240828,31.025882725967808,28.40789962126739,29.012662887573242,4406549
2007-03-07,29.60151117709835,30.078955548757037,27.691736757059005,28.07369041442871,3203528
2007-03-08,28.63069769120854,29.959581711536863,27.930443995148725,29.74472999572754,1780607
2007-03-09,30.0152914771599,30.46090451996993,29.36278447404883,29.87205696105957,918244
2007-03-12,30.063035895580462,31.352134299913875,29.44236013544011,31.12932777404785,1338090
2007-03-13,31.352131537345716,31.670425670080945,29.593546794210194,29.94367218017578,1480600
2007-03-14,29.33095654039977,29.442362880314047,28.328327080528798,28.519302368164062,1338454
2007-03-15,29.37868945748933,29.450303622997875,28.51928880544859,28.66252326965332,851482
2007-03-16,28.805761679369706,28.948996178441607,27.914535699703002,28.169170379638672,760990
2007-03-19,28.32832150948952,28.805762701279516,27.850877251104848,28.02593994140625,1187499
2007-03-20,28.32832683542576,28.773939924846204,28.16917667497967,28.224878311157227,7209259
2007-03-21,28.50339072342484,29.585595299067922,28.37607181650321,29.46623420715332,2892196
2007-03-22,29.776569614112134,30.635967519185332,29.442359828793936,30.492733001708984,4960910
2007-03-23,30.708123467526384,32.45600045235364,29.98652168686844,32.263572692871094,8599640
2007-03-26,32.07114425519537,32.71256701670453,29.842199463730584,31.325490951538086,8515234
2007-03-28,30.724152532186185,31.509896790275736,29.946429572397438,30.67604637145996,8180056
2007-03-29,30.948657680973945,31.429725539200238,30.467589822747648,31.109012603759766,2574081
2007-03-30,31.429723345947604,32.13528557494291,31.028831432155144,31.998985290527344,1312309
2007-04-02,32.39184925955758,32.39184925955758,30.30722656690805,30.579830169677734,861701
2007-04-03,30.716139531118657,31.092973724342418,29.401221234656607,29.521488189697266,3119733
2007-04-04,29.67382631818863,31.910789317653006,29.67382631818863,31.493864059448242,6219050
2007-04-05,31.750433537138303,32.151322365708594,31.26936570690649,31.766469955444336,2072137
2007-04-09,31.75043617980267,32.87292684714824,31.75043617980267,32.464019775390625,1786825
2007-04-10,32.79274714265464,33.53038226217558,32.52014346389298,33.41813659667969,3911202
2007-04-11,33.514348227484724,34.075591992497856,33.121477591975534,33.249759674072266,1619352
2007-04-12,33.03328437591168,33.03328437591168,32.15132757423234,32.40789794921875,1466598
2007-04-13,32.26357126692535,32.96913659730884,32.26357126692535,32.5201416015625,961649
2007-04-16,32.985175057042994,34.380269385766134,32.712568287153054,34.26802062988281,2778140
2007-04-17,34.26802551653241,34.588738500410734,33.41814151652611,33.97938537597656,1329301
2007-04-18,33.915233616497034,34.468462205523245,33.578487391803755,33.74686050415039,1074993
2007-04-19,33.37002002917026,34.31611912274884,32.904988690274784,33.76289367675781,1064239
2007-04-20,33.99541664387872,34.604766586065175,33.51434878592653,34.428375244140625,2142506
2007-04-23,34.797196296847325,35.117909250074064,33.674705595357246,33.995418548583984,2057534
2007-04-24,33.83506404231804,34.39631099630813,33.4421933374335,33.987403869628906,1109503
2007-04-25,33.99541459233889,34.15576950535632,33.56245292833633,33.843074798583984,767248
2007-04-26,34.316120545525244,34.316120545525244,33.43416398866227,33.67469787597656,1057516
2007-04-27,33.72281093022032,35.27024509768942,33.71479581022365,34.79719543457031,4412399
2007-04-30,34.79719630956908,35.59095584805832,34.71701729876583,35.35042190551758,2217117
2007-05-03,35.278255767129856,36.40876131916532,35.278255767129856,35.7913932800293,3023159
2007-05-04,36.08004495722825,36.68939807455091,35.12592731742833,35.45465850830078,1464507
2007-05-07,35.83950482952916,35.99985974707819,35.198082069464306,35.68716812133789,975585
2007-05-08,35.75932411114519,36.63326246568977,35.43861122926867,35.97580337524414,3483531
2007-05-09,35.99985646023233,35.99985646023233,34.588728988822886,35.23816680908203,1279709
2007-05-10,35.51879278625731,35.74329027484287,33.71479157884495,34.44440841674805,10373529
2007-05-11,34.31612441837375,34.42837316647281,33.434167761974926,33.843074798583984,2951573
2007-05-14,34.9174564559744,36.38471136476612,34.38026429528938,36.192283630371094,2887150
2007-05-15,36.40075378460151,36.86578836468628,35.35844203686788,36.76155471801758,2370295
2007-05-16,36.86578493367763,37.44306513746961,35.79140044392268,36.09607696533203,3616257
2007-05-17,36.336606347778215,36.737495156322815,35.7673413351685,36.22435760498047,2111310
2007-05-18,35.943733644573534,36.48092583691627,35.47870224311505,36.10409164428711,1053945
2007-05-21,36.41679332052341,36.480935920163994,35.27826912910931,35.38249969482422,750564
2007-05-22,34.87737160394116,35.56690051782029,34.48449789172462,34.845298767089844,2382181
2007-05-23,34.95755292162058,35.823473302468265,34.89341032786862,35.39853286743164,1871428
2007-05-24,35.42257424425708,36.24038821758277,35.117900873699085,35.7913932800293,1996607
2007-05-25,35.5829388640662,36.553092877724815,35.00565861802478,36.23237991333008,3780502
2007-05-28,36.88181979714528,39.102746577090336,36.41678833086953,38.637718200683594,6024184
2007-05-29,39.59984639402876,41.31565355258392,38.86221131766405,40.28937530517578,11600812
2007-05-30,40.08091413847527,40.73035509216841,37.67557807402219,37.79584503173828,9027578
2007-05-31,38.164660630777995,40.68224541783219,38.164660630777995,39.43147277832031,12657308
2007-06-01,40.05685876110991,40.73035432968571,39.56777273023781,40.096946716308594,10474265
2007-06-04,40.56999632915377,40.56999632915377,39.6078637753051,40.096946716308594,4381813
2007-06-05,40.24929057739266,41.82879448629359,38.88626597426867,41.267547607421875,3475485
2007-06-06,41.41187019005661,42.39805749412777,40.257309745277595,40.61811065673828,5765355
2007-06-07,40.0889373303954,40.52991417025209,38.72591267015549,39.006534576416016,3090512
2007-06-08,38.81410809497186,39.80831366017277,38.164667038926915,38.894287109375,1507053
2007-06-11,39.51165477408928,39.768222034782,38.98247765358881,39.23904800415039,3085754
2007-06-12,39.447508767489666,39.76821858802651,38.004305305468115,39.271114349365234,3847906
2007-06-13,39.287152084784424,39.4394918810362,38.4853744166874,38.822120666503906,2367492
2007-06-14,38.88626097206471,39.752181173652225,38.88626097206471,39.22300720214844,1193333
2007-06-15,39.287149377814394,39.688038184240796,38.57356897090438,38.854190826416016,3337445
2007-06-18,39.23904591907759,39.23904591907759,35.35843656731911,38.822120666503906,2226679
2007-06-19,38.966439137941975,39.72011058007257,38.56555033594642,39.49561309814453,1294756
2007-06-20,40.08893712919165,40.24929206198299,39.0626587616152,39.31922912597656,2308574
2007-06-21,39.439494107876136,40.36153878723523,39.06265679046963,39.391387939453125,3400641
2007-06-22,39.28715492590589,39.744171257842474,38.82212347399579,38.94239044189453,2378933
2007-06-25,39.447514542550316,39.447514542550316,38.66978832459414,38.83816146850586,508485
2007-06-26,38.966440487189296,41.0590817745946,38.64572758056682,40.54594421386719,2527459
2007-06-27,40.65018232651089,41.04305300671468,39.05464188464569,39.567779541015625,1616720
2007-06-28,39.688034914425685,40.393600144364,39.287146141027684,39.71208953857422,1595369
2007-06-29,40.56998981331662,40.89070267300307,39.768212298902625,40.634132385253906,1442514
2007-07-02,40.890710929262525,42.83101562499599,40.890710929262525,41.98112869262695,3652075
2007-07-03,43.26397479642364,43.39225996793723,41.692489170054046,41.99716567993164,3512232
2007-07-04,42.30184765200433,42.30184765200433,40.1691148973424,40.57802200317383,3567265
2007-07-05,40.890716310360226,41.85284903056179,40.40964840532488,40.714324951171875,1656711
2007-07-06,40.730360812700255,42.333916354307384,40.2653293348499,42.013206481933594,2972465
2007-07-09,42.494269260513434,42.630569549409294,41.371778662708365,41.78870391845703,1685427
2007-07-10,41.69249119886075,42.43814454599834,41.29160233577462,41.588260650634766,2460242
2007-07-11,41.69249343352481,42.277791884772974,40.890715664378284,41.0350341796875,2787692
2007-07-12,40.89070944214815,42.25373391418472,40.89070944214815,41.580238342285156,1990242
2007-07-13,42.08535635481296,42.574439246645134,41.29961211878295,41.5641975402832,2790061
2007-07-16,41.692485686480026,41.85284059253934,40.74638648795361,41.50006103515625,1501987
2007-07-17,41.66041451348708,41.89293020075861,40.810527669748716,40.95484924316406,954582
2007-07-18,41.16331334196135,42.365982909594834,40.16910794132303,42.09337615966797,2504016
2007-07-19,42.30183790925405,43.19983092911183,42.01319784749055,42.80695724487305,2828531
2007-07-20,43.247950845345905,43.296057022627735,42.01321120905485,42.22969055175781,1588236
2007-07-23,42.494267023022815,44.12989512260062,41.53213139274478,43.52054214477539,2398334
2007-07-24,43.61676087632095,45.05996453365074,43.58469112587472,44.121883392333984,3548566
2007-07-25,43.905404315964745,44.113868524199475,42.65463142603332,43.76910400390625,1181518
2007-07-26,43.93746440147556,45.051936655761686,42.82299214718943,44.38645935058594,3393938
2007-07-27,43.29604486252253,45.77354165046801,42.65462213588575,45.17220687866211,4454561
2007-07-30,45.86173879070582,46.342806639846074,43.39226004899671,43.817203521728516,6342178
2007-07-31,43.937483208574506,47.53747182036794,41.868892712116356,47.04838562011719,9169199
2007-08-01,46.50315242461793,46.50315242461793,43.087575074513765,43.937461853027344,9159466
2007-08-02,44.097822052280705,48.05861020732596,44.097822052280705,45.98200225830078,4908321
2007-08-03,46.18244187344578,47.216735056678765,46.02208389801007,46.54323959350586,2068804
2007-08-06,48.106727588214724,48.106727588214724,44.3704391403759,46.59938430786133,1875307
2007-08-07,46.66352603352503,48.04258409624124,46.42298898576455,47.2327880859375,3222444
2007-08-08,47.465295208608445,49.78243405011923,47.14458229307187,48.683998107910156,7851116
2007-08-09,49.54992438693879,49.870637341581585,45.70940568053907,46.45505905151367,3482491
2007-08-10,45.70138718165758,47.786010559121685,43.69693972494579,47.27287292480469,2086503
2007-08-13,44.89961260670587,48.50761581176741,44.89961260670587,46.92009353637695,2512850
2007-08-14,46.823877838856866,48.74814628321498,46.823877838856866,48.2670783996582,4410565
2007-08-16,47.14458221890332,47.30493713148501,45.05995908573537,45.55706024169922,4236652
2007-08-17,45.54102497268743,46.51117570581412,42.49426631412504,44.15394592285156,9053769
2007-08-20,46.07020080255444,46.16641313191421,44.226108497455435,45.19626235961914,2255587
2007-08-21,45.58112061840894,45.829672772676346,43.45640617169291,43.64081573486328,1059355
2007-08-22,44.530789615188475,44.530789615188475,41.532136687084176,43.271995544433594,5771558
2007-08-23,43.93747190791998,44.51475210964902,42.02923995832293,42.73480224609375,2839997
2007-08-24,42.814970911915665,44.482671616197514,42.65461602569414,44.08979797363281,932529
2007-08-27,44.89960898673881,46.984232343394496,44.586914247292874,46.75171661376953,1518838
2007-08-28,47.304940212917394,49.22921164871885,46.18245266185833,48.812286376953125,4133142
2007-08-29,48.427429426084636,48.427429426084636,46.679552473974304,47.609615325927734,3684408
2007-08-30,47.94636440827997,48.587790299034594,47.03233792122525,47.72988510131836,2252117
2007-08-31,48.106718480521685,49.54991889168593,48.106718480521685,49.036781311035156,3160764
2007-09-03,49.51784571111975,50.48799643054605,48.60381627253777,50.03900146484375,3393196
2007-09-04,50.351708078745624,50.4960265991022,49.710282133152425,50.071083068847656,2066859
2007-09-05,50.35170152602718,50.51205644662245,48.66796404523598,49.108943939208984,3185899
2007-09-06,49.69424470430602,50.67241378340826,48.507611437607906,50.2314338684082,2992170
2007-09-07,50.96105418102273,52.564609652326155,49.726314737792485,51.891117095947266,6288792
2007-09-10,51.3138233935003,52.75702664623344,49.88665655642904,52.42028045654297,6557148
2007-09-11,52.893336687467865,53.061709813438085,51.041229211926755,51.37797546386719,2482639
2007-09-12,52.436316073637194,52.436316073637194,49.790449351836116,50.207374572753906,1914449
2007-09-13,50.20737641027112,52.10759305497347,46.75972886520226,50.279537200927734,3321039
2007-09-14,50.544121243363044,51.29779269518495,48.98867217724013,49.397579193115234,3766445
2007-09-17,49.10092146334449,50.43187305939029,48.47553207458573,49.91873550415039,1992945
2007-09-18,49.99891027436861,50.31962317026065,49.22920550396463,49.71828842163086,586243
2007-09-19,50.72853215193047,52.11560814210762,50.35971307979479,50.7846565246582,4763897
2007-09-20,50.83276584198325,52.07552341790181,50.60826833714506,51.73877716064453,2468395
2007-09-21,52.115614330358504,53.045677240207915,51.53833411664983,52.01138687133789,4527410
2007-09-24,51.63455037747427,54.02385351272928,51.63455037747427,53.711158752441406,3149641
2007-09-25,53.8955540300228,55.082187072423416,52.27596245422134,54.055912017822266,6882658
2007-09-26,53.07775326441046,55.91605142362094,52.925416536883255,53.815391540527344,4344818
2007-09-27,53.879520576566854,54.520946383305535,52.91738495632737,53.230079650878906,1606426
2007-09-28,53.23009437788212,54.3606034264642,53.07775763780298,53.66305923461914,1467285
2007-10-01,53.72719623729325,56.28487257415697,53.4385530129311,55.58732223510742,1653837
2007-10-03,56.30090594623795,56.445221370864466,54.2002399220679,55.12228775024414,3429438
2007-10-04,56.052341420956495,56.052341420956495,52.773070103056185,53.582862854003906,3911783
2007-10-05,54.03988703162993,56.13252553548454,53.57485556635802,54.75346755981445,4090152
2007-10-08,54.68130305757825,55.32272892129538,50.9129454199201,52.620731353759766,2953856
2007-10-09,52.67685981266296,53.879529537994465,50.99312837693693,53.454586029052734,3480284
2007-10-10,53.71917174206593,54.50491299167368,53.09378231824248,53.502689361572266,5456453
2007-10-11,53.87952370660879,55.723612966039106,53.23810404234495,55.154354095458984,1418975
2007-10-12,55.9641408820516,57.03852519317346,53.33431065308001,55.707576751708984,2863233
2007-10-15,54.77752297366166,58.04878606177043,54.77752297366166,57.768157958984375,2299720
2007-10-16,57.415366807333896,60.8068932879025,57.08664184840908,57.87238311767578,5279191
2007-10-17,56.12449930220997,59.491967653611006,49.710269309735615,58.56190490722656,4082716
2007-10-18,59.9249408779613,60.133401968689554,53.71917415568922,54.45680618286133,3749826
2007-10-19,56.12451041625192,56.12451041625192,51.48221088365627,52.5726318359375,6829125
2007-10-22,51.31383721657122,53.67908247926028,49.72631506483432,53.08576583862305,4066931
2007-10-23,54.36059178403084,59.13919116886556,53.91961190057188,58.62605667114258,3608913
2007-10-24,57.88840910485916,63.14807547695444,57.88840910485916,60.38193893432617,5852029
2007-10-25,60.93518746002113,63.340520879882696,60.774829426801645,62.5467643737793,5618486
2007-10-26,63.79752173123025,68.11911065824162,62.74718891975366,67.205078125,3733385
2007-10-29,68.15118078981473,70.23581010171591,66.56366190324388,67.13292694091797,2682672
2007-10-30,67.13294457241902,68.12714714498085,64.46301928315256,65.07237243652344,3678448
2007-10-31,65.10443366623288,66.54763740692638,64.46301390130579,65.21668243408203,1415399
2007-11-01,65.46522238781947,69.75473846458365,65.45720108928342,66.48348236083984,4328887
2007-11-02,65.12543718633246,66.65307086750818,64.16061460938037,65.88121032714844,895589
2007-11-05,66.48423676194403,70.91437009450611,65.84906325660944,69.36261749267578,2728269
2007-11-06,70.59273465818923,72.68317884731006,67.37666858169362,68.30128479003906,2225250
2007-11-07,69.9495528324802,70.23899592443743,65.17368294372369,65.62393188476562,2392788
2007-11-08,64.30533541116856,67.21587797449202,59.72243464018047,65.1093521118164,1870938
2007-11-12,64.32139753999877,66.32340448705817,62.24703449575072,65.3183822631836,2522594
2007-11-13,66.04202801422677,68.7917716128885,65.2862485407069,67.67418670654297,2911810
2007-11-14,68.03596688738004,70.68922226865217,68.03596688738004,69.12943267822266,2135773
2007-11-15,56.28122669719318,70.90630528704928,56.28122669719318,67.70631408691406,2669918
2007-11-16,67.5374847861485,69.46712986446487,66.29930040535847,67.32040405273438,2209914
2007-11-19,68.34148521470613,71.7183632969196,67.23194451671648,70.80982208251953,3686585
2007-11-20,70.54450438974756,72.68318619187121,66.57265259267432,68.55857849121094,5124533
2007-11-21,69.14551385358115,69.14551385358115,64.32140189477929,65.7364730834961,2440244
2007-11-22,64.64302120542835,66.57266002226508,61.58775406485832,64.0721664428711,1798968
2007-11-23,64.32140151111439,65.68823529028668,63.99979611477725,64.4259262084961,2595109
2007-11-26,66.21889356474776,71.07516240643699,65.44703926130462,69.78873443603516,4109513
2007-11-27,70.3997799614942,70.3997799614942,67.3847130550402,67.6580810546875,1166753
2007-11-28,67.79476481873236,69.11335507677713,65.22190910386148,65.86511993408203,1003508
2007-11-29,65.92944303848334,68.3414928852233,64.8038210160702,65.83296203613281,2493545
2007-11-30,66.52440967126151,68.77565968370084,65.92943632089555,68.22088623046875,2286334
2007-12-03,68.34149875692974,69.78873250751242,67.55356327354336,68.912353515625,2573248
2007-12-04,69.12944288135733,69.78873497486796,67.07919809404356,67.69024658203125,932801
2007-12-05,67.69829092745726,69.11336233902766,66.73346838375107,68.41386413574219,2885155
2007-12-06,69.59577269599588,71.77466089319151,68.18873880542164,68.88823699951172,6523320
2007-12-07,69.78871830358133,69.94952408658256,66.09023487050067,67.18370056152344,2301518
2007-12-10,68.3414995069959,68.3414995069959,65.54351918275658,65.91336822509766,4877054
2007-12-11,68.34150018992362,68.34150018992362,65.98573119250729,66.87014770507812,2961110
2007-12-12,66.40380654081635,67.85104007970536,64.64301131246248,66.95858001708984,2229568
2007-12-13,67.4972765825482,67.5374764839056,65.6239128427383,66.14653015136719,2354525
2007-12-14,66.09025712500365,66.09025712500365,63.517400912589515,64.24906158447266,9047404
2007-12-17,64.11235442233212,64.30532260601825,60.24503380882829,60.88020706176758,5800976
2007-12-18,60.78372075793593,62.77768383519548,60.30130963635779,61.09728240966797,2797799
2007-12-19,61.81288078299975,62.71337851779228,58.29128345972826,59.56163024902344,6748624
2007-12-20,60.285241166163495,60.91237699600806,58.910369799116616,60.116397857666016,2168772
2007-12-24,61.10534450978235,61.426949955361486,58.23500180982509,59.376705169677734,8191623
2007-12-26,60.14051409158387,63.0510563160399,59.75458388928769,62.697288513183594,5954447
2007-12-27,63.91941686850056,63.91941686850056,60.78374930268984,62.600826263427734,11362940
2007-12-28,62.50433254708817,63.517392454336765,61.93347778837174,63.20383071899414,2518528
2007-12-31,63.838989633463804,64.1605949951329,62.55256198979412,63.26009750366211,2850236
2008-01-01,63.9033336641798,64.11237692262621,62.55258688929919,62.71338653564453,1469457
2008-01-02,63.59779906013064,63.59779906013064,61.121424177632086,61.877197265625,4338196
2008-01-03,61.7003181575251,64.96462862152431,61.2902691992913,63.726444244384766,1697999
2008-01-04,64.80381993359089,65.44703073651306,63.05909963100004,64.0319595336914,2692310
2008-01-07,62.71338117975257,64.64302634706598,62.271169796077366,62.46413803100586,3481056
2008-01-08,63.46914598045204,63.46914598045204,60.301317101070936,61.08925247192383,1773075
2008-01-09,49.02899572967229,61.74855363885425,49.02899572967229,59.81087112426758,3377991
2008-01-10,60.28523365462433,61.95759152783782,58.69327557629819,59.44905471801758,2088584
2008-01-11,59.497310146546205,59.818915587053226,58.05007636877235,59.3204231262207,850755
2008-01-14,59.49730452694366,60.10031544556347,57.27821666214989,58.757606506347656,2121508
2008-01-15,59.49731532991895,61.90132813636025,58.7334984690497,61.08123016357422,3817659
2008-01-16,57.92143412792392,61.426950232434855,56.49832522214608,60.228965759277344,2527863
2008-01-17,60.301327884815876,61.73248048566236,59.67419199758109,61.434993743896484,3117046
2008-01-18,61.42695346699099,61.42695346699099,57.085258013986234,57.96968078613281,3951233
2008-01-21,58.69328822612734,59.497311136261764,52.42195414544232,54.351593017578125,9086758
2008-01-22,51.45713210981078,52.14858661375506,43.48931791545856,49.99382019042969,4490096
2008-01-23,58.37168218363561,58.37168218363561,49.20588059294097,54.16666793823242,2279288
2008-01-24,55.47721817773553,56.28123484455865,50.17070074030946,54.086265563964844,1024855
2008-01-25,54.673206617892276,56.44204592892681,53.579740626435886,55.766666412353516,880304
2008-01-28,54.02998266686341,59.818911151740025,51.71441375171052,58.9023323059082,942959
2008-01-29,59.24002754389895,60.90434216924137,56.924452094775916,57.66415023803711,807481
2008-01-30,58.21087336695536,58.21087336695536,54.673195466450295,55.31640625,853225
2008-01-31,55.718428425564234,56.11239619124168,49.52749090100236,52.52647399902344,4758462
2008-02-01,52.52648004261207,54.464162886437315,49.04508526446607,51.465179443359375,2414170
2008-02-04,53.4508109776961,54.34166115640756,52.1550340066866,52.559967041015625,1019541
2008-02-05,52.55995379419771,53.12685490575604,50.7215700166947,50.99692153930664,2103869
2008-02-06,50.99692975522806,50.99692975522806,48.42967003125028,48.70502471923828,3148970
2008-02-07,48.34867294133842,49.555363212214495,45.109231678530534,45.489864349365234,2487170
2008-02-08,46.11346266803176,47.94374737602411,44.890571104358294,47.01240539550781,3105534
2008-02-11,46.915226650359614,47.77368051720893,43.416628277247916,44.55853271484375,1637743
2008-02-12,45.02825444009649,46.16205991321287,42.9226179336054,44.69621276855469,2488494
2008-02-13,46.13775871343673,47.660298961497716,44.68810976569956,45.34409713745117,2145365
2008-02-14,46.93952202548639,50.859248154325286,46.32402670505177,49.984596252441406,2842487
2008-02-15,49.48249290767306,49.75784448272746,47.133897682462724,49.028968811035156,860999
2008-02-18,48.59164442460504,51.05361981872291,48.1057273249458,50.51911163330078,1683230
2008-02-19,51.3451707989581,52.462781405848766,50.43002981691473,51.96876525878906,2534192
2008-02-20,51.50713403652745,52.23600642540221,50.227552377765136,50.61628723144531,1008368
2008-02-21,51.08600772187269,51.66910689906624,49.72544193474949,50.00079345703125,1062214
2008-02-22,49.12615734759932,49.56348028265452,47.984252677481436,48.10573196411133,857559
2008-02-25,49.887418105096174,49.887418105096174,46.16205911288193,48.575443267822266,1567835
2008-02-26,48.75361984992665,51.021231091649206,48.75361984992665,50.511016845703125,1324674
2008-02-27,51.81488863797757,53.43460814693529,51.55573513947224,53.102569580078125,4611608
2008-02-28,53.12686397533372,54.29306253020739,52.36559217983066,52.96488952636719,3191905
2008-02-29,52.47897587926572,54.220171463632305,50.251856973780114,51.08601379394531,1569153
2008-03-03,50.69727669509451,51.57192552711146,48.79410363144623,50.23565673828125,1164233
2008-03-04,51.01311949196526,51.01311949196526,46.99621127897537,48.769805908203125,1979261
2008-03-05,48.54305349161991,49.717351072148766,47.48213303088447,48.23530578613281,2373826
2008-03-07,47.61980325119071,47.781774553684095,44.242684272571786,46.7613525390625,1587792
2008-03-10,46.153955364603924,46.153955364603924,41.805002412747996,44.0078239440918,3677796
2008-03-11,44.07261905520279,48.22720513770607,43.570507022855786,46.1458625793457,3326515
2008-03-12,48.381075436871896,48.381075436871896,44.218393612205894,44.704307556152344,1149089
2008-03-13,43.89444843585151,43.89444843585151,40.85746986114638,42.23423385620117,3219287
2008-03-14,42.43670101326661,43.40853205023343,41.14902012973757,42.10465621948242,3221651
2008-03-17,40.784579592432905,41.7078194132982,39.21344834515293,40.44443893432617,2482195
2008-03-18,40.18529496697913,43.16558085811346,38.87331987879339,41.23811340332031,3556855
2008-03-19,42.92262543062486,43.40853947167617,37.334584308886534,39.54550552368164,1391795
2008-03-24,40.493030590613415,41.10042373992176,38.225419928750604,39.31873321533203,1677951
2008-03-25,39.683165066262774,42.76063512482654,39.08386787115116,41.70781707763672,2640722
2008-03-26,41.48106312489442,44.01592649043259,41.48106312489442,43.8377571105957,2651501
2008-03-27,43.57051131361353,45.33600731643157,42.315226427604784,44.67192077636719,2295012
2008-03-28,45.35219722721211,46.971916550388706,44.46135035105904,46.67226791381836,1796351
2008-03-31,46.00818180805298,46.72895834746552,43.878248324268895,44.6152229309082,1807883
2008-04-01,45.02825905042883,45.02825905042883,40.73599837810184,41.2219123840332,2083614
2008-04-02,42.436694022451526,43.408524899323645,41.96697508907685,42.80923080444336,3221874
2008-04-03,42.62289044782782,44.08703437898711,40.939122575963324,41.59798812866211,2503688
2008-04-04,41.80947787830617,42.28938920155706,38.230455864612296,38.61275863647461,5172727
2008-04-07,39.69460049658253,41.272622156477816,37.60412609624926,40.60562515258789,4560934
2008-04-08,40.18264803144806,41.74440363067149,39.85728097548135,41.31329345703125,958588
2008-04-09,40.63816092496541,42.7855742038247,40.508014095693596,42.54154968261719,815664
2008-04-10,41.484111841688716,43.501378274799514,41.484111841688716,41.931488037109375,799045
2008-04-11,42.541549944734776,43.26548894414977,41.646794406363746,42.45207595825195,5158043
2008-04-15,42.46020436805753,43.59898434803066,41.321427522792746,41.5491828918457,2810756
2008-04-16,42.29753031134804,42.923860827961846,41.64679922046771,42.17551803588867,1267591
2008-04-17,42.62289065441093,42.76930348088228,41.80947770368095,42.02909851074219,1847894
2008-04-21,42.62289280735371,43.582721767745795,42.1348437583803,42.80997848510742,1326735
2008-04-22,42.58221509700074,44.40426425364258,42.58221509700074,44.12770462036133,2657012
2008-04-23,44.566943367375444,45.518637589599905,43.127200183044486,43.3305549621582,3814068
2008-04-24,43.76167495609809,44.41240600741319,42.15111489878375,42.639163970947266,2802734
2008-04-25,43.51764955779028,43.51764955779028,41.85015068407602,42.264991760253906,2474426
2008-04-28,42.468341028989045,43.094671459457885,41.24008700837883,41.573585510253906,1506553
2008-04-29,41.58173288177529,41.88269633686662,40.01997987842752,40.83339309692383,3734950
2008-04-30,41.24009310490308,41.80948477447599,40.34533745389619,40.613765716552734,2178859
2008-05-02,41.47598103124725,41.71187100323411,40.922858528595405,41.48411560058594,1516449
2008-05-05,41.972163811405146,42.0046989533753,40.43480860604583,40.662567138671875,3038585
2008-05-06,40.67069970719621,41.19941846484124,39.85728358145045,41.085540771484375,2065844
2008-05-07,41.321432503800985,41.67933473680062,40.63816317957046,41.00419998168945,1056571
2008-05-08,40.508013016504016,40.83338008101532,39.857282022189864,40.32093048095703,3072838
2008-05-09,39.93862556790023,40.81711196192391,39.206552005526234,39.59699249267578,503681
2008-05-12,39.507511812627584,39.507511812627584,37.31129445808963,38.15724563598633,2271413
2008-05-13,37.831884245797376,39.287896888275114,37.44958143932887,37.8074836730957,3335546
2008-05-14,37.57971995242864,38.19791258810366,36.48974435427728,37.091670989990234,3306643
2008-05-15,38.938125750108384,40.16637975131358,37.742406887839316,39.88982009887695,3888305
2008-05-16,40.182649702022644,40.29652739266831,38.08404072423676,38.734771728515625,3918607
2008-05-20,38.55582289433709,38.55582289433709,37.74240987476768,38.22232437133789,1229560
2008-05-21,37.905094555715806,38.230461667578986,37.465852873086654,37.74241256713867,2356137
2008-05-22,37.41704450855885,38.06777558111167,37.01033798005195,37.693607330322266,1238551
2008-05-23,38.206058922856656,38.53956061277141,37.33570697056009,37.79121780395508,4630742
2008-05-26,38.06776337226893,39.5969835668291,37.44957077569628,38.59648513793945,6057618
2008-05-27,38.88118955997645,40.5730889984386,38.88118955997645,39.85728454589844,7716466
2008-05-28,40.0199698811659,40.263991277989014,37.091678637493104,37.34383773803711,5443442
2008-05-29,37.49837930705396,38.718498640044935,35.871550395024464,36.9371223449707,4587984
2008-05-30,37.56345094329763,37.742402021142574,37.010328575038336,37.53904724121094,2285571
2008-06-02,38.06777153019918,38.71850253350564,37.41704052689273,38.28739547729492,2022433
2008-06-03,38.00270309690648,38.53955643581254,36.278265384181736,37.68547058105469,2966136
2008-06-04,37.872553836402275,38.31179545436762,36.65243126492421,36.99406433105469,5985926
2008-06-05,36.70937939649912,38.88119686930155,36.64430596724327,38.604637145996094,3572746
2008-06-06,39.04387460393332,40.052507944997096,38.092180115401,39.71900939941406,4546453
2008-06-09,37.57972023118289,40.174509303155936,31.780077744955502,39.60511779785156,1226454
2008-06-10,39.36923673035119,40.01996773463005,38.49888177864839,38.734771728515625,5135202
2008-06-11,39.04387187744925,41.199419822932356,38.40127540526492,40.97166442871094,3646352
2008-06-12,40.50801794868948,41.63052897218866,39.53192290572486,40.54869079589844,3781118
2008-06-13,40.63816629107036,40.9635334072133,39.22282638894372,40.613765716552734,2579754
2008-06-16,40.833380185900516,44.07890059735641,40.833380185900516,43.013328552246094,7159802
2008-06-17,43.11093970998152,43.92435266130111,41.57358465531319,42.22431564331055,6922340
2008-06-18,43.09467682649207,43.09467682649207,41.32143470526059,41.71187210083008,4085217
2008-06-19,40.833384933584455,41.55732399528387,40.833384933584455,41.321434020996094,1355517
2008-06-20,41.33768867419654,42.13483550706072,38.75103423671911,39.3610954284668,3862115
2008-06-23,39.060137293491294,39.53191717505374,36.11557718314887,37.124210357666016,1723589
2008-06-24,37.392647657194885,38.04337879452411,35.952903957889646,36.758182525634766,1707304
2008-06-25,36.11557734364739,38.051504288075975,35.05813988956388,37.30316162109375,2319369
2008-06-26,37.57972719061047,38.62903015419148,36.93712759445203,37.77494430541992,1567723
2008-06-27,36.7663055175213,37.80747689019047,35.95289263569501,37.35196304321289,2178789
2008-06-30,37.09167756352935,37.57159204368513,34.97679939639157,36.09117889404297,1572270
2008-07-01,36.60362426912186,36.60362426912186,33.675333449873804,34.38300323486328,1816925
2008-07-02,33.67533204142434,36.587353603212534,31.731273855970578,35.66819763183594,6711487
2008-07-03,34.97680057899245,36.55482547260087,32.8619254750572,35.993568420410156,2801456
2008-07-04,35.79021742562152,39.849151166086905,35.79021742562152,39.11708068847656,5469784
2008-07-07,39.84100722071396,41.06112962076942,39.06826721362285,39.3204231262207,1961364
2008-07-08,38.55581456328286,40.24771678927852,37.945756497780124,39.841007232666016,1086545
2008-07-09,40.67070715931899,41.79321829573556,40.34534002246171,40.65443801879883,1113216
2008-07-10,40.670704570039135,40.987933981730926,39.77594891903224,40.613765716552734,1309834
2008-07-11,40.833376356051886,41.15874025617389,38.94625695816133,39.14960861206055,772224
2008-07-14,38.718500400487024,39.287891956204966,36.790711202461615,37.181148529052734,1063360
2008-07-15,35.95290339965099,36.76631652500541,34.488759147071214,34.96867370605469,1550585
2008-07-16,35.52178499689034,35.52178499689034,33.34997125805989,34.358604431152344,1248815
2008-07-17,35.79020929219104,37.90508395644525,35.00933157678251,37.018463134765625,2928979
2008-07-18,37.091681072625526,37.74241215452901,36.11558288241585,37.20555877685547,1070295
2008-07-21,37.57972117883565,38.002696751105454,36.13184337893931,36.47347640991211,1506912
2008-07-22,37.41703525131942,38.38499861859269,36.60362239554971,37.970157623291016,1090561
2008-07-23,39.69459805491475,42.29752190086818,39.69459805491475,41.785072326660156,5209500
2008-07-24,42.2975236239535,43.598985599948215,41.82574373602313,42.22431564331055,4614285
2008-07-25,41.80947253192533,42.21617895698148,39.05199839337092,39.48310852050781,1852981
2008-07-28,40.42667647761299,40.99606496263204,38.32806738265523,38.49074935913086,1756487
2008-07-29,37.90509580740855,37.90509580740855,36.619902726204714,37.197425842285156,3147949
2008-07-30,37.90510197662132,39.174029259249735,37.254370760206385,38.94627380371094,3601401
2008-07-31,39.2065545080032,39.3855056256917,37.74241042451031,38.43381118774414,5282919
2008-08-01,37.701742969459936,41.321435250994085,37.701742969459936,40.77644729614258,3428625
2008-08-04,41.15874355968958,41.30515952079196,39.04386863502622,39.20655059814453,1895143
2008-08-05,39.12521386053039,42.289391895627496,39.12521386053039,41.92335510253906,3963093
2008-08-06,42.29752753109432,44.73776974517351,42.1348455527447,43.68033218383789,6233395
2008-08-07,43.76167676711009,44.16838329917438,41.646798411783365,42.053504943847656,4242951
2008-08-08,42.05350246838065,43.875551887978325,40.133847624648766,41.744407653808594,8505844
2008-08-11,43.11094597185913,43.76167705437537,41.67933696338163,42.66356658935547,3677705
2008-08-12,42.62288987356095,44.282254018087336,42.35446166121843,43.89994812011719,4938457
2008-08-13,43.59899034538504,45.12007642886791,43.11094440229805,44.57508850097656,5633998
2008-08-14,44.575094131769944,45.063143271216816,41.240095858495245,42.41141128540039,5020009
2008-08-18,42.785575735176664,42.94012627598422,40.84965176827195,41.13434600830078,749766
2008-08-19,40.68696131132185,41.809475255412465,40.052499497681794,41.33769226074219,1088470
2008-08-20,41.48412010073518,41.980303806550424,40.83338896484608,41.427181243896484,2418166
2008-08-21,41.48411032967406,42.5740860578096,40.48361171818649,40.89845275878906,3377416
2008-08-22,40.89845295392299,41.48411052760226,40.50801248166453,41.272621154785156,719757
2008-08-25,41.48411021497584,42.87504929301324,40.89031807742748,42.712364196777344,2174086
2008-08-26,42.297523147066215,43.81047447955951,42.15111032213948,43.485107421875,1779495
2008-08-27,43.63966451845346,44.412407870220925,43.11094571300297,43.95689392089844,2820515
2008-08-28,44.24971769354871,44.55881562587983,42.362598094676514,43.029598236083984,2698154
2008-08-29,43.273618882266206,44.38799511794715,43.14347206611918,44.12770462036133,847673
2008-09-01,43.63966071111926,44.24971888897842,43.387501617296785,43.76167297363281,1074852
2008-09-02,44.08703726664619,45.063135374491495,43.20855085041059,44.566951751708984,1983817
2008-09-04,44.77844266768463,45.225822058618945,43.43631076429957,43.737274169921875,1493481
2008-09-05,43.2980207345002,43.558314374509614,41.49224379473688,41.63865661621094,1357411
2008-09-08,42.94826166450329,44.73777295902955,42.435811985269886,43.28989791870117,4161535
2008-09-09,42.62289279631169,44.396134748061016,42.16737888785717,44.03009796142578,3537605
2008-09-10,43.924351403279346,43.924351403279346,41.97215849519934,42.32192611694336,3373415
2008-09-11,42.54154695835088,42.54154695835088,40.26398699606966,41.02859878540039,3163497
2008-09-12,41.48410743926556,42.32192403040089,40.67069455134527,40.9472541809082,1906392
2008-09-15,40.67070580329009,40.67070580329009,36.79885424468286,40.51615524291992,2281646
2008-09-16,38.555825505258504,39.92236110072263,38.24672753378387,39.71900939941406,921754
2008-09-17,40.16637648494303,40.42667011409847,38.48260873259866,38.80797576904297,814032
2008-09-18,38.23045416138224,38.99506280575073,35.15574731312392,38.17351531982422,2476436
2008-09-19,39.857289147964735,41.305167358155124,39.20655803731143,40.678836822509766,3589784
2008-09-22,41.15874107923927,42.61475349531994,41.004193693797,42.18364334106445,2252026
2008-09-23,40.84151738881115,41.87455122666727,39.873553833513256,40.03623580932617,1306697
2008-09-24,40.996067178282686,41.288896005648354,40.19892325617402,40.72764205932617,1347471
2008-09-25,41.03673071605084,41.15874297031954,39.857281014592374,40.73576736450195,1949635
2008-09-26,40.019959070588534,40.94724953215375,38.71849420908034,40.49987030029297,2254607
2008-09-29,41.32142290961525,41.32142290961525,36.60362155777331,37.32756042480469,4616442
2008-09-30,35.79021839453124,38.36873897645437,31.88583195921436,37.693607330322266,4768155
2008-10-01,38.23046058153607,39.45058016326704,37.45771723936048,38.46635055541992,1407337
2008-10-03,37.92135853469131,39.531918466155844,37.83188141558903,39.0764045715332,1837488
2008-10-06,38.230455024582575,38.55581894520099,32.87819125844685,34.43181228637695,3225233
2008-10-07,35.6275302619474,35.790212218334915,32.37387232594728,32.959529876708984,1846131
2008-10-08,31.72315146428493,34.48876127680517,30.600640278872124,34.0413818359375,2918200
2008-10-10,30.90973109201501,32.78058472191998,28.510158707610692,30.063779830932617,1199581
2008-10-13,30.600638319959444,34.34234307671175,29.673347484543044,34.03324508666992,1235389
2008-10-14,35.77394309894546,36.6849676976148,35.302163230906125,35.85528564453125,4032856
2008-10-15,37.41704611523002,37.41704611523002,30.519294569158543,32.04851531982422,1892047
2008-10-16,29.28290265581965,30.421682743412457,27.656076646151615,30.161392211914062,1618554
2008-10-17,30.909735213073564,31.560466315732533,27.656079699778708,27.73741912841797,950789
2008-10-20,28.77859164909512,28.77859164909512,26.63931257462533,27.257505416870117,1089722
2008-10-21,28.144125512579553,29.55946855226337,27.00534530585103,29.014480590820312,3513207
2008-10-22,28.46948833939688,29.00634165018458,26.435952786288137,26.850793838500977,7021758
2008-10-23,26.598638525617954,27.63981015545238,25.54120089111924,27.45272445678711,3569867
2008-10-24,27.330705012425877,27.330705012425877,24.931134539962617,26.183792114257812,1697641
2008-10-27,25.55287819956846,26.351919773255982,22.331996366087196,23.963029861450195,3272770
2008-10-29,26.360160257324218,26.689663768457027,22.752113476862792,23.88889503479004,4803524
2008-10-31,24.712648598190043,27.183912029456923,24.383146701535786,25.239850997924805,5622669
2008-11-03,25.70115702431843,28.155946336367478,25.70115702431843,27.571081161499023,3677766
2008-11-04,27.192150550756278,30.149431282449196,26.5825730616313,29.67989158630371,2841078
2008-11-05,30.31418061353026,30.791958280724888,28.01590375085806,28.68314552307129,2064192
2008-11-06,27.67816237192163,27.925289161802347,26.64023048933459,26.912071228027344,994073
2008-11-07,26.52490694958836,28.048854536567113,26.52490694958836,27.777013778686523,1234318
2008-11-10,28.63372128656073,30.791958809882175,27.59579244489032,30.091768264770508,4325407
2008-11-11,30.314180861763223,30.314180861763223,27.529891499800517,27.735828399658203,834207
2008-11-12,27.842918526572657,27.842918526572657,24.87740116870491,25.49521827697754,2330795
2008-11-14,26.360159844591504,27.134489115428913,23.065139070377445,23.229890823364258,1499896
2008-11-17,23.394641599211553,23.394641599211553,21.327015518808242,21.705942153930664,2283409
2008-11-18,21.0881214607453,21.0881214607453,19.770114167063678,20.066665649414062,4597051
2008-11-19,20.593877296886987,21.19521847078206,19.366480993500836,20.140811920166016,6092658
2008-11-20,19.275868648549142,19.522995515630125,17.587172093816793,19.44062042236328,3555627
2008-11-21,19.440615210937253,19.78659146228077,18.20498279404751,19.555940628051758,3209857
2008-11-24,19.522992475761992,21.02222624126733,18.91341338848613,20.149045944213867,1929249
2008-11-25,21.055179024455093,21.252879557818453,19.61360780736944,20.00077247619629,1658080
2008-11-26,20.01724773925294,20.923378458651253,19.44061895533762,19.630083084106445,2023984
2008-11-27,19.630083084106445,19.630083084106445,19.630083084106445,19.630083084106445,0
2008-11-28,18.94636409161143,20.181996670393065,18.94636409161143,19.465330123901367,1127723
2008-12-01,19.770118960155553,20.305559354616562,18.86398832924607,19.0205020904541,2339508
2008-12-02,18.25441596743796,18.45211654723285,17.57069954434972,17.842538833618164,2146355
2008-12-03,18.122608156691385,19.00402477275493,18.056707463254096,18.394447326660156,1025203
2008-12-04,18.616863135736246,20.18199771035798,18.262648836428873,19.498281478881836,1985211
2008-12-05,19.440616649395697,20.15728315501804,18.946363011156766,19.168777465820312,634654
2008-12-08,19.85249475520331,20.181996670393065,19.209965306307186,19.465330123901367,862600
2008-12-10,19.77011998769657,22.241385184568674,19.605368233840977,21.54119300842285,2512648
2008-12-11,21.41763116032737,23.88889653840828,21.41763116032737,23.501731872558594,4443312
2008-12-12,23.065137931561473,25.53640299338595,21.63180489410655,25.017436981201172,4997955
2008-12-15,25.289276809944706,26.01417969830706,23.49349000106674,24.045406341552734,2908249
2008-12-16,23.56763272576678,23.888896687243548,23.03219226087871,23.493494033813477,2021120
2008-12-17,23.444069816185973,23.888897215908763,21.005754722140537,21.7388973236084,1473518
2008-12-18,22.537940633743514,22.982768064802546,20.898667146648993,22.752117156982422,2437815
2008-12-19,22.818017151612207,23.55939618004044,21.458820943426716,22.57912826538086,3600694
2008-12-22,22.2413860705887,23.048665728439698,21.91188413703155,22.117822647094727,11512562
2008-12-23,21.417631114782882,22.06839701746632,20.84100231615282,21.829509735107422,3299844
2008-12-24,22.07663545574295,23.888896977987024,21.178742679889403,22.142536163330078,3127148
2008-12-26,22.40613069500959,23.353449511439884,21.26111140231624,21.434101104736328,3321660
2008-12-29,21.121078522689892,21.911883785450534,20.560924133534318,21.458818435668945,1422193
2008-12-30,21.664754682778987,22.14253234957425,21.36820313699435,21.94483184814453,1926556
2008-12-31,22.15901102753824,22.480276587178327,21.944836104152095,22.257862091064453,1410616
2009-01-02,23.394643522593007,24.696175281070715,23.394643522593007,24.605562210083008,4489864
2009-01-05,24.712650572212226,25.206902663033915,23.724144803288578,24.160734176635742,1946842
2009-01-06,23.946559884514667,24.630276159609732,23.081617455801112,23.485258102416992,7421733
2009-01-07,23.91360698374115,24.391386272900917,21.598855572593664,22.89215087890625,2592513
2009-01-09,22.241383065902824,22.719160725651598,21.82950610141873,22.43084716796875,1700565
2009-01-12,23.22989063365382,23.559392549656277,21.994258051824563,22.900388717651367,3347967
2009-01-13,22.900388863360792,23.06513902877017,22.340236078776577,22.89215087890625,1639249
2009-01-14,22.414371762116613,23.888893109668306,22.414371762116613,23.081613540649414,6803238
2009-01-15,23.06513784111739,23.06513784111739,21.34349124102202,21.648279190063477,4762266
2009-01-16,21.74713380816322,22.200199195038316,20.939854097171352,21.129318237304688,3272194
2009-01-19,21.500002008944772,21.730654435761075,21.088125056264314,21.368202209472656,2703130
2009-01-20,21.3352567609242,21.3352567609242,20.964566466040825,21.129318237304688,1599597
2009-01-21,21.170506179495895,22.29081352521297,21.013992384818863,21.417633056640625,6843117
2009-01-22,21.59885385136514,22.068393531372163,21.07988785584993,21.467052459716797,1369150
2009-01-23,21.261114731243204,21.64827934886802,20.610348908234705,21.244640350341797,2825940
2009-01-27,21.541196390377213,22.628553374697724,21.25288117268468,21.689472198486328,4570325
2009-01-28,21.74712901744516,22.406132782766523,21.74712901744516,22.16724395751953,4131243
2009-01-29,22.629758125326322,23.25836175505907,22.04306043524428,22.58785057067871,3294722
2009-01-30,22.009536492019542,22.026298546234152,21.305499530062328,21.716188430786133,7816520
2009-02-02,21.984389885613083,21.984389885613083,21.45636182566776,21.799999237060547,3561830
2009-02-03,21.959242039468617,21.992766137707576,20.970237536512645,21.456357955932617,5721021
2009-02-04,21.825143122772833,21.992770104185958,21.556938983513735,21.799999237060547,568155
2009-02-05,21.498269378519456,21.875430894197404,21.372548334961195,21.799999237060547,2086316
2009-02-06,21.87542657311869,21.90057206886079,21.62398453566981,21.867046356201172,1071710
2009-02-09,21.875426963962724,22.965008607376372,21.64074858614896,22.61298942565918,3869702
2009-02-10,22.797383881366724,23.51818441535302,22.54594179706925,23.082351684570312,4038963
2009-02-11,22.554321634654613,22.62137306653329,22.143634440641875,22.42860221862793,1413409
2009-02-12,21.464741746397177,23.467893201254203,21.464741746397177,22.830907821655273,1899154
2009-02-13,23.149397826441266,23.467889660692045,22.88119375154681,23.28350067138672,2866364
2009-02-16,23.38408210609706,23.761245241678257,21.9676281192416,22.093347549438477,1218554
2009-02-17,21.791615721064275,22.126871273003875,20.844518665710144,21.2971134185791,5913502
2009-02-18,21.12109908515782,21.36415925627692,20.702028543748522,20.82775115966797,801096
2009-02-19,21.196533868885297,21.76646771473851,21.03728714850095,21.34739875793457,980308
2009-02-20,21.188157217775373,21.36416602886529,20.29972971394465,20.945096969604492,2890418
2009-02-24,20.299723854525652,21.297108444475,20.14047714117338,20.257816314697266,1152100
2009-02-25,20.601453323101033,20.936708791918964,20.38353702611993,20.542783737182617,680771
2009-02-26,20.366778678516486,21.60722365393811,20.30810746694568,21.230060577392578,2159761
2009-02-27,21.60721942739602,21.60721942739602,20.16562044713957,20.82775115966797,4628035
2009-03-02,20.45058911362852,21.104338026013718,20.282962181219823,20.551164627075195,2246712
2009-03-03,20.559551264207965,20.634984531922658,19.897421980920033,20.123720169067383,3675447
2009-03-04,20.316491912973227,20.517646225674103,19.696268537974085,20.241060256958008,2529631
2009-03-05,20.115333799967896,20.57631029039404,19.81360402714285,20.08180809020996,1412863
2009-03-06,19.947708377976948,20.11533695304237,19.746555702895076,19.914182662963867,330935
2009-03-09,19.914182285258608,20.207531882310075,19.31910448880542,19.74655532836914,1719240
2009-03-12,20.123718785544796,20.16562471806368,19.78008141790816,19.914182662963867,338471
2009-03-13,20.031520753701432,20.903184380722184,20.031520753701432,20.266199111938477,1173724
2009-03-16,20.45059342715305,21.95924421202408,20.207533193395705,21.565319061279297,3880855
2009-03-17,21.64074719458288,23.43436547109924,21.64074719458288,22.67165756225586,4139032
2009-03-18,23.132638355255217,23.886964572272284,22.64651787673137,22.85605239868164,1388178
2009-03-19,22.981768122730365,23.384075022482225,21.875424552161846,22.22744369506836,1651447
2009-03-20,22.612990819045432,22.62975448420597,20.98700089329541,21.196537017822266,2355571
2009-03-23,21.640745628875855,22.87281017402588,21.46473686956766,22.65489387512207,4231838
2009-03-24,22.96500529452063,23.886958238643317,19.796839576081187,20.417062759399414,14498923
2009-03-25,20.115336439261803,20.115336439261803,16.66220403107946,17.793691635131836,135043637
2009-03-26,18.10380042144629,20.500876492709978,18.019985341789518,20.257816314697266,62817207
2009-03-27,20.492500058444502,21.45635911740177,19.6543604121801,19.930946350097656,16876786
2009-03-30,20.023120840821843,20.871557139346695,18.83530806107878,20.00615119934082,13178593
2009-03-31,20.36249888402789,21.34668592955332,20.133421766791717,20.956403732299805,15992814
2009-04-01,21.041246610911347,22.12724650982214,20.557636323013387,22.033918380737305,8920912
2009-04-02,22.551459537900726,23.043552899904828,21.898162783382194,22.20359992980957,6601073
2009-04-06,22.39874605212379,22.8569035106663,21.304262967975273,21.601215362548828,7435967
2009-04-08,21.304261355984124,22.72115119118067,20.837620746362482,22.59388542175293,3671886
2009-04-09,22.907805310697263,23.90896009726611,22.568430501974934,23.527164459228516,5746312
2009-04-13,23.13688567753061,25.885823819889303,23.13688567753061,25.359792709350586,5039759
2009-04-15,25.113744127661903,29.3219927017998,24.26530622955597,28.439617156982422,12239522
2009-04-16,29.01655593718491,29.678335970558347,25.45311932918888,25.70764923095703,4550590
2009-04-17,26.1403546661119,27.650572658545887,25.81794782471083,26.36094856262207,4507659
2009-04-20,26.556086430760846,27.786321613168006,25.79249347620892,27.429975509643555,6262389
2009-04-21,27.149993377126453,27.149993377126453,25.93672780899074,26.17428970336914,2211344
2009-04-22,26.810618510819072,27.31967994602162,26.004603073144892,26.335493087768555,1695716
2009-04-23,26.80213594084994,27.14999562559844,26.13187103486454,26.59002685546875,860397
2009-04-24,26.640929356907034,27.87116288728774,26.471242762639402,27.49785041809082,2051508
2009-04-27,27.30271743553303,29.016561596826577,27.149998810748507,28.67718505859375,3862342
2009-04-28,28.16811854073928,28.846871536593813,26.318527253497614,26.573057174682617,1480070
2009-04-29,27.065149432545432,27.65905578919065,26.165804259891715,27.175445556640625,968084
2009-04-30,27.319679260253906,27.319679260253906,27.319679260253906,27.319679260253906,0
2009-05-04,27.4893734330861,30.365574271875467,27.319683540955875,29.8649959564209,2290314
2009-05-05,29.355922742436704,30.81523634967227,29.016549614033778,29.372892379760742,1369660
2009-05-06,29.69530840099222,30.526778383328434,26.89546450497925,27.387557983398438,4005342
2009-05-07,27.48936587605429,28.33780202474095,26.70031692270224,27.718442916870117,4177911
2009-05-08,27.972982513289423,28.812934085890973,27.234840626865594,28.08327865600586,3092497
2009-05-11,28.083277117349194,28.76202684953718,27.149995826880637,27.582698822021484,2982254
2009-05-12,27.319684849159508,28.33781117197082,26.666389523121588,28.07479476928711,6350942
2009-05-13,28.33780070759839,29.338957016748378,28.168110870004362,28.49900245666504,8784630
2009-05-14,27.99843190923985,29.016558132709196,27.149995569469127,28.60930633544922,5233589
2009-05-15,28.86383432749566,30.543740426993526,28.015398092481455,29.924381256103516,6763484
2009-05-18,33.089053285568326,34.785929070602705,33.089053285568326,34.70108413696289,5475
2009-05-19,35.63437102225854,41.64130761817635,32.596965072388876,37.95909118652344,10100208
2009-05-20,38.34936873569388,45.62896293287155,38.179682117001256,42.65094757080078,9309370
2009-05-21,43.60967627956208,46.63011198971641,41.06436433267152,43.57573699951172,11136434
2009-05-22,42.07400241422449,44.118736141925766,41.437676878482215,43.669063568115234,5410629
2009-05-25,44.11873309150026,45.64592211892231,42.7612339135784,44.21206283569336,2321369
2009-05-26,44.62780673596307,46.30771310466046,41.08982255684472,42.583072662353516,6420896
2009-05-27,43.43998587874145,45.6035005162554,43.43998587874145,44.254486083984375,3114005
2009-05-28,44.45811719125485,45.13686689732162,42.95638236306496,43.43999099731445,4066845
2009-05-29,43.779361290495224,44.91626500722114,43.779361290495224,44.55143737792969,1536866
2009-06-01,44.458119442395166,50.4650557896359,44.15268222268331,47.81793212890625,8298552
2009-06-02,48.869986682730314,49.20935986458475,46.66404792195587,47.911251068115234,5284046
2009-06-03,48.276087401961476,51.40682306103909,47.682182591944965,49.21785354614258,6440192
2009-06-04,48.95483297113399,49.29420945475039,47.851865121321495,48.869991302490234,6131194
2009-06-05,50.35476195636539,50.88927629790575,48.19124685534847,49.370574951171875,3262521
2009-06-08,49.20936537511189,52.85764547182694,48.38638024895173,50.015380859375,9778198
2009-06-09,49.905085107273386,51.75467799775205,48.41183508126922,50.71958541870117,3839642
2009-06-10,51.07592413948708,51.500142267971285,50.057798015380776,50.88078308105469,3800510
2009-06-11,51.3304525343488,51.9243572240045,49.752357792337804,50.32929611206055,3067559
2009-06-12,50.566864319216585,51.07592741390518,48.878473247683644,49.633583068847656,1885985
2009-06-15,49.73539916073938,49.94750661018391,46.83374074072345,48.43729019165039,3993077
2009-06-16,47.979129222257214,50.04083270548083,46.494364106239296,49.073612213134766,3041005
2009-06-17,48.69181283934499,49.02270118467111,46.66404559079577,47.54642105102539,3528048
2009-06-18,46.56223529974418,48.19123568151344,45.80712557748239,46.511329650878906,2765229
2009-06-19,47.17310547509343,48.02154160068093,46.49435592068747,47.699134826660156,1551645
2009-06-22,47.512487061898206,48.174267050359006,44.96717513823651,46.18043899536133,1015889
2009-06-23,45.476242671948796,47.834898768800095,44.46660451183928,47.20705795288086,1658969
2009-06-24,47.46159433071207,49.97297110090552,47.020406431362375,49.183921813964844,3021689
2009-06-25,46.664047284353884,51.3813586433079,46.664047284353884,49.557220458984375,4462446
2009-06-26,48.96330933426027,50.95713724819168,48.96330933426027,50.3547477722168,1219119
2009-06-29,50.90623558893709,52.68795296808465,50.65170406767599,51.542564392089844,3630951
2009-06-30,51.924364132591805,52.603113840940956,48.623945351455326,49.56570816040039,5477138
2009-07-01,49.71841569720705,51.75466430209066,48.420307088980756,49.675994873046875,1914994
2009-07-02,49.888110581934924,51.245609878208505,49.48086210092494,50.9232063293457,2877952
2009-07-03,50.56685515309533,51.245604733084804,49.591153244925444,51.0589485168457,1100209
2009-07-06,51.48317679516658,51.85648600821392,47.563395726526004,48.53061294555664,3476546
2009-07-07,48.530610153140316,50.39717245937804,48.02154711149728,50.032344818115234,2133818
2009-07-08,49.05665928057057,50.057812789835026,47.851876562767806,49.183921813964844,2497773
2009-07-09,49.54873838824942,50.023862170587385,46.77434599867944,47.60581588745117,1714840
2009-07-10,48.19124165157074,48.95483301850573,45.8241008938072,46.58769226074219,1491097
2009-07-13,46.15498508722281,46.15498508722281,43.27029994975646,45.50168991088867,1711228
2009-07-14,46.154994103533504,47.68218353612654,46.154994103533504,47.06282424926758,5482139
2009-07-15,46.664050161613126,49.03967562733375,46.664050161613126,48.598487854003906,3467913
2009-07-16,49.71842581099096,50.72806713488713,47.5124901910528,47.826412200927734,2566216
2009-07-17,48.70029518102997,52.09404650329328,48.45424848808869,51.33045196533203,5382307
2009-07-20,51.754677522924645,52.41646085908344,48.725756663319515,49.56570816040039,8077082
2009-07-21,49.87114459011803,50.88078595084545,48.734240726379696,50.117191314697266,2827309
2009-07-22,50.05780510169175,50.73655485728808,48.87847703350404,49.21785354614258,1158444
2009-07-23,49.54873800152796,50.303847770907474,48.95483000856059,49.92205047607422,1773378
2009-07-24,50.52443863780442,52.43342179007972,49.7353928785376,51.797096252441406,1927486
2009-07-27,51.92436212308463,52.26373859896537,49.888113076841364,50.32081604003906,659627
2009-07-28,50.56685200979586,51.46619702744343,49.37904277090993,50.50746154785156,654101
2009-07-29,50.22748761382592,51.73770388157633,49.55722277822566,51.39833068847656,1820875
2009-07-30,51.5849898664328,52.094052954784274,48.94634793564059,49.89659881591797,4957121
2009-07-31,50.312325095568454,51.24560620354385,49.54873383971948,49.98992156982422,2522761
2009-08-03,50.54989651941933,50.54989651941933,49.209363523289575,49.616615295410156,2466804
2009-08-04,50.04932602578412,50.14265252782611,48.02155821052687,48.39487075805664,3368662
2009-08-05,48.827563571569925,48.827563571569925,47.02039169604066,48.31850051879883,6365727
2009-08-06,48.36093068508345,48.99725958085577,45.56108681336589,46.53678894042969,1570648
2009-08-07,46.15499037003432,47.68217967909228,45.13686743367622,46.290740966796875,4837311
2009-08-10,46.66405187095658,47.41067685783654,44.28842631821479,44.95869445800781,2532641
2009-08-11,44.92475756317577,46.66405435144478,44.4581185564112,45.773197174072266,4241496
2009-08-12,45.47623834689293,46.70647193693874,44.68719253908429,45.92591094970703,4020298
2009-08-13,46.32467498210978,48.573031315261645,45.985298528802225,48.07245635986328,2789935
2009-08-14,48.276077303856255,48.90392126864829,46.85070278828732,47.953670501708984,1845015
2009-08-17,47.49551445794663,47.98760782603431,45.82409331639365,46.17195129394531,1882545
2009-08-18,45.98529861494688,47.80095528676318,45.900453684041004,47.427642822265625,3064241
2009-08-19,48.36092327989206,48.36092327989206,46.03620359582393,46.18043899536133,619788
2009-08-20,46.664048909871056,48.19123806958829,46.341645361187844,47.93670654296875,1323482
2009-08-21,47.93671358171588,49.0396815125671,47.17311888973548,48.70878982543945,2789869
2009-08-24,49.20935770259543,51.262576152552114,49.08209194757134,50.94865417480469,3508727
2009-08-25,50.02385421785098,52.60310186861158,50.02385421785098,52.00919723510742,3530457
2009-08-26,53.23944561468215,53.36671139628585,52.09405684992947,52.781288146972656,4025350
2009-08-27,52.94249095406723,53.19702250640877,51.37288080452128,52.45039749145508,3946041
2009-08-28,52.45039044839833,55.827172204325414,52.45039044839833,54.72420120239258,8251682
2009-08-31,54.80904182464357,56.33623081361101,54.13029225277355,55.02115249633789,4933411
2009-09-01,55.487796755741,56.7604544444582,52.034661164148005,53.08672332763672,8511522
2009-09-02,51.24561381304841,53.58730338512069,51.24561381304841,52.62008285522461,3200103
2009-09-03,53.58729759959917,53.62123360959176,51.89890671724465,52.637046813964844,1497032
2009-09-04,53.23944085090789,53.77395512400762,52.11950338087763,53.56184768676758,1436478
2009-09-07,53.638208594367946,54.69027078449607,53.638208594367946,54.198177337646484,1302126
2009-09-08,54.2999816201763,56.65863723937381,54.01151409994582,54.67329406738281,4146750
2009-09-09,54.673302163919246,55.09752359194209,52.61159857930138,53.03582000732422,1393063
2009-09-10,53.79092080659447,54.29998384999521,51.788611182727806,52.37403106689453,2595806
2009-09-11,52.433418023737886,53.15458844044304,51.3304503500665,51.890419006347656,2953675
2009-09-14,51.95829874900482,52.263735926840994,50.397173579130936,52.04314041137695,2361294
2009-09-15,52.823709369604614,54.45270997731075,52.04314507980852,53.90122604370117,3735450
2009-09-16,54.46967786556571,54.63936447993454,52.43342868409792,53.1800537109375,2428561
2009-09-17,53.45155490967212,54.29999125119688,52.450398326438986,53.1800537109375,5704700
2009-09-18,52.772807240016924,53.57882277679448,51.890431579408066,52.458885192871094,1997374
2009-09-22,52.60310582413433,53.587295857444786,52.27221747616342,53.1630744934082,3539827
2009-09-23,53.28185912593008,55.92898227932186,52.68795117332498,54.51209259033203,6674255
2009-09-24,54.299993769509996,55.43690100483767,53.53639906491552,54.53755569458008,5943102
2009-09-25,54.53755117489362,54.72420742479147,53.315802364536964,53.93516159057617,1945099
2009-09-29,54.2999757546345,55.13993030495637,52.458868176477175,52.891571044921875,1344708
2009-09-30,53.23095415017277,53.87576779911759,52.52675329821703,53.222469329833984,2072446
2009-10-01,53.36670368863859,55.114481823390975,52.68795404134285,54.61390686035156,3656005
2009-10-05,52.51826258393605,54.6054169839134,52.51826258393605,53.34124755859375,3462614
2009-10-06,52.94248891868152,53.790925214081284,51.61044073061708,52.75583267211914,1548948
2009-10-07,53.19701872011235,56.234420950591726,53.01036247965918,55.20781326293945,5748802
2009-10-08,55.57264414400059,57.69373808088373,54.00303410755822,54.376346588134766,10007165
2009-10-09,54.817533893801034,55.99685852905666,53.918188712063866,54.410282135009766,2432309
2009-10-12,54.96176452807422,58.033105744625104,54.77510503590902,57.60040283203125,3986869
2009-10-13,57.5749626159668,57.5749626159668,57.5749626159668,57.5749626159668,0
2009-10-14,58.321583133905634,61.375955056934444,57.89736172323128,60.91780090332031,4362094
2009-10-15,61.42685254517295,62.164989291953155,60.09480462613889,60.6887092590332,3402869
2009-10-16,61.37594454859239,63.73460001679307,60.408727483513196,62.029239654541016,4797372
2009-10-20,62.78436453966422,64.31154726069285,59.99300565270122,60.773563385009766,3025675
2009-10-21,59.814828654260964,60.73113689364808,58.04158956671462,58.253700256347656,3592931
2009-10-22,58.762781469345846,59.71302928240478,56.33625300127221,57.685264587402344,1950100
2009-10-23,58.37248759586191,60.22208045666881,58.37248759586191,58.77973937988281,4950090
2009-10-26,59.0512358338038,59.17001677719785,57.031953256744565,57.3713264465332,812017
2009-10-27,56.43804686460838,59.6790780601964,55.487792806300526,57.456172943115234,3610332
2009-10-28,58.69491196478664,61.885035365949896,58.20281839184803,61.28264236450195,14289697
2009-10-29,72.97407392083947,72.97407392083947,60.57840502777551,62.85221862792969,11899091
2009-10-30,63.17824072974602,67.44703544360556,63.17824072974602,65.3041000366211,7350092
2009-11-03,65.73951409157813,66.93478181273994,61.19750859585633,62.00004577636719,4725856
2009-11-04,62.95623653618384,63.79292567386163,60.292510596115925,61.90611267089844,4061612
2009-11-05,62.32447379789044,64.85160494925292,62.32447379789044,63.477054595947266,4155413
2009-11-06,64.37348957125434,66.16638761303669,63.03308506412509,65.59436798095703,4461006
2009-11-09,65.73950655793728,66.5932653578506,65.0735716670281,65.7736587524414,2062358
2009-11-10,66.26884408863341,69.15455338604187,66.26884408863341,67.33604431152344,4713006
2009-11-11,66.93476950682634,68.89841526868106,66.76401512651488,68.33493041992188,2515255
2009-11-12,68.81305324015433,69.65827078853195,66.64450053173638,67.38726806640625,3770304
2009-11-13,67.13966583903823,70.16197674938381,67.13966583903823,68.84718322753906,3816224
2009-11-16,69.188690782181,69.83754954611032,67.10551887940329,67.57508850097656,1983751
2009-11-17,67.99341989345211,70.6912979728276,67.12258516348832,70.07659149169922,4855329
2009-11-18,70.07660547479317,70.93890562002522,69.34237276972492,69.54727935791016,1911873
2009-11-19,69.83754735306648,70.16198001503527,66.93476897358352,67.43848419189453,3344679
2009-11-20,67.44702929431904,68.30078815925197,65.74805290392185,66.70426177978516,4497006
2009-11-23,67.5665348983037,67.59215232855036,65.62850029672227,66.16637420654297,1677067
2009-11-24,66.7469427741825,67.08844497357597,64.8003729992171,65.11626434326172,2492691
2009-11-25,65.72243928631427,69.32530545917189,65.39801313611186,68.7447509765625,4466704
2009-11-26,68.96671711946883,69.14600626814364,66.33713635852057,67.27627563476562,3817780
2009-11-27,67.1055299397536,67.1055299397536,65.09919685021329,66.27738189697266,1545544
2009-11-30,67.27628125697083,68.8898837298912,66.7811007220514,67.33604431152344,1736828
2009-12-01,68.30078288398823,69.8631635260631,67.50678713512164,69.39360046386719,3586839
2009-12-02,69.83755876419339,70.26444149112999,68.88988463791745,69.32530212402344,2634004
2009-12-03,69.9229332128152,69.99123102142042,67.66900682307838,68.5654525756836,1406676
2009-12-04,68.47153912587126,69.32529794792991,67.75438250498813,68.11296081542969,729733
2009-12-07,68.30076560953543,68.47151995830085,66.59324844341184,67.16526794433594,519900
2009-12-08,67.08843917346813,68.46299577129516,66.4225109292811,67.45555877685547,1711814
2009-12-09,66.93477772347823,68.00197134518201,65.21017735374024,65.69682312011719,2663467
2009-12-10,66.42252440530544,67.60925077322217,66.2517699955359,67.38726806640625,1615922
2009-12-11,68.30077671780676,68.64228547087973,66.81523535720554,68.35200500488281,2601524
2009-12-14,68.77889716039249,70.41811702835732,67.78853611646983,69.94854736328125,3943313
2009-12-15,70.37541274584213,70.84498233920912,68.48860619522759,69.154541015625,3784068
2009-12-16,69.82046009764754,69.82046009764754,68.642275470385,69.2825927734375,1109523
2009-12-17,68.47153405755739,72.22807786086086,67.95927748616292,71.63044738769531,8097444
2009-12-18,71.88658740883325,72.21101355283292,68.83012357793162,69.26554107666016,5057155
2009-12-21,70.8108343830734,70.8108343830734,68.13003200648495,68.40323638916016,2410867
2009-12-22,69.10333603742944,70.00832333852219,68.64230762647416,68.91551208496094,2051276
2009-12-23,69.32530781611167,70.40958424081853,68.64230329339556,69.58143615722656,1599092
2009-12-24,69.92292856063375,72.55250259332233,69.58141979917635,71.95487213134766,4220968
2009-12-29,72.0743797879892,73.16719043612716,71.04986692644268,72.42442321777344,3474656
2009-12-30,72.58665411275294,72.70618020404001,70.34980398982076,70.862060546875,2295537
2009-12-31,71.22064107408016,73.38919346219487,71.22064107408016,72.96231079101562,3084759
2010-01-04,73.41479500764231,74.8747253982779,72.60372329955399,74.2429428100586,2962181
2010-01-05,74.8064343770966,74.8064343770966,73.18429067129833,74.30271911621094,2170889
2010-01-06,74.61861272036727,75.84802596478347,73.76485388843294,74.74667358398438,2063156
2010-01-07,75.13086591004482,75.13086591004482,71.80120464320005,72.22808074951172,3812850
2010-01-08,72.48420844157586,73.2525933229964,70.87059953255428,71.13526916503906,3889007
2010-01-11,71.71584130488546,72.39031111003867,70.40958865737824,70.55472564697266,1983191
2010-01-12,71.50239004413847,74.78937127113288,70.8791486285747,73.79900360107422,8468430
2010-01-13,73.63677264170937,73.78191615639736,70.89620750231236,72.1341552734375,5413589
2010-01-14,72.87694339027169,74.94303938374293,72.12563455984859,72.74034118652344,4794457
2010-01-15,73.42331989776001,73.42331989776001,71.48528562160435,71.690185546875,1810480
2010-01-18,72.56957505816075,72.56957505816075,70.69130328566635,71.09257507324219,1629682
2010-01-19,71.25479416839723,72.29637684420484,70.69130929852822,71.02427673339844,1695135
2010-01-20,72.0914558797326,72.74031446407088,71.3742995088029,72.42442321777344,1525788
2010-01-21,73.25257614027942,73.25257614027942,69.66678744847931,69.99974822998047,2140536
2010-01-22,68.8130629947802,72.39885346516634,67.47265812609969,70.35836791992188,4716027
2010-01-25,72.10003186648153,77.76045959238458,71.4170207704069,71.67314910888672,4399124
2010-01-27,72.74033148028465,72.74033148028465,66.25175727978797,67.80560302734375,2937975
2010-01-28,70.00831078017556,73.25259833686569,67.48972120234022,72.80863952636719,8137853
2010-01-29,72.74032837862967,74.70397401863318,70.09367184014738,74.09780883789062,7068103
2010-02-01,73.713615872239,76.09560947695691,72.26222670742122,75.2418441772461,4266888
2010-02-02,75.47236685006303,76.58225392046559,73.00499917581924,73.66239929199219,2383837
2010-02-03,74.48200465261041,75.13086341950992,72.41590883684479,73.35504150390625,2773543
2010-02-04,73.94816650551525,74.70660937516912,71.54355438954501,72.21581268310547,2802760
2010-02-05,71.31087540970265,71.96589564964731,69.29410658634724,71.60391235351562,2522933
2010-02-08,71.70730638460329,72.91391688677787,70.54378152280033,71.6642074584961,1826275
2010-02-09,71.82798677142235,73.60343316177607,70.8626914669506,73.33625030517578,2252339
2010-02-10,73.77579496895619,74.61180666249791,71.793503104306,72.12100982666016,4326447
2010-02-11,72.48298689137624,73.4224212450044,71.2763697549926,71.59526062011719,1336994
2010-02-15,72.37095223352638,73.34486321318539,71.75902445490128,72.35371398925781,3460210
2010-02-16,73.08629638193868,73.08629638193868,71.27637389370273,71.50045776367188,1409070
2010-02-17,72.18995026744783,72.7415407904972,70.85405627857239,71.44874572753906,3149343
2010-02-18,72.31924594778097,72.31924594778097,69.74226430744038,70.0353012084961,2993185
2010-02-19,69.98356165990519,70.46620581322308,68.69076671862287,69.52677154541016,2137566
2010-02-22,70.02666214725305,70.50068386964895,68.07021816568695,68.49253845214844,2840123
2010-02-23,69.03553569661076,69.03553569661076,68.10471690246227,68.31156921386719,1613073
2010-02-24,67.91509592614915,69.19065946091284,67.91509592614915,68.85453033447266,2290526
2010-02-25,68.94934609446156,71.78489483793062,68.94934609446156,70.94888305664062,4067679
2010-02-26,71.0178250586968,72.22444246088001,70.25076631068563,71.7762680053711,1446388
2010-03-02,72.13824369411716,77.8696574876166,72.13824369411716,76.88713073730469,8710069
2010-03-03,77.22325055303496,77.5162873754973,75.84426429188439,76.34414672851562,4184347
2010-03-04,76.65443282013678,79.076283438415,76.34416432736039,77.50768280029297,8623931
2010-03-05,77.9558463149737,78.33506773704616,75.41333497704595,76.30967712402344,9958496
2010-03-08,78.39970804332745,78.39970804332745,72.50238839911364,75.36809539794922,6569182
2010-03-09,75.65465512489666,76.31829093551356,73.07552172129242,74.2218017578125,2310510
2010-03-10,73.61849485151087,74.76478150561357,72.3967983602083,73.67882537841797,5854540
2010-03-11,74.20674230845496,74.20674230845496,72.60797623937637,73.06045532226562,3261436
2010-03-12,74.0257456446502,74.97595497557816,73.15094616764412,74.11624145507812,4431314
2010-03-15,74.50838852979537,74.50838852979537,71.68792586155595,72.6532211303711,2796572
2010-03-16,72.69846394946254,74.32739510909418,72.54763760531786,73.87491607666016,3264285
2010-03-17,74.67429292378078,76.60487678578124,74.0559082297124,75.41334533691406,4665072
2010-03-18,75.77533487059787,76.83112601802951,74.55363805102711,75.38318634033203,3165965
2010-03-19,75.41332772767284,76.01663296777774,73.30175274443799,73.76931762695312,3410764
2010-03-22,73.00010670768265,75.59432611695337,72.69845406042654,75.24742889404297,3718761
2010-03-23,76.01664469709127,76.92160933975168,75.26251303059816,76.03173065185547,2926570
2010-03-25,76.31830685553258,76.31830685553258,73.78442414097222,74.81004333496094,4303544
2010-03-26,75.11168845089304,77.52491648288004,74.59887890570542,77.08751678466797,6662133
2010-03-29,77.82657032524838,77.82657032524838,75.14185484666896,76.60487365722656,2457774
2010-03-30,77.50982644266566,78.73152302795253,76.98193761305247,77.91706085205078,3994811
2010-03-31,79.0030345915124,79.4705929933164,77.52492959775793,78.71646118164062,2560582
2010-04-01,79.09351043835679,82.65302527540872,78.97284936882072,82.20054626464844,5114067
2010-04-05,82.80383934812002,84.13111091643255,80.96375166736433,81.44639587402344,2792395
2010-04-06,82.00445746672551,82.63792799497448,80.88834272647736,81.37098693847656,1588392
2010-04-07,82.04972516962619,82.92451797965049,81.3860826019109,81.80840301513672,2234776
2010-04-08,81.74808134568032,82.4871339054772,80.45097451916808,80.88837432861328,2891933
2010-04-09,80.36046063479739,82.29104444606196,80.36046063479739,81.59723663330078,1511307
2010-04-12,81.89889909029736,83.10551660742048,80.69228821604406,82.4720458984375,2371627
2010-04-13,82.95468696985968,84.4026199617429,81.89889585374195,83.5881576538086,3686514
2010-04-15,84.1612923607583,84.46294504791798,80.54145347197289,81.19001007080078,3443618
2010-04-16,80.6922722835339,82.59269067811925,78.88234968664933,79.42533111572266,3449387
2010-04-19,80.17946869489491,80.17946869489491,77.52491845641961,79.65157318115234,2448007
2010-04-20,79.98339943526236,81.02410461530326,79.033196711883,80.34538269042969,2841822
2010-04-21,80.67721721264084,80.90345345343451,78.5354760473366,80.2247314453125,3400954
2010-04-22,80.54145822747954,80.54145822747954,77.75116074219781,78.18856048583984,3197240
2010-04-23,78.18855035905828,79.90797719756408,77.08751480708437,78.64102935791016,4346451
2010-04-26,79.33484054508835,79.6214072685874,78.32430074941456,79.03318786621094,3075503
2010-04-27,79.03318992273958,79.06335519141226,78.05281536944314,78.7616958618164,2344154
2010-04-28,78.39970239742537,78.39970239742537,76.80094336659849,77.01210021972656,2502987
2010-04-29,78.06789172723211,78.06789172723211,75.47367207671238,75.91107177734375,5489892
2010-04-30,76.87635881370441,79.9381433716645,76.31829805401729,79.48566436767578,3966937
2010-05-03,79.63649622193915,80.3906279475225,77.94723451376325,78.68628692626953,1939734
2010-05-04,78.50529649360122,80.20963754050379,77.90199110405504,78.20364379882812,2768022
2010-05-05,76.92160177910169,80.01354462924968,75.760235805419,79.56106567382812,4564135
2010-05-06,79.63649761895388,79.93815031447893,76.03173794312558,76.36355590820312,6310664
2010-05-07,75.11167493890986,75.71498017765967,72.69844734104299,74.17655181884766,5421005
2010-05-10,74.62904357910156,75.8658195311812,74.2519744186185,74.62904357910156,4137244
2010-05-11,75.41335016410002,75.71500287389797,71.76334573267509,72.04991912841797,4873837
2010-05-12,72.04990358737683,73.43750575314402,71.41642639057144,72.38172149658203,2490480
2010-05-13,73.25651610398806,75.48875237691718,73.25651610398806,75.27759552001953,6337973
2010-05-14,75.71499537439139,76.86128220095452,74.81003733463285,75.42842864990234,4504623
2010-05-17,73.00011333009958,75.41334136993962,72.42697324831893,74.47821807861328,3282969
2010-05-18,75.11168549183358,75.11168549183358,72.74370877561448,73.39226531982422,12403224
2010-05-19,72.09516949700895,73.25653584433203,69.68194098216374,70.25508117675781,8008249
2010-05-20,71.16001568143001,72.15546927919247,68.02282194258402,70.43604278564453,7519895
2010-05-21,68.80712890625,69.44059947136425,67.14803268808244,68.80712890625,7927998
2010-05-24,70.8885418711719,71.77842054838662,69.66684526468313,70.3003158569336,2963582
2010-05-25,69.75734567482668,69.92325132899647,66.06209034479099,67.37428283691406,2032295
2010-05-26,66.51457550126037,70.82822255039284,66.51457550126037,70.13441467285156,3822828
2010-05-27,71.17512260282506,71.7935140051994,69.62160776098138,71.70301818847656,7570635
2010-05-28,72.1253155264265,72.93977769090888,71.12986176983694,72.1856460571289,1352763
2010-05-31,72.18566591684075,73.73918083126453,69.92326375020062,72.5325698852539,6668051
2010-06-01,73.45261448297217,74.4782337930846,72.39682325616266,72.63814544677734,4235330
2010-06-02,72.69845345211652,73.78440961601991,71.52200813766173,72.38172149658203,6196236
2010-06-03,73.73913916938173,75.9412095445734,73.00008706107224,75.2323226928711,4748377
2010-06-04,75.54910156230927,75.6848419681125,73.93525615037534,74.52347564697266,1108570
2010-06-07,73.00012299196734,73.43752274949446,71.98958971967184,72.92471313476562,1842222
2010-06-08,73.87491065497944,73.87491065497944,70.91870788383041,71.9141616821289,1075396
2010-06-09,71.82367706298828,72.96995737280237,71.55218962119021,71.82367706298828,1025115
2010-06-10,70.94888842260251,74.2067445611749,70.94888842260251,72.9397964477539,2635574
2010-06-11,73.60343711638319,74.65922164673638,73.30177775055522,73.7240982055664,2572979
2010-06-14,74.47821124116652,75.3228386525657,73.93523647669561,75.17201232910156,5083541
2010-06-15,75.57925913619658,78.12822774278928,75.1116941352359,76.9517822265625,5062614
2010-06-16,77.52491676565731,77.97739577776741,76.69536858868769,77.67574310302734,3193952
2010-06-17,77.5249189007925,79.48566798347335,76.65012611995338,78.47512817382812,3306320
2010-06-18,78.20362967662584,79.18400407903461,75.74515069387938,76.31829071044922,2048768
2010-06-21,77.01211276585619,77.82657504632088,76.69537411312969,76.9517822265625,1345962
2010-06-22,77.1327749727731,77.40426240356611,76.06190456321048,76.39372253417969,1180159
2010-06-23,77.52490963788019,77.52490963788019,76.04680502468453,76.93668365478516,3579807
2010-06-24,76.93667768232527,77.82655624334618,76.93667768232527,77.47965240478516,2511952
2010-06-25,76.83110854976732,77.52490963788019,76.33337836077398,76.93668365478516,912493
2010-06-28,76.6199514908508,80.48111200500891,76.58978622623134,79.95321655273438,4256562
2010-06-29,79.93813596342517,80.51127598202866,77.46457766132096,79.99846649169922,2923256
2010-06-30,78.73152386661741,79.03318317044062,76.98193843308037,77.7662353515625,3217066
2010-07-01,77.22326138763968,77.97739304809072,76.9517739898773,77.61540985107422,2081725
2010-07-02,78.33937913500952,78.33937913500952,75.5038373442432,75.91107177734375,2992914
2010-07-05,76.28813510008155,76.92160566971198,75.48875225030422,76.04680633544922,1322380
2010-07-06,76.31830774248338,76.83112398830706,74.96087055819312,76.09207153320312,2098171
2010-07-07,76.31829737308044,77.16293148252534,74.68937297325486,75.11168670654297,2854935
2010-07-08,75.98647070070209,76.31828859583806,74.37262579837956,74.82511138916016,2565986
2010-07-09,75.41333748820226,76.19764104471642,75.41333748820226,75.82057189941406,1673177
2010-07-12,76.3484524843961,78.8521759273019,76.01663459523445,78.6561050415039,4393984
2010-07-13,79.30466668485026,81.22016430961959,78.73152001421245,79.95321655273438,4190481
2010-07-14,81.09950831034811,81.11458762216442,79.33483689859108,79.96830749511719,1850327
2010-07-15,80.23979329502988,80.37553367014682,78.42987069814532,79.42533111572266,3329417
2010-07-16,79.938145310451,82.35137336645566,79.0030220128609,81.97430419921875,4482291
2010-07-19,82.00447830674271,82.87927116330471,79.9833985125057,81.49166870117188,4327045
2010-07-20,82.35136933638485,82.63793604373642,79.65156804825743,80.11913299560547,4709356
2010-07-21,80.7827655774796,85.66955178760047,80.31520064908274,85.17182159423828,10842036
2010-07-22,84.46295166231398,87.78113812379091,82.74353121085386,87.32865905761719,10106623
2010-07-23,87.84146163303159,89.41005548489059,86.42368747021348,87.02699279785156,6636026
2010-07-26,87.47947936192983,88.23361772959086,85.06625784259592,85.59414672851562,3961522
2010-07-27,85.82037832211269,86.27285729769827,81.68772372602784,82.99991607666016,7161949
2010-07-28,83.67864258013682,84.46293951537855,82.65302351097456,83.3468246459961,2442387
2010-07-29,83.82949553571896,84.13114829891603,81.95924176102633,83.25635528564453,2752889
2010-07-30,82.95466866796917,84.16127922832982,82.45693849038636,83.42223358154297,1060240
2010-08-02,84.46293928289667,84.5383557709736,82.8038496167596,83.75405883789062,2005134
2010-08-03,84.16128348157619,84.46293613691093,82.48710792303419,83.03008270263672,1432904
2010-08-04,83.72390294725047,85.9108883462347,82.83402415977837,84.88526916503906,3919167
2010-08-05,85.3678972937767,86.86108119873825,85.06624465063985,85.88070678710938,3287082
2010-08-06,85.69970954785371,86.69516320453803,84.46292714971155,84.76457977294922,1273034
2010-08-09,84.43276846541252,86.2125257240406,84.17636703711854,85.32264709472656,982587
2010-08-10,85.32267090866112,86.2728803325306,84.79478195096593,85.24726104736328,1338432
2010-08-11,82.95468012226792,85.8807177780349,82.95468012226792,85.27741241455078,1588158
2010-08-12,84.4780237230539,85.89579123051553,83.45240467510294,85.41314697265625,1636144
2010-08-13,84.76459850066634,87.2984877385628,84.76459850066634,86.58960723876953,1945195
2010-08-16,86.87616353783295,89.01790402163067,86.0466154188557,87.37389373779297,2904645
2010-08-17,87.55487495075931,90.7523993432874,86.81582271548889,87.31355285644531,2909601
2010-08-18,88.188361312189,88.95757894762019,86.514185660291,87.41914367675781,1034681
2010-08-19,87.53978968658993,90.26975586427898,86.27284868148189,88.41458892822266,1944929
2010-08-20,88.0827731714072,89.1083921050528,85.8203718219682,86.0466079711914,1787389
2010-08-23,86.42368506016041,87.56996515070703,86.1823629358348,86.63484191894531,2007301
2010-08-24,87.41914348912545,87.41914348912545,85.06625265136188,85.98628997802734,981066
2010-08-25,86.18236944732386,87.79621459711926,85.69972516220658,87.19290924072266,2695100
2010-08-26,87.73588655188844,93.12039697487249,87.19291171571899,92.29085540771484,12087197
2010-08-27,92.6075666031806,93.3616981506677,89.83235586556043,89.9982681274414,4725332
2010-08-30,91.09930582490821,92.78856053423793,89.92285393804292,90.79765319824219,7328688
2010-08-31,90.28486384889541,90.79768010908522,88.4296963236263,89.3799057006836,3526062
2010-09-01,89.89270049290948,90.85799566800881,89.47038676005856,90.48092651367188,3665363
2010-09-02,91.09929864368141,92.00425645234294,90.4054910141736,90.9032211303711,1837907
2010-09-03,89.90776850789088,92.5472321329774,89.90776850789088,91.67243957519531,957686
2010-09-06,92.90924316665277,92.90924316665277,91.25015333460217,92.01937103271484,1997514
2010-09-07,92.30593866460953,96.67991609526806,91.59705149899818,94.6588363647461,5106283
2010-09-08,95.62411550819364,95.62411550819364,92.15510316382478,92.68299865722656,3458988
2010-09-09,93.70861497582386,93.96502305895203,91.17472598209807,91.70262145996094,2895218
2010-09-13,93.51255163925968,94.68899711169796,92.60758694066887,93.46730041503906,2640983
2010-09-14,93.4672933108979,94.96047731078131,92.33609250579003,92.72824096679688,2112909
2010-09-15,93.39191483276541,93.66340898220903,92.15513841393587,92.6227035522461,1393077
2010-09-16,93.19581554280506,95.15656469327135,92.30593677561485,94.37226104736328,2925430
2010-09-17,95.62410988238318,96.12184007953266,93.98009960782876,94.3270034790039,4215541
2010-09-20,94.74932497022186,94.99064711159225,92.60758432269078,93.48238372802734,2349266
2010-09-21,94.11586325956522,94.41751596483724,92.36627092611796,93.36172485351562,1468476
2010-09-22,93.51254884675292,94.85490657742206,92.75841051330275,93.33155059814453,2028121
2010-09-23,93.69354064916432,96.8156491761589,93.43713255239402,95.7598648071289,5947780
2010-09-24,95.75987098030488,98.58032701225491,95.75987098030488,96.64974975585938,6358610
2010-09-27,97.49435577343779,97.49435577343779,94.58339793262384,96.27265930175781,3279774
2010-09-28,96.5290877486794,96.9212362501121,94.6135831812235,95.36772155761719,3834157
2010-09-29,95.92576614577568,96.43858231626344,94.56832916090146,95.15655517578125,2245644
2010-09-30,95.15655159329692,96.13691939069591,93.5125413187425,94.3270034790039,4188864
2010-10-01,94.56834890442458,96.46876772287736,94.2666961781416,95.8654556274414,1713959
2010-10-04,96.49892710083734,97.58487684912048,95.4129707096846,95.63921356201172,2852259
2010-10-05,95.63921464120374,96.46876291860431,93.88962227302447,95.0057373046875,3087931
2010-10-06,95.92577178080656,99.54561723885134,95.63920505526677,98.98755645751953,5121800
2010-10-07,100.1790849882529,102.84871445999572,99.12330063502358,100.69189453125,9252495
2010-10-08,101.12929135035458,101.98899812066159,96.74023512821438,97.43403625488281,3752714
2010-10-11,98.6104837868437,99.19870981541222,96.37825402643728,97.23796081542969,1767643
2010-10-12,97.23796698546155,97.55470563083537,95.02081639645235,95.77494812011719,3255057
2010-10-13,95.77494734883479,97.28321742688743,95.65428627402011,96.00119018554688,3678877
2010-10-14,96.52907096636996,98.71605593480149,96.12183657963293,97.94683837890625,2949629
2010-10-15,98.83673593425998,99.04789282340597,94.58341959572324,95.06607055664062,1950053
2010-10-18,96.31793139848202,96.31793139848202,91.80820699977465,93.19581604003906,4458922
2010-10-19,93.54271010324315,94.62865969111444,92.06460541021642,92.39642333984375,3211042
2010-10-20,92.41152187576346,94.3270198699219,91.6875487424157,93.76895904541016,951336
2010-10-21,93.81420342901289,97.28321591903578,93.81420342901289,96.8156509399414,4546637
2010-10-22,96.8910730922418,98.0826045786111,94.86999335948332,97.52454376220703,2053051
2010-10-25,97.73569461697373,98.00718203019437,96.22742456732344,97.14746856689453,2780604
2010-10-26,97.13238142937614,99.0177138574068,96.61957191238191,98.47473907470703,3448068
2010-10-27,98.6255845755015,100.11876883962685,95.92578280572621,96.54417419433594,9264644
2010-10-28,97.43403408643157,99.98300235998418,96.86089403802625,98.47473907470703,6030022
2010-10-29,98.76613327355008,100.66489672720927,95.30278814533885,96.59394836425781,1513013
2010-11-01,97.36863870766011,99.8901919472905,97.35344528280756,99.05474090576172,1355003
2010-11-02,99.3281631492294,100.86236456224071,98.17371038813111,100.46742248535156,2206033
2010-11-03,100.55857558667171,101.4699804938917,97.52055253907938,99.85982513427734,2523786
2010-11-04,100.05729761328202,101.57631245288447,99.2826001119867,100.36109924316406,3607695
2010-11-08,100.86236246040964,100.86236246040964,98.00662081222161,98.6294174194336,4032343
2010-11-09,97.82434411533579,102.80670380950993,97.82434411533579,102.39656829833984,4603185
2010-11-10,102.98899536278405,103.01937552635806,99.67754415283335,99.85982513427734,1332950
2010-11-11,100.5585477995663,100.86234935135752,99.0395333504196,99.4192886352539,1699974
2010-11-12,99.64714622414623,101.09020708173821,97.29268062181967,99.00916290283203,3923410
2010-11-15,100.81678986893294,100.81678986893294,95.7736767139181,97.8243408203125,2121462
2010-11-16,98.12815058467483,99.81425291833341,96.38128792710408,96.83699035644531,1771459
2010-11-18,98.24967099709279,100.96869883074338,96.45723475578659,100.25476837158203,4588733
2010-11-19,100.96868911266068,101.46996508058395,98.59903671383938,99.89019012451172,2494423
2010-11-22,100.55855551151292,102.01680307194545,99.98133251884171,100.5281753540039,1871409
2010-11-23,99.93576564262587,103.73329227623654,99.34334918635672,101.36363983154297,6594502
2010-11-24,101.16616756389374,104.32571091304855,101.16616756389374,103.23202514648438,8151877
2010-11-25,103.20165038026138,104.96369976293265,101.77377608687027,103.94596099853516,6017928
2010-11-26,104.18898748625573,104.20418091007765,99.43448280960158,101.5762939453125,3836752
2010-11-29,102.04720137142499,102.66999805617614,99.49526099679258,100.26995849609375,2352270
2010-11-30,97.39902747432131,104.3560979981191,97.39902747432131,101.78897094726562,4449643
2010-12-01,99.29780479460717,104.12825794748606,99.29780479460717,102.62444305419922,1689110
2010-12-02,103.29277442151054,106.02699523573598,102.71554474957901,103.52062225341797,3525848
2010-12-03,103.9307680235585,104.47761090259384,101.50034853765428,102.95860290527344,1210241
2010-12-06,103.29277173391351,103.9003748567785,102.00161175273006,102.63959503173828,1442767
2010-12-07,102.68517614174796,102.98898443544566,100.89274668106236,101.13578796386719,1349490
2010-12-08,101.15097699024983,101.16617041586512,99.34335406334625,99.61677551269531,1903766
2010-12-09,101.4699694952395,101.4699694952395,96.73065111102058,98.76612854003906,1755503
2010-12-10,98.67496970235477,99.7990421138283,97.00406119774472,97.76356506347656,1280704
2010-12-13,97.23192773523935,98.58384822166153,96.33570965600583,97.83953094482422,1433874
2010-12-14,98.1281666912154,99.4648940366905,97.50536992379521,98.3104476928711,1035720
2010-12-15,98.91802432257433,101.75857920001194,98.46232194148064,99.64714813232422,3698392
2010-12-16,99.34335271093289,104.02191082759762,98.82688998030444,100.30033111572266,2893021
2010-12-20,100.89274847952831,101.98643427164555,99.44968749205549,100.60413360595703,1170293
2010-12-21,100.61931788301594,101.37882183626417,98.61422075624945,98.9787826538086,2147650
2010-12-22,99.03954936854858,99.03954936854858,97.03445880243379,97.4142074584961,1662976
2010-12-23,97.42940358041966,97.68763160325895,95.39392610767995,95.71292114257812,1798609
2010-12-24,95.7129104699985,96.60912177250927,93.96604137581829,95.01416015625,1422357
2010-12-27,94.4825307132425,95.78887776381688,93.29769762834304,94.01163482666016,1111653
2010-12-28,94.17872290684852,94.46733110053957,92.29514617404627,93.35845184326172,878015
2010-12-29,93.57112415700657,94.80152420920327,93.57112415700657,94.30025482177734,2180168
2010-12-30,95.37873132145747,95.37873132145747,92.50780280909726,92.94831848144531,2872305
2010-12-31,93.84454100358852,94.54329146817429,93.26731788561145,94.16353607177734,1561026
2011-01-03,94.5280724075702,95.24200941551136,94.14832380434329,94.39136505126953,1871730
2011-01-04,94.63443196048647,95.24203524256758,93.79897410252867,94.16353607177734,2509626
2011-01-05,94.0268071806789,94.57365673862542,92.88755455128488,93.17616271972656,1744180
2011-01-06,93.47998081980754,93.69264197259776,90.60905191204326,92.40148162841797,1718075
2011-01-07,92.65970456512726,93.26730778138294,90.29004533153835,90.97360229492188,1446225
2011-01-10,90.47234327980878,93.14580462338549,89.62169861736852,90.41158294677734,3770806
2011-01-11,90.53308083885928,91.14068401632859,87.89000032667643,89.33306121826172,3546576
2011-01-12,89.33307424836384,90.53309404399603,85.56592730838756,88.5431900024414,4265348
2011-01-13,88.71026730305418,90.50269659569828,88.14823104416348,89.10520935058594,1934454
2011-01-14,89.01408318835581,89.62168643608551,85.74820569652054,86.4317626953125,1427835
2011-01-17,87.49505651536857,88.39127452934756,84.97349668899699,87.6165771484375,1314024
2011-01-18,86.7811192710866,89.1203981430052,86.7811192710866,87.55581665039062,820573
2011-01-19,88.71027770616044,88.71027770616044,86.05200357767279,87.76848602294922,2976378
2011-01-20,86.58364932537118,88.0570903048711,83.91018878306494,84.57855224609375,3527903
2011-01-21,85.67227319504866,87.47989650933339,84.57858047307774,86.2191162109375,1447255
2011-01-24,86.49251583145065,87.16087934840375,85.97605311380507,86.58365631103516,707989
2011-01-25,87.73810128397032,87.73810128397032,84.5329911137351,85.079833984375,3826427
2011-01-27,86.58366989334537,87.10013269200806,82.02663181887768,84.77604675292969,4561142
2011-01-28,84.76083662760206,84.92793084523043,78.4721304082606,79.79367065429688,10903029
2011-01-31,79.59621107569565,86.52290133206168,78.1531500481034,84.62413787841797,5125968
2011-02-01,84.76083703840247,85.36844021419354,82.02661605715133,83.3025894165039,2136067
2011-02-02,83.54563064749469,84.28994788258404,80.2038064920255,82.163330078125,3526631
2011-02-03,82.57979314022867,84.26509793296611,81.58393183068428,83.83611297607422,2575277
2011-02-04,83.60629056267261,84.69407714635449,81.20090741503238,82.15080261230469,869526
2011-02-07,82.27337163072524,82.42658053704217,80.28165584860511,81.18558502197266,3550995
2011-02-08,82.12016425742283,82.12016425742283,78.59635259854633,79.23983001708984,1355539
2011-02-09,79.6075277147944,80.26632936766802,74.76611966106094,76.7578353881836,3704061
2011-02-10,77.21746166478133,81.96695109863991,77.21746166478133,81.55328369140625,2870435
2011-02-11,79.0559834459681,81.7677846536256,77.53921179216869,79.89863586425781,3843621
2011-02-14,79.66881243475576,84.1118841555129,79.66881243475576,82.74832153320312,3239754
2011-02-15,83.0394234921559,85.0617879818572,81.35412537390927,81.6911849975586,2017404
2011-02-16,82.07419501984099,82.6410645412488,79.8526559840829,80.03650665283203,1596266
2011-02-17,80.58808660831679,82.88622057228316,79.17855769594493,82.1048583984375,2656373
2011-02-18,82.27336734980102,83.34583638602057,79.86798427188194,80.64935302734375,4805551
2011-02-21,79.95992158903626,82.3499875090594,79.42368699059752,81.40008544921875,1628925
2011-02-22,81.20089898592688,81.20089898592688,78.94871822705683,79.51559448242188,5240812
2011-02-23,79.36238259183735,80.14375125926388,79.31642330141416,79.6688003540039,1936333
2011-02-24,80.28165939905898,80.28165939905898,73.54044697956985,74.53630828857422,4435857
2011-02-25,75.07254394714997,75.89987208984951,73.54044804619757,74.45970153808594,1885458
2011-02-28,74.65886403675654,77.06424697949447,74.39840555030543,74.98060607910156,2491877
2011-03-01,75.22575457061136,77.06426159613497,75.22575457061136,76.58931732177734,2267306
2011-03-03,77.0949008120816,77.72306073211591,75.70069632359389,77.00297546386719,3118960
2011-03-04,77.2481047805698,78.06011534505033,74.91932944155299,76.63526916503906,2563295
2011-03-07,75.99178490679245,77.75369051624831,75.16445690053237,76.46673583984375,2652194
2011-03-08,75.99180008418323,77.61582139085388,75.99180008418323,77.23279571533203,1669471
2011-03-09,77.84562395009333,80.54210744331336,77.21746406163399,79.65349578857422,2553739
2011-03-10,79.62285313736345,83.16198220095251,79.04065930096476,82.74832153320312,4723978
2011-03-11,81.21623657282834,84.1118953722475,79.97524090847806,81.15495300292969,3215632
2011-03-14,82.12016997311228,82.67172208453846,80.75660721262825,81.6911849975586,1650738
2011-03-15,81.2009007872955,81.2009007872955,79.11725313167365,79.99054718017578,1201252
2011-03-16,80.35825692786122,81.41540175535042,78.90276894394799,81.18558502197266,2021950
2011-03-17,80.87917736118119,83.4684183246424,80.15909203720514,82.30402374267578,3892407
2011-03-18,83.34586049611738,83.98933805531018,80.35827599244134,80.90982818603516,3038588
2011-03-21,81.26219834871303,81.81375044878205,78.87213250060879,81.21623229980469,3017154
2011-03-22,81.6299002063605,82.36530301057505,80.63403886841736,81.59925842285156,1328075
2011-03-23,81.40007814710273,82.27337229405252,80.67999965550989,81.61457061767578,1032914
2011-03-24,81.79842724330271,83.11603069168198,80.97109908247718,81.26219940185547,2797963
2011-03-25,81.6605320047848,82.74831856024508,81.5686066654982,82.18144226074219,2017303
2011-03-28,82.62304027964262,84.13425261648568,81.744070393247,82.08332061767578,2336617
2011-03-29,82.49967088385003,84.72022444622051,81.58986013057617,84.13424682617188,4350480
2011-03-30,85.12116300460364,87.58844417442207,84.65854905869901,84.82817077636719,7163721
2011-03-31,85.42957845281914,85.55294218060926,82.9777209671602,84.11883544921875,4110239
2011-04-01,84.04172306948469,85.36788293105832,83.57910237262483,84.18050384521484,3061873
2011-04-04,85.1365844605884,86.97163006139094,84.19593945127589,86.00013732910156,5724300
2011-04-05,86.64779004358135,88.91460171212404,85.90760775045071,88.69871520996094,3492649
2011-04-06,89.4234868460156,89.73189615693255,88.05106201660492,88.83750915527344,4303253
2011-04-07,89.06881566964186,89.90152762814313,87.91227731986645,88.80667114257812,2503596
2011-04-08,88.05106286627115,89.42348770892534,86.04639553430597,86.40106964111328,2067350
2011-04-11,86.6478161301342,87.1566950056968,84.50436753179771,85.0749282836914,1160470
2011-04-13,84.22678397797843,87.74265708976328,83.8875337190191,87.57302856445312,2232635
2011-04-15,87.58843530704347,90.05571622707647,87.31086696760147,89.70104217529297,1941396
2011-04-18,90.05572837134709,91.50525211723881,89.13049365677688,90.37955474853516,5048306
2011-04-19,90.36414315520085,91.16600740365016,87.44966483392247,87.57302856445312,1823420
2011-04-20,87.28005433352399,88.63705554401211,85.33706853593594,86.69407653808594,4790539
2011-04-21,87.1412561190185,87.89686236965098,85.5529446814614,86.72490692138672,3220986
2011-04-25,86.75573924197161,87.41881583657208,85.73798176732464,86.77115631103516,1494145
2011-04-26,86.97161798052686,87.0487169022774,85.76881503461225,86.3239517211914,1847914
2011-04-27,86.6015284721937,87.89685432496158,86.6015284721937,86.92536163330078,1550903
2011-04-28,87.18749733526202,87.81973289185635,85.799648940721,86.5244140625,1845137
2011-04-29,83.27069708417045,83.27069708417045,75.86886066372246,77.78099822998047,40056999
2011-05-02,77.78101267034017,79.2613843042628,76.79410277549931,77.22587585449219,7419518
2011-05-03,77.10250362223907,77.68848130773594,75.83802545879843,76.67073059082031,3796463
2011-05-04,76.5319593483408,77.34924072111244,74.63523167899784,75.23663330078125,5214309
2011-05-05,75.1132629266639,76.48568779381412,74.45017949412839,75.19036865234375,1621851
2011-05-06,75.28288493108838,76.30063559699637,74.32680933206001,75.09783935546875,3411498
2011-05-09,75.34456622521316,80.18659887598162,73.27821718794623,73.8487777709961,4188354
2011-05-10,73.91045530681001,74.75857740995187,72.70765235297206,74.17259979248047,3459118
2011-05-11,74.29596885601194,76.17727234461486,73.74083212576659,75.89970397949219,3781907
2011-05-12,75.83802384803457,75.83802384803457,74.04924310706056,74.4655990600586,1607814
2011-05-13,74.37307826904063,75.37541192203663,73.24738089208576,74.92821502685547,1637002
2011-05-16,74.58897001425413,76.43943279500506,74.01840935512087,76.16185760498047,2560637
2011-05-17,75.62213155740208,77.56511000902417,72.55344905346142,74.48101043701172,2681272
2011-05-18,74.48102764642243,74.58897431450664,72.80019329693071,73.04692077636719,1972809
2011-05-19,73.18569802712298,74.48101711093908,72.50719755464789,73.47868347167969,1725072
2011-05-20,74.32681524359877,76.79409657308791,74.04924685809308,76.48568725585938,2820411
2011-05-23,76.48568546307413,77.19502687607319,75.56045753307538,76.42400360107422,1623505
2011-05-24,76.88662607712087,78.89129360568764,76.19270165697677,77.42634582519531,3096729
2011-05-25,76.82493117214074,79.2305304398909,76.82493117214074,78.33614349365234,6326075
2011-05-26,79.10716204647306,79.87818523040734,77.87352495217822,79.35388946533203,2507646
2011-05-27,79.56979191347092,80.18661058431293,75.7763502961314,79.50811004638672,880428
2011-05-30,79.86276935733648,80.72631533626185,77.82726132963813,78.16651153564453,4990968
2011-05-31,78.59829622592274,81.99080558268466,78.19736410459262,81.48193359375,5437555
2011-06-01,81.83660289867224,82.29921689600401,80.20203344143329,81.94454956054688,2474472
2011-06-02,81.34314746132115,82.5922086421644,80.27913187825759,81.74407958984375,2134096
2011-06-03,81.18893568320175,82.31463303356482,80.18660205388338,80.4487533569336,1041406
2011-06-06,79.84735342212781,82.31463468415664,78.70623897958252,81.60529327392578,2057086
2011-06-07,81.6978187210002,82.77725133685803,80.68006117724484,82.22211456298828,739771
2011-06-08,82.02164122095232,83.81042197693573,81.63613298654057,82.29920959472656,2640175
2011-06-09,82.93143370061857,83.8566681999849,81.4202284446966,83.47115325927734,1351213
2011-06-10,83.27069639885649,83.79499217883811,81.72864998714584,82.36088562011719,1119942
2011-06-13,82.00621648835718,83.57910379276332,81.69780721298343,83.39405822753906,888201
2011-06-14,83.51742830957363,85.73798205333962,82.46883669330154,84.5814437866211,1249958
2011-06-15,84.79733889594254,84.79733889594254,83.45575491381933,84.08799743652344,3928479
2011-06-16,84.13426504095186,84.44267438143125,78.67540613114429,79.81652069091797,6691771
2011-06-17,78.95296432378667,81.12725328871898,78.95296432378667,80.24828338623047,1601790
2011-06-20,80.4641861633141,81.06558781685857,76.6553271352973,77.00999450683594,2127711
2011-06-21,77.10249785955371,78.28987700304019,76.13100521564114,77.17960357666016,1651991
2011-06-22,77.3492355763993,78.69081954089198,75.89971174359187,77.79643249511719,1989943
2011-06-23,78.0277358975311,79.5697893159578,76.85578046118916,79.33848571777344,2323037
2011-06-24,80.30996479902635,80.34080572891274,78.42866807595571,79.44641876220703,3202250
2011-06-27,79.0300615573291,80.15575887612866,78.33614404173976,79.585205078125,948395
2011-06-28,80.34081143620581,81.88286483173161,78.52119644364522,78.98381042480469,4684186
2011-06-29,79.03006024260202,81.11183312971902,79.03006024260202,80.32538604736328,5025284
2011-06-30,80.49501046022266,81.18893477920278,79.58520642347851,79.89361572265625,1667320
2011-07-01,80.34080831620145,82.03706630624022,78.64455711782331,81.60529327392578,2804645
2011-07-04,82.28379014191682,83.27069988674954,81.5744487628183,82.530517578125,5386472
2011-07-05,83.27069370767403,83.27069370767403,79.77024507039,80.04781341552734,2135351
2011-07-06,79.58520240578038,80.8034224718633,79.3538920472441,80.01697540283203,1303417
2011-07-07,80.51043253085633,81.08099311747891,79.69314451037756,80.88052368164062,1496307
2011-07-08,81.40482417106219,82.19127130764267,77.39549634812619,77.91979217529297,3537709
2011-07-11,78.28989330650197,78.56746172089915,75.32915676127051,75.8380355834961,4642576
2011-07-12,76.80951901542224,76.80951901542224,73.75626003961982,74.23429107666016,2796032
2011-07-13,76.14643095064667,76.14643095064667,74.28055133398523,75.09783935546875,2770580
2011-07-14,74.78943620390866,76.08476224889779,73.86420816581746,75.28289794921875,4725265
2011-07-15,75.25204541109629,76.54736446469174,74.63522002248568,74.91278839111328,5025385
2011-07-18,74.91279064079444,75.85344242522213,74.49644147118,74.72774505615234,1209199
2011-07-19,74.97446994898156,75.15952231898204,62.94648019023222,64.24180603027344,43223508
2011-07-20,64.64274032584756,64.70442218740224,52.59932969065207,54.511470794677734,171813761
2011-07-21,54.74278407666184,57.21006221867513,52.861483686866926,55.899322509765625,95725902
2011-07-22,56.439033739543554,57.19463995783335,55.11287028796808,56.315670013427734,33193755
2011-07-25,56.377347602692794,56.94790818855642,55.3904378685808,56.0380973815918,10756876
2011-07-26,56.36192841480225,56.36192841480225,53.601658398022124,53.802127838134766,14050758
2011-07-27,53.971750947068394,54.974081131236424,53.60165640631474,54.38810348510742,7363723
2011-07-28,54.264742847037226,55.390440205838836,52.15213231664964,53.26240921020508,19032635
2011-07-29,53.35493491833548,53.678768102037964,51.38111186309456,52.26007843017578,7668355
2011-08-01,52.244660233190565,52.73811513740116,48.975511305304224,49.36102294921875,12982476
2011-08-02,49.36101932519681,51.11895908404217,48.297007266111095,50.77970886230469,14263943
2011-08-03,50.22456248988054,50.8722219235097,49.53064166813502,50.31708526611328,8670062
2011-08-04,50.887655850781044,50.887655850781044,49.037193168330546,49.36102294921875,8892321
2011-08-05,48.728777038726605,49.03718631072876,46.26149607104959,48.66709518432617,9993444
2011-08-08,48.667103422885866,48.667103422885866,46.647018953473996,48.0965461730957,8127313
2011-08-09,46.60075117118282,47.01710370183299,44.889072864627664,45.41337203979492,21468449
2011-08-10,46.292335797303686,46.801214478735474,45.50589217410064,45.84514236450195,8985093
2011-08-11,45.52132396819826,46.014778913428046,44.19516040706255,44.673194885253906,11323757
2011-08-12,45.45963318419106,45.937667568627056,44.70402705167192,45.0124397277832,5367572
2011-08-16,45.397953730762936,45.64468116804569,43.640017344293106,44.2568359375,7058578
2011-08-17,44.42645843346998,44.549822144844,42.344692408203336,43.84048080444336,6306173
2011-08-18,43.840484557882206,44.01010967554408,42.375536964063,42.86899185180664,4047318
2011-08-19,41.74329220272557,42.653102997908995,40.94142805414295,42.082542419433594,4174949
2011-08-22,42.09796950914341,44.10263343021487,41.1727381785864,43.8713264465332,5572668
2011-08-23,44.719456286369194,45.0895508911222,43.23908805484918,44.673194885253906,4906939
2011-08-24,44.534410356418185,45.490482701643884,43.82506887783475,44.596092224121094,4412001
2011-08-25,44.78113378749238,44.99702370080761,41.69703388890455,42.175071716308594,5447453
2011-08-26,41.990027912067774,43.33160847052154,41.943763117669924,42.23675537109375,3847345
2011-08-29,42.252179632149485,44.349366618059,42.252179632149485,44.133480072021484,2972683
2011-08-30,44.411038204188806,46.785796452345494,44.27225402815978,46.38486099243164,6321382
2011-09-02,46.41571011607515,47.325517586347814,45.76804716513544,46.33860778808594,4436766
2011-09-05,45.95309167259023,46.72411833019654,45.166647945578674,46.18439865112305,2204074
2011-09-06,45.95309200531241,46.63159587641829,45.42879618350856,46.26150131225586,6543592
2011-09-07,46.33860901456941,47.263836974928715,46.26150328870903,46.44655227661133,6075679
2011-09-08,46.89374777674915,48.111968038644676,46.801224976794856,46.9091682434082,6174755
2011-09-09,47.06336058755646,47.91148942757204,46.446542082693995,46.55448532104492,6444989
2011-09-12,46.23066438348062,46.23066438348062,44.827398622660695,45.166648864746094,4342644
2011-09-13,45.18207016338522,46.893745266752596,45.18207016338522,46.2460823059082,7934499
2011-09-14,46.52364689395769,48.975503978271774,46.107290984988985,48.3895263671875,9388710
2011-09-15,48.72878175038446,49.731115377138465,48.45121337874403,49.22223663330078,11048293
2011-09-16,49.62317174896408,50.548399647486214,48.88298603431617,49.916160583496094,10061370
2011-09-19,49.40727600477,49.946992178031465,48.944658746144874,49.206809997558594,2199250
2011-09-20,48.97550629079732,49.77737382386826,48.17364215355641,49.253074645996094,3987855
2011-09-21,49.4998063716449,50.05494309216926,48.96008671974946,49.28391647338867,3794680
2011-09-22,48.728779487886,48.728779487886,46.13813468119961,46.29233932495117,4248440
2011-09-23,46.107296658784136,46.847482391278696,45.027864084482076,46.26150131225586,4300623
2011-09-26,46.40028773966315,47.032526803138374,44.41104096780019,46.60075378417969,3556713
2011-09-27,47.032525142668554,48.11196104778631,47.032525142668554,47.78812789916992,4262306
2011-09-28,47.24842202776634,48.0502897495702,46.38487243473379,46.832069396972656,1678904
2011-09-29,45.351688723221415,48.11195849957911,45.351688723221415,47.047943115234375,9140953
2011-09-30,46.5699215180304,48.081130761358416,46.261508765567484,47.032535552978516,5772705
2011-10-03,46.26149709026495,46.41570512549338,44.75028822833014,45.13580322265625,1777295
2011-10-04,45.02786336936299,45.7217842989651,44.19515485801022,44.611507415771484,2801534
2011-10-05,45.027863106592,46.33860602846595,44.67318901547936,45.505897521972656,3099613
2011-10-07,45.953095376857334,46.7241220966159,45.58300418137188,45.98393630981445,1944574
2011-10-10,46.23066086007854,47.49513893875376,45.86056631927035,47.0633659362793,3023080
2011-10-11,47.77270948248617,49.854475516054386,47.38719448707503,48.2507438659668,7875778
2011-10-12,48.512900118590196,51.14980670605776,48.512900118590196,50.82597351074219,6334948
2011-10-13,51.39652747309325,52.41428153464692,50.270830159114354,50.53297805786133,8251397
2011-10-14,51.13438062934263,51.13438062934263,49.145133859089995,49.468963623046875,7221340
2011-10-17,49.93158306337916,52.044190246085726,49.45354862985243,51.87456512451172,5170208
2011-10-18,51.22690236213933,51.81288001816197,49.74653436162041,50.53297805786133,5711620
2011-10-19,51.04185679588305,52.244656433242675,43.65543725657051,44.303096771240234,42065828
2011-10-20,43.67086072514335,44.24141795588438,41.63535246164975,43.948429107666016,37929343
2011-10-21,41.75872168846704,44.256844251931874,41.75872168846704,42.51432800292969,9821103
2011-10-24,43.928674772451544,44.52463889567931,42.705387082333814,43.081783294677734,6140967
2011-10-25,43.285657880600496,50.170584681109986,42.8308458610388,43.25429153442383,5764167
2011-10-28,44.556002262147544,44.85398257695976,43.91298865544873,44.258018493652344,4144151
2011-10-31,44.22665022826244,44.50895081006099,43.61500645067842,43.78752136230469,3131170
2011-11-01,43.63068292595321,43.912980010728546,43.36406901255428,43.52090072631836,1606325
2011-11-02,43.52090646898828,44.69714793110856,43.00336174527577,43.99140167236328,3442246
2011-11-03,43.944351592785715,44.759880055273335,43.36407418267454,44.57168197631836,3528036
2011-11-04,45.042183837342556,45.73224701594961,44.69715397488065,45.46562957763672,4325726
2011-11-08,45.46561951144736,46.17136570936708,44.54031235789185,45.95180130004883,2866622
2011-11-09,45.481300132165806,46.296828488995764,43.94434589947444,44.28937911987305,2681800
2011-11-11,43.9129896402718,44.54032008657577,43.1445140743112,43.364078521728516,2583064
2011-11-14,44.289387341148576,44.289387341148576,42.65833032472157,42.70538330078125,1955612
2011-11-15,42.72106708800642,43.01904740066898,40.96454465336647,41.24684524536133,3500523
2011-11-16,41.24685454816773,41.32527043760694,38.925737313399715,39.20803451538086,4084117
2011-11-17,39.20802657830617,39.20802657830617,37.49855708090407,37.76517105102539,3609918
2011-11-18,37.63970689476157,39.97650691144026,36.5418811749585,38.75321578979492,2724383
2011-11-21,38.73752937914715,39.2080245967592,37.57697105535454,37.67107009887695,1846015
2011-11-22,37.76517772339498,38.706171826114435,37.04375155913419,37.780860900878906,2591193
2011-11-23,37.63970534194245,38.04746788110768,35.82045363659919,36.07138442993164,6852068
2011-11-24,35.89886611753605,37.090790726926706,35.161756981769294,36.761444091796875,5303046
2011-11-25,36.30663051575518,38.204298013892185,36.30663051575518,37.79653549194336,2389398
2011-11-28,38.26703398020053,40.91749381387167,37.95336704959598,40.57246398925781,4296452
2011-11-29,40.462682359037004,40.83907853680071,39.223708153548564,39.427589416503906,2246862
2011-11-30,39.176661456051754,39.96082366994887,38.894364302374726,39.69420623779297,2999192
2011-12-01,40.305856737207016,41.52914795433202,39.91377732584753,40.0862922668457,3347113
2011-12-02,40.39995130236316,41.71734143168493,40.19607003113335,41.482093811035156,3779012
2011-12-05,41.56051182679375,43.12883283231333,41.05864675652289,42.95631790161133,2611446
2011-12-07,42.97199593653736,43.77183779229157,41.168424060314216,42.658329010009766,6100987
2011-12-08,42.062361167885804,42.297608732006516,40.80770403889311,41.13705062866211,3377043
2011-12-09,40.462682358296874,40.462682358296874,38.69048023434226,39.2393913269043,5713346
2011-12-12,39.270756311505835,39.678518823250876,37.63970281084288,38.00041580200195,3561016
2011-12-13,37.87494794633351,39.00413982051603,37.63970035872936,38.23566436767578,2212459
2011-12-14,39.0198265114727,39.0198265114727,37.48287201352119,37.79653549194336,2909006
2011-12-15,37.482876983671666,39.19234662142744,36.635982025952444,38.784584045410156,4130224
2011-12-16,38.89435615167332,39.34916813728702,37.01237206786524,37.373085021972656,1740979
2011-12-19,37.294676495203724,37.35740919520898,34.98924286264427,35.93023681640625,2837475
2011-12-20,36.385044566011025,37.3260384079082,34.18939687316123,34.424644470214844,3527367
2011-12-21,35.16176292907755,35.616575025946275,33.875739063558555,34.20508575439453,3522852
2011-12-22,34.220761041550524,37.27898651598076,33.59343070231619,36.85553741455078,6036684
2011-12-23,37.608336466175246,39.05119188458602,36.90259365734091,38.063148498535156,5452986
2011-12-26,37.95336577172921,39.803987130623604,37.95336577172921,39.58441925048828,3941676
2011-12-27,39.44327454607296,39.77262121794436,38.1415675797553,38.39250183105469,1988012
2011-12-28,38.3297625516075,39.52168363566871,38.01609565475102,39.066871643066406,2744726
2011-12-29,39.06688204326343,40.776351717330996,37.95337306988026,39.70989227294922,4621540
2011-12-30,39.7412490656064,39.80398520953342,38.659110158889625,39.55305099487305,2143973
2012-01-02,39.61579289397004,40.27448623722821,38.800264348633995,39.01982879638672,1723914
2012-01-03,39.3648557684913,39.835354433003666,38.73752882071859,39.44327163696289,2481913
2012-01-04,39.52168974321362,41.387994425876144,39.31780847364341,40.66656494140625,4251670
2012-01-05,41.152740478515625,41.99963530047979,40.917492876215235,41.152740478515625,3134281
2012-01-06,41.18411082987199,41.37230891422882,39.33348942633085,39.6314697265625,5168505
2012-01-09,39.52168316083735,40.619508652439066,38.5963760145911,39.9608154296875,4489276
2012-01-10,41.40368559410156,41.40368559410156,40.180394286821375,41.29390335083008,4558125
2012-01-11,41.40367982832365,42.25057130133898,41.12137921696867,41.6389274597168,5708794
2012-01-12,42.313302339566356,44.32075562256792,41.37231185098725,43.740474700927734,9921053
2012-01-13,43.69342136866351,44.85397965711939,43.59932232800623,43.80320358276367,8030270
2012-01-16,43.91299352000837,44.16392779290998,42.73675530492291,43.238616943359375,2427245
2012-01-17,43.22292655200849,45.44994065450095,43.22292655200849,44.68146514892578,9077160
2012-01-18,44.77555874743704,44.82260826246713,42.37602657353787,42.75242614746094,4087705
2012-01-19,42.971992000588585,43.662051577642245,41.56050304838723,41.90553283691406,5430723
2012-01-20,42.10941791285229,43.850253640010116,41.623239530170075,42.031002044677734,5812205
2012-01-23,41.403676975235726,43.0660969095414,41.403676975235726,42.25056838989258,2485738
2012-01-24,42.59559157418253,43.09745652855508,42.187829104871795,42.79947280883789,6432326
2012-01-25,43.0033602837806,45.167641599433985,43.0033602837806,44.65009689331055,17724091
2012-01-27,44.8382978500952,45.95180665215591,44.55600071952054,45.29310989379883,5608907
2012-01-30,45.48130300719349,45.76360356057975,41.35662180971229,41.90553283691406,11953966
2012-01-31,42.344674200087496,43.34840097221721,39.64716432807982,41.82712936401367,24021929
2012-02-01,39.64716027212942,45.60677722677856,39.03551298383997,45.104915618896484,50714828
2012-02-02,45.16763827859497,47.59853680872333,44.38347969060673,45.7792854309082,34675760
2012-02-03,45.961077998490005,46.213005209228896,44.559729421357716,45.142311096191406,7481529
2012-02-06,45.44147724488601,47.48839288341792,45.252531826079505,46.165771484375,9720924
2012-02-07,46.29173661331495,46.79559107997065,44.71718793761839,44.921878814697266,5382590
2012-02-08,45.06359198759688,46.76410443483101,44.92188290594385,45.630428314208984,7014483
2012-02-09,45.33126404937987,46.77984921963456,45.173809516460636,46.512176513671875,4010003
2012-02-10,46.24450776957762,48.24418397636628,46.24450776957762,47.55138397216797,9376764
2012-02-13,48.196946346439006,50.32258613451977,47.819055444984286,49.80298614501953,14665658
2012-02-14,49.75575359026799,49.75575359026799,48.02375002531473,48.24418640136719,7073120
2012-02-15,48.448865837824826,50.27534516982749,48.433120386124756,48.76377487182617,9974945
2012-02-16,48.93698041130744,50.49578724185698,48.62207134145817,49.92894744873047,9053221
2012-02-17,50.0706507460408,52.68440265864687,50.0706507460408,50.57450866699219,11273233
2012-02-21,50.54302166723488,51.4877488406127,49.91320008425198,50.98389434814453,6744601
2012-02-22,51.01538585523046,51.582222165938326,46.96879401270614,47.393924713134766,5780899
2012-02-23,47.393922620941325,48.33864976374967,45.72489773385142,47.81904983520508,4570084
2012-02-24,47.488399672846576,48.968475799168445,46.44919625343823,47.047523498535156,5315371
2012-02-27,47.48839873904298,47.6301078206215,44.166097646508675,44.701446533203125,5088173
2012-02-28,44.84315735515419,46.228760785095325,44.433772080641205,45.53595733642578,5596334
2012-02-29,45.835119520896434,47.141995639071936,44.62271959186174,44.8903923034668,5930507
2012-03-01,45.04785021806594,45.63043204583824,44.433774013286225,44.811668395996094,2746911
2012-03-02,45.14231943377616,45.74065013718724,44.57548310492151,45.0006103515625,2265641
2012-03-05,39.96205960469061,45.362761233376176,39.96205960469061,43.04817581176758,3676758
2012-03-06,43.14263566736522,44.43376263059638,42.1979051537013,42.811981201171875,6292012
2012-03-07,41.88300207470736,43.111150876327095,41.56809301465044,41.94598388671875,4345752
2012-03-09,42.98518565965217,44.05587642417536,42.512818619670824,43.709476470947266,5601930
2012-03-12,43.89842553268057,44.90613803831413,43.1426437540038,43.410316467285156,3920911
2012-03-13,43.882677900356036,46.76410272330556,43.80395063565237,46.46493911743164,9478507
2012-03-14,46.66962966783691,47.33093868656072,45.88235702649904,46.27599334716797,3900564
2012-03-15,46.260249305340345,48.1654526228869,45.48871862589884,45.992576599121094,10239594
2012-03-16,46.37046877562571,46.92155965678707,43.47329835129595,43.819698333740234,7461353
2012-03-19,43.77245431963428,44.606966689747736,42.73325108659043,43.30009078979492,4337592
2012-03-20,42.52856915236592,44.906139686513455,42.52856915236592,44.355045318603516,9288598
2012-03-21,44.35504339621845,46.512177476669194,44.276319595526694,46.15003204345703,5891137
2012-03-22,46.29174205385245,47.110505658394935,43.06391706268724,43.37882614135742,8863387
2012-03-23,43.772456559197465,46.15002671582883,42.985183969185385,45.173805236816406,6398974
2012-03-26,45.28403080655276,46.22876153649484,43.22137281593353,43.72522735595703,10838203
2012-03-27,44.2605655453614,44.96911434345525,43.18987482342017,43.28434753417969,7409216
2012-03-28,43.47329620450397,44.48100866197705,43.079659880255775,43.31584167480469,4631856
2012-03-29,43.412564296610284,44.07947118813106,42.316928049506096,42.53923034667969,6258472
2012-03-30,43.126741003277495,44.238255919982656,42.872681250144524,43.8571662902832,12326754
2012-04-02,43.968317702092634,46.2072227870645,43.968317702092634,45.984920501708984,10290450
2012-04-03,46.58832449650925,47.207595262628615,46.11195887197604,46.35014343261719,4958421
2012-04-04,46.366019101641164,46.92177488060861,45.413291412376694,46.0643196105957,3314624
2012-04-09,46.03255993664905,46.08019614399729,43.7618972229673,43.98419952392578,4423451
2012-04-10,44.0477128465234,44.28589387450185,43.19025764905241,43.90480422973633,5068777
2012-04-11,43.491960545368435,43.682505382782026,42.55511159800278,42.88856506347656,3323627
2012-04-12,43.507837287732656,45.31801665694498,42.65038206192225,42.904441833496094,4102417
2012-04-13,43.25377340952732,43.714256701785374,42.301045859831284,42.44395446777344,2656844
2012-04-16,42.55511495043062,42.80917475366319,41.5706297161553,41.999359130859375,2914528
2012-04-17,42.396321504233114,42.53923012309358,41.28480652745864,42.0787467956543,4699279
2012-04-18,43.15850243116074,43.47608064845544,42.23753574157745,42.6821403503418,4431060
2012-04-19,43.507842623695666,43.82541737711151,42.23754011328315,42.52335739135742,1938054
2012-04-20,41.93583949402348,42.33280789221602,41.34832276794982,41.63414001464844,2818947
2012-04-23,41.60238265600053,41.88820340022564,39.808081994538945,39.96686935424805,3276613
2012-04-24,40.014504122088475,41.88820189272129,39.28408229371358,41.49123001098633,5740391
2012-04-25,41.65001333098738,42.5233471901196,40.903712839495626,42.174015045166016,6177919
2012-04-26,42.23753170055806,42.55510639072049,40.72904842553813,41.0783805847168,5018438
2012-04-27,41.078380719116254,42.17401690050971,40.60201868231406,41.570621490478516,6534751
2012-04-30,41.602378706401566,42.39631892632162,40.90371439001051,41.72941207885742,6094654
2012-05-02,41.74529116614235,42.28517168443292,41.141899200889696,41.63414001464844,3242585
2012-05-03,41.60237242627359,41.69764831542012,40.34795259302457,40.69728469848633,1256163
2012-05-04,40.57025901753584,40.61789521863799,38.966503417015126,39.42698669433594,2529735
2012-05-07,38.617170267931385,40.61789783667571,38.10905075675744,40.39559555053711,2430027
2012-05-08,40.649653226316055,40.93547043672778,38.49013842081977,38.74420166015625,3275684
2012-05-09,38.76007911962383,39.34759580479252,38.26783834013662,38.56953430175781,1736167
2012-05-10,38.90298944182141,39.188806655484505,37.569172281312,37.99789810180664,2574936
2012-05-11,37.93438962273187,37.93438962273187,36.67996591915302,37.20396423339844,1985506
2012-05-14,36.679959205680994,37.31510856124329,35.09208232002699,35.90190124511719,3628428
2012-05-15,35.568450007868535,36.187720667399915,35.21911434420492,35.822509765625,4221741
2012-05-16,35.568452366117896,35.77487593298126,34.63160345052776,35.09208679199219,4989458
2012-05-17,35.60021138634753,36.42590568971394,35.250875684328264,35.79075622558594,4450910
2012-05-18,35.568444880199564,36.981652078987096,34.67923235949538,36.75934982299805,4537577
2012-05-21,36.83874936927102,38.33135396603972,36.74347695863143,37.8549919128418,3815430
2012-05-22,38.3313584725145,38.53778205316872,36.29887664317018,36.584693908691406,2134044
2012-05-23,36.5211815280287,36.5211815280287,35.10797034130634,35.33027267456055,2759461
2012-05-24,35.631962320196024,35.74311696367581,33.980570357726506,34.36166000366211,6024420
2012-05-25,34.07584347530742,34.93329869317871,32.742026190145765,33.647117614746094,30273815
2012-05-28,33.32954815462078,35.171485268440996,32.424456587414284,34.83803176879883,36488258
2012-05-29,35.18735677651033,36.1877205666395,34.42517750536314,35.23499298095703,18258526
2012-05-30,35.34614591783356,36.648205735514104,35.012692469790025,36.39414596557617,16478881
2012-05-31,36.187727040130405,36.521180530907586,34.996818219177094,35.58433151245117,7353936
2012-06-01,35.72723313855859,36.45765842411317,34.13935618788373,34.34578323364258,6807230
2012-06-04,34.28227323541016,34.742756603402455,33.504211634122534,34.55221176147461,6096259
2012-06-05,34.93329429254476,36.17183900822578,34.90153682539263,35.47317123413086,4704657
2012-06-06,35.6160865797064,36.63232921773341,35.33026932122191,36.314754486083984,6245484
2012-06-07,36.71172423162292,37.82323932944254,36.441785699934336,37.56917953491211,5399016
2012-06-08,37.315114368650676,38.39487193789914,36.838752277842005,38.07729721069336,5564554
2012-06-11,38.410751286548475,38.68068980897636,36.58469307925803,36.8069953918457,3827752
2012-06-12,36.25123230256254,38.077290141741614,35.42553466836736,37.91850280761719,2886628
2012-06-13,37.600935236744654,37.96614617416634,36.838752392333184,36.934024810791016,2960107
2012-06-14,36.85462929858868,37.60093336953,36.235358609364965,36.39414596557617,3388490
2012-06-15,36.85462963339598,37.108689405641925,36.219480202781114,36.822872161865234,4552491
2012-06-18,37.58505535961808,37.632691567401224,36.092450685664204,36.2036018371582,3235600
2012-06-19,36.20360113812273,36.648205735514104,36.01305631066928,36.39414596557617,4250400
2012-06-20,36.52117233446569,38.26783658137734,36.425899929911324,37.99789810180664,3628007
2012-06-21,38.0455343390945,39.0458980845842,37.997898136773486,38.52189636230469,5192277
2012-06-22,38.25196087640345,38.68068673084828,37.26747928471532,37.696205139160156,3985728
2012-06-25,39.06177151772627,39.06177151772627,37.55328848552443,37.82322692871094,1739403
2012-06-26,37.95026455540551,38.34723293549642,37.33099388246368,37.79147720336914,1499718
2012-06-27,38.52190226186251,39.37935753170684,37.95026774646553,38.474266052246094,2368769
2012-06-28,38.664806319097984,38.91886605070306,37.88674489430933,38.0455322265625,2094713
2012-06-29,38.50602155799316,38.90299344793025,38.31547672926272,38.490142822265625,7439382
2012-07-02,38.74420836105894,40.33208552361061,38.585417497729786,40.01450729370117,16131193
2012-07-03,40.173290582546834,41.96759463627338,40.173290582546834,41.74528884887695,10479249
2012-07-04,41.9834706358616,42.158136709990195,40.554381078061176,40.90371322631836,5933065
2012-07-05,40.98310604274504,41.935833560350524,40.96722730906409,41.68177032470703,2560334
2012-07-06,41.602378706401566,42.61862120880968,41.602378706401566,41.72941207885742,5223823
2012-07-09,41.729416010737516,42.205778089524884,40.887839508131115,41.69765853881836,3226332
2012-07-10,41.41183823018196,42.20577853325674,41.0625060353985,42.094627380371094,2618524
2012-07-11,42.23754095625234,43.19026523551419,41.919966196498386,42.301055908203125,4348379
2012-07-12,42.23753526212429,42.23753526212429,40.90371795422315,41.17365646362305,3685654
2012-07-13,41.28480173548982,41.79292470698619,39.91922715035593,40.04625701904297,3955161
2012-07-16,40.4908668180253,41.046622517713026,39.69692660743735,40.71316909790039,3180952
2012-07-17,41.41184097714752,41.60238582330515,40.68141906687661,41.2689323425293,5396329
2012-07-18,41.57062287578382,41.57062287578382,40.062139545559546,41.18953323364258,3603510
2012-07-19,41.31657323937229,41.88821133941799,40.36384890054511,40.55439376831055,2305762
2012-07-20,40.649653965647985,42.04698607204592,40.1891671770833,41.300682067871094,8184147
2012-07-23,40.91959818431085,40.91959818431085,37.362754231190095,37.521541595458984,15045625
2012-07-24,37.91851597534389,38.17257579816874,36.87051570944198,37.47391128540039,9082916
2012-07-25,36.83875279330553,37.759723011837714,36.203603330006686,36.314754486083984,8214125
2012-07-26,36.893685765737175,37.214499687370036,36.04352887341008,36.524749755859375,5952502
2012-07-27,36.749314004409285,37.390941751706784,36.492662905490285,36.845558166503906,3232792
2012-07-30,37.182410871090035,37.904245583051996,36.89367839927093,37.69571304321289,2714402
2012-07-31,37.59947714375998,37.79196548249749,36.86160164618487,37.26261901855469,2849869
2012-08-01,37.50322811611648,38.33734775357152,37.11825145225163,38.1609001159668,5555433
2012-08-02,37.96842110614801,38.46568275239586,37.47115592748477,37.84009552001953,1471010
2012-08-03,38.03257355703942,38.03257355703942,36.92576214524041,37.487186431884766,2684894
2012-08-06,38.01653406335276,38.24110378510037,37.567394619857524,37.66363525390625,1176533
2012-08-07,37.90424641376302,38.41754859713543,37.599473242385656,37.77592086791992,1979173
2012-08-08,38.25714917748138,38.30527126662239,37.487192218810165,37.74384689331055,4409911
2012-08-09,37.920287821931986,38.01653198312888,36.73327296808937,37.35886001586914,1847484
2012-08-10,37.230537628765106,37.67968061823394,36.893683035974455,37.26261901855469,922452
2012-08-13,37.29469452807232,37.727796754358934,37.054084142587584,37.519264221191406,821433
2012-08-14,37.56739404091458,37.95237070083484,37.37490217853996,37.53531265258789,1947778
2012-08-16,37.8400833135556,37.936327472105496,37.11824859201717,37.72779846191406,1238054
2012-08-17,37.599480198556535,39.0912684773883,37.11825578020069,38.25714874267578,3874194
2012-08-21,38.497752491752316,38.69024081265928,37.85612475539574,38.40150833129883,1191075
2012-08-22,38.40151321154122,39.235632907222886,38.144862084382176,38.561920166015625,2181857
2012-08-23,38.67420252158956,39.36395591343285,38.44963279991508,39.28375244140625,2413676
2012-08-24,39.123341729053045,39.17146734439338,38.2090221534625,38.72232437133789,2110560
2012-08-27,40.42264332577941,40.42264332577941,37.13429377919825,37.31074142456055,1572107
2012-08-28,37.374900617754896,37.423026230649675,36.284133460198184,36.781394958496094,3745538
2012-08-29,36.89368646605565,37.038052733530805,35.385857473344565,35.514183044433594,2012330
2012-08-30,35.514182669219075,35.514182669219075,33.845946730271955,34.34320831298828,7483192
2012-08-31,34.343202807937885,35.22544449084978,33.87802269222101,34.61589813232422,7619433
2012-09-03,34.6800534418318,35.129192767223536,34.0063409213306,34.134666442871094,14949718
2012-09-04,34.18279440643481,34.455486186719405,33.300556293749345,33.878021240234375,11056005
2012-09-05,33.87802382788617,35.193364283317194,33.09202981291287,34.26300048828125,11926268
2012-09-06,34.327165482113145,35.08108168982809,33.733659759004446,34.02239227294922,7471952
2012-09-07,34.40735983606756,35.54625242709695,34.10258670770564,35.43396759033203,5767042
2012-09-10,35.73875013733923,37.98445452930156,34.96879676803652,35.69062805175781,2625278
2012-09-11,35.57834329182546,36.059564149079115,35.22544799650611,35.706668853759766,2036662
2012-09-12,35.73874399338441,36.17184622157599,34.35924091145686,34.79234313964844,7003318
2012-09-13,34.840470493553205,34.840470493553205,33.84594387947327,33.91010665893555,3564621
2012-09-14,34.327160970502035,35.16128054468461,34.070509880727165,34.48756790161133,8537327
2012-09-17,34.872546853415386,36.15580578998372,34.68005854279225,35.94727325439453,12451352
2012-09-18,35.883113996585806,36.86159987044607,35.722707055365184,36.42850112915039,7360355
2012-09-20,36.428497563366484,36.46057894847034,35.45001178528478,35.94727325439453,3039428
2012-09-21,36.1076878572151,37.72780152335059,36.05956224162073,37.615516662597656,12912337
2012-09-24,37.98445127492934,41.19259710365758,37.77592225527588,39.63664627075195,26622829
2012-09-25,40.10182178778843,42.26732226964775,40.10182178778843,41.75401306152344,15813807
2012-09-26,41.28884619468141,41.94651471977804,40.50284857129744,41.41717529296875,6906854
2012-09-27,41.54549472885978,41.609657507784355,39.68477060763236,39.97350311279297,8411166
2012-09-28,40.10182807927314,41.786104533620474,40.10182807927314,40.4547233581543,8543958
2012-10-01,40.67929177762697,40.80762086188637,39.74893152675103,40.26223373413086,4101756
2012-10-03,40.85574421692997,42.026714914003705,40.26223498873832,41.545494079589844,8503470
2012-10-04,41.7860961653769,43.43829089986019,41.7860961653769,42.55604934692383,13276206
2012-10-05,42.9891519521644,44.91403845672346,41.06426544760534,44.70551300048828,16567271
2012-10-08,44.72156173947459,45.44339657335102,42.87687821443561,43.08540725708008,7609406
2012-10-09,43.213726045880136,44.16013046959304,42.39565069916434,42.65230178833008,6126558
2012-10-10,42.668345780216214,44.03180832923668,42.363572588269,43.10144805908203,6841601
2012-10-11,43.213722703934685,44.593225733930524,42.748542640796614,44.35261535644531,12127985
2012-10-12,44.272415378949084,45.1706977246171,43.93556082397892,44.30449676513672,10366489
2012-10-15,44.28845977783203,44.721558527604174,43.63078777354128,44.28845977783203,3872024
2012-10-16,44.27240705338406,44.561139474775736,42.395642781924586,42.60417175292969,3044116
2012-10-17,42.79666908172198,43.27788988577881,40.67929047904327,41.72193908691406,9676511
2012-10-18,42.98916187835741,46.068982409747704,41.304885356417216,42.33149337768555,4769630
2012-10-19,42.66834681731707,42.86083515375184,41.43320979277934,41.6738166809082,3234024
2012-10-22,42.347527457844315,42.347527457844315,40.80761743269387,41.962547302246094,3445762
2012-10-23,42.02670770865408,42.379606459135395,40.903859287530636,41.064266204833984,2999143
2012-10-25,41.25675417284251,41.99462598648663,40.50283813518352,41.016143798828125,5404601
2012-10-29,40.55096823960075,40.74345656015968,39.20354646327394,39.47623825073242,3602456
2012-10-30,39.57248881726479,39.57248881726479,38.22506682280851,38.75440979003906,3651268
2012-10-31,38.69024472664079,40.24619567712287,38.35339013097671,40.08578872680664,3356416
2012-11-01,40.101823857780204,40.101823857780204,39.0270974397779,39.829132080078125,5124926
2012-11-02,40.08578016506461,40.40659399717588,39.07521306150021,39.39603042602539,11270699
2012-11-05,37.75988001737206,38.11277526697034,35.04899580790224,36.10768508911133,49349434
2012-11-06,36.091637269779255,36.412454633519914,34.85650401917127,35.62645721435547,20904203
2012-11-07,36.016967332905416,37.20024390966281,35.90350279796546,36.795013427734375,10805982
2012-11-08,36.47082299076415,36.87605701464209,36.00075566371604,36.64912796020508,4121438
2012-11-09,36.957108492377074,37.070573036134164,36.11422545494062,36.71397018432617,4772646
2012-11-12,36.762591373366824,37.038148073975556,36.00075457274605,36.130428314208984,3615105
2012-11-15,36.27631662242985,36.27631662242985,35.56311093921894,35.87108612060547,3918013
2012-11-16,35.9845481561903,37.11919705184092,35.49827158785131,35.72520065307617,5408974
2012-11-19,35.82245261433642,36.37356600687856,35.25513000436657,36.146636962890625,3330805
2012-11-20,36.58428889662479,36.58428889662479,35.67657264467036,35.95212936401367,3085992
2012-11-21,36.21147186512978,36.21147186512978,35.1092451399326,35.22270965576172,4120257
2012-11-22,35.35238284346993,36.162843658334175,35.2875459782808,36.00075149536133,5344905
2012-11-23,35.984548372623415,37.42717243689888,35.984548372623415,37.135406494140625,9015192
2012-11-26,37.31369838116531,37.799974828331536,37.1516062321099,37.297489166259766,3278137
2012-11-27,37.63789520498209,38.010710841406144,37.34612923958407,37.70273208618164,3024390
2012-11-29,37.91344084446817,38.237628725031385,36.40598022861747,36.600494384765625,6443785
2012-11-30,37.11919192013068,37.313702520575276,36.69775228583404,37.07056427001953,3824008
2012-12-03,37.281287405949755,37.99449657392901,36.69775555266992,37.41096115112305,4922384
2012-12-04,37.508219827313084,38.383521255339375,37.2812907528872,38.18901062011719,19080249
2012-12-05,38.65907520402537,39.33986237826712,38.464564582813445,38.91842269897461,10948478
2012-12-06,39.226397102508436,39.2426063206342,37.9296596524471,39.048095703125,9669373
2012-12-07,39.0480965728187,39.356071724067604,38.28626330393983,38.48077392578125,3664194
2012-12-10,38.41594276456782,38.64287185712883,37.897244126330214,37.994503021240234,2491386
2012-12-11,38.205216235165224,38.57802825083399,37.005730528270036,37.5244255065918,3827761
2012-12-12,37.89723658287582,37.89723658287582,36.60049916921453,36.68154525756836,4714906
2012-12-13,36.73017972347264,37.005736474987266,35.871087458047406,36.04938888549805,4503093
2012-12-14,35.85487313782218,36.47082343595571,35.69278095410283,36.19526672363281,4033048
2012-12-17,35.91971388669081,37.070572084790555,35.91971388669081,36.95710754394531,3853562
2012-12-18,37.28128835724825,38.70770316007815,36.69775648907856,38.3673095703125,7086934
2012-12-19,38.61045669170728,38.772548914434104,37.28129689582022,37.573062896728516,6611774
2012-12-20,37.605464249465044,37.81618761276249,36.90846800852678,37.297489166259766,3719512
2012-12-21,37.1678229417754,37.20024137812354,36.24389393632713,36.64912796020508,6036467
2012-12-24,36.64912528212375,36.940891187936685,36.32493737280572,36.61670684814453,3798114
2012-12-26,36.681542825208446,37.28128383925785,36.665333608612514,36.85984420776367,3238749
2012-12-27,37.18403679879753,37.18403679879753,36.308738908200915,36.51945877075195,5937215
2012-12-28,36.90847690214849,37.58926409222656,36.64912940116637,37.475799560546875,5265993
2012-12-31,37.47580756309242,37.96208780079995,37.41097067400168,37.573062896728516,3014582
2013-01-01,37.88102424299056,38.77253471092901,37.70272286330802,38.626651763916016,5094899
2013-01-02,38.62665842452947,40.004445620090856,38.41593857584175,39.74509811401367,18001931
2013-01-03,40.19895205438858,40.733856229848875,39.79372161843381,39.972023010253906,17348347
2013-01-04,39.97202154902442,40.847319258689076,39.631627995265944,40.23136901855469,12191618
2013-01-07,40.26378909243368,40.44209048499904,39.615420392196036,39.858558654785156,5848926
2013-01-08,39.842348301017424,40.101695773716166,39.19397604974468,39.89097595214844,7012506
2013-01-09,39.90718721692329,40.52313749618866,39.356070239633475,39.615421295166016,6965293
2013-01-10,40.036860932760575,40.117907022082605,38.351098705336284,38.74011993408203,8515371
2013-01-11,38.869787290518694,38.90220572092101,37.45958199849229,37.605464935302734,9429238
2013-01-14,37.88102842854368,39.37228006564033,37.31370579414184,39.048095703125,7070863
2013-01-15,39.2263961285927,39.420906741272574,38.44835367787319,38.96704864501953,3596756
2013-01-16,39.17777301582997,39.80993614982852,37.962081545691305,38.18901062011719,5747079
2013-01-17,38.1079549521681,38.6428590647002,37.15160766629728,38.02690887451172,7049743
2013-01-18,38.270050631346905,38.39972436753733,36.82742674670252,36.94089126586914,8870808
2013-01-21,37.20024584575655,37.443384147567784,36.69776002201333,36.95710754394531,7716468
2013-01-22,37.281290742504794,37.45959215807547,36.19526945995691,36.341156005859375,7415615
2013-01-23,36.48703320912507,36.58428494179512,34.217735685501765,35.07682418823242,16117015
2013-01-24,35.1902961315335,35.57931738292839,34.39604084040933,34.866111755371094,12987582
2013-01-25,34.97957006951116,36.081796752545756,34.363616294760305,35.80624008178711,3494161
2013-01-28,36.114220833430196,36.14663927035508,34.84989822383328,34.995784759521484,6191542
2013-01-29,34.882323847680084,35.46585577284202,34.36362523356512,35.1092529296875,13286989
2013-01-30,32.41851267662481,35.31996999131064,32.353675801191656,34.63917922973633,86635458
2013-01-31,34.68779811246345,35.4334255608737,34.16910324019571,34.67158889770508,22894533
2013-02-01,34.70401531196699,34.91473872183466,34.0880650094304,34.44466781616211,5584003
2013-02-04,34.67159532648792,35.14166621116615,34.2177372290996,34.37982940673828,7200693
2013-02-05,34.62296158020557,34.68779843985097,33.342430032683396,34.00701141357422,7924131
2013-02-06,34.05564572955622,34.28257478276885,33.71525214973727,33.92597198486328,3959742
2013-02-07,33.877342224121094,34.20152656569575,33.48832101423151,33.877342224121094,3970467
2013-02-08,33.9097594336265,33.990805516093175,33.42347936930064,33.585575103759766,3068012
2013-02-11,33.585579314092065,34.15290196247915,33.18034885095844,33.68283462524414,3179462
2013-02-12,33.68282812928491,34.007012437270696,32.80752692819776,33.65040969848633,3881029
2013-02-13,33.84492116606331,34.03943175592825,33.18034331735809,33.40727233886719,3522087
2013-02-14,33.39106276725031,33.56936413939331,31.6242511224186,31.883602142333984,9110807
2013-02-15,31.80255699157715,32.11053570199011,30.830003915092274,31.80255699157715,6513550
2013-02-18,31.608042814479276,32.5481809186665,31.526996733905005,32.40229797363281,4636947
2013-02-19,32.41851254138191,32.72648769840455,31.624257251113047,32.467140197753906,4152473
2013-02-20,32.66165446514676,32.71028212694093,31.86740265584192,32.25642395019531,4285409
2013-02-21,31.94843845927463,32.207789503737175,30.89483934234456,31.137977600097656,5107758
2013-02-22,31.040721770197962,31.608044361993695,31.040721770197962,31.3162784576416,3887936
2013-02-25,31.705306349158356,31.705306349158356,29.906075956429568,30.197845458984375,6034886
2013-02-26,30.100583909141292,30.37614416875794,29.61430739721642,30.165424346923828,8088500
2013-02-27,30.473399260643376,31.04072185397019,30.24647022331265,30.878629684448242,6253017
2013-02-28,31.105560104848262,31.202815410885766,28.544498358238336,29.419797897338867,13543265
2013-03-01,29.419798349984625,30.76516700706227,29.403589132062315,30.554447174072266,5193111
2013-03-04,30.554446773544118,31.073141740258574,30.051957455013458,30.457191467285156,4603970
2013-03-05,30.473403200812317,31.056935086541195,30.197846476995906,30.765169143676758,2280765
2013-03-06,30.943473046593482,31.251448233322222,30.635497859864742,30.74896240234375,4783816
2013-03-07,30.797588146187806,32.24021223742669,30.797588146187806,32.110538482666016,5688609
2013-03-08,32.40230305887697,32.40230305887697,31.62425699373109,31.932235717773438,4008888
2013-03-11,31.932239538234153,32.888583553519574,31.478377791961865,32.25642395019531,4507596
2013-03-12,32.450929278759816,32.56439380434972,31.44595419686603,31.80255699157715,2705526
2013-03-13,32.38608874535719,32.38608874535719,30.97588337436872,31.251440048217773,2416686
2013-03-14,31.44595223092774,32.15916134528766,30.86242042151806,32.02948760986328,2820015
2013-03-15,32.09433090328409,32.353678426057634,31.235238664570154,31.62425994873047,2855261
2013-03-18,31.445948893698805,32.25641322361576,30.878626361424775,32.126739501953125,2906492
2013-03-19,32.094325916456214,32.38609183424175,30.73274806393099,30.894840240478516,2547276
2013-03-20,30.149214536055236,31.251444974734085,29.241498290870734,30.019540786743164,4602163
2013-03-21,30.149211275563804,30.781374304621018,29.760190069698353,30.003328323364258,3339297
2013-03-22,29.192867240279043,30.278888334009377,29.046984289266497,29.7926082611084,6416327
2013-03-25,29.987118085424648,30.60307187659825,29.662933758241557,29.760189056396484,2621768
2013-03-26,30.473398399496414,30.473398399496414,29.338749675380928,29.970909118652344,5249674
2013-03-28,30.003325840427266,31.1217652842594,29.598095451185753,30.408559799194336,5029940
2013-04-01,30.878628411171274,30.878628411171274,29.841234999481753,30.42477035522461,3250860
2013-04-02,30.181628413253044,31.526996928620836,30.181628413253044,31.300067901611328,2698726
2013-04-03,31.12177063483044,31.980862777246337,29.825029596791477,30.035749435424805,5520332
2013-04-04,30.295094105364793,30.522026710728642,29.419796395703912,29.517051696777344,4939694
2013-04-05,29.58188880622929,30.246470271861874,29.338750551556103,29.727771759033203,2142772
2013-04-08,29.727770783158295,29.98711824629608,29.500841752912727,29.646724700927734,1925322
2013-04-09,29.857452419372148,30.149216590442187,29.17666161956801,29.257709503173828,3635382
2013-04-10,29.500842603677132,29.581888688244952,28.268940333483364,28.9659366607666,6062944
2013-04-11,29.063191961637905,29.614307121450427,28.690379972633767,29.24149513244629,3626035
2013-04-12,28.917309678464434,29.90607371781054,28.917309678464434,29.711563110351562,4724423
2013-04-15,29.500841936942308,29.93849078371743,28.560705592440275,28.657960891723633,5938509
2013-04-16,28.382402849599963,29.581886601347257,28.382402849599963,29.354957580566406,5545233
2013-04-17,29.43600806029854,30.003330697069227,29.306334314750956,29.776403427124023,3943425
2013-04-18,29.387380676282,29.98712175496128,29.33875302125395,29.8736572265625,3243226
2013-04-22,29.857447586079616,30.959676136674307,29.66293519558165,30.813793182373047,5126176
2013-04-23,30.554447174072266,30.78137622498458,30.068167066876946,30.554447174072266,2973765
2013-04-25,30.408569906788138,31.040729524130292,30.408569906788138,30.71654510498047,1964017
2013-04-26,30.797583141461487,30.797583141461487,29.209074549492435,29.306331634521484,4313306
2013-04-29,29.30632964761039,30.116790428213946,29.30632964761039,29.857444763183594,1987097
2013-04-30,30.149211563535335,30.278888869588293,29.241495407845854,29.88986587524414,5981640
2013-05-02,29.533257431194198,30.522023111709125,29.533257431194198,30.278884887695312,2173850
2013-05-03,30.473398253316628,30.959674745808147,29.84123524355191,30.63549041748047,3498387
2013-05-06,30.684123311542905,31.60804880520265,30.635495653981863,31.46216583251953,5408446
2013-05-07,31.851187119780498,32.09432538054183,31.54320841995684,31.78635025024414,5277983
2013-05-08,31.964652853869,32.11053581585906,30.635493408433515,31.36490821838379,5091296
2013-05-09,31.235232457396528,31.608044447297004,30.73274673187849,30.878629684448242,2159484
2013-05-10,30.992096329584285,31.202816164421005,30.1492134207113,30.21405029296875,4013893
2013-05-13,30.214047897366864,30.700327970267843,29.662934526875024,29.7926082611084,1771283
2013-05-14,29.776401624312147,30.732747224586728,29.776401624312147,30.538236618041992,3798582
2013-05-15,30.732745334087554,31.445950847546012,30.65169925301273,31.300067901611328,3044078
2013-05-16,30.878631511142316,31.73772006042993,30.878631511142316,31.47837257385254,1946190
2013-05-17,31.73771887526533,34.97957304500214,31.073140965727735,34.29878234863281,12749445
2013-05-20,34.34741063150188,34.96336090043691,32.49955625517078,32.96962356567383,17000198
2013-05-21,33.39106276575529,35.56310123219824,33.180342962323,34.07184982299805,19544917
2013-05-22,34.52571687329459,35.75762115367653,34.266369355219766,35.12546157836914,15563088
2013-05-23,34.785055552462396,34.914732848075225,31.154184082968783,31.54320526123047,19274010
2013-05-24,31.543206304678865,32.515762852030825,30.684117840932352,31.186603546142578,11301093
2013-05-27,29.82502840707588,31.073141740258574,29.533262488299,30.457191467285156,31739800
2013-05-28,30.47339520371242,31.44594809136789,30.278884626181327,31.105554580688477,10711617
2013-05-29,31.00830861720422,31.818773170177494,30.830007200845923,31.21902847290039,10670838
2013-05-30,30.797581997172276,31.672883236571415,30.797581997172276,31.251440048217773,5955429
2013-05-31,30.797582329752224,31.25144038569889,30.019536378603657,30.42477035522461,8894240
2013-06-03,30.246469900451036,31.073139956188793,29.500842359083308,29.7926082611084,7121646
2013-06-04,29.792610480335217,30.262677801946122,29.273915504764563,29.403589248657227,3357533
2013-06-05,29.46842416923142,29.72777163984299,29.04698452948761,29.24149513244629,5859854
2013-06-06,29.176657155076406,30.084375107981266,28.852472809311443,29.711563110351562,3142372
2013-06-07,29.273913198246362,29.727771266110796,28.852471779037913,29.030773162841797,4062809
2013-06-10,29.50084331504244,29.630517053477824,28.3661945342069,28.674171447753906,4079285
2013-06-11,28.52828965385544,29.176658372437775,28.36619568944681,28.80384635925293,4469042
2013-06-12,28.690380225086713,29.0794032191901,27.798871502251917,28.139265060424805,6368101
2013-06-13,27.879920797605966,28.382408368956387,27.442270101944224,27.555734634399414,2978938
2013-06-14,27.750243735768862,28.366193981331666,27.377429960270543,27.65298843383789,5525244
2013-06-17,27.71782916708288,28.917313176264198,27.52331675133297,28.739011764526367,4727387
2013-06-18,28.755217638437617,28.755217638437617,27.879918116065166,27.96096420288086,4008946
2013-06-19,27.71782513889515,27.766452789574853,27.296383714908146,27.490894317626953,3399600
2013-06-20,27.118083183953935,27.296384575400285,26.615597444423308,27.085664749145508,4672130
2013-06-21,26.87494461943224,27.523313308279736,25.999643319962203,26.27520179748535,2723976
2013-06-24,26.258992679618874,26.258992679618874,23.746558646539796,24.086952209472656,5524500
2013-06-25,24.151789020702925,27.345011956755492,23.227861853051433,26.437294006347656,15131755
2013-06-26,26.63180366248253,26.9073621305499,24.719112526490395,25.480947494506836,20566964
2013-06-27,25.934806456906344,26.453503192863877,24.99467007310322,25.999643325805664,9823755
2013-06-28,26.437292675112705,28.94972657565646,26.323828160120538,28.33377456665039,30446468
2013-07-01,28.85247174051583,29.371168459288416,28.349986023193956,29.14423942565918,11821448
2013-07-02,29.176657753103225,31.056932351368438,29.01456557689838,30.570655822753906,18887030
2013-07-03,30.246470568439694,30.246470568439694,29.144240233587603,29.3387508392334,7877429
2013-07-04,29.614309012035097,30.08437633252779,28.382406663222245,28.641754150390625,9240574
2013-07-05,29.419794620531835,29.565677563339495,28.074426134002223,28.252727508544922,6961630
2013-07-08,28.042009158802806,29.273913198246362,27.7826616914517,29.030773162841797,5663821
2013-07-09,29.209077787516915,29.64672847199401,28.73901045078707,28.8848934173584,6371386
2013-07-10,29.0145653490788,29.225286961253538,28.36619486458736,28.447242736816406,2231033
2013-07-11,28.852471779037913,29.776400701002036,28.77142569549069,29.030773162841797,5071859
2013-07-12,29.209075690956563,29.403588083853123,28.560706997177952,28.998355865478516,2841917
2013-07-15,28.398616199082944,29.014568311476904,27.669201337414915,28.852476119995117,5407774
2013-07-16,29.176658045872987,30.133003679840915,29.176658045872987,29.468425750732422,8906868
2013-07-17,29.50084509987876,30.051958521572157,28.52829021800969,28.78763771057129,5777147
2013-07-18,28.901102635866327,29.241498009295867,28.560709047199886,28.8848934173584,3407690
2013-07-19,28.852473174146688,29.160450091280694,28.236522909404663,28.447242736816406,2273422
2013-07-22,28.52828597493243,29.565677575648273,28.447239895561097,29.128026962280273,4634832
2013-07-23,29.24149570099303,29.80881830398639,29.06319252671787,29.22528648376465,5536028
2013-07-24,29.0145665385742,29.33875268649191,28.05822088250493,28.57691764831543,3116103
2013-07-25,28.660537399032897,29.333937123865734,28.578415701912995,28.69338607788086,4704579
2013-07-26,28.939748289300454,29.038294309879372,27.806465435744254,28.184226989746094,5375518
2013-07-29,28.28277951032383,29.15327136727825,28.036414402256465,29.087574005126953,6794478
2013-07-30,29.202541142394985,29.366784529514003,27.888590428543733,28.03641128540039,5706531
2013-07-31,27.954285611071732,27.987136094392273,26.771731507261183,27.658647537231445,7618472
2013-08-01,27.592950180407886,28.003560424641197,26.935974874704225,27.46155548095703,5856422
2013-08-02,27.510826120687067,27.79004164138967,26.27899730267081,27.100215911865234,8774486
2013-08-05,27.26446265611962,27.477979036652815,25.999785092985853,26.738882064819336,12742503
2013-08-06,26.607489050214106,28.085683087275942,24.702260416655747,27.560102462768555,46549926
2013-08-07,27.757195628565075,28.98902464485015,27.133068951093296,28.841205596923828,8021755
2013-08-08,28.594841980542487,30.040187564770495,28.578417640004663,29.087574005126953,5329587
2013-08-12,28.92332860904476,29.7938204060859,28.92332860904476,29.49818229675293,3310280
2013-08-13,29.498179973523346,30.04018313127982,29.10399405034189,29.333934783935547,4519248
2013-08-14,29.399633247935114,29.859516540959213,29.23538986058706,29.416057586669922,5654183
2013-08-16,29.399635976556837,29.547456847339095,27.62580361166686,27.757198333740234,6219644
2013-08-19,27.74076927059371,27.92143698268578,26.673185527054784,27.248037338256836,4748155
2013-08-20,26.935975964809728,28.217077953200842,26.673186555272874,27.74077033996582,3819638
2013-08-21,28.003562776728455,28.249927858891603,26.673187716148348,27.018098831176758,4394732
2013-08-22,26.90312886421075,27.510831217804544,26.377550014356288,27.182344436645508,5108173
2013-08-23,27.313739385722876,27.707923526528464,26.508944956461878,26.952402114868164,3647277
2013-08-26,27.182341463013273,27.379433510147663,26.41039580328752,26.886701583862305,5765157
2013-08-27,26.607489491501465,26.87027890388881,25.638451724873637,26.31184959411621,6996645
2013-08-28,26.114757221139566,26.114757221139566,24.73511101422859,25.753421783447266,11372529
2013-08-29,26.114756085571795,27.69149608929273,25.34281042107406,27.06736946105957,10723745
2013-08-30,27.100222322253103,27.44513526860232,26.344700878404428,26.64034080505371,2540880
2013-09-02,26.706037556805928,28.841207120554206,26.44324812438754,28.479869842529297,6839699
2013-09-03,28.496289736875855,28.84120262157113,26.541790021250232,26.738882064819336,5939014
2013-09-04,26.9523993676468,27.872164077559066,26.755307317333333,27.445131301879883,3590674
2013-09-05,27.47798045623455,28.0528340881255,27.198766713420103,27.59295082092285,2635228
2013-09-06,27.74077297003116,29.646001795153957,27.363013158007032,28.85763168334961,4817036
2013-09-10,29.366785209453507,30.38509604161829,29.169693140347338,29.350360870361328,9089468
2013-09-11,29.399630709047702,29.76096793845868,29.25181167319978,29.481752395629883,3284542
2013-09-12,29.66242498401197,30.20442817154056,28.49629329697556,28.97260093688965,4232975
2013-09-13,28.97260190616135,30.483642954636093,28.79193417094096,29.85951805114746,6116753
2013-09-16,29.958064982850185,30.38509782430074,28.742660201822304,29.563879013061523,3470048
2013-09-17,29.448905089707488,29.728120645513517,29.00544796155295,29.547452926635742,2003373
2013-09-18,29.62957461703473,30.007334392870074,29.268237370829713,29.547452926635742,2807898
2013-09-19,29.87594003131456,31.025647327002094,29.629574957288444,30.713584899902344,7454241
2013-09-20,30.730011023925435,32.53669578488212,30.00734001306245,30.53291893005371,15330400
2013-09-23,30.204430802583175,30.697161015984374,28.759087034823263,29.1039981842041,6357955
2013-09-24,29.103995584264258,29.481755380792187,28.315625504799872,28.381322860717773,3886257
2013-09-25,28.23350325811053,29.03829766082559,27.855741660515957,28.841205596923828,10420205
2013-09-26,28.594842583054948,29.39963709481563,28.447023515099886,29.218969345092773,4467310
2013-09-27,29.186119056110925,29.925216163635604,29.186119056110925,29.383211135864258,4448511
2013-09-30,29.333935512181593,29.383208527746348,28.10210831461326,28.2663516998291,4389946
2013-10-01,28.299199893582088,28.939750893434145,28.184229525894448,28.709808349609375,2359527
2013-10-03,28.906905303908843,30.253704800401497,28.906905303908843,29.974489212036133,5848355
2013-10-04,29.76097167797256,30.844978077064482,29.646001302311298,30.089458465576172,5301357
2013-10-07,30.28655107554195,30.992799447699962,29.958062493274518,30.828556060791016,4236277
2013-10-08,30.877829054376992,31.354134876066073,30.253702376127972,30.417943954467773,5780328
2013-10-09,30.023760293777865,31.40340838119468,29.9909116159084,31.1734676361084,6491882
2013-10-10,31.485528470650387,31.945409937376937,30.87782796104744,31.14061737060547,6644766
2013-10-11,31.370557628356984,31.994682466594895,31.074919547086395,31.584074020385742,4708674
2013-10-14,31.534805383128937,32.5859667681997,31.51838104300126,32.109657287597656,6924733
2013-10-15,32.4381407783627,32.766627510752485,31.354130944577776,31.83043670654297,5537985
2013-10-17,31.83043461292822,31.945404961702586,31.22273419797799,31.64976692199707,4773324
2013-10-18,31.27200958590828,32.32317075735938,31.27200958590828,31.994680404663086,6485497
2013-10-21,32.02752821448962,33.062265021244926,31.928982196408025,32.50383758544922,5845993
2013-10-22,32.602386148048495,33.226510977942986,31.797589987338338,32.241050720214844,7407265
2013-10-23,32.02753071414157,32.5859618104197,31.5512249229063,32.241050720214844,3346106
2013-10-24,31.9618312413878,32.68450566596898,31.567647164470028,31.846860885620117,2602972
2013-10-25,31.5347997339139,31.830437803250827,31.37055636206005,31.518375396728516,1417049
2013-10-28,31.501955387129218,31.79759349707948,30.97637652499542,31.074922561645508,2037343
2013-10-29,30.959950869857224,32.47099365117676,30.87782917613872,32.191776275634766,3090157
2013-10-30,32.29032313277216,33.341480721472806,32.04395445602167,33.095115661621094,5271076
2013-10-31,33.37433867427743,35.11532253145994,33.34148999049851,34.688289642333984,17035192
2013-11-01,34.81967935038733,36.13363012874333,34.491192560023144,36.002235412597656,6962187
2013-11-05,35.16458813170993,37.447578406064004,34.98392040907599,36.839874267578125,6572825
2013-11-06,36.938427513335455,37.20121695367517,35.90369047509848,36.08435821533203,4377990
2013-11-07,35.96938514599316,36.28144758306575,35.000345540289715,35.164588928222656,3989596
2013-11-08,34.573314309338855,35.95296244783176,34.573314309338855,35.00034713745117,7992813
2013-11-11,34.45834301279933,35.410958297753325,32.684510772625664,34.704708099365234,15717788
2013-11-12,34.81967493524521,35.082464334214805,33.71924071016122,33.883487701416016,3320253
2013-11-13,33.51957201259374,34.9314473710414,33.51957201259374,34.134151458740234,2872559
2013-11-14,34.300266108929534,35.0477277813937,33.569411038011715,34.18399429321289,3907567
2013-11-18,34.383317765335235,36.16061919628393,34.383317765335235,35.96129608154297,6345622
2013-11-19,35.911455812037396,36.426373722367025,35.446365009382724,35.81179428100586,6592663
2013-11-20,35.62908543868539,37.05757134691889,35.346711040352105,36.22705841064453,9559972
2013-11-21,36.011124272502975,36.84163719091045,35.56264363872142,36.06095504760742,4782491
2013-11-22,36.22705899867347,36.476212883599985,35.47959368605226,35.86163330078125,2742016
2013-11-25,36.16061733579363,39.76505079092552,35.894853196479446,39.49928665161133,18061645
2013-11-26,39.69861389074687,40.13048066211178,38.61894330449262,39.731834411621094,12152805
2013-11-27,39.76504197662327,40.44606609050197,39.08402152058537,39.81487274169922,10359002
2013-11-28,39.897932577554776,42.273206871508826,39.86471206037616,41.52574157714844,20875111
2013-11-29,41.67523221574083,42.090488663647,41.06065267283969,41.49251937866211,8498352
2013-12-02,41.37624475070609,41.72506014315231,40.711834479379945,41.06064987182617,6259918
2013-12-03,41.06065144947321,42.43930647328731,40.695225786203316,41.39285659790039,9553729
2013-12-04,41.39285646583017,41.77489238530248,40.23013479220358,40.56234359741211,6503860
2013-12-05,41.44268825678947,42.68846124788477,41.16031387458525,42.2732048034668,10594446
2013-12-06,42.52236088498336,43.618641613190256,42.35625829856437,43.070499420166016,11324536
2013-12-09,43.88440559604615,45.0139031796952,43.85118507888001,44.797969818115234,12817437
2013-12-10,44.88101880655001,45.18000344569355,43.50236741494369,44.71491622924805,8926528
2013-12-11,43.352872457597314,44.183389021490086,42.72168264899833,43.26982116699219,8984146
2013-12-12,43.10371729609109,43.85118254701408,42.55557879449789,42.75490188598633,6033419
2013-12-13,42.19015261196693,42.6054090475009,40.911159132680986,41.39285659790039,6093846
2013-12-16,41.06065093714575,42.25659311440273,40.42945750516841,41.04404067993164,7626626
2013-12-17,41.84133086061595,42.60540631075969,41.1104795810221,41.791500091552734,4869199
2013-12-18,41.79150584689823,43.319653299794496,41.675234036404945,43.070499420166016,6150971
2013-12-19,43.60203062732776,44.51559857187736,42.605415041828365,42.78812789916992,8006587
2013-12-20,42.55558051885141,43.5355894162209,42.073883028235954,43.31964874267578,7240529
2013-12-23,43.51897456454287,44.9640706631651,43.41931301690281,44.349491119384766,6629687
2013-12-24,44.81457681314421,45.09695118849298,43.08710638846335,44.43254089355469,5551326
2013-12-26,44.69830957875869,45.44577489478083,43.5521980450403,43.76813507080078,8415224
2013-12-27,43.85118226214658,44.29965921508215,42.754901608240516,42.93761444091797,4733515
2013-12-30,43.186767033381855,43.934232257463506,42.455915724169,43.55219268798828,6930647
2013-12-31,43.9508440927583,43.9508440927583,42.588799309745966,42.75490188598633,4878274
2014-01-01,42.87117570414323,43.38609371468763,42.60541156966871,43.020668029785156,2446177
2014-01-02,43.08710663097963,44.249828311507336,41.525738771245166,42.10710144042969,6079097
2014-01-03,41.99082952291062,42.28981415649508,40.52912321198973,41.39285659790039,5333232
2014-01-06,41.70845199783067,43.05388652321898,40.72844679801253,42.75490188598633,6802768
2014-01-07,42.95422760967272,43.58541743806487,42.38947881584817,43.070499420166016,9504634
2014-01-08,43.08710520236567,43.28642828536021,41.8579425327248,42.0074348449707,2986619
2014-01-09,42.090487865279535,42.339645387138674,40.911159575595356,41.326416015625,6833309
2014-01-10,41.42607767576556,41.990830093608636,39.781658510860396,40.01420211791992,5370669
2014-01-13,39.86470899598058,40.01420131179289,38.303341150766315,38.834869384765625,4302199
2014-01-14,38.60232793821685,39.698608639905764,38.41961509757562,39.10063934326172,6156178
2014-01-15,39.36640360544222,39.49928567180308,38.087410058877445,38.91792297363281,5712246
2014-01-16,39.017586828824875,39.13385863286044,37.87147538834725,37.98774719238281,3275738
2014-01-17,37.75520464407542,38.635548327912474,37.688763611333,37.97113800048828,2902973
2014-01-20,38.03757581915645,38.95114360001215,37.20706298005234,38.735206604003906,3611240
2014-01-21,38.96775555037937,39.482673533002874,38.58571596994641,38.768428802490234,4542005
2014-01-22,39.1172510976584,39.1172510976584,38.40300630817364,38.71860122680664,2086614
2014-01-23,38.78504074275192,39.66538808649982,38.70198945162867,38.80165100097656,4396729
2014-01-24,38.70198577362347,38.83486782679235,36.941294911294676,37.19044876098633,3755416
2014-01-27,36.85824152172344,37.024344078692266,34.33347899795639,34.89822769165039,6069546
2014-01-28,35.04772159651261,35.49619852084826,33.88499998669018,34.51619338989258,8289700
2014-01-29,34.898231837779385,35.097554929822806,33.71889988534777,34.001277923583984,7053573
2014-01-30,34.250427766993205,37.17384040159403,34.117549364883715,36.625701904296875,26057702
2014-01-31,37.207064701072476,38.66876736550706,37.07417898282799,38.469444274902344,16044113
2014-02-03,38.53588274760062,38.585713516944686,37.20706223175875,37.25688934326172,8655280
2014-02-04,37.22485943286719,38.60107210217764,36.90598174390391,38.265411376953125,6972875
2014-02-05,38.51715841357184,39.60805950871842,38.13114856460417,39.45701217651367,11637524
2014-02-06,39.82623727599318,40.56469086835086,39.08777998774556,39.79267120361328,11163206
2014-02-07,40.24581097389601,40.24581097389601,39.07099480912985,39.809452056884766,5361444
2014-02-10,40.01085234078482,40.02763537767389,39.339530865222194,39.69197463989258,4999598
2014-02-11,39.84301919203833,40.396859370735946,39.42344329908558,39.9772834777832,6560515
2014-02-12,40.11154703847232,42.444392657010916,39.87658454266596,42.12551498413086,17718503
2014-02-13,42.22621831353212,42.66258098308293,41.01783961724125,41.35350036621094,8851876
2014-02-14,41.33671072657675,41.68915445670358,40.31294190984253,40.81643295288086,6831652
2014-02-17,40.850002528274224,41.017836586247256,39.138129139136694,39.557708740234375,13408493
2014-02-18,39.75910395106761,41.50454335890234,39.54092448707449,41.152099609375,7162108
2014-02-19,41.43741064286779,41.554891891084935,39.97728286199347,40.48077392578125,6041830
2014-02-20,40.111543466393734,41.454189875895146,39.77588278799074,40.83321762084961,6831337
2014-02-21,40.98427415539462,41.31993490938519,40.49756236621804,41.0849723815918,6981485
2014-02-24,40.68216655320986,42.511524639296134,40.6486004854244,42.24299240112305,8250863
2014-02-25,42.57865900915596,42.880753635077305,41.48775805299482,41.8737678527832,8582546
2014-02-26,41.890550852663,42.51152683465146,41.55489015747443,42.22621154785156,7361163
2014-02-28,42.44439531847968,43.45138120239672,42.15908369853868,43.132503509521484,7502092
2014-03-03,43.21642041078842,43.719911524828284,42.31013270962654,42.796844482421875,5210540
2014-03-04,42.88075308704073,44.64297541161615,42.81362094880508,44.49192810058594,7412472
2014-03-05,44.52550050990191,45.70031679220307,44.27375495567097,45.38143539428711,11940602
2014-03-06,45.717095984825605,47.244352218733816,45.482129791411474,47.02617645263672,10850069
2014-03-07,47.46253778782137,49.34224155939935,47.412188678651155,48.7380485534668,12881114
2014-03-10,48.67091151655103,51.67508212023902,48.57021330833063,51.154808044433594,16864972
2014-03-11,51.3562055879242,51.65830021921511,48.51986526902464,48.855525970458984,11118539
2014-03-12,48.97301418325055,49.828949029084605,48.16742475010502,48.889095306396484,9313785
2014-03-13,48.503081282472685,49.42615188919902,47.21078391141165,47.512882232666016,7146169
2014-03-14,49.34224244815696,50.01356391585173,46.858345625906225,49.728248596191406,23711138
2014-03-18,50.28208542543631,53.52121844291702,50.231736322446125,51.80934524536133,31747732
2014-03-19,52.48067690147585,52.833120666643495,51.45690798295603,51.99396514892578,14450442
2014-03-20,52.01074515051912,52.68207026469926,49.9296450579292,50.31565856933594,12222881
2014-03-21,50.68488896638593,51.77578634895673,50.68488896638593,51.37299346923828,7425539
2014-03-24,51.49047462691943,52.01074876222308,50.4834887336675,51.842918395996094,8178556
2014-03-25,51.87648914780312,53.15199995528959,51.842919378031795,52.83312225341797,10494712
2014-03-26,53.31982634677657,54.83030325463275,53.16877902557994,53.655487060546875,13309766
2014-03-27,53.84009891912682,54.9142168684782,52.8331168065065,53.756187438964844,12006920
2014-03-28,54.07506826032101,54.96456917832329,53.1184315016739,54.49464416503906,6248913
2014-03-31,54.54499051488177,55.23309865970685,52.6149377549051,53.8400993347168,12217013
2014-04-01,54.007936988812496,54.209333426333515,52.1450162458531,52.816341400146484,8510051
2014-04-02,53.034513700766546,54.17576380111058,52.78276817037222,53.370174407958984,9501866
2014-04-03,53.65548774755307,53.840101142490525,51.5240384919307,52.094661712646484,7971756
2014-04-04,52.53102001261168,53.2694735315009,52.1617895572775,52.715633392333984,5600727
2014-04-07,52.98416212139942,53.0512942597042,50.09747278251496,50.71845245361328,7580620
2014-04-09,51.02054461196634,55.921201914208076,51.02054461196634,55.43449020385742,17592826
2014-04-10,55.71981581453835,60.184115034115436,55.3841550527409,58.75755310058594,32456125
2014-04-11,58.50579979490719,59.61348016240599,57.7505594848136,58.875022888183594,15470059
2014-04-15,59.07642620062269,60.88899786835666,57.851260820060354,59.848445892333984,14562743
2014-04-16,61.426052915953434,63.10436392719057,58.84146164609931,59.2778205871582,37572629
2014-04-17,59.57992572867141,64.37988601309975,58.606509458000495,63.38969039916992,30128285
2014-04-21,63.775686807413294,64.66519144159437,62.1477285640849,62.466609954833984,17222105
2014-04-22,62.56730199831581,63.70854837252869,61.358916092664046,62.95330810546875,16380457
2014-04-23,62.78548118358365,63.3057589902354,61.107173904590894,61.92954635620117,18441617
2014-04-24,61.92954635620117,61.92954635620117,61.92954635620117,61.92954635620117,0
2014-04-25,61.82884781665961,62.03024054968494,58.48901261614693,59.02607345581055,13051805
2014-04-28,59.244248473815865,60.51976279043306,57.54915829511721,59.88200378417969,12976551
2014-04-29,60.04983978396207,60.15054169623437,57.76734318340452,58.13656997680664,8383020
2014-04-30,58.40509608699073,58.875024772816936,53.118428862536334,55.249881744384766,14168478
2014-05-02,55.75336961883836,56.69321954500075,54.98134634074401,55.333797454833984,6785158
2014-05-05,55.434495054884756,57.06245317789473,54.56177352177591,55.83728790283203,6011890
2014-05-06,56.27364731060902,57.39811438345951,54.779953457263964,57.09601974487305,11420515
2014-05-07,57.33098447602584,58.50580070109586,56.206517359349256,56.844276428222656,12047015
2014-05-08,57.19672190314632,57.61629781901417,55.38415025070718,56.50861740112305,8961543
2014-05-09,56.07225235252724,58.94215888599548,56.07225235252724,58.64006423950195,10034824
2014-05-12,58.757546944412724,60.25124087380371,57.884825359286204,59.59669876098633,9211485
2014-05-13,60.083405808038165,61.42605238795291,58.3883191669568,59.07642364501953,11671000
2014-05-14,59.277814708554864,61.07360309917506,58.69040849999812,60.70438003540039,10993362
2014-05-15,61.05682401707985,61.56031508557848,57.46524700334334,58.35475158691406,11194671
2014-05-16,59.91557932126848,62.03024186988442,57.14637097296777,57.43168258666992,13919265
2014-05-19,58.32118810369182,66.46098343012586,58.06944254231781,65.40364837646484,23116700
2014-05-20,66.4274027715168,67.04837132401902,63.44001537396215,64.16168212890625,19100644
2014-05-21,64.37986700275655,65.68894366986808,62.11415369071251,62.65121078491211,13637073
2014-05-22,63.10436773196128,65.38686079204221,63.10436773196128,63.943519592285156,11280617
2014-05-23,64.5141405716453,67.19943382132523,64.44700842519781,65.48756408691406,18522901
2014-05-26,66.22601324849487,69.81759023391876,62.097371735793196,64.9337158203125,28629527
2014-05-27,65.11832752129874,65.3029446132048,60.75473076913679,62.13094711303711,13292182
2014-05-28,62.16449759380345,64.24560117526929,61.30856287062572,62.634429931640625,15527435
2014-05-29,63.00365882541874,63.37288558135279,59.445644453294754,60.03305435180664,13652065
2014-05-30,61.74493196869244,62.3155551777671,60.45263453460415,61.29179000854492,12873691
2014-06-02,61.744928086689946,63.70854681976316,60.85542356199069,63.17148971557617,12016425
2014-06-03,63.77568460105318,66.69594025525127,63.104363161416785,66.209228515625,18780042
2014-06-04,66.46097730812292,71.81477684118616,66.46097730812292,71.02597045898438,26763379
2014-06-05,71.47912852135427,72.06653857489208,69.48194320946294,70.05256652832031,15334661
2014-06-06,71.02597174481315,71.57981563473585,70.069334986503,70.60639953613281,12878742
2014-06-09,70.8245752674492,72.40218805945169,70.17003316082861,70.84136199951172,17583422
2014-06-10,70.99240321773756,72.03295881687234,67.40082620702239,71.56302642822266,15601289
2014-06-11,72.16722092262452,73.67769408124147,69.76723581626408,70.40499114990234,23761705
2014-06-12,70.38821421933342,70.77422773563434,68.81060147456927,69.6833267211914,10541503
2014-06-13,70.17002901987172,71.42876035442349,65.97426283255211,66.52810668945312,10656247
2014-06-16,66.62879844314354,67.82039752148154,63.38966187924182,67.51830291748047,14835448
2014-06-17,67.78684430893861,68.76026043975531,65.45399111465602,68.23998260498047,16403280
2014-06-18,68.30711388855093,69.8175945676787,65.82322448269018,66.54489135742188,10688398
2014-06-19,68.13927911741577,69.48192934446715,64.86658351055091,65.2861557006836,16187178
2014-06-20,64.66519045131788,66.29314866971588,63.27219474132311,64.61483764648438,9316412
2014-06-23,64.66519943278377,65.72252717156245,62.97010883369352,63.84282684326172,9752805
2014-06-24,63.55749513143605,67.26655680510292,63.55749513143605,66.61201477050781,9674814
2014-06-25,67.09872867194413,67.35047789101253,65.68894635036378,66.47775268554688,8786929
2014-06-26,68.13927929567822,68.35746245287046,65.1183255166338,65.75608825683594,17994602
2014-06-27,65.7896609113032,66.61202603646201,64.69875979973587,65.58826446533203,6502247
2014-06-30,65.87355492785821,67.71969591800706,65.85677559103492,67.36724853515625,6862081
2014-07-01,67.80362364978677,68.79382651323175,67.50152898849883,68.23998260498047,9870974
2014-07-02,68.81060693296529,70.08612513684895,68.40781404493262,69.34767150878906,10960765
2014-07-03,69.85115708519413,70.3210820840046,68.47494076832669,68.86095428466797,7247751
2014-07-04,69.04557664388254,70.05255886106364,67.4679637785186,69.70011138916016,7333965
2014-07-07,69.81758657212413,70.89170078678539,69.26374273429983,70.4217758178711,10965306
2014-07-08,70.65673250796075,71.99937516618085,65.52110955671178,66.41061401367188,18584653
2014-07-09,66.51132365947515,67.43439434174897,61.74493401073122,62.802268981933594,13966187
2014-07-10,62.886168477241924,68.6595465840231,59.98269639093498,64.24559783935547,17729099
2014-07-11,64.44700276348415,65.45398487173253,55.95476850447434,57.63307571411133,21284686
2014-07-14,57.24706213738466,59.91557194035469,56.7267843864831,59.395294189453125,13611522
2014-07-15,59.932359279603396,62.26520501747118,59.27782086494775,61.94633102416992,15356254
2014-07-16,62.33233707379119,62.68478453091685,60.92256202884834,62.416255950927734,10346192
2014-07-17,66.79664435740229,73.4259552456647,66.62881398270376,70.74066925048828,83762976
2014-07-18,70.48890587812716,73.44272727313998,69.66653351088279,70.67352294921875,42716704
2014-07-21,71.16023704732838,71.59659599429357,69.41480125946764,69.8343734741211,11651350
2014-07-22,70.15325064599153,71.4623274082149,68.35746216089792,69.51549530029297,13781001
2014-07-23,69.81759104274497,70.30429538153884,67.63578901272804,69.4483642578125,9835214
2014-07-24,69.48193143251692,69.51549750440743,67.61901074670355,67.97145080566406,8054276
2014-07-25,68.30711540521634,68.5085118480011,63.84282019837388,64.83302307128906,14677948
2014-07-28,64.69875013394625,66.20922325307012,63.67498132398379,64.19525909423828,11091618
2014-07-30,64.2305789928739,66.69579221763217,63.35256049300871,66.02039337158203,12932311
2014-07-31,65.53072223944324,66.99971837507569,65.26056271442347,65.66580200195312,17443004
2014-08-01,64.85531972523845,65.83464794753938,64.33188195705071,64.68647003173828,9135192
2014-08-04,64.8384291946363,69.12722616098803,64.53449975497465,68.6882095336914,17160506
2014-08-05,69.0259151884263,69.31296340365962,65.27744432169948,65.7164535522461,28811088
2014-08-06,65.07481833260418,68.02969902052831,64.90596864500917,66.39185333251953,21219558
2014-08-07,66.02040005423915,68.1816765803664,66.02040005423915,67.06726837158203,10291180
2014-08-08,65.51382541446914,66.0203818976456,64.28121901630942,65.32809448242188,8274327
2014-08-11,65.85153045842006,67.69199587112072,65.85153045842006,67.08413696289062,8174671
2014-08-12,67.54003996678556,67.92839801695364,66.22301223275171,67.64134979248047,7923100
2014-08-13,66.9659529663199,67.7088917104021,62.32257466079305,64.45008850097656,16812824
2014-08-14,65.2099020159359,67.03348618862914,64.95663118760397,66.84774780273438,10258474
2014-08-18,66.40874413986332,69.43116513778384,66.40874413986332,68.89083862304688,10926804
2014-08-19,69.54934184869167,70.71440833839397,67.45559841710033,70.376708984375,13490521
2014-08-20,70.37672079862618,70.37672079862618,68.29986570442772,69.16099548339844,10790470
2014-08-21,69.29606923386552,70.15720637477797,67.45560388688709,68.2154312133789,9014756
2014-08-22,68.55313747117332,69.05968659408708,67.57380916687336,68.40117645263672,4762113
2014-08-25,68.28297036051802,68.62066973831406,66.4087350954129,66.72955322265625,5911801
2014-08-26,66.18923275544228,66.83086155907515,64.77088796336919,66.57758331298828,5719883
2014-08-27,66.71267518461426,67.48938387752929,65.51383848373376,65.93596649169922,7017335
2014-08-28,66.03727226068366,66.39186036050563,65.2605636155272,65.7671127319336,19917837
2014-09-01,66.18923892844832,69.5493516949738,66.18923892844832,68.9583740234375,17981755
2014-09-02,69.02590669659399,69.4818045597974,67.69199048031453,68.4349365234375,13350525
2014-09-03,69.05968611759184,71.55866921006579,68.55313699817313,71.17031860351562,23252165
2014-09-04,71.20408342240364,72.41980122155005,69.93770699662223,70.61310577392578,20770439
2014-09-05,70.57933981755076,73.99011127206346,69.9545921949559,73.60175323486328,29681986
2014-09-08,74.37845982531512,76.9618636832008,74.12518158349297,76.45531463623047,29314780
2014-09-09,76.6241665607524,77.56972480943288,75.79679937481988,76.42154693603516,13500133
2014-09-10,75.98253460961716,78.008730773069,75.64483524904185,76.35400390625,12298808
2014-09-11,76.57351044559003,77.24891665345511,72.26783212423794,75.86434173583984,9950965
2014-09-12,75.94877594821567,77.21515245670462,74.14208038259545,74.80059051513672,10941268
2014-09-15,74.59796539838587,75.02009334915219,72.50422920553743,74.1927261352539,8667323
2014-09-16,74.22650132375186,75.15517841911677,69.41427357868827,69.97148132324219,11186791
2014-09-17,70.61310488552726,73.02765920234671,68.89083058839701,72.75749969482422,10999544
2014-09-18,73.04454551179094,74.58108137913726,72.36913932829954,73.8887939453125,7188698
2014-09-19,74.1589574042813,74.53042673486802,71.187195322913,71.52489471435547,9128195
2014-09-22,70.81572970776828,73.04455324490135,70.17410083036367,72.2171859741211,8038860
2014-09-23,71.93012775866978,72.90946334576785,69.6000021593847,70.00524139404297,7772213
2014-09-24,69.29605718289696,70.57932204573228,67.57379063725811,69.66753387451172,10815403
2014-09-25,70.2416318342488,70.3091717075444,66.23988318647368,66.76332092285156,13692365
2014-09-26,66.08792975771829,68.06348265515183,64.39943254197469,67.62446594238281,14448211
2014-09-29,67.57379318250777,68.68820098930844,66.695774910483,67.20232391357422,5966625
2014-09-30,66.52693161568783,69.88704404307587,65.91906531707491,67.9114990234375,14527053
2014-10-01,67.87774128064424,68.84018836995116,67.26988230950579,67.55693054199219,5390213
2014-10-07,67.30365106446848,67.7426603136535,65.20990720860313,65.73334503173828,5154038
2014-10-08,65.51383087586593,68.68821260191329,65.17613148337946,68.1816635131836,12966821
2014-10-09,68.60378723882882,71.23784977435902,68.48558874041488,70.78195190429688,13496072
2014-10-10,70.30918417227352,70.7988446221388,67.8777408659008,68.3674087524414,15510731
2014-10-13,67.62445252903758,70.07278416125149,67.03348233908442,69.2116470336914,8952462
2014-10-14,69.87016863597142,71.15342634071135,69.00903145787441,69.38050079345703,14186994
2014-10-15,69.38050079345703,69.38050079345703,69.38050079345703,69.38050079345703,0
2014-10-16,69.63378884112056,69.92082964969404,62.94732498795222,63.77468490600586,30082279
2014-10-17,66.12169465714308,66.12169465714308,61.34324046449495,64.48385620117188,34601920
2014-10-20,65.76710819949027,66.05415639734234,63.26812529409841,63.87598419189453,12641788
2014-10-21,64.26434242035079,64.61893049691821,62.64337791748117,63.1837043762207,13900417
2014-10-22,64.44249410108895,64.74831067565775,63.10029539350118,63.694942474365234,11189634
2014-10-27,64.51045418953629,64.5274477408831,60.313963655943894,60.67074966430664,21621495
2014-10-28,60.093100937310396,62.352753320672136,59.71932508910547,61.45228958129883,28087466
2014-10-29,62.097896871321474,62.522642115488246,60.61977968019639,61.57121276855469,16816547
2014-10-30,60.97657097910347,63.032338013207706,60.56881179289763,62.590606689453125,18847951
2014-10-31,63.168257299848406,64.3915311326311,62.81147502254286,64.0517349243164,13909492
2014-11-03,63.83085731256671,66.0225463801063,63.202238130996975,65.44489288330078,11139728
2014-11-05,66.12449941569409,66.39634389652491,64.93521254953075,65.1900634765625,9806962
2014-11-07,65.24102464783971,65.5298551795888,63.03234170957062,63.881839752197266,12666709
2014-11-10,65.1051039921515,66.22643149374862,64.5614300519832,65.665771484375,13556562
2014-11-11,65.81867738956646,67.2798086166087,65.2070441943232,66.5322494506836,13427188
2014-11-12,66.43031401096027,66.82107589818914,64.9691828731449,65.15607452392578,5588714
2014-11-13,65.3429652119987,65.88663918437514,62.86244523018092,63.61000442504883,7577312
2014-11-14,63.711941329137154,65.30898357371868,63.54204321801146,64.56143188476562,7236846
2014-11-17,64.22162928242855,66.15846755684665,64.00075801848253,65.95458984375,7140036
2014-11-18,66.26040533293354,69.14868037088824,65.51285373043565,68.89383697509766,19914270
2014-11-19,69.4884797866439,70.13410004714102,65.71673449753753,66.60021209716797,16329538
2014-11-20,66.82107499228279,67.772504336106,65.30897818656761,66.43031311035156,8899213
2014-11-21,66.43032449276674,67.44971325010027,65.97159581054129,66.5832290649414,5898142
2014-11-24,67.33076469091206,69.86225738946855,66.85505005144947,69.30158996582031,19958432
2014-11-25,69.48847733358693,69.67536897773316,64.30657426112367,67.31378173828125,15477549
2014-11-26,66.7701173618413,70.10012794991019,66.1924562791061,69.48848724365234,14423021
2014-11-27,67.27980749274683,67.94241385128366,64.59540992005904,65.13908386230469,248374910
2014-11-28,65.88663683198102,66.53224965112729,64.56143157162815,64.78230285644531,23119566
2014-12-01,64.78229259433203,65.59780339459552,63.2192227443115,63.440093994140625,19357719
2014-12-02,63.083307832904325,64.7992823132602,61.94498686862431,64.11968994140625,15666912
2014-12-03,64.52745368658995,65.49587668280347,64.39153519468982,65.12210083007812,10373298
2014-12-04,65.73373357521668,66.0225566270212,64.73133096317115,65.34296417236328,12811962
2014-12-05,65.41092114455363,66.14148674934609,64.56143060575421,64.918212890625,9761106
2014-12-08,64.25561529709847,65.037146608427,62.11489161365289,62.50566101074219,10856624
2014-12-09,61.87703203340235,62.33575691703769,59.97416951541603,60.483863830566406,22107292
2014-12-10,59.66835083321045,62.267795490715955,59.66835083321045,61.961978912353516,13504050
2014-12-11,61.50325367887571,62.2168256908091,59.9062078155048,60.73870849609375,18488723
2014-12-12,60.4838668594472,61.29938154595164,58.139269150918956,58.56401443481445,15410123
2014-12-15,57.935385805804756,59.37952337266459,57.15385081767396,57.91839599609375,14643566
2014-12-16,57.35773178969663,58.00334833678309,55.947577503646464,57.374725341796875,15882195
2014-12-17,56.81405215786943,58.733904313320636,56.40629674250094,58.02033233642578,17421004
2014-12-18,58.78487702153589,61.06151903393825,58.78487702153589,60.67074966430664,11013385
2014-12-19,64.47647883849471,64.47647883849471,61.06152307664632,61.435298919677734,19686033
2014-12-22,62.28478619053586,62.99835821691024,61.58820397431325,62.13187789916992,11363789
2014-12-23,62.53963623858014,62.743513957644566,60.212024796411676,60.67074966430664,13645114
2014-12-24,60.5008517441888,61.65616256373211,60.24600459460383,61.129478454589844,23241231
2014-12-26,61.16345983989392,61.72412358516327,60.51784330088612,61.469276428222656,5160937
2014-12-29,61.469275005807724,62.67555526217123,61.07850937420786,62.35274887084961,8202507
2014-12-30,62.36973182448882,63.6099953804723,61.91100697552136,63.35514450073242,7819879
2014-12-31,62.70954354466756,64.4594979649862,62.42071673358809,63.89883041381836,10372929
2015-01-01,63.338163947995696,64.25561372581595,63.1342787367413,63.389129638671875,3581276
2015-01-02,63.38913056261722,64.28959428428699,63.04933434365693,63.406124114990234,5020028
2015-01-05,63.71193772887975,64.79928557863994,63.28718873364234,63.72892379760742,6180929
2015-01-06,62.86244286533844,63.202246568140836,60.51784520624209,60.82366180419922,8194777
2015-01-07,60.8236606156407,61.282389245037365,59.12467580765381,60.8746337890625,5969800
2015-01-08,61.79208149915407,63.202243220105416,61.6901426385684,62.81147384643555,5944859
2015-01-09,63.33815887631177,65.17305828502614,62.794477494584136,64.7313232421875,11902603
2015-01-12,64.81627684423081,65.54683491359778,63.96677888371669,64.59540557861328,6301956
2015-01-13,65.75070966784759,66.09050584361434,63.15126518180741,63.62697982788086,10121604
2015-01-14,64.90122380812517,65.10510152797166,61.927999577514235,62.879432678222656,11156016
2015-01-15,63.74591833683317,64.56142923678846,62.93039995402812,64.0517349243164,7046585
2015-01-16,63.71193291381513,65.17305647650517,63.23621826549744,64.39152526855469,8017339
2015-01-19,64.59541233449359,65.3429640330232,64.10270406449217,64.4255142211914,3918379
2015-01-20,64.56142203563309,65.90362065019275,64.27259154935675,65.580810546875,8595413
2015-01-21,66.34536692196863,66.75312239560883,65.07112732541793,66.26041412353516,16229677
2015-01-22,66.26040983446119,67.1778670736143,65.5808174223846,66.02255249023438,9336449
2015-01-23,66.60021262951906,66.75311717875933,65.24102034075767,65.85265350341797,6875782
2015-01-27,66.19244753794602,66.5662308301848,65.24101820495483,65.42790985107422,5834895
2015-01-28,64.9012246834738,65.58081709212804,63.91581569092514,64.49346923828125,6719290
2015-01-29,64.40851074565737,64.93519855717767,63.57601386015627,63.84785079956055,8345003
2015-01-30,64.17065858905087,66.26040897035878,64.00076048824738,64.40851593017578,8563496
2015-02-02,64.39152509508646,65.35994793940598,62.2508017005748,62.641571044921875,8937034
2015-02-03,63.066313105639566,63.10029272359835,60.178041837718226,60.75569534301758,18555506
2015-02-04,59.838247493441045,59.94018635044399,56.08348836955858,57.06890106201172,36441935
2015-02-05,57.42568818501524,58.224212988585556,54.57139639166593,54.962162017822266,20321634
2015-02-06,55.61398213395371,56.195792375006924,49.71034632628161,54.416141510009766,17495840
2015-02-09,54.29635585535202,56.46958160838248,52.396925142000036,55.6310920715332,20798428
2015-02-10,55.44286212120998,56.43535927592102,54.176573687495335,55.66531753540039,11143885
2015-02-11,56.14445570404979,58.35190556253619,55.71665680446843,58.009666442871094,11679524
2015-02-12,58.30056366444778,58.86525815348776,57.188282872258284,58.12944412231445,11006781
2015-02-13,58.55724428312338,59.891980509842824,58.232117145821675,59.66952133178711,10841629
2015-02-16,59.857758959861606,59.89198287040014,57.752980925095166,58.79681396484375,9375782
2015-02-18,59.481292973413794,60.23422278368354,58.21500826650364,59.73797607421875,10909953
2015-02-19,60.268444252789514,62.25343477854614,59.652413879792874,61.36361312866211,10726225
2015-02-20,64.03308510285683,64.63199974793518,61.432060456582185,61.68873977661133,17883767
2015-02-23,62.1507637256291,62.28765936556159,60.13154926830173,60.371116638183594,7878525
2015-02-24,60.679128247682634,60.74757606361015,59.32728011479148,59.789306640625,5624658
2015-02-25,60.063097753092094,60.59356832519454,59.4299516890341,59.618186950683594,3330384
2015-02-26,59.92620441903247,60.21710764714453,58.625692101502686,59.66952133178711,10850635
2015-02-27,60.06309735820157,62.116535585678484,59.601070836569086,61.705848693847656,13326498
2015-03-02,60.83313966965386,62.0652042023658,59.97754191660604,61.55184555053711,6744962
2015-03-03,61.859859609017676,62.95502848119008,60.91869832957409,62.03097915649414,10388654
2015-03-04,62.20210076591422,62.972138755084394,61.12404758107596,61.74007797241211,13750994
2015-03-05,62.6298936437937,63.62238695689661,61.14114990581657,61.94541549682617,23063503
2015-03-09,61.94541588325925,61.94541588325925,59.29305551056839,59.85775375366211,5887673
2015-03-10,59.840645333521266,61.00425825933732,58.608580820216545,60.4395637512207,7588880
2015-03-11,60.23421540533104,61.363608098229825,59.618185082835,60.08020782470703,5241693
2015-03-12,61.26093763150632,61.6374044055495,60.679131168120605,61.36361312866211,7574622
2015-03-13,61.72295767557008,61.876965252590814,58.28344758546173,58.62568664550781,6001170
2015-03-16,58.865262938222415,58.916598805035136,57.49630272155998,58.31768035888672,4833699
2015-03-17,58.83103778618094,59.80642300337354,58.11233566596132,59.63529968261719,5291330
2015-03-18,59.70374519623849,59.857752777756026,58.11232975223457,58.831031799316406,9082010
2015-03-19,58.86525398754007,59.68663149997328,58.180775867447906,58.62568664550781,10443718
2015-03-20,58.50590775362621,58.91659465922903,55.57975601456031,56.298458099365234,25297001
2015-03-23,56.5722522070122,56.77759565643402,55.30596383392143,56.110225677490234,8630859
2015-03-24,56.11022679205469,57.188283691256466,55.85354747517877,56.469581604003906,8314257
2015-03-25,56.74337231154157,56.74337231154157,55.16906874868849,55.87065887451172,7167044
2015-03-26,55.61398240776064,57.05139040990562,55.20329548381153,56.52091979980469,11791343
2015-03-27,56.79470930377061,56.79470930377061,54.912390526296896,56.23001480102539,5200818
2015-03-30,56.28134443977308,58.1123310417569,56.12733685483809,57.77008819580078,4225851
2015-03-31,58.12944134907779,58.659911904383435,56.50380200804424,56.81181716918945,6380002
2015-04-01,56.41824757240437,57.290957278117425,55.85354928861992,56.846046447753906,7907245
2015-04-06,57.44496664629181,58.0952247252165,56.50380909147384,57.1369514465332,6895649
2015-04-07,57.34229454208923,58.16367217112183,56.3498011270653,57.63319778442383,5233186
2015-04-08,57.787205899676955,60.662018018704245,57.41073913304749,59.994651794433594,13601916
2015-04-09,61.08982151287172,61.260937291654045,59.54973805227789,60.09732437133789,12167526
2015-04-10,60.06309982951175,60.86736169243865,59.61818901172239,60.2513313293457,8393247
2015-04-13,60.40534210205078,61.22671596277501,60.04599103798393,60.40534210205078,8503002
2015-04-15,60.4224522920434,61.19249026397319,59.583962732063476,60.114437103271484,7307514
2015-04-16,60.30266806184093,60.93581038858722,58.95081986614071,59.5155143737793,7801649
2015-04-17,59.54973884983622,60.576459914542134,58.52302155345334,59.27594757080078,5260163
2015-04-20,59.53262817164059,60.302666111699864,57.838537166864405,59.053489685058594,11638502
2015-04-21,59.01926835726818,59.10482813212704,56.33268389005403,56.6749267578125,8634178
2015-04-22,57.1540564714371,57.342287959575295,56.02466377428523,57.06849670410156,7656982
2015-04-23,57.53052076609683,58.42034613510064,57.17116973505258,57.68452835083008,4663043
2015-04-24,58.18078288461278,58.52302198593621,53.23541656552008,56.17867660522461,16692097
2015-04-27,56.28134718242088,57.427851916685626,55.59686899379894,56.5722541809082,10742178
2015-04-28,56.46958002091263,57.667416799419584,55.63109050763493,57.273841857910156,10331390
2015-04-29,57.22250574632295,58.69413755039101,56.50380368235434,57.855648040771484,5232782
2015-04-30,57.83853827393731,58.146557224179624,56.21289882326222,57.73586654663086,14518691
2015-05-04,57.94121115053174,58.72836102430077,57.80431175198825,58.18077850341797,4346035
2015-05-05,58.180781754819435,58.77970017050523,57.80431498235108,58.42034912109375,3092674
2015-05-06,58.18078415790018,58.232120024222176,56.2129017455772,56.70915222167969,6041083
2015-05-07,56.64070549055743,56.70915331363808,54.48459152687025,55.22040939331055,10344267
2015-05-08,55.477083168830966,57.325177975078624,55.477083168830966,56.69203567504883,3902764
2015-05-11,57.05139035601295,58.5914700876904,56.7262632081937,58.28345489501953,4106960
2015-05-12,58.18078234674487,58.18078234674487,56.16156413095772,56.41824722290039,2515245
2015-05-13,56.81182005514056,59.58396041459055,56.67492442101083,59.224609375,6553192
2015-05-14,59.51551792455071,59.7893129856395,58.266345151307824,59.17327880859375,3747721
2015-05-15,59.29306117687362,59.789311652267465,58.04388466316561,58.47168731689453,3267639
2015-05-18,58.47168248899983,60.234217519665634,58.283450994963204,59.8748664855957,4662050
2015-05-19,59.82353382617087,59.82353382617087,58.745476897925705,59.19038772583008,2947609
2015-05-20,59.34439453143953,59.48129016897543,57.66741920330178,58.249229431152344,4419915
2015-05-21,58.24922865831853,58.35190038510824,56.846044623869616,57.39362716674805,2805895
2015-05-22,57.530521956524936,58.52301906922111,57.39362632281827,58.12944412231445,3790913
2015-05-25,58.12944430196213,59.857755451172906,57.496298225789225,59.224609375,4693610
2015-05-26,59.13904897582413,60.33688953006541,58.351899087934875,59.37861633300781,4982718
2015-05-27,58.180783202740656,59.293060288123634,57.308069721270925,57.44496536254883,4541410
2015-05-28,57.77009036489019,58.831035313711475,56.36690632558556,56.726261138916016,9865966
2015-05-29,55.97333427329199,60.37111811896103,55.9562223178807,57.547637939453125,34197485
2015-06-01,57.53051797723533,59.00214970611451,57.53051797723533,57.958316802978516,6800767
2015-06-02,58.06099851701288,58.1294463364734,56.89738181786105,57.171173095703125,5738359
2015-06-03,56.948716033839325,57.49629857367142,54.36480338736082,55.28885269165039,6765643
2015-06-04,55.69953940481956,56.62358870592876,54.92950146083098,55.95621871948242,4668981
2015-06-05,55.95621723901159,56.72625893094958,55.30596299240322,56.00755310058594,3465828
2015-06-08,55.87066005676093,56.74337351225781,54.963726460286104,56.315574645996094,5318494
2015-06-09,56.21289736110458,56.366904948058355,54.416138411654366,55.186180114746094,5429690
2015-06-10,55.10061988746199,56.57225169669965,55.10061988746199,56.349796295166016,4057368
2015-06-11,57.03427262539727,57.03427262539727,54.00544933419556,54.467472076416016,4953626
2015-06-12,54.07390203102541,55.477086106140206,53.817222706612284,54.82683181762695,4267046
2015-06-15,54.861056040172116,55.64820597285791,54.07390233916326,54.33058166503906,3162814
2015-06-16,54.07390237436017,55.68242991921859,53.937006733803976,55.25463104248047,3443020
2015-06-17,55.78509843308965,56.127337514746785,54.79260509628397,55.10062026977539,3983246
2015-06-18,55.13484385017552,55.92199373330748,54.63859718472276,55.596866607666016,4514183
2015-06-19,56.298457172793576,56.60647611524917,55.85354636571296,56.110225677490234,3208589
2015-06-22,56.127339376517966,56.4866904241778,55.288853598645005,56.315574645996094,6790700
2015-06-23,56.33268084130293,59.00215320907222,55.88777003611567,57.530521392822266,9126775
2015-06-24,57.906989475560316,58.095220974370974,55.20329313781584,55.5455322265625,9224229
2015-06-25,55.69954252173939,57.154062487879415,55.34019146110227,56.9487190246582,5842671
2015-06-26,56.53802723675338,56.91449022028849,55.93910508553381,56.58936309814453,2086155
2015-06-29,55.442864240697176,55.870663130494314,54.073904025023154,55.45997619628906,4343440
2015-06-30,55.459971751615114,56.07600210355308,55.134844621425636,55.61397933959961,2150003
2015-07-01,56.12733882407288,56.880268589605606,55.44286064479126,55.716651916503906,4781513
2015-07-02,56.07600153061797,57.80431265755289,55.836434173978674,57.530521392822266,8850800
2015-07-03,57.787206806851216,58.043882359584885,56.26423529860236,56.657814025878906,4210400
2015-07-06,55.80221185384676,59.72086074678507,55.71665208118367,59.412841796875,9537548
2015-07-07,60.14866122329329,60.76469160298952,59.24172384041745,60.371116638183594,8298050
2015-07-08,60.88447352068437,63.14325905065265,59.92620406897184,61.00425720214844,27373831
2015-07-09,61.22671267622516,62.972135804895835,61.08982080844241,61.928306579589844,13245229
2015-07-10,62.28766074057913,64.1015355463726,62.116541186885996,63.844852447509766,18323537
2015-07-13,64.32398297616514,65.94962239787974,63.86196397983987,65.17958068847656,15753288
2015-07-14,65.35070476988444,65.7956155598779,64.15286049094897,65.19669342041016,6966710
2015-07-15,65.1966884046913,65.47047963900854,63.93040394597404,64.75177764892578,6167152
2015-07-16,64.90578567609029,66.24052556694008,64.37531889338298,66.01806640625,7473623
2015-07-17,66.44587662363652,68.08862432483389,66.44587662363652,67.78060913085938,16959476
2015-07-20,67.4383666138398,68.96133431974745,66.83945197974175,67.28436279296875,13374502
2015-07-21,67.40413725425542,67.69504422308614,66.0522892012186,66.4116439819336,5976046
2015-07-22,66.05230332709168,67.52393913397098,65.02558592925507,67.0619125366211,5089599
2015-07-23,67.30147416474912,67.30147416474912,65.09402818015555,65.67583465576172,4179074
2015-07-24,64.76889363429758,65.33359189141842,59.58396020491132,62.407440185546875,22089451
2015-07-27,60.764688009384095,63.50260818276034,60.730464101424964,61.46628189086914,10087356
2015-07-28,61.945420163928716,61.945420163928716,59.5668546556875,61.124046325683594,9700165
2015-07-29,61.46628530760796,61.603180947054135,60.16577296454626,61.038482666015625,11004212
2015-07-30,61.260937291734564,63.60528262372647,60.64490692215462,62.783905029296875,11379958
2015-07-31,62.86946487426758,63.89618586484968,61.740072161459544,62.86946487426758,7353148
2015-08-03,63.26304544156842,63.981747561133645,62.51011564322461,63.24592971801758,4242808
2015-08-04,63.31437694706069,63.93041486614689,62.321883553129474,63.399940490722656,4448246
2015-08-05,63.46839129062239,65.69295309051559,63.04059239384418,65.23092651367188,8650844
2015-08-06,65.36781850844513,65.43626632810536,63.43416383472047,63.63950729370117,4484978
2015-08-07,63.72507800542439,66.56566284087891,63.46839488449962,66.06941986083984,10206040
2015-08-10,66.39452877194259,66.71965964921928,65.16246814853778,65.41914367675781,7671010
2015-08-11,65.71004777594145,65.91539120420096,64.11863243860779,65.52182006835938,4172626
2015-08-12,64.92290829554159,65.16247566662136,61.60318147393286,62.56145095825195,5061835
2015-08-13,62.66412360349231,64.8202375113316,62.21921276499216,62.74968338012695,4606553
2015-08-14,63.228823702657756,64.46088452136945,62.28766236448531,63.96464157104492,2922942
2015-08-17,63.96463526768003,65.07690851775196,62.73256703373545,64.66622161865234,2892170
2015-08-18,64.92290579448174,65.60738397119827,63.297266356457,64.10153198242188,6013962
2015-08-19,63.96463763882011,64.5806680103055,63.02347635850553,63.87907409667969,6173228
2015-08-20,63.536835230632434,63.89619005028503,60.987146425028904,61.44917297363281,6308185
2015-08-21,60.576454213610674,62.03097401492264,59.68663264048782,61.41494369506836,5571871
2015-08-24,58.523018304263736,59.156160601881204,52.704938874487546,54.75838088989258,11369977
2015-08-25,55.169067776782356,58.728361742705836,53.04718171408237,56.43535614013672,12365270
2015-08-26,55.1690708486232,59.89198171695355,55.1690708486232,59.27594757080078,5416987
2015-08-27,59.173272352041465,64.34109751240933,56.67492330983394,62.13364791870117,22522253
2015-08-28,62.664120256917215,63.10903483997985,59.89197987367767,60.662017822265625,6205951
2015-08-31,59.909096930463214,61.449176727128446,57.83854273349028,58.50591278076172,6736704
2015-09-01,58.009660776409284,58.625691131631775,55.648203544743915,56.794708251953125,6857052
2015-09-02,57.41073932762447,57.63319473646864,55.613980334021726,55.88777160644531,7105145
2015-09-03,56.0588905205775,58.386123846623015,55.921994885906926,56.88026809692383,4648193
2015-09-04,56.72626214898082,56.81182192312513,54.159461388005596,55.237518310546875,4272781
2015-09-07,55.23751495949607,55.78509748079988,52.704938261820395,53.23541259765625,7416819
2015-09-08,53.04718278950204,57.410738681272285,52.31136498482481,56.88026809692383,6191892
2015-09-09,57.22250938759172,58.3176782754609,55.8193253098502,56.7604866027832,5535064
2015-09-10,55.85354749213401,58.86525901437154,54.75838240646433,58.23211669921875,5400508
2015-09-11,57.684532314264246,58.35190232895199,56.57225523698978,56.93160629272461,2682031
2015-09-14,57.59896929833073,59.00215330057412,57.15405849245349,58.45457077026367,2338323
2015-09-15,58.18078537231858,59.87487276462874,58.095225593329346,59.17327880859375,3794368
2015-09-16,59.5839640444233,61.60318230749267,58.488798904668386,60.8160285949707,5053539
2015-09-18,61.1753754960512,62.93791054130129,60.91869618387734,62.150760650634766,5180980
2015-09-21,61.5347329851554,62.270547045478494,60.47378801357581,60.86736297607422,4339604
2015-09-22,61.260934759865414,61.603177608254846,59.41283995918297,59.8748664855957,5310256
2015-09-23,58.35189632894531,59.857751985508735,58.26633656256799,58.81391906738281,9755379
2015-09-24,58.86525965309476,61.534732115025875,57.1540604198454,59.84064483642578,15583446
2015-09-28,60.3368911659188,61.072705211503795,57.9412137608075,58.57435607910156,4228682
2015-09-29,57.80431792243631,58.779703160201215,55.904887082042414,58.31768035888672,7395436
2015-09-30,58.72836125368529,59.80641811420683,57.564744623941635,58.43745803833008,6365327
2015-10-01,58.71125191782012,59.41284205672596,57.68453087304959,57.90699005126953,2944090
2015-10-05,58.5230225918011,59.94331864532013,58.21500739742127,59.63529968261719,2229832
2015-10-06,59.54973636469451,60.747576928809046,59.39572877666416,59.8919792175293,2228963
2015-10-07,60.04598789275187,61.534731705656704,59.31017007940568,61.175376892089844,3557931
2015-10-08,61.32938936046449,62.082315373640924,61.021370404932924,61.534732818603516,3726179
2015-10-09,61.92830887884791,62.01386865459062,60.26844546111633,61.05559539794922,4215367
2015-10-12,61.77429791837323,62.76679126293888,60.5764573548849,61.56895446777344,6881310
2015-10-13,61.67162667860847,62.424552670068756,60.76468932966294,61.24382781982422,4923094
2015-10-14,60.918694320792476,62.116534842626336,60.67912697009025,60.93580627441406,2754283
2015-10-15,61.26093358153588,62.28765457030994,60.67912715661349,61.94541549682617,3233349
2015-10-16,62.32187740374272,65.82983915147123,61.60317536181132,64.85445404052734,11721391
2015-10-19,65.53894064194311,65.57316455312275,63.19459895781441,63.861968994140625,9381569
2015-10-20,63.93040877460904,64.59777119034048,62.818124264540025,63.51971435546875,4455574
2015-10-21,63.91329910648199,64.13575829055995,62.32188351775864,62.47589111328125,2622562
2015-10-23,62.97213788010299,63.639507896434004,62.39033140748069,62.56145095825195,1987163
2015-10-26,62.71545869307827,63.48549667325727,62.37321959077649,62.73257064819336,3643071
2015-10-27,63.10903700672213,63.43416415173307,61.97964420836109,62.21921157836914,3764776
2015-10-28,62.184984051999066,63.55394037243343,61.94541669592305,63.31437301635742,4389718
2015-10-29,63.31437131708027,63.656617924649076,61.03847772711738,61.43205642700195,7295893
2015-10-30,60.713356561172176,61.8085254638036,59.03638118093946,59.549739837646484,5436531
2015-11-02,60.13154580639637,60.21710557642832,57.598969076805105,58.19789123535156,4173004
2015-11-03,58.55724497243204,59.37861880265255,57.924098876647385,58.67702865600586,3850194
2015-11-04,59.121937649402696,59.891979359705346,58.96793006100675,59.224609375,3498589
2015-11-05,59.03637727010615,59.03637727010615,57.15405855188382,57.70164108276367,6336469
2015-11-06,57.59897400870607,59.036382036643374,57.35940663210371,57.804317474365234,4533412
2015-11-09,56.503809617292035,58.43746437987197,56.17867869064247,57.82143020629883,3318356
2015-11-10,58.043880500130314,58.386123352231664,57.01716324879489,57.20539474487305,3578834
2015-11-13,58.12944995738338,58.1807858251765,57.15406470099079,57.83854293823242,1887726
2015-11-16,58.09521787511368,59.121935086580464,57.58185550105756,58.91659164428711,1899546
2015-11-17,59.24172373105168,59.85775787793371,58.72836508225253,59.361507415771484,2497913
2015-11-18,59.19038716221817,60.08021257787702,58.38612528866462,59.429954528808594,2697407
2015-11-19,59.2417239168552,60.19999716594215,58.659917446391404,59.532630920410156,3190846
2015-11-20,59.77219319727943,64.61488735845225,59.65240952239097,63.109031677246094,11881847
2015-11-23,63.553944656604386,65.94962591550306,63.31437728437914,65.59027862548828,10953183
2015-11-24,65.59027705874317,67.9003947183426,64.6833396886598,67.31858825683594,10447167
2015-11-26,66.59987920597585,67.25014102884393,65.1624749943272,66.24053192138672,6250875
2015-11-27,66.2747616212779,68.22552465037222,66.06941814453114,67.88328552246094,5526223
2015-11-30,67.96884286913587,68.1057385078057,65.64160947510277,65.98384857177734,4298545
2015-12-01,65.88117891580994,67.3528146144635,65.47049198687768,66.61699676513672,3569935
2015-12-02,66.24053300380633,69.44047239082708,65.98384990778023,67.52393341064453,9260770
2015-12-03,67.40414025869005,67.74637933336615,65.93251223758286,66.30897521972656,4634225
2015-12-04,66.18919217145947,66.5656551786073,65.60738570586734,66.15496826171875,3204277
2015-12-07,66.30898090444853,67.36992212689975,65.69295051721879,65.84695434570312,4072158
2015-12-08,65.36781836281223,66.22341610665896,63.99886197265744,64.3924331665039,3059099
2015-12-09,63.99885913600818,65.17958020186003,63.382821251097376,63.7421760559082,5530322
2015-12-10,64.05019434832394,65.19669909840215,63.228820510648596,64.73467254638672,3809060
2015-12-11,65.02557623095639,65.50471094515248,62.71545489372234,63.5710563659668,3890292
2015-12-14,63.31437525293182,65.76139606711754,63.04058774749626,64.9571304321289,5285491
2015-12-15,65.41915002539317,65.50471356753359,63.50261109188306,63.87907409667969,6236100
2015-12-16,64.32398406492317,64.64911496942761,63.55394234248615,63.77640151977539,3222343
2015-12-17,64.34109421002653,65.47048311148664,63.34859339634057,65.16246795654297,4521979
2015-12-18,65.36782464384294,65.45338819477223,64.13576377431798,64.44377899169922,3673453
2015-12-21,64.44377109739294,64.85445800359247,64.01596846844551,64.18708801269531,4030115
2015-12-22,64.51222016619337,65.09402662792581,63.485495344137185,63.79351806640625,3477178
2015-12-23,64.0501929272722,65.17958192901858,63.91329729069689,64.7860107421875,3501152
2015-12-24,65.19669557491851,66.6169915274635,64.92290431049014,65.91539764404297,6026137
2015-12-28,65.91539014559329,66.9421148070465,65.53892719983024,66.0009536743164,4362323
2015-12-29,66.03518679383374,67.07901978471388,65.59027597766183,66.12074279785156,4955329
2015-12-30,66.15496757174292,66.78811366366561,64.6833394682409,65.38492584228516,3299788
2015-12-31,65.36781354121113,66.20630303665607,64.47799195324473,65.79561614990234,11781818
2016-01-01,66.36030889729743,67.04479459964077,65.89828990377441,66.42875671386719,2748955
2016-01-04,65.72717061189205,66.4287569660729,64.44377027801357,65.00846099853516,3165431
2016-01-05,64.68333445477639,69.74848018763159,64.49509919943237,68.03728485107422,13435683
2016-01-06,68.1057385078057,68.84155633397904,65.71005729443769,65.98384857177734,6311389
2016-01-07,65.28226060798521,65.28226060798521,62.27054532535269,63.26304244995117,6362080
2016-01-08,63.314374703255154,66.51432149249584,62.97213561402822,66.03518676757812,4480937
2016-01-11,64.82024147374501,66.15497407083667,63.69085235312898,65.69295501708984,4000336
2016-01-12,66.39453768477203,66.90790388341713,63.34860208693279,63.930416107177734,7331479
2016-01-13,65.52182926516973,65.52182926516973,61.141153774127595,63.79351806640625,8571332
2016-01-14,61.979645346820604,63.14326207655645,60.95292425960391,61.74007797241211,4771494
2016-01-15,62.1507637256291,62.7325701953422,59.652414528537996,60.371116638183594,5940561
2016-01-18,59.90909187662683,61.03848086880415,57.97543725806093,59.82353210449219,6336042
2016-01-19,59.9262062350369,61.32939032265775,59.207500351951545,59.96043014526367,5089712
2016-01-20,59.13905080907102,59.22461058214603,56.57225384849787,57.99254608154297,6639937
2016-01-21,58.677029902373064,59.44706788456127,56.58936760456193,57.44496536254883,6658580
2016-01-22,58.24922978609935,59.5326301641419,58.02677437374796,58.67702865600586,5953122
2016-01-25,58.86525818859966,60.37111392859402,58.28345174499932,59.053489685058594,6194908
2016-01-27,59.20749968074948,60.19999683439765,58.762588852845106,59.19038772583008,4321371
2016-01-28,59.13904956510371,59.327281061909346,57.034275423408715,57.462074279785156,13772691
2016-01-29,57.78720700660031,58.93370797794977,57.66741955470348,58.67702865600586,2356949
2016-02-01,59.03638232058165,59.85775995549192,58.62569538728811,59.07060623168945,3128546
2016-02-02,59.29305853553625,59.46417808207567,56.89738111566139,57.239620208740234,5534481
2016-02-03,52.36270080104036,52.36270080104036,40.91477698368223,44.799198150634766,155400211
2016-02-04,45.517907367605645,47.81091318424107,44.679417775645895,46.048377990722656,46805751
2016-02-05,46.6301876345752,46.68152350065212,40.9318914267443,43.43024444580078,65379650
2016-02-08,43.80670384362984,44.662301540874246,42.454855713660855,43.686920166015625,15646349
2016-02-09,43.32756642621822,44.67941458930258,42.1297296207334,44.04627227783203,19451227
2016-02-10,44.04627049144372,44.747860591916094,41.85593665335354,43.755367279052734,18159635
2016-02-11,43.12222112340246,44.32006164580885,41.61636543566028,41.99283218383789,11116802
2016-02-12,42.454857151062306,42.574640832732065,38.84422720979954,41.03456115722656,13315143
2016-02-15,41.66770309589533,43.63558143865053,41.32546027114969,43.12221908569336,16182274
2016-02-16,43.361792625876596,43.361792625876596,41.82171665174368,42.249515533447266,9810758
2016-02-17,42.24951248004536,42.43774397439132,40.127626411822646,41.42813491821289,11319987
2016-02-18,42.24951276882652,46.13393389716203,41.393911293083,44.28583908081055,28973446
2016-02-19,43.7895924837619,45.00454499865459,42.779983418993694,44.37139892578125,36863465
2016-02-22,44.79919811394002,47.588454202221854,44.593854662285835,47.31466293334961,38033147
2016-02-23,46.8868655457438,48.700736527214225,45.997040125688095,47.263328552246094,30346428
2016-02-24,46.903978747198735,48.06759170731414,45.65480224228114,46.03126525878906,15571395
2016-02-25,46.18527469171703,48.803411492659905,41.787494469291666,42.54042053222656,132397636
2016-02-26,43.22489825173561,44.26872746271267,41.975721821095895,43.78959274291992,21236836
2016-02-29,43.60136106047416,45.65479933346374,42.81420739869571,44.45695877075195,20167806
2016-03-01,44.525409424434244,46.20238481174721,44.525409424434244,46.03126525878906,9550401
2016-03-02,46.441952910239756,47.26333054557295,45.9114822877958,46.88686752319336,9748357
2016-03-03,47.366002278949196,48.341387514346756,46.09971379898559,46.88686752319336,14679539
2016-03-04,46.37350622767175,49.52211366523715,46.2023866678392,48.34138870239258,39348843
2016-03-08,48.70073458156252,49.00874975639519,46.9895353975026,47.72534942626953,11275828
2016-03-09,48.08470258496532,52.97873299485572,48.01625476531607,51.9691276550293,91192323
2016-03-10,52.34558951603414,52.79050033400478,50.719950066664616,51.52421569824219,26747914
2016-03-11,51.67822751201059,52.43115357317923,49.693233086828535,50.10392379760742,22770721
2016-03-14,50.99374265694465,54.75838405740528,49.96702535817425,53.14985275268555,126444172
2016-03-15,52.355697024952285,52.405088438292296,39.81008585210095,43.46510696411133,86704206
2016-03-16,44.255374908126406,48.157356328399764,43.069962306378166,46.280452728271484,52609041
2016-03-17,47.41647650916721,48.305536951043294,46.03349443698731,46.23106384277344,17981791
2016-03-18,47.91039868064259,48.20675090850773,46.329850953146476,47.12012481689453,12897288
2016-03-21,47.76221538190179,48.00917617243555,46.62619800644002,46.922550201416016,8426149
2016-03-22,47.12012957193315,47.51526465951997,46.18167761538891,46.42863845825195,6274904
2016-03-23,46.42863019307454,48.009177798701174,45.53956980970785,47.416473388671875,10999454
2016-03-28,47.3670853698665,47.910398412633825,46.32985069397923,46.675594329833984,6327210
2016-03-29,46.9225554645839,49.39216364693043,46.4286338281146,47.2682991027832,9375131
2016-03-30,48.35493202527556,48.404323438384765,45.63836285271315,48.10797119140625,9211015
2016-03-31,47.614042041731274,50.38000219276771,47.614042041731274,48.25613784790039,14219158
2016-04-01,48.10796856546785,49.04642043661117,47.41647751471366,48.00918197631836,3972062
2016-04-04,48.40431897206264,49.44155362494226,47.95978875845054,49.24398422241211,4278443
2016-04-05,48.99702296655726,49.737905393077725,47.81161409878284,48.50310134887695,3672531
2016-04-06,48.799459101733795,49.88608519266055,47.811615830592,49.29338073730469,4680197
2016-04-07,49.392162915448004,51.61481024664316,49.243984919372465,50.42939758300781,11904562
2016-04-08,50.725748334609214,50.97270914201884,49.441552889743704,50.08365249633789,6809661
2016-04-11,50.478787207381174,52.25690802412318,50.23182640153621,51.66419982910156,7888520
2016-04-12,51.614806388662636,53.14596257092971,51.36784559254463,52.454471588134766,11959696
2016-04-13,52.849613464049824,53.837456706368506,52.75083064714712,53.29414367675781,5370536
2016-04-18,53.59049412007962,54.825298132063025,53.14596392210104,54.52894592285156,4505501
2016-04-20,54.973478165089894,59.96208580534609,54.627730767883804,57.937007904052734,18191872
2016-04-21,58.52971560048266,59.76451972707512,57.59126371060776,59.22120666503906,8928062
2016-04-22,59.665734473916196,59.665734473916196,57.097339734228264,57.24551773071289,6320075
2016-04-25,57.39369153310905,59.12241722709815,57.39369153310905,58.67789077758789,4160981
2016-04-26,58.92485314490421,59.86330124601603,58.183970685085576,59.17181396484375,4937522
2016-04-27,59.27059380723858,59.46816320692729,58.381533392800854,58.48031997680664,2687937
2016-04-28,58.57910462578258,59.221204252785306,56.99855691545384,57.24551773071289,3392420
2016-04-29,56.405844759250286,57.19612232755581,55.81314035134387,56.949161529541016,5328238
2016-05-02,56.94916496861368,58.08518244709046,55.4674000910434,56.3564567565918,3867897
2016-05-03,56.75159408944909,57.69004590784813,55.61557287217822,56.010711669921875,5898025
2016-05-04,56.0107105546097,56.70220155273037,55.51678895142677,56.25767135620117,2170551
2016-05-05,56.751594324095514,59.46816320692729,56.35645552471811,58.48031997680664,9377055
2016-05-06,58.134572195032554,59.07302401101222,57.49247636075803,57.887611389160156,3177809
2016-05-09,58.085182783312604,59.9620864797618,58.035791374105614,59.12241744995117,4056654
2016-05-10,59.073022812436264,60.7029656054521,58.57910121071301,60.011474609375,5444125
2016-05-11,59.17180974351876,60.999318173367456,58.48031874335449,60.60417938232422,3642517
2016-05-12,60.85114154034293,63.17257539487609,60.752358724542745,62.82682800292969,5020166
2016-05-13,62.72804552508939,63.91345439436977,57.78882934201148,61.246280670166016,12252636
2016-05-16,61.542633854398396,61.740203258490155,59.61633875906891,60.70296859741211,5429678
2016-05-17,61.246284080038265,61.39446208110953,60.06087137643742,60.505401611328125,2157147
2016-05-18,59.813907623291016,60.604181464202235,59.36937741017755,59.813907623291016,3664230
2016-05-19,59.962084494427025,60.55478892193244,59.517554289636536,60.06086730957031,3136954
2016-05-20,60.060868871618254,60.99932071317789,59.813908059014295,60.55479049682617,4887986
2016-05-23,60.75235794251223,61.74020116108967,60.75235794251223,61.49324035644531,3241855
2016-05-24,61.641420934496864,62.431694788872875,60.80175190245993,61.59202575683594,3843707
2016-05-25,62.03655509306595,62.03655509306595,59.6657335637388,60.110260009765625,4815800
2016-05-26,60.456005820543446,61.04871024524254,59.12241521248624,59.616336822509766,8236400
2016-05-27,60.25843891556816,60.406616912034,58.77667402420173,59.41877365112305,5614368
2016-05-30,59.46817013430144,68.30936882744615,59.46817013430144,67.17334747314453,19524454
2016-05-31,67.7660431028533,68.60570832903227,64.85190863063053,65.2470474243164,8261978
2016-06-01,65.44461679982615,68.40814661717677,65.24705115999454,67.42030334472656,4191611
2016-06-02,67.173345510163,73.98946590014117,66.58064102769673,73.19918823242188,20505217
2016-06-03,73.19917381530176,75.22425522957367,70.33442725486037,70.77896118164062,12304189
2016-06-06,71.42107554329394,71.86560202570155,68.80328921990817,69.74173736572266,3717040
2016-06-07,70.58140048340552,71.22350013312443,69.49477436515225,70.38383483886719,3759627
2016-06-08,70.6307936010084,71.66803204617113,69.74173315324694,71.17411041259766,3541123
2016-06-09,71.51984587196742,71.76680666051935,70.03808114065585,70.43321990966797,3048106
2016-06-10,70.6307929670307,70.87775378160073,68.35875045832798,70.13687133789062,3185234
2016-06-13,69.14902202033407,69.4453779865079,67.76604007259833,68.60570526123047,2594398
2016-06-14,69.44538250419663,72.4089122121428,69.14902651874371,71.66802978515625,5939179
2016-06-15,72.50769369693764,74.48338013262179,71.71741610800572,73.64371490478516,13304216
2016-06-16,75.0266892675633,75.96514484508867,72.4582984123674,73.49553680419922,8028352
2016-06-17,74.38459238016725,74.48337518806466,73.24857124773416,74.0388412475586,4576855
2016-06-20,73.14979531926308,74.82912582138837,72.60647851976297,72.85343933105469,3162489
2016-06-21,73.49553549422258,73.6931011193141,71.12471030989691,71.42106628417969,2426088
2016-06-22,71.76680978218187,72.16194856838145,70.48261061119457,71.27288818359375,2300900
2016-06-23,71.27289857010675,72.21134672952488,70.03809439368995,71.81620788574219,2759779
2016-06-24,69.14903568851611,70.87776158072901,66.82760528344528,70.2850570678711,3914161
2016-06-27,71.07531219896072,71.56923377792958,70.13686421357797,70.87774658203125,5534759
2016-06-28,71.51984587196742,72.06315508479456,70.03808114065585,70.43321990966797,2696550
2016-06-29,71.02592974330065,71.42106854262408,70.38383013648081,71.0753173828125,3912678
2016-06-30,71.61863527459613,73.39675613055479,71.4210696402211,72.85343933105469,9921588
2016-07-01,73.3473661377298,73.74250497105358,72.6064836514901,72.90283966064453,2314481
2016-07-04,73.24858331356045,73.6931097906457,72.75466165606731,72.90283966064453,1432715
2016-07-05,72.90283966389849,74.58217028479154,72.21134482138942,73.05101013183594,4126786
2016-07-07,73.29796554724146,73.74249952816231,72.16195184817288,72.4089126586914,2406178
2016-07-08,72.11255785445093,72.606479483591,68.16118482133032,70.13687133789062,5912298
2016-07-11,70.82836481539245,73.79189485012262,70.53201633390739,72.2607421875,6399896
2016-07-12,72.85344149365805,73.10040231228062,71.22349858341987,72.21134185791016,4860619
2016-07-13,73.00162086780067,73.00162086780067,69.74173498589515,69.9393081665039,3510046
2016-07-14,70.38382437488767,71.02592392914549,69.34658605365233,69.98868560791016,2429176
2016-07-15,70.18626858780752,70.53201223108493,68.45754283477429,69.34659576416016,3716835
2016-07-18,69.44538916938593,71.32228546857488,69.34659880698946,70.18627166748047,5439733
2016-07-19,70.13686887920547,70.82835612110273,69.54416445234413,70.33443450927734,1548068
2016-07-20,71.02593324255947,73.29796826147626,70.53201160323242,72.65587615966797,4701512
2016-07-21,73.10039935242881,73.59432096967495,71.22349569956432,71.51985168457031,3399743
2016-07-22,71.76680804969065,73.10039482635592,71.12470847969766,72.5076904296875,2821285
2016-07-25,72.80403911819623,73.29796070661452,71.71741313100509,72.95221710205078,2469883
2016-07-26,73.10040219902616,73.54492865719965,71.32228129304008,71.91499328613281,1999271
2016-07-27,71.61863693585225,76.55785327625586,71.61863693585225,75.81697082519531,6416773
2016-07-28,76.95298522096476,77.8420455901972,75.91574686741937,77.15055084228516,8292249
2016-07-29,77.19994882563097,78.43475284543746,76.55784922800247,77.54569244384766,3769086
2016-08-01,79.52137887553805,79.71894450404884,75.71818400186318,77.54569244384766,4115252
2016-08-02,78.43475455787484,78.43475455787484,75.81696847140279,76.16271209716797,1460089
2016-08-03,76.75541525926752,77.1999492307178,73.39675433708665,74.08824157714844,2390910
2016-08-04,75.17486744972149,78.63231871581448,74.23641940644022,77.99021911621094,5903581
2016-08-05,78.9286757163687,80.31165774801143,77.64447650056206,79.62016296386719,4516255
2016-08-08,79.62016511286163,83.86789413827461,79.3238166573547,83.32457733154297,7565865
2016-08-09,83.9666737788918,84.4112002136512,81.39828291180778,82.33673095703125,5797889
2016-08-10,83.07761782969362,83.07761782969362,80.36104882640215,81.05254364013672,2246280
2016-08-11,80.65740758518585,82.23795537025795,80.31166393480233,81.59585571289062,1691089
2016-08-12,82.18854793790545,82.92943030827111,81.49706074022225,82.43550872802734,1559484
2016-08-16,82.48491541269124,85.59662330984057,81.79342811850083,84.9051284790039,3252900
2016-08-17,84.95451380413009,86.8808049978214,84.95451380413009,85.39904022216797,2686072
2016-08-18,85.54722636718606,87.7204861007665,85.00391708627554,86.2881088256836,2619302
2016-08-19,86.48568448415956,86.93021095735112,85.30026799457153,86.09054565429688,1650665
2016-08-22,85.69539433362957,87.81925864000534,85.20147275245591,86.33749389648438,1989136
2016-08-23,85.94235957212166,86.7820247962443,84.85573354463085,85.34965515136719,3821700
2016-08-24,85.00391153398088,85.74479394408537,83.42335636310813,85.34965515136719,2724599
2016-08-25,85.64601002158754,85.74480037966602,82.78127051682013,83.12701416015625,6107972
2016-08-26,83.07762338890032,83.71972306724687,81.29950989884055,81.84281921386719,2061638
2016-08-29,82.04038594478044,83.27519002259685,78.23718335578913,79.42259979248047,4287323
2016-08-30,80.75619001638945,83.47275909950959,78.5335425847457,80.85497283935547,11403318
2016-08-31,81.99098989604424,84.46059802544316,81.49706827016445,82.28734588623047,10605102
2016-09-01,83.42335556247002,83.62092872525577,79.57077309621748,80.11408233642578,3377292
2016-09-02,80.36105365333229,81.44767981258845,79.91652716802412,80.65740966796875,1822847
2016-09-06,81.49707279229187,81.89221162225043,80.70679513237475,81.44767761230469,2019538
2016-09-07,82.18855564940908,83.17639890258296,81.25010757355226,82.58369445800781,3519072
2016-09-08,82.92943754220813,82.92943754220813,80.75618541422078,81.69463348388672,2444249
2016-09-09,82.18854952154724,82.97882707982275,80.4104363203954,80.90435791015625,2873117
2016-09-12,80.01530391472058,81.44767362446152,76.95299132160984,78.82989501953125,3736330
2016-09-14,79.02746812352595,79.768350637184,77.54570309620983,78.5335464477539,5782964
2016-09-15,78.78049738407135,79.71894543543021,78.28657577037811,79.02745819091797,3961629
2016-09-16,79.52137535001025,81.44766652084927,79.42259254013433,80.01529693603516,4135674
2016-09-19,80.3116637383226,81.6452506931944,80.06470291198907,81.15132904052734,1762855
2016-09-20,81.44766949618992,81.44766949618992,80.2128654860194,80.5586166381836,1760140
2016-09-21,80.26226289810047,81.29950131021117,79.71894610382425,80.064697265625,2201357
2016-09-22,81.44766949618992,81.44766949618992,79.86712187050075,80.5586166381836,1750122
2016-09-23,80.60800869252583,80.80558186696403,79.02746098025003,79.42259979248047,1198952
2016-09-26,79.12624100632748,80.7561838388443,78.38535858578761,79.02745819091797,2143354
2016-09-27,79.22502837209119,79.7683451930179,77.79265862476977,78.03961944580078,1763786
2016-09-28,78.03961985238294,79.02746314165361,77.8914418516631,78.78050231933594,2095958
2016-09-29,79.62016185074233,79.62016185074233,68.111786855553,73.64371490478516,6160658
2016-09-30,73.5943175092615,74.68094350878057,72.70525713269302,74.13763427734375,2123209
2016-10-03,74.3845997466617,78.23718239270772,74.3845997466617,77.79265594482422,2506294
2016-10-04,78.03961380895919,78.2865746121521,76.261493011312,77.10116577148438,2714310
2016-10-05,77.24933668450737,78.63231869795966,76.8048102507689,77.84204864501953,2431155
2016-10-06,78.23718913008871,78.38536713769216,74.58217180465181,76.01454162597656,3585541
2016-10-07,76.06392658387871,76.60724335985034,75.07608338149068,75.9157485961914,1981564
2016-10-10,76.80482164281179,76.80482164281179,75.12549093666304,75.52062225341797,2116078
2016-10-13,75.47122884767147,75.86636767091873,73.64372026887986,74.28581237792969,2413277
2016-10-14,74.08824179647613,74.8291242144409,73.69310299956578,74.38459777832031,1630656
2016-10-17,74.58216534842835,75.22426496802876,72.50769603149661,73.4461441040039,2850153
2016-10-18,73.6931033395477,75.17486818231332,73.544925347942,74.97730255126953,2382588
2016-10-19,75.27365358950614,75.47122676399809,74.53277114261475,75.07608795166016,1995033
2016-10-20,75.47122416552473,75.86636296425804,74.53276857645241,74.97730255126953,2804119
2016-10-21,75.57000473641591,77.15055234775694,75.17486594941927,75.47122192382812,4355165
2016-10-24,74.77973237905215,76.75541891521358,74.63156191815686,75.81697082519531,3829993
2016-10-25,75.76757792196099,76.26149957083074,74.92791262621166,75.32305145263672,3659536
2016-10-26,74.97730447771346,75.37244328659935,73.49553959687583,73.89067840576172,1525004
2016-10-27,73.64371184782357,74.33519905695103,72.40890787677787,72.95221710205078,3935800
2016-10-28,72.95221888032374,76.0639264705385,72.60647526733221,75.76757049560547,3593405
2016-11-01,75.76756851460725,78.43474960933258,75.17486411688338,76.55784606933594,2705207
2016-11-02,76.06392424841073,76.7554114541927,74.68094230020147,76.26148986816406,2095670
2016-11-03,76.3108951519062,77.15056045207363,75.6687954976677,76.06393432617188,1987933
2016-11-04,75.6687954976677,76.45907315467605,73.24858242012984,76.06393432617188,2995094
2016-11-07,76.31089024996258,85.59661820841988,76.26149507333018,84.8557357788086,15859204
2016-11-08,85.4484436402487,86.13993092094486,80.31166160370144,81.94159698486328,9693146
2016-11-09,73.7918873053514,81.74402843347798,69.6923438724453,81.25010681152344,8117742
2016-11-10,82.583688300685,83.86788744872135,80.45982395738427,80.90435791015625,2746915
2016-11-11,80.01530845500835,80.41044728804137,76.9529956881336,77.69387817382812,2711708
2016-11-15,77.69387635386803,78.23718564199598,74.03885165473864,74.43399047851562,2221997
2016-11-16,75.57001359644887,76.40967890685792,72.50770082732075,72.90283966064453,2101996
2016-11-17,74.03885008213913,74.03885008213913,71.12471544989225,71.61863708496094,2220292
2016-11-18,71.42106653023286,72.70525817104289,70.53200614096716,71.86559295654297,1364750
2016-11-21,72.11256215890822,72.26074016382431,67.96362324113645,68.40814971923828,4161965
2016-11-22,69.14902620458989,71.81619991496578,67.81543934940196,71.22349548339844,3720245
2016-11-23,71.3222839445605,72.50770043816968,70.6307966424399,72.16195678710938,1998245
2016-11-24,72.11255753409819,74.63156084618053,69.84051503548878,73.89067840576172,2912810
2016-11-25,74.13764370654363,74.97730901584463,72.11256189883558,72.7546615600586,4329730
2016-11-28,72.75466126967153,74.13764341063664,70.8777574738365,72.31012725830078,2319722
2016-11-29,72.11256199399698,74.08824862396949,72.11256199399698,72.90283966064453,2150056
2016-11-30,73.69310908059205,77.39752147609748,73.24858260778993,76.36029052734375,7035016
2016-12-01,77.15055234775694,78.28657353413021,74.87851751165593,75.47122192382812,4519058
2016-12-02,75.4712269720273,76.90359669197377,74.5327713480572,75.37244415283203,1905362
2016-12-05,76.01453111619524,76.01453111619524,66.97577187849008,67.51908111572266,19650672
2016-12-06,67.46969467877219,68.90206432755413,63.76528261815099,65.39521789550781,29236477
2016-12-07,66.18549259913884,66.63001901238538,64.35798423619318,64.8519058227539,7491476
2016-12-08,62.23412127680318,62.678651468159174,59.468161084832026,61.14749526977539,47448005
2016-12-09,61.987164994305765,62.97500826114729,61.54263477056248,62.332908630371094,10425650
2016-12-12,62.728044769990376,62.728044769990376,59.66573228067432,60.06086730957031,12765795
2016-12-13,60.209046150086536,60.456006959751925,58.6778898838257,59.36937713623047,8553855
2016-12-14,59.616334861279995,59.616334861279995,58.28274806541733,58.52970886230469,5497611
2016-12-15,57.541871959731196,59.023636902900236,57.49248054862352,58.62849807739258,4936110
2016-12-16,59.22120631565407,59.31998913786943,58.332145842423394,58.62849807739258,3348794
2016-12-19,58.628492790926934,58.628492790926934,58.03578837443206,58.28274917602539,3121958
2016-12-20,58.381530199785296,58.48031677838823,56.75159122022494,57.49247360229492,3320768
2016-12-21,57.29490773915212,57.54186854837261,56.89976893707019,57.04794692993164,2019666
2016-12-22,57.09734060556966,57.19612719417462,56.10949732945834,56.55402755737305,4433963
2016-12-23,56.50463133944984,57.838218141400645,55.961318337481835,56.949161529541016,3571773
2016-12-26,57.44309122095405,57.44309122095405,54.92408771154492,55.22044372558594,2637077
2016-12-27,55.31922457510965,56.70220669681664,55.072263751113624,56.30706787109375,2403230
2016-12-28,56.30706629443367,59.665734914062426,56.30706629443367,57.98640060424805,7454376
2016-12-29,57.73944210937735,58.43093317867926,57.49248128236404,57.640655517578125,4857146
2016-12-30,58.183962750776246,59.07301932032775,57.887606792603194,58.579097747802734,4093266
2017-01-02,59.51755890175663,59.76451972707512,58.13457677264381,59.22120666503906,2246764
2017-01-03,59.665730995497825,60.406613398082705,59.369375019805666,60.011474609375,2777795
2017-01-04,60.65357449174314,61.14749609585075,60.011474899074145,60.45600509643555,2317292
2017-01-05,61.542631588157434,61.59202299528085,60.4066141510276,61.1968879699707,2390991
2017-01-06,61.641420606835766,61.838986243137356,60.70296876111138,60.99932098388672,2553747
2017-01-09,61.54263374724201,61.789594559845966,60.50539908796997,60.55479049682617,1317987
2017-01-10,60.801751579262174,61.888381420535715,60.40661653833604,60.99932098388672,3441030
2017-01-11,61.34506359417616,61.93777179817961,61.04871137633588,61.39445877075195,2763543
2017-01-12,61.93777179428437,64.35798848175308,61.394458766890885,63.567710876464844,10279921
2017-01-13,64.16041531210811,64.2592056652535,62.728045631249714,63.567710876464844,2868130
2017-01-16,63.51832355659022,64.80251525084705,63.02439816663485,64.01224517822266,3529315
2017-01-17,64.40737914257532,65.00009114266433,63.567713857977424,64.25920867919922,3364112
2017-01-18,64.60496249177959,65.14827186186226,63.96286274836614,64.20982360839844,2398010
2017-01-19,64.2592032984198,64.70372972461776,63.61710370985404,63.9134521484375,1653605
2017-01-20,64.11102952534425,64.65433880011948,62.08594781366072,62.332908630371094,2439758
2017-01-23,62.382299287067944,63.8146689055154,61.64141689063399,63.17257308959961,2979053
2017-01-24,63.468925294508644,63.66649091889951,62.62926008587926,63.17257308959961,1646430
2017-01-25,64.20981837557036,64.4073840328365,62.92562276172362,63.86407470703125,2673070
2017-01-27,64.2098145937873,67.07456167530091,63.864070945611545,66.33367919921875,5870857
2017-01-30,66.33367586553025,66.33367586553025,64.90129862843635,65.04947662353516,2211539
2017-01-31,65.04947836495258,65.64218282456898,63.320752628027854,63.51832580566406,2040332
2017-02-01,63.51832681652685,65.79036187065572,62.28351893074907,65.44461822509766,4340771
2017-02-02,65.7903544340029,66.48184918360171,64.40737247145061,65.740966796875,2382235
2017-02-03,65.54340686953286,67.86483730923628,65.29644602410384,67.12395477294922,3280453
2017-02-06,67.56848459754727,70.77897538765265,67.2227409428652,68.85267639160156,8354348
2017-02-07,69.64294506559045,72.31011867046553,69.29720145557263,70.82835388183594,8023019
2017-02-08,71.56923377792958,71.6680241230395,69.24780386410498,70.87774658203125,5167840
2017-02-09,71.42107134292675,72.55708507263493,70.92714970856805,71.470458984375,4547390
2017-02-10,72.11255532650702,72.11255532650702,69.88990807329277,70.33443450927734,2453097
2017-02-13,69.34659122606281,69.5935520317634,65.6915743163526,65.98793029785156,10953546
2017-02-14,66.18550069557045,66.48185669841807,64.95069657811578,65.44461822509766,2225777
2017-02-15,64.20980575844115,66.53123569007113,62.97500180154805,64.11102294921875,3258094
2017-02-16,64.01224846350873,65.6915790485886,63.32075363574637,65.44461822509766,2209460
2017-02-17,65.7903537033028,66.33367046219286,64.5555497391393,64.70372772216797,4301584
2017-02-20,65.64218222950808,67.17334231156241,64.95069495566511,66.97577667236328,4272167
2017-02-21,67.32151761797408,67.4203004336246,66.23489157252686,66.87698364257812,1751971
2017-02-22,67.17334167251872,67.86482893978332,65.59279396402394,65.93853759765625,2433879
2017-02-23,66.18550139625823,67.1239495208004,65.69157974404736,66.77820587158203,4775243
2017-02-27,66.77819425544621,68.7044928859748,66.43245066637031,68.3587417602539,4723085
2017-02-28,68.35875434668398,69.09963683253667,67.66726704121334,68.1117935180664,1871433
2017-03-01,68.2599718095785,69.54417113844806,68.1611889850454,68.55632781982422,2638347
2017-03-02,68.85267264226073,69.14902863679109,66.33367683533666,66.6794204711914,2001727
2017-03-03,66.43245720382791,67.27212244182596,65.98793076507769,66.87698364257812,2055169
2017-03-06,66.87698684173718,68.55632493471262,66.67942120098529,68.01300811767578,1876087
2017-03-07,70.82836881763687,71.51986372013566,69.14903805105577,70.08748626708984,8686674
2017-03-08,70.28505140171576,70.53201222355128,67.02516553882855,69.19842529296875,3622306
2017-03-09,69.14902970179307,69.39599052215662,68.25996924115508,68.4575424194336,901609
2017-03-10,68.45753679115727,69.54416280409005,67.22273279085967,67.6672592163086,1660525
2017-03-14,70.13686875235729,70.4826123726806,68.40814311409495,70.0380859375,4077779
2017-03-15,70.13686555009734,70.48260915463496,68.75388359530157,69.05023956298828,2168400
2017-03-16,69.1984246843786,73.10040262040387,69.1984246843786,72.65587615966797,5510518
2017-03-17,73.1991827303632,73.59432153452202,71.22349624621496,72.4089126586914,5136854
2017-03-20,72.50770320504587,73.4955465524262,72.1125643587644,72.70526885986328,1837578
2017-03-21,73.10040752334423,73.10040752334423,71.76682051504497,72.2607421875,897196
2017-03-22,70.8777599972966,73.59432919579925,70.82836481539245,72.2607421875,1707572
2017-03-23,72.26072783183288,73.94005816989741,72.21133265974181,73.59431457519531,1983764
2017-03-24,73.89068226367347,76.70603417692833,73.49554343415696,76.36029052734375,4203394
2017-03-27,76.55784335337025,77.29872570840286,75.47121740665142,76.31088256835938,2540383
2017-03-28,76.55785597764053,77.29873845484349,75.52061749489785,76.06393432617188,1975448
2017-03-29,76.80480152449441,76.80480152449441,75.66878044477744,76.21209716796875,1561634
2017-03-30,76.11333198857463,77.10117532373253,75.3230543057897,75.86637115478516,2860789
2017-03-31,76.06392459780614,77.44690655236803,74.08823824461636,76.70602416992188,2003215
2017-04-03,76.8542085031184,79.02746065651415,76.45906969250663,78.82989501953125,1953043
2017-04-05,79.4719875373953,80.01530434700247,78.78050026757342,79.5707778930664,1984639
2017-04-06,79.91652873919061,80.21287722300679,78.03962486176812,78.68172454833984,3094287
2017-04-07,78.92867469613786,78.97806233509465,77.54569268237152,77.99021911621094,967629
2017-04-10,77.99021957126048,79.17563596282488,77.69387112585366,78.7311019897461,1341144
2017-04-11,78.63231939263423,79.5213798046112,77.94083214812198,79.02745819091797,1837837
2017-04-12,79.07686330576182,79.66956780935892,77.9408419441568,78.5335464477539,2318279
2017-04-13,78.08901003150382,79.12624089683692,77.89143686431248,78.87928009033203,1568161
2017-04-17,79.22502878484927,79.52138478628895,78.43475867542044,78.78050231933594,1486609
2017-04-18,79.0274598998142,79.27442071200113,77.15055621986444,77.64447784423828,1954703
2017-04-19,77.84205920589066,79.4226070628503,76.75542548862465,78.68172454833984,1339715
2017-04-20,78.4347562089195,81.20071280990992,78.23718303529063,78.82989501953125,2908968
2017-04-21,79.52138728761656,79.7189529370266,77.54570064693044,78.58293914794922,1546549
2017-04-24,77.59509094677321,79.42259946712592,77.59509094677321,78.82989501953125,1623683
2017-04-25,78.5335439672735,79.22503127685508,77.99022712642625,78.58293914794922,2060599
2017-04-26,78.533535415345,78.92867420778278,76.60724416509855,77.10116577148438,2136374
2017-04-27,76.95299046624133,78.28657734266737,76.7554172948086,77.34812927246094,2359592
2017-04-28,77.10116857941459,78.82989426472302,77.10116857941459,77.64447784423828,1092687
2017-05-02,76.06393004958476,78.78049897992706,76.06393004958476,77.49629974365234,929159
2017-05-03,77.59509699155132,78.18780148531859,75.86637115501965,76.01454162597656,1078923
2017-05-04,76.36028056544274,77.15055058473145,75.718180993327,76.70602416992188,809792
2017-05-05,76.80480712067715,77.84204547265634,75.81696394227616,77.00237274169922,2095722
2017-05-08,77.10116998336345,77.54569643873602,74.58216663852954,75.66879272460938,2317233
2017-05-09,75.76757677037375,82.88005292798375,75.27365512901109,82.3861312866211,9272683
2017-05-10,83.37397260539815,88.807110532405,83.1270117905342,87.81926727294922,12477990
2017-05-11,87.91804926456616,91.77063944753364,85.74479712886446,90.83218383789062,6683118
2017-05-12,90.88157868252758,91.12853949416487,87.86865376589412,90.2394790649414,3891695
2017-05-15,90.4370564406162,95.62323372610258,89.99252243701535,93.30179595947266,8021019
2017-05-16,93.30179595947266,94.33903443122843,92.36334784628123,93.30179595947266,2600717
2017-05-17,92.11638918155947,93.84511498389436,91.7212503479822,92.51152801513672,3487372
2017-05-18,91.82003128124732,92.21517010668698,88.75771857322091,89.10346221923828,2585452
2017-05-19,89.89372807173446,92.06698002144796,88.21439770483268,90.53582763671875,2863998
2017-05-22,90.88157536443596,91.82002339973657,88.6589281408492,88.95528411865234,3179120
2017-05-23,87.4241306207673,91.37550375616922,85.1027004110479,87.17716979980469,5561729
2017-05-24,87.62170134444757,89.54800038165827,86.38689716802274,87.0783920288086,2746314
2017-05-25,87.12776735570121,92.5609049638302,86.58445811687562,91.6718521118164,3328112
2017-05-26,92.56090780838379,96.2159322881648,90.23947772089812,92.21516418457031,5766419
2017-05-29,89.2022398873374,89.3504103312317,77.19994404996346,77.94082641601562,11481575
2017-05-30,78.2371845828725,82.13917005195924,76.5578540253617,81.64524841308594,6792160
2017-05-31,82.3367382915018,82.63309429883759,80.31166403019502,81.74403381347656,2781171
2017-06-01,81.20071998776089,83.22580186075238,80.4104498333263,82.73188018798828,1905650
2017-06-02,82.68248500605323,83.76911871545155,82.08978050606562,82.73188018798828,1225052
2017-06-05,82.73187809067167,84.5593867262408,81.15133028522395,83.52215576171875,1637249
2017-06-06,83.47274977614052,84.2136321706033,81.74402418906068,82.5343017578125,1136197
2017-06-07,82.04038307260727,85.44843919340863,81.7934222656899,83.22579193115234,925935
2017-06-08,84.36181847923332,85.10270094678516,82.63309272161233,83.57154083251953,1686672
2017-06-09,83.57153308965003,83.8184938892865,82.78126305280065,83.42335510253906,1189895
2017-06-12,83.02823018798506,83.12701300804827,80.55862200317463,81.05254364013672,1283053
2017-06-13,80.70679532444763,82.4849162951697,80.70679532444763,81.74403381347656,1076932
2017-06-14,81.49707259201422,82.18855989025764,79.76834680975938,81.0031509399414,1368433
2017-06-15,81.00314600054615,81.64524561641625,80.36104638467607,81.25010681152344,1207995
2017-06-16,81.69463124664301,82.58369165161629,81.29949998811769,82.18855285644531,1084615
2017-06-19,82.78127346143593,85.00392093763222,82.63309545569355,83.96668243408203,2240103
2017-06-20,83.96667221722333,84.2630281926482,82.08976862503864,83.86788940429688,1145490
2017-06-21,83.37397303809809,86.04114683781262,83.17639986319396,84.21363830566406,4206948
2017-06-22,84.95452283704863,85.3002664808004,82.63309261569107,83.27519226074219,1719610
2017-06-23,83.22579284387132,83.47275365349705,79.47198552290189,80.50922393798828,1883810
2017-06-27,80.80557901487191,81.44767108335654,77.94083214812198,79.02745819091797,1428252
2017-06-28,77.69386650440849,79.57077002692445,77.05176693925233,79.2744140625,1290396
2017-06-29,80.7067917327322,81.00314772687919,78.82989555862132,79.86712646484375,1374757
2017-06-30,79.7683418407434,83.17639801308896,78.63232060441294,81.1019287109375,3310104
2017-07-03,81.99099454332023,82.48491619719566,81.15132923906128,81.59585571289062,1726409
2017-07-04,81.69463843894799,82.38613327553705,80.50922948571863,81.44767761230469,971738
2017-07-05,81.49706047701548,82.97882521296121,80.06469091359267,81.99098205566406,1656981
2017-07-06,82.18855283884633,82.92943525339115,81.49706559992944,82.0403823852539,1363866
2017-07-07,81.49707051532135,82.58369661486309,81.3488925161461,81.79342651367188,431131
2017-07-10,82.18855026757444,82.9788278330233,81.74402384741285,82.08976745605469,191618
2017-07-11,82.2379552722218,82.97883775215172,81.20071678566137,81.44767761230469,848864
2017-07-12,81.29950733911922,82.3367382915018,81.05254651188817,81.74403381347656,832126
2017-07-13,81.74402982989561,84.90512524974677,81.59585183344878,83.62093353271484,4345474
2017-07-14,83.96667685127446,84.16424248803084,82.33673396977348,83.17639923095703,1400287
2017-07-17,83.17639976071995,85.05330346844367,82.88005130369788,84.06546020507812,3173062
2017-07-18,83.86788940429688,84.80633743206646,83.3739678030191,83.86788940429688,2679189
2017-07-19,83.96667246208656,84.95451566752287,83.91727728715652,84.31241607666016,2143662
2017-07-20,84.95452365858019,85.84358413442946,83.9666803602246,84.9051284790039,4198856
2017-07-21,85.00391873341114,85.30026720056489,83.47275860818824,84.60877990722656,1904318
2017-07-24,84.85574302756878,85.59662552046959,83.71972169779157,84.11486053466797,2692484
2017-07-25,84.06546277696899,84.85574042649749,83.67032395220474,84.01607513427734,1588103
2017-07-26,83.76910659137043,84.5099889932871,83.22578981530665,83.86788940429688,1215208
2017-07-27,83.96668224127872,84.41120872083867,82.73187809067167,83.52215576171875,1651658
2017-07-28,83.2257998478437,84.65816964955752,82.1885613454672,83.8185043334961,1083609
2017-07-31,83.077621842269,84.41120881914848,82.83066101185997,83.8185043334961,834584
2017-08-01,84.95451507494333,84.95451507494333,82.58368989110419,83.42335510253906,1792439
2017-08-02,82.4849068323771,83.9666716257731,82.43551165793906,82.97882843017578,621328
2017-08-03,82.43552314584797,82.88005716780266,80.01530999402075,80.65740966796875,612993
2017-08-04,80.50922123835637,81.00314284104567,79.47198285805062,80.26226043701172,603374
2017-08-07,79.17564753209113,82.78127733624372,79.17564753209113,81.49707794189453,1669536
2017-08-08,81.0525355306454,81.59584475495672,76.06392448179183,76.55784606933594,1935963
2017-08-09,77.05177468908968,78.38536158984088,74.18702771255074,75.37244415283203,1074908
2017-08-10,75.07608831415523,75.27365395295513,67.86482944826875,71.32228088378906,2843225
2017-08-11,71.12471549439366,80.41044374682427,66.67942077599406,76.11332702636719,6751806
2017-08-14,80.11408000439454,81.2501011632462,77.3975112724927,80.45982360839844,4096334
2017-08-16,81.39827888423396,81.39827888423396,79.02745376398533,80.01529693603516,1711894
2017-08-17,80.01530163850505,80.36104526171266,79.02745840840005,79.32381439208984,913685
2017-08-18,79.02746403898077,81.59585511291839,77.54569908824989,80.41044616699219,1704715
2017-08-21,82.48491294326264,82.830656580007,79.96590959321118,80.31166076660156,2315223
2017-08-22,80.50922510062017,81.101929544952,76.85420808003566,78.0890121459961,1894271
2017-08-23,78.48414161718401,80.65740124540245,77.7926543707688,79.32381439208984,2056030
2017-08-24,79.32381406402826,79.6201625098467,78.38535847732226,78.87928009033203,1108455
2017-08-28,78.53354159638441,79.47198970772047,78.43475877466159,78.92868041992188,1709567
2017-08-29,78.92867697436581,79.47198623844676,77.24933893180305,77.49629974365234,2088255
2017-08-30,78.63232679197851,78.92868280274001,77.44691782222542,78.58293914794922,1121132
2017-08-31,78.82989022590317,80.06469422357304,78.13839546522074,79.37319946289062,3983272
2017-09-01,80.01530253159717,81.10192858951191,78.78049848018362,80.80558013916016,1484517
2017-09-04,80.41044089077997,80.90436250861444,79.27441966243155,80.064697265625,1117656
2017-09-05,80.50923098736065,85.39905243144361,79.81774367452043,84.41120910644531,5442464
2017-09-06,84.55938822460142,87.4735305936594,84.31242739010396,86.63385772705078,5693689
2017-09-07,86.83143137558277,88.36258403557197,85.25088353377437,87.52291870117188,2254429
2017-09-08,88.31318780794957,89.10345788373047,85.7447968725314,86.04114532470703,4544334
2017-09-11,86.83142813404703,87.42413261051789,85.74480200440941,86.09054565429688,1128894
2017-09-12,86.53506847010391,86.63385128923296,83.9172823116309,84.21363830566406,2147460
2017-09-13,84.85573285430834,85.64600289667007,84.06545527530108,84.31241607666016,1411206
2017-09-14,84.85573793497193,86.09054201570015,83.32457786021055,84.21363830566406,2091343
2017-09-15,83.76911338976578,84.41120549422033,81.84281446646372,82.3861312866211,3995299
2017-09-18,82.5343060432636,83.37397129325717,81.00314600054615,81.25010681152344,2620758
2017-09-19,81.6946279317864,82.3861226794388,80.65739711527583,80.90435791015625,2823009
2017-09-20,81.49706956982908,82.48491283734215,79.86712667110329,80.16348266601562,5475324
2017-09-21,80.21286828525949,81.34888952158995,79.12624222571785,81.1019287109375,1863313
2017-09-22,80.80558632335631,81.25011280122726,77.89144401700834,78.1384048461914,1928622
2017-09-25,78.53354108786282,79.91652319296573,74.68095077244975,78.03961944580078,4518753
2017-09-26,78.82988862669932,79.27441504218427,76.26149033433408,76.85420227050781,1521639
2017-09-27,77.54570152309098,77.69387953014594,75.07609319433013,75.42183685302734,2033941
2017-09-28,76.45906525823403,79.07685124799077,74.38459604363936,75.76757049560547,3592828
2017-09-29,77.44691231462085,78.38536038755085,76.40967388736483,77.79265594482422,1067362
2017-10-03,79.0274624137983,79.0274624137983,76.65663703405514,77.44691467285156,719266
2017-10-04,77.64447784423828,78.28657746325345,76.7554174130362,77.64447784423828,566160
2017-10-05,77.49630090909928,80.65740387029687,77.249340093536,79.42259979248047,1746259
2017-10-06,80.01530446191724,80.60800891356521,79.42260001026928,79.86712646484375,1059594
2017-10-09,79.86713364584925,81.00315501002652,78.28658578712928,78.97807312011719,1965886
2017-10-10,79.02747062274875,79.71895797603905,77.89144922521736,78.4841537475586,1269590
2017-10-11,78.73109815995419,79.2744149217395,76.16270740813655,76.70602416992188,1268638
2017-10-12,76.5578444920559,78.48413562913343,74.73033616312296,77.94082641601562,4367047
2017-10-13,77.59509020378843,78.33597264034918,76.45906896039942,77.64447784423828,1883995
2017-10-16,77.24934377108936,78.089016613295,75.9651519910123,76.95299530029297,5056689
2017-10-17,77.74326097821044,78.4841434177867,76.85420808003566,78.0890121459961,1105666
2017-10-18,78.28657687348425,81.99098902838098,77.34812880890208,80.95375061035156,3156261
2017-10-19,81.59585511291839,81.69463793563786,79.66956369162675,80.41044616699219,596379
2017-10-23,80.65739886501395,81.15132046548966,79.02745607611496,79.6695556640625,1578741
2017-10-24,79.81773645670778,81.59584975892437,79.12624166975205,80.064697265625,1626277
2017-10-25,81.00314532485217,81.59584975892437,78.78049804459708,80.064697265625,2254189
2017-10-26,78.53354277406265,81.69463833647332,78.53354277406265,81.15132904052734,2324408
2017-10-27,81.15132884489982,83.27519345357754,80.50922919065125,80.85497283935547,1954734
2017-10-30,80.50922948124013,82.83065974422883,80.50922948124013,81.29950714111328,1283828
2017-10-31,81.10193425132934,83.96668135792913,81.05254660781247,81.8922119140625,3814111
2017-11-01,82.18855731592518,86.23872076537897,81.99099167594278,85.54722595214844,4403504
2017-11-02,86.23872528700932,87.32535143717814,84.0654654500252,84.41120910644531,4924423
2017-11-03,84.954520544402,85.3990469977085,82.92943884234798,83.91728210449219,1811683
2017-11-06,83.27519165025201,87.72048641727658,83.22579647151551,86.88081359863281,5900189
2017-11-07,87.12777441902307,88.26379570014747,84.60877857303016,86.88081359863281,6628995
2017-11-08,87.02898571284047,87.67108530976222,84.26302923350576,85.49783325195312,3816168
2017-11-09,86.23871072942839,87.07837590660743,82.28733809644923,85.89295959472656,6271263
2017-11-10,84.46060604266266,84.95452771542678,81.99099767884212,82.73188018798828,3120604
2017-11-13,82.68247186181863,83.07761064454306,80.0152982675582,82.08976745605469,4649776
2017-11-14,82.0897718451824,82.18855466198382,79.6201637419179,80.95375061035156,4092197
2017-11-15,80.95374924520293,81.20071005136481,77.84204911687992,78.7311019897461,2843250
2017-11-16,79.02745842430284,79.86712366273191,77.54569357884716,79.47198486328125,1452459
2017-11-17,80.65740060378954,83.86789107609201,79.66955738154263,82.48490905761719,2316039
2017-11-20,83.2257892290751,83.9666716257731,81.69462926124106,82.97882843017578,2222283
2017-11-21,82.97883233947988,85.74479643212086,82.97883233947988,85.30026245117188,2542547
2017-11-22,85.05330141204662,85.34965739854945,82.97883211646418,84.8557357788086,1105845
2017-11-23,85.39903786965081,86.13992023706818,83.67031234567695,85.59661102294922,1970891
2017-11-24,86.58446110203927,86.6832439182637,83.81849702788081,84.26303100585938,3577664
2017-11-27,84.01607621832572,86.43628930418436,83.22579855860036,86.09054565429688,2266218
2017-11-28,86.38689205812952,89.69617308451721,85.44844395421566,87.02899169921875,6919983
2017-11-29,87.02899675490269,88.36258375669952,86.18933142315258,86.93021392822266,3032555
2017-11-30,86.58445928085767,86.9302028986938,84.80633847963523,85.49783325195312,2104532
2017-12-01,85.94235801696777,87.47351798480182,82.18855085903972,82.97882843017578,2854448
2017-12-04,84.1642400929206,84.36181326070047,81.20071040603402,83.37397003173828,1538493
2017-12-05,83.42336540278156,84.41120872329594,82.3861344382293,83.67032623291016,1532937
2017-12-06,83.76911561142968,84.65816856014438,81.34889498257762,81.74403381347656,1758981
2017-12-07,81.99098800386207,83.7197136545459,81.8428100121886,83.37397003173828,1115091
2017-12-08,83.91728040485138,85.6954012553557,83.22579315001404,85.30026245117188,1840531
2017-12-11,86.2881005716676,86.2881005716676,84.6581578115584,85.25086975097656,1037115
2017-12-12,85.25088006066949,87.02899348402146,83.7691151062197,85.64601135253906,2650157
2017-12-13,86.13992987871613,86.88081232906052,84.06546052508104,84.65816497802734,2751418
2017-12-14,84.36181826967537,85.15208837777989,82.08977569350172,83.12701416015625,2349076
2017-12-15,83.76911659427873,85.05330838895958,83.42336540278156,83.67032623291016,1465468
2017-12-18,83.67032435605942,85.54722813026429,79.66956351970707,84.9051284790039,3354494
2017-12-19,84.95451926010463,86.33750131352853,84.95451926010463,86.04114532470703,1562337
2017-12-20,86.43629225817594,87.9180572683161,85.34966609140247,86.93021392822266,2551331
2017-12-21,87.91805870978388,90.83219359617982,86.93021535349416,89.89374542236328,8105400
2017-12-22,90.73340556421178,91.42490039594455,89.30103579439849,89.69617462158203,3675174
2017-12-26,89.99252299068563,90.58522746248711,89.20225287383242,89.5479965209961,802662
2017-12-27,89.99251260515166,91.02975096358703,88.51074782832706,89.301025390625,1832936
2017-12-28,89.79495073244836,92.36334161219634,89.35041675885144,91.32610321044922,5532179
2017-12-29,92.5609049638302,93.0548265645692,90.4864357480555,91.6718521118164,3799019
2018-01-01,92.1657737125554,94.04266976604718,90.93096971070791,91.6718521118164,3638378
2018-01-02,92.01760211549009,92.31395057452713,88.41197267236069,89.44921112060547,6490959
2018-01-03,89.99251814714624,92.16577780897839,89.74555733580026,90.09130096435547,3765509
2018-01-04,90.58522558947702,92.2151685057138,89.39981667038451,90.78279876708984,4606295
2018-01-05,91.22731816931916,92.61030015902301,90.98035736889511,91.82002258300781,2789287
2018-01-08,92.06698793229482,95.82079529886758,91.77063947913122,95.17869567871094,8559470
2018-01-09,95.7714015411293,96.31471835161733,92.80787174569491,93.20301055908203,4866575
2018-01-10,93.49935913085938,94.53658995493348,92.80786437816457,93.49935913085938,3486222
2018-01-11,93.40058277400794,97.30256061656195,92.75848315093495,95.9195785522461,6113847
2018-01-12,96.70985412597656,97.94465816860485,95.37626726726717,96.70985412597656,9705145
2018-01-15,97.15439025402607,97.79648992754633,95.57384242919301,95.77140808105469,2973194
2018-01-16,95.77140186908632,96.31471868143488,91.72124597545263,93.79571533203125,5542778
2018-01-17,93.69693364132232,96.31471984178731,91.57306908107164,95.72201538085938,4043035
2018-01-18,96.11715259507822,97.35195667499111,92.06698918364712,92.90666198730469,3530290
2018-01-19,93.35118918187061,94.68477609142526,92.56091154979953,94.24024963378906,1546000
2018-01-22,93.64754072654117,96.95681402232181,93.20300675338974,95.22808837890625,2255419
2018-01-23,94.43780491228316,96.01835246637022,93.05482297621502,93.99327850341797,2400009
2018-01-24,93.64754714115539,93.84511278499163,92.11638702316283,93.30179595947266,1470329
2018-01-25,93.30179207172984,94.24024768246346,90.53583549004466,90.98036193847656,2917292
2018-01-29,90.48644484374735,92.70909227049322,89.4986015429714,89.99252319335938,3079013
2018-01-30,90.38765705925296,92.01759992338835,89.20224817805226,90.2394790649414,2646255
2018-01-31,89.3998135876241,90.88157845371731,89.20224795347,89.79495239257812,3626487
2018-02-01,89.84435041561565,91.27672780702532,86.8808203409502,90.33827209472656,4010086
2018-02-02,88.11560871374392,89.39980786345726,83.07760999893343,84.95451354980469,7773227
2018-02-05,83.07761725795518,85.25087696761967,82.38612998562549,84.65816497802734,2029536
2018-02-06,80.01529860198086,82.97882817983199,79.42259419373971,82.5343017578125,2589630
2018-02-07,83.8185047124545,85.94236937090382,83.2751954050861,84.55938720703125,3015722
2018-02-08,86.63385582470781,88.16501597962882,84.75695955305804,87.72048950195312,2572376
2018-02-09,85.54723183538317,87.6710965261632,85.05331016481324,87.0783920288086,1238671
2018-02-12,86.93020756687153,90.88158063809297,86.63385157187152,89.1528549194336,2663076
2018-02-14,87.91804528849688,89.74555371132193,85.94235887751942,88.3625717163086,2822925
2018-02-15,88.85650016175485,89.49859980209872,85.9423654958083,86.88081359863281,867202
2018-02-16,86.93020414867303,88.31318617654925,82.58369243391023,83.37397003173828,3635709
2018-02-19,83.32457907409328,83.6703227144048,81.00314887583455,81.79342651367188,4824745
2018-02-20,81.99099174521756,82.38613056216228,80.70679247430874,81.20071411132812,1247709
2018-02-21,81.49706762250071,81.84281125053973,80.45982920173782,81.25010681152344,1467233
2018-02-22,81.00314261322842,81.2501034138785,79.32381218346603,79.96590423583984,1295339
2018-02-23,79.86712749848361,82.23795287240468,79.66956185759273,81.64524841308594,2229525
2018-02-26,82.48491369184133,82.58369651228676,81.39828759364929,81.64524841308594,978192
2018-02-27,82.18856287554715,82.6824845455604,81.49707555218723,81.84281921386719,788962
2018-02-28,81.05253940001744,82.73186986317891,80.85496623358065,82.48490905761719,887523
2018-03-01,82.18855737583266,82.83065701121258,80.21287082798432,81.05254364013672,3926375
2018-03-05,80.65739600207205,81.00313960280374,78.28657089661215,79.2744140625,2817040
2018-03-06,79.66957032888797,80.41045286597624,77.94084440901534,78.4841537475586,3340337
2018-03-07,78.63233063582507,78.63233063582507,75.32305685823523,75.96515655517578,2406306
2018-03-08,76.5578520895468,78.63232141303114,74.18702677557359,78.0890121459961,2615472
2018-03-09,78.08900650263207,78.87927652574768,76.75541217845475,77.2987289428711,1128440
2018-03-12,77.54568877741548,80.06469187337817,77.39751079471557,79.71894073486328,2601765
2018-03-13,79.52138113468251,81.74402843347798,79.22502514685144,81.25010681152344,2975392
2018-03-14,80.90436595477598,81.99099205296802,80.11408831792026,81.64524841308594,789082
2018-03-15,81.3982850318771,82.18855510721528,80.80558059121199,81.69463348388672,786868
2018-03-16,81.39829385886819,81.79343270770984,77.44692044374494,78.97807312011719,4205084
2018-03-19,79.2250179951856,79.2250179951856,77.10116124181889,77.94082641601562,1183660
2018-03-20,77.44690938862533,78.03961380895919,76.261493011312,77.10116577148438,1257097
2018-03-21,77.1505579386728,77.79265757199306,75.61940539098946,76.11332702636719,1419016
2018-03-22,76.31089213519147,76.65663577022235,74.8291272393625,75.2242660522461,978446
2018-03-23,73.39676131813766,74.4339922768854,72.11256199399698,72.90283966064453,1477187
2018-03-26,72.60648486556927,75.81697569295838,72.01378037399597,75.42183685302734,1763531
2018-03-27,76.06393652583446,78.82990086870524,73.10040653132144,75.42183685302734,1287476
2018-03-28,73.94006264644173,77.00237508536097,73.49553621728971,76.65663146972656,2993788
2018-04-02,76.45907169853152,78.48414590899814,76.014537698688,78.03961944580078,824024
2018-04-03,77.94082972855567,79.62016014832189,76.16270895980105,79.22502136230469,824649
2018-04-04,79.4226014482873,80.31166191017948,77.24934170403459,77.89144134521484,756907
2018-04-05,78.6323196090289,79.86712364666015,78.6323196090289,79.32381439208984,423202
2018-04-06,79.22502504264966,82.58369357485223,78.13839898310802,81.1019287109375,2021344
2018-04-09,80.90437021906841,81.29950905832317,79.57078323114926,80.21287536621094,1182390
2018-04-10,80.16347517781452,81.20070598982622,79.86711921058529,80.45982360839844,896950
2018-04-11,80.65740709566953,81.0031507439547,79.76834661676028,80.70679473876953,1265058
2018-04-12,80.21286988029537,81.00314750475627,79.12624379914614,79.42259979248047,713678
2018-04-13,79.07685091211304,80.1634769211762,78.63231695160165,79.22502136230469,485465
2018-04-16,78.78049273883929,80.11407950984795,78.28657115426977,79.71894073486328,334730
2018-04-17,79.9165201486519,81.89220664163885,79.47198616574231,81.54646301269531,968522
2018-04-18,82.0897718451824,82.28734501543104,80.5586193431459,80.95375061035156,1017743
2018-04-19,81.00314958445414,83.91728426826077,80.60801076207878,83.12701416015625,1576841
2018-04-20,83.17639095093597,83.57152972175952,81.54645576833728,82.13916015625,1156183
2018-04-23,81.79342382431868,83.07761552277269,81.10192902978572,81.54646301269531,719577
2018-04-24,81.10192378686122,82.43551057608704,81.10192378686122,81.34888458251953,796400
2018-04-25,81.25010885728565,81.25010885728565,80.01530477130868,80.31166076660156,922852
2018-04-26,79.52138588769847,82.63309379932898,79.52138588769847,80.85497283935547,6328807
2018-04-27,80.3116569364655,83.67031786082848,76.31088887404192,78.28657531738281,2930889
2018-04-30,79.71895010318897,83.86789642313155,77.54569789034726,82.83065795898438,2434950
2018-05-02,82.08977686855656,83.37397617549728,79.96591226245287,80.70679473876953,2229689
2018-05-03,80.50922909307694,81.59585521767877,79.2744249658825,80.70679473876953,774612
2018-05-04,80.60800369030817,81.29949845296147,79.42259486382464,79.6695556640625,1783499
2018-05-07,80.01530519714004,81.99099174521756,79.32381791997132,81.20071411132812,818874
2018-05-08,81.299496689294,81.4970623105402,79.96590236762343,80.90435791015625,1670829
2018-05-09,80.01529963566708,81.59584725694373,80.01529963566708,80.26226043701172,444732
2018-05-10,80.9043666849652,81.00314950630218,78.03961964631551,78.33597564697266,564851
2018-05-11,79.02746251689783,79.27442333726313,77.15055877479227,77.5950927734375,672605
2018-05-14,76.75542035899616,79.2744237546433,76.26149871566506,78.33597564697266,1313302
2018-05-15,78.03962113676309,79.02746444229173,76.01453934577083,76.50846099853516,2138114
2018-05-16,75.12548312944465,75.91575321747453,74.38460068255326,75.07608795166016,1534518
2018-05-17,75.4712321276699,77.00238477140879,74.73034962812466,75.57001495361328,666485
2018-05-18,75.42183003978747,77.44691170109398,71.42106943059196,72.55708312988281,2019881
2018-05-21,72.70526263648702,73.10040144894566,69.84051566696941,70.72957611083984,2494374
2018-05-22,70.82835798510737,75.17486979088801,70.3838315374241,73.4461441040039,1623165
2018-05-23,72.6558725801062,73.64371581009189,70.43322531263838,71.0753173828125,489936
2018-05-24,71.07531490856975,72.11255327860513,69.59355011517376,71.12471008300781,779376
2018-05-25,71.1247117018167,74.87851894518195,71.1247117018167,73.79188537597656,1862789
2018-05-28,74.08824323509855,77.54569458606981,73.64371679034629,76.90359497070312,1703727
2018-05-29,77.94083315863075,78.53353759541794,75.61940305150416,76.45906829833984,2053582
2018-05-30,74.3846061520483,79.02746681263181,74.3846061520483,75.86637115478516,3456787
2018-05-31,75.12548865353294,75.52061995827948,59.76452177714526,60.75236511230469,21626153
2018-06-01,62.23412349760051,66.03731842623584,52.99779080330165,58.48031997680664,54901475
2018-06-04,59.27059504046461,59.46816444426409,54.82530041242977,56.208282470703125,17560463
2018-06-05,56.10949773944432,57.29491043310419,53.59049812061901,54.973480224609375,9401148
2018-06-06,55.91192559433399,57.44308562326046,55.31922116065611,56.8997688293457,8168911
2018-06-07,58.628494601613575,58.628494601613575,56.10949510122923,57.04794692993164,8113084
2018-06-08,57.294911473890195,61.09810667646572,56.70220700045507,59.22120666503906,19312049
2018-06-11,59.27059873296256,59.76452038907058,57.838225176584665,58.08518600463867,5355715
2018-06-12,58.67788977811599,58.67788977811599,56.60341671967019,57.04794692993164,4992718
2018-06-13,57.0479502426577,57.49248047873264,55.467402479194696,56.15888977050781,4696214
2018-06-14,55.76375481196712,57.09734175421641,55.46740257683651,56.30706787109375,5490200
2018-06-15,56.307063598632816,57.64065043969235,55.31922037760417,55.56618118286133,6794770
2018-06-18,55.51679027394505,55.615573089605725,53.63988662980927,54.281986236572266,5459649
2018-06-19,53.34353469614352,53.788064905609296,49.63912256446689,50.52818298339844,20145569
2018-06-20,50.478787809973724,53.09657389050939,49.73790538359452,52.70143508911133,15129473
2018-06-21,54.3313776444026,55.31922087430083,53.49171240631826,54.281986236572266,18473211
2018-06-22,53.68927693370917,55.36861114367116,52.99778970165671,54.52894592285156,10213464
2018-06-25,55.072262362754095,55.418006000303166,53.04718441070308,53.78806686401367,6357171
2018-06-26,53.14596363803511,54.82529783902103,52.60265062933099,54.084415435791016,6310170
2018-06-27,54.47955808525402,54.47955808525402,46.181673073762184,49.5897331237793,20843462
2018-06-28,49.935477218635675,55.51679327677592,48.84885111430258,54.973480224609375,34445737
2018-06-29,54.28198932498176,56.554028129352254,53.936241913852136,55.269832611083984,10243783
2018-07-02,55.31921955690545,58.67788796590383,54.825297953718795,58.28274917602539,11280059
2018-07-03,57.29490502398947,57.93700460486327,56.307061833920685,56.80098342895508,4810209
2018-07-04,56.55402659121222,57.78883066525616,52.70143637286595,57.09733963012695,11562871
2018-07-05,56.85037403050521,58.67788616727142,54.430157495412075,57.49247360229492,8898937
2018-07-06,57.788831919354315,59.962087890498914,57.04794945884977,59.31998825073242,13455416
2018-07-09,60.94993376758066,61.14750318579609,58.52971687316895,59.270599365234375,5610407
2018-07-10,58.87545700255352,60.5547913043188,57.73943951042038,59.715126037597656,5867884
2018-07-11,58.480321431662176,60.060869131846445,58.43093002259197,58.82606506347656,5678401
2018-07-12,58.87545489810967,59.813906718639466,57.14672924862112,58.3321418762207,3767840
2018-07-13,57.98639979774866,58.62849565223452,55.319222256707114,56.652809143066406,5970636
2018-07-16,56.35645405203184,56.50463204000695,53.343533032561005,54.084415435791016,5623406
2018-07-17,53.837455781977226,58.77667190876413,53.68927779084448,58.035789489746094,7814192
2018-07-18,58.43093161099536,59.41877489254508,55.22044094595876,57.146732330322266,5872408
2018-07-19,57.64064781771532,58.97423836643488,56.60341323648188,57.49247360229492,4316077
2018-07-20,56.554020054114666,59.31998010659026,55.76374629173914,58.579097747802734,4695898
2018-07-23,60.75235962697337,62.13534167865641,56.80098664310519,60.110260009765625,18068433
2018-07-24,60.110261630125706,63.61710826249925,58.28275308315268,62.92561721801758,12163670
2018-07-25,62.97500766167047,63.32075129444456,60.702968923227736,61.29567337036133,11027624
2018-07-26,61.74020245817135,62.18473266953477,60.11025960594647,61.542633056640625,6224270
2018-07-27,61.04871077356125,64.40737548979354,60.999319365796026,62.53047561645508,7920141
2018-07-30,63.02440009389722,63.91345677902888,62.579869867169876,63.07379150390625,6202043
2018-07-31,63.419532760827614,63.91345437901676,62.72804551002113,63.2713623046875,4463033
2018-08-01,63.46892999943066,64.20981245078588,62.08594791623837,62.48108673095703,6605024
2018-08-02,62.382300173695995,62.382300173695995,60.25843576640348,60.60417938232422,5946189
2018-08-03,61.19689209553364,62.67865701906558,61.19689209553364,61.78959655761719,6977322
2018-08-06,61.838986243137356,62.23412505238645,60.30782995186228,60.99932098388672,4808667
2018-08-07,61.4438509128685,61.7402031342483,57.78883013365641,58.381534576416016,8091361
2018-08-08,58.52970912950662,58.924847913659384,55.81314035134387,56.949161529541016,6687632
2018-08-09,56.7515954343236,61.14749864802182,56.30706521840841,60.4066162109375,7775583
2018-08-10,60.406615660546144,61.4438503093489,59.02363361659386,59.517555236816406,5069147
2018-08-13,58.579106342434166,60.900540334892305,57.591263052449364,60.35722351074219,6795968
2018-08-14,60.20904750618722,61.09810418001328,57.98640016913757,59.41877365112305,3865266
2018-08-16,58.23335916927648,59.81390683014036,57.788828962057615,58.48031997680664,7604763
2018-08-17,58.33214471533899,59.171813761238035,57.887614487312796,58.875457763671875,4014691
2018-08-20,60.65357789167146,60.65357789167146,59.1718129962885,59.715126037597656,4503688
2018-08-21,60.258439400768225,61.14749985007598,59.56694835889809,60.307830810546875,10787177
2018-08-23,60.30782794145928,61.04871035786129,59.270593312161026,59.7645149230957,1924045
2018-08-24,59.56694345556706,59.912690832203,58.0851786742429,58.52970886230469,2473317
2018-08-27,58.57910056501302,59.76451314974693,58.57910056501302,58.974239349365234,4035682
2018-08-28,58.97424300003571,59.71512544031676,58.381534786817106,58.67789077758789,2454908
2018-08-29,58.67789056611876,59.073025605184185,57.78883013365641,58.381534576416016,1962961
2018-08-30,58.57910056501302,59.36937436539472,57.93700475084409,58.974239349365234,2241061
2018-08-31,58.97424017415126,59.07302298745948,57.690044759530515,58.28274917602539,3756469
2018-09-03,58.77667430259301,59.073026528605354,57.29490940420831,57.69004821777344,4594784
2018-09-04,57.49247709241217,57.88761212584282,54.528947384229305,54.874691009521484,6825470
2018-09-05,54.133809017069396,55.911926102589504,52.800222145010046,55.61557388305664,5217622
2018-09-06,55.368615432364976,55.81314566477559,54.18320273537769,55.269832611083984,3521013
2018-09-07,55.17104366959588,56.208282090445294,54.47955641346017,55.61557388305664,1622290
2018-09-10,54.973478723963225,55.76375257538951,54.331379099997704,54.62773132324219,1639482
2018-09-11,54.825305196974014,55.26983545223575,52.997796531070854,53.34354019165039,1698931
2018-09-12,52.8990027265132,54.33137612343187,52.55325911305683,53.93623733520508,2450200
2018-09-14,54.57833845187716,54.77590785152138,53.98563402126737,54.281986236572266,2491921
2018-09-17,53.837459564208984,54.23259838944068,53.343537916830925,53.837459564208984,2498763
2018-09-18,53.68927580400949,54.33137538405928,52.405080412232635,52.75082778930664,1901741
2018-09-19,53.14596280383344,53.24474938370718,52.00994539770583,52.75082778930664,1602320
2018-09-21,52.997792485536465,53.19535812317335,47.515259369684216,50.72574996948242,9462350
2018-09-24,51.367845813101745,51.367845813101745,47.51525586979003,48.848846435546875,3154983
2018-09-25,48.404318746827194,49.392161986558364,47.465866915418005,48.79945755004883,3299355
2018-09-26,49.24398876621111,49.29338394764359,46.428636767430284,48.10797119140625,4344840
2018-09-27,48.30553813690524,48.700673189854754,44.502339229206534,45.98410415649414,4436504
2018-09-28,46.23105733693815,46.37923531250624,43.51448875255445,44.25537109375,4227484
2018-10-01,44.55173145451768,45.44079193447803,42.42787061422618,45.144439697265625,2632443
2018-10-03,45.09504514891591,45.588966766019816,43.613280297604184,44.156593322753906,2929417
2018-10-04,43.95902364267468,44.699906063618634,42.47725880078677,43.71206283569336,1719289
2018-10-05,43.71206636797494,44.008418606635566,39.76069313697156,40.79792785644531,2424841
2018-10-08,40.50157407688766,41.143673709826054,38.82223976393746,40.30400466918945,2501717
2018-10-09,40.40279120049618,41.686986696247644,39.21737852429367,40.15583038330078,2149162
2018-10-10,40.45218147797204,40.797925105038665,38.92102520788384,40.40279006958008,2317347
2018-10-11,39.51372988904347,39.76069070084999,38.03196501820434,38.67406463623047,2988772
2018-10-12,39.4149503668945,40.35339851555889,39.26677236009316,40.10643768310547,2984102
2018-10-15,40.60035570314792,40.69914228825475,39.81008186390783,40.40279006958008,1999564
2018-10-16,40.40279006958008,43.16875039108182,40.05704267419054,40.40279006958008,2689814
2018-10-17,40.748536507827374,41.19306675066831,38.18014541102692,38.476497650146484,3976084
2018-10-19,38.32831766609153,38.8222392952121,36.895944187977285,37.24169158935547,3477100
2018-10-22,37.982576266396514,37.982576266396514,36.35263328712946,36.59959411621094,4286441
2018-10-23,36.59959406657629,36.747772071153506,35.41418133492814,36.451419830322266,2622716
2018-10-24,36.64898370918605,37.1429053428318,35.16721880824877,35.66114044189453,4275262
2018-10-25,35.562355041503906,35.908098652633875,34.57451184590657,35.562355041503906,2309048
2018-10-26,35.710532347272995,35.75992375244656,34.17937240863387,34.52511978149414,2393988
2018-10-29,35.16721747222344,35.75992567107479,34.37694364207784,35.46357345581055,3072365
2018-10-30,35.562355987110735,36.15506041290011,34.67329558010383,35.01904296875,6902989
2018-10-31,35.41417799650197,35.41417799650197,34.22876914492321,35.01904296875,3023751
2018-11-01,35.36478789276476,35.56235729808539,34.772083445125865,35.06843566894531,5183132
2018-11-02,35.51296573107322,38.32831749733554,35.36478773566027,36.94533920288086,12674044
2018-11-05,37.63682978985461,37.63682978985461,35.71053828930304,35.908103942871094,4184927
2018-11-06,36.05627909306103,36.303239908766926,35.117827239714025,35.36478805541992,2811813
2018-11-07,35.56235782655327,36.25384887128974,35.3647884182967,35.957496643066406,590106
2018-11-09,36.451418070386154,36.451418070386154,35.414179625071654,35.66114044189453,4289835
2018-11-12,35.90810219704337,35.95749737635711,34.57451525868065,34.96965408325195,3622772
2018-11-13,35.562355987110735,35.562355987110735,34.376943367209144,35.01904296875,4663522
2018-11-14,36.056277819980934,36.747768833206784,32.450648530653694,33.29031753540039,17219964
2018-11-15,33.586669267926894,34.87086469215366,33.142139068069184,34.57451248168945,6490752
2018-11-16,34.77208123869059,35.80931584040324,34.32755104700724,35.562355041503906,5565194
2018-11-19,35.75992948638055,39.46434199322267,35.364790644988084,37.93318557739258,25332808
2018-11-20,37.93318148212902,38.62466872742802,36.99472966137956,37.488651275634766,6495181
2018-11-21,37.7356127977011,39.21737766854023,36.797160959171734,38.67406463623047,7877175
2018-11-22,39.118591517645314,40.89671239707526,38.377709073990495,39.414947509765625,18088987
2018-11-26,39.81008369882292,39.958261699151485,38.47649676915815,39.16798782348633,5916040
2018-11-27,39.21737653444302,39.76068955104113,38.624668342253685,38.921024322509766,3431472
2018-11-28,39.06920010977238,39.16798669659028,36.55020055492208,37.24169158935547,4101562
2018-11-29,37.538044135948645,38.47649599301196,36.35263146220145,37.83439636230469,5783475
2018-11-30,38.13074505107567,39.316157614846055,37.73561004203399,38.27892303466797,4614742
2018-12-03,38.42710486743721,42.131517145082576,38.081357460529816,40.60035705566406,10643538
2018-12-04,41.98333892321752,41.98333892321752,39.81008297823342,40.15583038330078,11360381
2018-12-05,39.859473518243426,40.69914253937936,37.982573609507625,38.67406463623047,6823363
2018-12-06,38.62466971983847,38.62466971983847,36.15506158510909,36.94533920288086,6041693
2018-12-07,37.241690186444515,37.735611796958835,36.25384696541587,37.04412078857422,4803114
2018-12-10,35.661143422153486,37.439264466537054,35.661143422153486,36.50081253051758,4561312
2018-12-11,35.66114149429518,37.933184090774624,35.66114149429518,37.58743667602539,3609644
2018-12-12,37.93318225924,39.01980832553326,37.78500426459867,38.82223892211914,3542638
2018-12-13,39.513732371226546,39.513732371226546,38.13075023090435,38.476497650146484,3842634
2018-12-14,38.47649473101687,40.995494224906814,37.53804290473395,39.95825958251953,7225487
2018-12-17,40.501573752378135,41.24245619906798,39.414947671228894,39.711299896240234,6100950
2018-12-18,39.71129615305436,40.05703975492398,39.16798316369241,39.85947036743164,2414219
2018-12-19,40.05704785898772,41.44003008290681,39.76069560195461,40.748538970947266,7196341
2018-12-20,40.40278961862367,40.797924649671955,39.41494638851867,39.66190719604492,3996397
2018-12-21,39.711300431096625,43.26753471577624,39.711300431096625,42.921791076660156,23990556
2018-12-24,43.26753487342802,44.79869120245733,42.032730774481315,43.218143463134766,20914677
2018-12-26,42.921788899557285,44.05780634783346,41.53880687659524,43.56388473510742,10242729
2018-12-27,43.95902346876362,44.452945080772196,43.31692386582333,43.41571044921875,7092325
2018-12-28,43.95902572384401,45.29261263735051,43.31692608796426,45.09504699707031,8218234
2018-12-31,45.3420099246696,45.588970754829404,44.15659718623789,44.304771423339844,6527752
2019-01-01,44.40355722007305,45.49018334595957,43.95902698009287,45.144439697265625,6173722
2019-01-02,44.897478111908825,45.34200834436794,43.563887414531486,43.810848236083984,5001467
2019-01-03,43.76145756775236,44.10720498478453,42.477262027560506,42.82300567626953,6166173
2019-01-04,42.87240260268995,44.008420186388705,42.57604658506799,43.76145935058594,4166125
2019-01-07,44.40355159748409,44.55172581316619,43.761452024560306,44.20598220825195,3131334
2019-01-08,43.959023434182875,46.72498370559049,43.46510182256284,45.44078826904297,8015187
2019-01-09,45.68774728542518,45.88531667599967,44.452943304738014,44.6505126953125,5898867
2019-01-10,44.601123976735,45.49018063539718,44.40355457425799,44.89747619628906,3149571
2019-01-11,44.50233564367225,45.04564865290526,43.76145323972102,44.107200622558594,3426079
2019-01-14,44.15659533199887,44.20598674229213,42.97118264334542,43.218143463134766,3866161
2019-01-15,43.21813891605459,44.452942885084724,43.21813891605459,44.057804107666016,3742086
2019-01-16,43.86024110615614,44.798689163995256,43.86024110615614,44.156593322753906,2953827
2019-01-17,44.15659522805793,44.403556047265944,42.477260903778806,43.06996536254883,3652971
2019-01-18,43.46510127910656,43.46510127910656,42.27968867237546,42.526649475097656,2458045
2019-01-21,42.625438156990285,43.02057319981723,41.34123890491453,41.73637771606445,3115243
2019-01-22,41.686986037602644,41.98333825989022,39.85947375823718,41.291847229003906,5034549
2019-01-23,41.39063041621638,41.53880463103027,39.6619048651292,40.00764846801758,4514950
2019-01-24,40.007651227854424,40.007651227854424,37.8837867541083,38.22953414916992,6363671
2019-01-25,38.42710280534346,39.16798522111494,35.80931676228841,37.04412078857422,7087288
2019-01-28,37.04412146790387,37.192299461104646,35.80931741897374,36.056278228759766,5434125
2019-01-29,36.352632006048225,37.142905877594764,35.85871036529126,36.550201416015625,4437108
2019-01-30,36.846553902491614,37.538044958014396,36.10567143621502,36.99473190307617,4738617
2019-01-31,37.48865360138697,37.58743642303724,36.50081031159192,37.142906188964844,3715189
2019-02-01,37.19230034127663,38.18014360379848,36.64898353223122,37.53804397583008,3803200
2019-02-04,37.785008037297786,37.785008037297786,36.10567359308656,36.35263442993164,2683898
2019-02-05,35.90809847065981,36.352628660090375,30.17860871889559,31.36402130126953,15669519
2019-02-06,30.77132035928823,32.54943954195272,29.73408558252187,32.154300689697266,10101973
2019-02-07,32.20368989642465,35.80931942902082,31.80855483958105,35.117828369140625,11038340
2019-02-08,34.57451259240737,35.5623558093333,33.48788656111799,34.72269058227539,4523005
2019-02-11,34.47573051211911,34.82147413807581,32.895179070390014,33.88302230834961,3749840
2019-02-12,33.58666975011922,34.27816076334507,32.40125712292103,33.29031753540039,5884724
2019-02-14,21.584374613438314,29.388335631076863,20.003825093422066,28.499277114868164,168946559
2019-02-15,28.153531869452983,29.783472811378505,26.227236829983738,28.943805694580078,53533321
2019-02-18,29.141374916865907,30.474963637351376,28.15353169934503,28.64745330810547,30369046
2019-02-19,28.598062407253764,29.240160133179092,27.61021917224205,28.44988441467285,33413016
2019-02-20,29.04259034612662,30.524355178930644,28.351101221314927,29.88225746154785,37444429
2019-02-21,29.487120504213827,31.56159164377647,29.289551106479703,30.820709228515625,23783335
2019-02-22,30.820709228515625,31.31463083868952,30.129218220607605,30.820709228515625,21323379
2019-02-25,30.672533289783694,31.512200460075942,30.376181057521276,31.117063522338867,8723031
2019-02-26,30.62314216671711,31.06767240344698,26.721160395035305,30.474966049194336,41444297
2019-02-27,30.820710010788396,32.05551406756419,30.27739509531017,31.067670822143555,15842227
2019-02-28,30.919493255187636,32.10490591973475,30.474964919103584,31.80855369567871,11257334
2019-03-01,32.05551615472379,36.648985284020334,32.05551615472379,36.15506362915039,48521743
2019-03-05,36.056280320201985,38.77284938542268,35.41418067018421,37.58743667602539,23289184
2019-03-06,37.58743230430551,38.27892328505491,36.155058937393754,36.6983757019043,18020416
2019-03-07,37.6862210806767,37.73561248896932,35.75992601068112,36.056278228759766,11759906
2019-03-08,35.85870865840523,36.45141686009433,35.31539563309905,35.759925842285156,7241162
2019-03-11,34.475732868166446,38.97041915438174,33.83363321228291,38.180145263671875,45621214
2019-03-12,39.01980780366286,42.87239792958151,36.9453385163669,42.13151550292969,59668149
2019-03-13,41.58819945129148,42.57604270446537,40.00765175354245,41.291847229003906,33725879
2019-03-14,40.99549648531998,42.37847859697327,40.20522260794228,41.637596130371094,18824270
2019-03-15,41.5881982237933,44.6505144792402,41.29184601025272,43.41571044921875,37210991
2019-03-18,43.46510103180509,44.551727050271104,43.0205708357698,44.107200622558594,15700336
2019-03-19,44.69990748643922,46.62620259587302,44.20598585675481,46.082889556884766,26915355
2019-03-20,46.32984965384376,46.77437609901339,44.55172879987356,44.89747619628906,19398656
2019-03-22,45.045653715876036,45.68775337879925,43.56388874142849,43.86024475097656,11465776
2019-03-25,42.97118162641405,44.4529465100835,42.62543799422037,43.61328125,11635581
2019-03-26,43.66267499410222,44.25537947193726,43.06996674794401,43.26753616333008,6221101
2019-03-27,43.761457258431044,43.761457258431044,42.03273149045887,42.23030090332031,6728741
2019-03-28,42.180907350717426,43.563885633889335,41.83515995368225,42.872398376464844,7817114
2019-04-01,42.42786784736515,42.921789466616616,39.90886834284728,40.25461196899414,9284182
2019-04-02,40.00765244180366,41.93394757229584,39.71130021441787,40.30400466918945,10698157
2019-04-03,40.550963842145705,40.995494049357525,39.266768396673775,39.66190719604492,7530077
2019-04-04,40.007651743557545,40.45218196103944,38.82223908638014,39.11859130859375,7646415
2019-04-05,39.316162803966314,39.51373221872457,38.03196726052239,38.180145263671875,6112729
2019-04-08,38.180142740824806,39.513729607757455,37.93318193077632,38.22953414916992,8099152
2019-04-09,38.42710510603865,39.01980956681291,37.587436056898206,38.72345733642578,5036134
2019-04-10,38.525888814554584,38.970419054541,37.933184340121464,38.03196716308594,4333592
2019-04-11,38.08135555649589,39.66190697692557,36.94533810914499,39.36555099487305,11516454
2019-04-12,39.56311860103521,39.90886597499123,38.278923220839324,38.57527542114258,12885333
2019-04-15,38.67406181203231,39.01980541598412,38.18014022448821,38.27892303466797,7518495
2019-04-16,38.47649750164768,38.822241151232255,37.63682843100589,38.180145263671875,6497648
2019-04-18,38.08135903905568,38.42710646029479,36.05628099699849,36.451419830322266,9521953
2019-04-22,36.05627550488936,36.05627550488936,33.73484557560225,33.932411193847656,6690640
2019-04-23,34.03119946778461,35.31539489201137,32.89517826462855,34.57451248168945,19917331
2019-04-24,34.52511898134495,37.68621782738651,34.426332404964626,37.093509674072266,18288647
2019-04-25,37.29108139815604,39.11858984014052,36.994729187067044,38.77284622192383,20295184
2019-04-26,39.26676782984642,40.79792406074191,38.427102603707134,38.77284622192383,21783367
2019-04-30,38.52588830200716,38.72345771363079,36.79716254486581,37.142906188964844,5793876
2019-05-02,37.04412411524555,37.538045770115495,36.006889393683316,36.15506362915039,5647665
2019-05-03,36.006889584913814,37.636828793647226,35.75992875616725,36.451419830322266,12589503
2019-05-06,35.809318111241225,37.53804381316321,35.51296588743348,37.24169158935547,7401078
2019-05-07,35.56235803580246,37.982574822459185,33.586671478257884,36.40202331542969,46975740
2019-05-08,35.36478867651013,41.09427894784589,34.82147562607988,38.72345733642578,44815870
2019-05-09,38.42710515822133,38.921026798978296,35.95749695443649,36.550201416015625,16821849
2019-05-10,36.55019650043257,37.88378324379501,36.15505773363941,36.797157287597656,10977331
2019-05-13,36.84655260782598,37.24169141661886,34.37694447367781,34.7720832824707,7407413
2019-05-14,34.772085488337254,37.48865460823355,34.22877241802263,36.59959411621094,11977059
2019-05-15,36.69837719958368,37.044120819907015,34.772082163283955,35.01904296875,6669587
2019-05-16,35.414178060551365,36.5501992750789,34.32755202186465,35.16721725463867,5858127
2019-05-17,35.315395245515425,35.95749484821757,34.57451282777734,35.16721725463867,5466626
2019-05-20,36.10566614381508,38.72345198160431,36.006883336787105,38.37770462036133,10168008
2019-05-21,38.52588850737445,38.57527991846287,36.94534074260628,37.43926239013672,5208837
2019-05-22,37.83439296740285,38.921022724301785,36.64898040002341,38.427101135253906,7432002
2019-05-23,38.92102615797194,39.41494779059431,37.38986608218419,37.686222076416016,6426117
2019-05-24,37.83439687694133,39.01980956681291,37.19230100582305,38.72345733642578,5155530
2019-05-27,38.77284938542268,39.21737962248706,37.241693029599276,37.58743667602539,6220253
2019-05-28,37.88378771480656,38.77284816085603,37.43926126010483,37.686222076416016,6667562
2019-05-29,37.538040586507094,37.63682339651095,36.006884421511465,36.25384521484375,7182009
2019-05-30,36.3526342000458,36.59959503532916,34.92026060173766,35.908103942871094,6839565
2019-05-31,36.00688619061418,36.253846996080235,34.278160552351856,35.01904296875,5540056
2019-06-03,35.21661382699018,35.562357461649235,34.22877056416659,35.36478805541992,4327311
2019-06-04,35.75992670340601,36.15506174572429,34.67329685830406,35.06843566894531,5627718
2019-06-06,35.11782635579911,35.46357375007871,32.59882685266671,33.88302230834961,9333003
2019-06-07,33.784243744846805,34.52512626658326,31.61098759408854,32.154300689697266,7036664
2019-06-10,32.45064767517003,33.092747263735795,30.870100059455037,31.95672607421875,5940283
2019-06-11,32.05551667129149,32.54943833412087,30.67253450803993,32.25308609008789,10949631
2019-06-12,32.253085527061636,32.69761200118961,30.82071197619602,31.215848922729492,7013309
2019-06-13,30.820709570017964,31.75916139341125,30.425570770171465,31.413414001464844,6625989
2019-06-14,31.413414523535078,31.512199225138442,29.931649651969057,30.12921905517578,5354655
2019-06-17,29.734084391724902,30.573751592898045,28.795632481444045,29.635299682617188,7487870
2019-06-18,29.73408358595375,30.030435821084357,25.190004047594574,28.153533935546875,10233599
2019-06-19,28.15353126396015,28.400492064521206,26.17784485947172,26.96811866760254,12976951
2019-06-20,26.474197635856132,29.734081403868593,26.17784542247383,28.943805694580078,9768579
2019-06-21,28.943804715350826,28.943804715350826,27.412648524408755,28.40049171447754,6646538
2019-06-24,30.030434980198986,30.623141318025326,28.746239485043173,28.993200302124023,14864446
2019-06-25,28.993199433923483,29.091984134630017,27.61021927651633,28.59806251525879,5380259
2019-06-26,28.252316522295708,30.42557047991143,28.10414041584759,29.88225746154785,7665416
2019-06-27,29.783473615129086,30.62314075458716,28.647454254291212,29.190767288208008,8610820
2019-06-28,28.746237715678014,29.240159319438252,28.05474671674913,28.202922821044922,2340836
2019-07-01,28.449884412933713,28.598062405505566,27.16568896116156,27.363258361816406,2731115
2019-07-02,27.165690348488262,27.610220580582688,26.17784706308869,26.474199295043945,2934101
2019-07-03,26.52359121011489,26.9187281268883,26.177845701377613,26.276630401611328,2423661
2019-07-04,26.67176971435547,26.67176971435547,25.733317804074616,25.93088722229004,2281761
2019-07-05,26.029670008117908,26.17784611875024,24.745472652927617,24.844257354736328,2394871
2019-07-08,24.202158969381582,24.547904474347888,22.522824736208904,22.720394134521484,5633433
2019-07-09,22.76978760021158,23.31310255260146,22.325259240068867,23.016748428344727,2649198
2019-07-10,22.769783199078905,23.06613726605386,21.930118053052922,22.127685546875,2104623
2019-07-11,22.07829505529475,22.374647250334423,21.337412683534264,21.584373474121094,2483931
2019-07-12,21.53498225054462,21.584375543895202,20.64592369601048,20.794099807739258,3093009
2019-07-15,20.695315776251654,20.892883285588596,18.670236087458715,18.86780548095703,5288738
2019-07-16,18.67023655016748,18.71962984184687,17.386041113086034,17.583608627319336,7457787
2019-07-17,17.287257935009656,19.312335968017578,16.496984040216706,19.312335968017578,10239689
2019-07-18,19.756863616233648,21.238628387451172,19.756863616233648,21.238628387451172,7906893
2019-07-19,22.02890317391673,22.67100277778972,21.337414046597132,21.78194236755371,6436567
2019-07-22,22.522824513512152,22.6216092116917,21.041059693303158,21.337413787841797,2817402
2019-07-23,21.534981637711248,21.732551037168257,20.547138408749053,20.84349250793457,1855416
2019-07-24,20.843491307083397,20.942276001120646,19.559294052921842,20.00382423400879,1846785
2019-07-25,19.756866082912538,20.695317975515515,19.312335842382375,20.25078773498535,1565341
2019-07-26,20.152002173131457,20.49774769175235,19.361728316993553,19.855649948120117,1399650
2019-07-29,19.756866703157954,19.85565141350607,18.818414781093296,18.96659278869629,887881
2019-07-30,19.06537473937995,19.559296384277477,18.275100861208525,18.571453094482422,1212168
2019-07-31,18.37388462491261,18.67023684299126,17.386041385768507,18.028139114379883,1434269
2019-08-01,18.176314804114085,18.522060306670888,17.83056930155728,18.373884201049805,1154750
2019-08-02,17.879962307623998,18.373883907922114,17.83056901709736,17.929353713989258,985562
2019-08-05,17.731787864902266,17.929355393026366,17.287257629340324,17.484827041625977,1006140
2019-08-06,17.435432794061132,18.37388462491261,17.33664809331443,18.028139114379883,1429317
2019-08-07,17.879963514808743,18.3738851484545,17.633002697985866,17.830570220947266,1046811
2019-08-08,17.879963514808743,17.92935492450872,17.484826584724438,17.830570220947266,775594
2019-08-09,18.126925110559142,18.275101230187808,17.534218747882896,18.077531814575195,2029680
2019-08-13,18.07752981724642,18.47266860481401,17.583608216948303,17.929353713989258,1872409
2019-08-14,18.126924249645175,18.126924249645175,17.139080986821586,17.68239402770996,1248418
2019-08-16,17.781177520751953,17.978746913535964,17.089686530169274,17.781177520751953,1676608
2019-08-19,17.830571081837352,18.522062155992373,17.682394961421732,18.225709915161133,2127028
2019-08-20,14.62007999420166,14.62007999420166,14.62007999420166,14.62007999420166,1051258
2019-08-21,11.705942153930664,11.705942153930664,11.705942153930664,11.705942153930664,484637
2019-08-22,10.569923400878906,11.212022128093915,10.569923400878906,10.569923400878906,23503826
2019-08-23,9.532686233520508,9.532686233520508,9.532686233520508,9.532686233520508,495833
2019-08-26,8.791803866492371,9.878431734072624,8.59423542022705,8.59423542022705,4118251
2019-08-27,8.495452524286694,8.989374160766602,8.1990993539826,8.989374160766602,10106423
2019-08-28,9.433902740478516,9.433902740478516,9.433902740478516,9.433902740478516,239073
2019-08-29,9.878432273864746,9.878432273864746,9.878432273864746,9.878432273864746,420677
2019-08-30,10.372353553771973,10.372353553771973,10.372353553771973,10.372353553771973,236159
2019-09-03,10.718100616846145,10.866276741027832,10.569923550583637,10.866276741027832,3009175
2019-09-04,11.409589767456055,11.409589767456055,11.409589767456055,11.409589767456055,186531
2019-09-05,11.952903747558594,11.952903747558594,11.952903747558594,11.952903747558594,192618
2019-09-06,12.545609474182129,12.545609474182129,12.545609474182129,12.545609474182129,105987
2019-09-09,13.138315200805664,13.138315200805664,13.138315200805664,13.138315200805664,253133
2019-09-11,13.780413627624512,13.780413627624512,13.780413627624512,13.780413627624512,162970
2019-09-12,14.42251205444336,14.42251205444336,13.78041336656154,14.42251205444336,6169436
2019-09-13,13.73102143734669,14.373120144984824,13.73102143734669,14.076766967773438,4257398
2019-09-16,14.620080078894782,14.768256187438965,14.175550811181507,14.768256187438965,1322990
2019-09-17,15.459747314453125,15.459747314453125,15.459747314453125,15.459747314453125,519631
2019-09-18,15.41035621179326,15.706708454954788,14.718865132200882,14.817649841308594,5029472
2019-09-19,14.373120144984824,14.768257086546154,14.076766967773438,14.076766967773438,529493
2019-09-20,13.434669147447599,14.471903850337835,13.385276794433594,13.385276794433594,3522718
2019-09-23,13.829805630191437,13.977981742254046,13.335884000541743,13.7310209274292,1322560
2019-09-24,14.027372912108806,14.37311840057373,13.731019770864682,14.37311840057373,808359
2019-09-25,15.06460952758789,15.06460952758789,14.37311944260656,15.06460952758789,3075857
2019-09-26,15.805491525564646,15.805491525564646,15.163393809170865,15.410354614257812,2416925
2019-09-27,15.657315948105031,15.657315948105031,14.669472694396973,14.669472694396973,709451
2019-09-30,14.02737391814601,14.620080243142901,13.977981567382812,13.977981567382812,273613
2019-10-01,13.286491394042969,13.632236904991297,13.286491394042969,13.286491394042969,197029
2019-10-03,13.928589820861816,13.928589820861816,13.928589820861816,13.928589820861816,347072
2019-10-04,14.62007999420166,14.62007999420166,14.62007999420166,14.62007999420166,1200702
2019-10-07,15.262178166766887,15.262178166766887,13.928590332047884,14.274334907531738,1611999
2019-10-09,14.27433508546535,14.471903551358976,13.582844983797274,14.027374267578125,582364
2019-10-10,14.471903015204688,14.471903015204688,13.385276022006659,13.681629180908203,540302
2019-10-11,13.63223744646358,13.63223744646358,13.039531101890082,13.088923454284668,507724
2019-10-14,13.088923531544346,13.681629879616397,12.496217183472293,13.237099647521973,446768
2019-10-15,12.940747261047363,13.484060307865068,12.891354908951001,12.940747261047363,377351
2019-10-16,13.28649063689015,13.582843780517578,13.088922188498756,13.582843780517578,521650
2019-10-17,14.224942207336426,14.224942207336426,14.224942207336426,14.224942207336426,247318
2019-10-18,14.916434288024902,14.916434288024902,14.916434288024902,14.916434288024902,295570
2019-10-22,14.224942476563754,14.867041156722436,14.175551067542942,14.669472694396973,1573990
2019-10-23,14.718863751965294,15.01521690941763,14.373119186671499,14.62007999420166,521486
2019-10-24,14.81764968324064,14.81764968324064,14.323728027132619,14.521296501159668,301581
2019-10-25,14.768256002753056,14.768256002753056,14.027373585135871,14.471902847290039,501468
2019-10-27,14.768257486754738,14.916434550416307,14.521296656066262,14.817649841308594,235672
2019-10-29,14.81764968324064,14.96582580324073,14.12615955310557,14.521296501159668,702202
2019-10-30,14.817648352343676,14.817648352343676,14.373119090189508,14.471902847290039,347320
2019-10-31,14.718864185771405,14.718864185771405,14.224942556153833,14.274334907531738,395096
2019-11-01,14.373119611222249,14.47190337190374,13.58284481536659,13.7310209274292,1267309
2019-11-04,14.37311840057373,14.37311840057373,14.37311840057373,14.37311840057373,257265
2019-11-05,15.06460952758789,15.06460952758789,14.718864014056859,15.06460952758789,2371700
2019-11-06,15.805492401123047,15.805492401123047,15.410355467927275,15.805492401123047,1367763
2019-11-07,16.595767974853516,16.595767974853516,16.595767974853516,16.595767974853516,392360
2019-11-08,17.386042188256603,17.386042188256603,15.805492555840267,16.101844787597656,5574119
2019-11-11,15.805492052006402,16.10184427431693,15.410355127538537,15.756099700927734,1004309
2019-11-13,16.1512357774528,16.496981254604147,15.805490300301452,16.447587966918945,1776508
2019-11-14,16.79333475528244,16.941510861585,15.854882941763856,15.953667640686035,1365525
2019-11-15,16.299414048912936,16.299414048912936,15.163394658699794,15.262178421020508,916964
2019-11-18,15.607923314737933,15.756099423282116,14.521295378478177,14.768256187438965,889469
2019-11-19,14.867040612105358,14.867040612105358,14.1261581989647,14.323726654052734,872586
2019-11-20,14.422511432352225,14.471902839836698,13.82980512173145,13.928589820861816,799728
2019-11-21,14.027373747892735,14.323726906794278,13.632236830744493,13.681629180908203,771811
2019-11-22,14.17555062660702,14.274334383656676,13.582844315986245,13.928589820861816,902922
2019-11-25,14.32372649241302,14.620079642741151,13.977980993350082,14.570687294006348,2892138
2019-11-26,14.32372735558062,14.32372735558062,13.87919807434082,13.87919807434082,2139560
2019-11-27,14.274335269776508,14.274335269776508,13.582845159179868,13.780413627624512,711835
2019-11-28,13.533452033996582,13.928589890410345,13.385275926641867,13.533452033996582,803205
2019-11-29,13.879197540598536,13.879197540598536,13.484059684184771,13.533452033996582,970552
2019-12-02,13.08892275339345,13.434668259560656,12.89135429647535,12.990138053894043,751371
2019-12-03,13.088922747690026,13.237098854793855,12.397432677737639,12.44682502746582,889381
2019-12-04,11.952903397019869,12.249255610797967,11.854118697706694,11.903511047363281,1188244
2019-12-05,12.15047187117745,12.496216435113286,11.55776555860071,12.44682502746582,1639770
2019-12-06,12.693785273527153,12.792569026540967,12.002294292027097,12.101078987121582,816078
2019-12-09,12.19986490405551,12.348041019456684,11.903511731172395,12.00229549407959,584286
2019-12-10,12.002295239550651,12.101079942443716,11.458982199881042,11.55776596069336,469996
2019-12-11,11.656549656060571,11.656549656060571,11.014451026916504,11.014451026916504,926806
2019-12-12,10.866275789561815,11.508373527567263,10.520530273970735,11.409589767456055,1118968
2019-12-13,11.755334343138196,11.952903747558594,11.409589769563977,11.952903747558594,2562743
2019-12-16,11.952902687142249,11.952902687142249,11.458981104071588,11.804725646972656,634157
2019-12-17,11.8047273963483,11.903512104433878,11.45898280221037,11.508374214172363,748013
2019-12-18,11.508373431890414,11.755334243236394,11.014451809198452,11.261412620544434,893084
2019-12-19,11.31080416789987,11.31080416789987,10.915667274642493,11.014451026916504,508802
2019-12-20,10.718099930460212,11.162629216618491,10.718099930460212,10.767491340637207,819830
2019-12-23,10.569922873686947,10.866276045152718,10.52053052142919,10.767491340637207,472807
2019-12-24,10.668706960145933,10.767490716857969,10.273569107055664,10.273569107055664,859535
2019-12-26,10.619314444253213,10.718099141497147,10.224177539438859,10.520529747009277,330812
2019-12-27,10.520530941745237,11.014452599894419,10.076001637827135,10.96506118774414,470872
2019-12-30,10.866276045152718,10.965060749668229,10.471139111252198,10.767491340637207,135645
2019-12-31,10.668706893920898,10.767490650019743,10.471138439642505,10.668706893920898,398823
2020-01-01,10.866276394679037,11.063844867984315,10.47113944806848,10.81688404083252,534519
2020-01-02,10.86627503004707,11.212020521471747,10.668706581553257,11.162628173828125,460234
2020-01-03,11.360196661319117,11.705942153930664,10.76749037172237,11.705942153930664,565432
2020-01-06,11.705942934113835,12.101079858793153,11.705942934113835,11.952903747558594,380931
2020-01-07,12.24925488332012,12.24925488332012,11.705941895606918,11.804725646972656,274168
2020-01-08,11.360197321915118,11.656550483946441,11.261412620544434,11.261412620544434,226266
2020-01-09,11.607158133261098,11.607158133261098,10.866275699223156,11.261412620544434,261919
2020-01-10,11.360197236802843,11.360197236802843,10.96506031844199,11.113236427307129,211933
2020-01-13,10.915667336385225,11.113235784131428,10.569921846268867,10.619314193725586,423825
2020-01-14,10.125393867492676,10.273569986282205,10.125393867492676,10.125393867492676,3059049
2020-01-15,9.631471633911133,9.87843244503706,9.631471633911133,9.631471633911133,1141532
2020-01-16,9.186942100524902,9.384510555379917,9.186942100524902,9.186942100524902,377679
2020-01-17,8.742413520812988,8.791804931803625,8.742413520812988,8.742413520812988,438277
2020-01-20,8.347275733947754,8.643628913690442,8.347275733947754,8.347275733947754,1251513
2020-01-21,7.952138423919678,7.952138423919678,7.952138423919678,7.952138423919678,224135
2020-01-22,7.557001373034579,8.347275733947754,7.557001373034579,8.347275733947754,2314442
2020-01-23,8.742413520812988,8.742413520812988,8.742413520812988,8.742413520812988,131462
2020-01-24,9.137550354003906,9.137550354003906,8.791804828641723,9.137550354003906,784097
2020-01-27,9.58207893371582,9.58207893371582,9.137549678321713,9.58207893371582,276189
2020-01-28,10.026609420776367,10.026609420776367,10.026609420776367,10.026609420776367,225291
2020-01-29,10.520530363598615,10.520530363598615,10.026608732592468,10.471138954162598,667168
2020-01-30,10.767490528797595,10.767490528797595,9.977216720581055,9.977216720581055,384312
2020-01-31,9.483296394348145,9.977218061927093,9.483296394348145,9.483296394348145,375365
2020-02-03,8.59423542022705,8.59423542022705,8.59423542022705,8.59423542022705,91861
2020-02-04,8.1990993539826,8.989374160766602,8.1990993539826,8.989374160766602,261102
2020-02-05,9.43390415589836,9.43390415589836,8.989374837993374,9.08815860748291,302334
2020-02-06,9.532686233520508,9.532686233520508,8.989373242553532,9.532686233520508,226377
2020-02-07,9.582079642269024,9.829040462647509,9.088158001512056,9.137550354003906,321651
2020-02-10,9.582079186158984,9.582079186158984,8.742413002088977,8.939981460571289,157999
2020-02-11,9.186941981239496,9.335118084936628,8.495451927185059,8.495451927185059,388712
2020-02-12,8.791803503178096,8.841195848223492,8.396666626976172,8.544842720031738,231741
2020-02-13,8.89058911043053,8.939981460571289,8.39666749318439,8.939981460571289,247319
2020-02-14,9.236334884232866,9.384510996824105,8.693020901263742,8.84119701385498,420418
2020-02-17,8.7424128186309,8.7424128186309,8.446059666085992,8.643628120422363,316923
2020-02-18,8.544843500407566,8.594235849963823,8.248491287231445,8.248491287231445,376357
2020-02-19,8.24849196875405,8.643628913690442,8.24849196875405,8.347275733947754,762927
2020-02-20,8.347275044263249,8.742412898632592,8.001530481530871,8.248491287231445,299658
2020-02-24,8.100314535947694,8.396667702084471,7.952138423919678,7.952138423919678,356190
2020-02-25,7.952138014548598,8.0509217701217,7.557000637054443,7.557000637054443,554334
2020-02-26,7.211256367593271,7.60639331564737,7.211256367593271,7.260648250579834,759621
2020-02-27,7.260647727218319,7.260647727218319,6.914902687072754,6.914902687072754,817644
2020-02-28,6.61854952635349,6.9642950375394195,6.569157646927189,6.914902687072754,490066
2020-03-02,7.260647773902138,7.260647773902138,6.618549568908808,6.717334270477295,533893
2020-03-03,6.816118312556647,6.914902540353628,6.420980930328369,6.420980930328369,584778
2020-03-04,6.223412770549431,6.322197003041884,6.124628067016602,6.124628067016602,328420
2020-03-05,5.877666825387981,6.322196546030985,5.877666825387981,5.927059173583984,705239
2020-03-06,5.92705947230354,5.92705947230354,5.630706310272217,5.630706310272217,327488
2020-03-09,5.433138022576359,5.63070648952662,5.3837456703186035,5.3837456703186035,666698
2020-03-11,5.383745227589316,5.482529923981322,5.136784428689983,5.186176776885986,931343
2020-03-12,4.939216136932373,5.43313775062561,4.939216136932373,4.939216136932373,2690904
2020-03-13,4.840431995705925,5.186177037319127,4.692255414717306,5.087392807006836,1482634
2020-03-16,5.1861768707314795,5.334353446960449,5.087392643592284,5.334353446960449,267242
2020-03-17,5.5813140869140625,5.5813140869140625,5.482529862667157,5.5813140869140625,1741604
2020-03-18,5.828275331793211,5.828275331793211,5.5813145166412985,5.77888298034668,1730982
2020-03-19,5.9270587295644415,6.025842947515787,5.53192138671875,5.53192138671875,644033
2020-03-20,5.729491099940521,5.77888298034668,5.334353701489386,5.77888298034668,1223050
2020-03-23,5.729490293661749,5.729490293661749,5.53192138671875,5.53192138671875,208644
2020-03-24,5.531922610315178,5.778883445338538,5.284961775291818,5.433138370513916,616761
2020-03-25,5.433137575785318,5.433137575785318,5.186176776885986,5.186176776885986,392008
2020-03-26,5.136784463810956,5.136784463810956,4.939216011756821,4.988608360290527,754720
2020-03-27,5.038000583648682,5.235569520306506,4.939216350839958,5.038000583648682,393434
2020-03-30,5.038000634671565,5.186177220905513,4.791039814628446,4.840432167053223,436366
2020-03-31,5.038000237783889,5.038000237783889,4.939216011756821,4.988608360290527,1027872
2020-04-01,4.988608661578226,5.235569477081299,4.988608661578226,5.235569477081299,361846
2020-04-03,5.48253059387207,5.48253059387207,5.2355697647974795,5.48253059387207,278281
2020-04-07,5.729490756988525,5.729490756988525,5.729490756988525,5.729490756988525,255482
2020-04-08,5.976451873779297,5.976451873779297,5.976451873779297,5.976451873779297,85028
2020-04-09,6.569157600402832,6.569157600402832,6.569157600402832,6.569157600402832,89724
2020-04-13,7.21125602722168,7.21125602722168,6.96429521082423,7.21125602722168,1164708
2020-04-15,7.902746200561523,7.902746200561523,7.902746200561523,7.902746200561523,139367
2020-04-16,8.297883987426758,8.297883987426758,8.297883987426758,8.297883987426758,243597
2020-04-17,8.693021009033828,8.693021009033828,7.902746200561523,7.902746200561523,3003800
2020-04-20,7.507608413696289,7.507608413696289,7.507608413696289,7.507608413696289,420831
2020-04-21,7.161863327026367,7.161863327026367,7.161863327026367,7.161863327026367,134547
2020-04-22,6.81611834480545,7.507608413696289,6.81611834480545,7.507608413696289,1636731
2020-04-23,7.853353413348792,7.853353413348792,7.2112556969550115,7.705177307128906,1317347
2020-04-24,7.606392906413314,8.050922184578107,7.3594320916461236,7.952138423919678,1904361
2020-04-27,8.34727494302519,8.34727494302519,7.902745686571672,8.100314140319824,619760
2020-04-28,8.149707019329071,8.396667838096619,7.853353848391862,7.902746200561523,411223
2020-04-29,8.149707019329071,8.199099371498733,7.80396196726258,7.902746200561523,870188
2020-04-30,8.100314308189555,8.100314308189555,7.803961621425757,7.853353500366211,516141
2020-05-04,7.952138147446418,7.952138147446418,7.507608413696289,7.507608413696289,526977
2020-05-05,7.211255676318552,7.507608358950604,7.161863327026367,7.161863327026367,732472
2020-05-06,7.1618633666109295,7.359431822790951,6.865510211300542,6.964294910430908,841550
2020-05-07,6.914903185512299,7.310040604606796,6.865510831485338,7.260648250579834,929463
2020-05-08,7.5570008879375825,7.5570008879375825,6.914902687072754,6.914902687072754,883405
2020-05-11,7.161863446603309,7.161863446603309,6.569157600402832,6.569157600402832,1166702
2020-05-12,6.569157909663082,6.569157909663082,6.2728047370910645,6.2728047370910645,744556
2020-05-13,6.569157728121831,6.569157728121831,6.420981145930741,6.519765377044678,943181
2020-05-14,6.667941735340999,6.667941735340999,6.27280435311272,6.420980930328369,856585
2020-05-15,6.519765468026789,6.519765468026789,6.124628067016602,6.124628067016602,1070759
2020-05-18,6.1740205551702525,6.322197142702415,5.976452085820959,6.0752363204956055,359532
2020-05-19,6.025843398935649,6.1740199724833165,5.82827494823232,5.927059173583984,622920
2020-05-20,6.1740199724833165,6.1740199724833165,5.877666825387981,5.927059173583984,764099
2020-05-21,6.025843702633859,6.025843702633859,5.630706310272217,5.630706310272217,2002728
2020-05-22,5.630705604670096,5.877666385068615,5.482529513263231,5.53192138671875,1377219
2020-05-26,5.680099068715583,5.72949142294666,5.3837458854099145,5.48253059387207,932165
2020-05-27,5.531922477062748,5.630706714484504,5.334354002219236,5.48253059387207,2369158
2020-05-28,5.482530077398501,5.729490883208516,5.482530077398501,5.680098533630371,2292192
2020-05-29,5.82827494823232,5.927059173583984,5.680098374684651,5.927059173583984,1699974
2020-06-01,6.22341251373291,6.22341251373291,6.075235935588725,6.22341251373291,732256
2020-06-02,6.519765377044678,6.519765377044678,6.420981145930741,6.519765377044678,2859432
2020-06-03,6.8161183552692926,6.8161183552692926,6.22341251373291,6.22341251373291,5440508
2020-06-04,6.22341251373291,6.322196742148915,5.9270593574445405,6.22341251373291,2421502
2020-06-05,6.3715886208367385,6.470373320293099,6.174020164004729,6.22341251373291,4005435
2020-06-08,6.420980930328369,6.51976515812535,6.322196702531388,6.420980930328369,4423552
2020-06-09,6.667941735340999,6.717334084759666,6.322196702531388,6.420980930328369,3534868
2020-06-10,6.569157507544017,6.569157507544017,6.27280435311272,6.420980930328369,1506562
2020-06-11,6.420981101989746,6.618549562865591,6.174020290374756,6.174020290374756,3641537
2020-06-12,6.025843548100091,6.470373279747037,5.92705932030311,6.420980930328369,1486591
2020-06-15,6.569158284476139,6.717334879216583,6.4209816897356955,6.667942523956299,3120397
2020-06-16,6.86551064511088,6.9642953504831455,6.371589002411094,6.618549823760986,5060811
2020-06-17,6.66794209682837,6.766726329980715,6.42098127842732,6.470373630523682,1875142
2020-06-18,6.470373630523682,6.5691578636760255,6.42098127842732,6.470373630523682,1939695
2020-06-19,6.519765287117505,6.569157637513389,6.322196827614693,6.371588706970215,3181320
2020-06-22,6.470373279747037,6.667941735340999,6.322196702531388,6.420980930328369,8694869
2020-06-23,6.569157689164931,6.717334270477295,6.5197653383806875,6.717334270477295,2985409
2020-06-24,7.0136871337890625,7.0136871337890625,7.0136871337890625,7.0136871337890625,542304
2020-06-25,7.359432220458984,7.359432220458984,7.359432220458984,7.359432220458984,324049
2020-06-26,7.705177307128906,7.705177307128906,7.705177307128906,7.705177307128906,264601
2020-06-29,8.050922393798828,8.050922393798828,8.050922393798828,8.050922393798828,574463
2020-06-30,8.446060180664062,8.446060180664062,8.446060180664062,8.446060180664062,269556
2020-07-01,8.84119701385498,8.84119701385498,8.84119701385498,8.84119701385498,210167
2020-07-02,9.236334800720215,9.236334800720215,9.236334800720215,9.236334800720215,242862
2020-07-03,9.680864334106445,9.680864334106445,9.285726456788995,9.680864334106445,8428571
2020-07-06,10.125393867492676,10.125393867492676,9.236335270593926,10.125393867492676,16586669
2020-07-07,10.619314193725586,10.619314193725586,9.878431808116824,10.619314193725586,14696691
2020-07-08,10.61931551956549,10.61931551956549,10.125393867492676,10.125393867492676,9859633
2020-07-09,9.631471633911133,10.125393256162987,9.631471633911133,9.631471633911133,3805786
2020-07-10,9.186942100524902,9.186942100524902,9.186942100524902,9.186942100524902,309570
2020-07-13,8.742413520812988,8.890589637946452,8.742413520812988,8.742413520812988,1358629
2020-07-14,8.347275733947754,8.347275733947754,8.347275733947754,8.347275733947754,207595
2020-07-15,7.952137447697169,8.742412146352404,7.952137447697169,8.14970588684082,8770804
2020-07-16,8.149707187521436,8.396668011385723,7.7545697751305,8.19909954071045,2320066
2020-07-17,8.297882532814626,8.594235682289582,8.100314080524885,8.495451927185059,4192433
2020-07-20,8.59423542022705,8.791803866492371,8.495451668134722,8.59423542022705,2242441
2020-07-21,8.643628835250007,8.84119730592528,8.19909954071045,8.19909954071045,1830950
2020-07-22,8.199099238686868,8.396667702084471,7.853353721180504,7.952138423919678,1934889
2020-07-23,8.100314535947694,8.149706887317281,7.655785257782901,7.952138423919678,2131927
2020-07-24,8.001530775289265,8.100314535947694,7.655785257782901,7.952138423919678,1611240
2020-07-27,8.100314834332423,8.34727565819671,8.05092248114341,8.19909954071045,2777100
2020-07-28,8.297882594067977,8.495451989896827,8.050921791362612,8.100314140319824,1007390
2020-07-29,8.149707597844742,8.446060789818898,8.10031524216891,8.396668434143066,1715136
2020-07-30,8.44605975063032,8.791804313659668,8.347275051432959,8.791804313659668,2510676
2020-07-31,9.186942100524902,9.186942100524902,9.038765052823113,9.186942100524902,1121772
2020-08-03,9.631471633911133,9.631471633911133,9.631471633911133,9.631471633911133,252081
2020-08-04,10.076001167297363,10.076001167297363,10.076001167297363,10.076001167297363,1643859
2020-08-05,10.56992262054445,10.56992262054445,9.58207936737056,10.322961807250977,9986421
2020-08-06,10.322961807250977,10.520530269469607,9.878432531738875,10.322961807250977,4394927
2020-08-07,10.767491686986002,10.81688404083252,10.47113944806848,10.81688404083252,3629125
2020-08-10,11.310805320739746,11.310805320739746,11.310805320739746,11.310805320739746,740197
2020-08-11,11.854118347167969,11.854118347167969,11.854118347167969,11.854118347167969,572383
2020-08-12,12.44682502746582,12.44682502746582,12.44682502746582,12.44682502746582,587341
2020-08-13,13.039530754089355,13.039530754089355,13.039530754089355,13.039530754089355,828329
2020-08-14,13.681629167929644,13.681629167929644,12.397432775294977,13.138315200805664,111257542
2020-08-17,13.780413627624512,13.780413627624512,13.33588433810387,13.780413627624512,31028812
2020-08-18,14.42251205444336,14.42251205444336,13.92859042164846,14.42251205444336,38540127
2020-08-19,15.114001274108887,15.114001274108887,15.114001274108887,15.114001274108887,813636
2020-08-20,15.854883193969727,15.854883193969727,15.854883193969727,15.854883193969727,461550
2020-08-21,16.645158767700195,16.645158767700195,16.645158767700195,16.645158767700195,11040819
2020-08-24,17.435434341430664,17.435434341430664,17.435434341430664,17.435434341430664,610450
2020-08-25,18.275100708007812,18.275100708007812,18.275100708007812,18.275100708007812,439268
2020-08-26,19.16415786743164,19.16415786743164,17.97874714776782,19.16415786743164,52945349
2020-08-27,20.102611541748047,20.102611541748047,20.102611541748047,20.102611541748047,1225445
2020-08-28,21.090456008911133,21.090456008911133,21.090456008911133,21.090456008911133,580381
2020-08-31,22.127685546875,22.127685546875,20.398960084085374,22.127685546875,22445968
2020-09-01,23.21431529673958,23.21431529673958,21.041059494018555,21.041059494018555,30585835
2020-09-02,20.003825492708252,22.078296661376953,20.003825492708252,22.078296661376953,10132608
2020-09-03,23.16492462158203,23.16492462158203,23.16492462158203,23.16492462158203,384550
2020-09-04,24.300945281982422,24.300945281982422,23.21431728744015,24.300945281982422,4411979
2020-09-07,25.48635730164814,25.48635730164814,23.214318383715142,24.053985595703125,10456423
2020-09-08,22.868568420410156,22.868568420410156,22.868568420410156,22.868568420410156,1388981
2020-09-09,21.732553482055664,21.732553482055664,21.732553482055664,21.732553482055664,293781
2020-09-10,20.645923623335154,22.81917953491211,20.645923623335154,22.81917953491211,9419137
2020-09-11,22.028901370676994,23.807020161434505,22.028901370676994,22.868568420410156,6906479
2020-09-14,23.658847346943617,24.00459098815918,22.22647383502203,24.00459098815918,1868315
2020-09-15,25.190004348754883,25.190004348754883,24.103376333348827,25.190004348754883,8928577
2020-09-16,25.04182684112198,25.68392457875865,23.955198885957586,24.992433547973633,8405802
2020-09-17,24.696081429169915,25.930885500628413,24.251551209780263,25.14061164855957,7763417
2020-09-18,25.6839239706017,25.78270867039784,24.20215912614391,25.041826248168945,6962902
2020-09-21,24.547904513333233,25.190002232626725,23.807022094726562,23.807022094726562,2938084
2020-09-22,23.16492557372625,23.65884721168066,22.621610641479492,22.621610641479492,2773005
2020-09-23,22.424042423879644,23.70823788921416,21.584375288471016,22.522825241088867,4012136
2020-09-24,22.127688329818376,22.177081622606885,21.436199188232422,21.436199188232422,5470108
2020-09-25,21.4855899810791,22.47343319859998,20.547138170769703,21.4855899810791,15913006
2020-09-28,21.732552789358074,22.226474443661665,20.991670307902684,21.63376808166504,2744097
2020-09-29,21.683161915892335,22.671005249023438,21.485592495601463,22.671005249023438,2563915
2020-09-30,23.75762871628048,23.75762871628048,22.967354892982215,23.658845901489258,10049624
2020-10-01,24.300943966703375,24.69608088401533,23.807022349023068,24.251550674438477,3483175
2020-10-05,24.597297481697645,25.43696465289744,23.36249337233369,25.3875732421875,6377774
2020-10-06,25.930884778011333,25.980276185828686,24.893650140555454,25.041826248168945,3673220
2020-10-07,24.893652807691105,25.140613641560414,23.955200885323073,24.053985595703125,2024952
2020-10-08,24.25155067308909,25.19000250029403,23.01674662895703,23.16492462158203,2559976
2020-10-09,23.658847269752087,24.202160319170908,23.01674763150609,23.856414794921875,2491066
2020-10-12,23.560060409220178,24.103373408923073,23.11553022098228,23.411884307861328,1090766
2020-10-13,23.11553451514842,23.461280071989016,22.72039754339989,23.214319229125977,1238613
2020-10-14,23.757627392034248,24.053981472373433,22.86856891933932,23.609451293945312,2009825
2020-10-15,23.70823683547195,24.202158436210947,22.7697850404033,22.9179630279541,1844008
2020-10-16,23.560063872009103,23.560063872009103,22.226474995449788,22.671005249023438,2258639
2020-10-19,22.720394643830236,23.016746863780828,22.226473021138275,22.522825241088867,829448
2020-10-20,22.32525593162612,23.609451293945312,22.226471238179727,23.609451293945312,1408394
2020-10-21,24.745471954345703,24.745471954345703,24.10337423695816,24.745471954345703,7290112
2020-10-22,25.43696517570346,25.782710710263785,24.646691283132647,25.190004348754883,4565588
2020-10-23,25.683924336988728,26.424806769786482,24.943041904190977,25.634532928466797,10014862
2020-10-26,25.28878676667225,26.86933629286953,24.696080458828092,26.62237548828125,6237908
2020-10-27,26.671767678772206,27.16568930245317,25.881493834547246,26.86933708190918,5740365
2020-10-28,26.869335998221395,28.202922821044922,26.326021103588303,28.202922821044922,9589132
2020-10-29,28.054748768299792,29.585906982421875,27.412651013289285,29.585906982421875,4182536
2020-10-30,31.018278121948242,31.018278121948242,29.14137629662503,31.018278121948242,16878282
2020-11-02,32.05551405322622,32.302474864470916,29.487121239449085,29.981042861938477,9358796
2020-11-03,30.623139454671577,30.870100256725383,29.388335444402564,30.228002548217773,5256286
2020-11-04,29.53651399371328,31.364024457017475,29.53651399371328,30.178611755371094,3300800
2020-11-05,30.474965872863464,30.820711401190454,29.585907288709453,30.178611755371094,3517494
2020-11-06,30.623140850762404,31.66037551301073,30.326788628451876,31.51219940185547,10806562
2020-11-09,31.709767622423897,32.45065007872654,31.413415393567448,31.610984802246094,3044764
2020-11-10,32.006121509037904,32.05551291586981,31.018276414947227,31.31463050842285,4672489
2020-11-11,31.6109854546286,32.84578957395003,30.870102983035743,32.7963981628418,10296850
2020-11-12,32.993968396412335,34.42633819580078,32.40126014339895,34.42633819580078,10739131
2020-11-13,35.06843624440489,36.10567092895508,34.821475425782324,36.10567092895508,9010761
2020-11-14,37.19230298449976,37.883790302750036,36.74777273110797,37.78500747680664,5778425
2020-11-17,38.52588850737445,39.01981015490489,36.89594556319474,37.43926239013672,7380754
2020-11-18,37.09351694046689,37.785008037297786,35.80932134253712,36.35263442993164,7901494
2020-11-19,37.044124755516265,37.291085587219705,34.62390785115788,34.87086868286133,5123854
2020-11-20,34.87086554630921,34.92025695454261,33.53727868239291,33.88302230834961,4495903
2020-11-23,35.46357222927327,35.562355041503906,34.57451184590657,35.562355041503906,3319158
2020-11-24,37.34047317504883,37.34047317504883,36.303238541804696,37.34047317504883,5219189
2020-11-25,39.16798648589848,39.16798648589848,36.797161171543664,39.11859130859375,14059242
2020-11-26,40.50157184965292,40.50157184965292,37.192298583900644,38.77284622192383,6639033
2020-11-27,40.254612242048466,40.69914245605469,40.254612242048466,40.69914245605469,3245408
2020-12-01,42.724220275878906,42.724220275878906,42.724220275878906,42.724220275878906,2173102
2020-12-02,44.848087310791016,44.848087310791016,44.848087310791016,44.848087310791016,1802912
2020-12-03,47.07073211669922,47.07073211669922,47.07073211669922,47.07073211669922,399849
2020-12-04,49.39216232299805,49.39216232299805,44.749298310971646,49.39216232299805,36073861
2020-12-07,51.17028019081139,51.86177122750944,48.552497808892795,50.72574996948242,12653051
2020-12-08,48.206748962402344,51.21967006599195,48.206748962402344,48.206748962402344,9028285
2020-12-09,46.0334916815456,47.4164736709439,45.8359260559082,45.8359260559082,8134729
2020-12-10,44.452945145343435,44.5517279605595,43.56388473510742,43.56388473510742,12008272
2020-12-11,42.62543451824919,45.73713825921153,41.785765558315106,44.057804107666016,20185379
2020-12-14,44.79869042492826,45.24322064649839,41.88455581665039,41.88455581665039,5675086
2020-12-15,40.3533949532822,41.88455499398576,39.810081923511376,40.55096435546875,7849277
2020-12-16,41.19306020824599,42.5760383605957,40.50156924790984,42.5760383605957,8637064
2020-12-17,43.16875152706446,44.40355561097177,41.68698662637568,42.32908248901367,3792164
2020-12-18,43.06995920718513,43.21813718486223,40.89670732340435,41.53880310058594,3165524
2020-12-21,41.53880961272487,42.27969208061529,39.46434020996094,39.46434020996094,4053404
2020-12-22,37.785006629378245,39.11859359132115,37.53804580173525,38.624671936035156,8091510
2020-12-23,39.0198080830881,40.55096435546875,39.0198080830881,40.55096435546875,2367397
2020-12-24,42.5760383605957,42.5760383605957,41.09427363201364,42.5760383605957,4302500
2020-12-28,43.56388791079327,44.69990921020508,43.36632226595915,44.69990921020508,4327163
2020-12-29,46.23106412608098,46.92255516640844,44.20598618309006,44.50233840942383,10474318
2020-12-30,44.94687028301631,45.73714417169043,44.20598780582373,45.144439697265625,3826766
2020-12-31,45.3420099246696,45.638362167196725,43.761458350652916,44.304771423339844,2318157
2021-01-01,44.84808302650982,44.946865839707534,43.810844646319886,44.107200622558594,1779701
2021-01-04,44.20598946918141,44.996263387591505,43.06996812074464,43.46510696411133,2286553
2021-01-05,42.52665010204731,44.205984338980414,42.52665010204731,43.56388473510742,2746881
2021-01-06,43.76145492775589,44.05780714710318,42.52665087353974,42.724220275878906,2089386
2021-01-07,43.02056853283484,43.959020281267996,42.378472744776154,42.5760383605957,2063753
2021-01-08,42.971182119974685,43.909633977408845,42.23029966963029,42.32908248901367,2725919
2021-01-11,42.773614471947006,42.773614471947006,40.25461479084698,40.79792785644531,3975891
2021-01-12,40.15582969135566,42.82300345644814,40.15582969135566,41.143672943115234,3147556
2021-01-13,41.48941750962816,41.983339146647545,40.30400482711704,40.60035705566406,2080906
2021-01-14,40.501570523627514,42.62543487548828,40.501570523627514,42.62543487548828,4155494
2021-01-15,42.62543645271648,43.959023292462035,42.27968906470341,43.11935806274414,3003094
2021-01-18,42.67482680346923,42.97117900848389,40.99549261728922,41.48941421508789,1926813
2021-01-19,42.032730766661736,42.47726099586446,40.60035725848542,40.89671325683594,1175299
2021-01-20,40.94610070986845,42.92178707687467,40.25460972775174,42.62543487548828,4316767
2021-01-21,42.97118016774069,43.71206258442588,40.94610231579909,41.242454528808594,2184169
2021-01-22,41.242454562584435,41.73637617411239,39.217376708984375,39.217376708984375,2494028
2021-01-25,39.513734061762975,40.946107675166544,37.2910865207888,39.26677322387695,3810099
2021-01-27,38.97041691676047,39.41494713236151,38.22953448019971,38.82223892211914,3679372
2021-01-28,38.52588569918067,40.00765053376454,37.686220466912275,39.217376708984375,6394119
2021-01-29,39.908872909709935,40.30400798933356,39.06920379990347,39.26677322387695,932607
2021-02-01,39.365551380924735,40.64975060021868,38.77284694765283,39.95825958251953,2984072
2021-02-02,40.10643664098319,41.242457948079924,39.81008440340413,40.5015754699707,2151119
2021-02-03,41.09427606564436,42.526649475097656,40.35339365747777,42.526649475097656,5169824
2021-02-04,43.168749359326945,44.05780599410204,42.62543634335503,42.9711799621582,5175451
2021-02-05,43.761453188699846,43.761453188699846,41.440023166355,42.08211898803711,2137183
2021-02-08,44.156593322753906,44.156593322753906,44.156593322753906,44.156593322753906,2014827
2021-02-09,46.32984924316406,46.32984924316406,46.32984924316406,46.32984924316406,14218083
2021-02-10,46.32985215834844,46.32985215834844,44.05780955952481,44.69990921020508,6436704
2021-02-11,44.699905851612925,45.83592706566813,43.56388463755771,45.44078826904297,3673653
2021-02-12,45.391395919611604,46.23106113461231,43.465100920602175,43.959022521972656,3347971
2021-02-15,44.45294863155459,45.638361348727344,44.10720498286065,45.144439697265625,3233054
2021-02-16,45.83592874204256,47.36708504039964,45.19382911612363,46.082889556884766,6916381
2021-02-17,46.08289013520502,47.416477044759674,45.68775131916948,47.12012481689453,4492202
2021-02-18,47.51525988861221,49.44155502319336,47.218907660597345,49.44155502319336,5705181
2021-02-19,50.775145568899745,51.91116306803835,47.56465494243857,51.46663284301758,20999935
2021-02-22,53.3435355213516,54.03502655029297,52.99779189104239,54.03502655029297,2949952
2021-02-23,56.70220432045398,56.70220432045398,53.63988797024963,56.652809143066406,15118108
2021-02-24,56.70220278955472,57.690046017468056,53.8374559212769,54.13380813598633,6440552
2021-02-25,54.92408296365004,56.109495612371724,53.195357283358426,55.76375198364258,4227198
2021-02-26,55.220438952072655,57.04794744962319,54.52894792629142,55.76375198364258,5915952
2021-03-01,57.29491106621899,57.29491106621899,55.76375471380362,56.15888977050781,2849740
2021-03-02,57.245513618150575,57.29490502398947,56.15888384808128,56.80098342895508,2112674
2021-03-03,57.29490918837855,59.61633934644055,57.09733978234023,59.56694793701172,7063261
2021-03-04,57.98639827224314,62.53047561645508,57.59125947347564,62.53047561645508,7951361
2021-03-05,63.22197092483532,65.64218398464318,59.863302212124196,60.94993209838867,9065279
2021-03-08,62.23412401601989,63.666493696968374,60.75235915849561,61.39445877075195,3659592
2021-03-09,62.72804149798632,63.27135825790259,58.97423819350364,61.09809875488281,3043058
2021-03-10,62.13534728885719,62.13534728885719,59.91269978474848,60.75236511230469,2218263
2021-03-12,61.24628169186782,62.18473353597232,59.96208621650938,60.85114288330078,1929639
2021-03-15,61.34506505471059,61.69081245735839,59.17181289325807,59.56694793701172,2964361
2021-03-16,60.25843922223808,62.53047798023164,59.96208699612118,62.18473434448242,3227599
2021-03-17,63.123187249689266,63.123187249689266,59.12241894150095,59.46816635131836,2938199
2021-03-18,60.70296616546263,60.75235757242606,56.50463251208359,56.85037612915039,4026894
2021-03-19,54.03502648167803,59.17181213087589,54.03502648167803,58.233360290527344,15333373
2021-03-22,60.65357234160245,61.09809875488281,58.82606021019508,61.09809875488281,3119312
2021-03-23,62.234119427412196,64.11102294921875,62.234119427412196,64.11102294921875,1832572
2021-03-24,67.27213030033454,67.27213030033454,64.9013047645413,67.17334747314453,10503499
2021-03-25,68.16119034930462,69.34659934072086,64.45677783032066,66.28428649902344,5313538
2021-03-26,66.5806328458923,68.06239763829355,64.60494645602395,67.07455444335938,4090105
2021-03-30,67.96361906671962,68.60571115417379,63.76528522629432,65.49401092529297,2663043
2021-03-31,65.69157688633354,67.12394660077565,64.80251644370058,66.08671569824219,1101415
2021-04-01,67.32151828089984,68.75388796355152,65.93853623823686,67.91422271728516,2339008
2021-04-05,67.91421600820415,67.91421600820415,64.5555478182876,65.64217376708984,4168801
2021-04-06,66.18549273090977,68.90206146240234,64.90129358863699,68.90206146240234,2329236
2021-04-07,70.33444063882102,72.31012725830078,69.4453876893722,72.31012725830078,7556073
2021-04-08,73.94006219141534,75.9157485961914,71.61863217313255,75.9157485961914,5924401
2021-04-09,76.75541995487856,79.66956215717684,76.55785431324476,77.5950927734375,8052637
2021-04-12,77.44690448933378,77.44690448933378,73.74249267578125,73.74249267578125,1723360
2021-04-13,71.1247248525145,72.16196343793915,70.08748626708984,70.08748626708984,9428955
2021-04-15,67.81543255931891,71.81619272430292,66.77819425544621,68.3587417602539,6645823
2021-04-16,69.14902608338991,71.76681214959025,68.65510446850855,70.9271469116211,2951928
2021-04-19,68.16119100316816,68.95146869612441,67.42030849226416,67.4697036743164,4263923
2021-04-20,69.14902608576882,70.33443494686657,66.18549639637872,66.87698364257812,3794265
2021-04-22,64.80251857669198,66.63002716319565,64.06163610621917,65.44461822509766,3223333
2021-04-23,65.44461659030895,68.30936357857244,65.44461659030895,66.97577667236328,1509393
2021-04-26,67.27212244182596,68.25996567162265,66.38306202767977,66.87698364257812,1294213
2021-04-27,67.12394766100009,68.90206857435147,66.87698684173718,68.01300811767578,1839399
2021-04-28,68.8526714508968,70.13687068944644,68.40814500343896,69.0996322631836,2045273
2021-04-29,69.74173458646841,71.02593387480871,68.45754283477429,69.34659576416016,1633226
2021-04-30,70.13686531191564,70.13686531191564,68.01300098176095,68.7538833618164,2018106
2021-05-03,67.17334505854424,72.16195678710938,66.87698905098037,72.16195678710938,2144084
2021-05-04,75.7675781195389,75.7675781195389,74.43399117144226,75.6194076538086,4266089
2021-05-05,77.4469082411838,79.37319946289062,76.5578478555324,79.37319946289062,3192549
2021-05-06,83.32457733154297,83.32457733154297,79.3238166573547,83.32457733154297,6816040
2021-05-07,85.94237076909302,87.47353096412056,84.4606057558328,87.37474060058594,8425051
2021-05-10,89.89374216680937,90.83219030663948,83.02823410389294,83.67032623291016,7689648
2021-05-11,81.99099356668037,86.43628839860884,80.11408979698133,84.46060180664062,3030770
2021-05-12,88.6589402611576,88.6589402611576,81.79343202439512,82.73188018798828,5440898
2021-05-14,83.96667036899301,86.83141710067596,82.23794480257256,84.95451354980469,5099536
2021-05-17,85.25087139520377,85.44843702105668,83.47275061594554,83.86788940429688,1952610
2021-05-18,84.41119968640295,86.73263727040047,84.36181204765244,85.49783325195312,2652150
2021-05-19,87.17716416988257,88.60953382430453,84.9545169247581,86.23871612548828,2310729
2021-05-20,87.52291323062715,87.52291323062715,85.15208784777766,86.7326431274414,1614633
2021-05-21,87.32535286409356,88.90590070258803,86.68325318502333,87.0783920288086,2986582
2021-05-24,88.16501329424193,88.56015211605516,85.84358307897767,87.62169647216797,2586993
2021-05-25,87.91804658492407,88.31318538027533,85.6953993397996,86.23871612548828,1552272
2021-05-26,86.8808121053786,86.8808121053786,83.96667748951842,84.21363830566406,1855033
2021-05-27,84.75695946032639,88.41197671197286,83.96668179349376,87.57231140136719,12435100
2021-05-28,88.31318562274714,88.90589004907854,85.99175555657256,86.68324279785156,2243090
2021-05-31,87.57231236630199,87.57231236630199,84.31242637550567,84.55938720703125,1804601
2021-06-01,85.44843896856761,85.44843896856761,82.63308728444684,82.92943572998047,1416692
2021-06-02,82.92943883127354,86.43628542607559,81.99099074702026,83.76911163330078,2610514
2021-06-03,84.90512557621346,86.13992965694167,83.7691118512603,84.21363830566406,1377295
2021-06-04,85.30026921660503,85.30026921660503,83.17640457023164,83.52215576171875,1647135
2021-06-07,84.954520544402,85.4484421754741,83.02822919787918,83.91728210449219,1962235
2021-06-08,84.65815568904038,85.05329445986392,81.84280419397105,82.13916015625,1857086
2021-06-09,82.08977561430139,83.47275772295774,78.03961964631551,78.33597564697266,2282192
2021-06-10,78.33596655820858,82.23794407314725,76.75541145361264,80.01529693603516,1541812
2021-06-11,81.79341827905485,82.4849054900619,79.52137595149681,80.90435791015625,1641496
2021-06-14,84.9051284790039,84.9051284790039,81.99099376351344,84.9051284790039,4501486
2021-06-15,87.91804490891178,88.70832248454897,83.02822407751253,83.71971130371094,2046396
2021-06-16,84.36181124666204,84.36181124666204,79.91651682245832,80.26226043701172,1986564
2021-06-17,76.2614988201822,81.0031496173178,76.2614988201822,78.63232421875,1527140
2021-06-18,79.02746150252709,81.49706967448105,75.42183206414508,80.31166076660156,1676845
2021-06-21,79.12624586275804,81.10193243879017,77.94083693179722,78.63232421875,861060
2021-06-22,80.01530130758366,80.21286693812928,78.53353646855433,78.87928009033203,630466
2021-06-23,79.91652319296573,79.91652319296573,77.64448062482192,78.03961944580078,751718
2021-06-24,78.53353838239397,79.52138163248698,75.57000863211496,77.79265594482422,1947809
2021-06-25,75.0760869048235,78.03961665106652,75.0760869048235,77.64447784423828,1271339
2021-06-28,75.32304497383718,77.64447501652141,75.32304497383718,77.10116577148438,1545905
2021-06-29,76.11332564045941,78.53353859508348,76.06393046316262,78.0890121459961,1732932
2021-06-30,78.03962202184746,79.52138699694584,77.44691753913739,78.1384048461914,774388
2021-07-01,78.82989470417556,79.22502597656066,77.10116900923,78.38536071777344,1824764
2021-07-02,77.69387418500506,80.70679161682435,77.69387418500506,79.5707778930664,926635
2021-07-05,79.57077564779054,81.49706694268664,79.07685402995608,80.064697265625,1898375
2021-07-06,80.2128773123432,81.39829385886819,78.0396249486841,78.97807312011719,821817
2021-07-07,78.97806504417088,79.96590829693922,77.1999517111754,78.0890121459961,593815
2021-07-08,78.03961631579277,79.12624237741768,76.31089063791129,77.05177307128906,640639
2021-07-09,77.05176789146883,77.89143308552114,76.113319886936,76.85420227050781,302010
2021-07-12,77.05176230110051,77.99021023754574,75.61939281144309,76.21209716796875,1019640
2021-07-13,77.15054773006733,77.4469036867384,75.07607864330501,76.31088256835938,1518979
2021-07-14,76.85420330455496,76.95298611636456,73.49553494651059,74.58216094970703,623390
2021-07-15,74.58216975662869,78.28658216175926,72.11256148654165,76.80481719970703,1538930
2021-07-16,75.57001267470322,77.99022575224109,75.12548620303996,76.06393432617188,404478
2021-07-19,75.32304584351176,75.81696745560036,73.19918140420164,74.53276824951172,1631365
2021-07-20,74.58217038260744,74.92791403599225,70.82836276591037,73.19918823242188,1572535
2021-07-22,73.1003974265737,76.85420463340735,72.80404144937532,76.65663146972656,954334
2021-07-23,78.13840630390192,79.62017130664334,75.86637115501965,76.01454162597656,1201788
2021-07-26,75.0760831368315,77.15055234775694,74.08823993766266,75.47122192382812,527861
2021-07-27,75.07608857741553,77.5456967543042,75.02669339921934,76.11332702636719,2820706
2021-07-28,76.55785471632218,78.92868011164076,75.57001142965997,78.33597564697266,1375029
2021-07-29,78.33596518523913,79.02745237889641,77.39750966625265,77.94082641601562,1060771
2021-07-30,78.33597513233602,78.8792844144432,76.40967621401201,77.44691467285156,1090377
2021-08-02,79.0274653385797,80.01530865531196,77.69387836832045,78.1384048461914,1824356
2021-08-03,82.0403823852539,82.0403823852539,82.0403823852539,82.0403823852539,844048
2021-08-04,86.13993072509766,86.13993072509766,86.13993072509766,86.13993072509766,541680
2021-08-05,89.8937294538631,89.8937294538631,83.96667036899301,84.95451354980469,4822853
2021-08-06,84.9545236528117,85.94236695110021,82.18855940294537,84.7569580078125,2167025
2021-08-09,85.54722863168203,85.54722863168203,80.6080121109539,81.0031509399414,1306674
2021-08-10,80.95375618089184,80.95375618089184,76.95299530029297,76.95299530029297,2299216
2021-08-11,74.23641734005072,76.1627085485969,73.14979133685428,74.58216094970703,2798835
2021-08-12,76.0639280686243,78.28657531738281,74.58216323611865,78.28657531738281,2418091
2021-08-13,80.26225971220457,81.25010290866247,79.02745571663219,79.07685089111328,2750194
2021-08-16,79.07684870423911,80.01529670026311,75.12547602768291,79.71894073486328,709770
2021-08-17,79.66956155855567,81.69463574834751,78.13840146913716,81.20071411132812,1842316
2021-08-18,80.212868165165,81.4970673932934,79.12624210725025,80.80558013916016,1513314
2021-08-20,79.02745620802773,81.10192542615934,77.5456914041272,79.96590423583984,2857774
2021-08-23,79.52137939087645,82.83065267807447,78.97806260398238,82.48490905761719,2935657
2021-08-24,83.47274706119734,83.57152986991706,81.00313915997849,82.43550872802734,662053
2021-08-25,82.38613179349035,83.8678967266947,81.99099297063997,83.27519226074219,906868
2021-08-26,83.86789632121848,83.86789632121848,81.99099257423802,82.68247985839844,376227
2021-08-27,82.97883358226066,83.52215038823147,81.990990325329,83.02822875976562,662205
2021-08-30,83.96667748951842,85.8435811995545,83.9172823116309,84.21363830566406,973061
2021-08-31,84.8557357788086,85.44844021516846,82.97883211646418,84.8557357788086,835590
2021-09-01,85.44844530195596,85.64601094695516,84.46060200366745,84.7569580078125,730725
2021-09-02,85.59661569568102,88.95528411865234,83.81849490215339,88.95528411865234,2088872
2021-09-03,93.40059253453157,93.40059253453157,89.79496276969259,90.33827209472656,2976399
2021-09-06,90.78279207148564,90.78279207148564,87.0289848768079,88.21440124511719,1483042
2021-09-07,88.41196653228081,92.1163785378233,85.44843692784681,91.6718521118164,1704609
2021-09-08,90.88157383557561,92.56090425048785,89.44920421912961,90.63461303710938,680588
2021-09-09,87.17716618477478,90.78279552864136,87.17716618477478,89.64677429199219,608488
2021-09-13,91.2767136741198,91.2767136741198,85.94235885834188,88.21440124511719,1786760
2021-09-14,88.1650036220444,89.79494637280622,87.42412123866588,88.4119644165039,1185875
2021-09-15,88.90588824668627,89.69616582353726,87.81926223100032,87.91804504394531,976012
2021-09-16,87.91804504394531,88.4119666453158,86.13992426435338,87.91804504394531,969092
2021-09-17,89.64677505653498,92.2645611798401,86.88081093820391,90.98036193847656,2317827
2021-09-20,90.88157901505716,91.82002708805429,89.30103132212447,90.83218383789062,1677799
2021-09-21,88.016839254478,95.3268814086914,88.016839254478,95.3268814086914,2877637
2021-09-22,96.80863400402212,100.06851959228516,95.82079079989944,100.06851959228516,2294157
2021-09-23,103.72354201622768,105.05712890625,99.77216898703806,105.05712890625,1274917
2021-09-24,110.29270925676876,110.29270925676876,105.69923626681614,110.14453125,3520438
2021-09-27,111.42871804489062,111.42871804489062,104.6619859698552,106.489501953125,4053729
2021-09-28,105.69922656886817,111.77446399580984,105.25470012599386,110.19391632080078,2140276
2021-09-29,113.60197565486887,115.67644500732422,111.77446711905452,115.67644500732422,2582144
2021-09-30,118.3436295504814,121.45532989501953,114.58982202133103,121.45532989501953,3230897
2021-10-01,122.0974252160973,125.75244979372142,120.02295588103819,122.7395248413086,1553956
2021-10-04,124.46824176432351,126.3451453300035,123.48039857571777,125.01155853271484,2102857
2021-10-05,124.96217532354517,125.50549214395818,118.78815480360717,119.08451080322266,1554337
2021-10-06,117.60273990287061,117.60273990287061,113.15744535438716,113.35501098632812,1882506
2021-10-07,113.60197554282684,118.04727023798092,113.40440990436727,115.38009643554688,1571846
2021-10-08,116.46672397908586,117.55335007751518,112.61413368770361,113.55258178710938,639716
2021-10-11,115.47888081209467,119.18329310801316,113.60197707483341,118.19544982910156,1716890
2021-10-12,118.04726507746837,118.04726507746837,114.095892187846,115.47887420654297,766463
2021-10-13,116.51611182887972,116.5655070075244,112.66352906726995,113.84893798828125,1875987
2021-10-14,115.52827018592704,118.04727359957221,113.10805713097086,116.81246948242188,1538463
2021-10-18,122.39377863154706,122.64073944091797,120.51687497299906,122.64073944091797,539549
2021-10-19,128.76536560058594,128.76536560058594,124.9621632970127,128.76536560058594,2510880
2021-10-20,129.90138814276742,135.1863555908203,125.06095468182939,135.1863555908203,2958655
2021-10-21,138.6931953223085,139.28590734030774,128.46902606151687,136.2235870361328,3390485
2021-10-22,142.99031021854063,142.99031021854063,139.82921483803955,142.10125732421875,11206960
2021-10-25,144.02754321277925,145.45991285441235,136.47053360285375,141.90367126464844,3279459
2021-10-26,142.24942918672377,148.96676635742188,139.28589941200036,148.96676635742188,1925392
2021-10-27,152.81934074266985,156.37558230867913,150.39912790596767,156.32618713378906,2666156
2021-10-28,156.7213318966686,156.7213318966686,148.52224465000353,148.57162475585938,1459163
2021-10-29,144.22512835686834,150.54731973497542,141.16280795832986,144.521484375,2126489
2021-11-01,146.20078845786037,148.17647478837202,145.21294529260456,147.1392364501953,759468
2021-11-02,150.05338260283625,154.44929709341878,144.32390385128863,153.80718994140625,999617
2021-11-03,155.88166605041968,161.46297431864454,154.1035452064561,161.01844787597656,1571606
2021-11-04,162.99412265713912,162.99412265713912,161.46296273267154,162.74716186523438,589522
2021-11-08,164.6734646235315,167.43942870229858,158.35127393488523,160.7220916748047,1259368
2021-11-09,161.41357543978805,162.89534026355582,153.11569845600494,155.0913848876953,1444772
2021-11-10,155.09137900895578,156.07922218735678,148.2752671073052,154.00474548339844,1957950
2021-11-11,153.11571425932652,157.06708753053496,149.1643409881181,151.78211975097656,804028
2021-11-12,152.62178102268328,159.33911808882542,152.62178102268328,158.00552368164062,1350910
2021-11-15,158.9439671724712,162.0062871665207,152.12785502222067,154.79502868652344,1196446
2021-11-16,154.79502868652344,157.9067438559527,152.12785502222067,154.79502868652344,583687
2021-11-17,155.48651048578333,156.82010480795464,153.1156928833573,154.3011016845703,742588
2021-11-18,155.9804436690482,155.9804436690482,149.16433125049466,151.9796905517578,577372
2021-11-22,151.97969530786207,154.10355233963628,146.2008060658088,151.5845489501953,927485
2021-11-23,152.0290586167586,155.68409042321747,148.17647626323085,153.11569213867188,637875
2021-11-24,153.1157152180829,156.0792451900458,153.1157152180829,153.56024169921875,600254
2021-11-25,152.22665940195344,155.042003778562,151.93030339565448,152.7205810546875,466055
2021-11-26,151.6339346527905,153.60962109777796,145.70687531782798,148.47283935546875,1207704
2021-11-29,146.69471246014592,148.1764772324706,141.06400933997017,146.7935028076172,1750010
2021-11-30,144.22512213681574,150.64610360181098,144.22512213681574,147.33682250976562,798672
2021-12-01,145.26235413901762,152.02907141399427,145.21295896144719,148.96676635742188,869864
2021-12-02,149.16433550064465,156.37559446997003,147.1886489377222,155.190185546875,1071446
2021-12-03,157.9561184355149,159.04275196271306,151.83149373483874,154.3011016845703,835746
2021-12-06,155.0913871011171,155.0913871011171,149.55945898411736,150.25096130371094,481784
2021-12-07,150.64607372971574,153.11568149577664,148.47282191024004,152.4241943359375,619882
2021-12-08,151.73272017453414,155.09138099478642,151.14000823058802,153.06629943847656,758131
2021-12-09,154.99260997797685,156.77073095830224,153.11571371020116,155.38775634765625,1189344
2021-12-10,154.30111208762358,163.1423061290819,154.30111208762358,163.09292602539062,2333535
2021-12-13,165.95766269336676,171.2426300048828,165.4637410782079,171.2426300048828,871700
2021-12-14,173.86043070698832,179.78749084472656,171.88474399440892,179.78749084472656,2511352
2021-12-15,185.22060483729211,188.77684647948468,179.7874670953982,182.65220642089844,2256643
2021-12-16,182.84979723418954,184.5291277962371,173.56406135431035,177.9599609375,1618264
2021-12-17,177.91057416078004,177.91057416078004,169.06936507395906,170.89688110351562,1772217
2021-12-20,163.14230433013034,173.36648784791367,162.35204180028308,164.32772827148438,1739235
2021-12-21,167.63699142873068,172.52681235334626,165.4637393592672,172.47743225097656,795486
2021-12-22,174.79886109554775,178.30570766822382,170.74871279082637,174.453125,1173442
2021-12-23,174.89764763115195,177.8117821574067,171.8847227521598,176.62637329101562,1558367
2021-12-24,177.81177922017443,178.2563056535666,172.87256313072515,176.0830535888672,650807
2021-12-27,177.81177461638597,184.87484741210938,172.37863705866306,184.87484741210938,926143
2021-12-28,191.6415832977873,191.6415832977873,183.83762794538976,186.89993286132812,939497
2021-12-29,188.57927398653442,194.60512395559294,182.75100472987157,192.08612060546875,1532490
2021-12-30,192.03673325269463,194.6051318855777,182.75101217681154,192.53065490722656,784984
2021-12-31,194.60511893737655,196.58080542405042,189.66590272069186,192.18490600585938,948467
2022-01-03,193.61727410028783,196.38323817352168,192.72822121791947,193.716064453125,1363567
2022-01-04,194.60511731741246,203.3969160806084,194.60511731741246,202.11273193359375,3875697
2022-01-05,203.4957233245511,206.36046291485144,199.54435005611322,200.2852325439453,1506022
2022-01-06,199.5937296320476,202.01394255509086,193.27152385285217,195.49417114257812,9426334
2022-01-07,196.67961387347506,203.10059554593627,195.74115064732703,196.92657470703125,1739419
2022-01-10,199.05042483457262,200.58158496334323,187.88779253638722,193.7654571533203,2104586
2022-01-11,190.65375229328168,193.22215084053914,188.6780657410197,189.96226501464844,947061
2022-01-12,191.641600672639,191.88856149824807,181.9607332941049,185.36878967285156,1952510
2022-01-13,186.70238838863244,187.69023171344003,181.9607374148975,183.4918975830078,1372632
2022-01-14,185.71453093176166,187.6902174310357,183.837634786768,185.5663604736328,1769450
2022-01-17,185.22062340142108,187.54206124403606,182.60284461999817,183.4918975830078,1039767
2022-01-18,185.07242694058738,185.3193877371063,175.39156070238795,179.1947479248047,2255545
2022-01-19,178.7996265060872,182.40524830410325,177.81178326572208,178.4044952392578,682696
2022-01-20,178.89841054332527,180.77530660443742,173.07012658696712,176.7251434326172,2826731
2022-01-21,175.83610223327923,178.75023686799256,172.87257242035878,174.70008850097656,1215716
2022-01-24,168.92118442449123,173.86040034333598,166.00705004703096,170.79808044433594,2690492
2022-01-25,168.1309169247033,179.29354858398438,165.95766480501032,179.29354858398438,1713449
2022-01-27,177.81178564737516,188.2335349874769,175.53974314944477,182.55343627929688,3017836
2022-01-28,184.97365467709955,185.7145371390906,177.31786923652533,178.55267333984375,1152122
2022-01-31,175.83608013386123,180.52833508125357,170.4523379983533,172.4280242919922,1390847
2022-02-01,173.86042422679955,175.78671568510836,166.40220415013908,171.83534240722656,1540259
2022-02-02,174.84825314430898,178.5032701106334,171.88472342999867,173.6134490966797,1532426
2022-02-03,174.70009155961355,182.25708668555117,172.57621944586072,180.33079528808594,2882064
2022-02-04,181.2198322964805,186.2084434786026,180.6765155210094,183.3437042236328,6687911
2022-02-07,183.44249926206317,183.44249926206317,174.84826549800613,177.56483459472656,1890761
2022-02-08,177.91056342610503,178.00933870050744,168.92118442449123,170.79808044433594,1357275
2022-02-09,170.89689330511854,175.83610987463064,168.03215372411861,170.05722045898438,1516747
2022-02-10,170.89687593077068,173.0207328104204,168.77301905112094,170.69931030273438,904046
2022-02-11,170.89687253928128,170.9462677136329,166.99489493815818,169.5632781982422,902074
2022-02-14,164.03136469249813,168.57543432192358,161.11723029704112,164.47589111328125,1688071
2022-02-15,165.90826707242817,167.34063673789063,158.54883804094897,166.4515838623047,1163292
2022-02-16,168.32848934707798,168.32848934707798,163.93258975360877,164.7722625732422,841685
2022-02-17,165.85887234101838,172.97135565793872,163.29048898616736,171.2426300048828,906025
2022-02-18,172.8725573662442,178.20690453565769,169.5138965667306,174.9964141845703,1287162
2022-02-21,174.84826832459126,174.84826832459126,166.25403442160044,168.22972106933594,1129383
2022-02-22,159.8824255647856,170.60051508095842,159.83303039086408,167.1924591064453,1770111
2022-02-23,167.9333548484442,174.65069205704037,167.34064286083878,172.6256103515625,1822572
2022-02-24,164.13014734976764,168.92119306544333,164.0313720703125,164.0313720703125,1884190
2022-02-25,159.14156005945452,169.9090458918911,159.14156005945452,167.14308166503906,1431104
2022-02-28,165.66132034336212,171.83534104096276,162.84597594923184,169.1681671142578,1082953
2022-03-02,164.77226906356458,171.8847379646861,164.57470341389592,167.6370086669922,1817277
2022-03-03,168.72362494496355,170.6005210331387,166.94550413478683,168.2790985107422,523181
2022-03-04,166.99489640667707,169.513899587852,164.22893242486327,167.73577880859375,857036
2022-03-07,164.4759061507434,164.4759061507434,159.38851928710938,159.38851928710938,1262518
2022-03-08,154.10354673995423,161.61116145660202,152.12786024328813,159.48728942871094,2113223
2022-03-09,161.01844179946767,167.43942260742188,159.28971619732613,167.43942260742188,1256028
2022-03-10,171.88471836543005,171.88471836543005,164.47589429795462,165.61190795898438,1093350
2022-03-11,164.72286479323628,170.7980948567435,164.72286479323628,169.3163299560547,688981
2022-03-14,168.87179047704603,172.37863681955184,167.6369864883673,168.67422485351562,865857
2022-03-15,169.9090308395578,170.89687404211335,165.9576580293355,167.73577880859375,1535855
2022-03-16,168.7730214766445,169.85963998310604,164.08076614521454,166.4515838623047,766241
2022-03-17,171.34140990014058,171.34140990014058,162.0556893142996,166.05645751953125,1479998
2022-03-21,167.43944869495814,173.86043050331938,167.43944869495814,168.72364807128906,2418421
2022-03-22,170.89688463988733,173.86041443133047,167.53822357223527,172.6256103515625,1711291
2022-03-23,175.78671550881037,179.78748396331187,173.3665023931936,176.3300323486328,2768496
2022-03-24,177.81176477635722,182.55341485171812,176.1324344570163,181.17042541503906,2270294
2022-03-25,184.87485866781657,184.87485866781657,179.44172077930878,182.257080078125,1034423
2022-03-28,181.56558391109965,181.6149790859582,175.14460308505576,176.1324462890625,797373
2022-03-29,178.79963457866,181.76316443355492,176.77455282982336,179.4417266845703,1187625
2022-03-30,180.77532567538307,188.38171614542642,180.3307992006759,187.7396240234375,2825453
2022-03-31,188.18413476543387,191.88854686711562,185.46756589086723,187.1468963623047,1893456
2022-04-01,186.70236426564276,189.51772340690138,184.08458582245146,186.06027221679688,1242940
2022-04-04,186.30723432632757,190.55494804541024,182.3064663349838,184.23275756835938,1518986
2022-04-05,185.3193967469699,193.41970825195312,182.8497886617133,193.41970825195312,2716981
2022-04-06,194.4075486120502,203.05117678266595,190.1598197535465,197.07472229003906,4496935
2022-04-07,202.40908674743557,212.18874449072712,199.4455568385519,209.32398986816406,9008035
2022-04-08,211.39844665098335,216.9797547505363,206.50862578282675,209.7191162109375,5025752
2022-04-11,209.4227695548421,211.39845606007646,202.50786678652182,204.13780212402344,2621680
2022-04-12,202.5078697985817,203.29814742708825,198.26014073448965,200.4827880859375,1552476
2022-04-13,200.92730800196014,202.26090239874097,195.88931654662576,197.91439819335938,1670090
2022-04-18,197.91439729228082,199.44554224117243,194.11119482491875,196.43263244628906,1344537
2022-04-19,198.4577147530432,200.5321917313048,187.69022871402913,192.23431396484375,1466329
2022-04-20,198.55649789643633,198.55649789643633,192.13551662117843,193.56788635253906,1406494
2022-04-21,195.5929749887012,196.1856870028325,191.14768010259436,191.93795776367188,1064358
2022-04-22,192.0861122700331,198.65527876653147,188.6780561551867,190.75253295898438,1477922
2022-04-25,190.45618365981335,190.55495894189897,182.7510032124153,184.92425537109375,1175914
2022-04-26,186.10965865734687,200.92730711966084,186.10965865734687,196.72897338867188,3649596
2022-04-27,196.67958420476805,202.40906262035753,193.41969867891456,194.50631713867188,2348607
2022-04-28,197.07472589173292,198.35892511520956,192.1355097039702,194.60511779785156,1123942
2022-04-29,200.23582170865177,200.23582170865177,194.4075526226871,195.49417114257812,1188559
2022-05-02,194.01241361050285,197.76622107847754,162.50021909750683,190.2586212158203,7583941
2022-05-04,184.726691079602,187.39386488801807,174.84825840154843,178.3057098388672,3299235
2022-05-05,178.30568830949338,182.7509824778741,168.4766519962874,173.02072143554688,1623822
2022-05-06,169.41513004331864,171.88473835298802,166.55039043341935,168.22972106933594,1051753
2022-05-09,168.42727519456471,169.90904007897439,160.03060751624332,161.561767578125,1317086
2022-05-10,161.117241442785,165.21678493502492,153.11570502199618,157.6597900390625,2541077
2022-05-11,158.10432699969152,171.2920263293502,155.88167952098908,168.22972106933594,3281518
2022-05-12,167.933349609375,167.933349609375,161.61115894751512,163.73501586914062,1617929
2022-05-13,162.0062880151561,167.88395215714525,162.0062880151561,164.37710571289062,1745116
2022-05-16,164.969828432503,167.63700228471734,163.7844195063291,165.36495971679688,1019136
2022-05-17,166.84672524890627,168.92120218221532,165.46375067556178,166.2540283203125,525052
2022-05-18,167.93335586788368,177.26847175293997,167.24186859367435,174.4037322998047,1340991
2022-05-19,167.9333531630959,173.56405669567073,167.0443002639021,169.66207885742188,740661
2022-05-20,173.86040511642625,175.83609153820382,168.4766626317406,170.10659790039062,702800
2022-05-23,172.13169201181594,175.98427478505903,169.95843980451747,174.0579833984375,1297249
2022-05-24,172.42804298300183,175.04582157652158,167.63699717226734,169.66207885742188,995007
2022-05-25,170.89687414264193,171.63775654499443,162.89533816791857,163.83380126953125,1697970
2022-05-26,163.88320499381413,170.40297710361764,162.6977959938389,165.46376037597656,1599178
2022-05-27,168.22970807514446,169.316326603492,165.46374396730138,167.8839569091797,562376
2022-05-30,169.46450593397725,175.7866964577569,168.7730187006406,174.304931640625,1002438
2022-05-31,174.35432518958174,180.5777403781457,170.89687398185634,179.73806762695312,1191450
2022-06-01,179.68868707641974,184.13398184813946,179.58991179213467,183.04736328125,948835
2022-06-02,181.7631611288481,185.61574384084926,177.81178806082966,182.50404357910156,1145464
2022-06-03,182.75101471156646,185.71454467986212,179.5899190933763,182.89918518066406,1648746
2022-06-06,181.02228358386108,184.5291302914129,179.19476746106446,182.10891723632812,714712
2022-06-07,180.87409066619577,181.4667875249092,178.05873159911272,178.94778442382812,430023
2022-06-08,179.836863802191,181.61498463842338,175.39156924825585,176.62637329101562,468372
2022-06-09,176.03365726061222,176.62636921678146,173.86040521014368,174.304931640625,438062
2022-06-10,173.61343954739377,173.9591906910292,169.5138963640689,170.79808044433594,420496
2022-06-13,165.0686216569157,170.2054038084063,165.0686216569157,165.9082794189453,1045747
2022-06-14,163.98198108560234,168.82240702808951,163.93258590796637,166.9455108642578,536091
2022-06-15,167.93335539065086,171.63776764191522,164.6734695948798,169.01998901367188,673370
2022-06-16,170.89689007224482,171.53898218481777,162.895353351684,164.13015747070312,971213
2022-06-17,164.92042271929452,167.0442946882648,162.94473627743824,164.6734619140625,1894780
2022-06-20,164.96981482677995,168.67422683636335,160.0305988140021,167.73577880859375,2272491
2022-06-21,165.46375507865523,170.50176200887466,163.9819901078016,170.05722045898438,633818
2022-06-22,169.7114695722203,176.18184572978913,168.97058715127636,174.84825134277344,1036691
2022-06-23,177.51541752313426,181.66435588999377,174.89763910935014,179.1947479248047,1207502
2022-06-24,181.26924277151733,186.6035904804358,179.68868748642697,183.93641662597656,1826113
2022-06-27,185.7145431436957,187.59143941210743,182.6028427320413,184.72669982910156,1096324
2022-06-28,182.75101046602958,190.55496650526194,180.7259286867475,188.97442626953125,998102
2022-06-29,187.0975098462909,192.2836870286929,185.4181792971239,188.77685546875,1244688
2022-06-30,190.6043745620783,190.9501257696899,185.51698725363883,189.32017517089844,620469
2022-07-01,189.66591047060606,193.86424442633563,186.30724933533932,188.13475036621094,928649
2022-07-04,187.19629516269035,189.46833764370325,183.88701425846597,184.6772918701172,769651
2022-07-05,185.1218199558986,193.0245659958224,184.4797278694715,191.8391571044922,1809228
2022-07-06,193.61729350806095,198.3589445269986,192.9258061887622,196.92657470703125,3856075
2022-07-07,198.01318546639567,200.38401841835085,194.5557339339253,196.77838134765625,1019573
2022-07-08,197.17350085548935,200.72972718914147,195.74111621420195,198.507080078125,1478329
2022-07-11,197.0747288727338,205.17504052853366,196.48201689192013,203.84146118164062,2013460
2022-07-12,203.39692648588039,208.92885491483358,195.69176091644945,198.01318359375,2194630
2022-07-13,202.60665173129576,203.74266541215607,197.86500123068186,199.14920043945312,1171224
2022-07-14,199.544329479392,202.45846394970505,194.6051134031694,199.79129028320312,969844
2022-07-15,199.5443326034258,201.52001906484588,196.92655407136084,200.63096618652344,820890
2022-07-18,201.76698755543464,204.48355654332912,199.74190584070945,200.77914428710938,1195117
2022-07-19,200.137061692083,202.50787961928432,196.8277805567922,199.69252014160156,1389541
2022-07-20,201.5200242519422,203.49571076421614,198.55649448353128,200.8285369873047,1162137
2022-07-21,200.82853703337716,220.6347973381256,200.82853703337716,218.51092529296875,10404867
2022-07-22,221.17810369089096,228.68571862540472,216.38707284141827,226.51246643066406,7126820
2022-07-25,227.99424069631974,228.43876717454137,213.6211174118684,215.2510528564453,2654793
2022-07-26,215.34983315731873,224.882514696663,211.2502896104756,219.94329833984375,4286024
2022-07-27,220.88174198013306,224.73432436856356,215.1522484980566,217.32550048828125,3138841
2022-07-28,218.21457134136904,219.99269223410454,214.90530544558962,217.57247924804688,1422331
2022-07-29,219.3012070747413,224.24042345029855,218.80728543718558,221.42506408691406,1924043
2022-08-01,223.2525652417617,226.01852924171607,219.94328446218017,222.01776123046875,2690905
2022-08-02,223.2525801751871,224.14163309347052,219.3506022531553,221.42506408691406,1066078
2022-08-03,221.27689306465854,235.79818615736832,219.7951281557434,229.22903442382812,4727515
2022-08-04,231.84680329284168,231.94559364525477,222.363517319552,225.8209686279297,1842462
2022-08-05,226.11732396214745,231.35289643488701,223.54894044178124,229.1302490234375,1383182
2022-08-08,225.57401053563706,231.69863562669008,224.2404161284639,226.36427307128906,1241634
2022-08-10,227.3521247993419,231.0071569929574,225.22826777725052,227.6978759765625,1114741
2022-08-11,229.6735552813556,235.9957460425794,227.69786878431165,228.43875122070312,2226684
2022-08-12,230.8095666786658,235.00790044288118,227.69786650626986,232.9828338623047,2974675
2022-08-16,235.89696482439865,237.37872965988697,232.0443672081542,235.748779296875,2203466
2022-08-17,236.88480740070474,241.7252331540889,235.6993985502118,238.76170349121094,1873756
2022-08-18,240.1446943687928,243.99727692246248,234.8103319022216,236.63784790039062,2163612
2022-08-19,237.47750557024872,237.57629592219405,230.2168669010089,232.43951416015625,1537138
2022-08-22,231.00715658080364,232.14317032114343,223.3513711765957,227.10516357421875,1290756
2022-08-23,225.62339660448714,230.46383766643802,224.24042205723947,227.7472686767578,1075856
2022-08-24,229.37720091218472,229.67355690349277,225.7221838814972,226.9075927734375,570385
2022-08-25,229.5747576554221,229.5747576554221,224.48737111599334,224.98129272460938,981739
2022-08-26,224.98131025155433,226.90760166056447,223.30197966609146,224.33921813964844,1213435
2022-08-29,222.26473792994602,222.95622521106964,218.31336481119143,218.70849609375,766943
2022-08-30,221.72141554372033,225.72218374065287,219.99268984767593,222.11656188964844,1781066
2022-09-01,223.2525690842002,225.91974277983988,221.77080424514577,224.0428466796875,650925
2022-09-02,225.22827501767017,225.42584066530785,216.18951474693603,217.3749237060547,2098867
2022-09-05,219.39999239572396,219.84451884466253,215.399224208693,217.02915954589844,958290
2022-09-06,218.3133692370336,220.28905583646377,210.46001801895721,212.63327026367188,3089321
2022-09-07,218.31335608187388,219.35059449873114,209.52155727350421,216.78219604492188,4827491
2022-09-08,219.79511714684008,228.68570615502688,217.96760115472958,223.15377807617188,3945081
2022-09-09,225.22825845777172,225.72218007719664,221.2768855023722,224.58616638183594,1449409
2022-09-12,225.42581518934008,231.64923036300436,224.04284073887735,226.85818481445312,4215323
2022-09-13,228.1917911458234,229.87112165907803,224.09224768052903,225.4258270263672,1199719
2022-09-14,222.75865204537362,233.67432293187844,222.26473042221315,231.74803161621094,5016560
2022-09-15,236.09455030392377,236.58847195727924,231.64925542372436,234.76095581054688,3006418
2022-09-16,235.64999989501172,238.56413433915478,229.77233583174873,233.13099670410156,12894895
2022-09-19,236.09452128434188,238.46533889972187,232.24193889102668,237.1317596435547,1694446
2022-09-20,239.55199065161068,252.83847948958802,239.0580690214012,250.86279296875,4373672
2022-09-21,252.88786673859346,259.80276934472687,250.81338992743684,258.5185852050781,3206192
2022-09-22,259.2100583089187,260.09911118929875,250.91218118106616,251.9000244140625,1787362
2022-09-23,252.93726229807436,253.67814476543438,243.89850222559917,245.923583984375,1617308
2022-09-26,242.02159721732133,250.61583051201274,237.08238094758008,243.700927734375,1722908
2022-09-27,244.98512156105707,246.96080802525913,237.5762973202993,239.0086669921875,3098409
2022-09-28,239.00867509479335,240.44104481524016,229.77234960550393,230.76019287109375,2049176
2022-09-29,233.7237165357852,235.9957439283982,229.08084125069206,233.57553100585938,5009594
2022-09-30,232.14315327379362,233.77308853342083,228.68570205482223,232.8346405029297,4195972
2022-10-03,229.82174803223865,236.3909153161,221.86962116890663,226.808837890625,1391436
2022-10-04,229.17963408128273,232.5876902803331,225.47522189246888,229.03146362304688,2363928
2022-10-06,228.19178854281475,242.21915954247666,226.7594188588277,238.07022094726562,4501861
2022-10-07,239.3544267683242,251.2579411582681,238.16901786179236,249.62799072265625,2641181
2022-10-10,245.2320725536581,252.69029167216368,243.99726856295487,251.8012237548828,1679444
2022-10-11,254.3202606628336,260.1979100023254,243.79972084536945,248.4425811767578,2542352
2022-10-12,248.93649981910082,256.3453242184788,245.87417970470787,252.09759521484375,1180821
2022-10-13,251.9000329016718,256.3453275999366,249.52921509191407,253.52996826171875,1263400
2022-10-14,258.7161494034447,258.7161494034447,248.93650694561256,251.35671997070312,1031077
2022-10-17,251.3567148075112,254.86356139956675,249.33163310731362,251.15914916992188,805344
2022-10-18,253.38178749597003,259.80276846565346,250.46765299361812,257.3331604003906,2522633
2022-10-19,260.39548040050556,266.71767101753045,247.10897695229548,253.13482666015625,6331258
2022-10-20,254.86352915024963,259.3088232633354,248.64011437727157,256.5922546386719,5462010
2022-10-21,258.4197877018535,258.51857805138116,249.92433013437264,251.4554901123047,1303877
2022-10-24,255.85141075092739,255.85141075092739,250.46766786368408,252.83848571777344,310808
2022-10-25,251.94941846803928,256.1477371162803,243.10822458676438,250.1219024658203,1944401
2022-10-27,251.90002035310525,254.32024829356223,246.219921854947,249.57858276367188,1768057
2022-10-28,250.41825168229926,257.82707569656844,247.7016828770672,255.65380859375,1762329
2022-10-31,258.8149813138522,259.1607325472153,251.55432599958462,256.83929443359375,1588235
2022-11-01,256.83921963958056,260.7412121504295,254.1720310693065,258.9136962890625,1372026
2022-11-02,258.81494978310303,258.91374014439845,253.87573318418882,255.0611572265625,976876
2022-11-03,253.8757161735079,256.09836349409306,244.7381660777688,247.89926147460938,2205694
2022-11-04,247.70168225972776,251.70245023212036,246.4174830857968,250.56642150878906,835517
2022-11-07,251.70247740999795,251.90004305656024,246.02237839989903,248.8377227783203,1134476
2022-11-09,248.6895341240431,248.93649493250788,246.26932121574646,247.998046875,603415
2022-11-10,247.94866184237497,253.87572148800945,247.01021374647462,252.59152221679688,1069461
2022-11-11,255.85139248024203,263.06263588533784,254.46841800966533,260.3954772949219,4408662
2022-11-14,260.79060543490186,263.65534469255977,257.925866177244,259.8521423339844,1030552
2022-11-15,260.19790587849064,268.59457349890204,258.8643114624027,267.4091796875,1957513
2022-11-16,267.7054991790051,272.1507934458151,266.76703610849046,269.6318054199219,2149354
2022-11-17,269.8294170572588,271.11363155748523,263.21088440503195,264.24810791015625,709876
2022-11-18,263.7541450376847,265.33470025074774,253.87571263926952,259.0618896484375,1344153
2022-11-21,259.06187771280827,264.93955677769924,255.01171458674258,264.0998840332031,859123
2022-11-22,262.6181808281224,267.5573979580604,261.2845861737213,266.47076416015625,1131094
2022-11-23,264.98896944870563,270.175146856369,264.98896944870563,268.24884033203125,1499518
2022-11-24,269.1379193506975,277.48517715416847,267.95249533115145,274.3240966796875,3239615
2022-11-25,275.4601196081147,279.95479471743266,274.86740757862793,277.7321472167969,1379359
2022-11-28,276.59609853588177,280.30051056984445,274.96616327025464,278.4236145019531,1232761
2022-11-29,276.59610746854594,279.06571557094367,276.1021858480664,276.44793701171875,833554
2022-11-30,276.59608949334165,277.4851423231111,271.0641616741585,276.2009582519531,1343071
2022-12-01,276.5961299909048,277.8309341426499,273.583219919281,276.00341796875,1626316
2022-12-02,272.0520465699763,276.89247284907066,272.0520465699763,274.76861572265625,687427
2022-12-05,274.7686221270343,279.7572491389107,274.17591008695365,277.63336181640625,2835969
2022-12-06,277.58393855693066,283.7085784413747,275.756422611848,277.28759765625,1037096
2022-12-07,277.4851536051758,280.2017224517221,274.62041430540717,277.7815246582031,629680
2022-12-08,279.06568716823944,279.06568716823944,271.8050340568471,272.7928771972656,625606
2022-12-09,273.879518315412,276.5960870272871,268.79213202976206,272.64471435546875,1121418
2022-12-12,273.6819512613591,279.1150889558545,273.13864955054254,278.37420654296875,1592165
2022-12-13,278.9175455054691,283.9061418206788,277.92970226312394,281.2389831542969,1822476
2022-12-14,281.53531189149555,284.4988414903534,277.0900174932088,278.4729919433594,1039282
2022-12-15,279.5102384498403,281.43651455331354,274.6204026745212,275.6082458496094,710114
2022-12-16,276.0528531213709,276.39857419777326,271.1630161807869,274.91680908203125,888448
2022-12-19,276.2503531971557,276.2503531971557,269.1872801330724,271.7062683105469,840913
2022-12-20,271.5580996684983,274.1264981125633,263.50718332081533,266.27313232421875,2189957
2022-12-21,266.5200760495415,268.0512510558285,258.3209897712658,259.4076232910156,1497887
2022-12-22,259.70397808367886,261.77845488757623,251.5542714692543,253.13482666015625,1766836
2022-12-23,247.05959906318355,253.13482892814235,246.9608087103828,248.5907440185547,2087026
2022-12-26,248.09683290388094,254.8141852731206,244.54060615187967,253.4805908203125,904210
2022-12-27,254.76476636597428,262.2723810428451,251.70246135634167,260.247314453125,1144158
2022-12-28,260.19791129273733,267.6067358178528,258.91372710035097,264.2974548339844,816506
2022-12-29,264.74200896051894,267.1128268920423,261.77847900946836,263.45782470703125,426656
2022-12-30,264.6926001424383,269.0391042365357,260.6918170545284,267.0140075683594,919336
2023-01-02,263.7541826054094,269.68124288867705,261.7784958443202,267.3104248046875,1512754
2023-01-03,272.5953332032619,272.5953332032619,265.72981115385153,270.8666076660156,753832
2023-01-04,271.9038868415273,273.7314031002973,266.71770916335106,270.9654235839844,1018706
2023-01-05,269.18727513844715,270.57024960525484,265.72982389813683,267.6067199707031,953714
2023-01-06,266.767061989444,267.9031058628871,263.9517327979276,266.7176818847656,721930
2023-01-09,268.69336693693356,287.85752016708926,267.80431403153256,285.9312438964844,6464804
2023-01-10,283.01707652330424,294.9699852609347,282.02923332427,286.2769470214844,4651066
2023-01-11,287.462386882501,296.3529761675268,284.49885712082573,295.5627136230469,4627649
2023-01-12,297.04447083286067,301.2921846562667,289.6356466200017,291.5125427246094,3568679
2023-01-13,292.895512575656,306.922898255113,292.3028006186991,304.79901123046875,5903809
2023-01-16,307.5155734200931,311.56573653409555,296.45174776450943,298.3286437988281,4344439
2023-01-17,299.61285789274865,306.42900071316365,298.0817128514002,301.9342956542969,3243763
2023-01-18,303.26784615182106,307.16983864139684,299.4152639075472,304.6014404296875,2775644
2023-01-19,304.65084921643466,311.46696154378367,303.81117643303605,310.03460693359375,4884677
2023-01-20,311.1706147777091,311.21999488015183,306.3301890215946,308.9479675292969,2704855
2023-01-23,308.8985919732705,309.4418936944679,293.38944110856175,299.85980224609375,2595157
2023-01-24,301.1440452995826,304.5520867014864,290.4259391355028,295.7109069824219,2343669
2023-01-25,295.3651030064793,308.0094833173552,293.3894166987437,296.7480773925781,3645017
2023-01-27,296.3529550251274,302.5269749214842,283.0170720489967,294.77239990234375,3339589
2023-01-30,295.46391701851695,302.0824485916425,294.92058515241916,298.0816955566406,3383826
2023-01-31,300.30433828872725,302.7739463338648,294.5254494337888,298.773193359375,1912210
2023-02-01,300.1561701361834,302.28002704196564,288.00568037301747,298.7237854003906,2732882
2023-02-02,299.7610362020148,304.5520516863154,296.40234514756804,302.3788146972656,1711354
2023-02-03,303.26789213286935,306.7253436718434,300.20557188331816,305.49053955078125,3179890
2023-02-06,304.25570633551484,306.2313927402909,302.37881028029403,303.6629943847656,2066418
2023-02-07,305.19419915181766,315.6159338930965,304.1075654940737,311.46697998046875,3715973
2023-02-08,312.25727615611476,315.56655727219163,311.1706424863691,312.60302734375,1538187
2023-02-09,312.5042136677941,312.5042136677941,302.3294102513273,307.6637878417969,2591230
2023-02-10,317.24581877791405,328.9517660308505,314.33169959922253,323.8643798828125,7281913
2023-02-13,324.8028773340598,331.17447892001445,324.01261472263906,330.38421630859375,4193247
2023-02-14,329.939639820772,334.48372472187174,329.2481374990414,331.6683654785156,3557133
2023-02-15,330.8781254462555,332.2611000371584,311.615181093192,316.8507385253906,4085177
2023-02-16,319.0239769919326,323.4692714406084,317.59159227761523,319.8142395019531,4072105
2023-02-17,317.04828825630364,321.78992357498447,313.6402171452266,316.25799560546875,2437429
2023-02-20,316.06045083209216,319.8636231182572,310.1827716045199,313.14630126953125,7742141
2023-02-21,312.45480565964965,320.406961852665,311.2200016060681,316.01104736328125,3231711
2023-02-22,314.8750355383222,316.90010213962154,308.20709360927543,310.5779113769531,2921934
2023-02-23,311.86213601594187,316.6037717083219,308.8491959195344,310.38037109375,3645631
2023-02-24,311.9115138550383,315.96167730891784,309.19494485075853,311.0224609375,3877334
2023-02-27,310.57793503239424,315.8629028450452,304.6508750884684,307.1204833984375,3505642
2023-02-28,311.1706258038045,314.92441811994706,295.1675529895468,301.5391540527344,78490279
2023-03-01,296.35296027482536,305.83626103293614,295.51328752473023,303.0702819824219,1547803
2023-03-02,305.14479362463055,306.03384657779503,287.46240433570335,296.4023742675781,3935281
2023-03-03,298.3286455492129,302.2800183379442,292.50037671515065,297.0938415527344,2251488
2023-03-06,297.3408008912953,297.93351283600964,290.4752786459699,294.7230224609375,1748045
2023-03-08,295.0687777770094,301.6873091711931,293.38943226768606,297.63714599609375,2094412
2023-03-09,297.9828970323452,301.09459710163384,291.5125360922912,293.4388122558594,1812978
2023-03-10,292.2534340867064,298.3286640977917,290.425918028976,293.7351989746094,2168497
2023-03-13,293.2412944385117,294.5748889446771,283.31345102291203,287.41302490234375,2083004
2023-03-14,286.47455000633266,294.5748769272144,277.33699970440654,289.4380798339844,2059502
2023-03-15,291.12607473707146,297.5800972712001,287.05506984750923,290.1331481933594,1559818
2023-03-16,290.87782767172115,291.9203883666316,281.4946602106804,288.7430114746094,1772334
2023-03-17,289.98415592093585,291.37427718424647,283.9769630539405,287.10467529296875,1801010
2023-03-20,283.4805269981885,288.94162296487866,274.69312106417175,284.82098388671875,2344438
2023-03-21,286.3103542903329,296.8353809549335,286.3103542903329,294.2041015625,2262931
2023-03-22,295.69351342805214,297.67936652105914,290.13314900900343,291.82110595703125,796707
2023-03-23,290.87782212233446,296.78571645030183,290.08346276362784,294.2041015625,1145571
2023-03-24,293.90623647186146,294.7502300355858,284.07627043398946,286.70751953125,1060023
2023-03-27,287.94869695144575,289.8352513194057,282.0904364186383,285.66497802734375,1469877
2023-03-28,287.3032944494127,289.3884462005002,281.2464366207159,287.5018615722656,1100200
2023-03-29,286.95575396178305,305.870991366953,285.3670655265658,302.8922119140625,2925120
2023-03-31,305.4241636968358,305.4241636968358,295.44523529394206,297.92755126953125,2761619
2023-04-03,300.8567123137754,302.6439677909949,293.50906269384706,294.6012878417969,1250839
2023-04-05,291.9700370089387,294.89918242305157,287.0550688162491,288.4451599121094,2588114
2023-04-06,288.445170874285,290.2820911037068,287.9487075853448,288.6437683105469,876239
2023-04-10,288.0479378361499,289.23943126536676,284.82092722508,286.0124206542969,2150819
2023-04-11,286.1117680890558,293.4097840053694,284.771311238841,292.46649169921875,1144355
2023-04-12,292.9133194412928,300.856731493938,290.6792348014863,299.1191101074219,1163685
2023-04-13,299.86379574769296,303.8355016516359,294.4027001297714,295.89208984375,1467802
2023-04-17,296.8850022475167,303.3390240355062,295.94171001935734,298.97015380859375,1662067
2023-04-18,300.85672055109006,302.7929392891825,298.374404374926,301.7007141113281,913636
2023-04-19,301.70068698762225,301.7503211859988,294.20407462854564,296.4878234863281,593807
2023-04-20,297.38148981501865,299.96310480196894,293.2608508578909,298.0268859863281,756569
2023-04-21,295.89207681802833,301.8496354116799,292.21823689792586,300.6581115722656,908853
2023-04-24,301.8496317407823,302.24679624852035,298.1261576650325,300.31060791015625,561124
2023-04-25,300.757394778959,305.17592929559777,296.9842866514108,303.9844055175781,1323830
2023-04-26,303.98442522049675,308.6015271315932,300.55884716464925,306.5660400390625,2238883
2023-04-27,307.06250981719006,308.00580208120937,300.8567194005128,305.5731201171875,1138840
2023-04-28,305.57314947723887,308.60156337086875,301.6510774363743,306.6653747558594,1189908
2023-05-02,305.8213638159692,309.1476736710633,303.0908159247552,304.67950439453125,999558
2023-05-03,304.62984973196865,314.1619505569315,302.9418927984284,309.594482421875,2687959
2023-05-04,311.4313878796755,313.56617377524276,306.8142857563065,309.0483703613281,791174
2023-05-05,306.5163836758823,309.0483338080845,301.35315441205995,303.3886413574219,1842407
2023-05-08,304.580200091157,311.9278500395337,287.9486814227727,310.1405944824219,3569790
2023-05-09,313.268308214018,321.11242144017564,307.11215184316876,318.2329406738281,3493120
2023-05-10,320.71523201523354,322.70108484504925,312.7718206959708,313.6158142089844,1526594
2023-05-11,314.45984987729435,326.6728342972035,314.2116182402904,324.6869812011719,4777643
2023-05-12,323.99189172713824,332.6303640484847,320.56631362169526,329.9991149902344,4621280
2023-05-15,327.9635866419277,339.0843747424519,326.7224286084634,329.8005065917969,3198066
2023-05-16,329.6515815129036,342.26175955290665,328.65865506256347,336.05596923828125,3037654
2023-05-17,336.05596415075166,337.99215251857663,330.09840553890234,334.02044677734375,1454973
2023-05-18,336.602059929762,337.396388953455,332.28282389686996,334.2686767578125,778622
2023-05-19,335.85739986108746,342.31142232700637,330.892767194996,338.24041748046875,1280319
2023-05-22,338.53829964710445,352.09174020572567,336.7013795761333,350.5030517578125,3438288
2023-05-23,349.1625604406983,359.4393546804394,348.61646304460214,354.87188720703125,2640866
2023-05-24,353.4818361345897,362.96427214616693,352.0420805802105,361.7231140136719,1791179
2023-05-25,361.27629955596495,372.34742355602185,355.91450271710045,370.60980224609375,3876292
2023-05-26,372.4467534069694,386.49665797033975,370.6594674434195,384.2625732421875,3040632
2023-05-29,386.14908758150443,392.50381075569004,375.32619541429153,381.0355224609375,2939627
2023-05-30,380.6383682264213,385.9505308997504,372.8935235816006,383.1703186035156,3152139
2023-05-31,383.17031595467404,394.98613480228386,379.29790880988907,390.0711669921875,6088536
2023-06-01,389.9718780764005,391.510902011778,383.4682217021127,385.80157470703125,3435479
2023-06-02,387.78743584778675,389.22719140607063,375.4255189956366,378.15606689453125,1858421
2023-06-05,378.15603861610447,380.539055998414,374.92902770418056,378.7518005371094,3094541
2023-06-06,378.3050106424553,379.9433333683595,370.36159834550085,371.9502868652344,944775
2023-06-07,373.9857733834096,377.90784531772243,366.389891450271,367.48211669921875,1354189
2023-06-08,369.56724798231045,374.3332829656984,368.47502279395155,372.3970642089844,1331695
2023-06-09,372.34742255587497,386.248392997961,371.60272771076325,377.2624206542969,1529117
2023-06-12,379.2979154438973,382.07809746782766,373.3899907659059,375.1772766113281,835240
2023-06-13,375.1772952877411,381.18448867142473,373.1914422284456,379.6950988769531,1074668
2023-06-14,381.18446803123516,381.28376673916574,373.4396536400304,375.4255065917969,1358222
2023-06-15,374.73045667908906,378.30499815506994,373.6878959702127,375.62408447265625,691330
2023-06-16,376.7163054837427,378.25535972932784,370.95734394350046,374.4325866699219,1256088
2023-06-19,374.33330411348487,377.5603153558425,359.8365706259357,361.9217224121094,4434760
2023-06-20,364.30471252481357,368.3757170757503,360.8294699108914,364.2054138183594,2131374
2023-06-21,366.3898636649528,377.0638231077665,365.3473030028507,374.4822082519531,1625233
2023-06-22,374.78011604425745,376.71630452014114,368.4253622622578,369.96441650390625,615591
2023-06-23,370.70908707988065,370.70908707988065,361.82238344955465,366.1912536621094,1167160
2023-06-26,367.3827809521011,372.14881571944437,364.5529345519929,371.25518798828125,1703097
2023-06-27,371.35448444911475,376.07088498690433,368.3757051620898,370.659423828125,629123
2023-06-28,372.3474280067984,375.1276100152313,368.6735879297801,371.80133056640625,648521
2023-06-30,373.5885778349016,377.26241783064,371.95025524826013,375.8226623535156,875942
2023-07-03,377.26240904734067,381.18445026323616,372.94317301823713,376.2198181152344,802497
2023-07-04,377.2127985780394,379.09935300417436,372.59569607937067,376.3688049316406,557086
2023-07-05,375.8226800781422,382.27670232519085,375.3262168283692,381.4327087402344,1237128
2023-07-06,382.2766989122057,392.20596381901623,381.58163824804427,387.48956298828125,2410088
2023-07-07,389.57472151917534,391.0641112813475,381.97883979243977,383.7164611816406,1208758
2023-07-10,383.71645878307936,387.0427383231019,377.2127720145539,385.90087890625,1894464
2023-07-11,387.0923895975977,397.17058718712883,384.2129089008332,396.227294921875,2580097
2023-07-12,400.6458039026256,404.7664424177383,398.9081826961086,402.97918701171875,1785862
2023-07-13,404.02176621197424,405.5608203896142,398.65996944540433,401.0926513671875,1165892
2023-07-14,401.63879622246515,407.0998923392106,394.241481180006,405.8587341308594,1226202
2023-07-17,407.9934955779243,407.9934955779243,402.1352352482308,404.02178955078125,615003
2023-07-18,406.1069470337016,421.00084484667354,402.1848751556006,419.7100524902344,2378567
2023-07-19,421.050464846257,421.6462267990181,411.17086447800665,414.447509765625,1570254
2023-07-20,416.13549368210727,416.43335950531804,408.0927831365913,409.3835754394531,933152
2023-07-21,410.0786334167528,411.07155988991684,401.241593865935,405.16363525390625,1047371
2023-07-24,405.1139990435775,409.5821681506758,397.22022150035275,399.00750732421875,1076880
2023-07-25,401.9366315843372,406.901264041168,395.6812068094151,396.67413330078125,981046
2023-07-26,397.17060259202407,405.11401464386455,395.184749579064,397.617431640625,1935916
2023-07-27,400.7451124727099,401.93660600549674,388.432830823653,393.9931945800781,3611506
2023-07-28,400.99334167131326,404.4189196469245,392.2059367743808,400.89404296875,2271602
2023-07-31,400.89407236730943,402.0855962820271,395.4329766446588,399.2060852050781,1147205
2023-08-01,398.1634981491987,407.14947021367743,391.31231184737237,405.1139831542969,1740052
2023-08-02,406.45446830487657,409.43324780098897,399.20608668330925,404.51824951171875,1243991
2023-08-03,406.1565732694242,410.17794378104657,401.2912394729972,403.426025390625,1014133
2023-08-04,406.3055249394139,409.5325359771971,400.74513062935296,405.16363525390625,846840
2023-08-07,407.0998811178644,408.9864354822143,400.1493953426813,402.03594970703125,562836
2023-08-08,401.1423201557545,406.0076541171029,400.00046070080225,405.06439208984375,813604
2023-08-09,405.61047990317195,406.80200383752594,399.3550550020944,400.9933776855469,725021
2023-08-10,401.1423144777932,403.9224966158651,397.17060839385465,398.5606994628906,687611
2023-08-11,400.79475525133273,402.03591331311793,398.16350622069024,401.0926513671875,1438246
2023-08-14,401.09266613644684,404.36931141953,396.0783692011691,398.85858154296875,683453
2023-08-16,398.65997736482086,410.7240279046843,398.1635141302445,405.411865234375,1491227
2023-08-17,406.1069356229312,422.49022275686366,403.07852194007086,409.4828796386719,2523108
2023-08-18,411.56803974579884,428.94425372782894,411.0715764891694,426.6108703613281,3336542
2023-08-21,431.9230275427811,431.9230275427811,418.0220565414042,420.1072082519531,1875220
2023-08-22,422.9866830039896,424.8732372669045,416.2844292239968,421.9441223144531,929212
2023-08-23,421.94413186639224,424.4264481373989,411.07157447869827,414.05035400390625,879842
2023-08-24,416.9794834296726,417.0291176325158,409.33393748572536,411.8162536621094,847091
2023-08-25,411.5184095137925,418.4192306665376,409.53255646810254,414.99365234375,1138594
2023-08-28,417.0291205028845,417.97241277708747,405.7097647210056,407.69561767578125,1116505
2023-08-29,409.5821784840265,409.7311113976783,402.23452849398876,403.9224853515625,1068508
2023-08-30,405.5608578400135,409.48289949639855,404.36933386998754,406.5041198730469,864442
2023-08-31,409.0360736693114,431.92301680702195,408.0927813969794,426.31298828125,7965798
2023-09-01,421.89446438788843,422.9866895997796,413.6531865468874,420.9512023925781,2190945
2023-09-04,423.5824105072429,436.8876182762224,417.57518757491937,431.87335205078125,2935598
2023-09-05,436.8380291597411,446.7672942362056,429.93717781091334,434.355712890625,3817208
2023-09-06,434.3556838471454,435.19964708084285,426.66050392742864,428.54705810546875,1013008
2023-09-07,431.128689107874,446.7672811450647,429.93716521292725,445.526123046875,2409688
2023-09-08,447.76021336442096,456.4483201631408,447.36301852653867,452.02978515625,2587763
2023-09-11,454.9589316949843,455.15749881276747,441.8522898528226,448.1573791503906,1000599
2023-09-12,451.7319191810762,451.7319191810762,430.93009707486516,437.2848205566406,1853376
2023-09-13,435.894710017963,448.80275382259515,417.0291075342698,440.2635803222656,2121602
2023-09-14,442.84519798351425,443.34166120995314,431.0790134565698,441.7033386230469,1765008
2023-09-15,444.08635769497,451.48367191700146,428.94422923248084,433.1145324707031,4031729
2023-09-18,436.5898110556489,439.8168223054525,429.73859369931074,435.9940490722656,1275521
2023-09-20,435.9443419117832,436.8876341516584,427.25623555081273,428.54705810546875,1273080
2023-09-21,428.944230209546,434.3556915307905,422.1426779062978,426.4619140625,1102266
2023-09-22,426.75979904859634,439.86644101440567,419.6107464050102,437.3841247558594,1515418
2023-09-25,438.5756396082939,438.8238712290136,428.4974115657038,431.3769226074219,1065899
2023-09-26,433.6606363444568,441.8522797327608,428.34847366260834,434.90179443359375,1041825
2023-09-27,437.23519569221014,440.760072689711,430.73150885650176,434.9514465332031,906069
2023-09-28,434.95143849551164,445.4268311862999,429.98680602643054,433.41241455078125,2089040
2023-09-29,435.4975715554663,443.54028231373513,433.7102856637887,439.0721130371094,1068454
2023-10-03,439.0721232028824,443.73885970771244,435.0011183740255,441.2069091796875,871947
2023-10-04,442.5969836446974,442.8452152676052,425.9654649098714,428.9442443847656,1085420
2023-10-05,432.915928227241,433.759921762338,421.54690835838744,422.9866638183594,904761
2023-10-06,426.46192353661377,427.4052158141314,414.0999767290122,415.7879638671875,1673711
2023-10-09,414.9936404233033,416.58229857285187,408.5396182101988,410.3268737792969,898022
2023-10-10,410.32686406873273,415.043264805155,407.99348080195006,409.03607177734375,652483
2023-10-11,413.8020944361503,413.8020944361503,398.16350298475413,401.589111328125,2063963
2023-10-12,402.1351964209809,405.1139756537289,390.26971368985096,396.9223327636719,5297532
2023-10-13,397.6174163243701,399.603269260835,392.2059549518188,393.4471130371094,1405103
2023-10-16,393.44712729567834,396.22730938679894,385.2554836358945,390.3690490722656,1277647
2023-10-17,391.46129193152893,394.48970578520283,387.43995152888476,389.5747375488281,1729180
2023-10-18,389.9222301326182,396.9719837060822,382.47528173666836,384.1632385253906,1642283
2023-10-19,384.0639209229146,386.64553563349773,368.37569586136226,377.7091979980469,3327160
2023-10-20,380.29085005214114,396.1776740752071,373.5885961674102,391.4612731933594,4679204
2023-10-23,397.1705754597982,404.02176182613766,375.87229123008245,381.28375244140625,3261076
2023-10-25,386.248406607074,391.2130390827433,365.34731600519086,369.7161865234375,2423091
2023-10-26,372.3474406502511,373.4396658698343,356.6592139382054,368.97149658203125,2225309
2023-10-27,372.34743572552566,385.15618145414135,372.34743572552566,381.6809387207031,1827772
2023-10-30,385.05686901008966,391.4116225945139,380.3404683257906,388.3831787109375,1341022
2023-10-31,392.2059401397049,394.6882562165385,385.65261963652233,387.3406066894531,1175211
2023-11-01,387.34063464200517,388.5817927699905,373.53896231915064,380.3404846191406,1278270
2023-11-02,381.78026052005384,385.8512654572034,378.45395049939333,380.9859313964844,568672
2023-11-03,384.7590016417846,384.7590016417846,375.32620031121184,377.5106506347656,1744286
2023-11-06,379.14899084442084,382.2767032653403,368.3260980330952,373.9361267089844,1313908
2023-11-07,374.03543390702106,388.0356736613698,374.03543390702106,385.50372314453125,1021467
2023-11-08,389.72366119227115,395.97908618116895,378.60287198788296,379.9433288574219,1239559
2023-11-09,383.6667966766226,384.1632599306818,376.21984786573427,380.9362487792969,2752128
2023-11-10,383.51785590581716,386.7945011948133,376.91490082240887,385.80157470703125,1117609
2023-11-13,384.95762599136924,387.2413448789446,377.80854288830363,379.9433288574219,1369804
2023-11-15,385.65263466609844,394.6882715982496,376.31913191380283,391.5108947753906,1998162
2023-11-16,391.51090612079446,398.3621231997654,384.5604206333728,395.33367919921875,2327265
2023-11-17,397.9649264555814,398.11388967096894,384.2625529666043,386.3973388671875,1475072
2023-11-20,386.8938052263855,393.4471261962426,379.8440210058076,391.4612731933594,1127292
2023-11-21,392.3052503480389,393.00028068890913,386.3476915889243,388.3831787109375,948157
2023-11-22,386.8937801420977,466.030029296875,383.26960470715187,466.030029296875,15951070
2023-11-23,494.4773764827015,499.8888378038491,452.1290690751979,457.0440368652344,23771976
2023-11-24,463.94491690848787,467.81732427980523,424.277490276312,426.1144104003906,6433058
2023-11-28,429.93717417269426,434.3060447090259,407.19916340034683,428.4477844238281,10684488
2023-11-29,428.4477943068685,446.7673007611845,425.96547800149847,436.1429748535156,4005149
2023-11-30,436.93729209808185,451.6822566123469,435.44790235526136,446.2211608886719,4490610
2023-12-01,450.6893359928724,455.65396853366565,440.0153760301668,452.724853515625,2797416
2023-12-04,456.69654655425234,468.90953013643303,455.7532542776554,466.6754455566406,2981176
2023-12-05,470.64716069482967,471.14362394450774,459.7249692019117,469.9024658203125,2477611
2023-12-06,471.64009367467287,472.93088602088704,448.75314967072376,450.5404052734375,1854358
2023-12-07,455.25677696913294,460.4200066257811,445.32751247689447,453.07232666015625,1537747
2023-12-08,454.8596098182612,457.1929930207799,443.341657013558,451.6325988769531,3163081
2023-12-11,451.6325872222131,452.4765807377327,443.34164557277234,447.809814453125,1641400
2023-12-12,447.8098504318683,449.5971060069205,441.8522914460785,445.1289367675781,1706411
2023-12-13,442.4480584201704,462.7037531411127,436.88766391006345,453.5688171386719,3118861
2023-12-14,461.66116919739244,471.9875983098598,450.59001493902133,462.60443115234375,2983562
2023-12-15,461.16471641487607,461.16471641487607,451.8808477532835,456.3986511230469,2226438
2023-12-18,460.469670168841,464.6896078469382,451.78156318452324,453.3205871582031,1695602
2023-12-19,453.27092733937195,455.75324348033234,443.8381260037223,452.57586669921875,1978035
2023-12-20,455.6539659530869,455.6539659530869,438.9231483250254,445.7247009277344,3052726
2023-12-21,438.8734801179085,455.7532293532127,432.96555576486816,452.8737487792969,1622890
2023-12-22,459.37743325662893,466.42721737630444,453.32057562418345,463.3988037109375,2491966
2023-12-26,466.67543344734526,469.6542128097751,457.73909536005567,462.0086669921875,1041127
2023-12-27,465.5831999126971,465.5831999126971,453.76738138127297,454.90924072265625,785764
2023-12-28,455.15749215269113,460.1221245503027,446.8665499883374,449.1502990722656,1317438
2023-12-29,451.7815529699937,456.6468867108667,445.17859787154384,451.185791015625,1367257
2024-01-01,455.4553755408467,455.4553755408467,445.128916201223,446.41973876953125,552939
2024-01-02,447.41266131316644,450.9872025686043,441.8522671715642,448.8523864746094,1456207
2024-01-03,449.7957018052329,454.76033427548936,445.17859966823676,448.1573791503906,2462488
2024-01-04,451.38439785475043,466.5265271439381,450.34180683741823,460.81719970703125,2427322
2024-01-05,476.6047020977618,484.54811379939116,461.7108051572067,465.13641357421875,4799854
2024-01-08,467.66837918439444,477.4983454253801,463.2498441605875,466.5265197753906,1861810
2024-01-09,471.54078536194714,473.67557126108665,465.68252511487424,467.6187438964844,1323564
2024-01-10,469.3066865365476,470.5478446149272,458.83132447570824,465.13641357421875,1086258
2024-01-11,466.6754324612631,469.3563460024694,458.78165504681914,460.3207092285156,1139491
2024-01-12,460.3207162437796,463.4980627577206,455.7532484344214,457.3915710449219,672141
2024-01-15,459.17885142201806,460.1221133736249,450.88790945905697,454.5120849609375,1125406
2024-01-16,453.6681205077392,455.8029064634207,446.3701045321518,449.199951171875,1091481
2024-01-17,447.3133995098868,471.4415019465607,444.5828515661527,459.82427978515625,3791637
2024-01-18,456.74618818228396,458.8313398843281,446.91622193174675,449.8453369140625,2191907
2024-01-19,456.6468939314882,456.74619264240505,449.00137801828396,451.036865234375,1683885
2024-01-23,454.1645550912169,465.43427643155513,434.00816014723864,444.23529052734375,5945583
2024-01-24,422.09304224589687,448.35592880989026,411.36941834667715,446.1715087890625,7680885
2024-01-25,446.81693624738966,468.6613197972621,429.5896549783978,459.82427978515625,5235201
2024-01-29,466.6754526540068,473.62593811906646,445.97292917273666,463.7463073730469,2676099
2024-01-30,463.6470249041625,463.7462933092834,456.74617385244653,458.4837951660156,1132965
2024-01-31,456.24971478715594,466.6754427637939,452.7248379252629,465.2356872558594,2096616
2024-02-01,464.6895878232758,464.6895878232758,450.8879159546789,453.5191650390625,1421655
2024-02-02,454.7603193010603,455.2071483293548,443.83812822614397,444.8310546875,1697666
2024-02-05,448.1172496959869,448.1172496959869,436.2670440597833,437.810546875,2941526
2024-02-06,443.0884094238281,445.08004172978553,434.3252090436773,443.0884094238281,1332434
2024-02-07,445.62771295468366,446.92226175256,433.4289655050861,435.3708190917969,1195367
2024-02-08,435.17165107475995,436.9143293113293,426.20930585811726,430.1427917480469,1938167
2024-02-09,432.1842194662977,438.1591165096106,418.49174707537236,430.6407165527344,3178120
2024-02-12,437.16329025386153,446.5239559945297,427.2051287446619,437.6114196777344,1610970
2024-02-13,439.15494043666973,440.59888607025533,422.22606518174143,434.3252258300781,2568647
2024-02-14,432.1842036638952,440.1507327636905,421.52895883696027,435.6197814941406,4983026
2024-02-15,438.15909009469425,438.15909009469425,426.7569834351353,436.76495361328125,1457857
2024-02-16,436.76494336084465,436.76494336084465,426.2092867238178,428.3005065917969,1785220
2024-02-19,429.097177666384,437.9101567685864,426.7072249581336,434.4745788574219,1966967
2024-02-20,436.1674523471078,444.13398115710066,426.80678707334533,434.4247741699219,2340482
2024-02-21,433.1800318537735,433.7775276308617,420.18464305411936,424.16790771484375,1108790
2024-02-22,428.00177315827256,428.101360852193,420.83191504446216,422.82354736328125,1059421
2024-02-23,423.2716336970214,432.68210827695526,423.22185504650395,431.8854675292969,2592673
2024-02-26,430.4415337797324,433.1800282109511,420.23441817246294,426.6076354980469,2212803
2024-02-27,426.6076334356881,439.10514437713465,423.7197726728888,437.26287841796875,2352699
2024-02-28,438.15909038197236,439.7524022431587,421.42939181425544,427.15533447265625,2681355
2024-02-29,426.3088992410505,447.1214506662437,419.2385985088833,441.3955078125,7113044
2024-03-01,478.4896545410156,492.8792098980517,459.0712398405998,463.05450439453125,18454089
2024-03-04,474.0582370374292,477.79254737137563,464.64779322982133,467.0875244140625,2122694
2024-03-05,468.0335875839011,471.2699900512366,460.3657911207167,461.31182861328125,1390039
2024-03-06,464.44862573187083,468.03356979122964,448.4657893875116,467.6850280761719,2431460
2024-03-07,467.6850226241486,469.02938042947335,453.0963229201919,455.7352294921875,2561510
2024-03-11,463.90095668312387,472.21602756211854,447.5197689610931,467.48590087890625,5360138
2024-03-12,468.83019886038886,468.83019886038886,451.1046847714638,453.74359130859375,2573370
2024-03-13,458.0754330758028,463.9507423350999,448.91391225832774,459.5193786621094,5876878
2024-03-14,460.0670481962316,467.4360814183652,448.21684242673217,465.5440368652344,3037344
2024-03-15,465.59383422179235,482.97083839848017,462.4072407384625,467.73486328125,6427017
2024-03-18,474.00849638950484,474.00849638950484,460.1168486775928,468.38214111328125,4267151
2024-03-19,469.3779235775612,478.29045941516574,461.51098248624635,476.99591064453125,3207227
2024-03-20,480.0829621883246,514.8369390355704,471.2202047123066,500.1486511230469,16844599
2024-03-21,507.86623628653734,547.649103618275,507.86623628653734,539.1348876953125,18510964
2024-03-22,539.1349130632634,539.1349130632634,518.0235975428258,533.7077026367188,8796374
2024-03-26,525.7909258136276,545.40851607286,524.2972015925661,539.8319091796875,5369829
2024-03-27,542.2218746995535,554.0721107817636,534.305124428147,546.2051391601562,4958340
2024-03-28,548.7444600270644,552.92689988136,532.761623478663,538.636962890625,4052946
2024-04-01,543.7653907852653,552.9766900750855,508.96163494577456,512.0984497070312,6477381
2024-04-02,517.1272864018115,526.2888066392861,513.0942433697109,515.782958984375,3787240
2024-04-03,516.6294110226542,516.8285864103705,507.3683329018954,508.21478271484375,2877622
2024-04-04,511.84947880470054,518.6707948231578,503.43482054777,508.51348876953125,3619172
2024-04-05,508.3641822173136,516.52988740791,507.4181446488045,512.2976684570312,2064465
2024-04-08,515.8825394219832,516.5298442252156,499.1528404178041,502.48883056640625,3541840
2024-04-09,503.7833878100141,506.77083628137996,495.31895047447756,499.6507568359375,1885154
2024-04-10,499.89968585843536,503.53440857205635,492.1323323775495,501.99090576171875,2919655
2024-04-12,501.8913363050076,504.6796093507433,489.94154258345975,492.18212890625,1982902
2024-04-15,479.9833720843438,497.5097419562742,477.2448777415389,492.6302490234375,1940291
2024-04-16,490.93736058835225,517.1273131047537,487.99969079804123,515.4842529296875,5834847
2024-04-18,520.8118720044116,528.0315394461554,517.824423407828,526.8365478515625,4305864
2024-04-19,520.8118395622571,534.1558001077008,509.40973263959125,531.666259765625,3562646
2024-04-22,535.749048719747,535.749048719747,527.7825201142489,529.9733276367188,1992375
2024-04-23,532.761641585673,541.7239869581423,529.326063703601,531.9152221679688,2590484
2024-04-24,533.757416308912,545.7072092113503,530.9193648064988,543.0184936523438,2946108
2024-04-25,542.7198177353475,545.9064416651656,534.2553802110348,539.9813232421875,1195547
2024-04-26,542.7198300122661,561.6403378475561,537.1930622479173,555.26708984375,3578376
2024-04-29,560.9929957629231,563.1340247667033,545.8067996927335,556.7109985351562,2976092
2024-04-30,553.6737350066114,561.6402635678577,549.8896460959774,551.63232421875,1654871
2024-05-02,551.2837586339238,554.321046307584,545.8067701834142,546.7528076171875,1200681
2024-05-03,549.6905223716333,553.8231837629758,543.7654040415597,545.9064331054688,994167
2024-05-06,550.6863235328128,552.4290017718407,534.15579997738,544.0143432617188,4109243
2024-05-07,537.7407227956913,582.5524496953323,528.4298660740171,568.2625122070312,14506616
2024-05-08,569.6068152968918,581.506829975224,556.7109845079007,579.5151977539062,5160508
2024-05-09,581.4570507394167,582.0047374437686,572.5942630515713,579.8637084960938,2396291
2024-05-10,579.8636679587886,581.5565673828125,567.6151428222656,577.5733032226562,1955716
2024-05-13,577.5733734795134,598.4855128641165,570.2043095749258,583.29931640625,5188849
2024-05-14,588.5273617882629,609.4395015472367,571.2997540475436,606.1533203125,3691480
2024-05-15,609.4394645423324,646.7825689873283,604.0122545403678,638.8160400390625,9424318
2024-05-16,634.3348398848439,645.2888167117408,618.7502939964793,627.1151733398438,7097061
2024-05-17,632.0943143776376,666.2010182255054,630.749986859056,651.8114624023438,5858292
2024-05-21,662.2177076562195,665.2051559614356,636.326489011014,640.3097534179688,11191214
2024-05-22,644.2930380693524,654.6993288154575,627.762514572999,638.367919921875,2386416
2024-05-23,641.3055701562733,643.2972023617276,619.4473945454546,633.4385986328125,2336190
2024-05-24,630.3516465204444,651.7119158926179,628.7085254995862,644.4922485351562,1394593
2024-05-27,651.7118839860683,651.7118839860683,635.4302536539974,648.2763061523438,2357207
2024-05-28,650.7160541039675,651.0645654331582,624.4264842913582,626.8164672851562,2171889
2024-05-29,623.3809202869483,635.7290650646142,615.6135663434853,629.5549926757812,2639836
2024-05-30,644.2929944766674,661.4210429618349,641.3055462797122,644.6913452148438,6363514
2024-05-31,654.2511693622397,657.1888389757604,635.430221000177,640.7578735351562,5482268
2024-06-03,697.0713175233378,697.0713175233378,659.0311277539623,683.3788452148438,5283814
2024-06-04,683.3788810620467,683.3788810620467,546.7031048496374,624.3767700195312,9807581
2024-06-05,646.2846358088332,661.2218770062639,567.8641195223223,625.0239868164062,10674892
2024-06-06,642.301436465445,667.1968409796096,637.621088260823,653.45458984375,4395241
2024-06-07,652.2595876615436,663.4127408584328,644.6415696922045,660.7738037109375,2428883
2024-06-10,664.2093678780666,666.201000165557,649.2721257218882,652.0106201171875,1557726
2024-06-11,653.2553887957893,664.6077171203166,650.6662911399186,659.2302856445312,2360936
2024-06-12,664.0101590320041,677.6030730210585,660.8235353766436,663.3629150390625,2019240
2024-06-13,672.9227670364637,674.9641779991504,660.0269356675973,664.9562377929688,1171905
2024-06-14,666.2010042445486,691.7934914514565,660.7737940719487,685.9181518554688,4289392
2024-06-18,691.0964120581268,695.4780274551395,680.441167036142,683.1298828125,2788650
2024-06-19,684.0261303882972,686.0177626668716,670.1842617402876,672.6240234375,1401771
2024-06-20,673.072120559585,683.1298387718608,665.2549277734028,677.1051635742188,1820440
2024-06-21,681.6361140531139,687.8599646197056,670.0348322850709,677.4536743164062,2205201
2024-06-24,672.3252802638342,731.9248509585411,668.8897024809274,698.81396484375,7158076
2024-06-25,705.0378470895109,729.933251294649,683.6277994730922,689.204345703125,5884793
2024-06-26,696.0754938009637,703.992244405732,681.1382514447199,682.4328002929688,2320809
2024-06-27,677.4537447667525,698.0671521429091,677.4537447667525,694.8307495117188,2733855
2024-06-28,699.0629322078452,706.0336452070687,687.2126957972476,701.7516479492188,2196512
2024-07-01,705.0377969691172,720.8214578012128,693.3867364734151,718.5808715820312,1915569
2024-07-02,721.9667079359176,724.9541563825491,709.120655303485,717.1370239257812,1660573
2024-07-03,723.5599451154269,724.9541119503245,711.8093274348275,717.2863159179688,1350593
2024-07-04,721.8671208250104,730.9290230936829,714.99596536957,719.5269165039062,1192287
2024-07-05,721.7674714717688,779.0766738339894,718.829801925218,768.9691772460938,8003162
2024-07-08,779.1265981214905,780.470925643216,762.2475018320034,765.2847290039062,2440823
2024-07-09,771.6081085261328,771.6081085261328,747.7085212665172,754.6294555664062,1994568
2024-07-10,756.8202233522378,756.8202233522378,719.9750282679842,738.9453125,3242224
2024-07-11,744.8704874466362,748.8537520853882,729.2859402356007,742.0822143554688,1647188
2024-07-12,746.862084154177,747.8579002663826,713.9005951520894,723.6098022460938,2471254
2024-07-15,728.937428785672,734.7131503550639,720.1742587376502,723.9085693359375,1566739
2024-07-16,725.949931454493,731.8252707123373,722.5143537793058,727.543212890625,1275289
2024-07-18,726.945807102516,727.3441578840796,683.0303381360494,686.4160766601562,6154982
2024-07-19,687.1131180639304,687.1131180639304,648.6248009793021,672.8231811523438,5600493
2024-07-22,672.1758486784727,690.3494919945944,662.2176879573102,686.8641357421875,2223120
2024-07-23,698.0173426927199,699.062937494552,642.3014169287551,673.570068359375,2264066
2024-07-24,679.1466111609499,706.0336470866765,654.2512075260177,694.1834106445312,6275338
2024-07-25,697.0713176473703,738.8955967062125,696.0755014793026,725.5516357421875,8677549
2024-07-26,729.9331934418228,732.5222909620331,715.3943028502594,729.285888671875,4022039
2024-07-29,733.0202219734465,744.372550058836,732.1738025829554,737.9495239257812,1630355
2024-07-30,740.8872045039664,747.5591847650011,734.9123076934504,736.455810546875,1001868
2024-07-31,735.9081638999608,738.4972616802476,725.9500020068625,732.9207153320312,1704764
2024-08-01,736.9039643700771,737.8997805381448,718.182632566364,725.5516357421875,1258090
2024-08-02,716.9876454803955,745.2688491418182,703.2453944313137,728.5889282226562,2535475
2024-08-05,687.8600020838043,706.4817761492342,680.7897317669922,688.35791015625,3220792
2024-08-06,691.5445310061953,704.7390948693469,662.7654202304981,665.7528686523438,2812030
2024-08-07,682.1340843084378,687.1131652157986,670.9311522668758,682.9307250976562,1867055
2024-08-08,682.9307181020263,686.8642041345078,670.6324126987416,675.8106689453125,2573333
2024-08-09,682.1340378905765,720.9708663252223,680.1424056631587,710.216064453125,3437452
2024-08-12,708.0252669212703,713.7512096565688,693.5361544166037,702.8967895507812,1304253
2024-08-13,705.0378372150423,709.9173606828269,682.8809277827899,690.0010375976562,1124143
2024-08-14,693.4365787568778,706.0336778570786,682.6319974203489,703.444580078125,1520350
2024-08-16,703.4445411846891,714.4980759572675,692.2416096801327,712.4566650390625,1588399
2024-08-19,718.9792554337869,721.9667038635671,702.6976858034019,707.5771484375,1266637
2024-08-20,708.0750392640144,744.3725489577804,708.0750392640144,732.4725341796875,3718828
2024-08-21,734.0659224317696,735.1115172662816,720.1742745452644,730.9290771484375,1290276
2024-08-22,736.9039647097894,741.8830455524231,730.4809382668328,737.55126953125,1265141
2024-08-23,739.8913909433495,755.6252737764956,732.3232126022798,747.061279296875,3048725
2024-08-26,752.2893224855586,761.699797256667,732.0742668015666,734.9620971679688,1509572
2024-08-27,739.5926341110688,739.5926341110688,725.203079222848,726.74658203125,1015056
2024-08-28,726.7465895071509,727.7921842732893,704.1415515115754,708.8218994140625,1546800
2024-08-29,710.6642555977149,720.7717535620524,696.0755239525978,697.8679809570312,1447106
2024-08-30,704.0419808079017,710.1662741183593,688.6068312993834,693.1875610351562,3214857
2024-09-02,696.0754605627699,702.050357219961,677.1549544816645,680.7398681640625,1373960
2024-09-03,685.1215190971684,692.7395370443965,678.6487140475585,686.5156860351562,1953579
2024-09-04,681.0884244508011,690.9968066664619,674.8645739107868,686.0675048828125,2436611
2024-09-05,686.0675417502414,688.5570821000283,680.4411562478055,684.6235961914062,1130884
2024-09-06,684.0758938763389,688.1089369950985,668.2423933007142,670.73193359375,1260824
2024-09-09,673.0721158487485,676.1591213988892,655.9938456870666,661.3712768554688,1478094
2024-09-10,662.8650525666229,676.159174017794,660.2261154253276,661.8193969726562,1391056
2024-09-11,666.2009522457752,693.0879861929141,660.4750098311067,686.8641357421875,3423525
2024-09-12,695.079668057156,735.9081299344388,689.7022365711573,726.099365234375,9996859
2024-09-13,726.0993607331262,734.5637978991143,708.5729602509687,710.7139892578125,3410744
2024-09-16,714.9461633091523,725.6511861170036,708.5729161162831,711.2118530273438,1459014
2024-09-17,713.800979400302,734.9122932038507,712.4566519563582,728.0411376953125,3096426
2024-09-18,731.3771502587467,742.5800814367117,724.555773473622,740.1403198242188,2499151
2024-09-19,743.1775216323229,744.1733377033241,715.6432437370102,732.870849609375,2433983
2024-09-20,728.9374355717306,748.8537589480073,723.0620958638108,743.3767700195312,3126501
2024-09-23,746.1152432372583,773.2512330647061,739.9909496615314,770.7119140625,4213992
2024-09-24,772.7532964918348,785.6491271910525,762.894692753025,778.5787963867188,3856352
2024-09-25,779.6742740699101,810.9927044354531,766.7784426511813,772.6039428710938,6162900
2024-09-26,771.7575200674524,774.2470604547668,754.8286454337149,768.86962890625,1642171
2024-09-27,767.774288106129,770.413225340851,753.83286134415,758.56298828125,1488749
2024-09-30,762.6955833679846,768.7202586807417,751.5922094236417,755.8742065429688,1506127
2024-10-01,759.857517257373,759.857517257373,742.7793063896385,748.1566772460938,1212072
2024-10-03,731.9248697258196,753.2851382839809,725.0039353323173,735.3106689453125,1879280
2024-10-04,735.0118771062208,739.7918432572303,712.7554104322351,715.7428588867188,2998570
2024-10-07,714.995959129481,758.8118674883907,706.0833928868809,755.9738159179688,8376857
2024-10-08,755.7746801306632,786.6947594703424,745.2189924597668,777.1349487304688,4757051
2024-10-09,780.0227470448161,806.2126985898412,778.1307329031144,800.1382446289062,4717387
2024-10-10,800.1382442482296,841.4148341566324,799.5905575437816,838.2282104492188,6650932
2024-10-11,836.4855443803774,871.0403760482396,833.0001879454592,854.5596313476562,6773282
2024-10-14,854.559608929601,862.5261377147103,836.485522436468,851.7214965820312,3408737
2024-10-15,851.7214836165493,853.2649863892098,821.5980471064145,829.216064453125,3830155
2024-10-16,829.0666737308961,850.3273837243057,826.5771335054236,831.2077026367188,2414944
2024-10-17,832.6018314280086,848.9332400649282,821.7474722164615,833.697265625,2461780
2024-10-18,830.5106675144517,832.5022998106494,811.5901607005733,815.5734252929688,2979794
2024-10-21,821.5483225168268,854.1115227289072,759.6583245753081,772.35498046875,10109948
2024-10-22,772.8528646302053,818.660406044118,747.5093930587332,752.0403442382812,11958818
2024-10-23,755.7248968510593,756.4717589599068,729.9332343802752,737.40185546875,2452458
2024-10-24,738.1487006656391,745.169192171998,720.0746137337136,730.7298583984375,2290664
2024-10-25,730.9290291248109,743.874638632471,711.3114394841674,740.3892822265625,3594228
2024-10-28,742.8290349761957,744.8704458335512,706.2327931521542,708.9215087890625,3290963
2024-10-29,713.0043830360266,721.3194238056037,695.3286458867397,714.8466186523438,3823376
2024-10-30,713.8507991627114,729.435346579014,706.1332238234795,711.1123046875,2399686
2024-10-31,714.7968422460842,718.929503707304,698.6148293120731,701.4529418945312,2093639
2024-11-01,712.0085369603204,722.9625144520176,708.9215312518503,717.5850830078125,461391
2024-11-04,717.9834580524715,720.2240444333565,706.0336640210851,712.85498046875,1947195
2024-11-05,714.3985424958665,714.3985424958665,699.7102540330658,701.9010009765625,1991555
2024-11-06,709.0210819047209,732.6717149036494,706.2825875574765,722.464599609375,2696878
2024-11-07,746.8620835504964,746.8620835504964,720.0248271922902,723.9583129882812,3441825
2024-11-08,727.9415836673757,727.9415836673757,707.9257039687396,713.2532958984375,1292110
2024-11-11,708.0252715749839,726.6470454446587,700.6562078683339,724.4562377929688,1731899
2024-11-12,723.9582975824786,731.327360961947,707.2285994229131,709.7181396484375,1268095
2024-11-13,707.0294750072967,707.8261157809234,678.2503636140957,686.1671142578125,1978434
2024-11-14,695.0796635699219,705.0378249391184,688.855812714174,692.1917724609375,1602611
2024-11-18,697.0713459129328,715.1952130626287,693.7353859265544,699.859619140625,1565505
2024-11-19,699.5607958345523,723.6595571139212,690.1503217275103,715.294677734375,2910502
2024-11-21,715.2947488943604,725.6512614631678,703.5441301434648,708.3240356445312,1738362
2024-11-22,709.0210756684627,731.9248463712361,705.0875898483323,726.9955444335938,1923796
2024-11-25,743.4762797894684,760.8035043309111,722.6637596598093,733.6177368164062,5905652
2024-11-26,735.9081209496106,750.2976762012687,727.1947298016958,732.3729858398438,1986333
2024-11-27,739.7420256851627,764.6872696410679,735.0118988257885,761.102294921875,3306762
2024-11-28,766.3303118645077,767.7742574488724,747.8081556465306,749.3018798828125,1734776
2024-11-29,753.8327888444488,753.8327888444488,725.9499380021178,729.1863403320312,2022242
2024-12-02,733.518127981302,756.7206921474003,726.9955445663664,752.0403442382812,2228868
2024-12-03,759.7579280542742,760.3056147694658,751.8411776698712,758.1148071289062,1551300
2024-12-04,758.1148201008206,767.824027528252,747.4595751783471,749.0529174804688,2265081
2024-12-05,752.3888532890267,775.7407533341849,750.5963964385646,766.131103515625,3588545
2024-12-06,770.7119193505413,782.2135836957743,761.9985280617595,779.2261352539062,2435865
2024-12-09,784.6533472715034,808.0052481367198,779.0269617140716,790.1801147460938,5209060
2024-12-10,790.1800922188216,796.6528970070035,774.5457669591007,793.8646240234375,2422138
2024-12-11,793.6156986436588,793.6654772955603,777.7324187802166,779.8236083984375,1167468
2024-12-12,780.1223671141486,784.4541428931045,769.3177258219126,779.8734130859375,2128708
2024-12-13,779.8734151188318,781.5662538912462,757.8160638499166,765.7825927734375,1802966
2024-12-16,766.429938441523,772.3549960205986,755.5257392398689,767.7244873046875,2469222
2024-12-17,766.7784324812827,779.7240423803173,760.9030929074955,767.5750732421875,2167652
2024-12-18,766.7784206492412,766.7784206492412,750.3474544924717,763.591796875,2047739
2024-12-19,746.9119139966525,762.7951942309188,742.6796952297055,761.4508666992188,1129629
2024-12-20,761.4508185673805,771.6579337718772,721.7177311667392,726.9955444335938,2609704
2024-12-23,727.9415852598918,735.3604275255442,714.0001595504,724.5557861328125,1507454
2024-12-24,721.9666994519322,724.1575071096761,706.2328166405247,710.7139892578125,1648927
2024-12-26,714.9959793526785,744.3725551060268,707.1290076356274,740.6382446289062,4641557
2024-12-27,742.13199730442,749.7500152820594,739.891410932149,745.1194458007812,1670505
2024-12-30,745.16922468932,746.8123456747577,728.937433343237,732.7713012695312,2025031
2024-12-31,727.9415497832247,739.1942592586627,718.6306938072155,724.9541015625,2175765
2025-01-01,723.9582940434959,741.0863428673332,719.5766789560759,737.8997192382812,1120881
2025-01-02,738.8458078210267,747.8579318612655,738.8458078210267,744.8704833984375,1504109
2025-01-03,744.7709157822554,750.5466372411222,729.4851015579014,733.6675415039062,1114505
2025-01-06,733.9165011192342,737.5014149403278,708.0750599211531,711.3114624023438,1800577
2025-01-07,716.9876039127786,725.6014376328143,706.9796640974545,714.9959716796875,1289563
2025-01-08,716.6888685560299,718.9294548098859,675.4122785234799,691.69384765625,3279556
2025-01-09,691.5943138259047,693.8846788071663,670.1842666736269,675.312744140625,1387356
2025-01-10,675.0138918442552,675.1632885651453,645.2888067702274,647.4796142578125,2087043
2025-01-13,632.3432549451775,640.9072495191315,605.6553942940013,612.5264892578125,7709813
2025-01-14,603.4645944620908,647.2805056111534,603.4645944620908,637.4717407226562,7807377
2025-01-15,640.4591789104812,641.4051556257871,605.8047283896856,607.74658203125,5275014
2025-01-16,613.8709210531528,630.3516673402924,612.4767540330557,624.3767700195312,4214089
2025-01-17,622.3850387855063,649.4712478294092,617.3561798280771,646.4340209960938,3742975
2025-01-20,647.7784037004437,683.8767390334816,645.0896879472656,681.1382446289062,4386737
2025-01-21,680.142376040568,680.142376040568,651.1143132783118,655.2967529296875,2831678
2025-01-22,660.8235944019153,663.5123102506524,612.3771735906671,634.5838623046875,9176460
2025-01-23,632.3432191684016,644.6415236072409,621.0905094714418,625.27294921875,2723623
2025-01-24,630.3018183805707,638.118950524714,614.5180965842177,617.9536743164062,3027288
2025-01-27,615.3646036683566,615.3646036683566,585.4901190897144,592.958740234375,4511585
2025-01-28,596.4938603379348,600.17839216543,515.5837999832484,572.5444946289062,22929049
2025-01-29,572.5445095696094,627.3641766598831,572.5445095696094,623.1319580078125,11394085
2025-01-30,623.4306276117035,630.1523859671571,611.2816596132964,618.00341796875,3481632
2025-01-31,621.0905342423506,642.3014057170479,616.4101862617871,632.19384765625,2550206
2025-02-01,636.3265515495749,644.2930811464397,594.8507825239786,609.4395141601562,2701115
2025-02-03,607.3980709513178,607.3980709513178,573.0921925350095,583.0503540039062,4695680
2025-02-04,589.3239751213164,606.2528493756483,589.3239751213164,601.3235473632812,3824032
2025-02-05,604.6595751418964,628.2604299242827,600.4771351787226,626.9658203125,3310308
2025-02-06,629.3558163279289,630.1524571040305,606.3026477945052,612.0784301757812,1563407
2025-02-07,614.4185697914683,622.3353204074632,607.8959861092844,614.86669921875,1384156
2025-02-10,613.9206268207447,613.9206268207447,581.3076494835518,589.5231323242188,4093785
2025-02-11,589.523181733631,589.82191443328,571.100582304455,585.5399169921875,2902387
2025-02-12,581.5566423182163,583.498496002464,558.6528704460948,574.3369750976562,2821502
2025-02-13,580.5607958605209,592.1122384988305,572.9427782581529,577.075439453125,1632132
2025-02-14,579.4654160010573,581.5068268610171,546.3545304989713,550.0390014648438,3352198
2025-02-17,542.7695575577061,584.5440554479792,534.8528073424438,580.560791015625,4714045
2025-02-18,583.548280575054,586.685125849108,566.6691841942703,576.32861328125,2217415
2025-02-19,568.6110131992441,592.8093331286473,562.1879869712449,581.7557983398438,1964251
2025-02-20,581.7558079297403,596.294699431409,570.1545254515019,593.3072509765625,2044206
2025-02-21,591.5147322900541,597.5891858686597,579.0670316947247,587.481689453125,1720514
2025-02-24,574.5859354739367,603.2654292827077,567.864176263453,599.979248046875,3126346
2025-02-25,598.1867793873513,609.0909784938409,593.1579199359879,595.9959716796875,3637028
2025-02-27,595.4980542578215,595.6474509913756,572.594282940213,577.921875,10087384
2025-02-28,573.5900837799759,589.4733630128277,560.8934282796379,570.2042846679688,8538196
2025-03-03,567.7147763750627,587.2825885022751,545.8566599838506,584.245361328125,8035267
2025-03-04,575.5817421414832,604.7591435577482,566.7189539799818,600.77587890625,3140173
2025-03-05,595.7967422755886,613.2733021408135,595.7967422755886,610.335693359375,2801610
2025-03-06,615.0658766663048,628.8579061957342,613.3729770352345,625.4721069335938,2970429
2025-03-07,625.5717657574022,630.1027174328441,617.5056178534011,627.4140014648438,2350526
2025-03-10,632.3432269332768,642.3013879873441,587.5315021899737,594.3030395507812,3889248
2025-03-11,587.5315633489998,610.4353361575202,580.6106285400309,605.6056518554688,2092189
2025-03-12,609.9373750128661,617.903903992626,592.0624634585714,605.8545532226562,2390745
2025-03-13,607.5473605694176,612.377104981357,592.5105622101187,596.5933837890625,1390950
2025-03-17,598.4854613071508,615.5637313119413,591.6143060750696,607.54736328125,3660246
2025-03-18,607.54736328125,607.54736328125,607.54736328125,607.54736328125,0
2025-03-19,636.7746504009584,663.4625111122541,630.6503567556967,660.5248413085938,3345438
2025-03-20,666.200982455329,666.9976231931886,644.9403326634772,651.8612060546875,2309340
2025-03-21,657.4987998434791,657.4987998434791,630.2589350933453,639.8377685546875,3885409
2025-03-24,642.6316340504944,651.5619361673935,629.8099572166856,631.5062255859375,4241713
2025-03-25,638.5905348291765,651.1128839179446,623.6734468745034,625.5194091796875,3652822
2025-03-26,625.5194170767992,646.572924677451,624.6712524715778,634.3997802734375,4273715
2025-03-27,634.5993344615313,641.2845912028303,625.8187269195697,635.746826171875,14138019
2025-03-28,632.60378213403,646.5729508246868,628.6624687875891,637.0938720703125,2705597
2025-04-01,635.247976010529,644.577360819995,608.9060904650185,613.6456298828125,3111743
2025-04-02,608.6565991280077,626.666835495828,605.4137565916699,622.2266235351562,2398461
2025-04-03,616.6389789654395,625.0205040107021,606.4115525343784,614.593505859375,2331069
2025-04-04,611.2010108643364,617.7865126763412,569.4930763246099,573.9332885742188,4572903
2025-04-07,518.8548381851296,554.176903452645,516.5599155040746,539.3096923828125,4729481
2025-04-08,554.775565497252,561.2612510651156,537.0147771992513,548.1901245117188,2806157
2025-04-09,548.7887623089412,553.7777510572042,536.416045852952,549.7865600585938,2178868
2025-04-11,553.8276375601748,573.7337151620321,548.9883427578009,571.1394653320312,3044863
2025-04-15,588.6009244488795,589.6984776273135,578.7227022400032,587.9523315429688,2132994
2025-04-16,591.6940594826461,598.5788882450172,585.7072730460595,597.431396484375,1731321
2025-04-17,596.6830673689904,621.5781339485642,594.8371658519753,618.4849243164062,3434021
2025-04-21,627.0659922325523,651.1128930361722,623.1745567461454,649.1671752929688,3396337
2025-04-22,650.5641020014481,652.4100033906966,634.5993387621487,643.8788452148438,2100885
2025-04-23,647.6205761334627,660.5420683516061,643.0806088408008,658.6961669921875,2495549
2025-04-24,659.045398582246,661.6895869186858,640.5362629293877,644.5773315429688,1828242
2025-04-25,647.5706959897655,647.9199008183709,616.3396407053834,631.7056884765625,3224438
2025-04-28,624.6213517861935,639.5883170845848,623.7732481129132,632.20458984375,1823889
2025-04-29,633.7012865213042,643.57950798084,633.00287686114,637.0439453125,1110433
2025-04-30,636.5949636647035,637.0439848317627,613.5957377375298,625.4196166992188,3427523
2025-05-02,620.6301564431628,626.2177990862148,613.7952667011497,619.2332153320312,1467495
2025-05-05,620.6800461602764,635.3476845081024,616.6888553663504,633.7012939453125,1582498
2025-05-06,636.5949692019534,647.5707445330216,582.2149914252975,597.132080078125,6469893
2025-05-07,576.7271091631854,626.3675480574216,576.7271091631854,608.0579833984375,5943433
2025-05-08,613.0469518490303,632.6037630661742,596.3837175187165,608.9060668945312,5821580
2025-05-09,593.6896244034905,612.9969853074097,586.1063863344301,608.2574462890625,2595859
2025-05-12,628.5127995914764,648.5685091288578,623.1246676168796,644.3777465820312,2930671
2025-05-13,644.377754102616,655.9522441718304,640.785706678121,650.7138061523438,1986578
2025-05-14,652.5597261199271,674.2618271032733,646.6228173489324,671.5178833007812,3540920
2025-05-15,678.5024446010572,680.4980400263544,662.2383540650327,676.7064208984375,3293508
2025-05-16,682.4936655157815,702.1502935009896,674.5112834629653,694.916259765625,3577381
2025-05-19,700.4539769618029,702.7987771682604,690.9250212217437,695.1157836914062,1989685
2025-05-20,700.7034345701359,700.7034345701359,671.5178518557514,689.4782104492188,3686708
2025-05-21,686.085688875081,702.4495958663545,683.6910108841623,692.4716186523438,2264408
2025-05-22,692.4716430818016,704.9939927470086,688.3806966400301,694.916259765625,2300146
2025-05-23,698.3586742060503,699.4562273780158,690.5259252762793,694.916259765625,943219
2025-05-26,696.4628283433357,707.3388481605698,695.2654588651759,696.21337890625,1467009
2025-05-27,696.2632536267664,699.4562185879151,688.530321110281,693.1701049804688,1226613
2025-05-28,693.1701192417141,698.4584352138995,683.5912241611924,686.2354125976562,1549925
2025-05-29,686.4848353399209,699.4562057751228,680.5479266913535,695.514892578125,2397733
2025-05-30,696.4627847762839,698.3586247398382,677.7042004610244,685.1876831054688,3519189
2025-06-02,685.2376083394284,687.7321027272677,674.0123835941521,677.6044311523438,2342623
2025-06-03,677.504671999119,689.4782449946852,675.3593824771167,676.8560791015625,1854132
2025-06-04,676.856052019148,689.6777891293207,674.5112517616332,688.4305419921875,1328436
2025-06-05,692.3718757261519,701.9008319572213,682.8428585943415,694.9661254882812,1731844
2025-06-06,678.5024250192571,688.4804018577755,676.5068296515534,680.098876953125,3459747
2025-06-09,680.9969720975374,697.4606351592362,680.2985014844684,693.1202392578125,2725376
2025-06-10,696.6624131178918,698.9074580937009,686.4848637140752,689.0292358398438,1349738
2025-06-11,688.9793353339472,695.4650206050126,681.4958523288717,694.2177734375,4138741
2025-06-12,698.4583995623601,698.4583995623601,671.5178612935263,674.4114990234375,1798265
2025-06-13,648.5685431057378,673.5134870713431,648.5685431057378,670.7196655273438,1753065
2025-06-16,670.9691038505316,683.8406581830856,662.737272478265,680.6976318359375,1561914
2025-06-17,683.9404366466549,696.5625408451448,676.2573822775919,692.5713500976562,3110284
2025-06-18,693.4694396322202,695.4650351419532,677.604430969546,682.4437866210938,1946520
2025-06-19,683.49143653978,692.8707594452933,663.6352375997154,665.2317504882812,1951336
2025-06-20,666.5289091587587,690.1268507370268,665.0820902147176,686.7343139648438,4222770
2025-06-23,680.2485917385748,686.4848274530832,675.7585020241287,681.795166015625,1364842
2025-06-24,688.3806878918964,688.3806878918964,679.0512424457835,680.9470825195312,1058774
2025-06-25,680.4980564550859,686.2852711480162,669.6220367643491,675.1099243164062,1551411
2025-06-26,676.5068808036541,680.4980718408439,667.9757221418096,673.2640380859375,1494248
2025-06-27,673.5134870713431,688.3806980351408,668.524498278222,670.7196655273438,4398286
2025-06-30,672.9148334759059,685.0879174231804,668.5244989730991,680.6477661132812,1960902
2025-07-01,687.6323179186271,692.1722853302813,671.6176159126678,681.5457153320312,5976739
2025-07-02,680.4980652193793,681.9947618437621,660.0432113528144,664.633056640625,3828798
2025-07-03,667.1275333803142,675.3094868908137,662.5875659198404,665.9801025390625,1750812
2025-07-04,670.0211802193405,678.4027055682332,667.7761353116807,675.1099243164062,2011272
2025-07-07,675.1099192527106,680.4980513509763,666.5288831414255,678.9514770507812,1795469
2025-07-08,676.5068737707508,677.8538763715021,663.5853807420314,674.3117065429688,3581235
2025-07-09,674.3116877432096,675.4591794827772,666.8282048349155,670.5699462890625,2188340
2025-07-10,670.5699724047121,679.9991734165351,667.5267014169655,675.8084106445312,3251214
2025-07-11,675.8083748683886,676.8061725755324,664.9822941061733,666.2794189453125,2899030
2025-07-14,666.2794419109106,678.5024642447311,664.7328675916774,673.3139038085938,3086468
2025-07-15,672.5156545780511,681.9947327953975,670.0211603103284,675.9580688476562,1536346
2025-07-16,675.0101626453443,677.5046569640632,670.5200728716502,673.8626708984375,1449968
2025-07-17,676.7064398769264,692.4217542918841,675.2097432659781,687.8318481445312,4643649
2025-07-18,693.4694437480927,693.9683426284869,664.6330641010045,666.1297607421875,5168081
2025-07-21,667.5266938790883,680.9969634865138,662.4379497210241,679.1510620117188,2549549
2025-07-22,680.4980436705747,687.3828722850158,674.6110127741258,682.2940673828125,2741733
2025-07-23,682.6433533639574,685.9859514580382,679.001367225011,681.4459838867188,1701009
2025-07-24,681.5956284220935,685.4870640630979,652.1605943757158,678.8516845703125,7370754
2025-07-25,679.5501395625297,691.1246299025706,658.546509287376,661.0908813476562,3749364
2025-07-28,661.5399090442346,668.3249215722323,652.5597292834532,657.4988403320312,1927712
2025-07-29,655.5530986420939,660.0930660644141,644.0784249215702,657.5985717773438,2466461
2025-07-30,657.598566080078,668.3248914215504,655.9522364053186,658.8956909179688,2373174
2025-07-31,653.5575405996315,667.4269539894475,649.5663495120001,660.2427978515625,1943822
2025-08-01,660.5919874208225,664.4335452941936,648.1195155606728,649.8656616210938,2579602
2025-08-04,653.6074089068553,663.4357533592263,644.5773513811226,660.7915649414062,2097533
2025-08-05,664.0343758703285,680.1488332438561,658.7959378938909,678.7518920898438,4324035
2025-08-06,680.4980273325937,683.99031926172,672.1664409476879,679.0512084960938,2314824
2025-08-07,673.5134484662403,683.9903243312707,670.5699330668698,680.0490112304688,2399600
2025-08-08,681.4958521007578,681.4958521007578,662.5376951609124,664.9324340820312,1735599
2025-08-11,664.5332831148069,667.3271045573638,654.0564070296634,663.4357299804688,2048345
2025-08-12,663.4856001209613,664.0842543872759,654.0563995717021,657.0996704101562,2337168
2025-08-13,658.9456555786882,673.3139065754101,657.7482861037761,668.9735107421875,2104254
2025-08-14,674.511253262212,674.511253262212,662.5376807190958,664.4833984375,1517335
2025-08-18,674.7108535887173,676.1077339041906,666.0300009467906,667.6763916015625,2063230
2025-08-19,671.0189911054424,676.7064504964474,666.5289012021346,675.3095092773438,1354001
2025-08-20,678.1033303509564,679.8994150316446,671.617644939504,672.76513671875,1374929
2025-08-21,673.5134892156809,678.3029062921773,673.5134892156809,676.057861328125,940798
2025-08-22,676.9559028786902,686.0857158479974,671.9170363676636,678.352783203125,3733247
2025-08-25,680.498034969034,683.9903269373502,673.5134510324018,675.7086181640625,2087411
2025-08-26,676.4070957010572,682.7430868342174,667.0277728150154,669.8215942382812,10450851
2025-08-28,672.914840901854,675.8084178963586,657.3491591389168,662.5377197265625,1945654
2025-08-29,675.4591692207154,698.2089447361506,666.7783169988319,692.7709350585938,14580868
2025-09-01,708.4363885944596,724.6007240073263,701.9507033467638,715.6205444335938,13378545
2025-09-02,721.4576392425697,741.1142667785405,716.7181000070287,738.0211181640625,10341642
2025-09-03,746.352697311981,755.2829991190571,729.5897077343199,731.68505859375,8977994
2025-09-04,742.3615044135047,749.3460884604059,733.3813249246316,738.5698852539062,5488085
2025-09-05,743.159747621681,747.3505103270276,733.7804853676344,734.678466796875,2558134
2025-09-08,741.3637008494628,747.8493859847542,734.1296674293301,744.706298828125,2792798
2025-09-09,748.348314890286,749.346112643473,728.6916869723528,738.4700927734375,2412384
2025-09-10,745.3549190112424,768.3042672538911,743.8083446793861,767.256591796875,7475889
2025-09-11,767.2565515777885,787.1626278205969,763.0159113639385,783.4707641601562,6078662
2025-09-12,784.2690033893394,788.1604388351549,777.3841748008167,783.6703491210938,3070432
2025-09-15,784.8676387061957,794.8456156076259,778.8309748609781,789.607177734375,2728792
2025-09-16,792.8999999485457,794.4964519752639,781.4253259168778,790.4553833007812,1976546
2025-09-17,790.4553820522646,795.7935756026168,788.2602148434385,790.2059326171875,1720211
2025-09-18,791.5030571063618,791.5030571063618,770.9484480265181,782.8222045898438,3810746
2025-09-19,782.8222156421402,785.865486611387,772.3453392261896,777.68359375,3287106
2025-09-22,780.3776019918653,782.0239926524831,767.3064757253709,768.5038452148438,1532761
2025-09-23,769.5015982419262,775.9872832904241,764.5126097430817,771.7466430664062,1773399
2025-09-24,768.3042362885678,773.2932248358961,764.3130454507051,768.4039916992188,1284403
2025-09-25,766.9073009682737,773.7921295762499,754.6842789343484,757.42822265625,1069774
2025-09-26,756.3306809373692,757.777499829073,735.8758274291686,737.7716674804688,1925106
2025-09-29,740.7151248671104,754.7342317767581,740.1164705858812,745.6542358398438,2929682
2025-09-30,748.3482945453871,750.0944405659931,733.9799829298197,739.3182373046875,2526440
2025-10-01,738.3703481008769,740.9147202283732,731.6352131688756,738.1707763671875,1376898
2025-10-03,743.3593264168322,750.0445835459641,735.6762715341206,745.8538208007812,1376441
2025-10-06,746.9513267405403,750.2441078397477,737.8713921173762,743.7584228515625,1161208
2025-10-07,743.758472360302,752.6388358563473,742.860430018787,746.3527221679688,1213013
2025-10-08,743.3593209612337,747.949166233718,734.6784683886523,742.3116455078125,1563241
2025-10-09,742.2617443047222,761.7686774464099,740.1663325634676,759.4737548828125,2262502
2025-10-10,760.3218809650846,760.8207798371088,744.0577899172395,751.7408447265625,2344143
2025-10-13,744.2573543023608,749.9946912740285,736.8237490023998,745.40478515625,1697894
2025-10-14,746.1531524715822,751.8406118816248,739.3681398862428,744.3072509765625,1513060
2025-10-15,742.9601589079791,757.8273693154108,742.9601589079791,755.6322021484375,1651601
2025-10-16,758.3262724819385,766.807553161013,751.2918106870897,758.9249267578125,1419387
2025-10-17,758.8251936075885,761.3695657058088,748.4980111909773,756.0313720703125,1830918
2025-10-20,758.3262802539009,761.2199180520082,722.7547665632736,738.52001953125,2816106
2025-10-21,743.359283736336,747.3504745214976,733.4810621827659,737.3724975585938,446174
2025-10-23,733.4311900779658,743.3592894120053,728.3923238533744,731.2360229492188,2611480
2025-10-24,732.8325518076788,734.2793706900666,717.6660141971564,722.255859375,3051200
2025-10-27,725.3989690685365,728.8912612167344,722.6051475301266,726.7459716796875,1573062
2025-10-28,728.392357638138,729.8391765560607,715.8201303460503,720.9088745117188,2309934
2025-10-29,724.5508447026638,757.3284757141872,719.5618560615953,746.9513549804688,6067360
2025-10-30,752.3395159638874,752.3395159638874,728.0930424173482,733.08203125,5090803
2025-10-31,733.3813193734768,741.513395098254,724.9997942203414,735.0277099609375,2560022
2025-11-03,731.385718780191,745.5045806858341,724.9499113938601,743.70849609375,3828421
2025-11-04,742.3615048089272,755.4326306005089,738.3703139228577,745.9535522460938,2282860
2025-11-06,744.3571237156024,747.7995381434971,728.3923596680827,731.08642578125,2225547
2025-11-07,726.3967547359786,734.927913233018,718.4642505226559,731.6351928710938,1200551
2025-11-10,731.5853031503519,738.3703154909314,725.8978439454764,736.5244140625,1538280
2025-11-11,736.5244369692713,737.0233358466058,727.4943185689227,731.3358764648438,1544794
2025-11-12,732.2338555808205,740.3659316158737,726.3967630948196,738.2206420898438,2116161
2025-11-13,737.3725406669655,747.7995393829323,733.3813496484704,743.5588989257812,2218794
2025-11-14,738.6696449574271,749.9946856968601,737.3226423865659,741.8626098632812,1635386
2025-11-17,741.8625803734708,751.9403126530843,738.0210836383552,748.0988159179688,2198843
2025-11-18,747.799530990206,748.2485521548956,730.6872753301664,732.1340942382812,1861651
2025-11-19,728.3923410106195,732.3835319202667,716.8179117329386,722.5053100585938,2048601
2025-11-20,721.4077671414645,724.9000592368934,716.6183501621673,719.66162109375,2473529
2025-11-21,719.4121900319502,723.4033811000886,705.941920176983,708.635986328125,1696270
2025-11-24,707.98736716148,707.98736716148,678.5024564192898,681.495849609375,5107691
2025-11-25,681.495835113954,684.2397788131682,676.307274848019,681.0468139648438,6555328
2025-11-26,679.5002447080553,693.4694127343589,676.1077081128001,686.8839721679688,3691086
2025-11-27,689.4283346537011,689.627906374329,675.0600233788399,677.7540893554688,2013261
2025-11-28,677.7540817996236,677.7540817996236,667.626410872871,671.4180908203125,1799878
2025-12-01,671.4181115991503,676.1576507793918,666.3791843816699,668.2750244140625,1353139
2025-12-02,666.5289015846288,669.8216220021291,656.7504957475177,658.2471923828125,2550266
2025-12-03,658.2471540082232,669.5222558233116,655.1539446018304,662.7372436523438,3642142
2025-12-04,662.7372587116904,666.0798567179718,657.9478418292798,660.8912963867188,1865431
2025-12-05,659.8436159468023,662.7372536770786,652.4599494052266,659.8934936523438,2092532
2025-12-08,659.5443283190476,660.5421260926014,640.9353754819724,645.724853515625,1950560
2025-12-09,639.588318777542,668.8736565952826,633.2523278114138,666.3292846679688,3303762
2025-12-10,669.5222621704118,677.6543378521512,659.5442850888855,663.9844970703125,2210570
2025-12-11,665.3314926565107,667.5765374763704,660.0431770387665,665.0321655273438,1630019
2025-12-12,668.5244790472246,673.5134676968308,663.2860409651382,664.4335327148438,1769892
2025-12-15,664.4335538488876,670.3205241022291,656.0520282906568,668.6741943359375,995882
2025-12-16,666.5288826743855,674.8105916412395,661.2405668931948,671.5677490234375,1137760
2025-12-17,676.5068836619345,689.6778263204568,665.1319647975872,668.9236450195312,3601375
2025-12-18,668.9236263642193,668.9735040708555,655.7028063663793,660.342529296875,1899785
2025-12-19,660.2926276644491,672.2163223539889,658.2471545605589,670.1209106445312,2130862
2025-12-22,670.5200635627888,676.7562992730082,666.977893859532,669.5721435546875,1514056
2025-12-23,669.5223032981061,671.2185716863124,661.0410222578171,664.8326416015625,1294033
2025-12-24,664.8325900396518,667.7761054113773,655.7027776977425,659.4445190429688,1910047
2025-12-26,659.444530991542,665.4313172523796,651.7614764433195,654.5552978515625,698129
2025-12-29,654.5553151554655,658.2471789607283,644.377766062839,645.8245849609375,1234659
2025-12-30,645.4753980905482,646.5729512709889,635.6470535716779,639.6382446289062,1954985
2025-12-31,639.6381938479288,650.5142129757241,637.0938219310923,646.47314453125,1685843
2026-01-01,648.5685060519431,649.5164260486283,635.5472582259711,636.4951782226562,2758184
2026-01-02,638.0417598007546,650.3146594913292,636.6946963476707,647.6704711914062,2285838
2026-01-05,650.5641141091147,651.8612389663009,638.0916425962865,643.8289794921875,2008772
2026-01-06,643.8289789545682,645.2259201231344,632.6037546023964,636.4452514648438,1948899
2026-01-07,635.4474859285751,640.5861688081275,633.1026855276587,635.5473022460938,1169857
2026-01-08,638.5905703093202,659.5443233975949,591.9934024519135,612.8972778320312,12895177
2026-01-09,612.1488925313288,618.0359233560658,585.2083544737153,593.440185546875,13331565
2026-01-12,595.6852342534138,596.3837048321838,578.2237742878615,584.5098876953125,6209951
2026-01-13,587.0542877117565,593.2406460036526,573.1849353887676,580.3191528320312,3362663
2026-01-14,578.7226651064915,583.7116535987889,573.434349484804,575.6295166015625,1928785
2026-01-15,575.6295166015625,575.6295166015625,575.6295166015625,575.6295166015625,0
2026-01-16,574.1827318640564,580.1196407026796,559.0161937664602,560.4630126953125,3677834
2026-01-19,578.7227059057203,605.6632456634004,578.7227059057203,588.70068359375,17314136
2026-01-20,586.7050679125816,589.6984611162173,567.7469109562228,572.4864501953125,4163249
2026-01-21,572.236996291528,575.6295329227765,554.7256583672013,574.0330200195312,5174187
2026-01-22,579.7204863000653,580.518712311036,566.749115694384,572.9853515625,1591278
2026-01-23,572.7358728227811,574.9310399161867,546.1445400814283,547.8906860351562,3868313
2026-01-27,555.7733298290693,555.7733298290693,524.3427016609982,529.4813842773438,10101452
2026-01-28,534.0213525329174,582.3646643021754,534.0213525329174,580.6683959960938,12172783
2026-01-29,584.5597878296744,591.644188399391,569.1937390108541,589.0,5474860
2026-01-30,590.0,590.7999877929688,576.1500244140625,584.0499877929688,3742695
2026-02-02,600.4500122070312,609.9500122070312,586.4000244140625,608.3499755859375,3460394
2026-02-03,658.3499755859375,669.1500244140625,650.7999877929688,661.5499877929688,14524072
2026-02-04,667.75,676.0,656.0,669.5999755859375,5225273
2026-02-05,670.9500122070312,672.2000122070312,656.5999755859375,668.0,2521396
2026-02-06,669.9000244140625,676.0,663.2999877929688,674.8499755859375,2721504
2026-02-09,679.7000122070312,695.7000122070312,678.25,690.3499755859375,2569205
2026-02-10,694.9500122070312,694.9500122070312,668.6500244140625,681.5499877929688,3481303
2026-02-11,685.0,687.0,674.2000122070312,685.5999755859375,2139674
2026-02-12,685.8499755859375,688.9000244140625,678.5999755859375,685.0999755859375,1950086
2026-02-13,680.0,684.5,671.4000244140625,680.1500244140625,1143123
2026-02-16,677.0,691.0,676.5499877929688,688.75,1176827
2026-02-17,689.0,695.9000244140625,684.8499755859375,690.5,2312868
2026-02-18,692.3499755859375,714.5,687.4000244140625,710.5499877929688,3814598
2026-02-19,710.6500244140625,719.4000244140625,693.4000244140625,696.5499877929688,2348262
2026-02-20,692.0,717.4000244140625,691.6500244140625,712.1500244140625,2612721
2026-02-23,720.0,722.7000122070312,713.5,720.5,1783385
2026-02-24,713.0,727.0,713.0,724.5,1900203
2026-02-25,725.0,728.0,710.6500244140625,713.4000244140625,2099052
2026-02-26,715.5,733.7000122070312,711.0499877929688,726.75,4352772
2026-02-27,726.75,728.7000122070312,719.5999755859375,725.2000122070312,2608297
2026-03-02,688.9500122070312,719.2000122070312,688.9000244140625,711.8499755859375,2579526
2026-03-04,700.0,702.0,676.4000244140625,684.9000244140625,3881115
2026-03-05,689.0,702.8499755859375,683.4000244140625,701.0999755859375,1348514
2026-03-06,700.0,722.5,696.0,715.4500122070312,2922020
2026-03-09,704.9000244140625,704.9000244140625,684.2000122070312,697.5499877929688,2675404
2026-03-10,706.0,731.9500122070312,703.2999877929688,728.2000122070312,3876241
2026-03-11,730.4000244140625,741.5,724.0499877929688,726.2999877929688,2728417
2026-03-12,723.4500122070312,740.25,701.5999755859375,737.2999877929688,3548443
2026-03-13,740.5499877929688,749.0,706.4500122070312,709.9000244140625,5430860
2026-03-16,708.6500244140625,711.7999877929688,680.0999755859375,698.6500244140625,3890962
2026-03-17,701.0,712.0,697.0,708.4000244140625,2292184
2026-03-18,709.2999877929688,716.9500122070312,702.2000122070312,707.1500244140625,1560683
2026-03-19,697.0,700.5,683.4500122070312,686.7000122070312,1682758
2026-03-20,697.0,709.0,678.6500244140625,681.5999755859375,2720138
2026-03-23,675.1500244140625,675.5,642.7999877929688,664.0999755859375,3640981
2026-03-24,680.0,680.9500122070312,658.75,667.2999877929688,3376154
2026-03-25,677.25,693.9500122070312,675.0,692.25,2736013
2026-03-27,687.7000122070312,688.7999877929688,666.0,667.9500122070312,3464175
2026-03-30,656.0,672.9500122070312,651.5,655.0499877929688,4829822
2026-04-01,673.0,690.25,672.4000244140625,680.2999877929688,2316056
2026-04-02,670.25,683.25,655.5999755859375,680.0499877929688,2098148
2026-04-06,681.9000244140625,689.8499755859375,671.6500244140625,687.2999877929688,2378124
2026-04-07,684.0,694.8499755859375,671.25,693.9000244140625,2287422
2026-04-08,715.1500244140625,730.5499877929688,705.9000244140625,726.2999877929688,2887427
2026-04-09,725.9500122070312,735.0,716.0499877929688,720.5999755859375,2673685
2026-04-10,727.1500244140625,735.5999755859375,720.0,731.0999755859375,2096526
2026-04-13,710.0,727.9500122070312,705.2000122070312,716.0999755859375,2060416
2026-04-15,727.0,750.0,726.5,748.0,4100236
2026-04-16,759.0499877929688,761.7000122070312,747.25,755.9000244140625,3570965
2026-04-17,760.0,776.5,748.3499755859375,774.7999877929688,4137167
2026-04-20,775.9500122070312,804.6500244140625,764.2000122070312,795.7000122070312,5497243
2026-04-21,800.0,819.5999755859375,798.1500244140625,805.25,3645438
2026-04-22,805.25,835.0,803.0,824.3499755859375,4826906
2026-04-23,825.7000122070312,842.0,821.4000244140625,837.7999877929688,3763003
2026-04-24,844.5,846.9000244140625,809.0,823.1500244140625,3994254
2026-04-27,823.3499755859375,834.9500122070312,818.0999755859375,820.2999877929688,2549032
2026-04-28,820.7000122070312,836.4000244140625,820.7000122070312,831.2000122070312,1966693
2026-04-29,835.3499755859375,840.0,820.2999877929688,825.5999755859375,2354905
2026-04-30,824.75,824.75,803.9000244140625,813.3499755859375,3248937
2026-05-01,813.3499755859375,813.3499755859375,813.3499755859375,813.3499755859375,0
2026-05-04,819.0,828.0,800.5,802.2999877929688,2569215
2026-05-05,800.0,833.0,794.0999755859375,826.9000244140625,6919738
2026-05-06,832.7999877929688,839.5,804.0,828.9000244140625,8627698
2026-05-07,841.5,872.3499755859375,830.0499877929688,859.0999755859375,13476263
2026-05-08,860.3499755859375,875.7999877929688,852.0,873.5499877929688,3998673
2026-05-11,875.0,886.7999877929688,855.0,858.0999755859375,4501442
2026-05-12,858.1500244140625,863.75,831.7000122070312,833.7000122070312,3032058
2026-05-13,830.0,850.0,826.0,847.0499877929688,2586976
2026-05-14,856.0,856.0499877929688,827.0499877929688,848.25,2851857
2026-05-15,845.9000244140625,848.0,833.0,838.2000122070312,1670728
2026-05-18,825.9500122070312,830.0,804.5999755859375,808.75,4002836
2026-05-19,811.0,828.7000122070312,807.1500244140625,819.4000244140625,2055370
2026-05-20,819.4000244140625,857.75,812.5999755859375,853.25,3710693
2026-05-21,865.0,870.2999877929688,857.0499877929688,864.9000244140625,2811644
2026-05-22,866.9000244140625,873.5,858.0,865.7000122070312,2028217
2026-05-25,874.9000244140625,884.4000244140625,864.7999877929688,867.9000244140625,2222363
2026-05-26,867.9000244140625,890.0,864.2000122070312,879.1500244140625,2788855
2026-05-27,882.5499877929688,938.0,882.0,934.7999877929688,9258467
2026-05-28,934.7999877929688,934.7999877929688,934.7999877929688,934.7999877929688,0
2026-05-29,938.9000244140625,944.0999755859375,910.9500122070312,917.4500122070312,9449904
2026-06-01,928.9500122070312,928.9500122070312,891.2999877929688,894.3499755859375,3148459
2026-06-02,895.0499877929688,910.5499877929688,883.0499877929688,907.7000122070312,4931769
2026-06-03,912.9500122070312,914.5999755859375,890.4500122070312,906.6500244140625,3685445
2026-06-04,915.0,951.0,906.75,937.9000244140625,8471887
2026-06-05,948.8499755859375,952.0,928.5999755859375,937.8499755859375,4645742
2026-06-08,920.0,938.7999877929688,895.0,903.4000244140625,4203240
2026-06-09,910.2000122070312,921.0,905.2999877929688,911.2000122070312,3404934
2026-06-10,911.2000122070312,924.5,899.1500244140625,908.0999755859375,3175483
2026-06-11,900.5,926.5,898.9500122070312,901.3499755859375,2755854
2026-06-12,919.0,919.0,897.5,914.4500122070312,2901434
2026-06-15,928.0,942.9000244140625,916.5499877929688,935.5,2742582
2026-06-16,943.5499877929688,946.9000244140625,931.5999755859375,940.7000122070312,2475717
2026-06-17,941.0,965.5999755859375,937.0,963.75,3996950
2026-06-18,969.9000244140625,969.9000244140625,945.25,954.4500122070312,3552746
2026-06-19,954.0999755859375,966.0499877929688,950.0499877929688,963.7000122070312,3828968
2026-06-22,968.0,968.9000244140625,954.0499877929688,962.5499877929688,2540708
2026-06-23,965.0,966.0,946.0,950.5,2724967
2026-06-24,936.0,944.9500122070312,912.0,919.4500122070312,3996660
2026-06-25,919.4500122070312,948.9500122070312,919.4500122070312,942.0999755859375,3215230
2026-06-26,942.0999755859375,942.0999755859375,942.0999755859375,942.0999755859375,0
2026-06-29,960.0999755859375,965.3499755859375,936.2999877929688,956.25,12311661
2026-06-30,963.0999755859375,969.0,949.2999877929688,952.1500244140625,3299400
2026-07-01,958.0,978.9000244140625,950.0,976.5,3489753
2026-07-02,980.0,980.9000244140625,951.9000244140625,959.4000244140625,5251907
2026-07-03,911.4000244140625,926.0,887.0999755859375,892.5499877929688,24732145
2026-07-06,900.0,926.9000244140625,895.4000244140625,925.0499877929688,8211996
2026-07-07,925.0499877929688,927.5999755859375,898.6500244140625,910.5,3243077
2026-07-08,908.0,924.0,897.3499755859375,908.0999755859375,5514793
2026-07-09,910.7999877929688,922.5999755859375,903.0499877929688,910.9000244140625,4205285
2026-07-10,916.9500122070312,923.7000122070312,913.5499877929688,916.5999755859375,2065106
2026-07-13,912.0,912.0,895.5999755859375,905.5,2819640
2026-07-14,905.5,915.0,893.7000122070312,913.8499755859375,3241089
2026-07-15,918.4000244140625,937.8499755859375,915.0999755859375,929.1500244140625,4646962
2026-07-16,935.0,954.9000244140625,919.0,921.9500122070312,3437360
2026-07-17,926.9000244140625,927.75,900.2999877929688,905.0,2383800
2026-07-20,904.0,915.0,895.0499877929688,912.4500122070312,2246166
2026-07-21,915.7999877929688,919.4000244140625,898.0,914.8499755859375,3544392
2026-07-22,918.0,930.7999877929688,910.0,912.8499755859375,2122173
2026-07-23,909.0,915.6500244140625,881.0,883.7999877929688,3944806
2026-07-24,860.0,894.0,838.7999877929688,867.7000122070312,9684764
2026-07-27,871.7999877929688,885.0,867.7000122070312,877.2999877929688,4921275
2026-07-28,872.0,872.0,830.1500244140625,844.0999755859375,7593398
2026-07-29,844.0999755859375,845.2000122070312,825.5,829.5,5215606
2026-07-30,830.0,835.6500244140625,814.8499755859375,832.5999755859375,4206454
2026-07-31,850.0,878.7999877929688,850.0,863.4000244140625,6863390
2026-08-03,865.5499877929688,867.9500122070312,826.0999755859375,826.0999755859375,4042469
2026-08-04,846.5999755859375,882.7999877929688,846.4500122070312,880.0499877929688,8524215
2026-08-05,888.0,891.9500122070312,877.9000244140625,889.5,2386264
2026-08-06,880.0,885.9000244140625,874.2000122070312,876.0,1509786
2026-08-07,875.0,880.7000122070312,870.0,879.0,1523373
2026-08-10,880.0499877929688,881.9500122070312,868.25,879.0,1204997
2026-08-11,875.0,881.0,865.9000244140625,881.0,1064285
2026-08-12,881.0,888.0,872.0,888.0,1744914
2026-08-13,892.0,894.5,878.0499877929688,886.5499877929688,1373912
2026-08-14,886.5499877929688,892.5499877929688,878.2000122070312,890.1500244140625,1539330
2026-08-17,893.2000122070312,899.4000244140625,887.0,898.7999877929688,2066513
2026-08-18,898.7999877929688,900.0,889.0,894.2000122070312,1568655
2026-08-19,885.8499755859375,886.0,860.2000122070312,863.0499877929688,4061889
2026-08-20,868.5499877929688,876.2999877929688,862.6500244140625,876.2999877929688,2197796
2026-08-21,876.2999877929688,880.9500122070312,865.0,867.0,1311542
2026-08-24,867.0,877.5,865.3499755859375,877.5,1296211
2026-08-25,873.0999755859375,882.5,867.0,878.5,1629938
2026-08-26,880.0,882.5,865.0499877929688,865.0499877929688,922161
2026-08-27,871.4000244140625,898.75,870.2000122070312,897.9000244140625,5431054
2026-08-28,896.4500122070312,896.4500122070312,878.2000122070312,889.0,2230616
2026-08-31,884.1500244140625,916.0,875.0,916.0,3393030
2026-09-01,901.9500122070312,903.5499877929688,881.5999755859375,885.5,2969058
2026-09-02,878.0499877929688,881.4000244140625,870.0,877.75,2061765
2026-09-03,879.0,896.7000122070312,875.4000244140625,887.25,1098777
