,Open,High,Low,Close,Volume
2006-01-13,30.544084127200176,59.117582181677754,30.544084127200176,55.9744987487793,90750060
2006-01-16,62.09318003592527,66.66494379730135,59.511712816157726,60.713768005371094,53756775
2006-01-17,61.42317470844711,62.6252335461171,53.816710438828586,56.73318099975586,40143985
2006-01-18,58.72346157228323,60.674345029006275,56.78243690901391,59.2949333190918,39825365
2006-01-19,59.51170443811979,60.57581902619113,58.08302869873048,58.910675048828125,12290525
2006-01-20,58.52641484657486,62.34934957761485,57.78744498113121,60.56597137451172,13484825
2006-01-23,60.260520785991694,61.22610749188658,58.52640672937517,58.87125778198242,7483325
2006-01-24,58.92052512647091,61.364051501157114,58.92052512647091,59.31464385986328,7924040
2006-01-25,59.51170354171162,60.221112003541926,56.96964559091813,57.481998443603516,5039145
2006-01-27,57.895822838940816,60.07332351931437,57.206120652744914,57.81700134277344,6996570
2006-01-30,57.73817245825168,58.52640992194238,55.373471342963924,55.60993957519531,1824180
2006-01-31,55.76758269631243,57.324347451596914,55.018761664726355,55.34390640258789,2154865
2006-02-01,55.55082456465707,56.674058067644545,52.2205329221227,53.49156188964844,2341190
2006-02-02,53.99406522719311,54.37832896398897,52.07274278461862,52.64421463012695,1351465
2006-02-03,53.08759412820551,53.186121936341024,50.052889527616294,51.47171401977539,1495165
2006-02-06,52.614649139924886,54.2699417258053,52.02347106862781,53.461997985839844,1138830
2006-02-07,53.79699684562866,53.97434988812633,52.54567803042054,53.04817581176758,874460
2006-02-08,52.614647645929,53.166409319825426,50.49626619480662,51.087440490722656,507155
2006-02-10,50.84112268275995,57.73817441344572,50.25979960082979,55.42273712158203,4008155
2006-02-13,55.76758711564105,60.989643473773434,54.16156209304667,60.546260833740234,9884135
2006-02-14,60.29994735515701,61.45273864786162,56.21097888432884,57.20612716674805,3340790
2006-02-15,57.59037787728835,58.52640699973936,55.73802594385413,57.50170135498047,1773880
2006-02-16,58.03376815276421,60.221116394228616,57.65935570262,59.354061126708984,2115005
2006-02-17,58.634789077921425,59.91567307876826,56.161705120266824,56.999202728271484,944685
2006-02-20,57.146999974880146,57.146999974880146,54.624648278067134,55.51141357421875,382795
2006-02-21,55.37347149547655,58.969788959442724,55.37347149547655,57.92538070678711,1301075
2006-02-22,57.935233235953916,58.32935197740325,55.96464704589702,56.96964645385742,1186410
2006-02-23,57.34405907867183,58.802292413274294,54.60494170927183,55.314353942871094,272425
2006-02-24,55.76758591091124,56.26023244284011,54.30935262743312,55.12714767456055,336780
2006-02-27,54.78229646444411,55.57053397445511,54.30935621359451,54.84141540527344,164020
2006-02-28,55.37347859850241,57.71847746719635,53.40289219826101,55.96465301513672,2206660
2006-03-01,56.3587671347688,64.02435015320302,55.008916614714224,62.96023178100586,5135385
2006-03-02,63.84700696926339,75.55228832284554,62.56612271005512,70.90170288085938,17071155
2006-03-03,70.27110126874135,80.36050017445761,67.610812993544,76.10403442382812,19222075
2006-03-06,76.7149216252903,85.12932562964225,74.29110149320421,80.21271514892578,15510090
2006-03-07,79.80874567468132,81.36551066604149,78.04507002252367,79.12889099121094,6284035
2006-03-08,79.78902951133392,80.57725939177158,75.690207071178,76.3602066040039,2469450
2006-03-09,75.49315759073703,84.14402952667552,73.89698011408456,82.4788818359375,9056735
2006-03-10,82.173442566993,87.09990785857305,81.00094142209633,84.00608825683594,8940805
2006-03-13,82.98137708658479,91.96724437319214,82.98137708658479,87.78960418701172,14131165
2006-03-14,88.28226333728523,90.05579398605077,83.81888664128032,84.3213882446289,8450740
2006-03-16,83.94697671737332,85.28697605613094,80.79404151864388,81.2078628540039,2744550
2006-03-17,81.38521322160734,82.91242062102363,78.35050849553085,79.12889099121094,2247950
2006-03-20,79.0205012035855,84.02579180308685,79.0205012035855,82.30152893066406,4178095
2006-03-21,81.06006958413778,84.13418712467805,79.2175760809611,79.82845306396484,2019805
2006-03-22,80.00578782091993,81.68079041506647,78.05491190937536,78.85299682617188,1466255
2006-03-23,78.6263850938754,81.23740555293803,78.05491334475678,78.64608764648438,927015
2006-03-24,78.82345195192939,79.98609816890794,77.24698441632883,77.52286529541016,559970
2006-03-27,76.13359368052515,81.18815203816685,76.13359368052515,80.0649185180664,1423845
2006-03-28,80.20285775066804,80.20285775066804,75.86756672035281,76.49815368652344,481380
2006-03-29,77.36520368734337,78.62638505213218,76.07447225225133,76.61638641357422,601835
2006-03-30,77.24698245748915,80.00579869553414,76.8824212952676,77.79874420166016,944765
2006-03-31,77.83815154484545,78.62638899774498,75.07932797688652,75.6015396118164,407045
2006-04-03,76.85286192049989,78.5968274026708,76.27154259883952,77.89727020263672,420815
2006-04-04,78.49829725121695,80.94182737762371,77.42433141086342,78.24212646484375,827390
2006-04-05,78.80373701097975,79.41461385659443,77.36520262382308,77.85784912109375,234775
2006-04-07,78.8234484454931,78.91212121674316,72.91168981208112,73.8378677368164,514450
2006-04-10,73.89697839718053,76.85285753306776,73.50285967562436,74.63594818115234,332690
2006-04-12,74.84286669218639,76.26169123217538,69.97551613087208,70.75389862060547,322675
2006-04-13,71.21696821264511,73.5028473951302,67.43344715909245,68.63550567626953,224600
2006-04-17,63.05875310948616,72.08404075653216,63.05875310948616,69.9262466430664,422965
2006-04-18,70.23168957304378,74.0546315362629,70.23168957304378,73.01021575927734,511275
2006-04-19,70.96080325744772,75.27639169459104,70.96080325744772,73.32550811767578,246545
2006-04-20,73.88713013356052,74.48815954764953,71.54213517702952,71.8180160522461,164745
2006-04-21,72.70477481890755,72.89198290328335,69.95580631651961,70.39918518066406,102830
2006-04-24,70.94109225961009,73.27623925267683,70.28094778854177,70.79329681396484,94510
2006-04-25,72.71463714924649,73.82801569754149,68.59611150011567,69.25625610351562,285930
2006-04-26,70.15285997085947,70.15285997085947,68.1034562036748,68.6453628540039,150435
2006-04-27,68.9705065885512,75.55226380368907,68.9705065885512,73.92652893066406,592760
2006-04-28,70.94111322166283,78.03522153695278,67.0196428221236,75.63111114501953,1225035
2006-05-02,77.44404272204429,77.79874886949044,74.71478391122912,75.14830780029297,148545
2006-05-03,76.41932604098768,77.42432915488678,71.92639216856169,74.81330108642578,243680
2006-05-04,75.37492663234094,81.9271276404204,74.78375224062337,80.34080505371094,1257645
2006-05-05,81.77932179538023,82.56755922919938,76.26168231021413,78.83329772949219,552215
2006-05-08,79.61167814983027,82.56755717741522,79.0402064003718,81.7793197631836,762750
2006-05-09,81.97637921005479,82.33108531140705,79.80873749484827,80.76447296142578,279650
2006-05-10,81.38520091074591,81.77931961715798,79.02049618946256,80.85314178466797,139535
2006-05-11,81.77932882392766,81.77932882392766,80.00579820400264,80.646240234375,175665
2006-05-12,80.7940331466455,81.18815188494513,79.02050258289205,80.24227142333984,171535
2006-05-15,79.21756255539933,80.10432780195617,69.56168767900589,74.92168426513672,177720
2006-05-16,82.76461873268785,82.76461873268785,73.10874354033174,77.99580383300781,137075
2006-05-17,80.39991039992388,80.59697351784375,78.08447326398797,79.86785125732422,83230
2006-05-18,80.00579354741834,80.00579354741834,67.98522120992973,70.72433471679688,50090
2006-05-19,77.8381436884751,77.8381436884751,71.92638593998333,73.21711730957031,326140
2006-05-22,76.85285442751889,76.85285442751889,63.05875235078473,68.7833023071289,94100
2006-05-23,70.349929964253,74.35021760848484,65.42346438576455,72.4880142211914,28440
2006-05-24,70.94110085972312,73.10874260133885,67.8177236398858,69.26610565185547,27100
2006-05-25,69.16757845435188,69.75876037802925,66.40876205168269,68.73405456542969,25815
2006-05-26,74.68521102036024,74.68521102036024,70.94109468299337,72.01506042480469,26875
2006-05-29,72.51757548671665,76.26169252297575,71.92640109077844,73.50286865234375,76060
2006-05-30,73.89698483421118,75.86757109645681,73.89698483421118,75.41433715820312,37630
2006-05-31,71.93626235687515,79.414634523355,69.95582081764661,74.74434661865234,140450
2006-06-01,78.42932352076882,78.42932352076882,69.95580498390294,72.63580322265625,53670
2006-06-02,76.65580463254464,76.65580463254464,67.68963159059774,74.57683563232422,110720
2006-06-05,73.91668114664249,75.8478621356727,73.91668114664249,74.92168426513672,49215
2006-06-06,73.69993311765228,74.0940443772196,71.53228360407991,73.47331237792969,142020
2006-06-07,70.94110989466927,71.92640308765078,64.63523195614945,69.69963836669922,94590
2006-06-08,69.54199055261346,69.54199055261346,60.10288061288976,61.127586364746094,54820
2006-06-09,68.77346296741223,68.77346296741223,61.08817360391471,63.99478530883789,198025
2006-06-12,65.22639518475108,66.01463261086093,63.05875353873283,64.69434356689453,33475
2006-06-13,53.04817551890217,64.04404530007977,53.04817551890217,63.068607330322266,122025
2006-06-14,62.0734619642622,64.63522238315896,61.482287639469014,62.83213806152344,129625
2006-06-15,75.39463164998773,75.39463164998773,64.04405739990656,69.41390228271484,54440
2006-06-16,70.9509487006349,74.48814684601574,69.95580069856082,71.2268295288086,41555
2006-06-19,70.94110446265185,72.90183566173697,68.37934386049407,71.84757232666016,12415
2006-06-20,67.1969850452411,73.88712596011726,67.1969850452411,72.54712677001953,28240
2006-06-21,73.87728553628112,77.83816079045975,73.87728553628112,77.24698638916016,55695
2006-06-22,74.89212763194215,79.79888286350933,73.90683457146157,77.27653503417969,55900
2006-06-23,74.48816001398048,76.852865057654,71.96581197656343,74.99066162109375,59950
2006-06-26,74.88227364489697,76.26168545231984,71.18742461636587,72.15301513671875,40400
2006-06-27,74.882270540578,74.882270540578,70.96080095996867,73.207275390625,25205
2006-06-28,72.91168817933051,74.38962780458722,71.97566275687714,73.75904083251953,19200
2006-06-29,74.90197964014443,76.8233057335685,72.91169084622985,73.98565673828125,35010
2006-06-30,76.26167984864247,79.41461444777015,73.50285643651397,76.68535614013672,57545
2006-07-03,77.83816999215152,79.21758210304561,74.88229011903184,75.82817077636719,44140
2006-07-04,76.26168761870285,81.70050223563885,75.38477735906271,78.82344818115234,427785
2006-07-05,78.23226489646252,81.18814386597228,77.89726137097983,79.49343872070312,123905
2006-07-06,76.87256447496728,79.59197554004426,75.88727137342241,77.89727020263672,40885
2006-07-07,76.90213136738228,79.59197738740589,76.8528637042856,77.79874420166016,78840
2006-07-10,76.85286192049989,78.65595010045256,76.85286192049989,77.89727020263672,24645
2006-07-11,79.21757563820464,79.21757563820464,77.24698921694178,77.75933837890625,12085
2006-07-12,76.85286356822976,84.86329394934533,76.45874481572393,81.21771240234375,339325
2006-07-13,81.04035160096983,81.97637697124819,79.41461660036967,80.2915267944336,65940
2006-07-14,79.39491640540803,80.38020946325467,78.13374249411464,79.48358917236328,24035
2006-07-17,78.82344608651704,80.59697663033951,73.89698070610972,74.9315414428711,127690
2006-07-18,77.83814578069318,78.62638317522133,74.88226682699597,75.61138153076172,56890
2006-07-19,78.62639869996237,78.62639869996237,71.49287067081907,72.43875122070312,29905
2006-07-20,74.88227537171862,74.88227537171862,72.93139173210245,74.08419036865234,170050
2006-07-21,73.89696650464464,73.89696650464464,68.57638341287259,71.1282958984375,20285
2006-07-24,69.16756935025985,71.3352185783185,66.01463458587018,70.33021545410156,21305
2006-07-25,72.61610491367375,76.26169421782839,71.96581531884667,74.04478454589844,138215
2006-07-26,74.88228109632529,74.88228109632529,72.70478408756077,72.97080993652344,35120
2006-07-27,74.29110669637132,76.26169304101145,72.71463912409726,72.97080993652344,22750
2006-07-28,72.91168877997399,74.2911006116817,72.3993396798944,73.04962921142578,46475
2006-07-31,75.25668515635292,76.85286270330216,72.93139281164704,75.15815734863281,63640
2006-08-01,74.1925619071496,74.86256141171744,72.91167806932651,73.17770385742188,18250
2006-08-02,73.71962674621231,74.685217256475,73.02992460830289,73.96595001220703,12395
2006-08-03,73.69992521307313,76.655804445942,73.69992521307313,75.68035888671875,30670
2006-08-04,75.404480297791,76.2419779355455,72.93139249369182,73.19742584228516,18450
2006-08-07,73.89698708991358,73.89698708991358,72.91169392871474,72.931396484375,5735
2006-08-08,73.89697513064823,74.29109383478283,71.82786133042788,72.91168212890625,16155
2006-08-09,73.86742595114073,75.07933227160002,72.91169042791631,73.12845611572266,17525
2006-08-10,74.63595321848155,74.68522088094726,72.91169027284006,73.3058090209961,17490
2006-08-11,73.30580769024948,76.6558057129772,72.93139150356271,74.72462463378906,36545
2006-08-14,73.10874546777204,83.94696963517269,73.10874546777204,78.46874237060547,356875
2006-08-16,79.4146178138433,83.74990870929155,79.4146178138433,80.90241241455078,404990
2006-08-17,82.0792166879936,85.81728101192444,79.5179531863209,84.0372543334961,612335
2006-08-18,85.02615321002382,93.94608327031287,84.10647019832425,91.29581451416016,1257435
2006-08-21,91.96828991024009,98.43573829962132,91.37494761331891,93.7186508178711,1021760
2006-08-22,94.83610138378013,112.46829986572266,94.83610138378013,112.46829986572266,8138455
2006-08-23,114.17909853109673,121.4376733002351,101.98588438663269,104.35926055908203,24178710
2006-08-24,105.2196333192816,112.10242035939861,98.63351364651281,109.65982055664062,20635380
2006-08-25,110.40148843787284,112.73530769191755,105.24928800048133,107.10842895507812,9742985
2006-08-28,105.61518368310777,107.27654637738438,101.85733715839118,102.67813110351562,3647245
2006-08-29,103.5186900220433,107.55342868852223,102.84623357763014,103.69669342041016,5362805
2006-08-30,104.37905180921803,104.37905180921803,100.63109642806256,101.25410461425781,2207570
2006-08-31,102.21334169583912,104.17137167513638,99.42462661566175,101.15521240234375,4094850
2006-09-01,100.5717584975877,104.03293023115913,100.07730539279177,101.78811645507812,2705410
2006-09-04,102.33200732904221,105.3185004541533,101.16509782034214,103.02423858642578,3602875
2006-09-05,103.4395850750816,104.23071303817713,101.48155506079104,101.81777954101562,1613300
2006-09-06,102.17378376755796,103.53847154714586,101.48155247604713,101.97600555419922,1108580
2006-09-07,101.85734482625543,105.17017928980864,100.86843856580634,102.4407958984375,2938735
2006-09-08,102.72757756979834,104.20105330069417,101.65956456383606,102.2529067993164,1209520
2006-09-11,102.51991616674172,102.82648225572747,93.95599137693506,95.34046173095703,804495
2006-09-12,94.3416621240492,97.50615925256507,94.3416621240492,96.48758697509766,817035
2006-09-13,97.9017026354369,102.37155483000923,97.50613869159531,99.58283996582031,1209990
2006-09-14,100.70032008849087,101.36288543130048,97.11058575628029,98.36650085449219,487665
2006-09-15,98.39615546916782,105.39761236253918,97.90170242660919,103.91425323486328,4235070
2006-09-18,104.23071712484787,108.38412023205721,104.23071712484787,105.57563018798828,3976660
2006-09-19,105.71408412012835,116.13715734282188,105.71408412012835,112.61664581298828,9402890
2006-09-20,111.74639984698366,123.88027551952567,109.2246860360743,123.26715850830078,15442805
2006-09-21,125.19551889573036,129.43792724609375,125.19551889573036,129.43792724609375,2907975
2006-09-22,130.960823617181,135.91525268554688,130.93115764223947,135.91525268554688,862270
2006-09-25,142.5409374037859,142.7189483642578,138.64464460685682,142.7189483642578,3743000
2006-09-26,144.5879841036206,149.8588409423828,136.66683567683384,149.8588409423828,9294000
2006-09-27,157.23607570162528,157.35473960936062,149.73028174716222,156.00982666015625,9188615
2006-09-28,158.2249818381135,161.7850499652751,150.91696609304603,156.00982666015625,10214855
2006-09-29,154.26936441005262,156.00983385835238,148.21726340414787,148.86004638671875,3529375
2006-10-03,146.1603465535307,146.1603465535307,141.42347717285156,141.42347717285156,1263785
2006-10-04,141.80915120656738,145.27032310578846,134.35280466877353,134.91647338867188,4031655
2006-10-05,137.9919381038794,141.67066967111555,136.46902948667258,139.98953247070312,3859100
2006-10-06,140.424685795212,142.40249827120093,132.9980053800979,133.73968505859375,2070220
2006-10-09,132.31566079489107,132.51343902927115,127.05467224121094,127.05467224121094,1337520
2006-10-10,127.17334024563586,132.31564934197263,126.68877078726256,129.0028076171875,3042530
2006-10-11,130.3378292103138,134.03632842980764,126.85687545416387,128.03367614746094,1564360
2006-10-12,129.74447950962318,131.40584963243538,123.81104280866927,129.24014282226562,1933080
2006-10-13,131.72230083443915,132.05852531588292,125.60097667924227,127.47000122070312,1669220
2006-10-16,131.32674450242396,133.84845829431356,127.76667619746088,132.552978515625,2195955
2006-10-17,134.48136644011308,135.8559455247521,130.53562506832358,132.0980987548828,2108790
2006-10-18,132.71119080771334,132.71119080771334,128.755566550616,129.6258087158203,719050
2006-10-19,129.94225145335682,131.86073164187135,128.5577889923201,129.0423583984375,583510
2006-10-20,129.74449161619674,130.60485027898258,127.35134040091279,127.80624389648438,321040
2006-10-23,130.14006398616695,130.14006398616695,125.8185411086333,126.9854507446289,212525
2006-10-26,128.16224447223075,128.16224447223075,125.7888606326647,126.40198516845703,200140
2006-10-27,127.66779817422048,127.66779817422048,123.73194812555126,124.31539916992188,309135
2006-10-30,124.00884931778913,130.53562927246094,123.4253906879193,130.53562927246094,616790
2006-10-31,132.90900270376727,136.38995715772444,126.58000832340231,128.60726928710938,1486665
2006-11-01,129.65548372153881,132.90897826023448,127.37111296827226,130.63450622558594,828215
2006-11-02,130.53561401969216,132.19696913697769,128.28090916651286,128.9632568359375,308365
2006-11-03,129.45771966949295,129.9422740704403,126.79755946608584,127.57878875732422,245605
2006-11-06,128.46882253528128,133.95725558144633,125.1955375141174,131.75198364257812,669645
2006-11-07,132.76064764391768,134.47145101977836,125.88775307429471,127.83589935302734,601950
2006-11-08,127.86557986424711,130.04117057458885,125.59109249408961,126.48110961914062,657000
2006-11-09,127.56890113727736,128.49847538934367,125.59108871654438,125.99654388427734,212875
2006-11-10,126.97554204263649,128.45890124916033,125.68996859050222,126.06575775146484,211080
2006-11-13,126.97555637608332,129.54671866010386,126.38222168020216,127.1239013671875,319725
2006-11-14,127.56889795049288,128.89402861779834,124.64173654630183,125.2944107055664,201795
2006-11-15,126.77775836832512,131.5640602469157,125.90752372078722,128.42922973632812,695850
2006-11-16,129.54670167783584,134.49123227622653,129.54670167783584,131.54429626464844,1044515
2006-11-17,132.4936472360953,133.16611129247525,126.57999243938106,127.25244140625,374200
2006-11-20,125.59109194341622,126.54044102438945,121.35857446146045,124.88896942138672,229775
2006-11-21,127.5689041070869,130.14006634970104,126.18443387139216,128.874267578125,271380
2006-11-22,129.34894321146967,132.88922947093417,127.98424772940741,129.03248596191406,387405
2006-11-23,130.41695207884624,130.5356159920137,125.5910850832253,126.24376678466797,181395
2006-11-24,126.88655802362256,128.32046906257483,124.99775101683193,126.2635498046875,228070
2006-11-27,127.70734051370631,128.16224398531912,126.19431530062981,127.1139907836914,140785
2006-11-28,124.62195337887914,129.94226590668336,124.62195337887914,126.71843719482422,300055
2006-11-29,129.15114579115826,130.93116474221216,125.6998579872181,126.372314453125,112505
2006-11-30,128.07322798797688,128.201790614046,126.26353549668792,126.77776336669922,116290
2006-12-01,127.96446037096358,131.52452884157785,125.98665545193624,128.50836181640625,466435
2006-12-04,129.54669431468736,131.1289500520444,127.39088633928513,127.81610870361328,272060
2006-12-05,128.21167163177478,129.5269185740075,126.9755389893955,127.53922271728516,126440
2006-12-06,128.5577960811337,128.5577960811337,125.4130743059742,126.372314453125,115555
2006-12-07,127.37112808784198,129.348940588928,124.99775157758758,125.91743469238281,167920
2006-12-08,126.97554228278939,129.13136551356004,123.81104565412213,124.98784637451172,198795
2006-12-11,124.89886402878007,132.46399090456046,121.83324857782306,127.78646850585938,768880
2006-12-12,128.55781279022904,129.90272589684577,116.74038609395267,119.86532592773438,354910
2006-12-13,120.65643896613587,122.21890491664541,115.89979535307121,119.1532974243164,160985
2006-12-14,121.42779760012847,131.0696258544922,120.64656076847014,131.0696258544922,460990
2006-12-15,136.07349113042224,144.18251847426342,133.08699035749785,142.6299285888672,1965150
2006-12-18,146.32844719483802,156.8998565673828,145.98232399950354,156.8998565673828,1672625
2006-12-19,163.90133321362813,164.75179322285607,150.96643718676043,160.637939453125,3089395
2006-12-20,162.57615525845495,168.67771911621094,156.0691664610905,168.67771911621094,1470415
2006-12-21,175.5704069956161,177.1131134033203,170.32921600163175,177.1131134033203,573425
2006-12-22,185.51880699859936,185.9736953951837,173.35525786213438,182.02796936035156,1802750
2006-12-26,186.79448723978234,186.79448723978234,172.9399171270567,179.06124877929688,1165395
2006-12-27,179.06126893726673,180.37650102246232,170.21054558182183,171.5752410888672,662860
2006-12-28,172.0696749939779,180.15892028808594,164.37598613531608,180.15892028808594,829445
2006-12-29,183.79812329624593,189.16787719726562,181.83019435084807,189.16787719726562,752060
2007-01-02,192.83672252515865,198.6317138671875,192.83672252515865,198.6317138671875,241335
2007-01-03,205.67271387325138,208.57021697909187,194.94309031148225,198.3943634033203,1434845
2007-01-04,202.34998863534648,208.32299073478634,196.7330084729975,204.94093322753906,1385955
2007-01-05,204.1102410923457,215.18600300811823,197.78124721719996,204.3574676513672,604360
2007-01-08,206.32541324926478,207.67032644314375,200.76776457976382,204.3970489501953,671220
2007-01-09,206.08806213157618,210.43925880494035,202.33023034984603,205.47494506835938,381075
2007-01-10,206.4836038418442,206.4836038418442,195.2001812289768,195.23973083496094,173540
2007-01-11,197.58346841577332,203.1213342681128,186.1121500745868,192.10491943359375,409750
2007-01-12,193.34104921534987,201.71708608751487,193.34104921534987,199.99639892578125,803320
2007-01-15,197.38570487087134,204.50582726184894,197.38570487087134,198.8690643310547,194945
2007-01-16,198.0878073097969,201.73687376426653,194.81453005666913,196.16932678222656,121640
2007-01-17,198.2262712674386,199.44262183095546,191.84782844278473,193.68719482421875,86770
2007-01-18,203.1806787416006,203.1806787416006,192.63893480760146,193.59817504882812,74005
2007-01-19,195.54631944563212,195.54631944563212,187.10105196003244,189.05908203125,78880
2007-01-22,194.8145175459731,197.93946469763478,186.30991835841564,193.8354949951172,138045
2007-01-23,194.02339824654624,199.75905736706727,192.83671379494118,196.8912353515625,550365
2007-01-24,198.85913123461492,198.85913123461492,187.29881609232186,189.57330322265625,106140
2007-01-25,191.3731115773297,194.22115086779917,188.8810639948481,190.28530883789062,65840
2007-01-29,190.96766880771415,193.43005057378025,187.89217005222625,188.37673950195312,36525
2007-01-31,188.88109257245304,197.80103111690653,185.91437384094854,195.80343627929688,191275
2007-02-01,198.176807546059,201.64787815979545,192.06537413066187,194.7848663330078,204855
2007-02-02,194.78486744480261,197.3856957399896,191.4522581737315,192.1543731689453,52740
2007-02-05,188.08995562984248,195.6056487619816,186.9131548412262,188.61407470703125,90460
2007-02-06,192.8367289459182,195.80344785277848,186.2605080715163,187.6746368408203,75130
2007-02-07,188.84153414552043,191.8478023470376,184.17389568538007,185.8352508544922,67090
2007-02-08,186.90329227771747,187.79330191942532,176.62855633756527,180.5446319580078,97140
2007-02-09,180.57427834566033,186.9032719965102,178.2008944094583,181.74118041992188,105020
2007-02-12,180.18861637189153,180.18861637189153,175.03640811510675,178.3294677734375,134200
2007-02-13,179.49636758103037,185.89459221056893,174.04749958863323,183.59043884277344,68865
2007-02-14,178.99204205047715,187.53619196245532,174.0475105021214,186.14183044433594,79230
2007-02-15,187.49661196344246,193.82560528384553,178.00310689332753,184.46066284179688,192085
2007-02-19,177.26144304714254,188.6833131065762,177.26144304714254,184.13433837890625,236940
2007-02-20,185.67702532683307,185.67702532683307,182.35429984388304,183.02676391601562,57025
2007-02-21,186.3099327192046,186.3099327192046,178.00312619905355,181.21707153320312,25995
2007-02-22,185.70669333932904,188.68331073364143,180.02048254600882,180.91050720214844,64465
2007-02-23,178.99200772297968,183.34318861524815,178.20087980906453,180.42591857910156,69485
2007-02-26,180.37649588620351,181.95875193886803,176.0253143756441,178.3294677734375,41550
2007-02-27,176.025311119158,181.3555151612644,176.025311119158,178.10202026367188,49720
2007-02-28,168.11405607759548,195.8034300197877,162.1806188042686,178.0525665283203,509475
2007-03-01,180.9698147876837,185.3209955555182,176.22306252944912,178.69532775878906,302200
2007-03-02,180.96984236079655,193.81573988191013,179.1898081065585,188.52508544921875,383005
2007-03-05,182.05763868561863,186.90327306254684,169.67652875292012,177.538330078125,650285
2007-03-06,179.98092359098345,185.32101089249406,175.0363927230993,178.0723419189453,135315
2007-03-07,183.54100246878278,183.54100246878278,168.3118374610464,171.25877380371094,76820
2007-03-08,178.00313776134004,178.98216045125207,169.51831971730795,176.8560028076172,42490
2007-03-09,179.8424892588955,187.89218544215254,177.40977327115408,183.2937774658203,561860
2007-03-12,181.7609503843606,185.91435312782488,180.7621455320789,182.91796875,40285
2007-03-13,183.73878532181868,183.73878532181868,178.49757914885302,182.05764770507812,34730
2007-03-14,178.02289731888908,180.46549682591527,168.62828847325335,178.55690002441406,34505
2007-03-15,181.7609830376725,184.9254802159792,181.7412006863826,182.26531982421875,31000
2007-03-16,182.94763621485447,183.34319263573116,181.56317365227588,182.48284912109375,45695
2007-03-19,182.00819103499532,185.69680697458173,181.95874270657498,183.97610473632812,24160
2007-03-20,184.3321110062579,202.37964928961432,184.1343327826987,194.72552490234375,448325
2007-03-21,199.50196070604292,201.7368834929065,193.3410636447272,195.49688720703125,287025
2007-03-22,195.80342891098738,199.363497290628,191.05667610130362,192.78726196289062,63285
2007-03-23,192.83671125748134,201.5390889372597,188.10974077330502,198.3844757080078,523370
2007-03-26,199.4920564484319,201.1435280988749,192.0950418174117,193.50917053222656,96940
2007-03-28,189.98866655937695,195.21009042471624,187.29884031486736,188.53497314453125,149135
2007-03-29,182.947649165783,190.85889885943848,182.947649165783,187.85263061523438,67275
2007-03-30,190.66111160661853,192.04557420164522,186.92304751053587,187.57571411132812,56510
2007-04-02,182.99708791389432,195.8034196671519,182.99708791389432,192.619140625,131755
2007-04-03,192.44114881637586,197.77135252722132,192.44114881637586,196.6143341064453,112660
2007-04-04,197.38568228530485,200.93585189897104,192.0455797859705,197.05934143066406,141865
2007-04-05,196.19899695163727,216.76825028273927,196.19899695163727,216.55068969726562,1070110
2007-04-09,222.50389076705525,238.20772575294689,222.38522685395628,235.5574493408203,720455
2007-04-10,242.28202142253036,247.33533275863786,232.39295932365158,239.52297973632812,794300
2007-04-11,244.94217592840488,244.94217592840488,234.37076637263394,240.67999267578125,334595
2007-04-12,237.93083064142118,252.71497487145743,236.76391351376748,252.51719665527344,709920
2007-04-13,252.56664643147957,265.1455349502453,252.56664643147957,262.9798278808594,703135
2007-04-16,276.1322720649534,276.1322720649534,263.049032981179,271.9491882324219,663375
2007-04-17,268.1914169011915,273.551272472088,258.5100151867512,263.0589904785156,332815
2007-04-18,258.50007102027433,275.8652612345094,258.50007102027433,272.2359924316406,246350
2007-04-19,267.20242860541634,285.85318234978996,264.0972491012933,278.584716796875,687995
2007-04-20,278.98032805765945,284.21165057696334,268.1023592937748,276.44873046875,644745
2007-04-23,274.9356650311434,280.2559847159777,269.9713672379547,273.7193298339844,272905
2007-04-24,273.92705016720544,274.51050127351533,260.0329284667969,260.0329284667969,234585
2007-04-25,257.1155921028071,268.19135275730525,247.03863629030243,261.9216613769531,331960
2007-04-26,262.98971061749637,274.91591667474825,262.06013639859094,265.1356201171875,329465
2007-04-27,266.78713939995555,269.5758623983967,253.17977910602312,260.0922546386719,627075
2007-04-30,257.12551376071315,262.71282782099865,252.9622119700824,259.27142333984375,67865
2007-05-03,265.8179739533768,272.2359957001943,261.2887968452625,267.3804626464844,725660
2007-05-04,268.7847036337111,272.928223188597,258.1045283263011,258.8857727050781,499535
2007-05-07,265.89711431667376,265.89711431667376,257.0365228671695,258.8857727050781,113050
2007-05-08,259.29121933297597,264.0379570510488,256.22560405800203,260.4383239746094,306940
2007-05-09,264.23573678568135,273.46221793648664,258.10450655079734,272.2161865234375,231370
2007-05-10,285.83342423253134,285.83342423253134,280.8493290970223,285.7345275878906,1044960
2007-05-11,280.84935209125183,300.02425720059534,276.89372741391026,298.07611083984375,644625
2007-05-14,306.3631310773805,345.07883325249946,301.61639335197475,341.6571960449219,2212430
2007-05-15,348.09500907756745,372.61000410449236,333.66687013529554,338.2751770019531,4880730
2007-05-16,350.82437382622584,350.82437382622584,326.3390466110885,336.02044677734375,1472085
2007-05-17,336.2280617050767,336.6236180948085,316.7960635864546,321.28570556640625,680575
2007-05-18,321.9285357810418,327.9213049942476,308.8848604678603,314.1952819824219,717840
2007-05-21,317.24108842342366,321.9285242080836,259.3999759860895,307.91571044921875,532515
2007-05-22,311.26814586115887,349.08391180571385,306.75873570371294,341.558349609375,2403175
2007-05-23,346.11713899842437,395.36465127573524,342.1615145527281,384.2790222167969,9545700
2007-05-24,383.69563072757694,390.6179745809095,365.8953179618646,378.5335388183594,4882515
2007-05-25,371.8287336268459,383.10225834462136,363.91748397521087,374.6767883300781,1740090
2007-05-28,381.322229708114,386.0492000495881,367.87309960087964,371.838623046875,722370
2007-05-29,370.83982680187205,382.5385739259453,365.9051944971823,371.7496337890625,560360
2007-05-30,372.81762595932423,375.19099473068803,356.2237816397013,358.8839416503906,353485
2007-05-31,365.69754069656966,369.6531659293245,338.44328525721124,349.6772766113281,628520
2007-06-01,355.00742215669965,375.7843507878072,354.0284146895658,371.2947082519531,1544230
2007-06-04,365.91503836325916,375.76456522784366,356.9555511662003,359.734375,520170
2007-06-05,363.2450196407565,372.4220676415111,359.0125024632322,366.557861328125,815775
2007-06-06,369.25757834962025,370.83983434529813,346.3347392989217,354.7997741699219,358340
2007-06-07,352.05059492301365,366.86442014686224,348.8860831217601,360.89141845703125,618380
2007-06-08,361.9396251064552,369.45531734665525,354.02837647024853,359.5365905761719,951475
2007-06-11,360.9507381859262,368.86198724205605,348.53007958212385,353.98883056640625,358720
2007-06-12,357.7862755068316,361.346344105606,336.6236874183174,342.91314697265625,730455
2007-06-13,344.13938497095376,348.0950100855624,336.6236912173924,341.8253479003906,410305
2007-06-14,348.0950196039315,351.0617385210105,344.1393943811596,346.1271057128906,345995
2007-06-15,348.88610640877926,379.6806609442549,346.71053080684834,375.1020202636719,2185550
2007-06-18,375.784344165633,382.5088940422516,368.36754789920604,373.1439514160156,1910635
2007-06-19,371.8287152396304,429.12594042252704,371.8287152396304,421.2146911621094,5290710
2007-06-20,425.2296747008228,459.74249575120126,425.2296747008228,456.568115234375,6439195
2007-06-21,458.5360085731734,470.28421877598805,416.3295002126344,425.2197570800781,5168145
2007-06-22,429.3929313337067,466.56590992468887,409.70380624773446,457.0032043457031,6848980
2007-06-25,455.8560477446694,471.51041808455017,448.96337099600606,457.7547607421875,4271020
2007-06-26,469.7304407755534,469.7304407755534,447.24272364708025,450.94122314453125,1947185
2007-06-27,454.89682240317865,462.41251506999174,444.0188549109287,447.0053405761719,1886580
2007-06-28,451.24774879010516,454.6990214884618,430.37195510193055,433.1309814453125,1871095
2007-06-29,439.27210634526045,450.34783667518536,431.5586205761322,438.3128662109375,1667900
2007-07-02,441.44768819826373,446.78777523787187,431.36086382989726,434.0506896972656,957135
2007-07-03,438.6788041887797,454.89686012256215,434.3374914073313,446.7284851074219,3455445
2007-07-04,449.95236098187036,451.8807403148312,435.38576049706325,438.0261535644531,1122550
2007-07-05,438.0261345609929,442.0410915012461,419.73136902906214,425.546142578125,1433610
2007-07-06,427.68215259824035,434.1298099822766,420.2851235591516,423.241943359375,693235
2007-07-09,423.25186650709196,439.8259445818066,423.25186650709196,432.7354736328125,973050
2007-07-10,436.7009873384797,442.63442458444,427.2074817091388,430.0060729980469,709290
2007-07-11,431.16312737737,456.8746900191398,422.31240431945895,449.6952209472656,3092610
2007-07-12,452.9189871781794,460.6324425737985,446.98555066492816,448.8150329589844,1137660
2007-07-13,451.9301332263814,459.2480330677656,441.64551478613686,444.4045715332031,887480
2007-07-16,448.17228509935205,450.88187832842016,437.2943173074165,440.37969970703125,576920
2007-07-17,444.8099879522409,445.0077812599651,425.2296576484111,430.2335205078125,598635
2007-07-18,432.62668853639514,437.09653362668166,420.9081442121831,426.5448913574219,767995
2007-07-19,431.12350355916857,434.3275799092122,424.3198246259655,425.8922119140625,393015
2007-07-20,429.97642384077017,436.10765463974104,422.31240043156834,426.1691589355469,692140
2007-07-23,428.3941646328117,430.1939509249674,419.3753150179874,422.9452819824219,810525
2007-07-24,425.22965096672147,449.75451178807737,424.2407448016825,441.6257019042969,1940990
2007-07-25,438.8172715956028,481.20181127683963,435.11877169349617,476.2968444824219,4642215
2007-07-26,480.60840833498355,490.1019137946888,465.1320324974495,470.7589111328125,2957950
2007-07-27,455.88577667175883,475.6441342127837,454.89687043168993,458.67449951171875,1926680
2007-07-30,464.39037240749565,486.5418659601192,452.9190540848264,476.8406982421875,1642000
2007-07-31,482.269760508713,508.2977785112422,474.6749682595258,503.8081359863281,2147410
2007-08-01,499.3976248639292,503.35324961532666,459.84137734995466,463.9552307128906,1365770
2007-08-02,463.5992033743757,473.6860584441691,456.61752818407143,459.92047119140625,729435
2007-08-03,464.5881192669762,485.55294271444285,462.8081001840311,479.9458312988281,1293235
2007-08-06,472.67738179312124,472.67738179312124,454.89683799989507,464.7760009765625,452355
2007-08-07,468.7415248862125,483.5751174459028,466.98127310962343,469.3843078613281,1098965
2007-08-08,474.67497006751194,484.16847550466656,474.67497006751194,477.37469482421875,565295
2007-08-09,461.848859192345,497.41981624510515,461.848859192345,488.86578369140625,1489600
2007-08-10,468.76121998339545,525.2376583880157,456.91414519738566,517.3857421875,1982415
2007-08-13,507.30887874185976,538.9538770259524,507.30887874185976,528.6890258789062,1546855
2007-08-14,530.0537713378789,533.8116031675448,512.4709885332024,516.4464111328125,894845
2007-08-16,490.49746885662535,508.1791163126004,490.49746885662535,495.51123046875,806585
2007-08-17,495.4420309563985,501.37546845288233,454.8968747304258,466.69451904296875,1516130
2007-08-20,474.67496165639307,493.4641788886253,470.71933697592317,475.78253173828125,463975
2007-08-21,478.6306304472664,483.5751617535399,454.89688017715406,456.6867980957031,644835
2007-08-22,464.78591731163186,484.5640414525524,446.9856055848034,480.94464111328125,832380
2007-08-23,484.5640599032369,497.36050912398304,470.7292711971647,474.2596435546875,788860
2007-08-24,483.9706920625453,514.2312280570942,474.87277305817946,504.3125,1142720
2007-08-27,508.2978141480426,580.4879706321032,498.40875161597955,558.860595703125,2753635
2007-08-28,534.9982873513752,590.9506205147355,534.9982873513752,556.0916748046875,3992120
2007-08-29,551.5425776130414,588.2013338350938,536.066233425309,581.3877563476562,2686960
2007-08-30,585.4324963630668,591.1681405058252,565.6642702056622,571.0636596679688,2565370
2007-08-31,579.9105837673558,586.6298889942055,562.0880293693233,565.5714111328125,1799090
2007-09-03,570.0047843992248,585.5413852206381,566.0464178408969,574.4579467773438,1313755
2007-09-04,578.0600807052523,582.4142477236536,566.5016574856713,568.8469848632812,739785
2007-09-05,574.1016416734338,579.6829523690809,558.4264853452038,561.4645385742188,745490
2007-09-06,552.1920810245732,568.619276479333,552.1920810245732,561.5932006835938,566365
2007-09-07,568.0354369137908,581.4839518195442,563.0775737446081,567.847412109375,1271715
2007-09-10,559.5151311142995,588.2528502722781,554.5770181504165,577.2485961914062,1426825
2007-09-11,581.7314799193097,585.3435139285274,569.0152502263791,571.3704833984375,884295
2007-09-12,573.9631471864474,585.3434509668683,571.0933072905632,576.57568359375,1194320
2007-09-13,566.0463330339308,583.4631191211801,565.0567415426126,573.3297119140625,472020
2007-09-14,570.0047599732584,582.8694507365437,568.0255767789068,570.1729736328125,775660
2007-09-17,570.2027198579025,576.9319309866904,564.0870507190996,566.9667358398438,283295
2007-09-18,567.0359860595681,580.5735918819055,563.077619664737,574.1016845703125,938915
2007-09-19,574.1611234280457,607.4113807939366,574.1611234280457,600.4248657226562,2288125
2007-09-20,600.7018938061689,609.5685956123825,593.9528720546396,598.5247802734375,860005
2007-09-21,595.7540225198688,607.4113814936447,591.3997948217527,595.3878784179688,431340
2007-09-24,596.7238199646226,603.4332809621407,583.8591273285695,589.7373046875,315060
2007-09-25,585.0466387807205,600.2863150766341,578.7132275928828,588.8367919921875,382615
2007-09-26,581.8799224222432,593.9628588818064,556.1505380974502,561.0391235351562,1001570
2007-09-27,570.0048467316792,578.7132420323247,536.7545881656193,539.7035522460938,966135
2007-09-28,539.7233586013683,559.7130634089189,539.7233586013683,554.7156372070312,663785
2007-10-01,549.2629526215522,579.5048724032544,548.8275298597785,570.5787963867188,658370
2007-10-03,573.9730345817632,593.754961036309,556.7937388717501,586.8278198242188,1044405
2007-10-04,589.5987379892806,589.5987379892806,565.1558102887753,574.49755859375,409215
2007-10-05,574.3590150229483,591.7857093986125,565.2349486464424,573.6168212890625,450190
2007-10-08,575.9423582468538,582.6715695965655,539.0306006316282,541.771728515625,407450
2007-10-09,538.3378251622665,559.1192485600745,531.470057109091,551.9744262695312,366150
2007-10-10,563.8495027689587,583.8590149328531,555.2301386181136,572.706298828125,380345
2007-10-11,558.3572969256601,602.760270985788,558.3572969256601,592.0726928710938,342610
2007-10-12,583.8590656217362,607.4113344939591,575.9423325285601,589.1336059570312,458215
2007-10-15,575.9423049847679,623.4427012721715,575.9423049847679,621.621826171875,713145
2007-10-16,615.5457841645689,735.8602869755457,615.5457841645689,721.5903930664062,1991785
2007-10-17,722.2039249953514,722.2039249953514,633.5365433428202,691.675048828125,1145880
2007-10-18,672.922387119554,733.8812144986647,648.7071060926534,655.6837158203125,1469815
2007-10-19,672.9223449131489,672.9223449131489,593.7550102174844,602.3150024414062,507115
2007-10-22,593.5372987256602,593.5372987256602,564.0672308983613,570.4302978515625,721250
2007-10-23,575.9422805536573,657.6825182042436,575.9422805536573,638.66259765625,1114850
2007-10-24,643.2345235543501,680.6015110789646,629.4693313262326,661.3539428710938,980215
2007-10-25,655.1097041036722,696.6725554214279,643.2346037271707,677.3260498046875,712265
2007-10-26,680.8390369296486,712.3080384752001,662.0367960842077,676.5145263671875,914240
2007-10-29,692.7141667245896,700.19547730922,671.1410804694289,675.1884765625,284580
2007-10-30,678.1375029884035,681.828660589321,648.1825438113284,654.7039794921875,413485
2007-10-31,653.1305189951065,682.5807775155946,637.2970518679524,643.0762939453125,536755
2007-11-01,667.8655117825591,668.7660135927649,628.7865478540324,654.34765625,313120
2007-11-02,604.6702580007959,663.0066416074244,604.6702580007959,651.428466796875,173200
2007-11-05,649.1721146543722,662.8284671814546,638.5933776260977,645.3126831054688,175355
2007-11-06,652.9326042824327,655.0998125635898,625.4219665672067,628.7964477539062,314975
2007-11-07,639.9392488349291,661.04725674444,611.666606668996,652.7445678710938,417720
2007-11-08,643.2346176213334,649.172167937838,625.402155509468,631.7850341796875,174085
2007-11-12,593.8539087707153,630.9635946312385,593.8539087707153,622.8192749023438,280180
2007-11-13,607.6093024941825,655.1097039920991,607.6093024941825,646.500244140625,331285
2007-11-14,663.0263890742923,670.9431220781645,647.192923066548,653.8132934570312,211940
2007-11-15,653.1304613997239,666.094087306949,643.4324757195219,659.05810546875,285375
2007-11-16,623.4426295306391,662.036697073012,623.4426295306391,647.083984375,206985
2007-11-19,650.8248056602154,675.5151325229504,650.7555269879884,660.2061767578125,367115
2007-11-20,635.5453413626732,679.8493729574523,635.5453413626732,654.6246948242188,274125
2007-11-21,624.2345068527097,664.0161100251008,603.651009113728,609.1531372070312,160865
2007-11-22,608.9947574104025,625.4219554993235,570.9944119036545,594.2498168945312,265215
2007-11-23,596.9216821123684,657.2867714226734,596.9216821123684,653.30859375,306365
2007-11-26,633.7344148749562,667.9742562970491,633.7344148749562,658.8997192382812,238780
2007-11-27,644.5408067646349,663.2243009641777,641.2652609917211,645.797607421875,69540
2007-11-28,653.1206141837029,657.6826174091171,633.3386858323883,637.8710327148438,119660
2007-11-29,659.0679886258943,679.8494116906746,641.3048077834043,673.8129272460938,530810
2007-11-30,677.870292266609,714.4851839656814,677.870292266609,709.1710815429688,428415
2007-12-03,716.068546195018,733.8811971988731,702.6595904359821,725.9050903320312,317205
2007-12-04,721.3331354253711,853.0280103643545,721.3331354253711,840.3711547851562,1375575
2007-12-05,841.1529141394461,851.0488307763808,791.8712613674879,797.1853637695312,715920
2007-12-06,811.4652351115097,823.3403361131416,791.6734001087899,797.8187866210938,277875
2007-12-07,850.0591772166523,850.0591772166523,785.7950968397149,797.2842407226562,268325
2007-12-10,797.8088609490096,816.2152428780705,784.746238096183,791.4160766601562,117895
2007-12-11,811.4651060652045,815.4234724362543,791.6732742099557,801.2129516601562,93425
2007-12-12,771.8816027799246,814.4538612765976,771.8816027799246,786.2801513671875,362195
2007-12-13,809.4860091248271,829.3570273365825,791.6733585572881,803.4495239257812,382370
2007-12-14,807.5067606622949,835.2153259791385,804.5379858069189,824.775146484375,348410
2007-12-17,818.3922385466776,834.205892703573,764.9542931034846,773.7814331054688,253110
2007-12-18,776.8293555137825,796.0274554660473,742.3915821518724,751.0999755859375,389725
2007-12-19,761.9856076118748,775.8398913866362,751.1000989317051,756.7407836914062,148935
2007-12-20,756.7407438516046,774.8502588952335,753.2771730902595,759.818359375,120805
2007-12-24,760.9960368852088,839.1342212721535,760.9960368852088,821.9053955078125,437150
2007-12-26,821.36108014636,846.1998067233635,813.4443468437445,823.4788208007812,204335
2007-12-27,811.8609950670055,902.0127681396629,811.8609950670055,885.5855712890625,826090
2007-12-28,877.7677785125315,959.0132274257237,866.8822705490165,932.5614624023438,1091195
2007-12-31,932.5614945642521,979.4978200904037,932.5614945642521,941.57666015625,503260
2008-01-01,940.1120468195501,955.69811496419,928.2369472807768,934.847412109375,172150
2008-01-02,936.1537805249153,948.3059960124694,900.5284780947917,926.1292114257812,181370
2008-01-03,920.3202520068353,930.0182382813394,884.7543250132856,889.1580200195312,299785
2008-01-04,890.6325092044593,920.1223290959194,880.4693833547972,884.1506958007812,214865
2008-01-07,882.7157422501555,896.57002520027,862.9239094642776,876.4120483398438,171035
2008-01-08,876.7781982227558,917.747316520882,860.9447318891621,870.8010864257812,494935
2008-01-09,875.7885958178954,892.809583997383,857.3822155911662,863.5869140625,477945
2008-01-10,875.788618850914,907.2576215499874,860.9447439551358,866.328125,766560
2008-01-11,865.8927172845684,905.4763843604344,865.8927172845684,897.0450439453125,943955
2008-01-14,885.6350340648223,984.0499329389129,885.6350340648223,975.1138916015625,1451495
2008-01-15,979.1020685601845,1019.2794680940342,971.779065697419,986.0093994140625,1060565
2008-01-16,986.009306393036,1096.467518546778,955.0251950854756,1059.8031005859375,2131305
2008-01-17,1089.54045239069,1123.9188580909706,1072.7173936344304,1094.349853515625,1801335
2008-01-18,1051.9360122364092,1096.4577346425272,950.0080637318465,953.9664306640625,1471415
2008-01-21,961.883097834649,961.883097834649,771.8814982623727,880.2615966796875,1852065
2008-01-22,811.4651970854931,811.4651970854931,653.1305244834457,748.6459350585938,554240
2008-01-23,791.6733513779527,846.981645384567,761.9856007012795,785.4884033203125,376725
2008-01-24,792.1879178425452,865.8531218342981,698.8595328242347,733.1587524414062,848130
2008-01-25,786.7254086905609,844.1217278151553,771.8815330548899,820.7376708984375,946715
2008-01-28,826.3090092433865,826.3090092433865,732.2978045989294,780.0753173828125,467850
2008-01-29,781.777409760974,851.0488258157438,781.777409760974,784.3602294921875,371685
2008-01-30,783.7565264254715,807.5067241959404,706.5683836714478,722.2039184570312,808625
2008-01-31,708.5476909680935,752.0897278432278,653.1305531270136,666.1931762695312,1247690
2008-02-01,688.3599531973548,752.0896819890082,682.8182639110732,742.1046752929688,991920
2008-02-04,807.2493739774964,882.7156326871265,756.443779346092,852.6617431640625,1613550
2008-02-05,831.4846291963038,886.5158704924715,827.2986755606051,850.4848022460938,668780
2008-02-06,831.2570316953155,876.7188770114094,752.2876257642374,851.6327514648438,1022740
2008-02-07,861.7364932418722,875.7887083254903,781.787396629203,795.4635620117188,730520
2008-02-08,795.6317471991221,805.4979477091362,742.1937940290318,766.7356567382812,607050
2008-02-11,771.8814675188074,771.8814675188074,692.7141375168785,702.6397705078125,516875
2008-02-12,712.5059619832679,743.2130187534608,703.5996374584771,730.1800537109375,501200
2008-02-13,751.8916605520448,773.8606054201626,723.3914355014564,728.7550048828125,470115
2008-02-14,747.1417042288474,794.6421039679,738.235379277775,790.7728271484375,446630
2008-02-15,771.8815024570663,830.8611418181918,736.2562023436632,823.844970703125,647685
2008-02-18,833.2362120018299,840.9550151874282,803.1526001401475,810.8021850585938,610995
2008-02-19,825.1215388540227,870.8406870015824,821.3611025128562,862.0828247070312,746925
2008-02-20,851.048823541951,861.9343317500458,821.7766854667623,830.1981201171875,380675
2008-02-21,841.1430472776499,858.9656036251439,793.9692274098818,799.9859619140625,562000
2008-02-22,797.4129120516935,819.7777188120673,781.7773765996758,798.818115234375,574585
2008-02-25,811.4255944773562,841.1529060239392,794.642098279086,836.51171875,567870
2008-02-26,845.1113122797703,862.13230160941,840.272194368051,845.556640625,387285
2008-02-27,856.9863919935563,867.8719004368924,847.2884056421968,857.2536010742188,423640
2008-02-28,855.9967651946861,868.8614564635079,841.1429850733963,864.0223388671875,433660
2008-02-29,864.9030873311184,903.6950914286915,827.5460031815193,842.4987182617188,1854815
2008-03-03,804.8645720149337,853.0279794164214,752.089633824223,790.0503540039062,776595
2008-03-04,791.6733915876647,807.3089289915438,753.8709750593764,784.4592895507812,621170
2008-03-05,787.8336917812172,797.5514889361789,761.9855629706199,768.0814208984375,391505
2008-03-07,761.7777825386826,761.7777825386826,653.1305301790659,668.6572265625,983315
2008-03-10,643.5116867586177,695.6829295226247,584.0570035511754,688.6271362304688,1462895
2008-03-11,688.755724827046,710.9027887418367,656.0992033912809,688.191650390625,647090
2008-03-12,712.5059934888436,742.1937432175455,706.5684435431033,729.2894897460938,1005390
2008-03-13,706.5683938378006,712.3080129682722,633.3386163251994,640.3944091796875,880565
2008-03-14,639.2762063054286,742.1937379706989,639.2762063054286,717.5726928710938,1068585
2008-03-17,702.6397560307195,702.6397560307195,659.068008686712,675.0103149414062,1231800
2008-03-18,676.4847937735971,710.5267689822815,666.984738571111,674.911376953125,661040
2008-03-19,722.4019507222802,722.4019507222802,640.2856496790998,655.5946044921875,746610
2008-03-24,710.5267554283332,724.9747683564794,617.5051467789414,623.1359252929688,864385
2008-03-25,655.1096609265611,742.193724614684,635.3178282701696,730.40771484375,1434995
2008-03-26,730.3187002865957,776.0378505145956,704.7872456085862,768.6455688476562,1751370
2008-03-27,756.0479614604941,766.9334687590091,733.2873552908719,742.0848388671875,1181450
2008-03-28,746.1520767337148,787.714924509333,742.1937102788941,780.1148681640625,884875
2008-03-31,771.8815458728544,783.4498755596879,752.0897113632941,756.829833984375,840375
2008-04-01,767.9231489223312,781.7774325369093,706.5981810860318,717.2560424804688,1062885
2008-04-02,741.204172817873,771.8815150840333,696.8704773648179,702.4814453125,660100
2008-04-03,712.5060113426413,715.4747863899023,667.9743856337262,676.2572631835938,823080
2008-04-04,686.7766140458303,724.1436049005471,672.922330765367,708.1320190429688,1749695
2008-04-07,722.4018748022644,741.7978461849491,700.6308593972647,731.189453125,826105
2008-04-08,714.8315013279437,746.1521010837871,709.7351405909736,730.5363159179688,580160
2008-04-09,724.3811015261097,764.7564295311951,716.4643681760975,759.03662109375,1022205
2008-04-10,742.3224702508508,775.8399382618826,742.3224702508508,750.1006469726562,643630
2008-04-11,761.9856007929542,777.8190678224182,752.0896838995392,767.5570068359375,722485
2008-04-15,767.5272727258043,775.582563390742,750.1104835474522,764.4100952148438,780535
2008-04-16,774.2565389913395,783.7466891873867,760.2339816803666,764.8157958984375,1026040
2008-04-17,771.8815337997451,787.7150011597398,760.9960249897487,765.063232421875,938110
2008-04-21,773.8605902584778,805.1316590041135,771.8814071631876,801.4009399414062,842785
2008-04-22,796.6212779393782,823.3402524789598,793.8504334004348,817.3729858398438,906245
2008-04-23,821.7569591724963,833.7903674830512,783.1628834674274,788.5462646484375,1773895
2008-04-24,793.6524683486128,811.4651172641677,781.7971802316657,797.0764770507812,1503485
2008-04-25,788.7045726087373,820.361600934409,788.7045726087373,817.4918212890625,889600
2008-04-28,821.3610491253331,835.215331881664,813.4443161217155,818.9959106445312,635255
2008-04-29,818.3922588124068,818.3922588124068,799.5900182834639,805.10205078125,493105
2008-04-30,806.5173005140612,821.3512716288591,791.6734238174834,793.3062744140625,540455
2008-05-02,807.5067681797163,811.4651346904012,791.6733021369768,793.1378784179688,391250
2008-05-05,799.5900659951319,817.155318063713,789.9514528338747,792.7520141601562,541975
2008-05-06,791.6733408029193,809.0307570560656,786.725382422901,798.42236328125,503385
2008-05-07,797.2942169875678,809.8818545571047,787.912907195094,793.6525268554688,304765
2008-05-08,784.1919979220554,801.3712942155258,781.7872974961733,786.4185791015625,361320
2008-05-09,786.9826531561112,795.6316743802943,756.0480089882399,759.1849975585938,418025
2008-05-12,760.0064415996028,760.0064415996028,723.4113590911685,738.1958618164062,447725
2008-05-13,742.203743606309,794.1375011043777,742.203743606309,776.7503662109375,1111230
2008-05-14,762.9752040204886,785.7358132195434,762.3814731578583,768.289306640625,489535
2008-05-15,781.3815663099127,790.6441903379346,771.8815103425727,785.4586791992188,367980
2008-05-16,787.9128100774685,820.5693314714867,787.9128100774685,810.3963012695312,834610
2008-05-20,802.5588500255067,824.3298669189236,791.6733415787982,798.254150390625,562675
2008-05-21,798.6003881496271,817.3432546939416,789.6940641182185,813.2166748046875,569795
2008-05-22,799.9858673942472,817.4026552591894,795.6316402280729,809.40673828125,375380
2008-05-23,815.423570048965,828.288262294883,793.6525524020266,796.49267578125,400650
2008-05-26,782.1732959879906,801.1734081173479,779.996182189869,789.2488403320312,250780
2008-05-27,794.6420438353365,807.5067344578264,790.683677489955,794.3649291992188,347945
2008-05-28,798.600427288604,813.4443014017751,797.6108356810593,809.9708251953125,241820
2008-05-29,809.486037733012,825.9132363436787,797.8583348682653,803.4000244140625,451410
2008-05-30,811.4651073783547,811.4651073783547,773.8606267925285,781.33203125,340400
2008-06-02,795.433737452679,805.0921613931448,764.9543274306322,766.0725708007812,576130
2008-06-03,763.76684955541,763.76684955541,742.193762926328,750.80322265625,352590
2008-06-04,752.089704053014,760.0064377798878,714.6831492735121,723.322265625,480010
2008-06-05,716.6622031206185,731.3081457871247,682.8181604778296,691.6255493164062,943170
2008-06-06,702.6099893870845,719.4330454710007,687.3702555981756,693.0703125,298935
2008-06-09,636.4063426114909,682.8182134540433,636.4063426114909,672.2196655273438,253635
2008-06-10,666.7472978361142,679.4140592193935,652.1607261838147,667.36083984375,377160
2008-06-11,709.5372788585084,709.5372788585084,673.1203148408664,681.8088989257812,372635
2008-06-12,671.1410266141767,692.7141111382201,665.0055466926914,681.53173828125,562380
2008-06-13,692.7042292685574,696.4745709293818,673.3379139934432,680.9478759765625,377060
2008-06-16,692.5161693735172,706.5485706036837,690.1411858428107,699.0672607421875,361730
2008-06-17,699.1663212895949,734.049427421265,692.7141643168529,728.1118774414062,961465
2008-06-18,732.287874926574,741.7978356612351,705.7866434129371,710.5762329101562,402840
2008-06-19,702.6100753739494,707.3403524789734,677.8702839875427,681.472412109375,241985
2008-06-20,678.8599822676662,688.7163384480496,654.1201869955208,655.6936645507812,232415
2008-06-23,645.8074960756069,668.963965184245,637.2970319210855,654.60498046875,429710
2008-06-24,636.1094880278642,656.0992510446455,579.9205066540296,593.1315307617188,765220
2008-06-25,583.6611165696895,583.6611165696895,559.247908585441,569.9354858398438,791590
2008-06-26,574.4618744771891,605.2054675139455,574.4618744771891,586.8920288085938,1558385
2008-06-27,568.5191258188061,584.1682464599322,545.8675062517262,564.5771484375,701070
2008-06-30,555.4452472208128,564.359311653412,505.3284202584808,510.9937744140625,956625
2008-07-01,509.0920843281736,514.8366910880966,455.70675312576685,470.2267761230469,1255665
2008-07-02,470.66256188297757,554.6528364558143,460.95611910929233,537.3694458007812,1457675
2008-07-03,535.1211696627026,563.5669079501898,497.6028314840702,551.5328979492188,1036025
2008-07-04,539.7960780547425,568.1229673276791,531.08011677479,551.394287109375,788655
2008-07-07,548.7101392182343,564.5573634555841,528.9011089215471,538.3203125,489950
2008-07-08,528.9010041937323,528.9010041937323,506.12062386329063,515.2327880859375,435960
2008-07-09,520.3832314910354,569.5096006914777,520.3832314910354,561.40771484375,747950
2008-07-10,562.5765340458317,574.4421254015468,540.7865978680003,554.4152221679688,553450
2008-07-11,568.5191635492047,568.5191635492047,538.8254467908158,542.6881713867188,538850
2008-07-14,534.6456818094965,561.9821781617551,530.8918925684909,555.296630859375,466880
2008-07-15,544.7483484106781,551.6815092086322,530.0896776711909,534.7448120117188,1030840
2008-07-16,536.8246495647919,548.7100661603223,509.1118392143003,539.9841918945312,1099320
2008-07-17,552.6719506396149,565.5478204573838,542.9952199010431,549.7105102539062,896595
2008-07-18,555.6433134257521,568.4993550582972,530.4858201520896,564.26025390625,722975
2008-07-21,566.5382754992102,581.9892951955158,547.2343848403303,577.70068359375,481990
2008-07-22,580.008349998542,609.127647063497,570.6981425587434,601.1148681640625,572985
2008-07-23,621.6073217200961,708.9453860105153,621.0130750158578,695.9110107421875,1123355
2008-07-24,712.8576656392772,721.8410683374152,651.9152139807527,667.6535034179688,1187025
2008-07-25,661.0273395982904,661.0273395982904,582.3854681830979,591.7650146484375,2315715
2008-07-28,596.4498720950331,604.1753812733019,561.7840715301716,584.722900390625,1521600
2008-07-29,563.3688226872192,604.1754381406332,563.3688226872192,581.6327514648438,1005755
2008-07-30,594.2708764892212,627.6094460612283,594.2708764892212,622.3303833007812,1400840
2008-07-31,623.9844796175654,657.659832485815,607.463754935308,637.7022094726562,1091660
2008-08-01,624.97489144607,648.1514805395948,617.0512795101453,636.2164916992188,846250
2008-08-04,628.9366900308677,652.7075255595935,628.9366900308677,636.1967163085938,387495
2008-08-05,633.8890275248505,649.7362532129717,631.9081243138353,634.9389038085938,381420
2008-08-06,645.7743528640858,671.5260908617333,639.6335417126363,648.0028686523438,962855
2008-08-07,647.7553090080303,668.9509962054468,643.9916052357654,664.7415771484375,630925
2008-08-08,664.5930173392235,683.4115975619437,654.6885014325287,678.5088500976562,1005025
2008-08-11,683.4115266540392,711.1441683153625,683.4115266540392,701.160400390625,702685
2008-08-12,709.5594634449935,716.6906657289747,652.0439388288128,659.8684692382812,1464330
2008-08-13,661.2254246869716,680.0440039687128,656.6693717786537,672.4274291992188,495120
2008-08-14,656.6693483714097,694.900752315859,656.6693483714097,678.439453125,958130
2008-08-18,673.3089086783415,679.4497199873583,653.89608371679,659.3435668945312,683055
2008-08-19,653.3018340329662,657.8579475448107,630.9176526413926,649.726318359375,570520
2008-08-20,657.2635955985038,662.4139555232939,644.8334412811522,649.5380859375,405400
2008-08-21,646.7647820833275,653.6979420750324,628.52068371753,631.1156616210938,364255
2008-08-22,623.984509061936,637.8112351843198,618.061627828614,632.7797241210938,473075
2008-08-25,643.7934709565662,670.5851717728249,643.7934709565662,664.8900756835938,845495
2008-08-26,657.9569731518732,664.5930108348857,646.9629847839866,661.1165161132812,561370
2008-08-27,663.2063210780146,696.2874263994162,659.8388221435183,687.9379272460938,1540285
2008-08-28,683.8077379543347,723.0196788812676,683.6096355643914,710.7083740234375,2322800
2008-08-29,710.1536866839248,756.6850762658238,704.3298273460604,746.96875,2047810
2008-09-01,734.0533437996559,794.1440209144085,725.0105165372576,790.0138549804688,2822595
2008-09-02,789.3898194439699,798.1057802658027,761.8849628520892,774.909423828125,1507100
2008-09-04,772.5323678278384,772.5323678278384,748.9893759819181,755.7442626953125,1464925
2008-09-05,744.819487716292,744.819487716292,728.9722645733921,733.21142578125,812710
2008-09-08,743.8290347137088,762.8258861622339,735.5092184001486,737.896240234375,512080
2008-09-09,737.8863311573825,739.8672340598185,714.1154963281515,718.1565551757812,620885
2008-09-10,703.4186380974336,734.3207357010247,694.4054935513582,700.0313110351562,1370350
2008-09-11,699.2389813509544,721.9203465273,693.3061861079426,713.3034057617188,1355635
2008-09-12,719.8601360828934,732.9341079365585,709.5792447056484,714.5513305664062,886485
2008-09-15,703.2205439759648,703.2205439759648,657.7192010082142,670.9219360351562,1142535
2008-09-16,653.6980062537572,696.8816685465448,640.1486366511447,690.4635620117188,1444420
2008-09-17,692.325617035873,697.2778746684615,651.7270186362907,657.71923828125,1629975
2008-09-18,635.8699251557301,667.564376253835,590.3091517022043,658.4522094726562,1640385
2008-09-19,673.5070460298053,788.3994244701838,665.781536121701,706.3999633789062,3461715
2008-09-22,757.695373132989,762.6476304737274,726.2089427234232,734.2514038085938,1480955
2008-09-23,723.4257351745778,730.9531417213892,685.3923767902457,692.493896484375,918120
2008-09-24,702.626368773018,719.8601898400561,694.3065513941953,698.38720703125,879530
2008-09-25,703.0224379888622,705.2014433030233,668.5745674604951,682.5200805664062,1664330
2008-09-26,688.3637393334662,688.3637393334662,640.8220710053995,656.47119140625,1076515
2008-09-29,653.6979428599695,653.6979428599695,621.0031315303081,645.25927734375,1143825
2008-09-30,626.9558035115906,673.3089219177097,613.0894824228666,669.7532348632812,1374370
2008-10-01,678.459188102673,683.2133425857684,649.7360983873774,660.145751953125,1085595
2008-10-03,656.075110791588,657.4617066476684,614.8722913030765,621.2706298828125,1196235
2008-10-06,603.1849174411843,612.8913293095366,544.7482834033684,550.1858520507812,1429690
2008-10-07,554.2566396180621,572.4809715436492,505.1302690091022,527.0885620117188,2722430
2008-10-08,505.1302766134209,510.082534227278,440.75092763327905,489.7485656738281,2334745
2008-10-10,454.59744218968035,454.60732615091723,392.69422318936233,405.708740234375,2698820
2008-10-13,397.2899022793598,448.67453112121956,397.2899022793598,432.381591796875,1568155
2008-10-14,462.7389458562495,493.0467371145875,451.44777474694484,487.8567810058594,2103770
2008-10-15,475.2186129009598,484.94485378887356,453.6267825053687,459.5001525878906,1831700
2008-10-16,428.8655222656167,431.8368769233461,356.8596823028334,373.16253662109375,2702690
2008-10-17,370.36945099415743,385.28564875672157,316.94449255051643,323.4121398925781,3705320
2008-10-20,364.4861556745175,364.4861556745175,302.21647407794313,340.60638427734375,2608180
2008-10-21,346.65802459950567,419.9514355148297,337.7439611098041,405.8572998046875,3684855
2008-10-22,394.19971541414066,404.1042308768075,356.80025535473226,358.7811584472656,3431365
2008-10-23,344.4790143688619,399.9442975250514,327.83944151247726,378.0949401855469,3636345
2008-10-24,368.19047622519577,391.03028820640714,344.67716439542704,354.9283447265625,2551105
2008-10-27,352.60074458561155,376.37158129924825,301.0972650393986,365.6846008300781,2665075
2008-10-29,391.0302225636911,473.43579575656,362.96083194032866,398.28033447265625,8096125
2008-10-31,423.9132620282236,450.65545379168634,415.9896496538643,443.6529541015625,2970465
2008-11-03,444.11846236900607,529.8915713684651,444.11846236900607,511.211669921875,5244605
2008-11-04,515.4309655612415,522.9583724996102,477.5957075815932,512.885498046875,2799500
2008-11-05,515.3022652590022,558.5948653318828,515.3022652590022,532.8035278320312,3491700
2008-11-06,518.9965668980013,518.9965668980013,473.44571376190737,481.8348388671875,3359900
2008-11-07,475.8129245371615,516.9761192790643,468.6024383718544,505.9424743652344,2744340
2008-11-10,524.9392574773693,544.550183685109,515.0347431853435,540.2020874023438,1992010
2008-11-11,530.8819888467841,532.8827201644322,487.7577233043698,498.2168884277344,2150750
2008-11-12,489.2830796132923,511.0730143329126,473.43585436265937,480.7453918457031,2779770
2008-11-14,507.1111582919313,514.0047223628121,473.8319824837872,480.6264953613281,2219245
2008-11-17,471.45492758226925,491.2639581529528,448.68445661364666,466.156005859375,1730665
2008-11-18,454.41913711012774,475.2186186559268,443.8213241725007,465.7400207519531,2743605
2008-11-19,475.416744171627,477.0014726974356,372.60788533498567,374.39068603515625,3852785
2008-11-20,360.50455987629135,361.51480955856374,321.8967482370773,353.8487243652344,6646710
2008-11-21,346.45996279979977,366.229398795957,327.04713532880527,352.46209716796875,7258195
2008-11-24,346.65805121373734,369.4384374363543,333.1879037499097,364.49609375,6226585
2008-11-25,370.43879719626074,407.8679398421883,370.43879719626074,399.8453063964844,7137725
2008-11-26,408.50188304100743,413.81068940368937,388.6532234097888,406.0950927734375,5144365
2008-11-27,406.0950927734375,406.0950927734375,406.0950927734375,406.0950927734375,0
2008-11-28,396.18064364865455,479.32906832488965,387.48447972961395,453.79522705078125,7040200
2008-12-01,453.4980518242023,469.4740403543049,426.0922740322917,432.5995178222656,5668145
2008-12-02,415.98960945842566,419.9514152627916,392.4465893474056,413.80072021484375,5398130
2008-12-03,419.9514905974648,433.44143694509,397.17110313580986,410.0667724609375,5841735
2008-12-04,414.00872309458833,454.97378223959134,404.3023105766229,444.742431640625,6499475
2008-12-05,444.74243252425225,447.48597227739776,408.3136278345605,417.8417663574219,6865895
2008-12-08,435.7986593013001,442.73181979018443,414.3256780700104,419.0006103515625,5071370
2008-12-10,421.9323488711569,435.32324258301327,411.03738211626785,429.8658752441406,5214700
2008-12-11,433.7979434182361,454.41911994270083,421.932323988953,440.5627136230469,5894820
2008-12-12,428.8655243587871,428.8655243587871,406.48131311607114,413.6819152832031,4857585
2008-12-15,387.59336686687044,434.4120279729662,387.59336686687044,423.06146240234375,3038185
2008-12-16,419.0798181706174,460.5599302754889,416.21742916028217,455.5482482910156,5101550
2008-12-17,493.0071283534945,493.0071283534945,454.8054082907682,461.8475036621094,6702710
2008-12-18,463.7888759073791,528.9011544216677,457.9848138135256,516.678955078125,5316545
2008-12-19,522.8989455391935,549.5024572120735,507.30924925118524,540.2417602539062,5894970
2008-12-22,539.8753709159827,568.1230092238262,532.8233604142329,554.8806762695312,5090395
2008-12-23,544.748347375311,550.6910566194053,511.10273755546547,518.2141723632812,5431995
2008-12-24,509.4882886216422,522.7603027847211,497.6721789569417,507.89361572265625,5231780
2008-12-26,475.4365235559181,513.0241402727095,471.9204327814005,477.05096435546875,4035480
2008-12-29,467.49308714654694,493.2448249978398,465.51218423490906,487.2823181152344,3594235
2008-12-30,482.01309438678334,493.04670754983124,469.49377385922713,475.1789855957031,4531825
2008-12-31,474.62436402766957,491.0658345089903,472.04918411966906,476.0208740234375,3620485
2009-01-02,502.2084345467309,516.6194921704309,497.8009433884147,504.7439880371094,3504245
2009-01-05,497.7018593988058,530.6838809759562,497.7018593988058,524.028076171875,3063810
2009-01-06,512.0634293217794,535.8144371242889,512.0634293217794,523.8596801757812,3669905
2009-01-07,523.8498624461465,539.7961086302399,441.74140265887524,473.2080383300781,4204970
2009-01-09,467.49307168769485,470.46442595689626,390.23786068845715,421.4568786621094,4725030
2009-01-12,409.1852426024883,424.88390528993375,386.5930457771261,394.1204833984375,4699540
2009-01-13,382.35389362518583,412.0278111784578,363.69379157299534,384.3050842285156,4881330
2009-01-14,389.24742221719845,405.68892243242294,380.3333591129878,386.13739013671875,3944055
2009-01-15,347.9555018099412,393.8035085958806,347.9555018099412,383.53253173828125,3580475
2009-01-16,390.2379122167814,416.8018301453142,386.67228057768597,412.90936279296875,4505185
2009-01-19,417.28711976613687,429.657849350081,409.0762683536541,418.1587219238281,5143270
2009-01-20,406.08512491914854,411.82973166899546,378.35248224174325,389.9704895019531,9272680
2009-01-21,380.3333748009554,380.3333748009554,272.70099733575915,311.00177001953125,14039340
2009-01-22,307.0399767208888,361.4058761398097,307.0399767208888,354.3142395019531,16054370
2009-01-23,346.65804634162913,354.3835564267694,334.7726276099161,345.6477966308594,6285300
2009-01-27,341.70579054936434,360.5243703187496,327.1461404267877,340.6559143066406,7579360
2009-01-28,342.7259387704738,355.3739938184143,340.73512153991044,352.224365234375,3856530
2009-01-29,356.5625495459783,361.51480717856134,348.2427627684752,357.8402404785156,4540270
2009-01-30,345.7567058217154,365.2784961588001,338.5363060212449,356.9587097167969,4609520
2009-02-02,350.6198830084931,364.2485073424455,319.12353272701796,337.8034362792969,7106280
2009-02-03,312.98264850699957,338.9720840777353,280.29775166924327,293.9560852050781,7768925
2009-02-04,283.26912430269033,309.02086287566215,277.5641140849157,282.0904846191406,6806925
2009-02-05,277.3264476532318,288.22141523960875,268.4123832643779,275.791259765625,4058530
2009-02-06,277.32643358192456,286.8347744928271,265.89661424882416,279.4460144042969,7276755
2009-02-09,277.3264117143691,319.4800238768588,277.3264117143691,315.74603271484375,8318085
2009-02-10,308.0304225041316,386.2760925292969,308.0304225041316,386.2760925292969,13775835
2009-02-11,366.8632410061119,387.0684461915653,349.2926405200373,361.53460693359375,11685000
2009-02-12,359.53388890335526,393.2092393791516,351.818263375129,387.70233154296875,8010055
2009-02-13,363.82256134470623,423.91327130299476,363.82256134470623,414.0780944824219,9531940
2009-02-16,415.9896421046751,427.65715990513513,400.85554395334276,406.88739013671875,9416565
2009-02-17,388.5739479394036,405.88702118023025,378.1543785946283,397.2701110839844,9277725
2009-02-18,387.3259733986089,424.90370691291815,386.4840835517968,418.88177490234375,11164080
2009-02-19,418.7629201726096,432.78771831452286,396.18063601048544,399.9542541503906,10697690
2009-02-20,394.0016305067063,394.0016305067063,338.7344438618288,351.0556640625,14224480
2009-02-24,348.71819438374695,350.6198748008321,305.05910010919854,310.4867858886719,16422085
2009-02-25,309.02088357765143,334.3764493010542,309.02088357765143,320.8072509765625,10966560
2009-02-26,314.96356212229864,326.848979560876,291.43042592153813,310.8135681152344,16442850
2009-02-27,304.26675018362596,331.20701614991293,293.6193952536084,326.0170593261719,12247115
2009-03-02,317.3406820663389,325.35343176885556,293.2528922437854,318.2221984863281,7373045
2009-03-03,312.9826949611611,324.6105866775294,300.1464511248194,302.83056640625,8972920
2009-03-04,309.02087373210026,317.7170368543602,304.3261432073945,311.2493896484375,7306850
2009-03-05,317.1425903368431,322.8673989412375,301.72125284116044,305.9504699707031,6739860
2009-03-06,301.09724021382806,311.5960316086251,291.9850748010957,308.1195373535156,7372965
2009-03-09,304.0686368213643,308.1492925184127,296.1450241354655,299.77008056640625,4137850
2009-03-12,303.40498983683295,314.96357195625654,301.0972511783081,309.07037353515625,4445245
2009-03-13,320.9062770740112,355.8097772907945,315.01307872245775,350.10479736328125,9307565
2009-03-16,353.5911964753946,385.8799224228659,352.65025543071556,382.1360168457031,9323445
2009-03-17,382.11617888628615,405.07486776497825,378.35247525433334,386.801025390625,9627650
2009-03-18,389.2474191847876,401.1328365644758,384.71116485105887,390.3567199707031,8157255
2009-03-19,393.2587348527511,398.1614816047742,367.65558913448217,383.89898681640625,7110165
2009-03-20,380.3333833908995,391.228350102618,361.71290691952606,379.2042541503906,7703930
2009-03-23,394.1996760731913,403.9060881674363,382.9679602865891,398.9637451171875,7058535
2009-03-24,404.10420434681566,425.40882538071304,401.1427640902793,406.8378601074219,7025255
2009-03-25,408.06600679038814,411.03736120876476,390.435982665159,405.9068298339844,6295900
2009-03-26,414.0087417028464,433.22349543999087,410.0469355621493,424.1905822753906,4882890
2009-03-27,432.8273138321685,446.9115356423449,424.90370167963454,436.1651306152344,4767300
2009-03-30,425.2998533128771,427.87503316885153,396.002312257918,405.9761657714844,3713500
2009-03-31,412.0278184859147,423.6953357907234,402.71758055574793,413.4540710449219,4853685
2009-04-01,415.1972949217204,442.73183546175494,414.404915559234,435.7194519042969,4391845
2009-04-02,445.8219915582381,472.4255326094384,445.8219915582381,463.4223327636719,4180385
2009-04-06,480.3689703047297,484.3307762453873,469.2759015804163,475.0205383300781,4637010
2009-04-08,455.60770601381273,459.5695121530633,435.8184734668307,446.099365234375,3544475
2009-04-09,450.0611757720393,460.5599681888936,415.9896486867426,430.6582336425781,4379940
2009-04-13,432.23302867354766,445.1088981770862,393.8035225534591,404.9361877441406,4378180
2009-04-15,410.04692272816783,445.68337872978503,384.8894605673764,435.6104736328125,8179165
2009-04-16,441.74140707312586,465.51224512190396,434.5012084021969,439.621826171875,7754635
2009-04-17,445.81211290481895,457.1924212637805,428.8655021439117,432.4608459472656,4109795
2009-04-20,435.6005777193028,481.35945122226246,431.1831722887012,469.09765625,7175150
2009-04-21,466.5026215736586,490.867732694716,456.5981073151945,480.6363525390625,8194260
2009-04-22,479.37854685586024,493.73018004286496,466.70077919477325,476.0902404785156,6157750
2009-04-23,479.378512031709,523.8596610015632,469.2560967876121,513.5886840820312,6976070
2009-04-24,518.9965978333897,533.4373979593088,500.3959194483319,507.12109375,6287715
2009-04-27,501.1684793092487,521.5321605563679,495.42387246692783,511.75640869140625,4279955
2009-04-28,511.07298138660383,514.8366850505287,464.541558362654,472.980224609375,4053715
2009-04-29,479.37854263168987,496.2162187158608,473.9310591926934,490.2239990234375,4610430
2009-04-30,492.5713806152344,492.5713806152344,492.5713806152344,492.5713806152344,0
2009-05-04,499.23706768764293,524.9392962650554,460.55994860990705,465.12591552734375,6981015
2009-05-05,463.5312863888854,484.13266480458606,461.74848583940013,471.0785217285156,4637870
2009-05-06,471.45491269079866,481.35942766329447,444.17786999321464,450.1304931640625,4668455
2009-05-07,454.6172490391279,464.52176426873854,443.3261077226081,448.5457763671875,4497965
2009-05-08,445.7031956979781,468.87975582903647,445.7031956979781,459.10400390625,5770275
2009-05-11,461.35229384015565,486.70785813318935,461.35229384015565,476.0307922363281,5427930
2009-05-12,475.4167007836954,486.2720403215927,469.0778174851487,481.36932373046875,3619250
2009-05-13,482.5479720996958,499.1875448371279,477.39761232439616,490.7687072753906,3379625
2009-05-14,485.1231026367253,485.1231026367253,465.53197438618906,474.11920166015625,2875835
2009-05-15,475.4167839225799,485.3213002543003,467.0177431918543,470.6626281738281,2440265
2009-05-18,500.63357766106,544.748293373194,500.63357766106,531.53564453125,27245
2009-05-19,532.8629241327528,559.605115492575,495.4832929932908,530.4263916015625,3927130
2009-05-20,524.9392908000233,538.8056116890805,502.2183311537165,506.7744140625,3073760
2009-05-21,502.7531279466586,536.8246494692106,496.2161427750453,524.3845825195312,3689775
2009-05-22,522.9385462383922,545.7387583550782,517.2137681939599,540.3308715820312,3781010
2009-05-25,544.748395194909,579.3547774822949,544.748395194909,572.1541748046875,3895405
2009-05-26,560.595577210392,580.8008130081083,538.0429760757401,542.5198364257812,2880690
2009-05-27,553.6624405542447,567.5287628579288,548.7101825886432,559.1099243164062,2120405
2009-05-28,562.5764589762431,564.5474478133065,546.04582081816,557.5350341796875,2517560
2009-05-29,562.3783927647374,572.2829085247799,555.6433341383819,558.931640625,1724060
2009-06-01,573.5110466456179,604.1754485513372,564.5573863512495,598.9557495117188,2949135
2009-06-02,602.2242803788623,626.5200252801674,585.7728343148108,620.5377197265625,3869330
2009-06-03,623.9844968763194,627.9463032056929,587.3377883296149,596.7669067382812,2237425
2009-06-04,580.4046363165662,616.8433288371377,580.4046363165662,610.8610229492188,2138435
2009-06-05,621.805478020967,631.6505689572326,592.290033588151,596.0438232421875,1357335
2009-06-08,596.2516997316422,605.5421380287653,553.6622926079535,560.9619140625,1864715
2009-06-09,559.6050820333717,586.5453741792556,554.6528246702445,580.3055419921875,1842515
2009-06-10,584.3663548137955,641.812538846338,584.3663548137955,629.3823852539062,3990915
2009-06-11,638.0883951187016,643.4962814819459,612.2970626335059,621.3002319335938,3893855
2009-06-12,623.9845224420387,632.5023822182362,599.223231868942,604.056640625,2266475
2009-06-15,590.3091462569909,619.6264890713576,576.987560312228,598.6982421875,2061140
2009-06-16,598.4407794623567,625.2919076711111,584.3664405466766,617.1602783203125,2915770
2009-06-17,614.4562828208453,620.0226152009977,569.5095906398941,577.21533203125,2526340
2009-06-18,582.3854831574124,601.9469003212881,552.2757333166286,574.0458984375,2983385
2009-06-19,583.9701610161251,614.0799098069587,578.4434853535618,606.6614379882812,3425980
2009-06-22,611.9009821181365,633.6909171660313,604.4725951699905,609.31591796875,2501740
2009-06-23,588.3876668681227,617.8436873687435,588.3876668681227,611.2274780273438,2241925
2009-06-24,619.7849543575674,682.183400271603,616.060846960796,677.77587890625,6302500
2009-06-25,682.421101917011,711.1441961921828,681.430650390281,703.1512451171875,7594950
2009-06-26,693.3160939790293,711.1442221099186,684.2930947502415,696.9114379882812,3599790
2009-06-29,696.2874427963162,735.7866556249905,689.4137065901612,720.6525268554688,3168240
2009-06-30,726.9914482357564,767.5999623742659,726.0208250474467,750.9603881835938,6730060
2009-07-01,750.9603088131629,863.6340765377342,750.9603088131629,831.0779418945312,10221140
2009-07-02,857.7309773441112,869.6163950440297,834.9803359806505,850.7879028320312,10566085
2009-07-03,841.8837334205502,909.2344320941943,820.2919038774127,884.245361328125,8907860
2009-07-06,845.8555425255905,896.5567600661731,754.1298384857384,770.0859985351562,8268830
2009-07-07,740.867642811032,801.0771682714791,726.1990583829835,751.9309692382812,6494060
2009-07-08,737.2920799617586,747.790841099564,674.5172625310131,681.6386108398438,5377950
2009-07-09,686.4918094602347,790.3802795041239,686.4918094602347,774.315185546875,9463005
2009-07-10,742.1750248819293,806.0888274895846,735.1131009890884,742.7296752929688,7084240
2009-07-13,742.8386910362171,761.4591688010515,683.6294660855541,724.3271484375,7012900
2009-07-14,715.5616158236312,772.1559688564339,715.5616158236312,748.7714233398438,4601060
2009-07-15,752.7431216258792,801.8694906457818,752.7431216258792,794.371826171875,5245680
2009-07-16,811.7740239241645,821.6785389083655,767.1245139010872,773.74072265625,4909290
2009-07-17,778.4949276524635,815.7161142752832,774.5331214048683,798.6209106445312,5927920
2009-07-20,819.8957672299096,819.8957672299096,796.3428612016952,803.791015625,3511045
2009-07-21,758.2204141414974,817.1225395838158,758.2204141414974,776.4050903320312,3115640
2009-07-22,782.4566255674323,800.0866488378472,758.6857913729787,766.3717041015625,3552155
2009-07-23,791.3707782671977,793.9360743477299,771.5617475220863,786.9632568359375,2418455
2009-07-24,797.2539684881317,827.0269357573003,790.3802332147612,821.31201171875,3849825
2009-07-27,824.2537215745815,849.2229643271456,814.2501255028898,840.4674072265625,3360050
2009-07-28,843.8646592572982,860.3061296111791,826.0365326532707,850.3323364257812,2812740
2009-07-29,834.1583065816301,850.7384558379883,814.1511732031953,829.3447265625,2741245
2009-07-30,829.3446208504078,840.8734294663959,799.294298087821,804.8705444335938,3751730
2009-07-31,817.1225581623638,829.8994077982131,807.6142471210577,812.893310546875,2070405
2009-08-03,816.132037653838,823.8575472790208,794.8571587354817,805.8016357421875,2231355
2009-08-04,816.1320010687143,816.1320010687143,776.7120451464012,781.96142578125,2699295
2009-08-05,788.3993896862793,809.9912201776674,782.4566807187948,798.8684692382812,2763710
2009-08-06,796.3230031904653,813.5568834106067,776.9101780399012,781.6544189453125,2567515
2009-08-07,776.5139182417529,789.1916844082896,756.9227600118382,761.07275390625,2009340
2009-08-10,772.552145656396,780.475757406718,693.3160281531759,696.8222045898438,5346935
2009-08-11,698.2683295888191,721.9896558546851,697.2778780574874,709.5396728515625,2828710
2009-08-12,704.2110786848195,726.5952603804927,684.4416432362444,721.7123413085938,4258640
2009-08-13,729.9528256516063,758.666004348192,728.9722883600215,754.486328125,3199065
2009-08-14,757.6953919950112,792.1630918541158,747.7314523954981,781.7237548828125,4346525
2009-08-17,770.5712581978992,770.5712581978992,734.9150046051943,740.3624877929688,2570410
2009-08-18,733.132156670743,761.6175493181657,726.525862594498,749.771728515625,2204020
2009-08-19,760.6668201058827,776.2565184393197,738.6787827467235,750.9306640625,2718140
2009-08-20,757.6953917294356,773.4633625626863,749.969882178745,753.4364624023438,1769880
2009-08-21,761.0629234978098,767.599878930988,742.8385925138593,754.6744995117188,1698075
2009-08-24,767.5998693673262,780.2776357644696,763.6380635899463,773.0968627929688,1567105
2009-08-25,770.3534134783323,825.4224938977143,762.6575858108324,819.370849609375,3983555
2009-08-26,824.0556413911487,861.4946957004184,824.0556413911487,849.44091796875,3982270
2009-08-27,851.7882939141806,866.5856418102726,832.9697153277045,840.7051391601562,2651575
2009-08-28,843.8647035560032,857.5131546564733,819.182668355182,834.1483764648438,2365845
2009-08-31,825.4422919376703,834.1483387296338,807.4160628167537,816.8352661132812,1981410
2009-09-01,823.0652829620466,853.7494543106271,796.1646439952052,819.0044555664062,2917520
2009-09-02,814.1510956487945,829.9983189217636,798.8981190676178,803.8602905273438,2517505
2009-09-03,811.9721107373481,841.8738433191068,809.2087728726186,834.1185913085938,3369375
2009-09-04,839.9028855052377,844.8551430848677,820.6089093197556,825.7394409179688,2324380
2009-09-07,834.9506145309265,848.8169355314401,829.0079055307064,840.38818359375,2123295
2009-09-08,847.8264844451523,873.4989704119704,842.0818778326086,862.60400390625,3064905
2009-09-09,859.4941177325243,861.4947888552086,838.3182577063847,844.2906494140625,1706595
2009-09-10,854.1654416803821,861.4056400993942,827.6212917542681,831.1176147460938,1719015
2009-09-11,841.8837276594633,841.8837276594633,808.6045833117503,814.3689575195312,1992035
2009-09-14,816.3300952380963,824.5706585367717,799.2943182481594,805.6134033203125,1852515
2009-09-15,814.5473151525597,837.9120315351576,812.1702074376517,834.2572631835938,2160135
2009-09-16,847.4303274028609,847.4303274028609,826.0365979673857,831.2067260742188,1275325
2009-09-17,841.3945771819729,844.3677028963968,810.6722781329256,815.240966796875,2060645
2009-09-18,820.5827553103787,827.5200491354665,797.7887898850904,802.9917602539062,2276665
2009-09-22,804.7260848754529,837.4106299024062,799.7708749932149,832.4257202148438,2282815
2009-09-23,830.4931419406605,859.233358069872,825.9343732327661,852.8411254882812,3211925
2009-09-24,846.7462593050872,891.5413066856217,837.4403609539758,883.484130859375,5244600
2009-09-25,880.0452736757363,895.9019452734973,872.1169378768558,881.6507568359375,3168605
2009-09-29,885.9915542494492,940.1024236357655,885.9915542494492,933.9381713867188,4540150
2009-09-30,935.5435975812001,941.252008871704,921.718550328586,930.0829467773438,2929390
2009-10-01,931.579480738258,984.1047067798831,913.9389452219589,976.7412719726562,5437165
2009-10-05,965.2748804663986,1010.4663701819904,955.3644607490844,985.1651000976562,5040730
2009-10-06,991.2402280618167,1010.605167113765,942.4809491920548,957.5447998046875,3582085
2009-10-07,961.5089296971543,994.6096951437778,961.5089296971543,977.5142211914062,3387705
2009-10-08,979.1494401333198,987.0381557790438,952.4903876590264,956.7816162109375,2577810
2009-10-09,961.3106994493758,969.2390351149377,911.7586015396141,916.2282104492188,3100675
2009-10-12,891.9377506963451,946.445057683344,891.9377506963451,937.60498046875,2073085
2009-10-13,936.53466796875,936.53466796875,936.53466796875,936.53466796875,0
2009-10-14,946.4450489642676,964.2838038138559,946.4450489642676,954.3634643554688,1780485
2009-10-15,949.021738154517,967.6533750291317,917.2786962500194,942.0745849609375,1253250
2009-10-16,942.4809431863536,959.685417810793,937.6248131848796,953.2833251953125,1462845
2009-10-20,961.7070676776701,980.9332439192128,923.8492556407656,930.99462890625,3245850
2009-10-21,920.8761637016058,941.4898235296274,902.0463672310133,907.3583374023438,2311175
2009-10-22,911.7586093224019,911.7586093224019,873.1079726228652,879.8470458984375,2447795
2009-10-23,888.9646524432355,924.523243380037,887.9736104672676,914.3056030273438,2981575
2009-10-26,917.7247093393105,944.26478198433,900.2625545732976,932.4020385742188,2721620
2009-10-27,941.4898465494339,951.4002659867964,893.2260917917987,915.3759155273438,1434134
2009-10-28,907.794477858811,921.6690659483561,850.3635814904773,865.8734130859375,1521568
2009-10-29,865.1796775145796,865.1796775145796,795.8067365913029,804.6765747070312,1804408
2009-10-30,839.4125186359917,852.2960637862489,784.9052122310571,794.56787109375,2767272
2009-11-03,800.7618956212706,800.7618956212706,695.215927943467,705.86962890625,2464068
2009-11-04,728.5149249544081,830.4931674432133,684.9090784538098,821.2764892578125,6959274
2009-11-05,831.4841966737335,840.4035742304244,803.0908205895743,829.006591796875,4444293
2009-11-06,843.3767104757654,851.3050461794154,799.3744231251477,811.1678466796875,2713727
2009-11-09,812.6544365579789,817.6096465369909,772.0217147300799,782.8240966796875,2598933
2009-11-10,794.8157225200488,807.6001891349981,702.4010515412526,710.5771484375,6499464
2009-11-11,698.6846192342551,787.6801799127958,698.6846192342551,775.2426147460938,9761499
2009-11-12,740.3083995665548,798.6807995778073,740.3083995665548,784.5088500976562,8101353
2009-11-13,781.4365964531718,796.7977470492709,754.1829421697701,767.1160278320312,4643125
2009-11-16,780.9410652135424,787.8783589400587,763.1023099167863,768.7017211914062,2639750
2009-11-17,772.0216967303646,785.6980638558923,759.4849915803966,773.4091796875,2970387
2009-11-18,773.4091217781977,778.9589322143917,744.272465767186,751.45751953125,3486501
2009-11-19,748.2367252570281,767.8593451594652,738.4253850616071,749.9215087890625,2603699
2009-11-20,741.299427949103,760.129226252623,734.5108143350378,752.6964111328125,2663439
2009-11-23,758.1470725131575,765.0843659871341,739.4659564250228,744.9166870117188,1897120
2009-11-24,747.2456941382582,770.8324824656308,740.3083998955952,761.5167236328125,3106902
2009-11-25,763.1023555601478,770.0396497016037,741.4976516172947,749.9215087890625,2085669
2009-11-26,750.7143385122534,754.6785066364106,731.3890189069875,734.857666015625,1686371
2009-11-27,724.8976097608261,752.200802004687,717.5143355090822,745.1644287109375,2512675
2009-11-30,753.1919886480642,767.8593994872132,745.065431409706,751.9531860351562,1768260
2009-12-01,762.9041350584253,762.9041350584253,741.2994311155721,749.9215087890625,2363930
2009-12-02,762.1113368949359,762.1113368949359,734.4612394884306,740.4570922851562,2435637
2009-12-03,748.2366711839649,751.2097970297289,733.3710419551443,738.0784912109375,1469229
2009-12-04,738.3262841796875,757.15608203125,733.4701542226076,743.281494140625,1972419
2009-12-07,743.2814207447407,755.9667448944382,725.5417466409408,741.348876953125,1929859
2009-12-08,743.2814764976428,750.6152112611134,733.9656577968451,743.6779174804688,1584597
2009-12-09,743.2320311654196,744.8672143289537,727.7221981849235,732.6278686523438,1772679
2009-12-10,731.2402811704206,742.0922026585666,728.9113567751328,735.4522094726562,1028925
2009-12-11,738.3263196954861,744.2230319303325,724.4517311374501,729.307861328125,949350
2009-12-14,730.3979914404248,744.0743596437989,727.1275647704623,730.645751953125,1400225
2009-12-15,738.326308519012,738.326308519012,698.8828480273551,701.3109130859375,1997212
2009-12-16,703.639792522182,717.4152999795964,698.9818832063972,710.4284057617188,1665322
2009-12-17,713.5502461100486,722.8660651851803,708.7932565669958,712.5592041015625,940452
2009-12-18,712.9556163299519,715.5323012526758,698.6845877882777,701.509033203125,894606
2009-12-21,708.3967322052262,708.4958726874503,690.9544191038149,692.886962890625,1028413
2009-12-22,698.6846313476562,705.4237050558817,693.8285012039204,698.6846313476562,704723
2009-12-23,702.6487913468378,727.4248418174597,700.666707309188,720.3388671875,1685914
2009-12-24,728.4158565929911,730.348400555102,711.1717019150207,719.2487182617188,989487
2009-12-29,718.4063806789707,732.1818283907869,718.4063806789707,726.334716796875,730934
2009-12-30,726.9292443700527,730.397891071205,703.6397593766019,714.7394409179688,706376
2009-12-31,721.4785078520131,723.2623711858358,705.7705178310887,707.4057006835938,876126
2010-01-04,707.4057464708792,754.8766810549117,707.1084459773988,750.4169921875,2946999
2010-01-05,758.1471405235205,790.5542264710303,758.1471405235205,781.8330688476562,4154167
2010-01-06,782.9231895045075,786.8873575526316,763.2014292697286,771.873046875,1520933
2010-01-07,775.9858228685442,776.3822638316525,750.2187329648633,760.4264526367188,1096139
2010-01-08,768.0574368317364,782.823984651343,758.5929992239403,765.2825317382812,1270873
2010-01-11,775.9858660041085,794.5679030252797,768.0575302084088,780.1482543945312,1966609
2010-01-12,780.0491343275187,784.90526432489,755.1740043125836,760.5751953125,1190941
2010-01-13,753.1919178621205,758.840869343767,733.5692984154986,740.6552124023438,1371220
2010-01-14,746.4528031284659,747.8898260426549,731.3889535060011,734.1143188476562,1101853
2010-01-15,740.3083204434122,740.3083204434122,720.4874818773235,726.0372924804688,1559855
2010-01-18,721.4785884563142,745.1645168606126,718.4559224018086,726.6320190429688,1156793
2010-01-19,731.3889999107637,741.2994199637551,721.4785798577723,725.2940673828125,1518927
2010-01-20,730.2492106047944,735.3531006605334,715.5322623677966,721.1812133789062,885002
2010-01-21,720.4874859745403,736.3441569175837,713.5997324359759,723.4110717773438,1909449
2010-01-22,718.6044841093359,728.4158234780738,708.5949847439765,710.8248291015625,1113620
2010-01-25,708.396762728247,715.4827367557352,693.7293541943884,697.6439819335938,833957
2010-01-27,693.7293521378391,700.5675656614146,628.8656456152713,639.2220458984375,2003289
2010-01-28,649.1325139837174,662.0160600627836,617.5678502853668,646.9522094726562,2412138
2010-01-29,644.8214805931956,715.3340803144573,634.465079931222,698.1395263671875,3696958
2010-02-01,695.7114153538363,713.2528691206937,663.9980744830061,703.7388305664062,2994680
2010-02-02,713.5502011692253,717.3161484666051,691.8463583549681,702.2027587890625,2014047
2010-02-03,704.1353102761618,713.5502088653575,698.6845795139959,703.3920288085938,1245827
2010-02-04,697.6855752675846,712.1255704361105,676.000777563093,680.5659790039062,1782860
2010-02-05,664.9349661486071,668.9047271405391,635.360258873463,643.2005004882812,1718352
2010-02-08,639.5285221603099,673.8669306254207,639.5285221603099,651.4378051757812,1906073
2010-02-09,652.0332758591029,663.8433396361264,646.0786340704352,654.911376953125,1382061
2010-02-10,656.9954401716708,665.8777924518828,631.1919938809406,635.2113647460938,1845446
2010-02-11,643.1013386411408,655.9534531253398,640.1240176289134,644.9869995117188,1556101
2010-02-15,651.5370183406777,662.9500811143529,635.955694439259,649.3536376953125,1379662
2010-02-16,650.2964369158339,658.9802886106274,643.2004653014484,654.3654174804688,819943
2010-02-17,658.9803372447194,694.2119667209055,657.9878969777847,689.5474853515625,3088823
2010-02-18,693.3187879696858,703.6401915963683,682.7989447366732,691.780517578125,2218221
2010-02-19,685.2799942043513,713.2668214336012,671.0881107113927,703.3920288085938,2157606
2010-02-22,706.6174378580611,727.458682513987,706.6174378580611,714.3584594726562,2667341
2010-02-23,719.5191123898381,722.9926529324098,673.3706451813865,678.68017578125,2856303
2010-02-24,678.680228177018,694.2119420316704,665.7785051657074,685.32958984375,2094246
2010-02-25,692.7232709835772,692.7232709835772,666.5228250435262,672.4278564453125,2298828
2010-02-26,672.8744875603461,691.2346321324204,648.0634813818672,665.8281860351562,3623541
2010-03-02,679.8216194932169,679.8216194932169,665.927455007224,672.7256469726562,1112352
2010-03-03,679.8215609994919,691.730843819921,669.8971586491343,687.9099731445312,1608239
2010-03-04,689.2497865955604,701.6552903139831,679.8712136696832,692.7233276367188,2407922
2010-03-05,694.70820144866,714.557007204336,692.7233208730923,708.9000854492188,2217387
2010-03-08,710.9842206522342,719.0229624626915,701.65525805538,706.220458984375,1221328
2010-03-09,709.5948192462728,714.7059110549588,700.7620762876936,704.5830078125,890787
2010-03-10,705.6250011735068,714.457743420507,695.2043787933073,709.74365234375,1136701
2010-03-11,704.1859825437479,729.4435995687344,704.1859825437479,727.1113891601562,2141664
2010-03-12,726.4662572693811,736.2417694252701,716.1448545213017,729.5924682617188,1333454
2010-03-15,723.4889691534929,735.3982525963487,712.5721259975417,729.9894409179688,984465
2010-03-16,729.9894545053056,772.0193377822712,729.4436244520981,767.6029663085938,3309367
2010-03-17,769.1907779931814,784.7224916171555,760.6558163573435,767.0570678710938,2385555
2010-03-18,764.1789691293981,771.9696006241419,751.2772462739667,761.1520385742188,1029979
2010-03-19,767.1563499912319,770.133670883824,757.4304471901808,762.6903686523438,702950
2010-03-22,759.117587611256,772.7636413391932,742.3453227997835,748.2007446289062,869825
2010-03-23,750.2848731046597,761.9956566283159,748.8458225428176,754.7508544921875,611593
2010-03-25,760.2092544335682,767.7517763316084,754.4035030254217,757.23193359375,951575
2010-03-26,762.1941515299642,777.0807560520338,758.3236101247265,766.5609130859375,981064
2010-03-29,772.7636450118135,774.8973552606197,750.3344584335956,753.3613891601562,538852
2010-03-30,756.2394977137066,759.1672086713111,724.7791285418383,728.6992797851562,857849
2010-03-31,729.443615269637,746.3151002486627,723.4889735123339,742.0972290039062,892644
2010-04-01,749.2924237936337,774.0538213039479,743.3377820151412,771.1757202148438,1289633
2010-04-05,776.0882450113037,778.6685653304372,755.4455007370049,764.7247924804688,705408
2010-04-06,765.2210749059518,770.9276065840129,750.334470528401,753.4110717773438,479052
2010-04-07,756.2394859612608,760.0107468736148,734.4058000148727,741.253662109375,1075489
2010-04-08,734.4058042927077,756.6364907062022,734.4058042927077,740.7574462890625,735994
2010-04-09,746.116609253478,749.7886504970686,734.6043259439095,738.2763671875,565007
2010-04-12,752.2697282728823,752.2697282728823,732.6194229472583,736.6387939453125,548501
2010-04-13,738.3755607337862,748.7961835667227,737.3831204639828,744.0820922851562,525697
2010-04-15,749.2924020400584,752.2697228428666,729.5428164852655,733.016357421875,581070
2010-04-16,734.4057746854853,736.7876554815307,723.2904319268479,727.2601928710938,431170
2010-04-19,722.4964830902634,722.4964830902634,689.8451754903405,695.8494873046875,894260
2010-04-20,709.4955456818042,711.5796459383181,697.8839828592752,702.3003540039062,626701
2010-04-21,704.6326203779741,712.7706430379344,694.7082172740589,698.677978515625,487115
2010-04-22,695.2043683663442,707.8579810668023,692.87215809811,696.8419189453125,544028
2010-04-23,699.6704307517277,711.33160459759,698.2809900639973,705.6746826171875,567956
2010-04-26,709.5948192462728,711.8774198367906,697.2389253138781,704.5830078125,416545
2010-04-27,702.64771155057,706.5678627339984,694.7577992849349,701.9033813476562,459371
2010-04-28,689.7459513862166,694.708152475326,682.8484797576056,685.0318603515625,646493
2010-04-29,689.6467019104855,689.6467019104855,661.1636567702021,667.1679077148438,1681663
2010-04-30,669.897212772579,684.1387070664665,669.797992970557,677.3405151367188,708543
2010-05-03,674.8594183868954,697.2885454155481,666.0763457741542,689.4483032226562,1093183
2010-05-04,617.2978391106541,701.5560410579893,617.2978391106541,670.74072265625,603239
2010-05-05,666.9198666204937,677.6382095050022,653.2242029028581,674.660888671875,560481
2010-05-06,676.8442374661322,679.6726678946674,656.0029926174683,658.5833129882812,600650
2010-05-07,650.0483319897305,654.712813051581,613.427264324476,618.3894653320312,1017273
2010-05-10,633.1768712074917,643.547883798915,628.3138898166821,639.8262329101562,919715
2010-05-11,645.0861244803092,648.0634450548337,623.2524402671295,624.7907104492188,667683
2010-05-12,630.6958218822572,632.1348724576354,608.3659147345769,614.320556640625,1119028
2010-05-13,624.2449470672,637.5932811820352,616.3054246879668,622.7562866210938,1302353
2010-05-14,617.2978449089901,620.7713858369345,597.4490396064502,599.78125,1124158
2010-05-17,597.4490462340515,598.9377066482559,579.8828412316896,586.4329833984375,616575
2010-05-18,595.4641847438987,595.4641847438987,568.1720762764701,570.3058471679688,1045563
2010-05-19,565.690993952977,579.0889385466002,545.8917970498726,550.06005859375,1084014
2010-05-20,551.796764633677,560.7287266511286,493.3420414879514,499.64404296875,3294383
2010-05-21,496.2201376620338,496.2201376620338,467.9355898152978,481.2342834472656,2397860
2010-05-24,490.9602284708119,506.144552944394,476.4705940350289,481.283935546875,1766742
2010-05-25,476.3713518531371,483.9635142159215,443.22385134406466,446.84625244140625,2728301
2010-05-26,456.52253646837096,463.6681187191474,436.97145050921495,450.6671447753906,2806239
2010-05-27,456.4729205439774,465.4544929955601,439.25407556661764,458.3585510253906,3610869
2010-05-28,466.2980539823057,484.3108383257772,464.95825359759556,478.8524169921875,2516875
2010-05-31,482.3259805529526,534.4290957361419,476.76830887603757,530.9059448242188,5994109
2010-06-01,532.0472564334646,554.2779448801834,510.4616784546929,537.257568359375,7950548
2010-06-02,538.8950861216875,556.7590116284838,534.0321043931156,549.464599609375,4413921
2010-06-03,556.957494907153,560.7287558405345,536.9597991198013,540.1356201171875,3426327
2010-06-04,538.1011723632436,550.3081766097187,519.1455252466827,547.7774658203125,4256567
2010-06-07,499.69369009562155,542.2694031138045,499.69369009562155,537.3568115234375,2100710
2010-06-08,544.8496767797196,548.5713275773953,534.3298347544537,538.4484252929688,1893494
2010-06-09,538.79582310904,546.8345647128897,535.9177222231588,538.9942626953125,1046817
2010-06-10,534.8757000311047,546.8345932682284,532.4938191340127,538.5973510742188,1313213
2010-06-11,544.7505038475985,556.7590072249109,542.8648430517402,547.13232421875,1868365
2010-06-14,549.1668286178439,556.6598015170671,540.8799761485541,546.933837890625,1106585
2010-06-15,550.8043172621789,555.2206883171378,530.9555130365147,534.329833984375,2001003
2010-06-16,540.8799325046073,540.8799325046073,521.6762380295839,523.8595581054688,1859166
2010-06-17,525.9933226915466,528.672923431328,514.1336498104505,516.1185302734375,1955017
2010-06-18,517.0613476411689,526.4895296039157,510.1142661949344,511.95025634765625,1155631
2010-06-21,521.0310838827485,528.3254948276108,517.1109331368825,521.8746337890625,1078538
2010-06-22,521.8746510365273,524.603861566111,516.0689001394553,517.0613403320312,825265
2010-06-23,516.1681677442823,539.7386245014007,511.1067465227791,536.8109741210938,2216054
2010-06-24,536.9101699870982,549.3156729904971,536.3147300724332,542.3685913085938,2026662
2010-06-25,541.8724058089717,545.8421670236895,536.1162641623808,538.3988647460938,727065
2010-06-28,540.2845599372396,541.6243302029725,528.5241052459329,537.257568359375,817991
2010-06-29,538.8950818535197,547.4300441874461,531.9976096671642,534.5283203125,802705
2010-06-30,525.99333730569,534.6771895725293,525.99333730569,528.5240478515625,709771
2010-07-01,525.9934074644367,536.3148117649387,522.619085904031,524.7032470703125,603835
2010-07-02,525.1994017515626,531.4517633229658,520.0387002450683,522.3709106445312,424420
2010-07-05,496.3193434269195,532.3449403763155,496.3193434269195,524.504638671875,476982
2010-07-06,525.0505155227347,528.9706667248446,522.3213047657115,527.5316162109375,532679
2010-07-07,528.9210410925766,536.5628430996783,523.1648997819174,525.1497802734375,1264288
2010-07-08,532.9403859224709,535.7192063600183,526.6880247945536,528.1270751953125,537771
2010-07-09,528.1271695388593,541.8724444966822,528.1271695388593,539.58984375,1451828
2010-07-12,542.8647942237259,578.8903616890892,539.9866933886549,572.6380004882812,3502856
2010-07-13,580.5775557839793,602.2127414745132,577.600234985087,594.1243896484375,4567238
2010-07-14,599.3346923596922,605.2893338711696,591.3951703443892,595.1168212890625,2676132
2010-07-15,595.1168719488035,621.0691504012839,590.502000155066,617.1986694335938,3499070
2010-07-16,617.297894495544,630.1500090760777,606.1329406160024,624.939697265625,2377360
2010-07-19,619.2827236887106,624.1953151019521,609.3583210654941,612.6333618164062,978417
2010-07-20,609.3583329312439,620.0270659589489,597.846049893638,600.0790405273438,953796
2010-07-21,604.3961282734597,615.3129713128818,600.5752574391609,611.6409301757812,830960
2010-07-22,605.4877804806791,623.9968156228886,605.3885606838362,619.5804443359375,1092286
2010-07-23,623.7487379883198,625.1381786588438,606.0833124957634,608.9117431640625,524039
2010-07-26,608.9117288928591,620.1262920749654,604.3961376801136,611.9386596679688,613846
2010-07-27,613.0799622120634,622.011924429641,611.4424115760094,615.1640625,736231
2010-07-28,614.3205332750562,625.7335964942213,611.6905423037496,614.2213134765625,827322
2010-07-29,614.8167469371119,621.2676086886715,611.4424257914127,614.9656372070312,576686
2010-07-30,615.3129357770702,617.5459262698096,600.5255522845431,603.0066528320312,501820
2010-08-02,605.5870441203431,618.9849873063075,603.8998836043985,615.9083862304688,682599
2010-08-03,620.2751800687937,620.2751800687937,600.9225944506474,602.4112548828125,548541
2010-08-04,604.396115687003,613.0303580258523,602.6593452396265,607.47265625,459732
2010-08-05,610.3507208416106,618.2902424135341,603.4532493612537,608.862060546875,706121
2010-08-06,603.3044536435618,615.9083963896295,603.3044536435618,610.5492553710938,461932
2010-08-09,613.3281315713418,654.7129059620224,612.4349110337276,650.1476440429688,3118006
2010-08-10,560.232497860244,689.24972500255,560.232497860244,682.94775390625,3927960
2010-08-11,696.6930799553147,696.6930799553147,610.3507751745279,615.2633666992188,4960078
2010-08-12,605.1900654071575,607.7207759845709,576.1611874676432,579.7340087890625,3040823
2010-08-13,580.5775510732956,593.2807742640817,576.3596799757546,582.0166015625,1660344
2010-08-16,583.5548873664184,590.5019693588757,570.7523834651049,574.6229248046875,902070
2010-08-17,576.1115988625597,582.363960688954,549.911150498742,557.7018432617188,1607751
2010-08-18,558.743868779388,578.394173897022,558.743868779388,571.7448120117188,1749268
2010-08-19,572.6380256753347,588.9140700453452,570.2561448399077,583.802978515625,1512743
2010-08-20,585.5397549865288,585.5397549865288,566.6833899954372,570.4546508789062,994400
2010-08-23,569.660676865321,582.1653992011601,566.8818564099948,577.2528686523438,769188
2010-08-24,579.2377860990855,581.3714963290165,560.877641158475,567.3781127929688,1070420
2010-08-25,569.6606886383186,573.4319493751823,560.7287266213415,563.1602172851562,775082
2010-08-26,566.0382347658267,577.5009673510513,557.6024932010678,561.5226440429688,1543837
2010-08-27,565.6909083671076,570.1568892226375,553.8808458752097,556.9078369140625,702070
2010-08-30,570.6532098528646,574.6229713127107,546.1895306270625,552.6900634765625,606494
2010-08-31,547.8270213322068,551.6975625602479,534.3794679776599,541.3761596679688,806772
2010-09-01,544.1549575442641,552.094479260974,538.8950365216924,545.3955078125,932472
2010-09-02,547.9262160924948,553.3846372512902,542.9144051432585,545.6436157226562,759674
2010-09-03,550.5066618124354,560.5798947929219,545.9413999614078,553.6328125,972411
2010-09-06,557.7514453730754,565.6413578271773,555.9154550581973,559.9844360351562,656360
2010-09-07,561.8203653246087,573.1342076797314,560.033985103732,565.6412963867188,832934
2010-09-08,566.6834171467422,574.622939628658,561.9197157723426,565.9390869140625,713467
2010-09-09,569.2141204269943,572.2410512191443,558.8431072049981,565.3932495117188,594479
2010-09-13,568.6683103234201,571.6456313198778,564.9962689797055,567.2788696289062,406607
2010-09-14,568.1720453608393,571.1493661225555,561.7211837104543,564.0037841796875,418130
2010-09-15,563.8549403758328,583.0090246821421,560.9272295853262,572.6876220703125,1296711
2010-09-16,577.3663279586018,589.0132125879888,574.3799504001953,577.913818359375,1645176
2010-09-17,582.3435970880928,600.6600695732105,580.3526788074497,591.8502197265625,1879905
2010-09-20,597.2755315136527,606.0355604909178,593.3932162556104,600.0628051757812,1088844
2010-09-21,602.3523075219757,617.1846731641218,592.2981944075041,615.6417236328125,2071238
2010-09-22,617.184667216807,621.465129370097,600.2618618253784,607.1305541992188,780714
2010-09-23,608.7232773377425,613.0037395811573,600.4112176413205,603.8953247070312,534398
2010-09-24,603.298015692557,614.8951392852313,602.3523173328015,613.3023681640625,597637
2010-09-27,615.1937655967498,629.1301939436017,614.1983064291176,623.6054077148438,982132
2010-09-28,624.1529002066286,628.1347368905624,609.3205342557727,612.406494140625,671851
2010-09-29,613.4019789655686,620.0217462746597,603.5966692664961,607.1803588867188,541771
2010-09-30,607.1305958294665,620.668816767708,598.5696101778656,605.5875854492188,1006475
2010-10-01,606.4337275245938,615.9901110801915,606.4337275245938,609.4201049804688,415132
2010-10-04,612.2073933764133,614.9946669182331,602.3523232286149,607.777587890625,565467
2010-10-05,599.2664307915286,627.6370176313268,599.2664307915286,622.8588256835938,1468806
2010-10-06,632.0668165819591,638.4875404251516,622.2117464265468,630.8722534179688,1134416
2010-10-07,635.102945004201,645.8538917962447,623.4560606636514,630.722900390625,1342456
2010-10-08,636.0486493829404,638.8856837167351,620.2705850697492,625.1981201171875,544590
2010-10-11,632.6143250124187,634.1075138204733,622.7592545760558,627.0895385742188,340234
2010-10-12,627.1392354779099,635.998845806116,622.6596695102105,629.2296752929688,686969
2010-10-13,634.0577713653404,637.8902651137463,629.1302360045257,632.365478515625,470846
2010-10-14,634.2070357177411,637.7907253134586,621.813617211825,625.84521484375,366450
2010-10-15,627.7365295577576,630.1256558737516,617.1846866377978,621.4651489257812,378223
2010-10-18,617.3838112775754,623.0579408993771,608.2255744372299,615.5421752929688,284515
2010-10-19,618.180100882879,628.9310470075026,607.230050786725,612.356689453125,283687
2010-10-20,612.3567906711197,615.641794091352,605.7867230726432,607.9767456054688,215599
2010-10-21,610.216442801453,614.9946344434037,607.3295870396478,610.7141723632812,274873
2010-10-22,612.2073853432986,621.6144865867602,609.768498241956,611.7096557617188,350259
2010-10-25,611.7096499405462,618.4289992279323,600.3613912853147,603.198486328125,371832
2010-10-26,606.1351219850014,608.7232915625224,592.2982150117757,594.4384765625,622399
2010-10-27,594.786854103904,594.9361972826136,574.4794627317148,576.5202026367188,554860
2010-10-28,578.3617461830057,583.3390417611727,550.8870988947249,555.4661865234375,1216888
2010-10-29,557.3576015939773,562.434418948541,543.3215911441755,547.9505004882812,588428
2010-11-01,554.172108254571,557.258007245638,543.5206834421085,544.964111328125,476464
2010-11-02,547.5025293699383,549.8916556194816,535.7561236186932,546.3577270507812,573794
2010-11-03,552.4798697412639,556.6608106368537,544.0682271404481,546.4075927734375,682401
2010-11-04,547.5025412840885,557.2580289590038,545.611144565541,548.0997924804688,1137704
2010-11-08,553.9730842122102,555.2671691126758,545.5116804102267,551.4844360351562,373021
2010-11-09,552.4798581821261,568.3076838278442,550.3894181570726,564.0271606445312,1346945
2010-11-10,567.4117271726292,570.398104684064,559.4480538088028,561.2398681640625,723853
2010-11-11,563.4298738606716,567.0135024654177,555.665304711719,557.556640625,611958
2010-11-12,559.4480617882633,562.3349177270283,491.7568372302528,509.87420654296875,1100127
2010-11-15,505.6932481891225,513.4578174073546,485.78406518955074,506.6389465332031,2518416
2010-11-16,509.675099578152,555.1675962038188,509.675099578152,550.389404296875,3818187
2010-11-18,553.7739554558739,566.416299781869,532.6702077060723,562.0362548828125,2235101
2010-11-19,565.4207926356632,616.1892088758373,558.7512042329023,602.1532592773438,5883812
2010-11-22,602.7505253410661,631.5193195573268,579.8052037038785,627.33837890625,4017399
2010-11-23,625.1483416653995,625.1483416653995,601.1079790640777,613.7005615234375,2323237
2010-11-24,612.2073823867468,618.8769708993092,582.3436076361738,587.0222778320312,1691926
2010-11-25,587.3209298984239,602.2528179466889,536.5525105343228,544.66552734375,1906051
2010-11-26,546.6066107004518,561.1403511637302,503.90144839062856,537.5977172851562,2022367
2010-11-29,532.5706690366632,552.3803313096412,524.8060994714684,543.9686889648438,789976
2010-11-30,545.3125307563176,568.2080920686253,531.5752061205345,562.633544921875,868132
2010-12-01,565.2217244422127,580.2531948923796,558.4526139998765,573.0858764648438,781662
2010-12-02,577.3662907194338,592.2981775483846,576.3708315975038,582.6422119140625,592120
2010-12-03,582.2440719855045,587.221367657263,559.796419899471,567.162841796875,525477
2010-12-06,572.339290651036,578.7600147711939,550.638291808138,557.6065063476562,532858
2010-12-07,557.6065302815995,572.3890760288798,546.059166379949,567.66064453125,799634
2010-12-08,568.4072030704009,568.4072030704009,550.090729491374,553.3757934570312,522385
2010-12-09,555.4662606941365,556.9594495669702,510.2723865064989,514.751953125,946678
2010-12-10,518.6342475193977,529.5842988105942,500.7159817701671,510.3719482421875,1181373
2010-12-13,517.5391968445174,520.4259917041428,505.74297036353033,516.7926025390625,949874
2010-12-14,521.3219861526552,527.4938452372459,509.77462317806453,514.8515014648438,1609464
2010-12-15,516.643294923334,520.5753706875498,497.72957121708475,499.7204895019531,1619341
2010-12-16,499.72050454142226,516.543788858071,493.7477495070626,510.8696594238281,1003855
2010-12-20,510.62075333223635,525.5028789074656,505.8425314638046,519.4305419921875,1132662
2010-12-21,520.6251716026893,523.1138196505033,513.6569570688101,517.6387939453125,1065665
2010-12-22,517.6387333535109,522.8151328386464,510.81986280388173,513.90576171875,515643
2010-12-23,515.6976080525485,526.3987940716481,505.49415161573245,512.2135009765625,1112644
2010-12-24,512.6614636637391,521.4214920562953,506.68870874726844,518.9826049804688,968634
2010-12-27,521.6205667251048,525.4032991413584,516.6432712410867,519.7789916992188,717528
2010-12-28,519.778989263943,523.1137529194106,516.1953000774394,518.1862182617188,321188
2010-12-29,518.0867523553037,523.5120171423365,515.6976259741125,519.9780883789062,459997
2010-12-30,521.0233438060638,537.4484197934487,518.5346959291874,525.2042236328125,2343746
2010-12-31,528.6883764115645,533.3670469765715,525.6024770803949,529.33544921875,661267
2011-01-03,530.4802510572164,546.3080164515168,530.4802510572164,540.8827514648438,1382756
2011-01-04,546.5071136614405,548.0003024965811,535.5570622037432,538.5932006835938,581523
2011-01-05,541.3306789035296,553.0273240302265,535.5570279287612,541.181396484375,1097513
2011-01-06,545.810214031603,545.810214031603,527.5933245980261,531.6746826171875,542261
2011-01-07,533.6158787659857,534.0140867393067,504.89690586188965,509.1773681640625,632409
2011-01-10,510.2225710503956,512.760979710745,483.643830187965,485.68450927734375,1038970
2011-01-11,487.77499947051035,500.71596884421774,487.77499947051035,496.2861633300781,837007
2011-01-12,500.7159526393273,514.4532767629206,495.83820887828347,512.41259765625,1043825
2011-01-13,512.6614863914032,525.5029343343133,509.0280663986047,514.6524047851562,1035048
2011-01-14,513.6569214617789,515.5483181502083,494.7431976095041,498.3766174316406,656911
2011-01-17,506.6887189588063,507.6841781316134,487.1279522889477,489.815673828125,542080
2011-01-18,492.8020614223917,502.2091629493578,492.8020614223917,500.26800537109375,424351
2011-01-19,505.1955299357402,507.53486506641565,492.8518422751798,498.0780029296875,502391
2011-01-20,495.7386777592448,503.6027993025164,488.4220466201299,491.2093505859375,524450
2011-01-21,488.5713292515506,497.53046142887,488.5713292515506,489.9649963378906,317112
2011-01-24,492.7522927944113,518.634231405835,492.7522927944113,515.7473754882812,1060122
2011-01-25,517.539285064001,526.4485966880391,506.5892030051174,511.1185607910156,732619
2011-01-27,517.6387674647495,517.6387674647495,488.0238572107567,489.46728515625,754897
2011-01-28,494.74321867644977,494.74321867644977,464.58081729506046,472.6440124511719,656499
2011-01-31,471.84763785584335,473.8385561590325,450.7438916904367,472.3453674316406,726933
2011-02-01,473.83855725175584,480.60766734660854,454.92483332784127,459.10577392578125,522617
2011-02-02,463.3862483579534,468.9608258425715,457.214389289447,459.603515625,612864
2011-02-03,459.5537330110455,465.87490499868744,451.93847621667544,458.9564514160156,741224
2011-02-04,458.9564627499296,471.3499422315912,448.05620248221953,452.8841857910156,561017
2011-02-07,454.7257230686479,459.0559764040982,442.6806917760417,444.8209228515625,554447
2011-02-08,447.9566186709593,449.4498073998625,424.214911805598,426.5044860839844,641529
2011-02-09,420.0837940486846,425.8574454171831,391.81275806054566,399.6768798828125,870294
2011-02-10,400.27413621568803,418.0928491886415,384.2472375876562,410.6766662597656,1073113
2011-02-11,407.1428035923828,437.9024861009455,399.47775577412784,434.4681701660156,1455012
2011-02-14,438.0020324307463,490.26363857305125,438.0020324307463,478.3678894042969,1532120
2011-02-15,481.6031208633596,489.86544997133996,469.85671513654677,477.4222106933594,1287359
2011-02-16,477.8203925440523,487.27725447982,471.05128246794584,480.607666015625,591746
2011-02-17,479.81133839118,508.4805514380555,475.6801887526169,504.5982666015625,2075624
2011-02-18,508.67963543098216,517.0415167549678,481.8022378641788,486.9786376953125,1671523
2011-02-21,490.6120512625844,513.6569246553322,482.29996123160555,509.0280456542969,1331604
2011-02-22,504.6978000494525,509.6750959079284,476.1281096701998,486.5306701660156,1782617
2011-02-23,482.7479246036889,492.75227686108576,479.8113079738249,483.99224853515625,898070
2011-02-24,485.784081831544,496.2364032643948,473.8385716225716,486.779541015625,1436486
2011-02-25,490.7613654656661,500.11867548596547,478.7163035640348,493.2997741699219,770136
2011-02-28,499.72051496317147,501.4128077431343,462.1419304216182,465.62603759765625,2524558
2011-03-01,470.8521797307544,478.4176753751675,465.6757799795764,473.1417236328125,1282718
2011-03-03,471.84764843592563,477.2729130853661,458.9066791750247,461.7437438964844,1363490
2011-03-04,465.8748683823179,471.25034155708283,461.99258388826553,464.4812316894531,807223
2011-03-07,457.91123456080123,462.88853058863606,438.1016024458196,439.4952392578125,1330363
2011-03-08,439.99296435034086,452.7348298993827,438.99750515497806,449.1014099121094,1604898
2011-03-09,454.9248656504888,456.71668010319956,447.0607438518064,450.3955383300781,673895
2011-03-10,447.9566376218886,447.9566376218886,436.50885688266254,438.79840087890625,994007
2011-03-11,437.8029189746982,438.0020229549149,411.32373007198913,413.8123779296875,2472800
2011-03-14,408.13824890064313,423.9660432090384,405.1518714696628,419.5860290527344,3040222
2011-03-15,408.73553552605296,411.2241834160326,398.1339015905403,403.75823974609375,1429106
2011-03-16,408.08848968191234,415.1064645204046,406.89392655327424,409.6314392089844,1463257
2011-03-17,407.0432706417363,417.89377010817344,406.6450930279138,410.4278259277344,1193546
2011-03-18,415.1064858819554,415.50466348565766,405.64962349375736,408.2378234863281,731827
2011-03-21,412.1698551153725,413.01600148142046,402.71299304790176,403.65869140625,623450
2011-03-22,406.3962023352888,415.00691799910925,404.703909610583,413.61328125,900390
2011-03-23,411.62235429680396,419.9344441897224,410.6268951570293,414.26031494140625,975341
2011-03-24,417.0973932347591,422.5724186829481,413.6132861313662,420.0837707519531,1099827
2011-03-25,422.97059192754654,427.848335746348,420.3823920301204,423.9162902832031,940089
2011-03-28,425.06105596037924,431.48177961302105,423.0701376654829,424.9117431640625,733023
2011-03-29,426.05652516117993,432.8256353719526,423.61763804078225,429.59039306640625,896304
2011-03-30,433.0247466092227,435.41384258367975,428.1470026657471,430.6356506347656,537431
2011-03-31,432.77587947419244,435.46363141781296,415.0069269955986,417.4955749511719,1440281
2011-04-01,413.1155572749665,431.0338224097843,413.1155572749665,429.1424560546875,962119
2011-04-04,432.02928472640923,452.63530193293377,430.53609595431334,450.09686279296875,1310903
2011-04-05,452.933941103019,462.3410428006065,443.0291097998238,460.44964599609375,1404413
2011-04-06,465.0287541227913,471.34992604952015,457.91122699636594,462.7889709472656,982778
2011-04-07,472.8431128947652,472.8431128947652,456.61714033018836,459.951904296875,477827
2011-04-08,469.0603594665238,469.0603594665238,443.9747769576732,449.3502502441406,527682
2011-04-11,464.28212949433095,464.28212949433095,438.0020146888031,442.5313415527344,407752
2011-04-13,438.15136467293496,467.5672025200697,437.8527390618998,465.42694091796875,1189813
2011-04-15,461.8930613582349,472.64400839342005,456.0198582486615,462.4405517578125,745191
2011-04-18,461.94281626759556,477.72085020773034,453.03347491229766,455.1737060546875,1154439
2011-04-19,453.92938263378466,462.5898895856357,449.3005035577276,458.4587097167969,551236
2011-04-20,462.73920259807284,466.8703520898046,453.9293828421128,464.2323913574219,425181
2011-04-21,462.9880504740714,467.8657941672487,458.9066619385141,463.0378112792969,311947
2011-04-25,465.87491285790674,467.46765367852095,452.98370386547185,457.5130615234375,336267
2011-04-26,446.5131991920409,464.68032907058614,446.5131991920409,460.9473571777344,411320
2011-04-27,466.8703478644876,477.27290827874094,462.8885112089269,473.83856201171875,1300496
2011-04-28,476.824956246808,481.0556578418997,461.29578666902347,464.7301330566406,1191837
2011-04-29,466.87033809778967,479.8113069576431,462.8885015255271,474.9335632324219,834405
2011-05-02,472.84310908949016,479.5126977271958,451.2416327963269,454.2778015136719,640391
2011-05-03,451.5900508400933,457.51304511149965,431.97952322545154,435.2645263671875,948343
2011-05-04,426.0565235743619,442.9793294172688,426.0565235743619,438.3006591796875,463853
2011-05-05,440.4906741677456,446.6625330534484,428.047434784476,431.4817810058594,459023
2011-05-06,433.0745030588151,443.6761676033484,432.02928307394717,440.2418212890625,725422
2011-05-09,443.97479344928075,447.45890057276165,435.2645256405785,438.99749755859375,376728
2011-05-10,438.00202367359327,443.87522655159785,433.0744887556645,439.3956604003906,393570
2011-05-11,442.33228091737334,442.7802193090305,434.2192948924451,438.0517883300781,281297
2011-05-12,434.11976194357214,442.9793427222157,428.04745476528706,433.82110595703125,325793
2011-05-13,414.31010818103164,444.4725081142259,414.31010818103164,439.3956604003906,384234
2011-05-16,437.00658117590814,438.9477387336439,428.0474485322107,429.04290771484375,294258
2011-05-17,429.0428872897151,433.7215573769578,422.6221637157972,426.70355224609375,474618
2011-05-18,427.54973114136317,433.5224864075987,422.0747054806472,423.7669982910156,447372
2011-05-19,424.5633343669428,428.04744144850036,419.08830895306664,420.97967529296875,356125
2011-05-20,419.08830397677616,421.97512944855913,410.22872357895835,414.5091857910156,735820
2011-05-23,409.63144744276576,414.40963929535724,406.2966531557057,411.4730529785156,507993
2011-05-24,410.22872531582357,420.0837649097057,410.22872531582357,418.590576171875,372654
2011-05-25,416.5996669526419,430.03836588659806,415.4548949711055,428.2465515136719,542523
2011-05-26,430.0383721713362,437.20569052579333,426.056535391972,433.0247497558594,553184
2011-05-27,434.51791782699576,477.27290035813724,434.51791782699576,469.50830078125,1587019
2011-05-30,473.8385670545214,490.26364343351213,467.96536400086467,473.29107666015625,2191407
2011-05-31,476.82496115163525,477.2729299473251,456.6171513588148,459.6532897949219,990815
2011-06-01,462.8885037688087,462.8885037688087,451.9384531420196,452.9836730957031,972177
2011-06-02,448.10594533291726,465.2278554390448,445.06980697514047,457.9112243652344,810093
2011-06-03,458.9564312888711,467.01965652065866,445.6172846868659,448.35479736328125,782827
2011-06-06,445.9657064783624,455.67143334926425,439.79384749603395,447.80731201171875,589745
2011-06-07,448.45436540630504,449.15119899139023,440.2418270831041,441.7350158691406,788129
2011-06-08,442.97934037767794,443.77569557956446,435.1649796457766,439.2463684082031,1070269
2011-06-09,439.54499321469956,452.7846186697584,438.00204362172445,448.75299072265625,1240728
2011-06-10,452.18730720585603,453.33207912298195,432.0790207437253,434.26904296875,931963
2011-06-13,432.0292964490351,433.6220372582886,425.459259597742,428.7442932128906,471616
2011-06-14,430.0881165844674,434.916099571204,426.404935931361,429.3415222167969,477301
2011-06-15,429.7894804003684,433.42290015771533,424.3144551723382,427.1515197753906,402471
2011-06-16,425.06109443044755,426.0565536679896,416.20151329212445,417.6947021484375,509235
2011-06-17,420.2828783689509,423.07015192414394,412.319204920967,414.2105712890625,558067
2011-06-20,417.09736727681303,417.14712808073483,378.2744619694247,394.7492980957031,1045253
2011-06-21,401.1700274976382,409.13370050007273,393.60453206952513,396.24249267578125,972236
2011-06-22,398.63164273259747,402.21527149492493,388.72681169154447,393.9529724121094,566316
2011-06-23,394.20185574469826,396.04346139910456,380.5142913091185,383.1522521972656,660198
2011-06-24,385.44180472537045,398.8805035883505,385.44180472537045,395.2968444824219,775404
2011-06-27,394.2018216229389,401.07048365117447,388.22906674986405,392.3104553222656,889798
2011-06-28,394.2018486126889,397.9348206639454,389.72228215118105,392.4100341796875,643488
2011-06-29,394.2516161555338,404.35555165004536,390.9666128459223,394.6995849609375,1523785
2011-06-30,397.1881881786005,399.0297936231487,389.22451523266363,390.12042236328125,887854
2011-07-01,393.7041013317433,397.1882084231746,390.31954623301056,394.94842529296875,618197
2011-07-04,396.8895750723156,409.1337104600294,396.8895750723156,404.6541442871094,1902996
2011-07-05,406.14735714524824,412.0205604007145,399.6768722887676,401.12030029296875,1323715
2011-07-06,401.1700592587134,404.85327046554397,396.740253648796,398.2832336425781,725245
2011-07-07,400.22436340223584,404.95279465178373,397.18822496202256,403.1609802246094,1027452
2011-07-08,405.1518672313117,406.1473263645582,390.0208762543647,391.6136169433594,913537
2011-07-11,392.2109185837535,394.102284957976,385.79019469391557,389.42364501953125,858321
2011-07-12,385.1929396731844,387.7811092233379,381.3604157760681,383.74951171875,669871
2011-07-13,386.2381662311868,389.2245438051393,383.55041426302813,387.28338623046875,733023
2011-07-14,388.22905295446316,390.71770072981224,383.2517574037649,386.48699951171875,954396
2011-07-15,387.98023554670743,389.7222892021449,380.3649785001677,383.1522521972656,661567
2011-07-18,383.2517965955069,392.7086591089025,383.2517965955069,384.5956726074219,1274394
2011-07-19,384.04813560548064,390.9168281811658,383.2517804211418,386.6861267089844,1112160
2011-07-20,390.17022468149946,390.17022468149946,379.269934874069,381.5594787597656,907707
2011-07-21,381.36042789818447,382.0572311149889,371.45559664678456,372.6999206542969,952214
2011-07-22,375.3378690384989,377.7767561640181,369.3153531932825,373.4465026855469,1020141
2011-07-25,374.29264687692955,376.7315339882341,370.1614974087427,371.853759765625,875773
2011-07-26,373.2474241177204,375.8853848153836,363.84032290603176,366.97601318359375,995387
2011-07-27,372.102636836397,372.102636836397,358.3653120269649,360.80419921875,779740
2011-07-28,358.36530463640077,359.4105246233223,340.4470394045807,342.4379577636719,1658052
2011-07-29,348.261405923734,350.7998147228606,338.6552307546225,343.93115234375,1079815
2011-08-01,347.41523615331096,349.4061544120692,325.5151353069704,327.2074279785156,1132953
2011-08-02,325.4653815674849,329.0988013927946,317.9994379350667,321.23468017578125,1196007
2011-08-03,316.7053091919525,327.9042241589876,312.0266696109029,323.67352294921875,1571769
2011-08-04,324.5196925373994,332.33405317276623,314.963278337798,323.8726501464844,2031439
2011-08-05,317.55147399145085,318.5469331575682,297.6422906691028,300.8775329589844,2308559
2011-08-08,294.1581828654629,294.55636045513165,273.85082200232796,284.8008728027344,2283883
2011-08-09,271.9594516461694,286.9410996863446,260.3125674517923,273.35308837890625,2196348
2011-08-10,287.4886150375047,293.6604744487066,277.7331266819971,290.42523193359375,1957105
2011-08-11,286.6922393645144,288.6333968868128,280.71948437775376,283.5565490722656,1019384
2011-08-12,286.6922523045603,294.655925979687,283.70587467638785,286.094970703125,1103611
2011-08-16,291.669537356426,291.669537356426,267.87806922465467,272.3576354980469,1265220
2011-08-17,268.8237544266222,275.2444786479503,252.84664584658006,256.231201171875,1490074
2011-08-18,259.018481836748,263.5975696033067,219.64805440086255,233.7338104248047,7334484
2011-08-19,223.97831830111417,231.14562144884945,207.75233042628864,219.0010223388672,4771494
2011-08-22,220.0960260450558,226.9149121678516,209.04642330865494,223.33126831054688,4207378
2011-08-23,227.96014905921362,228.40810264610218,217.209187026381,220.3946533203125,2521306
2011-08-24,219.9964763743497,223.97831305080854,211.48529744051868,213.7748565673828,2137499
2011-08-25,217.01010561582575,217.7567000158802,199.78865841666948,202.8745880126953,3817574
2011-08-26,204.06913951766748,204.2184523244405,193.61681773749427,198.24569702148438,4130896
2011-08-29,201.97864610970075,204.76593463857867,191.57610151163,198.4447784423828,3584313
2011-08-30,202.07821992598346,210.4400712264302,199.0918422916093,203.22299194335938,4418228
2011-09-02,203.2229784805707,205.21389677159564,192.22316707425878,196.1552276611328,2755886
2011-09-05,194.2140942095654,201.58048614601404,191.57611824012633,200.0375213623047,3947172
2011-09-06,199.58955635387773,217.80646154278023,199.09182678691045,215.21826171875,5400742
2011-09-07,216.51237715361117,230.3492540315354,215.7657827496332,222.6344451904297,6155451
2011-09-08,222.98285047141454,233.28585878997905,222.98285047141454,229.55288696289062,3258672
2011-09-09,229.9510618098236,232.9374392359252,221.7882998830461,223.43080139160156,2023027
2011-09-12,217.70690959281504,220.99192777329117,201.18229708022446,211.0871124267578,1350246
2011-09-13,213.87440411585604,220.59375336775443,210.5893858881388,214.7205352783203,1691079
2011-09-14,216.91055725892178,231.64335670505488,211.63463556162944,227.51220703125,2697616
2011-09-15,224.5678493067954,237.0438409349507,224.5678493067954,232.6522979736328,3432643
2011-09-16,232.5524939310466,239.13982388526415,230.85576204268227,236.84423828125,2886563
2011-09-19,237.5428917534787,237.5428917534787,229.05921704799732,231.7540283203125,1442226
2011-09-20,231.75402204640446,244.18010690920374,228.5601711719936,242.73289489746094,4108311
2011-09-21,247.52367940080273,251.41618278345794,241.68490909733765,244.77896118164062,4052628
2011-09-22,240.53711740745445,240.53711740745445,219.5774515752696,221.4239044189453,2945806
2011-09-23,217.58129448225054,222.97091678588964,211.2933916416836,216.6830291748047,3200046
2011-09-26,214.5870571919397,221.57361254237495,211.64272619729553,217.88072204589844,1831715
2011-09-27,218.5793790082019,226.01506716600912,218.5793790082019,223.3701629638672,1303091
2011-09-28,225.06689327230802,232.45267436550438,219.87688370172552,227.26266479492188,2713994
2011-09-29,225.56593700335043,235.6465447045852,225.16671134823486,234.44883728027344,2206874
2011-09-30,235.54672383421632,242.23385235479975,232.50257880656414,237.94210815429688,2233429
2011-10-03,234.5486434127396,249.02079375097247,229.60815375696342,245.57742309570312,2556686
2011-10-04,243.88069306836556,246.42578320436348,229.55824843303344,233.7002716064453,2461529
2011-10-05,234.5486516060589,245.52752465995954,234.19931773527813,242.78280639648438,2000022
2011-10-07,246.5256011396902,257.5044740649396,246.42578711221316,254.3106231689453,1653428
2011-10-10,287.1973412241471,287.1973412241471,253.6119762223084,276.81732177734375,3609372
2011-10-11,278.4641315078153,284.6023132610873,266.487179615006,268.8326721191406,3050152
2011-10-12,269.4814310445414,273.17433691281195,264.0418862713525,268.9823913574219,2138033
2011-10-13,270.1301695128079,273.17432980035744,260.9977495680884,262.4449768066406,1596904
2011-10-14,261.39697208670066,263.39313075931227,251.16665888956604,259.3509216308594,1849421
2011-10-17,262.4948581417327,270.1800810009505,255.10907735045,267.0860290527344,1892987
2011-10-18,264.49102477571194,264.54091655906507,252.51407271039668,255.1090850830078,1234189
2011-10-19,256.10716623011297,261.59660263214244,252.1148488468188,254.95936584472656,1382427
2011-10-20,241.535202216638,254.959366401377,241.535202216638,251.56590270996094,1197609
2011-10-21,251.51600145712587,256.2568784687185,246.22617774566282,249.42002868652344,1223174
2011-10-24,254.31061710670195,257.20505631023235,250.11868695379388,252.71368408203125,1193841
2011-10-25,254.51024904318206,259.5006460832444,245.67724019047836,256.1570739746094,1747175
2011-10-28,262.4948776677432,272.3758574653442,261.4967982849761,266.2875671386719,1319848
2011-10-31,268.48335137906366,274.172415989641,262.1954635117646,270.67913818359375,1167953
2011-11-01,269.4814173217353,277.26642386077776,265.78851164151865,270.5293884277344,1386435
2011-11-02,269.4814171166075,276.01882449640635,265.88832546325995,272.22613525390625,915232
2011-11-03,269.48141543963686,274.87103765663693,261.4967809080921,264.3912048339844,1306394
2011-11-04,265.4891024261046,271.47757842067836,264.5908371187113,266.1378479003906,754122
2011-11-08,267.4852625215086,270.9785402036925,261.49678649490767,268.5332336425781,919323
2011-11-09,274.42192528583644,274.42192528583644,266.1877707737667,268.1839294433594,1424097
2011-11-11,268.4833414475845,270.2798720692243,238.74057418184418,241.33558654785156,3218339
2011-11-14,239.53904967951274,249.22041655816318,214.6369723524766,216.7828369140625,4188057
2011-11-15,216.33369495422326,221.9728370815371,203.80779630659447,206.65232849121094,2949915
2011-11-16,207.60050410398662,210.79435496738228,188.28766265444307,191.73104858398438,4755255
2011-11-17,190.63316229402463,195.42394638186525,184.14564629972534,187.389404296875,4462810
2011-11-18,185.64275457023598,191.03237683693393,181.00169179777285,188.28765869140625,2103321
2011-11-21,185.64276820991748,187.98826088930912,172.06888229202278,173.81552124023438,2452072
2011-11-22,175.6619660378479,181.50073634169428,167.77714524498742,179.50457763671875,3455446
2011-11-23,178.65620130713296,184.1456376601454,174.3644571125177,180.1533203125,3209996
2011-11-24,176.66004256656774,195.07460327972882,161.68885251855352,192.7291259765625,3759134
2011-11-25,190.73296448247032,198.06883835980727,184.7444885518368,187.0899658203125,2931681
2011-11-28,191.631232697372,218.03042811421253,185.59284966283445,216.18399047851562,9701560
2011-11-29,216.38360095435056,218.2799455822352,205.25500733013345,207.1513671875,3956259
2011-11-30,204.60627331957062,214.98629280106303,198.6177970272905,212.04196166992188,4915555
2011-12-01,214.58705920178744,223.46995928160342,207.8999306353491,210.59474182128906,2649303
2011-12-02,209.59665982235143,217.9805201234527,207.10146149113297,216.6830291748047,2302061
2011-12-05,215.58513532366072,224.31832946292937,211.59281800285217,220.0764923095703,2548540
2011-12-07,220.57554328146944,225.4162343728785,218.23005064347066,222.07266235351562,1977382
2011-12-08,220.57554224546996,227.56209788220428,210.84426832287568,213.38937377929688,2873403
2011-12-09,209.7463751723386,209.7463751723386,200.21472929705033,202.5102996826172,2371441
2011-12-12,201.61202905186664,208.04963782470554,194.62547358967325,196.67153930664062,2146177
2011-12-13,194.62546833656492,205.60434090939677,191.7809361690839,202.56019592285156,2337239
2011-12-14,203.5083775648508,209.4968537881949,198.6677017553372,200.96328735351562,2577069
2011-12-15,199.61587840524226,201.11299749328157,193.32797518958054,197.2703857421875,1954627
2011-12-16,197.6197194322263,203.1091560831215,177.40861176302136,180.6024627685547,2983395
2011-12-19,178.656202998391,187.9383439654329,172.36830007042826,186.29150390625,2958353
2011-12-20,186.2416207961362,190.63316403284844,177.90765177411117,183.4969024658203,2754108
2011-12-21,187.63891432458186,194.52565562023383,184.04582263933963,193.22816467285156,2058437
2011-12-22,188.6369978799305,195.52373932978583,186.8903590106719,194.12643432617188,1859089
2011-12-23,195.62354810549402,201.31259722389007,190.83276428966718,192.8788299560547,1987339
2011-12-26,193.52758849264322,201.56213066388645,192.67923014504794,199.3164520263672,1570551
2011-12-27,199.6158759080182,203.4085805961671,194.8749988552028,196.222412109375,1522961
2011-12-28,196.22240835837775,196.42202118457342,188.53718509924397,191.9306640625,1254360
2011-12-29,189.6849831237195,191.9306616566061,186.39131822958933,190.0343017578125,1650076
2011-12-30,192.13027153807167,198.61778720039615,188.88651370690943,191.5314178466797,1848224
2012-01-02,192.62931316583357,196.62163053714616,185.3433309172916,190.53334045410156,1411210
2012-01-03,192.62931142608656,204.85578326530708,192.62931142608656,202.41049194335938,2122487
2012-01-04,203.85770828790464,207.60050586968993,200.91337723613003,203.3087615966797,2009656
2012-01-05,204.60626468354138,207.00164900755587,198.21856299984807,200.2147216796875,1667773
2012-01-06,199.6158760859939,203.6081936077138,193.32797294338857,199.9652099609375,1682626
2012-01-09,199.61587276184957,210.29531890871203,194.0266222327248,208.5985870361328,4215187
2012-01-10,210.5947464456894,223.2703513612159,210.5947464456894,219.8269805908203,4171510
2012-01-11,222.57169051557537,223.5697698452416,212.79051003894966,214.636962890625,2870942
2012-01-12,211.99205483836707,215.28571984786782,209.19744474980428,211.193603515625,1689015
2012-01-13,211.59282449598368,220.37592591718516,211.59282449598368,217.4315948486328,1957718
2012-01-16,216.58322736382198,224.56786247400893,209.39705881055025,222.7713165283203,2889588
2012-01-17,224.66767468279102,228.5601781756487,220.87496999031166,222.92103576660156,1833383
2012-01-18,223.56977353002918,229.85767645645768,217.88072430306326,220.6254425048828,2737416
2012-01-19,221.22428624802066,224.3682454009162,215.585143899841,216.4335174560547,1809758
2012-01-20,217.6311994545046,220.47571638773746,202.1110629339288,205.1053009033203,2715657
2012-01-23,196.62163970438183,208.84811222407055,184.6446870320337,204.4066619873047,3001693
2012-01-24,205.25501034300888,209.39704874500364,201.7617326502211,204.80587768554688,2338488
2012-01-25,205.60434521531846,210.74444775390856,204.75597167967598,209.74636840820312,3021723
2012-01-27,214.38744725858905,219.5774568286423,210.39512986170462,216.38360595703125,2370906
2012-01-30,214.98628901546863,223.56977764172052,204.60626971675316,207.75021362304688,2841337
2012-01-31,205.75405790293726,216.5832252576109,205.75405790293726,215.43544006347656,1860026
2012-02-01,215.58513532366072,221.5736113048735,213.2895498182994,220.0764923095703,2280782
2012-02-02,221.57362220788585,235.4469194885685,221.37400937791944,233.8000946044922,6634970
2012-02-03,237.24346106416442,244.52944344537198,234.59855684930335,242.93251037597656,3684114
2012-02-06,247.52367351173197,249.32021934924578,236.64461492095268,241.48529052734375,2565106
2012-02-07,241.1359854855604,246.42579404198645,233.2511492070977,236.1954803466797,1961197
2012-02-08,236.59471182900973,252.4641673261285,236.59471182900973,250.3682098388672,3695718
2012-02-09,253.21272316882644,258.5025466677699,246.62540872347594,256.9555358886719,2601399
2012-02-10,258.00351926633664,262.1954648383894,242.13406324464904,249.27032470703125,2814943
2012-02-13,250.26839566167828,254.510232876283,244.03039975784782,251.21656799316406,1450457
2012-02-14,252.01503320851774,253.41233819194042,244.37973235359706,247.97280883789062,2022125
2012-02-15,249.51984536899633,249.51984536899633,234.5985616618269,235.84616088867188,5002597
2012-02-16,233.5505729898748,244.92867173605003,230.6062418891041,238.5409698486328,3433573
2012-02-17,241.83462476605874,243.73096940174554,230.35671246815585,232.6522979736328,2168323
2012-02-21,232.05344820568448,237.34327179132342,226.71371760679304,236.09567260742188,3114009
2012-02-22,236.54481408185026,243.5313697720315,219.67727857877728,223.27035522460938,2679963
2012-02-23,221.52370356301,224.56784855599884,216.58321394067443,218.87879943847656,2432218
2012-02-24,220.57553848699808,223.4699625382472,210.6945589180613,213.6887969970703,2002465
2012-02-27,214.58705430778758,216.5832129525112,197.61970582763695,199.665771484375,1841401
2012-02-28,199.61587624749012,211.0937891317208,199.61587624749012,208.29916381835938,2176002
2012-02-29,210.59473987795272,216.58321589343953,207.30107502353857,211.5928192138672,2388609
2012-03-01,212.590895982074,215.43542814686631,205.6542477271468,210.54483032226562,2342097
2012-03-02,210.59475078878035,215.83466757380924,208.09955231971895,210.69456481933594,1852762
2012-03-05,209.59665946912943,212.84041729424692,198.5678798178336,200.3644256591797,1983395
2012-03-06,199.81547787598072,205.50452698420372,194.32604158691817,195.42393493652344,1781088
2012-03-07,194.67537847166557,198.26845496090667,189.83468757692484,193.0784454345703,1410775
2012-03-09,195.12450927992407,204.45655711988712,195.12450927992407,199.51605224609375,2739277
2012-03-12,201.1129959724247,204.4565680022209,197.6696251418703,200.3145294189453,2466928
2012-03-13,202.6101160590221,204.55636782255948,199.1168381959355,199.81549072265625,4063622
2012-03-14,203.10914244832873,205.05539408436965,195.02469383156566,197.12066650390625,5035084
2012-03-15,196.4220137393974,206.55251277229488,194.82508073139735,205.95367431640625,6999303
2012-03-16,213.98820939700408,213.98820939700408,192.03046340468347,193.9767303466797,8431042
2012-03-19,193.62739926496374,195.5736510054934,187.83853582867138,188.73681640625,2581830
2012-03-20,188.2377716763204,188.5371832980122,184.1456402457334,186.64083862304688,2422582
2012-03-21,186.14180056718615,193.62739576425798,186.14180056718615,192.77902221679688,2619241
2012-03-22,192.72913258316416,197.91914226515541,189.78478625587252,190.93258666992188,2723984
2012-03-23,192.47961754528768,196.62164094549348,190.13412487368785,193.87692260742188,1538939
2012-03-26,193.9767243952953,197.4200950470942,190.03429884768173,191.5314178466797,1895576
2012-03-27,193.62739088815124,197.51989420081097,191.78093802757968,195.2742156982422,1589791
2012-03-28,179.65428657237638,196.02278214606653,179.65428657237638,191.78094482421875,1255184
2012-03-29,190.83276828206863,193.52757947563612,188.0880500752072,190.0343017578125,1833131
2012-03-30,191.63124332847894,195.12452120165432,191.28190944936821,192.67922973632812,1426374
2012-04-02,193.27805561993364,200.6139447666254,192.42969732950522,199.16673278808594,2143527
2012-04-03,200.46424028831865,205.60434276566752,200.36442626314445,202.41049194335938,2222219
2012-04-04,202.3106821121396,205.6043470279005,198.66769855999158,204.15713500976562,2283397
2012-04-09,201.26269023751078,205.90376824666663,197.61970678503397,199.16673278808594,1579767
2012-04-10,199.61587358097285,202.0112579721515,195.92298296562134,198.91722106933594,1280326
2012-04-11,199.01702268507952,199.6158764060909,192.87884057738535,193.67730712890625,1299633
2012-04-12,195.1245126968775,197.12067139454376,193.2780598097433,194.62547302246094,949728
2012-04-13,195.12450880020867,200.2147194693982,189.68497950359284,190.33372497558594,1820234
2012-04-16,184.64467886745143,195.07460497920292,184.64467886745143,193.4277801513672,761297
2012-04-17,193.57749211672623,199.61587539326914,192.72913378399443,198.7675018310547,1211382
2012-04-18,199.61586978029703,203.50837314921992,197.7195251091771,200.06500244140625,1553751
2012-04-19,199.6158775348063,207.001658911801,199.6158775348063,206.1033935546875,1957198
2012-04-20,205.10530295571706,209.04771327563614,200.66385296923906,203.25885009765625,2166619
2012-04-23,200.61395406942856,204.10723187660767,191.63123970811085,192.97865295410156,1444813
2012-04-24,193.82701375556914,195.82317252798384,188.88652383973937,194.02662658691406,735053
2012-04-25,193.67730863694058,195.62356040115756,187.63892528274297,190.63316345214844,1113294
2012-04-26,191.28190322336053,192.8788362909127,185.94218778585525,187.33949279785156,1227980
2012-04-27,189.53526067079858,192.4796069088848,183.74641267943414,187.638916015625,1019498
2012-04-30,191.58132545927643,195.57364280244232,190.33372628953708,193.57748413085938,988588
2012-05-02,193.9268192848076,198.36826931283375,193.77709824575012,196.8212432861328,1307711
2012-05-03,195.4239409850878,195.8231666357651,185.19362758428744,186.1417999267578,1718083
2012-05-04,185.6427599973252,185.6427599973252,174.71379410789527,176.95947265625,2336088
2012-05-07,174.6638904217511,184.49497834585415,168.17637449180035,182.9479522705078,1974406
2012-05-08,183.6466057545673,184.84429796359186,171.17061351580594,173.26658630371094,1509564
2012-05-09,173.26657948005968,173.26657948005968,163.83471753541914,165.0324249267578,2134148
2012-05-10,165.68116654281533,171.37021560109997,163.08615422806287,167.02857971191406,1733416
2012-05-11,166.62933967879567,169.67348465527192,163.88462154466626,167.37789916992188,1242791
2012-05-14,167.7272386743741,168.72531802949743,153.80403471629995,155.2013397216797,2159037
2012-05-15,153.7042158058571,159.5429859396256,151.7080571590278,158.54490661621094,2172876
2012-05-16,156.64855692352938,159.04395659276815,151.70806699810606,156.44894409179688,1438241
2012-05-17,169.6734858694697,169.6734858694697,155.15142859180398,158.89422607421875,1865499
2012-05-18,156.69845398312182,158.49499981353807,151.20901769708888,156.84815979003906,1581456
2012-05-21,156.79827746921399,162.08808602592268,153.4047984226559,154.4028778076172,1828812
2012-05-22,156.3491211227613,157.6965343115196,149.2128599972923,150.0612335205078,1575619
2012-05-23,150.06123315130768,150.56027281562265,144.82131667600038,146.3184356689453,1945398
2012-05-24,147.01709035607612,148.61400816812403,140.57948163584453,143.6236114501953,3318143
2012-05-25,147.21669923409033,149.71189752619355,142.72534230830453,145.61976623535156,1486223
2012-05-28,147.2166982647296,148.21477757499892,142.2762087247926,146.11880493164062,1319191
2012-05-29,147.21669977010296,151.10920302816382,143.82323617227976,148.5142059326172,2715931
2012-05-30,148.7138297760195,149.51229633749205,141.8769798321073,143.0247802734375,2181937
2012-05-31,143.02477540347334,143.72342790991672,137.93456457320414,140.0804443359375,3112853
2012-06-01,139.23207774484507,141.0286237293849,131.74648216716523,132.84437561035156,2459071
2012-06-04,131.24744263849095,133.24360146189008,127.90387051750419,131.99600219726562,2105193
2012-06-05,132.94416974878672,136.93648725012855,131.24743785661295,133.642822265625,2482103
2012-06-06,132.74454939477553,138.23398564794294,132.74454939477553,136.78677368164062,2779416
2012-06-07,137.8846611462201,142.52573943090047,137.03630280542765,139.78102111816406,2758035
2012-06-08,139.48159242554564,141.1783243143427,136.03822163338756,139.93072509765625,2138568
2012-06-11,141.72727183957025,143.52381776794022,134.79062320036107,135.6888885498047,2617827
2012-06-12,135.738796911507,135.738796911507,130.9979198134948,133.4931182861328,2663911
2012-06-13,134.24167400574112,137.03629926142253,133.54302149919135,134.64089965820312,1524801
2012-06-14,134.74070805483203,136.03821421533047,128.3030994936642,129.65049743652344,2713279
2012-06-15,129.85013120355617,133.6428205989456,129.45089032071138,132.9441680908203,2040588
2012-06-18,134.7407110278681,136.18792302634506,130.0497411713128,134.4412841796875,2278535
2012-06-19,134.74070803229097,137.9844658182535,132.2455097353967,136.78677368164062,2717738
2012-06-20,137.73494821523224,153.85392338196118,137.73494821523224,152.10728454589844,15251312
2012-06-21,152.10728393742343,157.54682847441603,149.91151245533902,156.34912109375,6577918
2012-06-22,155.70037370242216,158.59479763458472,152.6063217229531,157.34719848632812,4871070
2012-06-25,158.19557936186303,168.07655898415487,157.94605952059828,166.77906799316406,6613817
2012-06-26,167.477716588175,171.91916661297668,166.7291570818776,168.7752227783203,5765543
2012-06-27,169.47387708725253,170.37214241263993,162.08808074163596,163.18597412109375,4370398
2012-06-28,162.68692990849556,171.0707901432756,159.69269193471956,170.2723388671875,5157018
2012-06-29,172.6677315410963,172.6677315410963,166.8289611168442,169.17445373535156,3476973
2012-07-02,170.62166486640933,176.06119437460504,167.6274267632393,174.26466369628906,3300306
2012-07-03,175.86158013413268,175.91148714801443,168.67541179015282,171.8692626953125,3474106
2012-07-04,172.16868397825388,175.36253478007004,170.27233934796735,173.16676330566406,1732167
2012-07-05,174.16485048261643,176.46043608501736,171.86926488021552,174.61398315429688,1847044
2012-07-06,174.41437469259665,174.41437469259665,168.17637845895587,170.9210968017578,1840670
2012-07-09,170.22244228606073,171.96908121112838,165.68117803498828,167.3280029296875,1398479
2012-07-10,166.18021757569144,173.4662001309126,164.53339268250022,172.76754760742188,2520754
2012-07-11,173.66581126576617,175.861582845069,171.66965251558494,172.06887817382812,1970167
2012-07-12,170.6715748048324,170.6715748048324,166.18021757312627,168.17637634277344,1482924
2012-07-13,168.67541703723725,171.47004237724192,166.13031154492083,167.67733764648438,1396822
2012-07-16,170.52187049145516,173.86542732238624,166.77907276538707,169.72340393066406,1689892
2012-07-17,171.47003037592157,172.66772251510105,167.37789906845302,168.2262725830078,1747079
2012-07-18,169.7733081179404,171.32031896869012,164.43357735924616,170.3721466064453,1694617
2012-07-19,171.61973877648157,172.16868545716895,168.27618213862579,169.27426147460938,1127124
2012-07-20,170.07270921711856,170.07270921711856,165.98059316251573,168.72531127929688,1185354
2012-07-23,166.62934246852663,171.07079247767174,165.68117014312205,166.72915649414062,1462790
2012-07-24,167.67732748553644,172.26849849657606,166.77906218008528,169.77330017089844,1577614
2012-07-25,169.82319650374885,169.82319650374885,151.85776807753814,153.50460815429688,4699784
2012-07-26,154.20326416477238,157.69654199374781,143.923043507891,154.05355834960938,8297651
2012-07-27,156.74836790744124,160.69077836809106,150.70998468063198,153.35488891601562,3242026
2012-07-30,153.2051838255876,160.49116629771729,149.71190601848951,159.1437530517578,3198611
2012-07-31,156.24932005315057,161.88846209991414,155.9498932122866,159.89230346679688,1751933
2012-08-01,159.8424055672809,162.48732504463047,157.24740833398334,159.1437530517578,1941008
2012-08-02,157.19749937495547,162.08808215260555,157.19749937495547,160.14183044433594,1533595
2012-08-03,158.64471736452944,159.09385004801123,153.80404141891907,157.14759826660156,2000391
2012-08-06,160.59096979364458,161.68886322834632,157.39711875108003,158.3452911376953,1476324
2012-08-07,158.54491313994504,164.08424142924065,157.746446602462,162.18789672851562,2941472
2012-08-08,162.68693703846,165.48156231569203,157.1975005126224,158.79443359375,2356881
2012-08-09,162.18789189585218,162.18789189585218,156.19941588738993,158.3951873779297,1324086
2012-08-10,158.69461551760932,163.58519820591889,157.1475894902519,161.63894653320312,1868643
2012-08-13,157.74644483113988,161.33952136524346,154.8021137848727,156.8980712890625,2451133
2012-08-14,155.75028312189676,160.1917331124515,151.10920508094958,159.24356079101562,2803252
2012-08-16,160.19173776221086,160.19173776221086,156.44894015094425,158.44509887695312,960501
2012-08-17,158.49500490857062,161.53914999276154,156.29923336946783,158.9441375732422,1149946
2012-08-21,157.94606361047616,163.5852060772877,156.29923870727856,163.08616638183594,2035310
2012-08-22,161.68885257379472,165.53146411255736,160.29154759396215,162.1379852294922,1264536
2012-08-23,162.68693956945302,165.03243221332107,161.68886018559135,164.43357849121094,1484450
2012-08-24,162.6869392501293,163.18597894108063,159.8923139349054,161.53915405273438,675635
2012-08-27,161.73876670955772,162.1878993850351,156.39903593031886,157.79635620117188,1036273
2012-08-28,157.19749694875878,158.49500314407356,143.82323980808584,147.3664093017578,1802929
2012-08-29,146.3683348608335,147.66584109962753,134.34149052563924,135.6888885498047,2563310
2012-08-30,133.74263046824345,145.51996963000008,129.0516606544328,142.92495727539062,5062946
2012-08-31,143.22438123605474,146.41823198775683,140.8289969796486,144.4220733642578,2185639
2012-09-03,147.16679357950267,147.16679357950267,139.3817717904519,142.5756378173828,1506124
2012-09-04,142.8251678303814,151.25893569078158,141.17832768732004,149.66200256347656,2013029
2012-09-05,147.71574207280307,151.70805942612205,145.71958339614355,148.7138214111328,1805990
2012-09-06,146.61784680330814,152.65622976762086,145.71958150227863,149.71189880371094,1461176
2012-09-07,150.61017043173962,153.80403659064245,148.21478604204503,149.61209106445312,1194578
2012-09-10,150.4604677754219,153.0554802766087,147.4662296107369,151.85777282714844,1196729
2012-09-11,151.8577610043361,154.60247910827533,149.66198956708106,153.2550811767578,1170379
2012-09-12,154.20325379024277,155.25124011432524,148.81363159422114,150.70997619628906,1149506
2012-09-13,150.70998377355505,152.10728878959634,147.0170931773181,148.41439819335938,1073431
2012-09-14,150.70997860975163,154.20325625964654,149.81171330585713,152.6063232421875,938306
2012-09-17,153.55450961351323,156.59863935869765,151.80787080192394,154.80210876464844,1301635
2012-09-18,155.40095421357023,157.99596665651683,153.85392815063986,155.89999389648438,933942
2012-09-20,152.39999389648438,162.35000610351562,152.39999389648438,160.0,2228231
2012-09-21,159.5,164.8000030517578,158.4499969482422,163.9499969482422,2020931
2012-09-24,163.5,167.6999969482422,159.60000610351562,160.89999389648438,1688884
2012-09-25,161.89999389648438,162.35000610351562,156.1999969482422,158.6999969482422,1161699
2012-09-26,159.6999969482422,163.9499969482422,157.10000610351562,160.0500030517578,1622515
2012-09-27,159.9499969482422,162.89999389648438,156.10000610351562,159.64999389648438,1708253
2012-09-28,159.6999969482422,164.0,159.6999969482422,160.64999389648438,614853
2012-10-01,159.85000610351562,165.1999969482422,159.85000610351562,163.25,766699
2012-10-03,162.9499969482422,165.39999389648438,160.5,162.85000610351562,677938
2012-10-04,164.39999389648438,166.39999389648438,162.10000610351562,164.39999389648438,830567
2012-10-05,167.6999969482422,182.75,165.0,175.75,4756093
2012-10-08,175.64999389648438,180.25,171.10000610351562,172.6999969482422,1472591
2012-10-09,174.25,175.64999389648438,170.0,172.39999389648438,747069
2012-10-10,173.0,173.0,165.25,167.0500030517578,633648
2012-10-11,167.39999389648438,167.39999389648438,161.0,164.5,790959
2012-10-12,165.14999389648438,170.5500030517578,163.14999389648438,165.1999969482422,1112023
2012-10-15,165.1999969482422,166.85000610351562,163.0,165.39999389648438,689043
2012-10-16,165.60000610351562,169.4499969482422,161.0,162.14999389648438,719814
2012-10-17,163.89999389648438,164.6999969482422,159.0,161.75,454667
2012-10-18,162.85000610351562,164.0,160.1999969482422,162.85000610351562,355562
2012-10-19,162.8000030517578,164.5,159.10000610351562,161.0500030517578,531459
2012-10-22,161.0500030517578,161.0500030517578,158.0,159.60000610351562,374735
2012-10-23,162.4499969482422,162.4499969482422,156.5,158.14999389648438,365279
2012-10-25,159.0,159.0,155.5,157.64999389648438,363111
2012-10-29,155.0,156.89999389648438,151.0,152.8000030517578,295394
2012-10-30,153.14999389648438,154.0,148.1999969482422,149.8000030517578,328942
2012-10-31,150.25,150.25,144.60000610351562,147.4499969482422,615017
2012-11-01,147.0,154.89999389648438,147.0,152.1999969482422,741155
2012-11-02,153.0,154.75,150.10000610351562,152.10000610351562,512573
2012-11-05,151.14999389648438,153.39999389648438,148.5,150.8000030517578,382603
2012-11-06,150.0500030517578,152.89999389648438,148.1999969482422,149.39999389648438,550572
2012-11-07,149.75,154.64999389648438,149.14999389648438,151.39999389648438,907669
2012-11-08,151.39999389648438,151.39999389648438,149.0,150.14999389648438,417338
2012-11-09,150.4499969482422,151.85000610351562,147.0500030517578,148.85000610351562,498024
2012-11-12,145.60000610351562,149.0500030517578,142.5,145.85000610351562,666872
2012-11-15,148.64999389648438,149.0,144.0500030517578,145.9499969482422,334322
2012-11-16,146.1999969482422,152.10000610351562,145.0,146.14999389648438,661783
2012-11-19,146.3000030517578,147.6999969482422,143.1999969482422,143.89999389648438,283189
2012-11-20,144.0,145.5500030517578,141.5,143.8000030517578,350415
2012-11-21,144.5,146.3000030517578,142.5,144.5,314909
2012-11-22,145.60000610351562,147.0,142.6999969482422,144.4499969482422,308255
2012-11-23,145.5500030517578,149.14999389648438,144.5,145.5,560787
2012-11-26,145.5500030517578,149.5,143.85000610351562,146.0500030517578,441070
2012-11-27,146.5500030517578,148.8000030517578,145.3000030517578,147.35000610351562,353336
2012-11-29,147.85000610351562,154.39999389648438,147.5,150.0500030517578,1330161
2012-11-30,151.35000610351562,155.39999389648438,150.0500030517578,150.5500030517578,995742
2012-12-03,150.89999389648438,155.39999389648438,150.89999389648438,151.9499969482422,980215
2012-12-04,151.89999389648438,154.89999389648438,151.89999389648438,153.5500030517578,684613
2012-12-05,153.85000610351562,157.89999389648438,153.85000610351562,155.14999389648438,1414085
2012-12-06,156.0500030517578,157.1999969482422,153.6999969482422,155.60000610351562,550450
2012-12-07,154.5,159.5,151.0,155.10000610351562,898725
2012-12-10,156.8000030517578,158.39999389648438,152.85000610351562,153.5,549104
2012-12-11,152.0,157.3000030517578,151.75,152.60000610351562,769701
2012-12-12,153.85000610351562,154.6999969482422,151.14999389648438,151.8000030517578,455248
2012-12-13,154.0,154.0,148.25,149.35000610351562,470415
2012-12-14,149.85000610351562,150.85000610351562,146.10000610351562,146.60000610351562,438715
2012-12-17,147.0,148.60000610351562,145.35000610351562,147.0500030517578,400170
2012-12-18,147.3000030517578,148.25,145.39999389648438,147.5,335024
2012-12-19,148.14999389648438,151.25,147.89999389648438,148.6999969482422,508707
2012-12-20,149.35000610351562,149.35000610351562,146.0,147.75,344784
2012-12-21,147.0,147.0,142.5,143.25,480227
2012-12-24,155.8000030517578,155.8000030517578,142.64999389648438,144.3000030517578,268456
2012-12-26,144.8000030517578,146.25,143.5,144.25,309218
2012-12-27,144.89999389648438,144.9499969482422,142.1999969482422,143.0,340993
2012-12-28,145.1999969482422,145.1999969482422,141.10000610351562,141.8000030517578,444533
2012-12-31,142.3000030517578,142.75,139.10000610351562,139.60000610351562,536137
2013-01-01,140.10000610351562,142.8000030517578,139.8000030517578,141.89999389648438,464980
2013-01-02,142.0,144.8000030517578,142.0,143.3000030517578,432035
2013-01-03,143.5500030517578,145.5500030517578,143.14999389648438,143.4499969482422,533918
2013-01-04,143.35000610351562,147.0,142.8000030517578,145.35000610351562,709015
2013-01-07,145.0500030517578,147.39999389648438,144.25,145.0500030517578,529790
2013-01-08,144.8000030517578,154.3000030517578,142.5500030517578,149.75,3237757
2013-01-09,150.35000610351562,150.35000610351562,144.5,145.3000030517578,1012419
2013-01-10,146.0,146.5500030517578,142.64999389648438,143.5500030517578,517417
2013-01-11,142.3000030517578,145.1999969482422,140.0,140.39999389648438,532755
2013-01-14,141.0,142.1999969482422,140.1999969482422,141.3000030517578,344852
2013-01-15,141.89999389648438,142.75,140.5,141.3000030517578,408931
2013-01-16,141.5,141.6999969482422,138.35000610351562,139.10000610351562,406318
2013-01-17,139.64999389648438,140.89999389648438,137.0,137.1999969482422,507616
2013-01-18,138.4499969482422,138.75,136.0,136.4499969482422,441150
2013-01-21,136.85000610351562,137.0,133.5500030517578,133.9499969482422,490817
2013-01-22,134.0,136.0,133.1999969482422,134.89999389648438,496831
2013-01-23,136.0,136.35000610351562,132.14999389648438,134.5500030517578,453713
2013-01-24,133.10000610351562,134.75,127.30000305175781,129.1999969482422,568940
2013-01-25,129.25,129.75,124.05000305175781,127.05000305175781,540955
2013-01-28,127.05000305175781,135.89999389648438,127.05000305175781,131.0,1363344
2013-01-29,131.0500030517578,132.1999969482422,127.44999694824219,128.10000610351562,490212
2013-01-30,128.89999389648438,129.25,126.0999984741211,128.0,435413
2013-01-31,128.35000610351562,129.85000610351562,126.0999984741211,128.0500030517578,486059
2013-02-01,128.89999389648438,129.0500030517578,126.19999694824219,126.94999694824219,435424
2013-02-04,128.0500030517578,128.64999389648438,122.80000305175781,123.3499984741211,459103
2013-02-05,123.5,124.44999694824219,120.0999984741211,121.05000305175781,323336
2013-02-06,122.25,125.0,120.0,123.44999694824219,478151
2013-02-07,123.0,123.0,120.1500015258789,120.5,416141
2013-02-08,120.5999984741211,122.0,117.44999694824219,118.55000305175781,493893
2013-02-11,118.94999694824219,120.75,118.0,118.30000305175781,313146
2013-02-12,118.69999694824219,119.0,115.30000305175781,116.55000305175781,321429
2013-02-13,116.80000305175781,119.3499984741211,115.0999984741211,117.5999984741211,550200
2013-02-14,115.0,117.5,112.5999984741211,116.3499984741211,702924
2013-02-15,116.3499984741211,118.19999694824219,114.05000305175781,115.80000305175781,407138
2013-02-18,115.44999694824219,116.44999694824219,113.1500015258789,113.94999694824219,276856
2013-02-19,114.0,116.30000305175781,112.5,113.4000015258789,1347601
2013-02-20,115.0999984741211,115.9000015258789,112.30000305175781,112.80000305175781,815617
2013-02-21,113.0,113.0,107.80000305175781,108.69999694824219,813105
2013-02-22,108.75,110.25,106.6500015258789,107.80000305175781,562556
2013-02-25,109.0,109.5,103.6500015258789,104.6500015258789,768093
2013-02-26,104.1500015258789,104.1500015258789,92.0,92.80000305175781,2919822
2013-02-27,94.25,97.30000305175781,78.9000015258789,84.75,4642494
2013-02-28,86.3499984741211,92.75,82.0,83.0999984741211,5394594
2013-03-01,83.5,85.5,79.75,80.5999984741211,1524940
2013-03-04,82.0,82.0,74.0999984741211,74.9000015258789,1946558
2013-03-05,75.0,76.25,72.25,74.0,1717754
2013-03-06,75.0,77.69999694824219,74.5,76.75,1984643
2013-03-07,76.44999694824219,85.5999984741211,75.0,82.3499984741211,2540670
2013-03-08,83.0999984741211,84.30000305175781,81.25,82.3499984741211,1872772
2013-03-11,82.80000305175781,84.80000305175781,81.0,82.8499984741211,1573765
2013-03-12,82.69999694824219,83.5,81.19999694824219,81.55000305175781,835938
2013-03-13,80.69999694824219,81.5,76.25,77.55000305175781,949111
2013-03-14,77.6500015258789,79.94999694824219,76.5,78.4000015258789,909916
2013-03-15,78.3499984741211,80.8499984741211,77.05000305175781,79.5999984741211,967788
2013-03-18,78.5999984741211,78.9000015258789,77.19999694824219,78.05000305175781,393966
2013-03-19,77.4000015258789,78.75,74.5999984741211,75.1500015258789,467875
2013-03-20,75.4000015258789,75.4000015258789,66.80000305175781,67.69999694824219,1176343
2013-03-21,67.8499984741211,69.5,65.0999984741211,65.6500015258789,813194
2013-03-22,65.6500015258789,65.6500015258789,62.099998474121094,62.849998474121094,560278
2013-03-25,63.099998474121094,66.69999694824219,63.0,64.3499984741211,1447846
2013-03-26,64.1500015258789,65.25,62.150001525878906,62.849998474121094,513673
2013-03-28,59.0,64.44999694824219,59.0,62.79999923706055,591777
2013-04-01,63.0,67.69999694824219,62.79999923706055,64.1500015258789,2104136
2013-04-02,64.0,68.0,63.79999923706055,66.80000305175781,1474567
2013-04-03,66.80000305175781,70.69999694824219,62.79999923706055,65.55000305175781,1711895
2013-04-04,65.5,65.5,61.099998474121094,61.599998474121094,896003
2013-04-05,61.0,62.54999923706055,59.29999923706055,59.70000076293945,990673
2013-04-08,60.099998474121094,61.5,59.5,59.900001525878906,498210
2013-04-09,60.29999923706055,61.45000076293945,57.099998474121094,57.79999923706055,946081
2013-04-10,58.099998474121094,59.400001525878906,56.79999923706055,57.75,1091004
2013-04-11,58.099998474121094,58.70000076293945,56.849998474121094,57.099998474121094,922667
2013-04-12,57.0,57.400001525878906,55.099998474121094,56.099998474121094,795508
2013-04-15,56.0,57.599998474121094,55.70000076293945,57.099998474121094,483364
2013-04-16,57.0,58.70000076293945,56.5,57.95000076293945,535423
2013-04-17,57.5,59.599998474121094,57.5,58.79999923706055,635385
2013-04-18,58.25,60.20000076293945,58.25,59.54999923706055,550356
2013-04-22,59.849998474121094,65.5,59.75,65.5,2021366
2013-04-23,66.80000305175781,68.69999694824219,65.25,65.8499984741211,1873186
2013-04-25,65.8499984741211,67.0999984741211,64.05000305175781,65.5999984741211,591737
2013-04-26,65.0,66.5,62.400001525878906,62.79999923706055,423695
2013-04-29,62.79999923706055,65.0,62.70000076293945,64.80000305175781,490583
2013-04-30,65.1500015258789,66.69999694824219,63.099998474121094,64.4000015258789,430123
2013-05-02,64.75,67.9000015258789,63.599998474121094,66.8499984741211,969265
2013-05-03,66.8499984741211,67.19999694824219,64.80000305175781,65.19999694824219,327977
2013-05-06,65.6500015258789,68.75,65.5,68.0999984741211,836432
2013-05-07,68.0,69.9000015258789,67.94999694824219,69.1500015258789,658673
2013-05-08,69.1500015258789,75.30000305175781,68.0,73.0,1951466
2013-05-09,73.30000305175781,75.4000015258789,73.0999984741211,73.94999694824219,1085868
2013-05-10,74.0999984741211,74.25,71.5,71.80000305175781,424733
2013-05-13,72.0999984741211,72.94999694824219,68.75,69.19999694824219,357921
2013-05-14,69.0,70.55000305175781,67.5999984741211,68.30000305175781,385129
2013-05-15,68.4000015258789,70.55000305175781,68.0,69.6500015258789,571561
2013-05-16,68.30000305175781,69.9000015258789,67.5,68.0999984741211,307052
2013-05-17,68.0999984741211,69.6500015258789,67.25,68.3499984741211,306740
2013-05-20,68.25,70.9000015258789,68.25,69.8499984741211,724314
2013-05-21,70.0,70.19999694824219,68.25,68.94999694824219,345447
2013-05-22,68.5,69.75,65.0,66.5,293508
2013-05-23,66.25,66.25,62.54999923706055,63.599998474121094,285564
2013-05-24,63.04999923706055,64.19999694824219,61.70000076293945,62.75,255740
2013-05-27,62.5,63.400001525878906,62.0,62.95000076293945,165497
2013-05-28,63.29999923706055,65.3499984741211,63.29999923706055,63.75,494500
2013-05-29,63.75,64.1500015258789,61.900001525878906,62.95000076293945,240755
2013-05-30,62.349998474121094,62.849998474121094,60.5,61.04999923706055,262092
2013-05-31,59.349998474121094,61.04999923706055,54.95000076293945,55.099998474121094,593814
2013-06-03,55.04999923706055,55.150001525878906,49.599998474121094,49.599998474121094,658217
2013-06-04,49.599998474121094,49.599998474121094,47.150001525878906,47.150001525878906,520897
2013-06-05,45.20000076293945,46.79999923706055,44.79999923706055,44.79999923706055,750451
2013-06-06,42.599998474121094,43.04999923706055,42.599998474121094,42.599998474121094,138985
2013-06-07,41.099998474121094,42.25,40.5,40.5,331748
2013-06-10,39.5,39.70000076293945,38.5,38.5,313888
2013-06-11,36.599998474121094,36.599998474121094,36.599998474121094,36.599998474121094,66331
2013-06-12,34.79999923706055,34.79999923706055,34.79999923706055,34.79999923706055,49713
2013-06-13,33.099998474121094,33.099998474121094,33.099998474121094,33.099998474121094,63541
2013-06-14,32.25,34.75,32.04999923706055,34.75,601358
2013-06-17,36.45000076293945,36.45000076293945,35.04999923706055,36.45000076293945,496647
2013-06-18,37.5,38.25,37.400001525878906,38.25,284417
2013-06-19,39.95000076293945,40.150001525878906,37.75,40.150001525878906,793395
2013-06-20,41.599998474121094,41.599998474121094,38.150001525878906,39.349998474121094,807176
2013-06-21,40.0,41.29999923706055,37.400001525878906,37.650001525878906,817690
2013-06-24,36.5,36.5,35.79999923706055,35.79999923706055,100961
2013-06-25,34.04999923706055,34.04999923706055,34.04999923706055,34.04999923706055,43674
2013-06-26,32.599998474121094,34.5,32.349998474121094,33.099998474121094,490385
2013-06-27,33.25,34.599998474121094,33.25,33.849998474121094,207682
2013-06-28,34.0,35.5,34.0,35.349998474121094,428788
2013-07-01,34.900001525878906,37.099998474121094,34.650001525878906,37.099998474121094,333174
2013-07-02,38.25,38.95000076293945,37.400001525878906,37.70000076293945,340501
2013-07-03,37.54999923706055,37.54999923706055,35.849998474121094,35.849998474121094,139062
2013-07-04,35.099998474121094,36.79999923706055,35.099998474121094,35.400001525878906,170043
2013-07-05,35.099998474121094,36.400001525878906,34.650001525878906,34.95000076293945,174236
2013-07-08,33.599998474121094,34.0,33.099998474121094,33.95000076293945,173576
2013-07-09,35.0,37.29999923706055,35.0,37.29999923706055,128775
2013-07-10,39.79999923706055,41.0,38.79999923706055,40.900001525878906,1670037
2013-07-11,42.849998474121094,42.900001525878906,37.29999923706055,37.849998474121094,1210095
2013-07-12,38.0,38.5,36.599998474121094,37.45000076293945,469539
2013-07-15,37.70000076293945,40.0,36.5,37.400001525878906,649922
2013-07-16,37.0,37.650001525878906,36.0,36.150001525878906,273455
2013-07-17,36.599998474121094,36.849998474121094,34.599998474121094,35.25,327485
2013-07-18,34.75,35.400001525878906,31.899999618530273,33.650001525878906,432211
2013-07-19,33.20000076293945,34.349998474121094,32.849998474121094,33.04999923706055,314929
2013-07-22,33.04999923706055,34.70000076293945,33.0,33.54999923706055,222706
2013-07-23,33.0,33.650001525878906,32.70000076293945,32.900001525878906,407911
2013-07-24,32.900001525878906,33.29999923706055,31.700000762939453,31.899999618530273,226113
2013-07-25,31.899999618530273,32.0,30.25,30.549999237060547,273711
2013-07-26,30.0,31.200000762939453,29.299999237060547,30.149999618530273,274808
2013-07-29,30.0,30.0,28.600000381469727,28.799999237060547,209760
2013-07-30,28.950000762939453,29.0,26.149999618530273,26.350000381469727,403171
2013-07-31,26.350000381469727,26.350000381469727,24.0,24.850000381469727,475614
2013-08-01,25.0,25.799999237060547,23.649999618530273,23.649999618530273,298524
2013-08-02,23.75,24.0,22.5,22.5,142769
2013-08-05,21.700000762939453,21.899999618530273,21.399999618530273,21.399999618530273,232847
2013-08-06,20.350000381469727,20.350000381469727,20.350000381469727,20.350000381469727,72190
2013-08-07,19.350000381469727,20.75,19.350000381469727,19.350000381469727,438693
2013-08-08,19.0,19.75,18.399999618530273,18.549999237060547,854464
2013-08-12,18.75,19.450000762939453,18.700000762939453,19.100000381469727,892601
2013-08-13,19.100000381469727,19.75,18.600000381469727,19.149999618530273,542395
2013-08-14,19.149999618530273,20.100000381469727,19.049999237060547,20.100000381469727,268282
2013-08-16,21.100000381469727,21.100000381469727,19.100000381469727,19.5,862799
2013-08-19,19.700000762939453,20.299999237060547,18.75,19.950000762939453,444129
2013-08-20,19.600000381469727,20.350000381469727,19.25,20.0,335812
2013-08-21,20.0,21.0,19.600000381469727,19.799999237060547,750249
2013-08-22,19.5,19.899999618530273,18.850000381469727,18.850000381469727,558556
2013-08-23,19.0,19.299999237060547,18.200000762939453,18.549999237060547,323037
2013-08-26,18.549999237060547,19.350000381469727,18.5,18.799999237060547,254655
2013-08-27,19.0,19.0,18.25,18.399999618530273,170504
2013-08-28,18.25,18.5,17.549999237060547,18.0,247688
2013-08-29,18.049999237060547,18.5,18.0,18.25,196235
2013-08-30,18.149999618530273,18.799999237060547,17.700000762939453,17.799999237060547,271575
2013-09-02,18.0,18.299999237060547,17.600000381469727,18.100000381469727,144053
2013-09-03,18.600000381469727,18.799999237060547,17.700000762939453,17.850000381469727,227525
2013-09-04,17.649999618530273,18.5,17.399999618530273,18.0,217600
2013-09-05,18.299999237060547,18.899999618530273,18.200000762939453,18.5,918262
2013-09-06,18.850000381469727,20.350000381469727,18.5,19.950000762939453,1351233
2013-09-10,20.5,21.350000381469727,19.450000762939453,20.0,970004
2013-09-11,20.100000381469727,22.0,20.100000381469727,21.350000381469727,976866
2013-09-12,22.0,22.799999237060547,21.5,21.850000381469727,954703
2013-09-13,22.350000381469727,22.399999618530273,21.299999237060547,21.549999237060547,482797
2013-09-16,22.600000381469727,22.600000381469727,20.100000381469727,20.649999618530273,448706
2013-09-17,20.700000762939453,20.75,19.75,19.899999618530273,366118
2013-09-18,20.25,20.75,19.850000381469727,20.100000381469727,287957
2013-09-19,20.75,21.25,20.049999237060547,20.5,508578
2013-09-20,20.75,20.75,18.450000762939453,18.450000762939453,1102320
2013-09-23,18.25,19.200000762939453,18.25,18.649999618530273,560258
2013-09-24,18.950000762939453,19.149999618530273,18.549999237060547,19.0,388400
2013-09-25,19.149999618530273,19.350000381469727,18.600000381469727,19.049999237060547,309456
2013-09-26,19.0,19.350000381469727,18.850000381469727,19.049999237060547,233007
2013-09-27,19.0,19.649999618530273,19.0,19.100000381469727,378862
2013-09-30,19.0,19.299999237060547,18.299999237060547,18.549999237060547,274711
2013-10-01,18.549999237060547,19.100000381469727,18.350000381469727,18.799999237060547,312235
2013-10-03,18.850000381469727,19.799999237060547,18.799999237060547,19.25,362272
2013-10-04,19.350000381469727,19.450000762939453,18.799999237060547,18.899999618530273,243150
2013-10-07,19.299999237060547,19.850000381469727,18.75,19.299999237060547,453656
2013-10-08,19.299999237060547,19.649999618530273,19.149999618530273,19.200000762939453,202442
2013-10-09,19.149999618530273,20.100000381469727,19.049999237060547,19.850000381469727,477304
2013-10-10,19.700000762939453,21.799999237060547,19.700000762939453,21.799999237060547,1547211
2013-10-11,22.850000381469727,22.850000381469727,20.799999237060547,21.100000381469727,1116345
2013-10-14,21.100000381469727,21.450000762939453,20.600000381469727,20.799999237060547,333973
2013-10-15,21.0,21.399999618530273,19.950000762939453,20.049999237060547,367975
2013-10-17,20.25,20.799999237060547,20.0,20.149999618530273,292295
2013-10-18,20.25,20.799999237060547,20.200000762939453,20.600000381469727,300527
2013-10-21,20.399999618530273,21.649999618530273,20.399999618530273,21.200000762939453,493203
2013-10-22,21.100000381469727,22.899999618530273,21.100000381469727,22.5,1432377
2013-10-23,22.899999618530273,24.100000381469727,22.899999618530273,23.450000762939453,1291017
2013-10-24,23.799999237060547,24.350000381469727,22.549999237060547,23.299999237060547,943869
2013-10-25,24.0,25.600000381469727,23.700000762939453,25.600000381469727,2764892
2013-10-28,26.799999237060547,27.350000381469727,24.649999618530273,24.899999618530273,2043194
2013-10-29,25.0,25.200000762939453,23.200000762939453,23.899999618530273,1117479
2013-10-30,24.100000381469727,25.049999237060547,24.0,24.100000381469727,514307
2013-10-31,24.25,24.850000381469727,23.700000762939453,23.899999618530273,441393
2013-11-01,23.799999237060547,24.799999237060547,23.799999237060547,24.049999237060547,423339
2013-11-05,24.5,25.350000381469727,23.899999618530273,24.600000381469727,627150
2013-11-06,24.799999237060547,26.350000381469727,24.75,25.5,1283980
2013-11-07,25.799999237060547,26.450000762939453,24.649999618530273,24.850000381469727,1018332
2013-11-08,24.899999618530273,25.200000762939453,24.25,24.5,438409
2013-11-11,24.149999618530273,24.950000762939453,23.75,23.899999618530273,307944
2013-11-12,24.0,24.75,23.399999618530273,24.350000381469727,602675
2013-11-13,24.299999237060547,24.350000381469727,23.200000762939453,23.450000762939453,521996
2013-11-14,23.5,23.700000762939453,22.649999618530273,22.850000381469727,518398
2013-11-18,23.0,23.450000762939453,22.549999237060547,22.850000381469727,458018
2013-11-19,22.600000381469727,23.5,22.600000381469727,23.350000381469727,348462
2013-11-20,23.100000381469727,23.799999237060547,22.899999618530273,23.049999237060547,251409
2013-11-21,23.25,24.450000762939453,22.600000381469727,23.149999618530273,910899
2013-11-22,23.700000762939453,23.850000381469727,22.600000381469727,22.799999237060547,366252
2013-11-25,23.549999237060547,23.549999237060547,22.600000381469727,22.950000762939453,307365
2013-11-26,23.0,25.200000762939453,23.0,25.200000762939453,3323132
2013-11-27,26.049999237060547,26.200000762939453,23.5,23.649999618530273,1346194
2013-11-28,23.899999618530273,26.0,23.649999618530273,26.0,2663966
2013-11-29,26.549999237060547,28.600000381469727,26.200000762939453,28.5,3540886
2013-12-02,28.899999618530273,29.799999237060547,28.0,28.450000762939453,1879707
2013-12-03,28.75,28.75,26.399999618530273,26.899999618530273,1115312
2013-12-04,27.0,28.450000762939453,26.5,27.049999237060547,1220897
2013-12-05,27.600000381469727,27.850000381469727,26.600000381469727,26.899999618530273,823736
2013-12-06,26.0,27.600000381469727,25.600000381469727,25.700000762939453,342570
2013-12-09,26.299999237060547,26.299999237060547,25.0,25.399999618530273,253983
2013-12-10,25.5,25.799999237060547,24.149999618530273,24.149999618530273,247589
2013-12-11,24.350000381469727,24.5,23.5,24.100000381469727,205389
2013-12-12,23.549999237060547,24.350000381469727,23.549999237060547,23.799999237060547,119044
2013-12-13,23.700000762939453,24.399999618530273,23.049999237060547,23.450000762939453,228726
2013-12-16,23.100000381469727,24.399999618530273,23.0,23.850000381469727,188179
2013-12-17,23.600000381469727,24.399999618530273,23.25,23.350000381469727,144423
2013-12-18,23.549999237060547,24.200000762939453,23.549999237060547,23.799999237060547,137783
2013-12-19,23.850000381469727,24.200000762939453,23.299999237060547,23.600000381469727,100576
2013-12-20,23.5,23.950000762939453,22.450000762939453,22.549999237060547,535403
2013-12-23,22.700000762939453,23.0,22.0,22.350000381469727,387047
2013-12-24,22.899999618530273,23.450000762939453,22.450000762939453,23.450000762939453,152905
2013-12-26,24.600000381469727,24.600000381469727,24.600000381469727,24.600000381469727,111682
2013-12-27,25.799999237060547,25.799999237060547,25.799999237060547,25.799999237060547,282285
2013-12-30,26.700000762939453,27.049999237060547,24.75,26.950000762939453,596709
2013-12-31,27.700000762939453,28.25,27.5,28.25,413470
2014-01-01,29.399999618530273,29.399999618530273,27.5,28.700000762939453,512561
2014-01-02,28.700000762939453,29.200000762939453,27.299999237060547,27.299999237060547,378660
2014-01-03,27.0,27.0,25.950000762939453,26.399999618530273,256329
2014-01-06,27.200000762939453,27.25,26.100000381469727,27.0,193109
2014-01-07,26.549999237060547,28.350000381469727,26.5,28.350000381469727,389342
2014-01-08,29.75,29.75,28.75,29.75,394075
2014-01-09,30.399999618530273,30.799999237060547,28.299999237060547,28.649999618530273,445997
2014-01-10,29.5,29.5,27.299999237060547,27.450000762939453,257960
2014-01-13,27.100000381469727,28.450000762939453,26.649999618530273,26.799999237060547,137126
2014-01-14,26.5,28.0,26.5,26.600000381469727,118344
2014-01-15,26.299999237060547,27.450000762939453,26.049999237060547,26.700000762939453,59113
2014-01-16,26.700000762939453,27.200000762939453,26.0,26.149999618530273,92001
2014-01-17,26.0,26.700000762939453,24.850000381469727,25.149999618530273,188064
2014-01-20,25.899999618530273,25.899999618530273,24.299999237060547,25.350000381469727,94615
2014-01-21,25.350000381469727,26.0,24.100000381469727,24.799999237060547,216846
2014-01-22,24.299999237060547,24.850000381469727,24.100000381469727,24.549999237060547,67417
2014-01-23,24.5,25.149999618530273,24.299999237060547,24.649999618530273,84276
2014-01-24,24.649999618530273,24.950000762939453,23.600000381469727,23.899999618530273,109963
2014-01-27,23.5,23.799999237060547,22.75,22.75,160534
2014-01-28,22.75,23.600000381469727,22.200000762939453,23.200000762939453,132523
2014-01-29,24.0,24.100000381469727,23.200000762939453,23.700000762939453,78558
2014-01-30,23.700000762939453,23.700000762939453,22.700000762939453,22.899999618530273,83896
2014-01-31,22.350000381469727,23.799999237060547,22.350000381469727,23.600000381469727,133107
2014-02-03,23.100000381469727,24.5,23.049999237060547,23.450000762939453,152997
2014-02-04,23.5,23.899999618530273,22.600000381469727,23.549999237060547,61399
2014-02-05,23.549999237060547,24.100000381469727,23.100000381469727,23.700000762939453,46636
2014-02-06,24.200000762939453,24.200000762939453,23.0,23.350000381469727,84771
2014-02-07,22.799999237060547,23.950000762939453,22.799999237060547,23.350000381469727,45449
2014-02-10,23.299999237060547,23.899999618530273,23.0,23.200000762939453,66699
2014-02-11,23.100000381469727,23.799999237060547,23.0,23.299999237060547,51439
2014-02-12,23.549999237060547,23.600000381469727,23.049999237060547,23.149999618530273,51177
2014-02-13,23.0,23.450000762939453,22.0,22.5,205464
2014-02-14,23.399999618530273,23.399999618530273,22.350000381469727,22.700000762939453,60892
2014-02-17,22.600000381469727,23.350000381469727,22.5,22.899999618530273,92834
2014-02-18,23.0,23.25,22.5,23.100000381469727,68665
2014-02-19,23.0,23.350000381469727,22.549999237060547,22.75,52220
2014-02-20,22.600000381469727,23.850000381469727,22.549999237060547,22.649999618530273,73080
2014-02-21,22.700000762939453,23.75,22.700000762939453,23.600000381469727,146245
2014-02-24,23.899999618530273,23.899999618530273,22.899999618530273,23.25,77673
2014-02-25,24.0,24.399999618530273,23.899999618530273,24.399999618530273,193975
2014-02-26,24.399999618530273,24.700000762939453,23.200000762939453,23.399999618530273,118828
2014-02-28,23.5,23.899999618530273,22.850000381469727,22.950000762939453,83576
2014-03-03,23.0,23.649999618530273,22.0,22.549999237060547,225006
2014-03-04,22.549999237060547,23.399999618530273,22.399999618530273,23.100000381469727,103810
2014-03-05,23.100000381469727,23.5,22.700000762939453,22.899999618530273,189974
2014-03-06,23.399999618530273,24.0,23.049999237060547,24.0,241138
2014-03-07,24.799999237060547,25.149999618530273,23.299999237060547,23.399999618530273,541372
2014-03-10,23.5,24.0,23.200000762939453,23.299999237060547,247307
2014-03-11,23.200000762939453,24.75,23.200000762939453,24.350000381469727,540118
2014-03-12,25.200000762939453,26.399999618530273,24.899999618530273,25.200000762939453,1449900
2014-03-13,25.200000762939453,25.350000381469727,24.25,24.350000381469727,298125
2014-03-14,24.0,24.0,23.299999237060547,23.600000381469727,307006
2014-03-18,23.600000381469727,24.25,23.549999237060547,23.899999618530273,205641
2014-03-19,24.0,25.399999618530273,23.649999618530273,24.25,437080
2014-03-20,24.399999618530273,24.399999618530273,23.5,23.649999618530273,228629
2014-03-21,23.700000762939453,24.25,23.700000762939453,23.950000762939453,188020
2014-03-24,24.899999618530273,24.899999618530273,23.700000762939453,23.799999237060547,176715
2014-03-25,23.700000762939453,24.100000381469727,23.5,23.649999618530273,175618
2014-03-26,23.700000762939453,25.700000762939453,23.700000762939453,25.100000381469727,1818988
2014-03-27,25.450000762939453,25.799999237060547,24.600000381469727,24.850000381469727,470403
2014-03-28,25.0,25.149999618530273,24.5,24.75,191174
2014-03-31,25.0,25.200000762939453,24.399999618530273,25.0,365977
2014-04-01,27.049999237060547,27.5,27.0,27.5,573384
2014-04-02,29.100000381469727,30.25,28.049999237060547,30.25,4446707
2014-04-03,31.149999618530273,32.20000076293945,29.75,30.100000381469727,1993083
2014-04-04,30.299999237060547,30.899999618530273,30.0,30.149999618530273,736221
2014-04-07,30.149999618530273,33.150001525878906,30.100000381469727,33.099998474121094,2372794
2014-04-09,33.29999923706055,33.400001525878906,31.450000762939453,31.649999618530273,1929969
2014-04-10,32.400001525878906,32.400001525878906,30.549999237060547,31.049999237060547,797013
2014-04-11,31.0,31.049999237060547,29.799999237060547,30.149999618530273,597059
2014-04-15,31.5,31.5,28.649999618530273,28.75,247192
2014-04-16,28.649999618530273,29.5,27.350000381469727,27.649999618530273,261271
2014-04-17,27.149999618530273,28.600000381469727,27.0,28.0,281092
2014-04-21,28.549999237060547,28.899999618530273,27.799999237060547,28.549999237060547,195873
2014-04-22,28.549999237060547,28.850000381469727,27.299999237060547,27.899999618530273,178971
2014-04-23,27.799999237060547,28.399999618530273,27.100000381469727,27.350000381469727,234126
2014-04-24,27.350000381469727,27.350000381469727,27.350000381469727,27.350000381469727,0
2014-04-25,27.0,27.950000762939453,26.700000762939453,27.100000381469727,161916
2014-04-28,27.649999618530273,28.0,26.25,26.799999237060547,163297
2014-04-29,26.799999237060547,27.549999237060547,26.600000381469727,26.950000762939453,147437
2014-04-30,27.5,27.5,25.649999618530273,25.649999618530273,253239
2014-05-02,26.700000762939453,26.700000762939453,25.200000762939453,25.399999618530273,145185
2014-05-05,25.0,25.649999618530273,24.75,24.899999618530273,147513
2014-05-06,25.399999618530273,25.399999618530273,24.549999237060547,24.700000762939453,139985
2014-05-07,24.899999618530273,25.149999618530273,24.350000381469727,24.700000762939453,220851
2014-05-08,24.299999237060547,25.299999237060547,24.299999237060547,24.549999237060547,103063
2014-05-09,24.5,25.100000381469727,24.5,24.899999618530273,229857
2014-05-12,24.850000381469727,26.100000381469727,24.75,26.049999237060547,428997
2014-05-13,27.200000762939453,27.350000381469727,26.149999618530273,27.299999237060547,339300
2014-05-14,27.350000381469727,27.600000381469727,26.350000381469727,27.350000381469727,354293
2014-05-15,27.450000762939453,27.850000381469727,26.549999237060547,26.950000762939453,190062
2014-05-16,27.549999237060547,28.149999618530273,26.450000762939453,26.700000762939453,273723
2014-05-19,27.0,28.0,26.450000762939453,28.0,220876
2014-05-20,29.0,29.399999618530273,29.0,29.399999618530273,199661
2014-05-21,30.850000381469727,30.850000381469727,30.850000381469727,30.850000381469727,226562
2014-05-22,32.349998474121094,32.349998474121094,32.0,32.349998474121094,502426
2014-05-23,33.95000076293945,33.95000076293945,33.5,33.95000076293945,462672
2014-05-26,35.29999923706055,35.599998474121094,32.29999923706055,32.29999923706055,939242
2014-05-27,30.700000762939453,30.700000762939453,30.700000762939453,30.700000762939453,58162
2014-05-28,29.200000762939453,32.20000076293945,29.200000762939453,32.20000076293945,829163
2014-05-29,32.0,32.0,30.600000381469727,30.600000381469727,197672
2014-05-30,29.450000762939453,31.0,29.200000762939453,29.600000381469727,296158
2014-06-02,30.0,31.049999237060547,29.399999618530273,31.049999237060547,315765
2014-06-03,31.799999237060547,31.950000762939453,30.200000762939453,30.950000762939453,199495
2014-06-04,30.700000762939453,32.349998474121094,30.5,32.099998474121094,320327
2014-06-05,32.0,33.70000076293945,31.700000762939453,33.70000076293945,537523
2014-06-06,33.70000076293945,35.29999923706055,33.25,34.04999923706055,564826
2014-06-09,33.75,35.75,33.75,35.75,541119
2014-06-10,36.79999923706055,37.5,34.29999923706055,37.5,655079
2014-06-11,39.349998474121094,39.349998474121094,39.349998474121094,39.349998474121094,308323
2014-06-12,41.0,41.29999923706055,40.0,41.29999923706055,882045
2014-06-13,43.349998474121094,43.349998474121094,39.25,39.650001525878906,3114654
2014-06-16,39.20000076293945,39.29999923706055,37.70000076293945,38.150001525878906,640551
2014-06-17,39.20000076293945,40.04999923706055,38.599998474121094,40.04999923706055,1033018
2014-06-18,42.04999923706055,42.04999923706055,38.70000076293945,40.29999923706055,1366249
2014-06-19,40.900001525878906,42.04999923706055,39.599998474121094,40.29999923706055,583457
2014-06-20,41.75,41.75,38.650001525878906,39.04999923706055,325198
2014-06-23,39.25,39.45000076293945,37.849998474121094,38.29999923706055,331200
2014-06-24,38.29999923706055,40.20000076293945,38.29999923706055,40.150001525878906,523890
2014-06-25,41.0,41.5,40.099998474121094,40.29999923706055,524795
2014-06-26,40.0,40.70000076293945,38.5,38.849998474121094,510122
2014-06-27,38.599998474121094,39.349998474121094,38.0,38.45000076293945,403090
2014-06-30,39.599998474121094,39.599998474121094,38.0,38.95000076293945,198266
2014-07-01,39.099998474121094,39.599998474121094,38.25,38.75,176847
2014-07-02,39.599998474121094,39.70000076293945,38.400001525878906,38.650001525878906,181989
2014-07-03,38.5,38.95000076293945,37.29999923706055,37.900001525878906,159816
2014-07-04,38.900001525878906,39.75,37.099998474121094,39.75,270792
2014-07-07,41.0,41.0,39.349998474121094,39.75,241005
2014-07-08,39.29999923706055,40.099998474121094,37.79999923706055,37.79999923706055,156408
2014-07-09,38.400001525878906,38.70000076293945,35.95000076293945,36.400001525878906,356952
2014-07-10,38.099998474121094,38.20000076293945,36.099998474121094,37.25,381265
2014-07-11,37.349998474121094,37.5,35.400001525878906,35.400001525878906,225542
2014-07-14,36.0,36.0,33.650001525878906,33.650001525878906,196992
2014-07-15,33.75,34.75,32.150001525878906,32.5,273645
2014-07-16,33.0,33.900001525878906,31.700000762939453,33.0,247315
2014-07-17,33.0,34.29999923706055,32.650001525878906,33.849998474121094,105145
2014-07-18,33.099998474121094,34.0,32.650001525878906,33.25,105107
2014-07-21,34.900001525878906,34.900001525878906,33.79999923706055,34.099998474121094,164389
2014-07-22,34.20000076293945,35.0,33.900001525878906,34.04999923706055,136582
2014-07-23,34.0,34.400001525878906,33.349998474121094,33.599998474121094,89294
2014-07-24,33.0,33.79999923706055,32.04999923706055,32.849998474121094,80235
2014-07-25,33.0,33.599998474121094,31.299999237060547,31.549999237060547,108848
2014-07-28,31.700000762939453,32.25,30.100000381469727,30.399999618530273,101360
2014-07-30,29.049999237060547,31.899999618530273,29.0,31.600000381469727,184432
2014-07-31,31.799999237060547,32.0,30.549999237060547,31.350000381469727,70882
2014-08-01,31.049999237060547,32.29999923706055,30.0,30.899999618530273,121226
2014-08-04,31.5,32.20000076293945,30.600000381469727,32.04999923706055,97470
2014-08-05,32.0,33.650001525878906,31.649999618530273,32.849998474121094,123312
2014-08-06,33.45000076293945,33.45000076293945,31.75,31.850000381469727,138170
2014-08-07,32.0,32.150001525878906,30.649999618530273,31.0,106158
2014-08-08,30.5,30.899999618530273,29.600000381469727,30.25,153069
2014-08-11,30.299999237060547,31.75,30.299999237060547,31.049999237060547,177866
2014-08-12,30.600000381469727,31.600000381469727,30.600000381469727,31.0,114561
2014-08-13,30.299999237060547,31.350000381469727,29.450000762939453,29.450000762939453,142240
2014-08-14,29.200000762939453,29.200000762939453,28.0,28.5,290367
2014-08-18,27.299999237060547,29.899999618530273,27.299999237060547,29.899999618530273,418773
2014-08-19,30.399999618530273,31.350000381469727,30.299999237060547,31.350000381469727,699611
2014-08-20,32.349998474121094,32.349998474121094,30.5,31.049999237060547,232086
2014-08-21,31.5,32.599998474121094,31.5,32.599998474121094,1054388
2014-08-22,32.95000076293945,33.0,31.100000381469727,31.5,360947
2014-08-25,31.0,32.20000076293945,29.950000762939453,30.0,188244
2014-08-26,29.700000762939453,30.399999618530273,28.5,29.399999618530273,318097
2014-08-27,29.399999618530273,30.399999618530273,28.149999618530273,29.049999237060547,195378
2014-08-28,28.799999237060547,29.299999237060547,28.700000762939453,29.049999237060547,117598
2014-09-01,29.299999237060547,30.5,29.299999237060547,30.5,227229
2014-09-02,30.5,32.0,30.0,31.299999237060547,479988
2014-09-03,31.0,32.849998474121094,30.799999237060547,32.79999923706055,625238
2014-09-04,32.79999923706055,33.45000076293945,31.200000762939453,31.200000762939453,225522
2014-09-05,30.25,34.29999923706055,30.200000762939453,33.650001525878906,708613
2014-09-08,35.45000076293945,35.45000076293945,32.900001525878906,33.150001525878906,755761
2014-09-09,33.150001525878906,34.0,30.950000762939453,31.350000381469727,596925
2014-09-10,31.25,32.650001525878906,31.25,32.25,388153
2014-09-11,32.0,35.45000076293945,32.0,35.45000076293945,1148253
2014-09-12,35.79999923706055,36.29999923706055,33.29999923706055,33.54999923706055,710519
2014-09-15,33.79999923706055,34.5,33.0,33.900001525878906,321159
2014-09-16,34.20000076293945,35.150001525878906,31.0,34.150001525878906,820910
2014-09-17,34.900001525878906,35.04999923706055,32.099998474121094,32.45000076293945,963988
2014-09-18,32.70000076293945,33.5,32.29999923706055,32.95000076293945,298200
2014-09-19,33.20000076293945,33.5,32.5,32.650001525878906,253072
2014-09-22,32.900001525878906,34.20000076293945,32.099998474121094,33.5,339413
2014-09-23,33.75,34.20000076293945,32.29999923706055,32.54999923706055,332487
2014-09-24,35.0,35.599998474121094,32.599998474121094,33.20000076293945,2139420
2014-09-25,33.900001525878906,34.20000076293945,29.899999618530273,30.5,703331
2014-09-26,30.200000762939453,31.899999618530273,29.600000381469727,31.25,429372
2014-09-29,31.100000381469727,32.25,31.100000381469727,31.549999237060547,161807
2014-09-30,31.25,31.700000762939453,30.299999237060547,30.649999618530273,237510
2014-10-01,30.350000381469727,31.200000762939453,30.0,30.149999618530273,221833
2014-10-07,30.0,30.25,28.0,28.899999618530273,268934
2014-10-08,30.0,30.399999618530273,28.899999618530273,29.200000762939453,265607
2014-10-09,29.049999237060547,30.75,29.049999237060547,30.100000381469727,252195
2014-10-10,29.799999237060547,30.200000762939453,29.399999618530273,29.5,171981
2014-10-13,29.0,30.399999618530273,29.0,29.700000762939453,175800
2014-10-14,29.75,30.100000381469727,28.549999237060547,28.799999237060547,221387
2014-10-15,28.799999237060547,28.799999237060547,28.799999237060547,28.799999237060547,0
2014-10-16,28.700000762939453,29.200000762939453,27.850000381469727,28.0,217953
2014-10-17,28.0,29.0,26.5,27.399999618530273,486545
2014-10-20,27.950000762939453,28.5,26.600000381469727,26.75,205759
2014-10-21,26.950000762939453,27.299999237060547,25.399999618530273,25.700000762939453,260096
2014-10-22,25.899999618530273,26.549999237060547,25.850000381469727,26.450000762939453,191921
2014-10-27,27.0,27.5,26.5,26.75,245138
2014-10-28,27.149999618530273,27.799999237060547,26.799999237060547,27.049999237060547,119831
2014-10-29,27.200000762939453,27.950000762939453,26.899999618530273,27.350000381469727,162865
2014-10-30,27.100000381469727,31.5,26.5,30.700000762939453,1057353
2014-10-31,30.950000762939453,32.650001525878906,30.399999618530273,30.700000762939453,1578970
2014-11-03,30.899999618530273,33.5,30.600000381469727,33.099998474121094,1036427
2014-11-05,34.099998474121094,34.349998474121094,32.20000076293945,32.5,1204559
2014-11-07,32.099998474121094,33.099998474121094,31.299999237060547,31.450000762939453,306986
2014-11-10,31.25,32.0,30.549999237060547,30.799999237060547,197379
2014-11-11,31.5,32.45000076293945,29.600000381469727,30.899999618530273,427234
2014-11-12,31.299999237060547,31.5,30.200000762939453,30.399999618530273,237673
2014-11-13,30.700000762939453,30.899999618530273,29.75,30.049999237060547,253591
2014-11-14,29.700000762939453,31.450000762939453,29.700000762939453,30.200000762939453,326746
2014-11-17,29.600000381469727,32.70000076293945,29.149999618530273,30.649999618530273,570353
2014-11-18,30.549999237060547,31.5,29.649999618530273,30.100000381469727,362715
2014-11-19,30.200000762939453,30.600000381469727,29.149999618530273,29.450000762939453,364117
2014-11-20,29.149999618530273,29.700000762939453,28.950000762939453,29.049999237060547,169230
2014-11-21,29.149999618530273,29.75,29.049999237060547,29.299999237060547,226629
2014-11-24,29.299999237060547,30.399999618530273,29.100000381469727,29.399999618530273,269280
2014-11-25,29.600000381469727,29.700000762939453,28.100000381469727,28.549999237060547,226355
2014-11-26,28.950000762939453,28.950000762939453,27.850000381469727,28.149999618530273,223323
2014-11-27,28.399999618530273,29.350000381469727,27.899999618530273,28.75,276265
2014-11-28,28.75,29.200000762939453,28.100000381469727,28.200000762939453,182722
2014-12-01,27.899999618530273,28.5,27.649999618530273,27.799999237060547,158851
2014-12-02,27.799999237060547,28.299999237060547,27.649999618530273,27.950000762939453,193454
2014-12-03,28.25,28.350000381469727,27.799999237060547,27.950000762939453,252718
2014-12-04,28.299999237060547,29.149999618530273,27.649999618530273,27.850000381469727,493290
2014-12-05,27.899999618530273,28.299999237060547,27.450000762939453,27.549999237060547,302941
2014-12-08,27.549999237060547,27.850000381469727,26.899999618530273,27.200000762939453,184339
2014-12-09,26.75,27.25,26.149999618530273,26.350000381469727,313628
2014-12-10,26.149999618530273,26.450000762939453,25.5,25.799999237060547,319753
2014-12-11,25.75,25.899999618530273,25.0,25.149999618530273,332316
2014-12-12,24.899999618530273,25.5,24.5,24.549999237060547,230444
2014-12-15,24.299999237060547,28.799999237060547,23.75,26.950000762939453,2625507
2014-12-16,26.5,26.649999618530273,24.149999618530273,24.399999618530273,602899
2014-12-17,24.200000762939453,25.0,23.700000762939453,24.0,350345
2014-12-18,24.5,25.149999618530273,24.200000762939453,24.399999618530273,429040
2014-12-19,24.799999237060547,25.5,24.0,24.149999618530273,367324
2014-12-22,25.0,25.0,23.799999237060547,23.950000762939453,271431
2014-12-23,24.0,24.399999618530273,23.200000762939453,23.850000381469727,518439
2014-12-24,23.549999237060547,24.299999237060547,23.200000762939453,23.549999237060547,314271
2014-12-26,23.899999618530273,25.850000381469727,23.549999237060547,24.350000381469727,1348801
2014-12-29,24.049999237060547,24.950000762939453,24.049999237060547,24.25,483717
2014-12-30,24.049999237060547,25.149999618530273,23.75,24.450000762939453,626897
2014-12-31,24.200000762939453,25.0,24.200000762939453,24.549999237060547,241192
2015-01-01,24.299999237060547,25.75,24.299999237060547,25.200000762939453,386873
2015-01-02,25.200000762939453,25.600000381469727,24.75,24.950000762939453,292503
2015-01-05,24.899999618530273,27.600000381469727,24.700000762939453,26.5,1740412
2015-01-06,26.549999237060547,26.649999618530273,25.299999237060547,25.450000762939453,819425
2015-01-07,25.75,26.100000381469727,25.049999237060547,25.700000762939453,305726
2015-01-08,25.75,27.5,25.75,26.549999237060547,868348
2015-01-09,27.75,28.700000762939453,27.5,28.0,1756730
2015-01-12,28.5,29.100000381469727,28.049999237060547,28.649999618530273,1403080
2015-01-13,28.950000762939453,30.600000381469727,27.799999237060547,29.399999618530273,1898480
2015-01-14,30.350000381469727,30.799999237060547,28.399999618530273,28.700000762939453,1665946
2015-01-15,29.100000381469727,29.450000762939453,28.049999237060547,28.25,531578
2015-01-16,28.350000381469727,28.5,27.799999237060547,27.899999618530273,262630
2015-01-19,28.0,28.399999618530273,27.5,27.700000762939453,296913
2015-01-20,27.899999618530273,28.100000381469727,27.0,27.100000381469727,348566
2015-01-21,27.049999237060547,28.0,26.399999618530273,26.549999237060547,454402
2015-01-22,26.799999237060547,27.200000762939453,26.399999618530273,26.549999237060547,248085
2015-01-23,26.899999618530273,26.899999618530273,25.600000381469727,25.899999618530273,437658
2015-01-27,26.049999237060547,27.399999618530273,26.049999237060547,27.149999618530273,877286
2015-01-28,27.0,27.600000381469727,26.0,26.25,1557355
2015-01-29,26.25,26.649999618530273,26.0,26.049999237060547,472562
2015-01-30,26.399999618530273,26.399999618530273,25.600000381469727,25.799999237060547,527743
2015-02-02,26.0,26.350000381469727,25.700000762939453,25.950000762939453,260393
2015-02-03,26.200000762939453,26.25,25.600000381469727,25.799999237060547,205183
2015-02-04,26.200000762939453,26.75,25.799999237060547,25.950000762939453,539525
2015-02-05,26.149999618530273,26.299999237060547,24.649999618530273,25.049999237060547,444060
2015-02-06,25.399999618530273,25.399999618530273,24.100000381469727,24.299999237060547,413338
2015-02-09,24.049999237060547,24.25,23.450000762939453,23.649999618530273,332237
2015-02-10,23.600000381469727,24.399999618530273,23.5,23.649999618530273,360272
2015-02-11,24.25,24.299999237060547,23.549999237060547,23.700000762939453,324493
2015-02-12,24.100000381469727,24.350000381469727,23.450000762939453,23.5,787949
2015-02-13,23.600000381469727,24.100000381469727,23.5,23.649999618530273,689597
2015-02-16,23.399999618530273,23.950000762939453,23.049999237060547,23.100000381469727,582198
2015-02-18,23.0,24.450000762939453,23.0,23.200000762939453,1538485
2015-02-19,23.299999237060547,23.649999618530273,23.0,23.25,812057
2015-02-20,23.299999237060547,24.25,23.149999618530273,23.350000381469727,1568937
2015-02-23,23.75,24.100000381469727,22.899999618530273,23.0,1415870
2015-02-24,23.149999618530273,23.299999237060547,22.700000762939453,22.850000381469727,739895
2015-02-25,23.399999618530273,23.5,22.549999237060547,22.75,839747
2015-02-26,22.899999618530273,23.149999618530273,22.25,22.5,571435
2015-02-27,22.700000762939453,23.299999237060547,22.549999237060547,23.049999237060547,1202227
2015-03-02,22.450000762939453,22.450000762939453,21.399999618530273,21.600000381469727,1057106
2015-03-03,21.75,22.100000381469727,21.399999618530273,21.5,702700
2015-03-04,21.75,21.799999237060547,20.299999237060547,20.5,950955
2015-03-05,20.850000381469727,20.850000381469727,19.549999237060547,19.799999237060547,963210
2015-03-09,19.600000381469727,19.799999237060547,18.899999618530273,19.0,810299
2015-03-10,19.25,19.399999618530273,18.75,18.850000381469727,514770
2015-03-11,18.899999618530273,18.950000762939453,17.75,17.850000381469727,1247780
2015-03-12,18.350000381469727,18.850000381469727,18.25,18.450000762939453,1287869
2015-03-13,18.700000762939453,18.700000762939453,17.450000762939453,17.700000762939453,678894
2015-03-16,17.950000762939453,17.950000762939453,16.0,16.100000381469727,1567496
2015-03-17,16.450000762939453,16.450000762939453,14.449999809265137,15.100000381469727,2267963
2015-03-18,15.699999809265137,15.75,14.850000381469727,15.399999618530273,1588932
2015-03-19,15.699999809265137,15.850000381469727,14.399999618530273,14.550000190734863,1933302
2015-03-20,14.149999618530273,14.600000381469727,13.899999618530273,14.0,785609
2015-03-23,14.199999809265137,14.449999809265137,13.550000190734863,13.649999618530273,922590
2015-03-24,14.0,14.0,12.699999809265137,12.800000190734863,1008134
2015-03-25,12.699999809265137,12.899999618530273,11.899999618530273,12.0,1076597
2015-03-26,11.949999809265137,12.800000190734863,11.5,12.149999618530273,1307546
2015-03-27,12.5,12.649999618530273,11.699999809265137,11.899999618530273,1075744
2015-03-30,12.25,12.649999618530273,12.050000190734863,12.399999618530273,1124181
2015-03-31,12.75,12.850000381469727,12.300000190734863,12.350000381469727,845236
2015-04-01,12.449999809265137,13.550000190734863,12.350000381469727,13.550000190734863,499009
2015-04-06,14.399999618530273,14.899999618530273,14.300000190734863,14.899999618530273,3742079
2015-04-07,15.75,16.350000381469727,15.25,16.350000381469727,3304310
2015-04-08,17.149999618530273,17.149999618530273,17.149999618530273,17.149999618530273,213442
2015-04-09,18.0,18.0,17.5,18.0,1305779
2015-04-10,18.899999618530273,18.899999618530273,18.899999618530273,18.899999618530273,149132
2015-04-13,19.799999237060547,19.799999237060547,18.649999618530273,19.799999237060547,2782900
2015-04-15,20.649999618530273,20.649999618530273,18.850000381469727,19.049999237060547,3206499
2015-04-16,18.850000381469727,19.100000381469727,18.100000381469727,18.100000381469727,629394
2015-04-17,17.450000762939453,18.200000762939453,17.200000762939453,17.200000762939453,2382854
2015-04-20,17.649999618530273,18.049999237060547,17.100000381469727,17.299999237060547,2976268
2015-04-21,17.75,17.75,16.600000381469727,16.799999237060547,937682
2015-04-22,17.100000381469727,17.600000381469727,16.100000381469727,16.799999237060547,1436573
2015-04-23,17.149999618530273,17.149999618530273,16.100000381469727,16.200000762939453,712042
2015-04-24,16.399999618530273,16.5,15.399999618530273,15.449999809265137,787704
2015-04-27,15.75,15.75,14.699999809265137,14.699999809265137,658345
2015-04-28,14.800000190734863,14.800000190734863,14.100000381469727,14.550000190734863,736467
2015-04-29,14.800000190734863,15.25,13.850000381469727,14.149999618530273,2983203
2015-04-30,14.300000190734863,14.800000190734863,13.949999809265137,14.449999809265137,750264
2015-05-04,14.949999809265137,15.850000381469727,14.800000190734863,15.850000381469727,838068
2015-05-05,16.299999237060547,17.200000762939453,15.800000190734863,16.850000381469727,1712686
2015-05-06,16.700000762939453,17.049999237060547,15.199999809265137,15.350000381469727,1446634
2015-05-07,15.300000190734863,15.350000381469727,14.550000190734863,14.850000381469727,906932
2015-05-08,15.050000190734863,15.75,15.050000190734863,15.449999809265137,517014
2015-05-11,15.550000190734863,15.899999618530273,14.899999618530273,15.050000190734863,515408
2015-05-12,15.149999618530273,15.25,14.0,14.199999809265137,670110
2015-05-13,14.449999809265137,14.75,14.100000381469727,14.25,579738
2015-05-14,14.5,14.75,13.75,14.350000381469727,607904
2015-05-15,14.350000381469727,14.800000190734863,13.899999618530273,14.0,664068
2015-05-18,14.149999618530273,14.25,13.899999618530273,14.100000381469727,506174
2015-05-19,14.25,14.449999809265137,13.899999618530273,14.0,531146
2015-05-20,14.100000381469727,14.25,13.949999809265137,14.0,337046
2015-05-21,14.0,14.25,13.600000381469727,13.75,481027
2015-05-22,13.800000190734863,14.050000190734863,13.149999618530273,13.75,883920
2015-05-25,14.899999618530273,14.899999618530273,14.0,14.050000190734863,1301548
2015-05-26,14.050000190734863,14.100000381469727,13.649999618530273,13.699999809265137,490187
2015-05-27,13.649999618530273,13.649999618530273,13.350000381469727,13.449999809265137,413681
2015-05-28,13.850000381469727,13.850000381469727,13.300000190734863,13.350000381469727,430149
2015-05-29,13.399999618530273,13.649999618530273,13.050000190734863,13.149999618530273,641900
2015-06-01,13.699999809265137,13.699999809265137,13.100000381469727,13.149999618530273,345704
2015-06-02,13.300000190734863,13.300000190734863,12.600000381469727,12.75,570672
2015-06-03,12.800000190734863,12.850000381469727,11.5,11.5,1242093
2015-06-04,11.899999618530273,12.199999809265137,11.300000190734863,11.5,1109652
2015-06-05,11.699999809265137,11.899999618530273,11.25,11.399999618530273,1036987
2015-06-08,11.649999618530273,11.649999618530273,10.600000381469727,11.0,712177
2015-06-09,10.949999809265137,11.199999809265137,10.949999809265137,11.050000190734863,459786
2015-06-10,11.0,11.550000190734863,10.949999809265137,11.050000190734863,705894
2015-06-11,11.050000190734863,11.300000190734863,10.5,10.600000381469727,672327
2015-06-12,10.600000381469727,10.649999618530273,9.899999618530273,10.0,934490
2015-06-15,10.0,11.300000190734863,10.0,10.649999618530273,2500394
2015-06-16,10.699999809265137,10.850000381469727,10.149999618530273,10.350000381469727,824094
2015-06-17,10.449999809265137,10.699999809265137,10.300000190734863,10.449999809265137,948242
2015-06-18,10.649999618530273,10.75,10.350000381469727,10.449999809265137,777019
2015-06-19,10.5,10.850000381469727,10.449999809265137,10.550000190734863,713257
2015-06-22,10.649999618530273,11.550000190734863,10.600000381469727,11.100000381469727,1977061
2015-06-23,11.25,11.300000190734863,10.5,10.899999618530273,938726
2015-06-24,10.899999618530273,11.800000190734863,10.699999809265137,10.899999618530273,2396645
2015-06-25,10.899999618530273,11.100000381469727,10.800000190734863,10.949999809265137,1213206
2015-06-26,11.25,11.800000190734863,10.75,10.899999618530273,3817561
2015-06-29,10.199999809265137,10.449999809265137,9.949999809265137,10.0,1734209
2015-06-30,10.100000381469727,10.300000190734863,9.899999618530273,9.949999809265137,1259214
2015-07-01,10.149999618530273,10.5,10.050000190734863,10.100000381469727,1569070
2015-07-02,10.199999809265137,10.399999618530273,9.899999618530273,9.949999809265137,1433994
2015-07-03,10.149999618530273,10.149999618530273,9.899999618530273,9.949999809265137,703340
2015-07-06,9.899999618530273,10.300000190734863,9.350000381469727,10.100000381469727,1070500
2015-07-07,10.149999618530273,10.350000381469727,9.949999809265137,10.100000381469727,851232
2015-07-08,10.0,10.800000190734863,9.899999618530273,10.449999809265137,2733361
2015-07-09,10.600000381469727,11.649999618530273,10.300000190734863,11.199999809265137,3619253
2015-07-10,11.449999809265137,11.600000381469727,10.899999618530273,10.949999809265137,1536988
2015-07-13,11.050000190734863,11.399999618530273,10.949999809265137,11.199999809265137,1006787
2015-07-14,11.199999809265137,12.100000381469727,11.050000190734863,11.850000381469727,3216220
2015-07-15,12.350000381469727,14.199999809265137,12.100000381469727,14.199999809265137,24670099
2015-07-16,14.75,15.5,13.800000190734863,14.199999809265137,9862653
2015-07-17,14.199999809265137,15.350000381469727,13.300000190734863,14.699999809265137,7724609
2015-07-20,14.949999809265137,15.350000381469727,14.5,14.699999809265137,3857312
2015-07-21,14.75,14.899999618530273,13.600000381469727,13.75,2044157
2015-07-22,13.800000190734863,14.0,13.399999618530273,13.550000190734863,1422951
2015-07-23,13.600000381469727,14.149999618530273,13.399999618530273,13.75,1383314
2015-07-24,13.550000190734863,13.800000190734863,13.0,13.050000190734863,1107813
2015-07-27,13.0,13.300000190734863,12.399999618530273,12.5,1220436
2015-07-28,12.600000381469727,12.850000381469727,11.899999618530273,12.100000381469727,1143098
2015-07-29,12.300000190734863,12.800000190734863,12.199999809265137,12.350000381469727,1027737
2015-07-30,12.449999809265137,13.899999618530273,12.399999618530273,13.550000190734863,2538722
2015-07-31,13.5,13.699999809265137,13.0,13.149999618530273,950190
2015-08-03,13.5,13.649999618530273,13.100000381469727,13.25,765037
2015-08-04,13.449999809265137,13.550000190734863,12.800000190734863,13.100000381469727,729151
2015-08-05,13.25,14.300000190734863,13.25,13.800000190734863,1851987
2015-08-06,13.899999618530273,14.100000381469727,13.600000381469727,13.699999809265137,822224
2015-08-07,13.75,14.100000381469727,13.5,13.550000190734863,700910
2015-08-10,13.600000381469727,13.800000190734863,13.25,13.449999809265137,563154
2015-08-11,13.449999809265137,13.699999809265137,13.050000190734863,13.449999809265137,773538
2015-08-12,14.25,14.399999618530273,13.050000190734863,13.5,3278564
2015-08-13,13.600000381469727,13.949999809265137,13.0,13.149999618530273,851417
2015-08-14,13.25,13.449999809265137,12.699999809265137,13.100000381469727,791312
2015-08-17,13.0,13.449999809265137,12.800000190734863,13.25,713529
2015-08-18,13.399999618530273,13.399999618530273,12.899999618530273,13.0,626613
2015-08-19,13.149999618530273,14.100000381469727,13.0,13.699999809265137,2392024
2015-08-20,13.600000381469727,13.649999618530273,12.899999618530273,13.0,889723
2015-08-21,12.899999618530273,12.899999618530273,12.399999618530273,12.800000190734863,638041
2015-08-24,12.399999618530273,12.399999618530273,10.25,10.550000190734863,1360564
2015-08-25,10.949999809265137,11.199999809265137,9.75,10.899999618530273,1129637
2015-08-26,10.899999618530273,11.25,10.600000381469727,10.800000190734863,596151
2015-08-27,11.100000381469727,11.449999809265137,11.050000190734863,11.25,478737
2015-08-28,11.600000381469727,11.649999618530273,11.050000190734863,11.199999809265137,651155
2015-08-31,11.199999809265137,11.25,10.800000190734863,10.899999618530273,398573
2015-09-01,10.699999809265137,11.0,10.449999809265137,10.649999618530273,483879
2015-09-02,10.949999809265137,11.050000190734863,10.600000381469727,10.75,308361
2015-09-03,10.899999618530273,11.199999809265137,10.75,10.800000190734863,426170
2015-09-04,10.699999809265137,10.899999618530273,10.050000190734863,10.350000381469727,436470
2015-09-07,10.350000381469727,10.800000190734863,10.100000381469727,10.350000381469727,353912
2015-09-08,10.5,10.550000190734863,10.199999809265137,10.399999618530273,411520
2015-09-09,10.600000381469727,11.050000190734863,10.399999618530273,10.899999618530273,572666
2015-09-10,11.25,11.699999809265137,11.199999809265137,11.350000381469727,1848372
2015-09-11,11.600000381469727,11.649999618530273,11.0,11.100000381469727,555801
2015-09-14,11.300000190734863,11.350000381469727,11.100000381469727,11.25,330504
2015-09-15,11.199999809265137,11.5,10.850000381469727,11.0,329656
2015-09-16,11.300000190734863,11.300000190734863,10.850000381469727,10.949999809265137,379191
2015-09-18,11.100000381469727,11.25,10.949999809265137,11.0,368019
2015-09-21,11.050000190734863,11.699999809265137,10.949999809265137,11.5,652290
2015-09-22,12.0,12.149999618530273,11.600000381469727,11.75,1869840
2015-09-23,11.649999618530273,11.649999618530273,11.199999809265137,11.5,375187
2015-09-24,11.600000381469727,11.75,11.449999809265137,11.550000190734863,424096
2015-09-28,11.600000381469727,12.149999618530273,11.5,11.649999618530273,462854
2015-09-29,11.550000190734863,11.649999618530273,11.0,11.399999618530273,320924
2015-09-30,11.550000190734863,11.75,11.399999618530273,11.550000190734863,292518
2015-10-01,11.699999809265137,11.850000381469727,11.300000190734863,11.399999618530273,337683
2015-10-05,11.600000381469727,13.649999618530273,11.399999618530273,12.699999809265137,4980981
2015-10-06,12.899999618530273,13.300000190734863,12.300000190734863,13.050000190734863,1992334
2015-10-07,13.050000190734863,13.399999618530273,12.75,13.0,1111534
2015-10-08,13.0,15.100000381469727,12.800000190734863,14.350000381469727,4707831
2015-10-09,14.399999618530273,14.75,13.600000381469727,13.800000190734863,1819018
2015-10-12,14.0,14.0,13.350000381469727,13.5,602363
2015-10-13,13.5,14.399999618530273,13.399999618530273,13.899999618530273,906743
2015-10-14,13.899999618530273,14.399999618530273,13.800000190734863,13.899999618530273,800412
2015-10-15,14.149999618530273,14.350000381469727,13.800000190734863,13.949999809265137,997167
2015-10-16,13.949999809265137,14.100000381469727,13.699999809265137,13.699999809265137,518956
2015-10-19,13.899999618530273,14.800000190734863,13.600000381469727,14.550000190734863,2268610
2015-10-20,14.75,15.199999809265137,14.5,14.75,3320534
2015-10-21,14.75,14.899999618530273,13.800000190734863,14.0,1597836
2015-10-23,14.25,14.399999618530273,13.600000381469727,13.800000190734863,623861
2015-10-26,13.800000190734863,13.949999809265137,13.550000190734863,13.649999618530273,399830
2015-10-27,13.550000190734863,13.800000190734863,13.199999809265137,13.300000190734863,449378
2015-10-28,13.399999618530273,13.75,13.149999618530273,13.25,461646
2015-10-29,13.350000381469727,13.449999809265137,12.949999809265137,13.050000190734863,433901
2015-10-30,13.149999618530273,13.75,12.699999809265137,13.149999618530273,535001
2015-11-02,13.199999809265137,13.300000190734863,12.5,12.649999618530273,570652
2015-11-03,12.699999809265137,13.300000190734863,12.550000190734863,13.100000381469727,606505
2015-11-04,13.75,13.949999809265137,13.149999618530273,13.300000190734863,1391373
2015-11-05,13.300000190734863,13.300000190734863,12.600000381469727,12.699999809265137,615427
2015-11-06,12.699999809265137,12.949999809265137,12.600000381469727,12.699999809265137,406553
2015-11-09,12.449999809265137,12.649999618530273,11.899999618530273,12.5,325214
2015-11-10,12.5,12.899999618530273,12.350000381469727,12.449999809265137,454699
2015-11-13,12.550000190734863,12.600000381469727,12.199999809265137,12.350000381469727,332527
2015-11-16,12.449999809265137,13.100000381469727,12.199999809265137,12.800000190734863,577766
2015-11-17,13.050000190734863,13.199999809265137,12.75,12.949999809265137,538925
2015-11-18,12.899999618530273,13.050000190734863,12.5,12.600000381469727,459383
2015-11-19,12.699999809265137,12.899999618530273,12.550000190734863,12.649999618530273,314117
2015-11-20,12.699999809265137,13.199999809265137,12.5,12.800000190734863,690326
2015-11-23,12.949999809265137,13.199999809265137,12.75,12.800000190734863,421131
2015-11-24,12.899999618530273,13.699999809265137,12.699999809265137,13.550000190734863,1354933
2015-11-26,13.949999809265137,14.449999809265137,13.899999618530273,14.0,1819478
2015-11-27,14.100000381469727,14.25,13.350000381469727,13.600000381469727,1078663
2015-11-30,13.699999809265137,14.350000381469727,13.600000381469727,13.850000381469727,1100120
2015-12-01,14.149999618530273,14.25,13.699999809265137,13.800000190734863,633806
2015-12-02,13.899999618530273,14.100000381469727,13.199999809265137,13.550000190734863,912527
2015-12-03,13.550000190734863,14.850000381469727,13.300000190734863,14.149999618530273,2857410
2015-12-04,14.100000381469727,15.649999618530273,13.649999618530273,14.899999618530273,6326009
2015-12-07,15.149999618530273,15.300000190734863,14.350000381469727,14.449999809265137,893695
2015-12-08,14.300000190734863,14.800000190734863,13.600000381469727,13.75,1116197
2015-12-09,13.75,13.899999618530273,13.050000190734863,13.149999618530273,579539
2015-12-10,13.300000190734863,13.699999809265137,13.149999618530273,13.550000190734863,582425
2015-12-11,13.75,13.75,13.149999618530273,13.199999809265137,435058
2015-12-14,13.199999809265137,13.449999809265137,12.850000381469727,13.300000190734863,287826
2015-12-15,13.25,13.5,13.100000381469727,13.300000190734863,335297
2015-12-16,13.350000381469727,13.899999618530273,13.300000190734863,13.5,563061
2015-12-17,13.75,14.050000190734863,13.600000381469727,13.850000381469727,868956
2015-12-18,13.800000190734863,14.399999618530273,13.699999809265137,13.850000381469727,1703100
2015-12-21,13.949999809265137,14.300000190734863,13.899999618530273,14.050000190734863,779064
2015-12-22,14.149999618530273,14.550000190734863,13.850000381469727,13.949999809265137,1143577
2015-12-23,14.100000381469727,14.350000381469727,13.649999618530273,13.800000190734863,691898
2015-12-24,14.0,14.699999809265137,13.800000190734863,14.199999809265137,1309787
2015-12-28,14.0,17.0,14.0,16.799999237060547,13790539
2015-12-29,17.200000762939453,18.0,16.600000381469727,16.899999618530273,13969115
2015-12-30,16.950000762939453,18.149999618530273,16.149999618530273,17.149999618530273,7934058
2015-12-31,17.200000762939453,17.899999618530273,17.0,17.100000381469727,2126994
2016-01-01,17.049999237060547,17.75,17.049999237060547,17.149999618530273,1912569
2016-01-04,17.149999618530273,17.450000762939453,16.299999237060547,16.5,1762658
2016-01-05,16.799999237060547,18.299999237060547,16.649999618530273,17.200000762939453,6243087
2016-01-06,17.299999237060547,17.450000762939453,16.600000381469727,16.75,1714023
2016-01-07,16.600000381469727,16.950000762939453,15.5,15.550000190734863,1866838
2016-01-08,15.949999809265137,16.5,15.75,16.0,1785229
2016-01-11,15.800000190734863,16.200000762939453,15.350000381469727,15.949999809265137,1197742
2016-01-12,16.350000381469727,17.600000381469727,16.200000762939453,16.700000762939453,4773811
2016-01-13,17.200000762939453,17.399999618530273,15.5,16.149999618530273,3127252
2016-01-14,15.649999618530273,16.100000381469727,15.0,15.550000190734863,1443290
2016-01-15,15.649999618530273,16.149999618530273,13.899999618530273,14.25,1473182
2016-01-18,14.350000381469727,14.350000381469727,13.149999618530273,13.300000190734863,1084272
2016-01-19,13.399999618530273,14.100000381469727,13.350000381469727,13.949999809265137,856190
2016-01-20,13.600000381469727,13.649999618530273,12.949999809265137,13.199999809265137,770850
2016-01-21,13.5,13.899999618530273,12.949999809265137,13.100000381469727,783540
2016-01-22,13.550000190734863,13.850000381469727,13.300000190734863,13.5,851673
2016-01-25,13.699999809265137,13.899999618530273,13.449999809265137,13.550000190734863,672983
2016-01-27,13.600000381469727,14.199999809265137,13.449999809265137,14.0,1158554
2016-01-28,14.149999618530273,14.449999809265137,13.850000381469727,14.0,804117
2016-01-29,14.100000381469727,14.350000381469727,13.899999618530273,14.0,484064
2016-02-01,14.149999618530273,14.350000381469727,13.850000381469727,13.949999809265137,599343
2016-02-02,14.0,14.050000190734863,13.350000381469727,13.399999618530273,654640
2016-02-03,13.25,13.25,12.600000381469727,12.800000190734863,660842
2016-02-04,13.050000190734863,13.199999809265137,12.5,12.649999618530273,372694
2016-02-05,12.649999618530273,13.350000381469727,12.600000381469727,13.149999618530273,881757
2016-02-08,13.199999809265137,13.449999809265137,13.050000190734863,13.149999618530273,336339
2016-02-09,13.050000190734863,13.199999809265137,12.800000190734863,12.949999809265137,269007
2016-02-10,13.0,13.0,12.649999618530273,12.75,295629
2016-02-11,12.75,12.800000190734863,11.199999809265137,11.449999809265137,519548
2016-02-12,11.300000190734863,11.5,10.100000381469727,10.949999809265137,864941
2016-02-15,11.0,12.0,11.0,11.75,371179
2016-02-16,11.899999618530273,12.199999809265137,11.5,11.550000190734863,294336
2016-02-17,11.550000190734863,11.800000190734863,11.0,11.600000381469727,318358
2016-02-18,11.75,12.100000381469727,11.600000381469727,11.899999618530273,464158
2016-02-19,12.550000190734863,13.399999618530273,12.550000190734863,12.850000381469727,1403538
2016-02-22,13.449999809265137,13.449999809265137,12.649999618530273,12.899999618530273,820599
2016-02-23,12.949999809265137,12.949999809265137,12.600000381469727,12.699999809265137,434169
2016-02-24,12.5,12.699999809265137,12.100000381469727,12.149999618530273,359032
2016-02-25,12.25,12.399999618530273,11.75,11.949999809265137,343350
2016-02-26,12.149999618530273,12.350000381469727,11.699999809265137,12.050000190734863,494153
2016-02-29,12.149999618530273,12.899999618530273,11.75,11.850000381469727,1048760
2016-03-01,11.949999809265137,12.399999618530273,11.949999809265137,12.25,432068
2016-03-02,12.5,12.850000381469727,12.300000190734863,12.5,638352
2016-03-03,12.5,12.699999809265137,12.25,12.449999809265137,444664
2016-03-04,12.649999618530273,12.899999618530273,12.350000381469727,12.449999809265137,492851
2016-03-08,12.350000381469727,12.800000190734863,12.149999618530273,12.300000190734863,416632
2016-03-09,12.25,12.699999809265137,12.149999618530273,12.5,447642
2016-03-10,12.800000190734863,13.199999809265137,12.600000381469727,12.699999809265137,1120530
2016-03-11,12.699999809265137,12.899999618530273,12.5,12.550000190734863,264339
2016-03-14,12.899999618530273,12.899999618530273,12.300000190734863,12.350000381469727,256020
2016-03-15,12.5,12.5,12.050000190734863,12.100000381469727,372605
2016-03-16,12.300000190734863,12.350000381469727,12.0,12.050000190734863,332818
2016-03-17,12.25,12.399999618530273,12.0,12.050000190734863,343045
2016-03-18,12.199999809265137,12.199999809265137,11.800000190734863,12.050000190734863,422581
2016-03-21,12.050000190734863,12.25,11.899999618530273,11.949999809265137,301266
2016-03-22,12.0,12.149999618530273,11.800000190734863,11.949999809265137,468107
2016-03-23,12.100000381469727,12.149999618530273,11.850000381469727,11.949999809265137,469053
2016-03-28,12.149999618530273,12.399999618530273,11.399999618530273,11.600000381469727,706295
2016-03-29,11.550000190734863,12.0,11.25,11.600000381469727,535755
2016-03-30,11.75,12.199999809265137,11.600000381469727,12.0,638328
2016-03-31,11.949999809265137,12.0,11.75,11.850000381469727,258456
2016-04-01,11.949999809265137,12.699999809265137,11.699999809265137,12.25,708419
2016-04-04,12.300000190734863,12.350000381469727,11.949999809265137,12.100000381469727,406935
2016-04-05,12.100000381469727,12.149999618530273,11.699999809265137,11.75,411014
2016-04-06,11.899999618530273,11.899999618530273,11.600000381469727,11.699999809265137,331247
2016-04-07,12.0,12.149999618530273,11.699999809265137,11.800000190734863,367856
2016-04-08,11.800000190734863,11.949999809265137,11.350000381469727,11.600000381469727,387689
2016-04-11,11.800000190734863,11.800000190734863,11.550000190734863,11.75,217864
2016-04-12,11.800000190734863,12.100000381469727,11.649999618530273,11.949999809265137,447682
2016-04-13,12.0,12.300000190734863,11.800000190734863,11.899999618530273,624284
2016-04-18,12.0,12.25,11.850000381469727,12.0,388735
2016-04-20,11.899999618530273,12.199999809265137,11.850000381469727,12.050000190734863,365166
2016-04-21,12.100000381469727,12.25,12.0,12.050000190734863,555702
2016-04-22,12.199999809265137,12.699999809265137,12.0,12.149999618530273,924180
2016-04-25,12.100000381469727,12.300000190734863,11.800000190734863,11.850000381469727,349452
2016-04-26,11.899999618530273,12.100000381469727,11.699999809265137,11.75,592026
2016-04-27,11.850000381469727,11.949999809265137,11.649999618530273,11.800000190734863,383682
2016-04-28,11.899999618530273,11.949999809265137,11.649999618530273,11.699999809265137,279550
2016-04-29,11.699999809265137,11.899999618530273,11.449999809265137,11.699999809265137,539267
2016-05-02,11.5,11.699999809265137,11.399999618530273,11.5,251728
2016-05-03,11.800000190734863,11.850000381469727,11.449999809265137,11.5,335900
2016-05-04,11.5,11.600000381469727,11.199999809265137,11.25,281169
2016-05-05,11.350000381469727,11.5,11.0,11.050000190734863,318809
2016-05-06,11.050000190734863,11.199999809265137,10.800000190734863,10.899999618530273,530663
2016-05-09,10.899999618530273,11.300000190734863,10.800000190734863,10.949999809265137,320429
2016-05-10,11.0,11.149999618530273,10.699999809265137,10.850000381469727,586351
2016-05-11,10.699999809265137,10.899999618530273,10.649999618530273,10.800000190734863,193696
2016-05-12,11.100000381469727,11.100000381469727,10.600000381469727,10.800000190734863,321689
2016-05-13,10.699999809265137,10.800000190734863,10.5,10.550000190734863,242752
2016-05-16,10.550000190734863,10.699999809265137,10.350000381469727,10.449999809265137,358390
2016-05-17,11.199999809265137,12.5,11.149999618530273,12.449999809265137,7538858
2016-05-18,12.350000381469727,12.899999618530273,11.850000381469727,12.350000381469727,2900034
2016-05-19,12.550000190734863,12.649999618530273,11.899999618530273,12.0,775810
2016-05-20,12.0,13.149999618530273,11.649999618530273,12.850000381469727,2103452
2016-05-23,13.199999809265137,14.449999809265137,13.0,13.699999809265137,6143641
2016-05-24,13.75,14.050000190734863,12.75,12.850000381469727,1600274
2016-05-25,13.0,14.199999809265137,12.949999809265137,13.550000190734863,3018845
2016-05-26,13.600000381469727,13.600000381469727,12.899999618530273,13.100000381469727,1143620
2016-05-27,12.850000381469727,12.850000381469727,12.0,12.199999809265137,1529448
2016-05-30,12.25,12.25,11.800000190734863,11.899999618530273,566760
2016-05-31,11.949999809265137,12.0,11.25,11.550000190734863,803600
2016-06-01,12.300000190734863,12.899999618530273,12.300000190734863,12.449999809265137,2238806
2016-06-02,12.449999809265137,12.5,11.899999618530273,12.199999809265137,736086
2016-06-03,12.100000381469727,12.350000381469727,11.800000190734863,11.850000381469727,616686
2016-06-06,11.899999618530273,12.100000381469727,11.550000190734863,11.800000190734863,365575
2016-06-07,11.649999618530273,11.949999809265137,11.600000381469727,11.850000381469727,284458
2016-06-08,11.800000190734863,12.699999809265137,11.699999809265137,12.100000381469727,643597
2016-06-09,12.100000381469727,12.449999809265137,11.899999618530273,12.0,575370
2016-06-10,12.0,12.550000190734863,12.0,12.050000190734863,684390
2016-06-13,12.050000190734863,12.600000381469727,11.800000190734863,12.25,1098729
2016-06-14,12.399999618530273,13.100000381469727,12.25,12.899999618530273,1702113
2016-06-15,12.949999809265137,13.100000381469727,12.550000190734863,12.600000381469727,652045
2016-06-16,12.5,12.800000190734863,12.050000190734863,12.449999809265137,1247976
2016-06-17,12.350000381469727,13.5,12.350000381469727,12.800000190734863,2909463
2016-06-20,12.699999809265137,13.199999809265137,12.449999809265137,12.699999809265137,795397
2016-06-21,12.699999809265137,12.949999809265137,12.300000190734863,12.449999809265137,565063
2016-06-22,12.399999618530273,12.649999618530273,12.050000190734863,12.100000381469727,547436
2016-06-23,12.199999809265137,12.399999618530273,12.050000190734863,12.149999618530273,425868
2016-06-24,11.899999618530273,11.899999618530273,11.399999618530273,11.75,723383
2016-06-27,11.800000190734863,12.350000381469727,11.800000190734863,12.149999618530273,538408
2016-06-28,12.199999809265137,12.399999618530273,12.100000381469727,12.199999809265137,444149
2016-06-29,12.199999809265137,12.5,12.199999809265137,12.350000381469727,459676
2016-06-30,12.449999809265137,12.949999809265137,12.350000381469727,12.5,1294687
2016-07-01,12.699999809265137,12.850000381469727,12.449999809265137,12.550000190734863,684045
2016-07-04,12.600000381469727,12.800000190734863,12.350000381469727,12.399999618530273,706823
2016-07-05,12.399999618530273,12.75,12.25,12.600000381469727,663107
2016-07-07,13.300000190734863,14.25,13.300000190734863,13.399999618530273,3319730
2016-07-08,13.550000190734863,13.649999618530273,13.0,13.050000190734863,753821
2016-07-11,13.149999618530273,13.399999618530273,13.050000190734863,13.149999618530273,816138
2016-07-12,13.300000190734863,13.399999618530273,13.100000381469727,13.199999809265137,624244
2016-07-13,14.0,14.199999809265137,13.5,13.699999809265137,1820100
2016-07-14,13.600000381469727,13.899999618530273,13.399999618530273,13.600000381469727,1059992
2016-07-15,13.600000381469727,13.800000190734863,13.0,13.149999618530273,761572
2016-07-18,14.25,14.399999618530273,13.649999618530273,13.75,2760020
2016-07-19,13.850000381469727,13.850000381469727,13.399999618530273,13.449999809265137,403485
2016-07-20,13.5,13.649999618530273,13.350000381469727,13.550000190734863,496751
2016-07-21,13.699999809265137,13.699999809265137,13.25,13.300000190734863,468900
2016-07-22,13.449999809265137,13.600000381469727,13.199999809265137,13.350000381469727,623392
2016-07-25,13.300000190734863,13.600000381469727,13.25,13.350000381469727,408197
2016-07-26,13.800000190734863,13.899999618530273,13.300000190734863,13.399999618530273,1034895
2016-07-27,14.649999618530273,15.0,13.850000381469727,13.949999809265137,3748897
2016-07-28,13.949999809265137,14.100000381469727,13.600000381469727,13.699999809265137,509001
2016-07-29,13.75,13.899999618530273,13.5,13.550000190734863,601611
2016-08-01,13.550000190734863,13.699999809265137,13.199999809265137,13.300000190734863,513696
2016-08-02,13.199999809265137,13.399999618530273,12.899999618530273,12.949999809265137,427499
2016-08-03,13.0,13.0,12.350000381469727,12.600000381469727,452072
2016-08-04,13.25,13.350000381469727,12.850000381469727,13.149999618530273,898189
2016-08-05,13.149999618530273,13.649999618530273,12.949999809265137,13.25,1315254
2016-08-08,13.300000190734863,13.300000190734863,12.899999618530273,13.0,361853
2016-08-09,13.0,13.300000190734863,12.649999618530273,13.050000190734863,1340946
2016-08-10,13.100000381469727,13.199999809265137,12.25,12.5,758520
2016-08-11,12.449999809265137,12.850000381469727,12.399999618530273,12.649999618530273,413785
2016-08-12,12.699999809265137,12.75,12.399999618530273,12.449999809265137,471452
2016-08-16,12.5,12.5,12.100000381469727,12.199999809265137,372878
2016-08-17,12.100000381469727,12.649999618530273,12.100000381469727,12.25,677586
2016-08-18,12.350000381469727,12.850000381469727,12.25,12.5,783430
2016-08-19,12.649999618530273,13.25,12.5,12.75,1608896
2016-08-22,12.800000190734863,13.399999618530273,12.600000381469727,12.800000190734863,2759467
2016-08-23,12.699999809265137,12.850000381469727,12.399999618530273,12.699999809265137,664334
2016-08-24,12.800000190734863,12.800000190734863,12.550000190734863,12.649999618530273,350181
2016-08-25,12.699999809265137,13.100000381469727,12.449999809265137,12.75,649870
2016-08-26,13.399999618530273,13.399999618530273,12.899999618530273,13.0,1554761
2016-08-29,13.0,13.0,12.350000381469727,12.600000381469727,650431
2016-08-30,12.649999618530273,12.699999809265137,12.600000381469727,12.649999618530273,256755
2016-08-31,13.0,13.100000381469727,12.649999618530273,12.800000190734863,966942
2016-09-01,12.75,12.899999618530273,12.550000190734863,12.600000381469727,259299
2016-09-02,12.899999618530273,13.449999809265137,12.850000381469727,13.25,2288866
2016-09-06,13.25,13.649999618530273,13.100000381469727,13.25,1419978
2016-09-07,13.350000381469727,13.550000190734863,12.949999809265137,13.149999618530273,1300435
2016-09-08,13.149999618530273,13.75,12.899999618530273,13.350000381469727,996723
2016-09-09,13.350000381469727,13.399999618530273,12.949999809265137,13.149999618530273,752306
2016-09-12,12.899999618530273,13.350000381469727,12.649999618530273,12.899999618530273,1404518
2016-09-14,12.850000381469727,13.050000190734863,12.75,12.800000190734863,443655
2016-09-15,12.850000381469727,12.899999618530273,12.600000381469727,12.699999809265137,417619
2016-09-16,13.050000190734863,13.350000381469727,12.75,12.850000381469727,934117
2016-09-19,12.949999809265137,13.0,12.699999809265137,12.75,395577
2016-09-20,12.75,13.050000190734863,12.649999618530273,12.699999809265137,751044
2016-09-21,12.75,12.800000190734863,12.550000190734863,12.600000381469727,437160
2016-09-22,12.75,12.800000190734863,12.550000190734863,12.649999618530273,442677
2016-09-23,12.649999618530273,12.699999809265137,12.449999809265137,12.5,343622
2016-09-26,12.449999809265137,12.550000190734863,12.25,12.300000190734863,445825
2016-09-27,12.399999618530273,12.600000381469727,12.300000190734863,12.350000381469727,505082
2016-09-28,12.399999618530273,12.550000190734863,12.300000190734863,12.399999618530273,336512
2016-09-29,12.449999809265137,12.600000381469727,11.350000381469727,11.699999809265137,767974
2016-09-30,11.600000381469727,12.0,11.600000381469727,11.850000381469727,398818
2016-10-03,11.800000190734863,12.199999809265137,11.75,12.050000190734863,419509
2016-10-04,12.149999618530273,12.399999618530273,12.0,12.300000190734863,455651
2016-10-05,12.399999618530273,12.399999618530273,12.0,12.100000381469727,359230
2016-10-06,12.100000381469727,12.550000190734863,12.050000190734863,12.149999618530273,529331
2016-10-07,12.149999618530273,12.25,12.0,12.0,224114
2016-10-10,12.0,12.149999618530273,11.850000381469727,11.949999809265137,238254
2016-10-13,11.949999809265137,12.0,11.699999809265137,11.699999809265137,365432
2016-10-14,11.699999809265137,12.199999809265137,11.699999809265137,11.949999809265137,737598
2016-10-17,12.050000190734863,12.100000381469727,11.699999809265137,11.75,400015
2016-10-18,11.850000381469727,11.949999809265137,11.75,11.800000190734863,179263
2016-10-19,11.850000381469727,12.649999618530273,11.800000190734863,12.449999809265137,1379692
2016-10-20,12.649999618530273,13.050000190734863,12.649999618530273,12.649999618530273,1682950
2016-10-21,12.75,12.75,12.350000381469727,12.449999809265137,597942
2016-10-24,12.5,12.75,12.300000190734863,12.399999618530273,731842
2016-10-25,12.449999809265137,12.550000190734863,12.199999809265137,12.25,307289
2016-10-26,12.199999809265137,12.649999618530273,12.149999618530273,12.300000190734863,530405
2016-10-27,12.25,12.449999809265137,11.899999618530273,12.149999618530273,323252
2016-10-28,12.199999809265137,12.199999809265137,12.0,12.0,190749
2016-11-01,12.199999809265137,12.399999618530273,12.100000381469727,12.199999809265137,318029
2016-11-02,12.100000381469727,12.100000381469727,11.899999618530273,11.949999809265137,244349
2016-11-03,12.050000190734863,12.25,11.800000190734863,11.899999618530273,258177
2016-11-04,12.050000190734863,12.050000190734863,11.5,11.550000190734863,335369
2016-11-07,11.699999809265137,11.800000190734863,11.550000190734863,11.649999618530273,201326
2016-11-08,11.699999809265137,11.850000381469727,11.5,11.600000381469727,171947
2016-11-09,10.5,11.5,10.5,11.149999618530273,607273
2016-11-10,11.300000190734863,11.75,11.25,11.399999618530273,336489
2016-11-11,11.399999618530273,11.399999618530273,11.100000381469727,11.149999618530273,149550
2016-11-15,11.149999618530273,11.25,10.550000190734863,10.649999618530273,349223
2016-11-16,10.949999809265137,10.949999809265137,10.300000190734863,10.600000381469727,388417
2016-11-17,10.399999618530273,10.699999809265137,10.100000381469727,10.25,264027
2016-11-18,10.199999809265137,10.449999809265137,10.199999809265137,10.25,130239
2016-11-21,10.550000190734863,10.649999618530273,10.0,10.050000190734863,232302
2016-11-22,10.399999618530273,10.399999618530273,9.899999618530273,10.199999809265137,175240
2016-11-23,10.25,10.300000190734863,9.949999809265137,10.149999618530273,161071
2016-11-24,10.149999618530273,10.449999809265137,10.0,10.300000190734863,198312
2016-11-25,10.300000190734863,10.550000190734863,10.300000190734863,10.399999618530273,235824
2016-11-28,10.300000190734863,10.600000381469727,10.25,10.449999809265137,136348
2016-11-29,10.949999809265137,11.5,10.949999809265137,11.25,882814
2016-11-30,11.399999618530273,11.5,11.100000381469727,11.199999809265137,274245
2016-12-01,11.449999809265137,11.449999809265137,11.149999618530273,11.25,176769
2016-12-02,11.100000381469727,11.300000190734863,11.0,11.050000190734863,128059
2016-12-05,11.050000190734863,11.199999809265137,11.0,11.100000381469727,71369
2016-12-06,11.149999618530273,11.25,11.0,11.050000190734863,106400
2016-12-07,11.199999809265137,11.199999809265137,11.0,11.0,90216
2016-12-08,11.050000190734863,11.149999618530273,11.0,11.050000190734863,127070
2016-12-09,11.100000381469727,11.449999809265137,11.0,11.300000190734863,359891
2016-12-12,11.25,11.300000190734863,11.050000190734863,11.149999618530273,212232
2016-12-13,11.199999809265137,11.300000190734863,11.050000190734863,11.149999618530273,133656
2016-12-14,11.25,11.550000190734863,11.149999618530273,11.199999809265137,247937
2016-12-15,11.100000381469727,11.350000381469727,11.100000381469727,11.149999618530273,134089
2016-12-16,11.149999618530273,11.300000190734863,11.050000190734863,11.050000190734863,100933
2016-12-19,10.899999618530273,11.25,10.850000381469727,10.899999618530273,152524
2016-12-20,10.850000381469727,11.0,10.699999809265137,10.800000190734863,144506
2016-12-21,10.75,10.949999809265137,10.699999809265137,10.75,176676
2016-12-22,10.75,10.800000190734863,10.449999809265137,10.449999809265137,172328
2016-12-23,10.399999618530273,10.649999618530273,10.399999618530273,10.449999809265137,123080
2016-12-26,10.449999809265137,10.550000190734863,10.100000381469727,10.199999809265137,160517
2016-12-27,10.199999809265137,10.449999809265137,10.0,10.199999809265137,152908
2016-12-28,10.300000190734863,10.399999618530273,10.050000190734863,10.149999618530273,126186
2016-12-29,10.149999618530273,10.350000381469727,10.100000381469727,10.149999618530273,166889
2016-12-30,10.25,10.350000381469727,10.100000381469727,10.25,144804
2017-01-02,10.300000190734863,10.399999618530273,10.100000381469727,10.300000190734863,156070
2017-01-03,10.399999618530273,10.699999809265137,10.300000190734863,10.550000190734863,246997
2017-01-04,10.75,10.75,10.550000190734863,10.649999618530273,229349
2017-01-05,10.649999618530273,11.25,10.649999618530273,10.949999809265137,563982
2017-01-06,10.899999618530273,11.199999809265137,10.850000381469727,10.949999809265137,219064
2017-01-09,11.100000381469727,11.149999618530273,10.949999809265137,11.050000190734863,173058
2017-01-10,11.149999618530273,11.199999809265137,11.0,11.0,119439
2017-01-11,11.0,11.199999809265137,10.899999618530273,11.0,171900
2017-01-12,11.0,11.449999809265137,11.0,11.199999809265137,456951
2017-01-13,11.149999618530273,11.399999618530273,11.050000190734863,11.149999618530273,258243
2017-01-16,11.0,11.25,11.0,11.050000190734863,86056
2017-01-17,11.100000381469727,11.300000190734863,11.0,11.100000381469727,208540
2017-01-18,11.100000381469727,11.300000190734863,11.100000381469727,11.149999618530273,148093
2017-01-19,11.149999618530273,11.199999809265137,11.0,11.050000190734863,230762
2017-01-20,11.050000190734863,11.100000381469727,10.699999809265137,10.800000190734863,174168
2017-01-23,10.800000190734863,10.899999618530273,10.600000381469727,10.699999809265137,143796
2017-01-24,10.800000190734863,10.800000190734863,10.600000381469727,10.649999618530273,153459
2017-01-25,10.699999809265137,11.350000381469727,10.649999618530273,10.949999809265137,240063
2017-01-27,10.949999809265137,12.300000190734863,10.850000381469727,11.75,1900067
2017-01-30,11.600000381469727,11.949999809265137,11.350000381469727,11.449999809265137,413460
2017-01-31,11.449999809265137,11.5,11.25,11.399999618530273,325871
2017-02-01,11.300000190734863,12.100000381469727,11.25,11.350000381469727,959825
2017-02-02,11.25,11.350000381469727,11.0,11.149999618530273,270088
2017-02-03,11.199999809265137,11.399999618530273,11.100000381469727,11.25,276941
2017-02-06,11.149999618530273,11.399999618530273,11.149999618530273,11.25,260953
2017-02-07,11.25,11.449999809265137,11.149999618530273,11.199999809265137,224448
2017-02-08,11.25,11.399999618530273,11.199999809265137,11.25,139273
2017-02-09,11.5,13.149999618530273,11.449999809265137,12.75,7405630
2017-02-10,12.699999809265137,12.699999809265137,11.899999618530273,12.050000190734863,1301475
2017-02-13,12.199999809265137,12.350000381469727,11.350000381469727,11.600000381469727,1096399
2017-02-14,11.449999809265137,11.75,11.350000381469727,11.399999618530273,232030
2017-02-15,11.5,11.5,11.0,11.050000190734863,362076
2017-02-16,11.199999809265137,11.25,11.050000190734863,11.100000381469727,200488
2017-02-17,11.199999809265137,11.25,11.0,11.050000190734863,284609
2017-02-20,11.050000190734863,11.25,11.050000190734863,11.100000381469727,276630
2017-02-21,11.149999618530273,11.300000190734863,11.050000190734863,11.100000381469727,367997
2017-02-22,11.100000381469727,11.25,11.050000190734863,11.050000190734863,232972
2017-02-23,11.100000381469727,11.199999809265137,11.0,11.050000190734863,311404
2017-02-27,11.100000381469727,11.199999809265137,11.0,11.0,244518
2017-02-28,11.100000381469727,11.100000381469727,11.0,11.050000190734863,250750
2017-03-01,11.050000190734863,11.199999809265137,11.0,11.149999618530273,168320
2017-03-02,11.100000381469727,11.300000190734863,10.949999809265137,11.0,289739
2017-03-03,10.949999809265137,11.100000381469727,10.899999618530273,10.949999809265137,185492
2017-03-06,11.0,11.050000190734863,10.899999618530273,10.899999618530273,180549
2017-03-07,10.899999618530273,10.949999809265137,10.699999809265137,10.850000381469727,174406
2017-03-08,11.0,11.0,10.550000190734863,10.699999809265137,232422
2017-03-09,10.850000381469727,11.0,10.699999809265137,10.800000190734863,187202
2017-03-10,11.0,11.0,10.75,10.800000190734863,129750
2017-03-14,11.0,11.050000190734863,10.699999809265137,10.800000190734863,272607
2017-03-15,11.0,11.0,10.649999618530273,10.75,225783
2017-03-16,10.75,10.949999809265137,10.75,10.800000190734863,189984
2017-03-17,10.949999809265137,10.949999809265137,10.649999618530273,10.75,212238
2017-03-20,10.899999618530273,10.899999618530273,10.699999809265137,10.75,145696
2017-03-21,10.699999809265137,10.850000381469727,10.699999809265137,10.75,122086
2017-03-22,10.75,10.800000190734863,10.600000381469727,10.75,121494
2017-03-23,10.75,11.050000190734863,10.699999809265137,10.800000190734863,293263
2017-03-24,10.800000190734863,10.899999618530273,10.649999618530273,10.699999809265137,146696
2017-03-27,10.699999809265137,10.899999618530273,10.550000190734863,10.550000190734863,358916
2017-03-28,10.600000381469727,10.699999809265137,10.449999809265137,10.449999809265137,238299
2017-03-29,10.550000190734863,10.550000190734863,10.350000381469727,10.399999618530273,200596
2017-03-30,10.399999618530273,11.25,10.399999618530273,10.75,1178632
2017-03-31,10.75,10.899999618530273,10.649999618530273,10.649999618530273,266238
2017-04-03,10.600000381469727,10.800000190734863,10.600000381469727,10.75,246105
2017-04-05,10.850000381469727,10.949999809265137,10.75,10.850000381469727,258958
2017-04-06,10.75,11.149999618530273,10.75,10.899999618530273,422843
2017-04-07,10.850000381469727,11.100000381469727,10.800000190734863,10.899999618530273,379125
2017-04-10,10.949999809265137,10.949999809265137,10.699999809265137,10.75,146834
2017-04-11,10.800000190734863,10.899999618530273,10.699999809265137,10.75,188610
2017-04-12,10.75,10.800000190734863,10.600000381469727,10.649999618530273,244360
2017-04-13,10.649999618530273,10.75,10.600000381469727,10.600000381469727,168545
2017-04-17,10.600000381469727,10.75,10.550000190734863,10.600000381469727,172123
2017-04-18,10.600000381469727,10.75,10.600000381469727,10.600000381469727,272896
2017-04-19,10.600000381469727,10.800000190734863,10.5,10.600000381469727,207987
2017-04-20,10.600000381469727,10.75,10.550000190734863,10.649999618530273,210628
2017-04-21,10.699999809265137,10.800000190734863,10.550000190734863,10.600000381469727,262574
2017-04-24,10.649999618530273,10.699999809265137,10.600000381469727,10.600000381469727,156167
2017-04-25,10.75,10.75,10.550000190734863,10.600000381469727,217697
2017-04-26,10.649999618530273,10.75,10.5,10.550000190734863,308276
2017-04-27,10.600000381469727,10.649999618530273,10.449999809265137,10.5,155214
2017-04-28,10.550000190734863,10.600000381469727,10.449999809265137,10.5,210432
2017-05-02,10.5,10.550000190734863,10.300000190734863,10.449999809265137,283843
2017-05-03,10.449999809265137,10.5,10.300000190734863,10.300000190734863,158743
2017-05-04,10.350000381469727,10.449999809265137,10.300000190734863,10.300000190734863,262980
2017-05-05,10.300000190734863,10.399999618530273,10.149999618530273,10.149999618530273,256724
2017-05-08,10.199999809265137,10.300000190734863,10.149999618530273,10.149999618530273,167594
2017-05-09,10.199999809265137,10.25,10.149999618530273,10.199999809265137,181873
2017-05-10,10.199999809265137,10.25,10.149999618530273,10.149999618530273,258440
2017-05-11,10.199999809265137,10.699999809265137,10.149999618530273,10.25,375259
2017-05-12,10.300000190734863,10.449999809265137,10.100000381469727,10.149999618530273,253490
2017-05-15,10.199999809265137,10.199999809265137,10.050000190734863,10.100000381469727,145651
2017-05-16,10.149999618530273,10.199999809265137,9.550000190734863,10.149999618530273,760675
2017-05-17,10.0,10.399999618530273,10.0,10.149999618530273,380519
2017-05-18,10.100000381469727,10.149999618530273,9.899999618530273,9.899999618530273,289818
2017-05-19,10.0,10.0,9.5,9.649999618530273,828218
2017-05-22,9.899999618530273,9.899999618530273,9.5,9.550000190734863,271764
2017-05-23,9.550000190734863,9.600000381469727,9.0,9.100000381469727,340198
2017-05-24,9.25,9.25,8.800000190734863,8.899999618530273,217391
2017-05-25,8.949999809265137,9.100000381469727,8.5,8.800000190734863,390123
2017-05-26,8.899999618530273,9.25,8.800000190734863,8.949999809265137,298334
2017-05-29,8.949999809265137,9.100000381469727,8.600000381469727,8.800000190734863,195818
2017-05-30,8.800000190734863,8.899999618530273,8.5,8.550000190734863,209010
2017-05-31,8.550000190734863,8.550000190734863,7.800000190734863,8.100000381469727,526591
2017-06-01,7.849999904632568,8.300000190734863,7.849999904632568,8.199999809265137,197262
2017-06-02,8.300000190734863,8.399999618530273,8.199999809265137,8.300000190734863,167083
2017-06-05,8.5,8.550000190734863,8.300000190734863,8.300000190734863,145967
2017-06-06,8.199999809265137,8.449999809265137,8.199999809265137,8.199999809265137,129098
2017-06-07,8.350000381469727,8.449999809265137,8.199999809265137,8.25,134011
2017-06-08,8.350000381469727,8.850000381469727,8.25,8.600000381469727,274236
2017-06-09,8.600000381469727,8.850000381469727,8.449999809265137,8.75,169584
2017-06-12,8.75,8.899999618530273,8.649999618530273,8.649999618530273,101410
2017-06-13,8.649999618530273,8.800000190734863,8.399999618530273,8.550000190734863,103638
2017-06-14,8.5,8.649999618530273,8.149999618530273,8.25,165557
2017-06-15,8.449999809265137,8.449999809265137,8.25,8.350000381469727,56879
2017-06-16,8.350000381469727,8.600000381469727,8.25,8.399999618530273,133289
2017-06-19,8.5,8.5,8.100000381469727,8.149999618530273,118962
2017-06-20,8.100000381469727,8.300000190734863,8.050000190734863,8.199999809265137,114609
2017-06-21,8.100000381469727,8.25,8.100000381469727,8.199999809265137,104269
2017-06-22,8.149999618530273,8.5,8.149999618530273,8.300000190734863,162865
2017-06-23,8.25,8.350000381469727,8.149999618530273,8.149999618530273,63123
2017-06-27,8.100000381469727,8.399999618530273,8.100000381469727,8.149999618530273,146336
2017-06-28,8.149999618530273,8.350000381469727,8.0,8.050000190734863,238687
2017-06-29,8.050000190734863,8.350000381469727,8.050000190734863,8.199999809265137,112833
2017-06-30,8.25,8.300000190734863,8.0,8.0,233294
2017-07-03,8.25,8.25,8.050000190734863,8.100000381469727,116413
2017-07-04,8.149999618530273,8.25,8.0,8.100000381469727,176001
2017-07-05,8.600000381469727,8.600000381469727,8.25,8.449999809265137,246105
2017-07-06,8.300000190734863,9.899999618530273,8.300000190734863,9.25,1657414
2017-07-07,9.25,9.550000190734863,9.050000190734863,9.149999618530273,525208
2017-07-10,9.550000190734863,9.800000190734863,9.300000190734863,9.649999618530273,211888
2017-07-11,9.600000381469727,9.800000190734863,9.350000381469727,9.399999618530273,322940
2017-07-12,9.25,9.550000190734863,9.149999618530273,9.25,160868
2017-07-13,9.25,9.449999809265137,9.100000381469727,9.149999618530273,211776
2017-07-14,9.100000381469727,9.199999809265137,8.850000381469727,8.949999809265137,145339
2017-07-17,8.949999809265137,9.0,8.850000381469727,8.899999618530273,83112
2017-07-18,8.899999618530273,9.149999618530273,8.699999809265137,9.0,189753
2017-07-19,8.949999809265137,9.100000381469727,8.800000190734863,8.899999618530273,112429
2017-07-20,8.899999618530273,8.949999809265137,8.75,8.800000190734863,141785
2017-07-21,8.75,9.600000381469727,8.75,9.199999809265137,570661
2017-07-24,9.199999809265137,9.949999809265137,9.050000190734863,9.600000381469727,906229
2017-07-25,9.699999809265137,9.800000190734863,9.350000381469727,9.5,255799
2017-07-26,9.5,9.800000190734863,9.449999809265137,9.5,342365
2017-07-27,9.600000381469727,9.899999618530273,9.399999618530273,9.449999809265137,599805
2017-07-28,9.449999809265137,9.800000190734863,9.300000190734863,9.550000190734863,543657
2017-07-31,9.699999809265137,9.699999809265137,9.350000381469727,9.399999618530273,216732
2017-08-01,9.399999618530273,9.550000190734863,9.25,9.300000190734863,138570
2017-08-02,9.300000190734863,9.5,9.149999618530273,9.25,211469
2017-08-03,9.25,9.350000381469727,8.800000190734863,8.850000381469727,222698
2017-08-04,8.850000381469727,9.050000190734863,8.800000190734863,8.899999618530273,99689
2017-08-07,8.800000190734863,9.100000381469727,8.800000190734863,8.850000381469727,93707
2017-08-08,8.949999809265137,8.949999809265137,8.25,8.350000381469727,337767
2017-08-09,8.350000381469727,8.350000381469727,7.849999904632568,8.0,304194
2017-08-10,8.25,8.350000381469727,7.800000190734863,7.900000095367432,278097
2017-08-11,7.800000190734863,7.949999809265137,7.5,7.849999904632568,260745
2017-08-14,7.949999809265137,8.649999618530273,7.949999809265137,8.199999809265137,334503
2017-08-16,8.199999809265137,8.5,8.199999809265137,8.350000381469727,109014
2017-08-17,8.449999809265137,8.5,8.199999809265137,8.300000190734863,162033
2017-08-18,8.300000190734863,8.300000190734863,8.100000381469727,8.149999618530273,83759
2017-08-21,8.100000381469727,8.25,7.949999809265137,8.0,95165
2017-08-22,8.0,8.199999809265137,7.75,7.949999809265137,179673
2017-08-23,8.149999618530273,8.199999809265137,7.800000190734863,7.849999904632568,182465
2017-08-24,7.949999809265137,8.350000381469727,7.949999809265137,8.199999809265137,385830
2017-08-28,8.199999809265137,8.199999809265137,8.0,8.0,118156
2017-08-29,7.900000095367432,8.050000190734863,7.900000095367432,7.900000095367432,103052
2017-08-30,8.149999618530273,8.149999618530273,7.949999809265137,8.0,102431
2017-08-31,7.949999809265137,8.0,7.849999904632568,7.900000095367432,85940
2017-09-01,7.900000095367432,8.25,7.849999904632568,8.050000190734863,192252
2017-09-04,8.100000381469727,8.149999618530273,7.849999904632568,8.0,202641
2017-09-05,8.100000381469727,8.699999809265137,8.050000190734863,8.399999618530273,733285
2017-09-06,8.399999618530273,8.449999809265137,8.149999618530273,8.149999618530273,208135
2017-09-07,8.300000190734863,8.350000381469727,8.0,8.100000381469727,209941
2017-09-08,8.100000381469727,8.350000381469727,8.100000381469727,8.100000381469727,233678
2017-09-11,8.0,8.199999809265137,7.900000095367432,7.949999809265137,195094
2017-09-12,8.0,8.100000381469727,7.949999809265137,8.0,128292
2017-09-13,8.050000190734863,8.149999618530273,7.900000095367432,7.949999809265137,162832
2017-09-14,8.100000381469727,8.300000190734863,7.949999809265137,8.0,221490
2017-09-15,8.0,8.050000190734863,7.900000095367432,7.949999809265137,168047
2017-09-18,7.900000095367432,8.0,7.349999904632568,7.699999809265137,882234
2017-09-19,7.699999809265137,7.800000190734863,7.550000190734863,7.75,171793
2017-09-20,7.75,7.900000095367432,7.599999904632568,7.650000095367432,137038
2017-09-21,7.599999904632568,7.75,7.5,7.650000095367432,165386
2017-09-22,7.550000190734863,7.650000095367432,7.550000190734863,7.550000190734863,83591
2017-09-25,7.349999904632568,7.349999904632568,7.199999809265137,7.199999809265137,33420
2017-09-26,7.050000190734863,7.050000190734863,6.849999904632568,6.849999904632568,30782
2017-09-27,6.550000190734863,6.550000190734863,6.550000190734863,6.550000190734863,13813
2017-09-28,6.25,6.25,6.25,6.25,15485
2017-09-29,5.949999809265137,5.949999809265137,5.949999809265137,5.949999809265137,13842
2017-10-03,5.699999809265137,5.699999809265137,5.699999809265137,5.699999809265137,19881
2017-10-04,5.5,5.5,5.449999809265137,5.449999809265137,19267
2017-10-05,5.199999809265137,5.199999809265137,5.199999809265137,5.199999809265137,22714
2017-10-06,4.949999809265137,4.949999809265137,4.949999809265137,4.949999809265137,36919
2017-10-09,4.75,4.75,4.75,4.75,29727
2017-10-10,4.550000190734863,4.949999809265137,4.550000190734863,4.949999809265137,284573
2017-10-11,5.050000190734863,5.150000095367432,4.949999809265137,5.150000095367432,87763
2017-10-12,5.400000095367432,5.400000095367432,5.0,5.400000095367432,137117
2017-10-13,5.349999904632568,5.650000095367432,5.25,5.449999809265137,75204
2017-10-16,5.349999904632568,5.5,5.199999809265137,5.199999809265137,44431
2017-10-17,4.949999809265137,5.0,4.949999809265137,4.949999809265137,43636
2017-10-18,5.150000095367432,5.150000095367432,4.75,5.150000095367432,97152
2017-10-19,5.0,5.400000095367432,5.0,5.400000095367432,33300
2017-10-23,5.400000095367432,5.650000095367432,5.199999809265137,5.650000095367432,74360
2017-10-24,5.5,5.900000095367432,5.5,5.900000095367432,40091
2017-10-25,6.150000095367432,6.150000095367432,5.75,6.050000190734863,115902
2017-10-26,6.050000190734863,6.099999904632568,5.800000190734863,6.0,46593
2017-10-27,5.699999809265137,6.0,5.699999809265137,5.849999904632568,25939
2017-10-30,5.599999904632568,5.949999809265137,5.599999904632568,5.949999809265137,45222
2017-10-31,5.800000190734863,6.199999809265137,5.800000190734863,6.199999809265137,56068
2017-11-01,6.0,6.5,6.0,6.300000190734863,69219
2017-11-02,6.150000095367432,6.550000190734863,6.150000095367432,6.349999904632568,29590
2017-11-03,6.349999904632568,6.550000190734863,6.25,6.550000190734863,64275
2017-11-06,6.5,6.800000190734863,6.25,6.599999904632568,66416
2017-11-07,6.449999809265137,6.800000190734863,6.400000095367432,6.449999809265137,37805
2017-11-08,6.400000095367432,6.400000095367432,6.150000095367432,6.150000095367432,32604
2017-11-09,6.150000095367432,6.300000190734863,5.849999904632568,5.949999809265137,37281
2017-11-10,5.699999809265137,6.0,5.699999809265137,5.900000095367432,45627
2017-11-13,5.699999809265137,6.099999904632568,5.699999809265137,5.75,20162
2017-11-14,5.699999809265137,6.0,5.699999809265137,6.0,36280
2017-11-15,6.0,6.0,5.699999809265137,5.699999809265137,42899
2017-11-16,5.599999904632568,5.849999904632568,5.449999809265137,5.449999809265137,19274
2017-11-17,5.449999809265137,5.5,5.199999809265137,5.349999904632568,28445
2017-11-20,5.099999904632568,5.5,5.099999904632568,5.300000190734863,78580
2017-11-21,5.150000095367432,5.400000095367432,5.050000190734863,5.300000190734863,35545
2017-11-22,5.150000095367432,5.5,5.150000095367432,5.400000095367432,33123
2017-11-23,5.300000190734863,5.449999809265137,5.300000190734863,5.400000095367432,15789
2017-11-24,5.349999904632568,5.550000190734863,5.300000190734863,5.349999904632568,37838
2017-11-27,5.25,5.400000095367432,5.25,5.349999904632568,12728
2017-11-28,5.449999809265137,5.449999809265137,5.199999809265137,5.25,16173
2017-11-29,5.150000095367432,5.400000095367432,5.150000095367432,5.199999809265137,24467
2017-11-30,5.400000095367432,5.400000095367432,5.050000190734863,5.199999809265137,38313
2017-12-01,5.199999809265137,5.400000095367432,5.150000095367432,5.300000190734863,46261
2017-12-04,5.199999809265137,5.400000095367432,5.099999904632568,5.150000095367432,35011
2017-12-05,5.050000190734863,5.199999809265137,5.0,5.199999809265137,24370
2017-12-06,5.0,5.199999809265137,5.0,5.150000095367432,34868
2017-12-07,5.050000190734863,5.349999904632568,5.050000190734863,5.150000095367432,19307
2017-12-08,5.099999904632568,5.300000190734863,5.099999904632568,5.25,24714
2017-12-11,5.150000095367432,5.300000190734863,5.099999904632568,5.25,34645
2017-12-12,5.300000190734863,5.300000190734863,5.099999904632568,5.150000095367432,25192
2017-12-13,5.050000190734863,5.199999809265137,4.900000095367432,5.0,151448
2017-12-14,5.0,5.099999904632568,4.900000095367432,4.900000095367432,36556
2017-12-15,4.900000095367432,5.0,4.699999809265137,4.900000095367432,34277
2017-12-18,4.800000190734863,5.099999904632568,4.699999809265137,4.900000095367432,27689
2017-12-19,4.900000095367432,5.099999904632568,4.800000190734863,4.900000095367432,25971
2017-12-20,4.849999904632568,5.0,4.800000190734863,4.900000095367432,47679
2017-12-21,4.800000190734863,5.050000190734863,4.800000190734863,5.050000190734863,62505
2017-12-22,5.0,5.099999904632568,4.900000095367432,4.949999809265137,74737
2017-12-26,4.75,5.0,4.75,4.949999809265137,31706
2017-12-27,4.800000190734863,5.150000095367432,4.800000190734863,5.099999904632568,111786
2017-12-28,5.0,5.349999904632568,5.0,5.349999904632568,70432
2017-12-29,5.199999809265137,5.599999904632568,5.199999809265137,5.599999904632568,101055
2018-01-01,5.849999904632568,5.849999904632568,5.849999904632568,5.849999904632568,43655
2018-01-02,6.099999904632568,6.099999904632568,6.099999904632568,6.099999904632568,39198
2018-01-03,6.400000095367432,6.400000095367432,6.400000095367432,6.400000095367432,38898
2018-01-04,6.699999809265137,6.699999809265137,6.699999809265137,6.699999809265137,36816
2018-01-05,7.0,7.0,6.800000190734863,7.0,229158
2018-01-08,7.349999904632568,7.349999904632568,7.300000190734863,7.349999904632568,55557
2018-01-09,7.699999809265137,7.699999809265137,7.699999809265137,7.699999809265137,69042
2018-01-10,8.050000190734863,8.050000190734863,8.050000190734863,8.050000190734863,54811
2018-01-11,8.449999809265137,8.449999809265137,7.650000095367432,8.449999809265137,350418
2018-01-12,8.850000381469727,8.850000381469727,8.5,8.850000381469727,68606
2018-01-15,9.25,9.25,9.25,9.25,99764
2018-01-16,9.699999809265137,9.699999809265137,8.800000190734863,9.0,378060
2018-01-17,9.199999809265137,9.350000381469727,8.550000190734863,8.550000190734863,80890
2018-01-18,8.149999618530273,8.199999809265137,8.149999618530273,8.149999618530273,100291
2018-01-19,7.75,7.75,7.75,7.75,32451
2018-01-22,7.400000095367432,7.400000095367432,7.400000095367432,7.400000095367432,93369
2018-01-23,7.050000190734863,7.050000190734863,7.050000190734863,7.050000190734863,57517
2018-01-24,6.699999809265137,7.400000095367432,6.699999809265137,7.400000095367432,147475
2018-01-25,7.75,7.75,7.550000190734863,7.75,110204
2018-01-29,8.100000381469727,8.100000381469727,8.100000381469727,8.100000381469727,22610
2018-01-30,8.5,8.5,8.5,8.5,59979
2018-01-31,8.899999618530273,8.899999618530273,8.100000381469727,8.25,424589
2018-02-01,8.5,8.5,7.849999904632568,7.900000095367432,248836
2018-02-02,8.149999618530273,8.149999618530273,7.550000190734863,7.550000190734863,76791
2018-02-05,7.199999809265137,7.199999809265137,7.199999809265137,7.199999809265137,20451
2018-02-06,6.849999904632568,6.849999904632568,6.849999904632568,6.849999904632568,23138
2018-02-07,6.550000190734863,7.150000095367432,6.550000190734863,7.050000190734863,99246
2018-02-08,7.0,7.0,6.75,6.949999809265137,54978
2018-02-09,6.75,6.900000095367432,6.699999809265137,6.849999904632568,61344
2018-02-12,6.900000095367432,7.150000095367432,6.800000190734863,7.050000190734863,62027
2018-02-14,7.0,7.099999904632568,6.949999809265137,7.050000190734863,46421
2018-02-15,6.900000095367432,7.099999904632568,6.800000190734863,6.849999904632568,48604
2018-02-16,7.0,7.0,6.550000190734863,6.550000190734863,66098
2018-02-19,6.300000190734863,6.699999809265137,6.25,6.349999904632568,64052
2018-02-20,6.300000190734863,6.599999904632568,6.300000190734863,6.349999904632568,25067
2018-02-21,6.349999904632568,6.449999809265137,6.150000095367432,6.300000190734863,30490
2018-02-22,6.25,6.300000190734863,6.050000190734863,6.199999809265137,21010
2018-02-23,5.900000095367432,6.300000190734863,5.900000095367432,6.150000095367432,30554
2018-02-26,6.150000095367432,6.449999809265137,5.949999809265137,6.449999809265137,72857
2018-02-27,6.699999809265137,6.699999809265137,6.199999809265137,6.300000190734863,36426
2018-02-28,6.150000095367432,6.400000095367432,6.0,6.199999809265137,47140
2018-03-01,6.0,6.400000095367432,6.0,6.050000190734863,31717
2018-03-05,6.199999809265137,6.199999809265137,5.75,5.849999904632568,43762
2018-03-06,6.050000190734863,6.099999904632568,5.699999809265137,5.849999904632568,32651
2018-03-07,5.650000095367432,6.0,5.599999904632568,5.800000190734863,57691
2018-03-08,5.800000190734863,5.800000190734863,5.550000190734863,5.550000190734863,37160
2018-03-09,5.300000190734863,5.650000095367432,5.300000190734863,5.300000190734863,56062
2018-03-12,5.5,5.550000190734863,5.050000190734863,5.300000190734863,66025
2018-03-13,5.300000190734863,5.300000190734863,5.050000190734863,5.099999904632568,44565
2018-03-14,5.0,5.300000190734863,5.0,5.050000190734863,22347
2018-03-15,5.050000190734863,5.25,5.050000190734863,5.199999809265137,61888
2018-03-16,5.25,5.25,5.050000190734863,5.099999904632568,32156
2018-03-19,5.349999904632568,5.349999904632568,5.349999904632568,5.349999904632568,66663
2018-03-20,5.599999904632568,5.599999904632568,5.099999904632568,5.5,138078
2018-03-21,5.5,5.5,5.25,5.25,51287
2018-03-22,5.0,5.349999904632568,5.0,5.050000190734863,30067
2018-03-23,5.0,5.0,4.800000190734863,4.949999809265137,55615
2018-03-26,4.800000190734863,5.050000190734863,4.75,4.75,49910
2018-03-27,4.550000190734863,4.75,4.550000190734863,4.699999809265137,85149
2018-03-28,4.5,4.599999904632568,4.5,4.5,37617
2018-04-02,4.699999809265137,4.699999809265137,4.300000190734863,4.5,84234
2018-04-03,4.699999809265137,4.699999809265137,4.400000095367432,4.699999809265137,52762
2018-04-04,4.800000190734863,4.900000095367432,4.699999809265137,4.699999809265137,73902
2018-04-05,4.900000095367432,4.900000095367432,4.849999904632568,4.900000095367432,170510
2018-04-06,5.099999904632568,5.099999904632568,4.699999809265137,4.699999809265137,45471
2018-04-09,4.5,4.599999904632568,4.5,4.5,48764
2018-04-10,4.300000190734863,4.300000190734863,4.300000190734863,4.300000190734863,53645
2018-04-11,4.449999809265137,4.5,4.300000190734863,4.449999809265137,61066
2018-04-12,4.449999809265137,4.5,4.25,4.300000190734863,127670
2018-04-13,4.5,4.5,4.150000095367432,4.199999809265137,56467
2018-04-16,4.199999809265137,4.300000190734863,4.099999904632568,4.199999809265137,11096
2018-04-17,4.099999904632568,4.300000190734863,4.099999904632568,4.199999809265137,16063
2018-04-18,4.349999904632568,4.349999904632568,4.0,4.050000190734863,61139
2018-04-19,4.199999809265137,4.199999809265137,3.8499999046325684,4.150000095367432,94855
2018-04-20,4.0,4.25,3.950000047683716,3.950000047683716,53437
2018-04-23,3.950000047683716,4.099999904632568,3.799999952316284,3.9000000953674316,84192
2018-04-24,3.799999952316284,4.0,3.799999952316284,3.950000047683716,49088
2018-04-25,3.950000047683716,3.950000047683716,3.799999952316284,3.8499999046325684,38066
2018-04-26,4.0,4.0,3.799999952316284,3.9000000953674316,42484
2018-04-27,4.0,4.0,3.799999952316284,3.9000000953674316,36680
2018-04-30,4.050000190734863,4.050000190734863,3.799999952316284,3.799999952316284,53635
2018-05-02,3.799999952316284,3.9000000953674316,3.6500000953674316,3.8499999046325684,66973
2018-05-03,3.75,3.8499999046325684,3.700000047683716,3.700000047683716,38287
2018-05-04,3.8499999046325684,3.8499999046325684,3.6500000953674316,3.8499999046325684,52670
2018-05-07,3.8499999046325684,4.0,3.8499999046325684,4.0,15014
2018-05-08,4.0,4.199999809265137,4.0,4.199999809265137,43461
2018-05-09,4.25,4.400000095367432,4.25,4.400000095367432,42633
2018-05-10,4.5,4.599999904632568,4.300000190734863,4.400000095367432,68454
2018-05-11,4.599999904632568,4.599999904632568,4.199999809265137,4.300000190734863,56782
2018-05-14,4.25,4.400000095367432,4.099999904632568,4.300000190734863,36436
2018-05-15,4.349999904632568,4.349999904632568,4.099999904632568,4.099999904632568,21903
2018-05-16,4.25,4.300000190734863,3.9000000953674316,4.050000190734863,36721
2018-05-17,4.050000190734863,4.199999809265137,3.9000000953674316,4.050000190734863,22958
2018-05-18,4.050000190734863,4.050000190734863,3.8499999046325684,3.8499999046325684,35656
2018-05-21,3.950000047683716,3.950000047683716,3.700000047683716,3.799999952316284,36101
2018-05-22,3.9000000953674316,3.9000000953674316,3.6500000953674316,3.75,19555
2018-05-23,3.8499999046325684,3.9000000953674316,3.6500000953674316,3.9000000953674316,32939
2018-05-24,4.0,4.050000190734863,3.75,3.950000047683716,35359
2018-05-25,3.950000047683716,4.099999904632568,3.799999952316284,4.099999904632568,44411
2018-05-28,4.300000190734863,4.300000190734863,3.950000047683716,4.0,34733
2018-05-29,4.099999904632568,4.150000095367432,3.950000047683716,4.0,19172
2018-05-30,4.099999904632568,4.099999904632568,3.950000047683716,4.050000190734863,13405
2018-05-31,4.050000190734863,4.25,3.8499999046325684,4.050000190734863,16942
2018-06-01,3.9000000953674316,4.050000190734863,3.9000000953674316,4.0,34037
2018-06-04,3.8499999046325684,4.0,3.8499999046325684,4.0,9761
2018-06-05,3.8499999046325684,4.050000190734863,3.799999952316284,3.9000000953674316,65184
2018-06-06,3.9000000953674316,4.0,3.799999952316284,3.9000000953674316,25481
2018-06-07,3.9000000953674316,3.950000047683716,3.75,3.75,18969
2018-06-08,3.75,3.9000000953674316,3.5999999046325684,3.9000000953674316,23236
2018-06-11,3.9000000953674316,4.050000190734863,3.8499999046325684,3.9000000953674316,16601
2018-06-12,3.9000000953674316,4.0,3.799999952316284,3.9000000953674316,8330
2018-06-13,4.050000190734863,4.050000190734863,3.75,3.799999952316284,37772
2018-06-14,3.75,3.9000000953674316,3.75,3.75,21567
2018-06-15,3.9000000953674316,3.9000000953674316,3.700000047683716,3.8499999046325684,20495
2018-06-18,3.950000047683716,3.950000047683716,3.700000047683716,3.700000047683716,42037
2018-06-19,3.5999999046325684,3.8499999046325684,3.5999999046325684,3.6500000953674316,9087
2018-06-20,3.799999952316284,3.799999952316284,3.5,3.5,60691
2018-06-21,3.549999952316284,3.6500000953674316,3.3499999046325684,3.3499999046325684,35515
2018-06-22,3.5,3.5,3.200000047683716,3.450000047683716,8535
2018-06-25,3.5,3.5999999046325684,3.299999952316284,3.5,7090
2018-06-26,3.5999999046325684,3.5999999046325684,3.3499999046325684,3.3499999046325684,16043
2018-06-27,3.4000000953674316,3.4000000953674316,3.200000047683716,3.200000047683716,30258
2018-06-28,3.049999952316284,3.200000047683716,3.049999952316284,3.200000047683716,20076
2018-06-29,3.0999999046325684,3.200000047683716,3.049999952316284,3.049999952316284,25681
2018-07-02,3.200000047683716,3.200000047683716,2.9000000953674316,3.0999999046325684,16935
2018-07-03,3.200000047683716,3.200000047683716,3.049999952316284,3.0999999046325684,14339
2018-07-04,3.0,3.200000047683716,3.0,3.049999952316284,16409
2018-07-05,3.049999952316284,3.200000047683716,3.049999952316284,3.1500000953674316,21830
2018-07-06,3.049999952316284,3.25,3.0,3.0999999046325684,9653
2018-07-09,3.200000047683716,3.200000047683716,2.950000047683716,3.049999952316284,9674
2018-07-10,3.200000047683716,3.200000047683716,3.0,3.049999952316284,9482
2018-07-11,3.1500000953674316,3.1500000953674316,2.9000000953674316,2.950000047683716,10795
2018-07-12,2.950000047683716,3.049999952316284,2.8499999046325684,2.950000047683716,16176
2018-07-13,2.8499999046325684,3.0,2.8499999046325684,3.0,14375
2018-07-16,3.0999999046325684,3.0999999046325684,2.8499999046325684,2.8499999046325684,5514
2018-07-17,2.8499999046325684,2.9000000953674316,2.75,2.8499999046325684,16161
2018-07-18,2.799999952316284,2.9000000953674316,2.75,2.75,22525
2018-07-19,2.6500000953674316,2.799999952316284,2.6500000953674316,2.700000047683716,18421
2018-07-20,2.5999999046325684,2.75,2.5999999046325684,2.5999999046325684,49299
2018-07-23,2.5,2.700000047683716,2.5,2.549999952316284,29691
2018-07-24,2.6500000953674316,2.6500000953674316,2.450000047683716,2.5999999046325684,39817
2018-07-25,2.5999999046325684,2.700000047683716,2.5,2.549999952316284,6411
2018-07-26,2.450000047683716,2.6500000953674316,2.450000047683716,2.6500000953674316,26822
2018-07-27,2.6500000953674316,2.700000047683716,2.549999952316284,2.5999999046325684,18548
2018-07-30,2.5,2.700000047683716,2.5,2.5,62377
2018-07-31,2.549999952316284,2.5999999046325684,2.549999952316284,2.5999999046325684,4299
2018-08-01,2.700000047683716,2.700000047683716,2.549999952316284,2.6500000953674316,25840
2018-08-02,2.75,2.75,2.549999952316284,2.5999999046325684,32426
2018-08-03,2.6500000953674316,2.700000047683716,2.5999999046325684,2.6500000953674316,13872
2018-08-06,2.6500000953674316,2.75,2.5999999046325684,2.700000047683716,38875
2018-08-07,2.6500000953674316,2.799999952316284,2.5999999046325684,2.5999999046325684,16694
2018-08-08,2.5,2.700000047683716,2.5,2.549999952316284,26238
2018-08-09,2.6500000953674316,2.6500000953674316,2.5,2.6500000953674316,14837
2018-08-10,2.75,2.75,2.549999952316284,2.700000047683716,13184
2018-08-13,2.75,2.75,2.5999999046325684,2.5999999046325684,29051
2018-08-14,2.700000047683716,2.700000047683716,2.549999952316284,2.700000047683716,23780
2018-08-16,2.6500000953674316,2.700000047683716,2.5999999046325684,2.5999999046325684,7159
2018-08-17,2.700000047683716,2.700000047683716,2.549999952316284,2.700000047683716,37081
2018-08-20,2.799999952316284,2.799999952316284,2.5999999046325684,2.75,36810
2018-08-21,2.799999952316284,2.799999952316284,2.6500000953674316,2.6500000953674316,17459
2018-08-23,2.75,2.75,2.5999999046325684,2.700000047683716,47906
2018-08-24,2.700000047683716,2.799999952316284,2.5999999046325684,2.700000047683716,19993
2018-08-27,2.6500000953674316,2.799999952316284,2.6500000953674316,2.700000047683716,8689
2018-08-28,2.799999952316284,2.799999952316284,2.5999999046325684,2.5999999046325684,17006
2018-08-29,2.549999952316284,2.700000047683716,2.5,2.549999952316284,14573
2018-08-30,2.549999952316284,2.6500000953674316,2.5,2.549999952316284,42183
2018-08-31,2.5999999046325684,2.6500000953674316,2.5,2.549999952316284,14437
2018-09-03,2.549999952316284,2.6500000953674316,2.549999952316284,2.5999999046325684,38691
2018-09-04,2.549999952316284,2.700000047683716,2.549999952316284,2.5999999046325684,29699
2018-09-05,2.549999952316284,2.700000047683716,2.549999952316284,2.549999952316284,15561
2018-09-06,2.5,2.6500000953674316,2.5,2.5,12368
2018-09-07,2.4000000953674316,2.549999952316284,2.4000000953674316,2.5,47314
2018-09-10,2.4000000953674316,2.5,2.4000000953674316,2.4000000953674316,19955
2018-09-11,2.4000000953674316,2.450000047683716,2.3499999046325684,2.450000047683716,13093
2018-09-12,2.4000000953674316,2.450000047683716,2.3499999046325684,2.3499999046325684,21081
2018-09-14,2.450000047683716,2.450000047683716,2.25,2.3499999046325684,32839
2018-09-17,2.3499999046325684,2.450000047683716,2.299999952316284,2.4000000953674316,22909
2018-09-18,2.4000000953674316,2.5,2.299999952316284,2.3499999046325684,31696
2018-09-19,2.3499999046325684,2.450000047683716,2.3499999046325684,2.3499999046325684,4821
2018-09-21,2.450000047683716,2.450000047683716,2.25,2.25,24486
2018-09-24,2.1500000953674316,2.3499999046325684,2.1500000953674316,2.1500000953674316,18930
2018-09-25,2.25,2.25,2.049999952316284,2.049999952316284,26423
2018-09-26,2.049999952316284,2.1500000953674316,1.9500000476837158,2.0,51968
2018-09-27,2.0,2.0999999046325684,1.899999976158142,1.899999976158142,53028
2018-09-28,1.899999976158142,1.899999976158142,1.850000023841858,1.850000023841858,19036
2018-10-01,1.899999976158142,1.899999976158142,1.7999999523162842,1.7999999523162842,25224
2018-10-03,1.75,1.850000023841858,1.75,1.850000023841858,67789
2018-10-04,1.850000023841858,1.899999976158142,1.7999999523162842,1.899999976158142,14840
2018-10-05,1.850000023841858,1.9500000476837158,1.850000023841858,1.899999976158142,8686
2018-10-08,1.899999976158142,1.9500000476837158,1.850000023841858,1.9500000476837158,23685
2018-10-09,1.9500000476837158,2.0,1.899999976158142,2.0,13341
2018-10-10,1.899999976158142,2.0999999046325684,1.899999976158142,2.0999999046325684,25012
2018-10-11,2.200000047683716,2.200000047683716,2.0999999046325684,2.200000047683716,21743
2018-10-12,2.299999952316284,2.299999952316284,2.200000047683716,2.299999952316284,10394
2018-10-15,2.299999952316284,2.4000000953674316,2.25,2.4000000953674316,19907
2018-10-16,2.4000000953674316,2.5,2.4000000953674316,2.5,8971
2018-10-17,2.5999999046325684,2.5999999046325684,2.5999999046325684,2.5999999046325684,18753
2018-10-19,2.700000047683716,2.700000047683716,2.700000047683716,2.700000047683716,17208
2018-10-22,2.799999952316284,2.799999952316284,2.799999952316284,2.799999952316284,15222
2018-10-23,2.9000000953674316,2.9000000953674316,2.9000000953674316,2.9000000953674316,13152
2018-10-24,3.0,3.0,3.0,3.0,12512
2018-10-25,3.1500000953674316,3.1500000953674316,3.1500000953674316,3.1500000953674316,9182
2018-10-26,3.299999952316284,3.299999952316284,3.299999952316284,3.299999952316284,29021
2018-10-29,3.450000047683716,3.450000047683716,3.450000047683716,3.450000047683716,18347
2018-10-30,3.5999999046325684,3.5999999046325684,3.5999999046325684,3.5999999046325684,8433
2018-10-31,3.75,3.75,3.75,3.75,39066
2018-11-01,3.9000000953674316,3.9000000953674316,3.9000000953674316,3.9000000953674316,6743
2018-11-02,4.050000190734863,4.050000190734863,4.050000190734863,4.050000190734863,32845
2018-11-05,4.25,4.25,4.25,4.25,15880
2018-11-06,4.449999809265137,4.449999809265137,4.050000190734863,4.050000190734863,120949
2018-11-07,4.099999904632568,4.099999904632568,3.8499999046325684,3.8499999046325684,44781
2018-11-09,3.799999952316284,4.0,3.700000047683716,3.700000047683716,136308
2018-11-12,3.549999952316284,3.799999952316284,3.549999952316284,3.799999952316284,50389
2018-11-13,3.6500000953674316,3.8499999046325684,3.6500000953674316,3.75,46793
2018-11-14,3.5999999046325684,3.75,3.5999999046325684,3.6500000953674316,18407
2018-11-15,3.6500000953674316,3.75,3.5,3.549999952316284,5219
2018-11-16,3.6500000953674316,3.6500000953674316,3.4000000953674316,3.450000047683716,18729
2018-11-19,3.299999952316284,3.549999952316284,3.299999952316284,3.3499999046325684,14988
2018-11-20,3.200000047683716,3.5,3.200000047683716,3.25,12089
2018-11-21,3.25,3.4000000953674316,3.0999999046325684,3.4000000953674316,33608
2018-11-22,3.549999952316284,3.549999952316284,3.25,3.3499999046325684,14967
2018-11-26,3.3499999046325684,3.5,3.200000047683716,3.3499999046325684,17723
2018-11-27,3.4000000953674316,3.4000000953674316,3.200000047683716,3.200000047683716,8192
2018-11-28,3.049999952316284,3.0999999046325684,3.049999952316284,3.049999952316284,16927
2018-11-29,3.049999952316284,3.1500000953674316,2.9000000953674316,3.0,23467
2018-11-30,2.8499999046325684,3.0999999046325684,2.8499999046325684,2.950000047683716,29336
2018-12-03,2.950000047683716,3.049999952316284,2.950000047683716,3.0,25185
2018-12-04,2.8499999046325684,3.0999999046325684,2.8499999046325684,3.049999952316284,10896
2018-12-05,3.1500000953674316,3.1500000953674316,2.950000047683716,3.0,17643
2018-12-06,3.0,3.1500000953674316,2.8499999046325684,3.0,35325
2018-12-07,3.1500000953674316,3.1500000953674316,2.9000000953674316,2.9000000953674316,7406
2018-12-10,2.799999952316284,2.950000047683716,2.799999952316284,2.799999952316284,14760
2018-12-11,2.799999952316284,2.8499999046325684,2.700000047683716,2.799999952316284,9668
2018-12-12,2.75,2.9000000953674316,2.700000047683716,2.75,5502
2018-12-13,2.75,2.8499999046325684,2.75,2.8499999046325684,21917
2018-12-14,2.75,2.950000047683716,2.75,2.8499999046325684,9277
2018-12-17,2.75,2.950000047683716,2.75,2.799999952316284,6543
2018-12-18,2.700000047683716,2.799999952316284,2.700000047683716,2.799999952316284,54330
2018-12-19,2.75,2.799999952316284,2.700000047683716,2.700000047683716,15979
2018-12-20,2.5999999046325684,2.799999952316284,2.5999999046325684,2.6500000953674316,73427
2018-12-21,2.6500000953674316,2.75,2.549999952316284,2.700000047683716,17233
2018-12-24,2.700000047683716,2.75,2.5999999046325684,2.6500000953674316,4846
2018-12-26,2.6500000953674316,2.700000047683716,2.549999952316284,2.700000047683716,19264
2018-12-27,2.75,2.75,2.5999999046325684,2.5999999046325684,19642
2018-12-28,2.549999952316284,2.700000047683716,2.549999952316284,2.700000047683716,11160
2018-12-31,2.5999999046325684,2.799999952316284,2.5999999046325684,2.5999999046325684,53587
2019-01-01,2.700000047683716,2.700000047683716,2.5,2.700000047683716,17659
2019-01-02,2.799999952316284,2.799999952316284,2.5999999046325684,2.6500000953674316,4601
2019-01-03,2.6500000953674316,2.700000047683716,2.549999952316284,2.700000047683716,14518
2019-01-04,2.700000047683716,2.75,2.5999999046325684,2.6500000953674316,10273
2019-01-07,2.75,2.75,2.549999952316284,2.6500000953674316,23588
2019-01-08,2.75,2.75,2.549999952316284,2.700000047683716,22976
2019-01-09,2.5999999046325684,2.799999952316284,2.5999999046325684,2.5999999046325684,26259
2019-01-10,2.5999999046325684,2.700000047683716,2.5,2.6500000953674316,28736
2019-01-11,2.75,2.75,2.5999999046325684,2.6500000953674316,6288
2019-01-14,2.700000047683716,2.700000047683716,2.549999952316284,2.700000047683716,11749
2019-01-15,2.5999999046325684,2.75,2.5999999046325684,2.5999999046325684,34317
2019-01-16,2.5999999046325684,2.700000047683716,2.549999952316284,2.700000047683716,8573
2019-01-17,2.5999999046325684,2.700000047683716,2.5999999046325684,2.5999999046325684,21027
2019-01-18,2.700000047683716,2.700000047683716,2.549999952316284,2.549999952316284,20147
2019-01-21,2.6500000953674316,2.6500000953674316,2.450000047683716,2.549999952316284,10818
2019-01-22,2.5999999046325684,2.5999999046325684,2.450000047683716,2.5,32110
2019-01-23,2.5,2.549999952316284,2.4000000953674316,2.450000047683716,23922
2019-01-24,2.450000047683716,2.5,2.3499999046325684,2.4000000953674316,40459
2019-01-25,2.450000047683716,2.5,2.299999952316284,2.450000047683716,22091
2019-01-28,2.450000047683716,2.5,2.3499999046325684,2.4000000953674316,14316
2019-01-29,2.299999952316284,2.4000000953674316,2.299999952316284,2.299999952316284,18955
2019-01-30,2.200000047683716,2.3499999046325684,2.200000047683716,2.299999952316284,13341
2019-01-31,2.4000000953674316,2.4000000953674316,2.200000047683716,2.200000047683716,16636
2019-02-01,2.25,2.299999952316284,2.1500000953674316,2.1500000953674316,26089
2019-02-04,2.1500000953674316,2.200000047683716,2.049999952316284,2.0999999046325684,20210
2019-02-05,2.049999952316284,2.200000047683716,2.0,2.0999999046325684,17040
2019-02-06,2.0,2.0999999046325684,2.0,2.0,14831
2019-02-07,2.0,2.0999999046325684,1.899999976158142,2.0,13295
2019-02-08,1.9500000476837158,2.0999999046325684,1.899999976158142,1.9500000476837158,36707
2019-02-11,1.899999976158142,2.0,1.899999976158142,1.899999976158142,12065
2019-02-12,1.850000023841858,1.9500000476837158,1.850000023841858,1.899999976158142,12082
2019-02-14,1.7999999523162842,1.899999976158142,1.7999999523162842,1.899999976158142,15886
2019-02-15,1.899999976158142,1.9500000476837158,1.850000023841858,1.9500000476837158,6676
2019-02-18,1.9500000476837158,2.0,1.9500000476837158,2.0,26039
2019-02-19,2.0,2.0999999046325684,1.9500000476837158,2.0999999046325684,50394
2019-02-20,2.1500000953674316,2.200000047683716,2.0,2.1500000953674316,22055
2019-02-21,2.049999952316284,2.200000047683716,2.049999952316284,2.049999952316284,14521
2019-02-22,2.0,2.1500000953674316,2.0,2.1500000953674316,22691
2019-02-25,2.25,2.25,2.0999999046325684,2.25,38215
2019-02-26,2.25,2.299999952316284,2.1500000953674316,2.200000047683716,24128
2019-02-27,2.0999999046325684,2.25,2.0999999046325684,2.0999999046325684,11286
2019-02-28,2.200000047683716,2.200000047683716,2.049999952316284,2.1500000953674316,14040
2019-03-01,2.0999999046325684,2.25,2.0999999046325684,2.200000047683716,13089
2019-03-05,2.0999999046325684,2.299999952316284,2.0999999046325684,2.299999952316284,6175
2019-03-06,2.4000000953674316,2.4000000953674316,2.299999952316284,2.4000000953674316,43705
2019-03-07,2.5,2.5,2.5,2.5,5754
2019-03-08,2.5999999046325684,2.5999999046325684,2.5999999046325684,2.5999999046325684,12081
2019-03-11,2.700000047683716,2.700000047683716,2.700000047683716,2.700000047683716,31210
2019-03-12,2.799999952316284,2.799999952316284,2.799999952316284,2.799999952316284,74810
2019-03-13,2.9000000953674316,2.9000000953674316,2.700000047683716,2.75,76709
2019-03-14,2.799999952316284,2.799999952316284,2.6500000953674316,2.6500000953674316,25151
2019-03-15,2.549999952316284,2.5999999046325684,2.549999952316284,2.549999952316284,10438
2019-03-18,2.450000047683716,2.6500000953674316,2.450000047683716,2.5999999046325684,52901
2019-03-19,2.6500000953674316,2.700000047683716,2.5,2.6500000953674316,20680
2019-03-20,2.75,2.75,2.549999952316284,2.5999999046325684,28669
2019-03-22,2.700000047683716,2.700000047683716,2.5,2.5,13648
2019-03-25,2.5,2.5,2.4000000953674316,2.4000000953674316,25720
2019-03-26,2.299999952316284,2.5,2.299999952316284,2.4000000953674316,20087
2019-03-27,2.4000000953674316,2.450000047683716,2.299999952316284,2.3499999046325684,35068
2019-03-28,2.25,2.4000000953674316,2.25,2.299999952316284,14471
2019-04-01,2.4000000953674316,2.4000000953674316,2.200000047683716,2.200000047683716,18553
2019-04-02,2.25,2.299999952316284,2.1500000953674316,2.299999952316284,20868
2019-04-03,2.25,2.4000000953674316,2.25,2.4000000953674316,15246
2019-04-04,2.299999952316284,2.4000000953674316,2.299999952316284,2.299999952316284,10292
2019-04-05,2.200000047683716,2.3499999046325684,2.200000047683716,2.200000047683716,45083
2019-04-08,2.200000047683716,2.299999952316284,2.200000047683716,2.299999952316284,18273
2019-04-09,2.299999952316284,2.299999952316284,2.200000047683716,2.25,16015
2019-04-10,2.3499999046325684,2.3499999046325684,2.1500000953674316,2.25,10654
2019-04-11,2.3499999046325684,2.3499999046325684,2.200000047683716,2.25,9943
2019-04-12,2.25,2.299999952316284,2.1500000953674316,2.25,11341
2019-04-15,2.1500000953674316,2.25,2.1500000953674316,2.200000047683716,34501
2019-04-16,2.1500000953674316,2.299999952316284,2.0999999046325684,2.1500000953674316,11498
2019-04-18,2.25,2.25,2.1500000953674316,2.1500000953674316,22737
2019-04-22,2.049999952316284,2.25,2.049999952316284,2.1500000953674316,22889
2019-04-23,2.049999952316284,2.25,2.049999952316284,2.1500000953674316,16817
2019-04-24,2.049999952316284,2.1500000953674316,2.049999952316284,2.0999999046325684,8422
2019-04-25,2.200000047683716,2.200000047683716,2.0,2.0,77971
2019-04-26,2.0999999046325684,2.0999999046325684,1.899999976158142,2.0,20302
2019-04-30,2.0,2.0999999046325684,1.899999976158142,1.9500000476837158,21397
2019-05-02,1.899999976158142,2.0,1.899999976158142,1.9500000476837158,30895
2019-05-03,2.0,2.0,1.899999976158142,1.9500000476837158,9384
2019-05-06,1.899999976158142,2.0,1.899999976158142,2.0,12823
2019-05-07,1.899999976158142,2.0999999046325684,1.899999976158142,2.0,25529
2019-05-08,1.899999976158142,2.0,1.899999976158142,2.0,7270
2019-05-09,2.0999999046325684,2.0999999046325684,1.899999976158142,1.899999976158142,8522
2019-05-10,1.9500000476837158,1.9500000476837158,1.850000023841858,1.899999976158142,5958
2019-05-13,1.899999976158142,1.9500000476837158,1.850000023841858,1.899999976158142,12622
2019-05-14,1.899999976158142,1.9500000476837158,1.850000023841858,1.899999976158142,7565
2019-05-15,1.9500000476837158,1.9500000476837158,1.850000023841858,1.850000023841858,10029
2019-05-16,1.899999976158142,1.899999976158142,1.7999999523162842,1.7999999523162842,16717
2019-05-17,1.7999999523162842,1.850000023841858,1.75,1.850000023841858,11741
2019-05-20,1.850000023841858,1.899999976158142,1.7999999523162842,1.899999976158142,20501
2019-05-21,1.9500000476837158,1.9500000476837158,1.850000023841858,1.899999976158142,44365
2019-05-22,1.9500000476837158,1.9500000476837158,1.899999976158142,1.9500000476837158,4399
2019-05-23,1.899999976158142,2.0,1.899999976158142,1.899999976158142,22712
2019-05-24,1.899999976158142,1.9500000476837158,1.850000023841858,1.899999976158142,13324
2019-05-27,1.9500000476837158,1.9500000476837158,1.850000023841858,1.899999976158142,15018
2019-05-28,1.850000023841858,1.9500000476837158,1.850000023841858,1.850000023841858,13482
2019-05-29,1.7999999523162842,1.899999976158142,1.7999999523162842,1.7999999523162842,20575
2019-05-30,1.850000023841858,1.850000023841858,1.7999999523162842,1.850000023841858,25411
2019-05-31,1.899999976158142,1.899999976158142,1.7999999523162842,1.7999999523162842,16323
2019-06-03,1.850000023841858,1.850000023841858,1.75,1.850000023841858,27357
2019-06-04,1.7999999523162842,1.899999976158142,1.7999999523162842,1.7999999523162842,56529
2019-06-06,1.75,1.850000023841858,1.75,1.7999999523162842,45133
2019-06-07,1.75,1.7999999523162842,1.75,1.7999999523162842,9785
2019-06-10,1.850000023841858,1.850000023841858,1.75,1.75,5908
2019-06-11,1.7000000476837158,1.7999999523162842,1.7000000476837158,1.7000000476837158,19170
2019-06-12,1.649999976158142,1.75,1.649999976158142,1.649999976158142,66021
2019-06-13,1.600000023841858,1.7000000476837158,1.600000023841858,1.600000023841858,18554
2019-06-14,1.649999976158142,1.649999976158142,1.5499999523162842,1.5499999523162842,40054
2019-06-17,1.5499999523162842,1.5499999523162842,1.5,1.5499999523162842,15200
2019-06-18,1.5499999523162842,1.5499999523162842,1.5,1.5,28049
2019-06-19,1.4500000476837158,1.5,1.4500000476837158,1.4500000476837158,14431
2019-06-20,1.5,1.5,1.399999976158142,1.399999976158142,29600
2019-06-21,1.4500000476837158,1.4500000476837158,1.350000023841858,1.350000023841858,25254
2019-06-24,1.399999976158142,1.399999976158142,1.2999999523162842,1.350000023841858,62905
2019-06-25,1.399999976158142,1.399999976158142,1.2999999523162842,1.399999976158142,34236
2019-06-26,1.399999976158142,1.399999976158142,1.350000023841858,1.350000023841858,23958
2019-06-27,1.2999999523162842,1.399999976158142,1.2999999523162842,1.399999976158142,29650
2019-06-28,1.399999976158142,1.4500000476837158,1.350000023841858,1.399999976158142,93883
2019-07-01,1.350000023841858,1.399999976158142,1.350000023841858,1.399999976158142,10104
2019-07-02,1.350000023841858,1.399999976158142,1.350000023841858,1.399999976158142,26930
2019-07-03,1.399999976158142,1.399999976158142,1.350000023841858,1.350000023841858,3246
2019-07-04,1.399999976158142,1.399999976158142,1.2999999523162842,1.2999999523162842,21428
2019-07-05,1.350000023841858,1.350000023841858,1.350000023841858,1.350000023841858,3166
2019-07-08,1.2999999523162842,1.399999976158142,1.2999999523162842,1.350000023841858,48632
2019-07-09,1.399999976158142,1.399999976158142,1.350000023841858,1.399999976158142,4551
2019-07-10,1.4500000476837158,1.4500000476837158,1.399999976158142,1.399999976158142,43007
2019-07-11,1.350000023841858,1.4500000476837158,1.350000023841858,1.4500000476837158,33297
2019-07-12,1.399999976158142,1.5,1.399999976158142,1.5,82522
2019-07-15,1.4500000476837158,1.5499999523162842,1.4500000476837158,1.4500000476837158,29704
2019-07-16,1.5,1.5,1.399999976158142,1.399999976158142,23685
2019-07-17,1.4500000476837158,1.4500000476837158,1.4500000476837158,1.4500000476837158,16485
2019-07-18,1.4500000476837158,1.5,1.399999976158142,1.399999976158142,3013
2019-07-19,1.4500000476837158,1.4500000476837158,1.399999976158142,1.4500000476837158,14651
2019-07-22,1.5,1.5,1.399999976158142,1.399999976158142,28351
2019-07-23,1.350000023841858,1.4500000476837158,1.350000023841858,1.4500000476837158,33569
2019-07-24,1.4500000476837158,1.5,1.399999976158142,1.399999976158142,422
2019-07-25,1.350000023841858,1.350000023841858,1.350000023841858,1.350000023841858,23134
2019-07-26,1.399999976158142,1.399999976158142,1.2999999523162842,1.350000023841858,13022
2019-07-29,1.2999999523162842,1.399999976158142,1.2999999523162842,1.350000023841858,115543
2019-07-30,1.2999999523162842,1.399999976158142,1.2999999523162842,1.399999976158142,22616
2019-07-31,1.350000023841858,1.4500000476837158,1.350000023841858,1.399999976158142,37204
2019-08-01,1.350000023841858,1.399999976158142,1.350000023841858,1.350000023841858,9140
2019-08-02,1.399999976158142,1.399999976158142,1.2999999523162842,1.399999976158142,35957
2019-08-05,1.350000023841858,1.399999976158142,1.350000023841858,1.350000023841858,6786
2019-08-06,1.350000023841858,1.399999976158142,1.2999999523162842,1.399999976158142,23111
2019-08-07,1.350000023841858,1.399999976158142,1.350000023841858,1.399999976158142,16962
2019-08-08,1.350000023841858,1.399999976158142,1.350000023841858,1.399999976158142,5466
2019-08-09,1.350000023841858,1.399999976158142,1.350000023841858,1.350000023841858,14201
2019-08-13,1.2999999523162842,1.399999976158142,1.2999999523162842,1.2999999523162842,38926
2019-08-14,1.25,1.350000023841858,1.25,1.25,64381
2019-08-16,1.2000000476837158,1.2999999523162842,1.2000000476837158,1.2000000476837158,6932
2019-08-19,1.2000000476837158,1.25,1.2000000476837158,1.25,14516
2019-08-20,1.2000000476837158,1.2999999523162842,1.2000000476837158,1.2999999523162842,28837
2019-08-21,1.2999999523162842,1.350000023841858,1.25,1.350000023841858,16475
2019-08-22,1.399999976158142,1.399999976158142,1.2999999523162842,1.2999999523162842,7965
2019-08-23,1.25,1.350000023841858,1.25,1.2999999523162842,23793
2019-08-26,1.2999999523162842,1.350000023841858,1.25,1.2999999523162842,30258
2019-08-27,1.25,1.350000023841858,1.25,1.2999999523162842,37747
2019-08-28,1.25,1.350000023841858,1.25,1.350000023841858,21081
2019-08-29,1.2999999523162842,1.350000023841858,1.2999999523162842,1.2999999523162842,9427
2019-08-30,1.2999999523162842,1.350000023841858,1.25,1.2999999523162842,13392
2019-09-03,1.25,1.350000023841858,1.25,1.350000023841858,15361
2019-09-04,1.2999999523162842,1.350000023841858,1.2999999523162842,1.2999999523162842,6323
2019-09-05,1.25,1.350000023841858,1.25,1.25,2469
2019-09-06,1.25,1.2999999523162842,1.2000000476837158,1.2999999523162842,79852
2019-09-09,1.2999999523162842,1.2999999523162842,1.25,1.2999999523162842,10697
2019-09-11,1.2999999523162842,1.2999999523162842,1.25,1.25,36414
2019-09-12,1.25,1.2999999523162842,1.2000000476837158,1.2000000476837158,30939
2019-09-13,1.2000000476837158,1.25,1.2000000476837158,1.25,24621
2019-09-16,1.25,1.2999999523162842,1.25,1.25,91367
2019-09-17,1.2000000476837158,1.2999999523162842,1.2000000476837158,1.25,32431
2019-09-18,1.25,1.2999999523162842,1.2000000476837158,1.2999999523162842,23056
2019-09-19,1.2999999523162842,1.2999999523162842,1.25,1.25,7714
2019-09-20,1.2999999523162842,1.2999999523162842,1.2000000476837158,1.2000000476837158,151716
2019-09-23,1.2000000476837158,1.25,1.2000000476837158,1.2000000476837158,30979
2019-09-24,1.2000000476837158,1.25,1.2000000476837158,1.25,87137
2019-09-25,1.2000000476837158,1.2999999523162842,1.2000000476837158,1.25,7312
2019-09-26,1.2999999523162842,1.2999999523162842,1.2000000476837158,1.2999999523162842,88399
2019-09-27,1.25,1.350000023841858,1.25,1.350000023841858,24092
2019-09-30,1.2999999523162842,1.350000023841858,1.2999999523162842,1.2999999523162842,2087
2019-10-01,1.25,1.350000023841858,1.25,1.25,28428
2019-10-03,1.25,1.2999999523162842,1.2000000476837158,1.25,47957
2019-10-04,1.2000000476837158,1.2999999523162842,1.2000000476837158,1.2000000476837158,34734
2019-10-07,1.2000000476837158,1.25,1.149999976158142,1.2000000476837158,15891
2019-10-09,1.149999976158142,1.25,1.149999976158142,1.149999976158142,44039
2019-10-10,1.100000023841858,1.2000000476837158,1.100000023841858,1.149999976158142,16131
2019-10-11,1.100000023841858,1.2000000476837158,1.100000023841858,1.149999976158142,15441
2019-10-14,1.100000023841858,1.2000000476837158,1.100000023841858,1.149999976158142,18026
2019-10-15,1.149999976158142,1.2000000476837158,1.100000023841858,1.100000023841858,30585
2019-10-16,1.0499999523162842,1.149999976158142,1.0499999523162842,1.100000023841858,13296
2019-10-17,1.149999976158142,1.149999976158142,1.0499999523162842,1.100000023841858,16945
2019-10-18,1.100000023841858,1.149999976158142,1.100000023841858,1.149999976158142,24191
2019-10-22,1.100000023841858,1.2000000476837158,1.100000023841858,1.149999976158142,25389
2019-10-23,1.2000000476837158,1.2000000476837158,1.100000023841858,1.2000000476837158,32562
2019-10-24,1.25,1.25,1.149999976158142,1.2000000476837158,929
2019-10-25,1.2000000476837158,1.25,1.149999976158142,1.149999976158142,68132
2019-10-27,1.2000000476837158,1.2000000476837158,1.2000000476837158,1.2000000476837158,11022
2019-10-29,1.25,1.25,1.149999976158142,1.149999976158142,15089
2019-10-30,1.100000023841858,1.2000000476837158,1.100000023841858,1.149999976158142,13492
2019-10-31,1.100000023841858,1.2000000476837158,1.100000023841858,1.2000000476837158,14228
2019-11-01,1.2000000476837158,1.25,1.149999976158142,1.2000000476837158,20851
2019-11-04,1.2000000476837158,1.25,1.149999976158142,1.149999976158142,13295
2019-11-05,1.149999976158142,1.2000000476837158,1.100000023841858,1.2000000476837158,21907
2019-11-06,1.2000000476837158,1.25,1.149999976158142,1.25,81839
2019-11-07,1.25,1.25,1.2000000476837158,1.2000000476837158,7887
2019-11-08,1.25,1.25,1.149999976158142,1.2000000476837158,19484
2019-11-11,1.149999976158142,1.25,1.149999976158142,1.149999976158142,15642
2019-11-13,1.2000000476837158,1.2000000476837158,1.100000023841858,1.2000000476837158,43378
2019-11-14,1.25,1.25,1.2000000476837158,1.2000000476837158,7154
2019-11-15,1.25,1.25,1.149999976158142,1.149999976158142,25281
2019-11-18,1.149999976158142,1.2000000476837158,1.100000023841858,1.2000000476837158,56464
2019-11-19,1.25,1.25,1.149999976158142,1.149999976158142,57524
2019-11-20,1.149999976158142,1.2000000476837158,1.100000023841858,1.100000023841858,20840
2019-11-21,1.100000023841858,1.149999976158142,1.100000023841858,1.100000023841858,19595
2019-11-22,1.100000023841858,1.149999976158142,1.0499999523162842,1.100000023841858,60802
2019-11-25,1.149999976158142,1.149999976158142,1.0499999523162842,1.0499999523162842,37931
2019-11-26,1.100000023841858,1.100000023841858,1.0,1.0,437048
2019-11-27,1.0,1.0,0.949999988079071,0.949999988079071,178177
2019-11-28,0.8999999761581421,1.0,0.8999999761581421,0.949999988079071,62994
2019-11-29,0.949999988079071,1.0,0.949999988079071,1.0,14464
2019-12-02,1.0,1.0499999523162842,1.0,1.0499999523162842,75748
2019-12-03,1.100000023841858,1.100000023841858,1.0499999523162842,1.100000023841858,66336
2019-12-04,1.100000023841858,1.149999976158142,1.0499999523162842,1.149999976158142,89109
2019-12-05,1.149999976158142,1.2000000476837158,1.149999976158142,1.149999976158142,36239
2019-12-06,1.2000000476837158,1.2000000476837158,1.100000023841858,1.149999976158142,31594
2019-12-09,1.100000023841858,1.149999976158142,1.100000023841858,1.100000023841858,13428
2019-12-10,1.149999976158142,1.149999976158142,1.0499999523162842,1.100000023841858,44622
2019-12-11,1.149999976158142,1.149999976158142,1.0499999523162842,1.0499999523162842,8639
2019-12-12,1.0,1.100000023841858,1.0,1.0,12025
2019-12-13,0.949999988079071,1.0499999523162842,0.949999988079071,1.0,30505
2019-12-16,1.0499999523162842,1.0499999523162842,0.949999988079071,1.0,25373
2019-12-17,1.0,1.0499999523162842,0.949999988079071,1.0499999523162842,9944
2019-12-18,1.100000023841858,1.100000023841858,1.0,1.100000023841858,27615
2019-12-19,1.0499999523162842,1.149999976158142,1.0499999523162842,1.0499999523162842,10291
2019-12-20,1.100000023841858,1.100000023841858,1.0,1.0,12534
2019-12-23,0.949999988079071,1.0499999523162842,0.949999988079071,1.0499999523162842,44275
2019-12-24,1.100000023841858,1.100000023841858,1.0,1.0499999523162842,10425
2019-12-26,1.100000023841858,1.100000023841858,1.0,1.0,36166
2019-12-27,1.0499999523162842,1.0499999523162842,0.949999988079071,1.0499999523162842,12523
2019-12-30,1.100000023841858,1.100000023841858,1.0,1.100000023841858,22132
2019-12-31,1.100000023841858,1.100000023841858,1.0499999523162842,1.0499999523162842,18433
2020-01-01,1.100000023841858,1.100000023841858,1.0,1.0499999523162842,12196
2020-01-02,1.100000023841858,1.100000023841858,1.0,1.100000023841858,70887
2020-01-03,1.100000023841858,1.100000023841858,1.0499999523162842,1.0499999523162842,46503
2020-01-06,1.0,1.100000023841858,1.0,1.100000023841858,26345
2020-01-07,1.149999976158142,1.149999976158142,1.0499999523162842,1.100000023841858,48499
2020-01-08,1.149999976158142,1.149999976158142,1.0499999523162842,1.0499999523162842,22525
2020-01-09,1.100000023841858,1.100000023841858,1.0,1.100000023841858,15563
2020-01-10,1.149999976158142,1.149999976158142,1.0499999523162842,1.149999976158142,48426
2020-01-13,1.2000000476837158,1.2000000476837158,1.100000023841858,1.100000023841858,28392
2020-01-14,1.149999976158142,1.149999976158142,1.0499999523162842,1.0499999523162842,19159
2020-01-15,1.0499999523162842,1.100000023841858,1.0,1.100000023841858,44607
2020-01-16,1.149999976158142,1.149999976158142,1.0499999523162842,1.149999976158142,28064
2020-01-17,1.149999976158142,1.149999976158142,1.100000023841858,1.100000023841858,10807
2020-01-20,1.149999976158142,1.149999976158142,1.0499999523162842,1.0499999523162842,48471
2020-01-21,1.100000023841858,1.100000023841858,1.0499999523162842,1.100000023841858,8946
2020-01-22,1.149999976158142,1.149999976158142,1.0499999523162842,1.149999976158142,9851
2020-01-23,1.149999976158142,1.2000000476837158,1.100000023841858,1.149999976158142,27030
2020-01-24,1.2000000476837158,1.2000000476837158,1.100000023841858,1.149999976158142,37054
2020-01-27,1.149999976158142,1.2000000476837158,1.100000023841858,1.149999976158142,17712
2020-01-28,1.149999976158142,1.149999976158142,1.100000023841858,1.100000023841858,11442
2020-01-29,1.0499999523162842,1.149999976158142,1.0499999523162842,1.0499999523162842,10804
2020-01-30,1.100000023841858,1.100000023841858,1.0,1.0499999523162842,25884
2020-01-31,1.0,1.100000023841858,1.0,1.100000023841858,34437
2020-02-03,1.2000000476837158,1.2000000476837158,1.100000023841858,1.149999976158142,21359
2020-02-04,1.2000000476837158,1.2000000476837158,1.100000023841858,1.100000023841858,20906
2020-02-05,1.0499999523162842,1.149999976158142,1.0499999523162842,1.100000023841858,46208
2020-02-06,1.0499999523162842,1.149999976158142,1.0499999523162842,1.0499999523162842,36898
2020-02-07,1.0499999523162842,1.100000023841858,1.0,1.0,10066
2020-02-10,0.949999988079071,1.0499999523162842,0.949999988079071,1.0,8799
2020-02-11,0.949999988079071,1.0499999523162842,0.949999988079071,1.0499999523162842,35994
2020-02-12,1.100000023841858,1.100000023841858,1.0,1.0499999523162842,53271
2020-02-13,1.0,1.100000023841858,1.0,1.0,25083
2020-02-14,1.0499999523162842,1.0499999523162842,0.949999988079071,1.0,44957
2020-02-17,1.0,1.0499999523162842,0.949999988079071,1.0499999523162842,47704
2020-02-18,1.0499999523162842,1.0499999523162842,1.0,1.0499999523162842,9544
2020-02-19,1.0499999523162842,1.0499999523162842,1.0,1.0499999523162842,27987
2020-02-20,1.0499999523162842,1.0499999523162842,1.0,1.0499999523162842,26685
2020-02-24,1.0,1.0499999523162842,1.0,1.0,38174
2020-02-25,0.949999988079071,1.0499999523162842,0.949999988079071,1.0499999523162842,11759
2020-02-26,1.0499999523162842,1.0499999523162842,1.0,1.0,17520
2020-02-27,0.949999988079071,1.0499999523162842,0.949999988079071,1.0499999523162842,12633
2020-02-28,1.0,1.0499999523162842,1.0,1.0499999523162842,9919
2020-03-02,1.0499999523162842,1.100000023841858,1.0,1.0,39724
2020-03-03,1.0,1.0499999523162842,0.949999988079071,0.949999988079071,12438
2020-03-04,0.949999988079071,1.0,0.949999988079071,1.0,37416
2020-03-05,0.949999988079071,1.0,0.949999988079071,1.0,11475
2020-03-06,1.0,1.0,0.949999988079071,1.0,20205
2020-03-09,0.949999988079071,1.0,0.949999988079071,0.949999988079071,20276
2020-03-11,1.0,1.0,0.8999999761581421,0.8999999761581421,25138
2020-03-12,0.8999999761581421,0.8999999761581421,0.8500000238418579,0.8500000238418579,28027
2020-03-13,0.800000011920929,0.8999999761581421,0.800000011920929,0.8500000238418579,41825
2020-03-16,0.800000011920929,0.8500000238418579,0.800000011920929,0.800000011920929,26216
2020-03-17,0.800000011920929,0.8500000238418579,0.75,0.75,54178
2020-03-18,0.75,0.800000011920929,0.699999988079071,0.800000011920929,40391
2020-03-19,0.8500000238418579,0.8500000238418579,0.75,0.8500000238418579,56922
2020-03-20,0.8999999761581421,0.8999999761581421,0.800000011920929,0.800000011920929,30120
2020-03-23,0.8500000238418579,0.8500000238418579,0.75,0.75,40669
2020-03-24,0.75,0.800000011920929,0.75,0.800000011920929,17316
2020-03-25,0.8500000238418579,0.8500000238418579,0.75,0.800000011920929,20700
2020-03-26,0.800000011920929,0.8500000238418579,0.800000011920929,0.800000011920929,9451
2020-03-27,0.800000011920929,0.8500000238418579,0.75,0.8500000238418579,37762
2020-03-30,0.800000011920929,0.8999999761581421,0.800000011920929,0.8999999761581421,15763
2020-03-31,0.949999988079071,0.949999988079071,0.949999988079071,0.949999988079071,34751
2020-04-01,1.0,1.0,1.0,1.0,18503
2020-04-03,1.0499999523162842,1.0499999523162842,0.949999988079071,1.0499999523162842,143331
2020-04-07,1.100000023841858,1.100000023841858,1.0,1.100000023841858,80632
2020-04-08,1.149999976158142,1.149999976158142,1.100000023841858,1.149999976158142,27246
2020-04-09,1.2000000476837158,1.2000000476837158,1.100000023841858,1.2000000476837158,74720
2020-04-13,1.2000000476837158,1.25,1.2000000476837158,1.25,27897
2020-04-15,1.2999999523162842,1.2999999523162842,1.2999999523162842,1.2999999523162842,48810
2020-04-16,1.350000023841858,1.350000023841858,1.2999999523162842,1.350000023841858,46705
2020-04-17,1.399999976158142,1.399999976158142,1.399999976158142,1.399999976158142,29829
2020-04-20,1.4500000476837158,1.4500000476837158,1.4500000476837158,1.4500000476837158,18890
2020-04-21,1.5,1.5,1.5,1.5,19927
2020-04-22,1.5499999523162842,1.5499999523162842,1.5499999523162842,1.5499999523162842,26150
2020-04-23,1.600000023841858,1.600000023841858,1.600000023841858,1.600000023841858,13613
2020-04-24,1.649999976158142,1.649999976158142,1.649999976158142,1.649999976158142,38046
2020-04-27,1.7000000476837158,1.7000000476837158,1.7000000476837158,1.7000000476837158,16683
2020-04-28,1.75,1.75,1.75,1.75,10520
2020-04-29,1.7999999523162842,1.7999999523162842,1.7999999523162842,1.7999999523162842,21232
2020-04-30,1.850000023841858,1.850000023841858,1.850000023841858,1.850000023841858,24935
2020-05-04,1.899999976158142,1.899999976158142,1.899999976158142,1.899999976158142,16982
2020-05-05,1.9500000476837158,1.9500000476837158,1.9500000476837158,1.9500000476837158,7442
2020-05-06,2.0,2.0,2.0,2.0,72608
2020-05-07,2.0999999046325684,2.0999999046325684,2.0,2.0999999046325684,55050
2020-05-08,2.200000047683716,2.200000047683716,2.200000047683716,2.200000047683716,32274
2020-05-11,2.299999952316284,2.299999952316284,2.299999952316284,2.299999952316284,36375
2020-05-12,2.4000000953674316,2.4000000953674316,2.4000000953674316,2.4000000953674316,19792
2020-05-13,2.5,2.5,2.5,2.5,21329
2020-05-14,2.5999999046325684,2.5999999046325684,2.5999999046325684,2.5999999046325684,5518
2020-05-15,2.700000047683716,2.700000047683716,2.700000047683716,2.700000047683716,6600
2020-05-18,2.799999952316284,2.799999952316284,2.799999952316284,2.799999952316284,15780
2020-05-19,2.9000000953674316,2.9000000953674316,2.9000000953674316,2.9000000953674316,12383
2020-05-20,3.0,3.0,3.0,3.0,36903
2020-05-21,3.1500000953674316,3.1500000953674316,3.1500000953674316,3.1500000953674316,3501
2020-05-22,3.299999952316284,3.299999952316284,3.299999952316284,3.299999952316284,16468
2020-05-26,3.450000047683716,3.450000047683716,3.450000047683716,3.450000047683716,12830
2020-05-27,3.5999999046325684,3.5999999046325684,3.5999999046325684,3.5999999046325684,18065
2020-05-28,3.75,3.75,3.75,3.75,15123
2020-05-29,3.9000000953674316,3.9000000953674316,3.9000000953674316,3.9000000953674316,49075
2020-06-01,4.050000190734863,4.050000190734863,4.050000190734863,4.050000190734863,40365
2020-06-02,4.25,4.25,4.25,4.25,22323
2020-06-03,4.449999809265137,4.449999809265137,4.449999809265137,4.449999809265137,6742
2020-06-04,4.650000095367432,4.650000095367432,4.650000095367432,4.650000095367432,18613
2020-06-05,4.849999904632568,4.849999904632568,4.849999904632568,4.849999904632568,19969
2020-06-08,5.050000190734863,5.050000190734863,5.050000190734863,5.050000190734863,130398
2020-06-09,5.300000190734863,5.300000190734863,4.800000190734863,4.800000190734863,427688
2020-06-10,4.599999904632568,4.599999904632568,4.599999904632568,4.599999904632568,61508
2020-06-11,4.400000095367432,4.400000095367432,4.400000095367432,4.400000095367432,53120
2020-06-12,4.199999809265137,4.199999809265137,4.199999809265137,4.199999809265137,99535
2020-06-15,4.0,4.0,4.0,4.0,81723
2020-06-16,3.799999952316284,3.799999952316284,3.799999952316284,3.799999952316284,45754
2020-06-17,3.6500000953674316,3.6500000953674316,3.6500000953674316,3.6500000953674316,59387
2020-06-18,3.5,3.5,3.5,3.5,52156
2020-06-19,3.3499999046325684,3.6500000953674316,3.3499999046325684,3.6500000953674316,626050
2020-06-22,3.799999952316284,3.799999952316284,3.799999952316284,3.799999952316284,62977
2020-06-23,3.950000047683716,3.950000047683716,3.950000047683716,3.950000047683716,30179
2020-06-24,4.099999904632568,4.099999904632568,3.799999952316284,3.950000047683716,280094
2020-06-25,4.099999904632568,4.099999904632568,3.799999952316284,4.050000190734863,193534
2020-06-26,4.25,4.25,4.0,4.25,213552
2020-06-29,4.449999809265137,4.449999809265137,4.25,4.449999809265137,113415
2020-06-30,4.449999809265137,4.650000095367432,4.449999809265137,4.650000095367432,57847
2020-07-01,4.849999904632568,4.849999904632568,4.550000190734863,4.800000190734863,242951
2020-07-02,4.900000095367432,4.900000095367432,4.599999904632568,4.599999904632568,46330
2020-07-03,4.400000095367432,4.400000095367432,4.400000095367432,4.400000095367432,13386
2020-07-06,4.199999809265137,4.199999809265137,4.199999809265137,4.199999809265137,32301
2020-07-07,4.0,4.0,4.0,4.0,37076
2020-07-08,3.799999952316284,3.799999952316284,3.799999952316284,3.799999952316284,18575
2020-07-09,3.6500000953674316,3.799999952316284,3.6500000953674316,3.6500000953674316,216454
2020-07-10,3.5,3.6500000953674316,3.5,3.549999952316284,75074
2020-07-13,3.4000000953674316,3.5,3.4000000953674316,3.4000000953674316,26350
2020-07-14,3.25,3.25,3.25,3.25,15283
2020-07-15,3.0999999046325684,3.0999999046325684,3.0999999046325684,3.0999999046325684,25304
2020-07-16,2.950000047683716,3.0999999046325684,2.950000047683716,2.950000047683716,119202
2020-07-17,2.8499999046325684,2.8499999046325684,2.8499999046325684,2.8499999046325684,24349
2020-07-20,2.8499999046325684,2.950000047683716,2.75,2.8499999046325684,105693
2020-07-21,2.950000047683716,2.950000047683716,2.75,2.950000047683716,32928
2020-07-22,3.0,3.049999952316284,3.0,3.049999952316284,29978
2020-07-23,3.049999952316284,3.200000047683716,3.049999952316284,3.200000047683716,31485
2020-07-24,3.200000047683716,3.3499999046325684,3.049999952316284,3.0999999046325684,52124
2020-07-27,3.0,3.200000047683716,2.950000047683716,3.0,54255
2020-07-28,2.8499999046325684,3.049999952316284,2.8499999046325684,2.8499999046325684,48015
2020-07-29,2.950000047683716,2.950000047683716,2.75,2.950000047683716,54679
2020-07-30,3.049999952316284,3.049999952316284,2.8499999046325684,2.9000000953674316,70039
2020-07-31,2.950000047683716,3.0,2.799999952316284,2.799999952316284,20380
2020-08-03,2.8499999046325684,2.8499999046325684,2.700000047683716,2.700000047683716,30961
2020-08-04,2.700000047683716,2.75,2.5999999046325684,2.6500000953674316,40172
2020-08-05,2.75,2.75,2.549999952316284,2.5999999046325684,64683
2020-08-06,2.549999952316284,2.700000047683716,2.549999952316284,2.5999999046325684,35819
2020-08-07,2.549999952316284,2.700000047683716,2.549999952316284,2.700000047683716,42602
2020-08-10,2.799999952316284,2.799999952316284,2.799999952316284,2.799999952316284,39258
2020-08-11,2.9000000953674316,2.9000000953674316,2.9000000953674316,2.9000000953674316,8531
2020-08-12,3.0,3.0,2.9000000953674316,3.0,32264
2020-08-13,3.0,3.1500000953674316,3.0,3.1500000953674316,31038
2020-08-14,3.299999952316284,3.299999952316284,3.299999952316284,3.299999952316284,14725
2020-08-17,3.450000047683716,3.450000047683716,3.450000047683716,3.450000047683716,105748
2020-08-18,3.5999999046325684,3.5999999046325684,3.5,3.5999999046325684,93232
2020-08-19,3.75,3.75,3.75,3.75,23396
2020-08-20,3.9000000953674316,3.9000000953674316,3.9000000953674316,3.9000000953674316,23447
2020-08-21,4.050000190734863,4.050000190734863,4.050000190734863,4.050000190734863,15168
2020-08-24,4.25,4.25,4.150000095367432,4.199999809265137,185149
2020-08-25,4.349999904632568,4.349999904632568,4.0,4.0,98813
2020-08-26,3.799999952316284,3.950000047683716,3.799999952316284,3.799999952316284,108102
2020-08-27,3.700000047683716,3.75,3.6500000953674316,3.6500000953674316,134677
2020-08-28,3.6500000953674316,3.799999952316284,3.5,3.700000047683716,78273
2020-08-31,3.700000047683716,3.8499999046325684,3.549999952316284,3.549999952316284,58322
2020-09-01,3.549999952316284,3.700000047683716,3.4000000953674316,3.450000047683716,33261
2020-09-02,3.4000000953674316,3.5999999046325684,3.299999952316284,3.299999952316284,71930
2020-09-03,3.299999952316284,3.450000047683716,3.1500000953674316,3.3499999046325684,49988
2020-09-04,3.200000047683716,3.450000047683716,3.200000047683716,3.4000000953674316,77777
2020-09-07,3.5,3.549999952316284,3.25,3.450000047683716,40221
2020-09-08,3.450000047683716,3.450000047683716,3.299999952316284,3.299999952316284,43777
2020-09-09,3.1500000953674316,3.3499999046325684,3.1500000953674316,3.1500000953674316,37985
2020-09-10,3.299999952316284,3.299999952316284,3.0,3.1500000953674316,49231
2020-09-11,3.0,3.25,3.0,3.200000047683716,27800
2020-09-14,3.049999952316284,3.299999952316284,3.049999952316284,3.0999999046325684,33266
2020-09-15,3.0999999046325684,3.25,2.950000047683716,3.049999952316284,89203
2020-09-16,3.1500000953674316,3.200000047683716,3.049999952316284,3.0999999046325684,23625
2020-09-17,3.0999999046325684,3.200000047683716,3.049999952316284,3.049999952316284,37378
2020-09-18,3.200000047683716,3.200000047683716,3.0,3.049999952316284,19294
2020-09-21,3.200000047683716,3.200000047683716,2.9000000953674316,3.049999952316284,26212
2020-09-22,2.9000000953674316,3.0999999046325684,2.9000000953674316,2.950000047683716,45405
2020-09-23,2.950000047683716,3.0,2.8499999046325684,2.950000047683716,23259
2020-09-24,2.9000000953674316,3.0,2.8499999046325684,2.8499999046325684,42187
2020-09-25,2.9000000953674316,2.950000047683716,2.8499999046325684,2.9000000953674316,39945
2020-09-28,3.0,3.0,2.8499999046325684,3.0,42430
2020-09-29,3.0999999046325684,3.0999999046325684,2.8499999046325684,2.950000047683716,37982
2020-09-30,2.9000000953674316,3.0,2.8499999046325684,2.8499999046325684,33766
2020-10-01,2.950000047683716,2.950000047683716,2.799999952316284,2.9000000953674316,15616
2020-10-05,2.9000000953674316,3.0,2.8499999046325684,2.8499999046325684,16277
2020-10-06,2.9000000953674316,2.950000047683716,2.799999952316284,2.950000047683716,18025
2020-10-07,3.049999952316284,3.049999952316284,2.8499999046325684,2.8499999046325684,31760
2020-10-08,2.950000047683716,2.950000047683716,2.75,2.8499999046325684,39237
2020-10-09,2.8499999046325684,2.950000047683716,2.75,2.8499999046325684,9045
2020-10-12,2.75,2.9000000953674316,2.75,2.799999952316284,33132
2020-10-13,2.700000047683716,2.799999952316284,2.700000047683716,2.700000047683716,15127
2020-10-14,2.700000047683716,2.799999952316284,2.5999999046325684,2.5999999046325684,19951
2020-10-15,2.700000047683716,2.700000047683716,2.5,2.5,42037
2020-10-16,2.450000047683716,2.5999999046325684,2.4000000953674316,2.549999952316284,26307
2020-10-19,2.5,2.6500000953674316,2.5,2.549999952316284,15401
2020-10-20,2.549999952316284,2.6500000953674316,2.549999952316284,2.5999999046325684,8706
2020-10-21,2.6500000953674316,2.700000047683716,2.5,2.5,55158
2020-10-22,2.5999999046325684,2.5999999046325684,2.450000047683716,2.549999952316284,17072
2020-10-23,2.549999952316284,2.6500000953674316,2.549999952316284,2.6500000953674316,4192
2020-10-26,2.700000047683716,2.75,2.700000047683716,2.75,16779
2020-10-27,2.75,2.8499999046325684,2.700000047683716,2.8499999046325684,19830
2020-10-28,2.75,2.9000000953674316,2.75,2.8499999046325684,41765
2020-10-29,2.75,2.950000047683716,2.75,2.8499999046325684,7332
2020-10-30,2.75,2.75,2.75,2.75,6843
2020-11-02,2.75,2.75,2.6500000953674316,2.6500000953674316,9656
2020-11-03,2.6500000953674316,2.6500000953674316,2.549999952316284,2.549999952316284,27346
2020-11-04,2.450000047683716,2.5999999046325684,2.450000047683716,2.5999999046325684,32676
2020-11-05,2.6500000953674316,2.700000047683716,2.5,2.6500000953674316,29521
2020-11-06,2.6500000953674316,2.700000047683716,2.549999952316284,2.5999999046325684,24382
2020-11-09,2.700000047683716,2.700000047683716,2.5,2.700000047683716,40249
2020-11-10,2.700000047683716,2.75,2.5999999046325684,2.700000047683716,25502
2020-11-11,2.75,2.75,2.5999999046325684,2.5999999046325684,10092
2020-11-12,2.700000047683716,2.700000047683716,2.5,2.5,43800
2020-11-13,2.5999999046325684,2.5999999046325684,2.5,2.549999952316284,28005
2020-11-14,2.450000047683716,2.6500000953674316,2.450000047683716,2.549999952316284,12158
2020-11-17,2.6500000953674316,2.6500000953674316,2.5,2.6500000953674316,36966
2020-11-18,2.6500000953674316,2.75,2.6500000953674316,2.75,19882
2020-11-19,2.6500000953674316,2.799999952316284,2.6500000953674316,2.700000047683716,20763
2020-11-20,2.700000047683716,2.700000047683716,2.5999999046325684,2.5999999046325684,55398
2020-11-23,2.6500000953674316,2.6500000953674316,2.5,2.549999952316284,35949
2020-11-24,2.5,2.6500000953674316,2.5,2.5999999046325684,19860
2020-11-25,2.700000047683716,2.700000047683716,2.549999952316284,2.6500000953674316,23316
2020-11-26,2.700000047683716,2.700000047683716,2.549999952316284,2.549999952316284,48554
2020-11-27,2.549999952316284,2.6500000953674316,2.5,2.6500000953674316,42256
2020-12-01,2.6500000953674316,2.700000047683716,2.549999952316284,2.549999952316284,61148
2020-12-02,2.6500000953674316,2.6500000953674316,2.549999952316284,2.6500000953674316,17284
2020-12-03,2.700000047683716,2.75,2.5999999046325684,2.75,48796
2020-12-04,2.8499999046325684,2.8499999046325684,2.700000047683716,2.8499999046325684,40455
2020-12-07,2.8499999046325684,2.950000047683716,2.75,2.950000047683716,126930
2020-12-08,2.950000047683716,3.049999952316284,2.950000047683716,3.049999952316284,50751
2020-12-09,3.049999952316284,3.200000047683716,3.049999952316284,3.200000047683716,26808
2020-12-10,3.3499999046325684,3.3499999046325684,3.049999952316284,3.3499999046325684,189756
2020-12-11,3.4000000953674316,3.5,3.4000000953674316,3.5,54548
2020-12-14,3.6500000953674316,3.6500000953674316,3.6500000953674316,3.6500000953674316,33328
2020-12-15,3.799999952316284,3.799999952316284,3.799999952316284,3.799999952316284,57089
2020-12-16,3.950000047683716,3.950000047683716,3.950000047683716,3.950000047683716,39698
2020-12-17,4.099999904632568,4.099999904632568,4.099999904632568,4.099999904632568,73697
2020-12-18,4.300000190734863,4.300000190734863,3.9000000953674316,3.9000000953674316,116142
2020-12-21,3.9000000953674316,3.9000000953674316,3.75,3.75,47368
2020-12-22,3.5999999046325684,3.5999999046325684,3.5999999046325684,3.5999999046325684,30395
2020-12-23,3.450000047683716,3.450000047683716,3.450000047683716,3.450000047683716,84582
2020-12-24,3.299999952316284,3.5999999046325684,3.299999952316284,3.450000047683716,128606
2020-12-28,3.299999952316284,3.5999999046325684,3.299999952316284,3.5999999046325684,30353
2020-12-29,3.75,3.75,3.6500000953674316,3.75,81352
2020-12-30,3.9000000953674316,3.9000000953674316,3.799999952316284,3.8499999046325684,143179
2020-12-31,4.0,4.0,3.75,3.75,94005
2021-01-01,3.8499999046325684,3.9000000953674316,3.5999999046325684,3.8499999046325684,87546
2021-01-04,3.9000000953674316,4.0,3.8499999046325684,3.950000047683716,180233
2021-01-05,4.050000190734863,4.099999904632568,3.8499999046325684,4.099999904632568,204763
2021-01-06,4.099999904632568,4.25,4.099999904632568,4.199999809265137,157666
2021-01-07,4.400000095367432,4.400000095367432,4.199999809265137,4.349999904632568,232304
2021-01-08,4.5,4.5,4.150000095367432,4.349999904632568,169680
2021-01-11,4.449999809265137,4.5,4.150000095367432,4.150000095367432,58075
2021-01-12,4.150000095367432,4.150000095367432,3.950000047683716,3.950000047683716,77951
2021-01-13,3.9000000953674316,4.050000190734863,3.799999952316284,3.799999952316284,83692
2021-01-14,3.6500000953674316,3.9000000953674316,3.6500000953674316,3.6500000953674316,70335
2021-01-15,3.5,3.799999952316284,3.5,3.799999952316284,142357
2021-01-18,3.950000047683716,3.950000047683716,3.6500000953674316,3.6500000953674316,67313
2021-01-19,3.5999999046325684,3.799999952316284,3.5,3.75,54087
2021-01-20,3.9000000953674316,3.9000000953674316,3.5999999046325684,3.5999999046325684,50429
2021-01-21,3.5999999046325684,3.6500000953674316,3.450000047683716,3.549999952316284,71396
2021-01-22,3.549999952316284,3.6500000953674316,3.4000000953674316,3.4000000953674316,71245
2021-01-25,3.549999952316284,3.549999952316284,3.25,3.25,47820
2021-01-27,3.200000047683716,3.4000000953674316,3.0999999046325684,3.1500000953674316,41788
2021-01-28,3.0999999046325684,3.299999952316284,3.0,3.200000047683716,62869
2021-01-29,3.200000047683716,3.299999952316284,3.049999952316284,3.25,30685
2021-02-01,3.0999999046325684,3.4000000953674316,3.0999999046325684,3.1500000953674316,203076
2021-02-02,3.1500000953674316,3.200000047683716,3.0,3.049999952316284,46325
2021-02-03,3.0,3.200000047683716,3.0,3.200000047683716,66644
2021-02-04,3.3499999046325684,3.3499999046325684,3.049999952316284,3.049999952316284,227722
2021-02-05,3.200000047683716,3.200000047683716,3.049999952316284,3.200000047683716,50755
2021-02-08,3.200000047683716,3.3499999046325684,3.0999999046325684,3.0999999046325684,58101
2021-02-09,3.0999999046325684,3.200000047683716,3.0,3.1500000953674316,38831
2021-02-10,3.25,3.25,3.049999952316284,3.1500000953674316,41682
2021-02-11,3.049999952316284,3.25,3.0,3.0999999046325684,42421
2021-02-12,3.0999999046325684,3.200000047683716,3.0,3.0999999046325684,35860
2021-02-15,3.0999999046325684,3.1500000953674316,3.0,3.1500000953674316,16624
2021-02-16,3.0999999046325684,3.25,3.0,3.0,49128
2021-02-17,3.049999952316284,3.0999999046325684,2.9000000953674316,3.049999952316284,47328
2021-02-18,3.1500000953674316,3.1500000953674316,2.950000047683716,3.0,48888
2021-02-19,3.0,3.1500000953674316,3.0,3.049999952316284,74876
2021-02-22,3.0,3.200000047683716,3.0,3.0999999046325684,72012
2021-02-23,3.1500000953674316,3.1500000953674316,3.0,3.049999952316284,60271
2021-02-24,3.1500000953674316,3.1500000953674316,2.9000000953674316,2.950000047683716,36037
2021-02-25,2.9000000953674316,3.049999952316284,2.8499999046325684,3.0,94284
2021-02-26,3.0,3.0999999046325684,2.950000047683716,3.0,46193
2021-03-01,3.0999999046325684,3.1500000953674316,2.950000047683716,3.0999999046325684,58933
2021-03-02,3.0999999046325684,3.1500000953674316,2.950000047683716,3.049999952316284,50704
2021-03-03,3.0999999046325684,3.1500000953674316,2.9000000953674316,3.0,56626
2021-03-04,3.0,3.1500000953674316,3.0,3.0999999046325684,40042
2021-03-05,3.1500000953674316,3.1500000953674316,3.0,3.049999952316284,24451
2021-03-08,2.950000047683716,3.200000047683716,2.950000047683716,3.049999952316284,29726
2021-03-09,2.950000047683716,3.0999999046325684,2.950000047683716,2.950000047683716,51462
2021-03-10,3.0,3.049999952316284,2.8499999046325684,2.950000047683716,39635
2021-03-12,2.950000047683716,3.049999952316284,2.9000000953674316,2.950000047683716,40517
2021-03-15,2.9000000953674316,3.049999952316284,2.9000000953674316,3.049999952316284,38114
2021-03-16,3.1500000953674316,3.1500000953674316,2.9000000953674316,2.950000047683716,34671
2021-03-17,3.049999952316284,3.049999952316284,2.8499999046325684,2.8499999046325684,130832
2021-03-18,2.950000047683716,2.950000047683716,2.799999952316284,2.8499999046325684,27911
2021-03-19,2.8499999046325684,2.950000047683716,2.75,2.799999952316284,57979
2021-03-22,2.700000047683716,2.9000000953674316,2.700000047683716,2.799999952316284,21118
2021-03-23,2.799999952316284,2.8499999046325684,2.75,2.799999952316284,51200
2021-03-24,2.75,2.9000000953674316,2.700000047683716,2.700000047683716,131443
2021-03-25,2.5999999046325684,2.799999952316284,2.5999999046325684,2.6500000953674316,47822
2021-03-26,2.5999999046325684,2.75,2.549999952316284,2.5999999046325684,59502
2021-03-30,2.5,2.700000047683716,2.5,2.5,90828
2021-03-31,2.4000000953674316,2.450000047683716,2.4000000953674316,2.4000000953674316,49839
2021-04-01,2.5,2.5,2.4000000953674316,2.5,39274
2021-04-05,2.5999999046325684,2.5999999046325684,2.450000047683716,2.5999999046325684,18527
2021-04-06,2.700000047683716,2.700000047683716,2.549999952316284,2.6500000953674316,26928
2021-04-07,2.75,2.75,2.6500000953674316,2.75,39359
2021-04-08,2.8499999046325684,2.8499999046325684,2.700000047683716,2.799999952316284,25749
2021-04-09,2.799999952316284,2.9000000953674316,2.75,2.9000000953674316,30683
2021-04-12,3.0,3.0,2.799999952316284,2.8499999046325684,77848
2021-04-13,2.75,2.9000000953674316,2.75,2.75,6177
2021-04-15,2.6500000953674316,2.8499999046325684,2.6500000953674316,2.6500000953674316,74351
2021-04-16,2.75,2.75,2.549999952316284,2.6500000953674316,43212
2021-04-19,2.549999952316284,2.700000047683716,2.549999952316284,2.549999952316284,32457
2021-04-20,2.5,2.5,2.450000047683716,2.450000047683716,59801
2021-04-22,2.5,2.5,2.3499999046325684,2.4000000953674316,21902
2021-04-23,2.299999952316284,2.5,2.299999952316284,2.5,23652
2021-04-26,2.5,2.5,2.4000000953674316,2.450000047683716,31442
2021-04-27,2.4000000953674316,2.549999952316284,2.4000000953674316,2.549999952316284,72648
2021-04-28,2.6500000953674316,2.6500000953674316,2.450000047683716,2.5999999046325684,62369
2021-04-29,2.5,2.6500000953674316,2.5,2.6500000953674316,73980
2021-04-30,2.549999952316284,2.700000047683716,2.549999952316284,2.6500000953674316,60347
2021-05-03,2.549999952316284,2.6500000953674316,2.549999952316284,2.5999999046325684,20104
2021-05-04,2.5999999046325684,2.700000047683716,2.5999999046325684,2.700000047683716,103936
2021-05-05,2.700000047683716,2.799999952316284,2.700000047683716,2.799999952316284,97507
2021-05-06,2.799999952316284,2.9000000953674316,2.799999952316284,2.9000000953674316,90791
2021-05-07,2.9000000953674316,3.0,2.799999952316284,2.950000047683716,63724
2021-05-10,3.049999952316284,3.049999952316284,2.950000047683716,3.049999952316284,40938
2021-05-11,3.1500000953674316,3.200000047683716,2.950000047683716,3.0999999046325684,66805
2021-05-12,3.1500000953674316,3.200000047683716,3.049999952316284,3.1500000953674316,40953
2021-05-14,3.049999952316284,3.25,3.049999952316284,3.0999999046325684,41993
2021-05-17,3.200000047683716,3.200000047683716,2.950000047683716,3.049999952316284,18800
2021-05-18,3.049999952316284,3.1500000953674316,2.950000047683716,3.0,30811
2021-05-19,3.0999999046325684,3.0999999046325684,3.0,3.049999952316284,39732
2021-05-20,3.0,3.0999999046325684,2.9000000953674316,2.950000047683716,75342
2021-05-21,3.0,3.049999952316284,2.9000000953674316,3.0,33371
2021-05-24,3.049999952316284,3.0999999046325684,3.0,3.0,76273
2021-05-25,3.0999999046325684,3.0999999046325684,2.8499999046325684,3.0,27264
2021-05-26,3.0999999046325684,3.0999999046325684,2.950000047683716,3.0,70750
2021-05-27,3.0,3.1500000953674316,3.0,3.049999952316284,133278
2021-05-28,3.1500000953674316,3.1500000953674316,2.950000047683716,3.0,44200
2021-05-31,3.0999999046325684,3.0999999046325684,3.0,3.049999952316284,45926
2021-06-01,3.049999952316284,3.0999999046325684,2.950000047683716,3.0,31736
2021-06-02,3.0999999046325684,3.0999999046325684,2.950000047683716,3.049999952316284,65242
2021-06-03,3.0999999046325684,3.200000047683716,3.0,3.0,151137
2021-06-04,2.950000047683716,3.0999999046325684,2.950000047683716,3.0,55906
2021-06-07,3.0999999046325684,3.1500000953674316,3.0,3.1500000953674316,60249
2021-06-08,3.299999952316284,3.299999952316284,3.25,3.299999952316284,56955
2021-06-09,3.450000047683716,3.450000047683716,3.450000047683716,3.450000047683716,33708
2021-06-10,3.5999999046325684,3.5999999046325684,3.549999952316284,3.5999999046325684,30832
2021-06-11,3.75,3.75,3.700000047683716,3.75,174080
2021-06-14,3.9000000953674316,3.9000000953674316,3.5999999046325684,3.75,249553
2021-06-15,3.5999999046325684,3.9000000953674316,3.5999999046325684,3.799999952316284,210049
2021-06-16,3.9000000953674316,3.9000000953674316,3.6500000953674316,3.8499999046325684,203635
2021-06-17,3.950000047683716,3.950000047683716,3.700000047683716,3.75,146851
2021-06-18,3.8499999046325684,3.8499999046325684,3.5999999046325684,3.75,195071
2021-06-21,3.5999999046325684,3.75,3.5999999046325684,3.6500000953674316,58064
2021-06-22,3.75,3.799999952316284,3.5999999046325684,3.799999952316284,125006
2021-06-23,3.9000000953674316,3.9000000953674316,3.6500000953674316,3.8499999046325684,167542
2021-06-24,3.9000000953674316,3.9000000953674316,3.700000047683716,3.75,106993
2021-06-25,3.700000047683716,3.8499999046325684,3.700000047683716,3.75,47509
2021-06-28,3.9000000953674316,3.9000000953674316,3.5999999046325684,3.799999952316284,37347
2021-06-29,3.9000000953674316,3.950000047683716,3.799999952316284,3.8499999046325684,73848
2021-06-30,3.9000000953674316,3.950000047683716,3.75,3.75,55987
2021-07-01,3.6500000953674316,3.799999952316284,3.5999999046325684,3.75,53251
2021-07-02,3.799999952316284,3.799999952316284,3.5999999046325684,3.75,91682
2021-07-05,3.8499999046325684,3.8499999046325684,3.5999999046325684,3.5999999046325684,74037
2021-07-06,3.5,3.700000047683716,3.5,3.549999952316284,192216
2021-07-07,3.5999999046325684,3.5999999046325684,3.4000000953674316,3.5,46514
2021-07-08,3.450000047683716,3.5,3.4000000953674316,3.4000000953674316,84014
2021-07-09,3.549999952316284,3.549999952316284,3.4000000953674316,3.4000000953674316,115597
2021-07-12,3.5,3.5,3.3499999046325684,3.450000047683716,52316
2021-07-13,3.549999952316284,3.5999999046325684,3.3499999046325684,3.450000047683716,99342
2021-07-14,3.450000047683716,3.5,3.3499999046325684,3.4000000953674316,73978
2021-07-15,3.4000000953674316,3.4000000953674316,3.299999952316284,3.299999952316284,49640
2021-07-16,3.299999952316284,3.450000047683716,3.299999952316284,3.4000000953674316,65404
2021-07-19,3.549999952316284,3.549999952316284,3.299999952316284,3.549999952316284,78921
2021-07-20,3.5999999046325684,3.700000047683716,3.5999999046325684,3.700000047683716,51698
2021-07-22,3.8499999046325684,3.8499999046325684,3.75,3.8499999046325684,74213
2021-07-23,4.0,4.0,3.700000047683716,3.75,113291
2021-07-26,3.700000047683716,3.9000000953674316,3.700000047683716,3.9000000953674316,78884
2021-07-27,4.050000190734863,4.050000190734863,3.9000000953674316,4.050000190734863,135412
2021-07-28,4.099999904632568,4.150000095367432,3.8499999046325684,3.9000000953674316,108754
2021-07-29,3.75,4.0,3.75,3.9000000953674316,43324
2021-07-30,3.9000000953674316,4.0,3.75,3.950000047683716,122690
2021-08-02,4.0,4.050000190734863,3.799999952316284,3.799999952316284,98927
2021-08-03,3.799999952316284,3.8499999046325684,3.6500000953674316,3.75,44546
2021-08-04,3.6500000953674316,3.8499999046325684,3.5999999046325684,3.6500000953674316,58884
2021-08-05,3.5,3.549999952316284,3.5,3.5,33879
2021-08-06,3.5999999046325684,3.5999999046325684,3.3499999046325684,3.4000000953674316,40352
2021-08-09,3.4000000953674316,3.5,3.4000000953674316,3.4000000953674316,27358
2021-08-10,3.3499999046325684,3.549999952316284,3.25,3.3499999046325684,68692
2021-08-11,3.25,3.450000047683716,3.200000047683716,3.200000047683716,40824
2021-08-12,3.049999952316284,3.299999952316284,3.049999952316284,3.25,27158
2021-08-13,3.299999952316284,3.3499999046325684,3.200000047683716,3.200000047683716,23996
2021-08-16,3.3499999046325684,3.3499999046325684,3.0999999046325684,3.200000047683716,39710
2021-08-17,3.0999999046325684,3.3499999046325684,3.0999999046325684,3.0999999046325684,33432
2021-08-18,3.25,3.25,3.049999952316284,3.1500000953674316,14184
2021-08-20,3.049999952316284,3.200000047683716,3.0,3.049999952316284,46535
2021-08-23,3.0,3.0999999046325684,2.9000000953674316,2.950000047683716,38489
2021-08-24,2.8499999046325684,3.0,2.8499999046325684,2.950000047683716,7888
2021-08-25,3.049999952316284,3.049999952316284,2.950000047683716,3.0,19097
2021-08-26,2.9000000953674316,3.0999999046325684,2.8499999046325684,2.8499999046325684,129821
2021-08-27,2.950000047683716,2.950000047683716,2.9000000953674316,2.950000047683716,7977
2021-08-30,2.950000047683716,3.049999952316284,2.950000047683716,3.049999952316284,16409
2021-08-31,3.049999952316284,3.0999999046325684,2.950000047683716,3.0,30260
2021-09-01,3.049999952316284,3.1500000953674316,3.049999952316284,3.0999999046325684,37517
2021-09-02,3.1500000953674316,3.1500000953674316,3.0,3.049999952316284,26850
2021-09-03,3.0,3.049999952316284,3.0,3.0,13611
2021-09-06,2.950000047683716,3.049999952316284,2.9000000953674316,3.0,26300
2021-09-07,3.0,3.049999952316284,2.950000047683716,3.0,16687
2021-09-08,2.950000047683716,3.049999952316284,2.8499999046325684,2.8499999046325684,129088
2021-09-09,2.950000047683716,2.950000047683716,2.75,2.950000047683716,55403
2021-09-13,2.950000047683716,3.049999952316284,2.9000000953674316,2.9000000953674316,21478
2021-09-14,2.950000047683716,3.0,2.799999952316284,3.0,66034
2021-09-15,3.0999999046325684,3.0999999046325684,2.9000000953674316,2.950000047683716,66846
2021-09-16,2.9000000953674316,3.049999952316284,2.9000000953674316,3.0,89134
2021-09-17,3.0,3.049999952316284,2.8499999046325684,2.950000047683716,89324
2021-09-20,2.950000047683716,3.0,2.8499999046325684,2.9000000953674316,53045
2021-09-21,2.8499999046325684,3.0,2.8499999046325684,2.9000000953674316,29940
2021-09-22,2.9000000953674316,3.0,2.9000000953674316,3.0,11726
2021-09-23,3.0,3.1500000953674316,2.9000000953674316,3.049999952316284,36156
2021-09-24,3.0999999046325684,3.0999999046325684,2.950000047683716,3.049999952316284,37576
2021-09-27,3.0999999046325684,3.0999999046325684,2.9000000953674316,2.950000047683716,38879
2021-09-28,2.950000047683716,3.0,2.8499999046325684,2.950000047683716,31226
2021-09-29,2.8499999046325684,3.0,2.8499999046325684,2.9000000953674316,30493
2021-09-30,2.950000047683716,3.0,2.8499999046325684,2.9000000953674316,26438
2021-10-01,2.9000000953674316,2.950000047683716,2.799999952316284,2.8499999046325684,32954
2021-10-04,2.950000047683716,2.950000047683716,2.8499999046325684,2.950000047683716,30694
2021-10-05,3.0,3.049999952316284,2.9000000953674316,2.950000047683716,60743
2021-10-06,2.950000047683716,3.049999952316284,2.8499999046325684,2.9000000953674316,120400
2021-10-07,2.9000000953674316,3.0,2.8499999046325684,2.950000047683716,49803
2021-10-08,2.9000000953674316,3.0,2.9000000953674316,2.9000000953674316,54003
2021-10-11,3.0,3.0,2.799999952316284,2.9000000953674316,107620
2021-10-12,2.9000000953674316,3.0,2.9000000953674316,3.0,77464
2021-10-13,2.950000047683716,3.0999999046325684,2.950000047683716,3.0,54408
2021-10-14,3.0999999046325684,3.0999999046325684,2.950000047683716,3.0,29216
2021-10-18,3.049999952316284,3.0999999046325684,2.950000047683716,3.0,40718
2021-10-19,3.0999999046325684,3.0999999046325684,2.9000000953674316,2.950000047683716,46935
2021-10-20,2.9000000953674316,3.049999952316284,2.9000000953674316,2.950000047683716,19396
2021-10-21,2.950000047683716,3.0,2.9000000953674316,2.950000047683716,20437
2021-10-22,2.950000047683716,3.0,2.950000047683716,2.950000047683716,23232
2021-10-25,2.950000047683716,3.0,2.9000000953674316,2.9000000953674316,20258
2021-10-26,2.950000047683716,2.950000047683716,2.8499999046325684,2.8499999046325684,27916
2021-10-27,2.9000000953674316,2.9000000953674316,2.799999952316284,2.9000000953674316,24976
2021-10-28,2.799999952316284,2.9000000953674316,2.799999952316284,2.799999952316284,55048
2021-10-29,2.75,2.9000000953674316,2.75,2.8499999046325684,12645
2021-11-01,2.9000000953674316,2.950000047683716,2.799999952316284,2.950000047683716,18986
2021-11-02,3.0,3.0,2.8499999046325684,2.950000047683716,15496
2021-11-03,2.8499999046325684,3.0,2.8499999046325684,2.950000047683716,38501
2021-11-04,3.0,3.0,2.950000047683716,3.0,25648
2021-11-08,3.0,3.0,2.8499999046325684,2.9000000953674316,36774
2021-11-09,2.9000000953674316,3.0,2.8499999046325684,2.9000000953674316,37336
2021-11-10,2.9000000953674316,3.0,2.9000000953674316,2.950000047683716,43418
2021-11-11,3.049999952316284,3.049999952316284,2.9000000953674316,2.9000000953674316,136404
2021-11-12,3.0,3.0,2.9000000953674316,3.0,41752
2021-11-15,3.0,3.049999952316284,2.950000047683716,2.950000047683716,54056
2021-11-16,3.0,3.0,2.950000047683716,3.0,31065
2021-11-17,3.0,3.0,2.9000000953674316,2.950000047683716,15169
2021-11-18,2.950000047683716,3.0,2.9000000953674316,2.950000047683716,18587
2021-11-22,2.9000000953674316,3.049999952316284,2.8499999046325684,2.9000000953674316,151992
2021-11-23,3.0,3.0,2.799999952316284,3.0,611037
2021-11-24,3.0,3.049999952316284,2.9000000953674316,2.950000047683716,58441
2021-11-25,3.0,3.0,2.9000000953674316,2.950000047683716,46042
2021-11-26,3.0,3.0,2.9000000953674316,2.950000047683716,56147
2021-11-29,2.950000047683716,3.0,2.9000000953674316,3.0,25179
2021-11-30,2.9000000953674316,3.0,2.9000000953674316,2.9000000953674316,53447
2021-12-01,3.0,3.0,2.799999952316284,2.8499999046325684,21701
2021-12-02,2.9000000953674316,2.950000047683716,2.799999952316284,2.799999952316284,53897
2021-12-03,2.8499999046325684,2.9000000953674316,2.75,2.9000000953674316,42167
2021-12-06,2.9000000953674316,2.950000047683716,2.8499999046325684,2.950000047683716,31412
2021-12-07,3.0,3.0,2.9000000953674316,2.950000047683716,57100
2021-12-08,3.0,3.0,2.9000000953674316,3.0,88664
2021-12-09,2.950000047683716,3.049999952316284,2.950000047683716,3.0,95806
2021-12-10,3.049999952316284,3.1500000953674316,3.0,3.1500000953674316,236349
2021-12-13,3.25,3.299999952316284,3.25,3.299999952316284,94116
2021-12-14,3.450000047683716,3.450000047683716,3.450000047683716,3.450000047683716,77621
2021-12-15,3.5999999046325684,3.5999999046325684,3.5999999046325684,3.5999999046325684,47984
2021-12-16,3.75,3.75,3.75,3.75,52235
2021-12-17,3.9000000953674316,3.9000000953674316,3.9000000953674316,3.9000000953674316,130192
2021-12-20,4.050000190734863,4.050000190734863,3.75,4.050000190734863,564316
2021-12-21,4.199999809265137,4.25,4.150000095367432,4.25,77021
2021-12-22,4.449999809265137,4.449999809265137,4.449999809265137,4.449999809265137,47763
2021-12-23,4.650000095367432,4.650000095367432,4.650000095367432,4.650000095367432,30922
2021-12-24,4.849999904632568,4.849999904632568,4.849999904632568,4.849999904632568,200108
2021-12-27,5.050000190734863,5.050000190734863,5.050000190734863,5.050000190734863,75187
2021-12-28,5.300000190734863,5.300000190734863,5.300000190734863,5.300000190734863,25302
2021-12-29,5.550000190734863,5.550000190734863,5.550000190734863,5.550000190734863,27377
2021-12-30,5.800000190734863,5.800000190734863,5.800000190734863,5.800000190734863,52746
2021-12-31,6.050000190734863,6.050000190734863,6.050000190734863,6.050000190734863,32429
2022-01-03,6.349999904632568,6.349999904632568,6.349999904632568,6.349999904632568,52180
2022-01-04,6.650000095367432,6.650000095367432,6.650000095367432,6.650000095367432,326607
2022-01-05,6.949999809265137,6.949999809265137,6.349999904632568,6.400000095367432,927868
2022-01-06,6.449999809265137,6.699999809265137,6.099999904632568,6.699999809265137,514974
2022-01-07,7.0,7.0,6.5,7.0,459026
2022-01-10,7.349999904632568,7.349999904632568,7.349999904632568,7.349999904632568,77605
2022-01-11,7.699999809265137,7.699999809265137,7.699999809265137,7.699999809265137,47475
2022-01-12,8.050000190734863,8.050000190734863,8.050000190734863,8.050000190734863,229262
2022-01-13,8.449999809265137,8.449999809265137,7.650000095367432,8.050000190734863,689428
2022-01-14,8.050000190734863,8.050000190734863,7.650000095367432,7.900000095367432,302565
2022-01-17,8.199999809265137,8.199999809265137,7.550000190734863,7.550000190734863,278977
2022-01-18,7.199999809265137,7.199999809265137,7.199999809265137,7.199999809265137,61062
2022-01-19,6.849999904632568,6.849999904632568,6.849999904632568,6.849999904632568,33831
2022-01-20,6.550000190734863,6.550000190734863,6.550000190734863,6.550000190734863,36920
2022-01-21,6.25,6.25,6.25,6.25,78993
2022-01-24,5.949999809265137,5.949999809265137,5.949999809265137,5.949999809265137,38604
2022-01-25,5.699999809265137,5.699999809265137,5.699999809265137,5.699999809265137,44859
2022-01-27,5.449999809265137,5.449999809265137,5.449999809265137,5.449999809265137,40752
2022-01-28,5.199999809265137,5.699999809265137,5.199999809265137,5.699999809265137,449216
2022-01-31,5.949999809265137,5.949999809265137,5.849999904632568,5.949999809265137,200844
2022-02-01,6.199999809265137,6.199999809265137,6.099999904632568,6.199999809265137,156552
2022-02-02,6.449999809265137,6.5,6.449999809265137,6.5,72113
2022-02-03,6.800000190734863,6.800000190734863,6.75,6.800000190734863,161857
2022-02-04,7.099999904632568,7.099999904632568,6.900000095367432,7.050000190734863,227997
2022-02-07,6.800000190734863,7.25,6.699999809265137,6.699999809265137,67624
2022-02-08,6.400000095367432,6.400000095367432,6.400000095367432,6.400000095367432,40740
2022-02-09,6.099999904632568,6.25,6.099999904632568,6.099999904632568,55938
2022-02-10,5.800000190734863,6.0,5.800000190734863,5.849999904632568,87488
2022-02-11,5.849999904632568,6.099999904632568,5.599999904632568,6.050000190734863,153272
2022-02-14,5.800000190734863,5.800000190734863,5.75,5.75,27792
2022-02-15,5.75,5.949999809265137,5.5,5.5,52238
2022-02-16,5.25,5.75,5.25,5.550000190734863,121588
2022-02-17,5.300000190734863,5.699999809265137,5.300000190734863,5.349999904632568,44846
2022-02-18,5.349999904632568,5.400000095367432,5.099999904632568,5.099999904632568,51510
2022-02-21,5.0,5.050000190734863,4.849999904632568,4.849999904632568,55268
2022-02-22,4.650000095367432,4.650000095367432,4.650000095367432,4.650000095367432,21731
2022-02-23,4.449999809265137,4.849999904632568,4.449999809265137,4.800000190734863,81844
2022-02-24,4.800000190734863,4.800000190734863,4.599999904632568,4.599999904632568,17550
2022-02-25,4.650000095367432,4.650000095367432,4.400000095367432,4.599999904632568,94569
2022-02-28,4.650000095367432,4.650000095367432,4.400000095367432,4.449999809265137,47093
2022-03-02,4.400000095367432,4.550000190734863,4.25,4.400000095367432,50861
2022-03-03,4.449999809265137,4.599999904632568,4.449999809265137,4.599999904632568,36030
2022-03-04,4.800000190734863,4.800000190734863,4.650000095367432,4.75,47842
2022-03-07,4.800000190734863,4.849999904632568,4.550000190734863,4.550000190734863,74409
2022-03-08,4.400000095367432,4.75,4.400000095367432,4.650000095367432,42182
2022-03-09,4.650000095367432,4.849999904632568,4.599999904632568,4.800000190734863,62190
2022-03-10,5.0,5.0,4.849999904632568,5.0,23563
2022-03-11,5.25,5.25,5.0,5.150000095367432,52676
2022-03-14,5.0,5.25,4.900000095367432,4.949999809265137,45913
2022-03-15,4.800000190734863,5.150000095367432,4.75,5.0,61789
2022-03-16,5.199999809265137,5.199999809265137,4.949999809265137,5.0,27769
2022-03-17,5.0,5.150000095367432,4.849999904632568,5.050000190734863,48574
2022-03-21,5.150000095367432,5.199999809265137,4.800000190734863,4.849999904632568,94095
2022-03-22,4.800000190734863,4.949999809265137,4.650000095367432,4.699999809265137,50405
2022-03-23,4.650000095367432,4.849999904632568,4.5,4.5,67159
2022-03-24,4.599999904632568,4.599999904632568,4.300000190734863,4.300000190734863,85612
2022-03-25,4.099999904632568,4.349999904632568,4.099999904632568,4.150000095367432,82924
2022-03-28,4.25,4.25,3.950000047683716,3.950000047683716,92716
2022-03-29,4.050000190734863,4.050000190734863,3.799999952316284,3.799999952316284,89794
2022-03-30,3.799999952316284,3.9000000953674316,3.6500000953674316,3.6500000953674316,124044
2022-03-31,3.6500000953674316,3.799999952316284,3.5,3.5,142630
2022-04-01,3.6500000953674316,3.6500000953674316,3.549999952316284,3.6500000953674316,21414
2022-04-04,3.799999952316284,3.799999952316284,3.799999952316284,3.799999952316284,6356
2022-04-05,3.950000047683716,3.950000047683716,3.950000047683716,3.950000047683716,22479
2022-04-06,4.099999904632568,4.099999904632568,4.099999904632568,4.099999904632568,3605
2022-04-07,4.300000190734863,4.300000190734863,4.300000190734863,4.300000190734863,20456
2022-04-08,4.5,4.5,4.5,4.5,14781
2022-04-11,4.699999809265137,4.699999809265137,4.699999809265137,4.699999809265137,29538
2022-04-12,4.900000095367432,4.900000095367432,4.699999809265137,4.900000095367432,152546
2022-04-13,5.099999904632568,5.099999904632568,4.699999809265137,5.0,117202
2022-04-18,5.099999904632568,5.150000095367432,4.75,4.900000095367432,89787
2022-04-19,5.099999904632568,5.099999904632568,4.699999809265137,4.699999809265137,98905
2022-04-20,4.699999809265137,4.800000190734863,4.599999904632568,4.699999809265137,45159
2022-04-21,4.849999904632568,4.849999904632568,4.550000190734863,4.75,42022
2022-04-22,4.75,4.75,4.550000190734863,4.550000190734863,54652
2022-04-25,4.75,4.75,4.349999904632568,4.349999904632568,119039
2022-04-26,4.199999809265137,4.400000095367432,4.150000095367432,4.199999809265137,57746
2022-04-27,4.349999904632568,4.349999904632568,4.050000190734863,4.099999904632568,27664
2022-04-28,4.300000190734863,4.300000190734863,4.0,4.099999904632568,58209
2022-04-29,4.150000095367432,4.150000095367432,3.950000047683716,4.0,51638
2022-05-02,4.150000095367432,4.150000095367432,3.9000000953674316,4.0,23397
2022-05-04,4.0,4.0,3.8499999046325684,3.9000000953674316,31821
2022-05-05,3.8499999046325684,3.950000047683716,3.75,3.8499999046325684,36261
2022-05-06,4.0,4.0,3.799999952316284,4.0,137058
2022-05-09,3.9000000953674316,4.050000190734863,3.799999952316284,4.0,82280
2022-05-10,4.150000095367432,4.150000095367432,3.950000047683716,3.950000047683716,13501
2022-05-11,4.0,4.0,3.799999952316284,3.8499999046325684,36289
2022-05-12,3.700000047683716,3.8499999046325684,3.700000047683716,3.700000047683716,36065
2022-05-13,3.549999952316284,3.6500000953674316,3.549999952316284,3.549999952316284,109323
2022-05-16,3.4000000953674316,3.5,3.4000000953674316,3.5,79920
2022-05-17,3.5999999046325684,3.5999999046325684,3.4000000953674316,3.5999999046325684,61525
2022-05-18,3.700000047683716,3.75,3.6500000953674316,3.75,63519
2022-05-19,3.6500000953674316,3.9000000953674316,3.6500000953674316,3.75,34731
2022-05-20,3.8499999046325684,3.8499999046325684,3.6500000953674316,3.700000047683716,27977
2022-05-23,3.799999952316284,3.799999952316284,3.549999952316284,3.5999999046325684,23436
2022-05-24,3.700000047683716,3.700000047683716,3.5,3.5,14292
2022-05-25,3.5999999046325684,3.5999999046325684,3.4000000953674316,3.5,18862
2022-05-26,3.5999999046325684,3.5999999046325684,3.3499999046325684,3.4000000953674316,35531
2022-05-27,3.5,3.5,3.25,3.3499999046325684,48611
2022-05-30,3.299999952316284,3.450000047683716,3.25,3.3499999046325684,20686
2022-05-31,3.4000000953674316,3.4000000953674316,3.25,3.4000000953674316,16245
2022-06-01,3.4000000953674316,3.5,3.299999952316284,3.5,18314
2022-06-02,3.4000000953674316,3.450000047683716,3.3499999046325684,3.4000000953674316,62317
2022-06-03,3.3499999046325684,3.450000047683716,3.25,3.3499999046325684,38275
2022-06-06,3.450000047683716,3.5,3.3499999046325684,3.5,51344
2022-06-07,3.6500000953674316,3.6500000953674316,3.5,3.549999952316284,30909
2022-06-08,3.549999952316284,3.6500000953674316,3.4000000953674316,3.5999999046325684,18394
2022-06-09,3.6500000953674316,3.6500000953674316,3.450000047683716,3.5,31505
2022-06-10,3.5,3.5999999046325684,3.450000047683716,3.5,36134
2022-06-13,3.4000000953674316,3.549999952316284,3.3499999046325684,3.4000000953674316,13251
2022-06-14,3.450000047683716,3.5,3.3499999046325684,3.450000047683716,22881
2022-06-15,3.450000047683716,3.5,3.4000000953674316,3.450000047683716,10305
2022-06-16,3.5,3.5999999046325684,3.4000000953674316,3.4000000953674316,63958
2022-06-17,3.3499999046325684,3.549999952316284,3.25,3.299999952316284,51587
2022-06-20,3.1500000953674316,3.25,3.1500000953674316,3.1500000953674316,19872
2022-06-21,3.0999999046325684,3.200000047683716,3.0,3.0,54670
2022-06-22,2.9000000953674316,3.049999952316284,2.9000000953674316,3.049999952316284,9699
2022-06-23,3.049999952316284,3.1500000953674316,2.950000047683716,3.0999999046325684,19266
2022-06-24,3.0999999046325684,3.25,3.0,3.0999999046325684,32820
2022-06-27,3.0999999046325684,3.200000047683716,3.0,3.0999999046325684,36193
2022-06-28,3.049999952316284,3.0999999046325684,3.0,3.049999952316284,9389
2022-06-29,3.0,3.0999999046325684,3.0,3.0999999046325684,5966
2022-06-30,3.0999999046325684,3.1500000953674316,3.0,3.049999952316284,6597
2022-07-01,3.0,3.0999999046325684,3.0,3.049999952316284,4517
2022-07-04,3.0,3.0999999046325684,3.0,3.0999999046325684,5920
2022-07-05,3.0999999046325684,3.1500000953674316,3.0,3.1500000953674316,13442
2022-07-06,3.1500000953674316,3.1500000953674316,3.0,3.049999952316284,33335
2022-07-07,3.0,3.0999999046325684,3.0,3.0,73319
2022-07-08,3.0,3.0999999046325684,3.0,3.049999952316284,27324
2022-07-11,3.049999952316284,3.1500000953674316,3.0,3.1500000953674316,30225
2022-07-12,3.1500000953674316,3.299999952316284,3.049999952316284,3.299999952316284,51219
2022-07-13,3.1500000953674316,3.450000047683716,3.1500000953674316,3.4000000953674316,29008
2022-07-14,3.549999952316284,3.549999952316284,3.450000047683716,3.549999952316284,38170
2022-07-15,3.700000047683716,3.700000047683716,3.5999999046325684,3.700000047683716,27638
2022-07-18,3.6500000953674316,3.8499999046325684,3.549999952316284,3.799999952316284,42002
2022-07-19,3.700000047683716,3.8499999046325684,3.6500000953674316,3.700000047683716,45997
2022-07-20,3.5999999046325684,3.799999952316284,3.549999952316284,3.5999999046325684,38830
2022-07-21,3.6500000953674316,3.6500000953674316,3.450000047683716,3.450000047683716,36064
2022-07-22,3.299999952316284,3.5999999046325684,3.299999952316284,3.549999952316284,31849
2022-07-25,3.5,3.5999999046325684,3.450000047683716,3.549999952316284,15966
2022-07-26,3.549999952316284,3.549999952316284,3.4000000953674316,3.450000047683716,19370
2022-07-27,3.5,3.5,3.299999952316284,3.299999952316284,14362
2022-07-28,3.200000047683716,3.299999952316284,3.1500000953674316,3.1500000953674316,70481
2022-07-29,3.049999952316284,3.200000047683716,3.049999952316284,3.1500000953674316,34267
2022-08-01,3.0999999046325684,3.299999952316284,3.0999999046325684,3.25,45474
2022-08-02,3.299999952316284,3.3499999046325684,3.1500000953674316,3.3499999046325684,42389
2022-08-03,3.299999952316284,3.299999952316284,3.200000047683716,3.200000047683716,30482
2022-08-04,3.200000047683716,3.25,3.1500000953674316,3.1500000953674316,19948
2022-08-05,3.1500000953674316,3.200000047683716,3.1500000953674316,3.200000047683716,23961
2022-08-08,3.200000047683716,3.299999952316284,3.0999999046325684,3.25,34556
2022-08-10,3.299999952316284,3.299999952316284,3.1500000953674316,3.200000047683716,16433
2022-08-11,3.25,3.25,3.1500000953674316,3.200000047683716,14427
2022-08-12,3.1500000953674316,3.25,3.1500000953674316,3.200000047683716,37834
2022-08-16,3.25,3.299999952316284,3.1500000953674316,3.1500000953674316,21283
2022-08-17,3.25,3.299999952316284,3.1500000953674316,3.299999952316284,59218
2022-08-18,3.25,3.4000000953674316,3.200000047683716,3.25,37187
2022-08-19,3.3499999046325684,3.4000000953674316,3.25,3.25,79329
2022-08-22,3.3499999046325684,3.3499999046325684,3.200000047683716,3.25,37400
2022-08-23,3.200000047683716,3.299999952316284,3.200000047683716,3.25,34640
2022-08-24,3.25,3.25,3.200000047683716,3.25,20119
2022-08-25,3.200000047683716,3.25,3.200000047683716,3.25,28996
2022-08-26,3.200000047683716,3.25,3.200000047683716,3.25,23003
2022-08-29,3.25,3.25,3.1500000953674316,3.200000047683716,30734
2022-08-30,3.1500000953674316,3.200000047683716,3.0999999046325684,3.1500000953674316,17536
2022-09-01,3.200000047683716,3.200000047683716,3.0999999046325684,3.0999999046325684,17522
2022-09-02,3.0999999046325684,3.200000047683716,3.0,3.0999999046325684,62505
2022-09-05,3.0999999046325684,3.1500000953674316,3.0,3.0999999046325684,27764
2022-09-06,3.1500000953674316,3.200000047683716,3.049999952316284,3.1500000953674316,29751
2022-09-07,3.1500000953674316,3.299999952316284,3.0999999046325684,3.299999952316284,65960
2022-09-08,3.3499999046325684,3.450000047683716,3.3499999046325684,3.450000047683716,93715
2022-09-09,3.5999999046325684,3.5999999046325684,3.5999999046325684,3.5999999046325684,13789
2022-09-12,3.75,3.75,3.75,3.75,38771
2022-09-13,3.9000000953674316,3.9000000953674316,3.9000000953674316,3.9000000953674316,63358
2022-09-14,3.9000000953674316,4.050000190734863,3.75,3.799999952316284,102899
2022-09-15,3.799999952316284,3.799999952316284,3.799999952316284,3.799999952316284,0
2022-09-16,3.799999952316284,3.799999952316284,3.799999952316284,3.799999952316284,0
2022-09-19,3.6500000953674316,3.6500000953674316,3.6500000953674316,3.6500000953674316,5547
2022-09-20,3.6500000953674316,3.6500000953674316,3.6500000953674316,3.6500000953674316,0
2022-09-21,3.6500000953674316,3.6500000953674316,3.6500000953674316,3.6500000953674316,0
2022-09-22,3.6500000953674316,3.6500000953674316,3.6500000953674316,3.6500000953674316,0
2022-09-23,3.6500000953674316,3.6500000953674316,3.6500000953674316,3.6500000953674316,0
2022-09-26,3.5,3.5,3.5,3.5,11613
2022-09-27,3.5,3.5,3.5,3.5,0
2022-09-28,3.5,3.5,3.5,3.5,0
2022-09-29,3.5,3.5,3.5,3.5,0
2022-09-30,3.5,3.5,3.5,3.5,0
2022-10-03,3.3499999046325684,3.3499999046325684,3.3499999046325684,3.3499999046325684,1582
2022-10-04,3.3499999046325684,3.3499999046325684,3.3499999046325684,3.3499999046325684,0
2022-10-06,3.3499999046325684,3.3499999046325684,3.3499999046325684,3.3499999046325684,0
2022-10-07,3.3499999046325684,3.3499999046325684,3.3499999046325684,3.3499999046325684,0
2022-10-10,3.200000047683716,3.200000047683716,3.200000047683716,3.200000047683716,2025
2022-10-11,3.200000047683716,3.200000047683716,3.200000047683716,3.200000047683716,0
2022-10-12,3.200000047683716,3.200000047683716,3.200000047683716,3.200000047683716,0
2022-10-13,3.200000047683716,3.200000047683716,3.200000047683716,3.200000047683716,0
2022-10-14,3.200000047683716,3.200000047683716,3.200000047683716,3.200000047683716,0
2022-10-17,3.049999952316284,3.049999952316284,3.049999952316284,3.049999952316284,3420
2022-10-18,3.049999952316284,3.049999952316284,3.049999952316284,3.049999952316284,0
2022-10-19,3.049999952316284,3.049999952316284,3.049999952316284,3.049999952316284,0
2022-10-20,3.049999952316284,3.049999952316284,3.049999952316284,3.049999952316284,0
2022-10-21,3.049999952316284,3.049999952316284,3.049999952316284,3.049999952316284,0
2022-10-24,2.9000000953674316,2.9000000953674316,2.9000000953674316,2.9000000953674316,3735
2022-10-25,2.9000000953674316,2.9000000953674316,2.9000000953674316,2.9000000953674316,0
2022-10-27,2.9000000953674316,2.9000000953674316,2.9000000953674316,2.9000000953674316,0
2022-10-28,2.9000000953674316,2.9000000953674316,2.9000000953674316,2.9000000953674316,0
2022-10-31,2.799999952316284,2.799999952316284,2.799999952316284,2.799999952316284,8323
2022-11-01,2.700000047683716,2.700000047683716,2.700000047683716,2.700000047683716,23389
2022-11-02,2.5999999046325684,2.799999952316284,2.5999999046325684,2.700000047683716,80546
2022-11-03,2.700000047683716,2.75,2.5999999046325684,2.700000047683716,70137
2022-11-04,2.75,2.75,2.5999999046325684,2.6500000953674316,41217
2022-11-07,2.700000047683716,2.75,2.5999999046325684,2.5999999046325684,34414
2022-11-09,2.5999999046325684,2.6500000953674316,2.549999952316284,2.549999952316284,32189
2022-11-10,2.5999999046325684,2.5999999046325684,2.5,2.549999952316284,18743
2022-11-11,2.5,2.5999999046325684,2.450000047683716,2.5,65882
2022-11-14,2.5,2.5,2.4000000953674316,2.4000000953674316,95991
2022-11-15,2.3499999046325684,2.5,2.299999952316284,2.4000000953674316,87201
2022-11-16,2.5,2.5,2.4000000953674316,2.450000047683716,21937
2022-11-17,2.4000000953674316,2.5,2.3499999046325684,2.3499999046325684,28309
2022-11-18,2.299999952316284,2.450000047683716,2.299999952316284,2.450000047683716,15887
2022-11-21,2.3499999046325684,2.450000047683716,2.3499999046325684,2.450000047683716,54647
2022-11-22,2.4000000953674316,2.450000047683716,2.3499999046325684,2.3499999046325684,17830
2022-11-23,2.3499999046325684,2.450000047683716,2.3499999046325684,2.4000000953674316,24697
2022-11-24,2.450000047683716,2.450000047683716,2.3499999046325684,2.4000000953674316,6827
2022-11-25,2.3499999046325684,2.450000047683716,2.299999952316284,2.3499999046325684,63487
2022-11-28,2.4000000953674316,2.4000000953674316,2.299999952316284,2.3499999046325684,30994
2022-11-29,2.3499999046325684,2.4000000953674316,2.25,2.299999952316284,56692
2022-11-30,2.299999952316284,2.4000000953674316,2.25,2.3499999046325684,30590
2022-12-01,2.4000000953674316,2.4000000953674316,2.299999952316284,2.299999952316284,40064
2022-12-02,2.299999952316284,2.3499999046325684,2.25,2.299999952316284,28292
2022-12-05,2.299999952316284,2.3499999046325684,2.299999952316284,2.299999952316284,33996
2022-12-06,2.299999952316284,2.4000000953674316,2.25,2.4000000953674316,32607
2022-12-07,2.5,2.5,2.5,2.5,13286
2022-12-08,2.5999999046325684,2.5999999046325684,2.5999999046325684,2.5999999046325684,8235
2022-12-09,2.700000047683716,2.700000047683716,2.6500000953674316,2.700000047683716,30202
2022-12-12,2.799999952316284,2.799999952316284,2.6500000953674316,2.700000047683716,33430
2022-12-13,2.700000047683716,2.799999952316284,2.5999999046325684,2.5999999046325684,29570
2022-12-14,2.5,2.5999999046325684,2.5,2.549999952316284,26929
2022-12-15,2.549999952316284,2.549999952316284,2.5,2.549999952316284,14802
2022-12-16,2.549999952316284,2.549999952316284,2.5,2.5,20149
2022-12-19,2.549999952316284,2.549999952316284,2.450000047683716,2.549999952316284,19105
2022-12-20,2.549999952316284,2.549999952316284,2.450000047683716,2.5,43501
2022-12-21,2.5,2.5,2.4000000953674316,2.4000000953674316,26833
2022-12-22,2.450000047683716,2.450000047683716,2.3499999046325684,2.3499999046325684,18713
2022-12-23,2.25,2.299999952316284,2.25,2.25,40670
2022-12-26,2.200000047683716,2.3499999046325684,2.200000047683716,2.3499999046325684,36620
2022-12-27,2.4000000953674316,2.450000047683716,2.3499999046325684,2.450000047683716,17429
2022-12-28,2.4000000953674316,2.450000047683716,2.3499999046325684,2.3499999046325684,29445
2022-12-29,2.4000000953674316,2.4000000953674316,2.299999952316284,2.4000000953674316,40653
2022-12-30,2.450000047683716,2.450000047683716,2.3499999046325684,2.3499999046325684,23000
2023-01-02,2.3499999046325684,2.4000000953674316,2.299999952316284,2.4000000953674316,6917
2023-01-03,2.3499999046325684,2.4000000953674316,2.3499999046325684,2.3499999046325684,19454
2023-01-04,2.299999952316284,2.4000000953674316,2.299999952316284,2.3499999046325684,14420
2023-01-05,2.299999952316284,2.4000000953674316,2.25,2.3499999046325684,33429
2023-01-06,2.3499999046325684,2.3499999046325684,2.25,2.299999952316284,16333
2023-01-09,2.299999952316284,2.3499999046325684,2.25,2.299999952316284,3576
2023-01-10,2.299999952316284,2.299999952316284,2.200000047683716,2.25,18489
2023-01-11,2.25,2.3499999046325684,2.200000047683716,2.299999952316284,33523
2023-01-12,2.299999952316284,2.3499999046325684,2.25,2.25,11366
2023-01-13,2.299999952316284,2.299999952316284,2.25,2.25,10651
2023-01-16,2.25,2.299999952316284,2.25,2.25,7767
2023-01-17,2.299999952316284,2.299999952316284,2.25,2.25,19413
2023-01-18,2.25,2.3499999046325684,2.200000047683716,2.3499999046325684,42010
2023-01-19,2.299999952316284,2.4000000953674316,2.299999952316284,2.3499999046325684,19453
2023-01-20,2.299999952316284,2.299999952316284,2.25,2.25,29220
2023-01-23,2.299999952316284,2.299999952316284,2.200000047683716,2.200000047683716,9985
2023-01-24,2.25,2.25,2.0999999046325684,2.1500000953674316,29423
2023-01-25,2.200000047683716,2.200000047683716,2.0999999046325684,2.0999999046325684,18713
2023-01-27,2.1500000953674316,2.1500000953674316,2.049999952316284,2.0999999046325684,20064
2023-01-30,2.0999999046325684,2.1500000953674316,2.0,2.0999999046325684,46060
2023-01-31,2.0999999046325684,2.1500000953674316,2.0,2.0999999046325684,12006
2023-02-01,2.1500000953674316,2.1500000953674316,2.0999999046325684,2.1500000953674316,14818
2023-02-02,2.049999952316284,2.1500000953674316,2.049999952316284,2.0999999046325684,7144
2023-02-03,2.049999952316284,2.1500000953674316,2.049999952316284,2.049999952316284,13514
2023-02-06,2.0999999046325684,2.1500000953674316,2.0,2.1500000953674316,20380
2023-02-07,2.200000047683716,2.25,2.1500000953674316,2.200000047683716,27356
2023-02-08,2.200000047683716,2.25,2.0999999046325684,2.0999999046325684,18785
2023-02-09,2.0999999046325684,2.200000047683716,2.049999952316284,2.0999999046325684,29511
2023-02-10,2.1500000953674316,2.1500000953674316,2.049999952316284,2.1500000953674316,29237
2023-02-13,2.049999952316284,2.1500000953674316,2.049999952316284,2.1500000953674316,17804
2023-02-14,2.049999952316284,2.1500000953674316,2.049999952316284,2.0999999046325684,39489
2023-02-15,2.0999999046325684,2.1500000953674316,2.049999952316284,2.1500000953674316,30422
2023-02-16,2.1500000953674316,2.1500000953674316,2.049999952316284,2.049999952316284,11324
2023-02-17,2.049999952316284,2.0999999046325684,2.049999952316284,2.049999952316284,13304
2023-02-20,2.049999952316284,2.0999999046325684,2.0,2.049999952316284,17114
2023-02-21,2.0,2.0999999046325684,2.0,2.0,15233
2023-02-22,2.0,2.049999952316284,1.899999976158142,2.0,27512
2023-02-23,2.0,2.0,1.9500000476837158,1.9500000476837158,19613
2023-02-24,1.899999976158142,1.9500000476837158,1.850000023841858,1.899999976158142,55062
2023-02-27,1.850000023841858,1.899999976158142,1.7999999523162842,1.7999999523162842,19428
2023-02-28,1.850000023841858,1.850000023841858,1.75,1.75,38253
2023-03-01,1.7000000476837158,1.7999999523162842,1.7000000476837158,1.7000000476837158,15774
2023-03-02,1.75,1.75,1.649999976158142,1.7000000476837158,40962
2023-03-03,1.75,1.75,1.649999976158142,1.7000000476837158,23425
2023-03-06,1.75,1.75,1.649999976158142,1.75,61402
2023-03-08,1.75,1.75,1.7000000476837158,1.7000000476837158,31369
2023-03-09,1.7000000476837158,1.75,1.7000000476837158,1.7000000476837158,10065
2023-03-10,1.75,1.75,1.649999976158142,1.75,27466
2023-03-13,1.75,1.75,1.7000000476837158,1.7000000476837158,20379
2023-03-14,1.649999976158142,1.7000000476837158,1.649999976158142,1.649999976158142,9023
2023-03-15,1.649999976158142,1.649999976158142,1.600000023841858,1.600000023841858,33680
2023-03-16,1.5499999523162842,1.649999976158142,1.5499999523162842,1.600000023841858,8526
2023-03-17,1.649999976158142,1.649999976158142,1.5499999523162842,1.5499999523162842,16305
2023-03-20,1.5,1.600000023841858,1.5,1.600000023841858,44326
2023-03-21,1.649999976158142,1.649999976158142,1.649999976158142,1.649999976158142,12457
2023-03-22,1.649999976158142,1.7000000476837158,1.600000023841858,1.600000023841858,49095
2023-03-23,1.5499999523162842,1.649999976158142,1.5499999523162842,1.5499999523162842,77315
2023-03-24,1.5,1.600000023841858,1.5,1.5,33764
2023-03-27,1.4500000476837158,1.5499999523162842,1.4500000476837158,1.4500000476837158,44068
2023-03-28,1.399999976158142,1.4500000476837158,1.399999976158142,1.399999976158142,18789
2023-03-29,1.399999976158142,1.399999976158142,1.350000023841858,1.350000023841858,29421
2023-03-31,1.350000023841858,1.399999976158142,1.2999999523162842,1.2999999523162842,58402
2023-04-03,1.2999999523162842,1.2999999523162842,1.25,1.2999999523162842,36210
2023-04-05,1.2999999523162842,1.350000023841858,1.2999999523162842,1.350000023841858,8645
2023-04-06,1.399999976158142,1.399999976158142,1.399999976158142,1.399999976158142,19083
2023-04-10,1.4500000476837158,1.4500000476837158,1.4500000476837158,1.4500000476837158,3368
2023-04-11,1.5,1.5,1.5,1.5,7205
2023-04-12,1.5499999523162842,1.5499999523162842,1.5499999523162842,1.5499999523162842,1408
2023-04-13,1.600000023841858,1.600000023841858,1.5,1.600000023841858,53897
2023-04-17,1.600000023841858,1.649999976158142,1.5499999523162842,1.649999976158142,40186
2023-04-18,1.7000000476837158,1.7000000476837158,1.7000000476837158,1.7000000476837158,1812
2023-04-19,1.75,1.75,1.75,1.75,8220
2023-04-20,1.7999999523162842,1.7999999523162842,1.7999999523162842,1.7999999523162842,3887
2023-04-21,1.850000023841858,1.850000023841858,1.850000023841858,1.850000023841858,6329
2023-04-24,1.850000023841858,1.899999976158142,1.850000023841858,1.850000023841858,13572
2023-04-25,1.899999976158142,1.899999976158142,1.7999999523162842,1.899999976158142,27614
2023-04-26,1.899999976158142,1.9500000476837158,1.899999976158142,1.9500000476837158,8352
2023-04-27,2.0,2.0,2.0,2.0,24095
2023-04-28,2.0,2.0,2.0,2.0,0
2023-05-02,2.0,2.049999952316284,1.899999976158142,1.899999976158142,104321
2023-05-03,1.899999976158142,1.899999976158142,1.899999976158142,1.899999976158142,0
2023-05-04,1.899999976158142,1.899999976158142,1.899999976158142,1.899999976158142,0
2023-05-05,1.899999976158142,1.899999976158142,1.899999976158142,1.899999976158142,0
2023-05-08,1.899999976158142,1.9500000476837158,1.7999999523162842,1.850000023841858,81378
2023-05-09,1.850000023841858,1.850000023841858,1.850000023841858,1.850000023841858,0
2023-05-10,1.850000023841858,1.850000023841858,1.850000023841858,1.850000023841858,0
2023-05-11,1.850000023841858,1.850000023841858,1.850000023841858,1.850000023841858,0
2023-05-12,1.850000023841858,1.850000023841858,1.850000023841858,1.850000023841858,0
2023-05-15,1.7999999523162842,1.899999976158142,1.75,1.850000023841858,32684
2023-05-16,1.850000023841858,1.850000023841858,1.850000023841858,1.850000023841858,0
2023-05-17,1.850000023841858,1.850000023841858,1.850000023841858,1.850000023841858,0
2023-05-18,1.850000023841858,1.850000023841858,1.850000023841858,1.850000023841858,0
2023-05-19,1.850000023841858,1.850000023841858,1.850000023841858,1.850000023841858,0
2023-05-22,1.850000023841858,1.850000023841858,1.75,1.75,10767
2023-05-23,1.75,1.75,1.75,1.75,0
2023-05-24,1.75,1.75,1.75,1.75,0
2023-05-25,1.75,1.75,1.75,1.75,0
2023-05-26,1.75,1.75,1.75,1.75,0
2023-05-29,1.75,1.75,1.7000000476837158,1.7000000476837158,15881
2023-05-30,1.7000000476837158,1.7000000476837158,1.7000000476837158,1.7000000476837158,0
2023-05-31,1.7000000476837158,1.7000000476837158,1.7000000476837158,1.7000000476837158,0
2023-06-01,1.7000000476837158,1.75,1.649999976158142,1.649999976158142,19840
2023-06-02,1.600000023841858,1.7000000476837158,1.600000023841858,1.649999976158142,18357
2023-06-05,1.600000023841858,1.649999976158142,1.600000023841858,1.600000023841858,41610
2023-06-06,1.5499999523162842,1.649999976158142,1.5499999523162842,1.5499999523162842,10317
2023-06-07,1.5499999523162842,1.600000023841858,1.5,1.5499999523162842,24977
2023-06-08,1.5499999523162842,1.600000023841858,1.5499999523162842,1.600000023841858,30293
2023-06-09,1.5499999523162842,1.649999976158142,1.5499999523162842,1.5499999523162842,51457
2023-06-12,1.600000023841858,1.600000023841858,1.5,1.5499999523162842,70911
2023-06-13,1.5499999523162842,1.600000023841858,1.5499999523162842,1.600000023841858,32831
2023-06-14,1.649999976158142,1.649999976158142,1.600000023841858,1.649999976158142,10728
2023-06-15,1.7000000476837158,1.7000000476837158,1.7000000476837158,1.7000000476837158,27384
2023-06-16,1.75,1.75,1.7000000476837158,1.75,18872
2023-06-19,1.7999999523162842,1.7999999523162842,1.7999999523162842,1.7999999523162842,12585
2023-06-20,1.7999999523162842,1.850000023841858,1.7999999523162842,1.7999999523162842,26606
2023-06-21,1.850000023841858,1.850000023841858,1.850000023841858,1.850000023841858,5265
2023-06-22,1.899999976158142,1.899999976158142,1.7999999523162842,1.850000023841858,25715
2023-06-23,1.899999976158142,1.899999976158142,1.899999976158142,1.899999976158142,32102
2023-06-26,1.9500000476837158,1.9500000476837158,1.9500000476837158,1.9500000476837158,51788
2023-06-27,2.0,2.0,2.0,2.0,7774
2023-06-28,2.0999999046325684,2.0999999046325684,2.0999999046325684,2.0999999046325684,11563
2023-06-30,2.200000047683716,2.200000047683716,2.200000047683716,2.200000047683716,28971
2023-07-03,2.299999952316284,2.299999952316284,2.299999952316284,2.299999952316284,23118
2023-07-04,2.299999952316284,2.299999952316284,2.299999952316284,2.299999952316284,0
2023-07-05,2.299999952316284,2.299999952316284,2.299999952316284,2.299999952316284,0
2023-07-06,2.299999952316284,2.299999952316284,2.299999952316284,2.299999952316284,0
2023-07-07,2.299999952316284,2.299999952316284,2.299999952316284,2.299999952316284,0
2023-07-10,2.200000047683716,2.299999952316284,2.200000047683716,2.200000047683716,78065
2023-07-11,2.200000047683716,2.200000047683716,2.200000047683716,2.200000047683716,0
2023-07-12,2.200000047683716,2.200000047683716,2.200000047683716,2.200000047683716,0
2023-07-13,2.200000047683716,2.200000047683716,2.200000047683716,2.200000047683716,0
2023-07-14,2.200000047683716,2.200000047683716,2.200000047683716,2.200000047683716,0
2023-07-17,2.0999999046325684,2.200000047683716,2.0999999046325684,2.0999999046325684,17615
2023-07-18,2.0999999046325684,2.0999999046325684,2.0999999046325684,2.0999999046325684,0
2023-07-19,2.0999999046325684,2.0999999046325684,2.0999999046325684,2.0999999046325684,0
2023-07-20,2.0999999046325684,2.0999999046325684,2.0999999046325684,2.0999999046325684,0
2023-07-21,2.0999999046325684,2.0999999046325684,2.0999999046325684,2.0999999046325684,0
2023-07-24,2.049999952316284,2.049999952316284,2.0,2.0,2182
2023-07-25,2.0,2.0,2.0,2.0,0
2023-07-26,2.0,2.0,2.0,2.0,0
2023-07-27,2.0,2.0,2.0,2.0,0
2023-07-28,2.0,2.0,2.0,2.0,0
2023-07-31,2.0,2.0,1.899999976158142,1.899999976158142,44396
2023-08-01,1.899999976158142,1.899999976158142,1.899999976158142,1.899999976158142,0
2023-08-02,1.899999976158142,1.899999976158142,1.899999976158142,1.899999976158142,0
2023-08-03,1.899999976158142,1.899999976158142,1.899999976158142,1.899999976158142,0
2023-08-04,1.899999976158142,1.899999976158142,1.899999976158142,1.899999976158142,0
2023-08-07,1.899999976158142,1.899999976158142,1.7999999523162842,1.7999999523162842,43333
2023-08-08,1.7999999523162842,1.7999999523162842,1.7999999523162842,1.7999999523162842,0
2023-08-09,1.7999999523162842,1.7999999523162842,1.7999999523162842,1.7999999523162842,0
2023-08-10,1.7999999523162842,1.7999999523162842,1.7999999523162842,1.7999999523162842,0
2023-08-11,1.7999999523162842,1.7999999523162842,1.7999999523162842,1.7999999523162842,0
2023-08-14,1.75,1.75,1.75,1.75,9163
2023-08-16,1.75,1.75,1.75,1.75,0
2023-08-17,1.75,1.75,1.75,1.75,0
2023-08-18,1.75,1.75,1.75,1.75,0
2023-08-21,1.7000000476837158,1.7999999523162842,1.7000000476837158,1.75,124067
2023-08-22,1.75,1.75,1.75,1.75,0
2023-08-23,1.75,1.75,1.75,1.75,0
2023-08-24,1.75,1.75,1.75,1.75,0
2023-08-25,1.75,1.75,1.75,1.75,0
2023-08-28,1.7000000476837158,1.75,1.7000000476837158,1.7000000476837158,7722
2023-08-29,1.7000000476837158,1.7000000476837158,1.7000000476837158,1.7000000476837158,0
2023-08-30,1.7000000476837158,1.7000000476837158,1.7000000476837158,1.7000000476837158,0
2023-08-31,1.7000000476837158,1.7000000476837158,1.7000000476837158,1.7000000476837158,0
2023-09-01,1.75,1.75,1.75,1.75,94368
2023-09-04,1.7999999523162842,1.7999999523162842,1.75,1.7999999523162842,116368
2023-09-05,1.7999999523162842,1.850000023841858,1.7999999523162842,1.850000023841858,123313
2023-09-06,1.850000023841858,1.899999976158142,1.850000023841858,1.899999976158142,17943
2023-09-07,1.9500000476837158,1.9500000476837158,1.9500000476837158,1.9500000476837158,3322
2023-09-08,2.0,2.0,2.0,2.0,15391
2023-09-11,2.0999999046325684,2.0999999046325684,2.0999999046325684,2.0999999046325684,24840
2023-09-12,2.200000047683716,2.200000047683716,2.1500000953674316,2.1500000953674316,84408
2023-09-13,2.0999999046325684,2.200000047683716,2.049999952316284,2.200000047683716,75904
2023-09-14,2.200000047683716,2.299999952316284,2.1500000953674316,2.299999952316284,179679
2023-09-15,2.4000000953674316,2.4000000953674316,2.299999952316284,2.3499999046325684,145362
2023-09-18,2.4000000953674316,2.450000047683716,2.4000000953674316,2.450000047683716,209350
2023-09-20,2.549999952316284,2.549999952316284,2.3499999046325684,2.549999952316284,248856
2023-09-21,2.6500000953674316,2.6500000953674316,2.6500000953674316,2.6500000953674316,12975
2023-09-22,2.6500000953674316,2.6500000953674316,2.6500000953674316,2.6500000953674316,0
2023-09-25,2.549999952316284,2.5999999046325684,2.549999952316284,2.549999952316284,13830
2023-09-26,2.549999952316284,2.549999952316284,2.549999952316284,2.549999952316284,0
2023-09-27,2.549999952316284,2.549999952316284,2.549999952316284,2.549999952316284,0
2023-09-28,2.549999952316284,2.549999952316284,2.549999952316284,2.549999952316284,0
2023-09-29,2.549999952316284,2.549999952316284,2.549999952316284,2.549999952316284,0
2023-10-03,2.450000047683716,2.450000047683716,2.450000047683716,2.450000047683716,29
2023-10-04,2.450000047683716,2.450000047683716,2.450000047683716,2.450000047683716,0
2023-10-05,2.450000047683716,2.450000047683716,2.450000047683716,2.450000047683716,0
2023-10-06,2.450000047683716,2.450000047683716,2.450000047683716,2.450000047683716,0
2023-10-09,2.3499999046325684,2.3499999046325684,2.3499999046325684,2.3499999046325684,2840
2023-10-10,2.3499999046325684,2.3499999046325684,2.3499999046325684,2.3499999046325684,0
2023-10-11,2.3499999046325684,2.3499999046325684,2.3499999046325684,2.3499999046325684,0
2023-10-12,2.3499999046325684,2.3499999046325684,2.3499999046325684,2.3499999046325684,0
2023-10-13,2.3499999046325684,2.3499999046325684,2.3499999046325684,2.3499999046325684,0
2023-10-16,2.25,2.25,2.25,2.25,9325
2023-10-17,2.25,2.25,2.25,2.25,0
2023-10-18,2.25,2.25,2.25,2.25,0
2023-10-19,2.25,2.25,2.25,2.25,0
2023-10-20,2.25,2.25,2.25,2.25,0
2023-10-23,2.299999952316284,2.299999952316284,2.1500000953674316,2.1500000953674316,11150
2023-10-25,2.1500000953674316,2.1500000953674316,2.1500000953674316,2.1500000953674316,0
2023-10-26,2.1500000953674316,2.1500000953674316,2.1500000953674316,2.1500000953674316,0
2023-10-27,2.1500000953674316,2.1500000953674316,2.1500000953674316,2.1500000953674316,0
2023-10-30,2.049999952316284,2.049999952316284,2.049999952316284,2.049999952316284,3484
2023-10-31,2.049999952316284,2.049999952316284,2.049999952316284,2.049999952316284,0
2023-11-01,2.0999999046325684,2.1500000953674316,1.9500000476837158,1.9500000476837158,315575
2023-11-02,2.0,2.0,1.850000023841858,1.850000023841858,47616
2023-11-03,1.7999999523162842,1.899999976158142,1.7999999523162842,1.899999976158142,32492
2023-11-06,1.899999976158142,1.899999976158142,1.7999999523162842,1.7999999523162842,30093
2023-11-07,1.850000023841858,1.850000023841858,1.7999999523162842,1.850000023841858,24230
2023-11-08,1.899999976158142,1.899999976158142,1.850000023841858,1.899999976158142,32086
2023-11-09,1.850000023841858,1.9500000476837158,1.850000023841858,1.850000023841858,52383
2023-11-10,1.850000023841858,1.899999976158142,1.850000023841858,1.899999976158142,39015
2023-11-13,2.0,2.0,2.0,2.0,2854
2023-11-15,2.0999999046325684,2.0999999046325684,2.0999999046325684,2.0999999046325684,17704
2023-11-16,2.200000047683716,2.200000047683716,2.200000047683716,2.200000047683716,41616
2023-11-17,2.299999952316284,2.299999952316284,2.299999952316284,2.299999952316284,8684
2023-11-20,2.4000000953674316,2.4000000953674316,2.4000000953674316,2.4000000953674316,7121
2023-11-21,2.5,2.5,2.5,2.5,39461
2023-11-22,2.5999999046325684,2.5999999046325684,2.5,2.5999999046325684,91684
2023-11-23,2.700000047683716,2.700000047683716,2.5999999046325684,2.700000047683716,98690
2023-11-24,2.799999952316284,2.799999952316284,2.799999952316284,2.799999952316284,32590
2023-11-28,2.9000000953674316,2.9000000953674316,2.9000000953674316,2.9000000953674316,41529
2023-11-29,3.0,3.0,3.0,3.0,113284
2023-11-30,3.1500000953674316,3.1500000953674316,3.1500000953674316,3.1500000953674316,22008
2023-12-01,3.299999952316284,3.299999952316284,3.299999952316284,3.299999952316284,27993
2023-12-04,3.450000047683716,3.450000047683716,3.450000047683716,3.450000047683716,116571
2023-12-05,3.5999999046325684,3.5999999046325684,3.5999999046325684,3.5999999046325684,24607
2023-12-06,3.75,3.75,3.75,3.75,38792
2023-12-07,3.9000000953674316,3.9000000953674316,3.9000000953674316,3.9000000953674316,33732
2023-12-08,4.050000190734863,4.050000190734863,4.050000190734863,4.050000190734863,34684
2023-12-11,4.099999904632568,4.099999904632568,4.099999904632568,4.099999904632568,174032
2023-12-12,4.150000095367432,4.150000095367432,4.150000095367432,4.150000095367432,86362
2023-12-13,4.199999809265137,4.199999809265137,4.199999809265137,4.199999809265137,68671
2023-12-14,4.199999809265137,4.25,4.199999809265137,4.199999809265137,119036
2023-12-15,4.150000095367432,4.150000095367432,4.150000095367432,4.150000095367432,58664
2023-12-18,4.099999904632568,4.099999904632568,4.099999904632568,4.099999904632568,29824
2023-12-19,4.050000190734863,4.050000190734863,4.050000190734863,4.050000190734863,8257
2023-12-20,4.0,4.0,4.0,4.0,65260
2023-12-21,3.950000047683716,3.950000047683716,3.950000047683716,3.950000047683716,12502
2023-12-22,3.9000000953674316,3.9000000953674316,3.9000000953674316,3.9000000953674316,6756
2023-12-26,3.8499999046325684,3.8499999046325684,3.8499999046325684,3.8499999046325684,6478
2023-12-27,3.799999952316284,3.799999952316284,3.799999952316284,3.799999952316284,191
2023-12-28,3.75,3.75,3.75,3.75,5221
2023-12-29,3.700000047683716,3.700000047683716,3.700000047683716,3.700000047683716,14879
2024-01-01,3.6500000953674316,3.6500000953674316,3.6500000953674316,3.6500000953674316,10769
2024-01-02,3.5999999046325684,3.5999999046325684,3.5999999046325684,3.5999999046325684,11782
2024-01-03,3.549999952316284,3.549999952316284,3.549999952316284,3.549999952316284,12692
2024-01-04,3.5,3.5,3.5,3.5,74621
2024-01-05,3.450000047683716,3.5,3.450000047683716,3.450000047683716,76599
2024-01-08,3.5,3.5,3.450000047683716,3.5,67063
2024-01-09,3.5,3.5,3.5,3.5,41405
2024-01-10,3.450000047683716,3.5,3.450000047683716,3.450000047683716,33722
2024-01-11,3.450000047683716,3.450000047683716,3.4000000953674316,3.450000047683716,77178
2024-01-12,3.4000000953674316,3.4000000953674316,3.4000000953674316,3.4000000953674316,81160
2024-01-15,3.549999952316284,3.549999952316284,3.549999952316284,3.549999952316284,49142
2024-01-16,3.700000047683716,3.700000047683716,3.700000047683716,3.700000047683716,47437
2024-01-17,3.8499999046325684,3.8499999046325684,3.8499999046325684,3.8499999046325684,40543
2024-01-18,4.0,4.0,4.0,4.0,43430
2024-01-19,4.199999809265137,4.199999809265137,4.199999809265137,4.199999809265137,38741
2024-01-23,4.599999904632568,4.599999904632568,4.599999904632568,4.599999904632568,86824
2024-01-24,4.5,4.5,4.5,4.5,186685
2024-01-25,4.449999809265137,4.5,4.449999809265137,4.449999809265137,72021
2024-01-29,4.400000095367432,4.449999809265137,4.400000095367432,4.400000095367432,71942
2024-01-30,4.349999904632568,4.400000095367432,4.349999904632568,4.349999904632568,139218
2024-01-31,4.300000190734863,4.300000190734863,4.300000190734863,4.300000190734863,16791
2024-02-01,4.25,4.300000190734863,4.25,4.25,18632
2024-02-02,4.199999809265137,4.25,4.199999809265137,4.199999809265137,32399
2024-02-05,4.199999809265137,4.25,4.199999809265137,4.199999809265137,48813
2024-02-06,4.25,4.25,4.199999809265137,4.25,69350
2024-02-07,4.300000190734863,4.300000190734863,4.300000190734863,4.300000190734863,25216
2024-02-08,4.349999904632568,4.349999904632568,4.349999904632568,4.349999904632568,52678
2024-02-09,4.400000095367432,4.400000095367432,4.400000095367432,4.400000095367432,169964
2024-02-12,4.349999904632568,4.449999809265137,4.349999904632568,4.349999904632568,41072
2024-02-13,4.300000190734863,4.300000190734863,4.300000190734863,4.300000190734863,3946
2024-02-14,4.25,4.25,4.25,4.25,24385
2024-02-15,4.199999809265137,4.25,4.199999809265137,4.199999809265137,10524
2024-02-16,4.150000095367432,4.150000095367432,4.150000095367432,4.150000095367432,29025
2024-02-19,4.199999809265137,4.199999809265137,4.150000095367432,4.199999809265137,28685
2024-02-20,4.150000095367432,4.25,4.150000095367432,4.150000095367432,28154
2024-02-21,4.099999904632568,4.150000095367432,4.099999904632568,4.099999904632568,25343
2024-02-22,4.050000190734863,4.099999904632568,4.050000190734863,4.050000190734863,4716
2024-02-23,4.0,4.0,4.0,4.0,16469
2024-02-26,3.950000047683716,4.0,3.950000047683716,3.950000047683716,12244
2024-02-27,3.9000000953674316,3.9000000953674316,3.9000000953674316,3.9000000953674316,6414
2024-02-28,3.8499999046325684,3.8499999046325684,3.8499999046325684,3.8499999046325684,7452
2024-02-29,3.799999952316284,3.799999952316284,3.799999952316284,3.799999952316284,8151
2024-03-01,3.75,3.799999952316284,3.75,3.75,41689
2024-03-04,4.0,4.0,3.8499999046325684,4.0,120674
2024-03-05,3.9000000953674316,4.199999809265137,3.9000000953674316,4.199999809265137,143865
2024-03-06,4.400000095367432,4.400000095367432,4.050000190734863,4.25,306680
2024-03-07,4.199999809265137,4.199999809265137,4.050000190734863,4.050000190734863,110672
2024-03-11,3.9000000953674316,3.9000000953674316,3.8499999046325684,3.8499999046325684,62433
2024-03-12,3.6500000953674316,3.799999952316284,3.6500000953674316,3.6500000953674316,25967
2024-03-13,3.549999952316284,3.549999952316284,3.5,3.5,6890
2024-03-14,3.3499999046325684,3.3499999046325684,3.3499999046325684,3.3499999046325684,9321
2024-03-15,3.200000047683716,3.200000047683716,3.200000047683716,3.200000047683716,24092
2024-03-18,3.049999952316284,3.25,3.049999952316284,3.049999952316284,168358
2024-03-19,3.0,3.200000047683716,2.9000000953674316,3.200000047683716,101739
2024-03-20,3.299999952316284,3.3499999046325684,3.1500000953674316,3.3499999046325684,142622
2024-03-21,3.450000047683716,3.5,3.4000000953674316,3.5,60157
2024-03-22,3.5999999046325684,3.6500000953674316,3.5999999046325684,3.6500000953674316,99604
2024-03-26,3.6500000953674316,3.799999952316284,3.5,3.5,79490
2024-03-27,3.3499999046325684,3.450000047683716,3.3499999046325684,3.3499999046325684,33734
2024-03-28,3.3499999046325684,3.3499999046325684,3.200000047683716,3.200000047683716,43172
2024-04-01,3.049999952316284,3.3499999046325684,3.049999952316284,3.3499999046325684,42358
2024-04-02,3.3499999046325684,3.5,3.3499999046325684,3.5,30467
2024-04-03,3.450000047683716,3.6500000953674316,3.450000047683716,3.6500000953674316,32962
2024-04-04,3.799999952316284,3.799999952316284,3.75,3.799999952316284,26860
2024-04-05,3.950000047683716,3.950000047683716,3.950000047683716,3.950000047683716,45116
2024-04-08,4.099999904632568,4.099999904632568,4.099999904632568,4.099999904632568,44886
2024-04-09,4.300000190734863,4.300000190734863,3.9000000953674316,4.0,194565
2024-04-10,3.950000047683716,3.950000047683716,3.799999952316284,3.799999952316284,39702
2024-04-12,3.75,3.75,3.6500000953674316,3.6500000953674316,35836
2024-04-15,3.549999952316284,3.549999952316284,3.5,3.5,14638
2024-04-16,3.3499999046325684,3.6500000953674316,3.3499999046325684,3.5999999046325684,31259
2024-04-18,3.5,3.75,3.5,3.5999999046325684,67138
2024-04-19,3.5999999046325684,3.5999999046325684,3.450000047683716,3.450000047683716,55019
2024-04-22,3.4000000953674316,3.5999999046325684,3.4000000953674316,3.5,40796
2024-04-23,3.5999999046325684,3.5999999046325684,3.4000000953674316,3.4000000953674316,59730
2024-04-24,3.5,3.5,3.25,3.25,212125
2024-04-25,3.0999999046325684,3.3499999046325684,3.0999999046325684,3.0999999046325684,156009
2024-04-26,3.049999952316284,3.25,3.0,3.25,62755
2024-04-29,3.3499999046325684,3.4000000953674316,3.1500000953674316,3.1500000953674316,121011
2024-04-30,3.200000047683716,3.299999952316284,3.0999999046325684,3.299999952316284,136003
2024-05-02,3.299999952316284,3.450000047683716,3.299999952316284,3.450000047683716,96946
2024-05-03,3.549999952316284,3.549999952316284,3.299999952316284,3.3499999046325684,203974
2024-05-06,3.450000047683716,3.450000047683716,3.25,3.3499999046325684,22470
2024-05-07,3.299999952316284,3.4000000953674316,3.25,3.299999952316284,62612
2024-05-08,3.299999952316284,3.4000000953674316,3.200000047683716,3.3499999046325684,54494
2024-05-09,3.4000000953674316,3.4000000953674316,3.25,3.3499999046325684,47712
2024-05-10,3.3499999046325684,3.4000000953674316,3.299999952316284,3.3499999046325684,22944
2024-05-13,3.3499999046325684,3.5,3.25,3.4000000953674316,157713
2024-05-14,3.3499999046325684,3.549999952316284,3.3499999046325684,3.5,39475
2024-05-15,3.6500000953674316,3.6500000953674316,3.5,3.5999999046325684,34830
2024-05-16,3.5999999046325684,3.6500000953674316,3.450000047683716,3.450000047683716,135953
2024-05-17,3.4000000953674316,3.5,3.299999952316284,3.450000047683716,194720
2024-05-21,3.299999952316284,3.450000047683716,3.200000047683716,3.299999952316284,86877
2024-05-22,3.4000000953674316,3.4000000953674316,3.25,3.299999952316284,22918
2024-05-23,3.3499999046325684,3.3499999046325684,3.200000047683716,3.299999952316284,29447
2024-05-24,3.299999952316284,3.4000000953674316,3.200000047683716,3.299999952316284,55679
2024-05-27,3.4000000953674316,3.4000000953674316,3.25,3.25,28679
2024-05-28,3.25,3.25,3.25,3.25,0
2024-05-29,3.25,3.25,3.25,3.25,0
2024-05-30,3.25,3.25,3.25,3.25,0
2024-05-31,3.25,3.25,3.25,3.25,0
2024-06-03,3.1500000953674316,3.1500000953674316,3.0999999046325684,3.0999999046325684,37569
2024-06-04,3.0999999046325684,3.0999999046325684,3.0999999046325684,3.0999999046325684,0
2024-06-05,3.0999999046325684,3.0999999046325684,3.0999999046325684,3.0999999046325684,0
2024-06-06,3.0999999046325684,3.0999999046325684,3.0999999046325684,3.0999999046325684,0
2024-06-07,3.0999999046325684,3.0999999046325684,3.0999999046325684,3.0999999046325684,0
2024-06-10,3.0,3.0999999046325684,2.940000057220459,2.940000057220459,111651
2024-06-11,2.940000057220459,2.940000057220459,2.940000057220459,2.940000057220459,0
2024-06-12,2.940000057220459,2.940000057220459,2.940000057220459,2.940000057220459,0
2024-06-13,2.940000057220459,2.940000057220459,2.940000057220459,2.940000057220459,0
2024-06-14,2.940000057220459,2.940000057220459,2.940000057220459,2.940000057220459,0
2024-06-18,2.7899999618530273,3.0,2.7899999618530273,2.7899999618530273,94765
2024-06-19,2.7899999618530273,2.7899999618530273,2.7899999618530273,2.7899999618530273,0
2024-06-20,2.7899999618530273,2.7899999618530273,2.7899999618530273,2.7899999618530273,0
2024-06-21,2.7899999618530273,2.7899999618530273,2.7899999618530273,2.7899999618530273,0
2024-06-24,2.75,2.75,2.6500000953674316,2.6500000953674316,66719
2024-06-25,2.6500000953674316,2.6500000953674316,2.6500000953674316,2.6500000953674316,0
2024-06-26,2.6500000953674316,2.6500000953674316,2.6500000953674316,2.6500000953674316,0
2024-06-27,2.6500000953674316,2.6500000953674316,2.6500000953674316,2.6500000953674316,0
2024-06-28,2.6500000953674316,2.6500000953674316,2.6500000953674316,2.6500000953674316,0
2024-07-01,2.509999990463257,2.509999990463257,2.509999990463257,2.509999990463257,97745
2024-07-02,2.509999990463257,2.509999990463257,2.509999990463257,2.509999990463257,0
2024-07-03,2.509999990463257,2.509999990463257,2.509999990463257,2.509999990463257,0
2024-07-04,2.509999990463257,2.509999990463257,2.509999990463257,2.509999990463257,0
2024-07-05,2.509999990463257,2.509999990463257,2.509999990463257,2.509999990463257,0
2024-07-08,2.380000114440918,2.380000114440918,2.380000114440918,2.380000114440918,91024
2024-07-09,2.380000114440918,2.380000114440918,2.380000114440918,2.380000114440918,0
2024-07-10,2.380000114440918,2.380000114440918,2.380000114440918,2.380000114440918,0
2024-07-11,2.380000114440918,2.380000114440918,2.380000114440918,2.380000114440918,0
2024-07-12,2.380000114440918,2.380000114440918,2.380000114440918,2.380000114440918,0
2024-07-15,2.2699999809265137,2.490000009536743,2.2699999809265137,2.490000009536743,48002
2024-07-16,2.490000009536743,2.490000009536743,2.490000009536743,2.490000009536743,0
2024-07-18,2.490000009536743,2.490000009536743,2.490000009536743,2.490000009536743,0
2024-07-19,2.490000009536743,2.490000009536743,2.490000009536743,2.490000009536743,0
2024-07-22,2.490000009536743,2.5999999046325684,2.4000000953674316,2.450000047683716,84319
2024-07-23,2.450000047683716,2.450000047683716,2.450000047683716,2.450000047683716,0
2024-07-24,2.450000047683716,2.450000047683716,2.450000047683716,2.450000047683716,0
2024-07-25,2.450000047683716,2.450000047683716,2.450000047683716,2.450000047683716,0
2024-07-26,2.450000047683716,2.450000047683716,2.450000047683716,2.450000047683716,0
2024-07-29,2.4600000381469727,2.569999933242798,2.4000000953674316,2.559999942779541,92326
2024-07-30,2.559999942779541,2.559999942779541,2.559999942779541,2.559999942779541,0
2024-07-31,2.559999942779541,2.559999942779541,2.559999942779541,2.559999942779541,0
2024-08-01,2.559999942779541,2.559999942779541,2.559999942779541,2.559999942779541,0
2024-08-02,2.559999942779541,2.559999942779541,2.559999942779541,2.559999942779541,0
2024-08-05,2.450000047683716,2.5999999046325684,2.430000066757202,2.490000009536743,116186
2024-08-06,2.490000009536743,2.490000009536743,2.490000009536743,2.490000009536743,0
2024-08-07,2.490000009536743,2.490000009536743,2.490000009536743,2.490000009536743,0
2024-08-08,2.490000009536743,2.490000009536743,2.490000009536743,2.490000009536743,0
2024-08-09,2.490000009536743,2.490000009536743,2.490000009536743,2.490000009536743,0
2024-08-12,2.4100000858306885,2.609999895095825,2.369999885559082,2.559999942779541,93297
2024-08-13,2.559999942779541,2.559999942779541,2.559999942779541,2.559999942779541,0
2024-08-14,2.559999942779541,2.559999942779541,2.559999942779541,2.559999942779541,0
2024-08-16,2.559999942779541,2.559999942779541,2.559999942779541,2.559999942779541,0
2024-08-19,2.440000057220459,2.5999999046325684,2.430000066757202,2.5399999618530273,83168
2024-08-20,2.5399999618530273,2.5399999618530273,2.5399999618530273,2.5399999618530273,0
2024-08-21,2.5399999618530273,2.5399999618530273,2.5399999618530273,2.5399999618530273,0
2024-08-22,2.5399999618530273,2.5399999618530273,2.5399999618530273,2.5399999618530273,0
2024-08-23,2.5399999618530273,2.5399999618530273,2.5399999618530273,2.5399999618530273,0
2024-08-26,2.5,2.609999895095825,2.4100000858306885,2.4100000858306885,172460
2024-08-27,2.4100000858306885,2.4100000858306885,2.4100000858306885,2.4100000858306885,0
2024-08-28,2.4100000858306885,2.4100000858306885,2.4100000858306885,2.4100000858306885,0
2024-08-29,2.4100000858306885,2.4100000858306885,2.4100000858306885,2.4100000858306885,0
2024-08-30,2.4100000858306885,2.4100000858306885,2.4100000858306885,2.4100000858306885,0
2024-09-02,2.3499999046325684,2.5199999809265137,2.2799999713897705,2.3499999046325684,67520
2024-09-03,2.3499999046325684,2.3499999046325684,2.3499999046325684,2.3499999046325684,0
2024-09-04,2.3499999046325684,2.3499999046325684,2.3499999046325684,2.3499999046325684,0
2024-09-05,2.3499999046325684,2.3499999046325684,2.3499999046325684,2.3499999046325684,0
2024-09-06,2.3499999046325684,2.3499999046325684,2.3499999046325684,2.3499999046325684,0
2024-09-09,2.3499999046325684,2.380000114440918,2.240000009536743,2.240000009536743,66220
2024-09-10,2.240000009536743,2.240000009536743,2.240000009536743,2.240000009536743,0
2024-09-11,2.240000009536743,2.240000009536743,2.240000009536743,2.240000009536743,0
2024-09-12,2.240000009536743,2.240000009536743,2.240000009536743,2.240000009536743,0
2024-09-13,2.240000009536743,2.240000009536743,2.240000009536743,2.240000009536743,0
2024-09-16,2.299999952316284,2.3499999046325684,2.200000047683716,2.3499999046325684,122947
2024-09-17,2.3499999046325684,2.3499999046325684,2.3499999046325684,2.3499999046325684,0
2024-09-18,2.3499999046325684,2.3499999046325684,2.3499999046325684,2.3499999046325684,0
2024-09-19,2.3499999046325684,2.3499999046325684,2.3499999046325684,2.3499999046325684,0
2024-09-20,2.3499999046325684,2.3499999046325684,2.3499999046325684,2.3499999046325684,0
2024-09-23,2.3499999046325684,2.4600000381469727,2.2699999809265137,2.309999942779541,101161
2024-09-24,2.309999942779541,2.309999942779541,2.309999942779541,2.309999942779541,0
2024-09-25,2.309999942779541,2.309999942779541,2.309999942779541,2.309999942779541,0
2024-09-26,2.309999942779541,2.309999942779541,2.309999942779541,2.309999942779541,0
2024-09-27,2.309999942779541,2.309999942779541,2.309999942779541,2.309999942779541,0
2024-09-30,2.2100000381469727,2.390000104904175,2.2100000381469727,2.259999990463257,28321
2024-10-01,2.259999990463257,2.259999990463257,2.259999990463257,2.259999990463257,0
2024-10-03,2.259999990463257,2.259999990463257,2.259999990463257,2.259999990463257,0
2024-10-04,2.259999990463257,2.259999990463257,2.259999990463257,2.259999990463257,0
2024-10-07,2.1600000858306885,2.3299999237060547,2.1600000858306885,2.240000009536743,33530
2024-10-08,2.240000009536743,2.240000009536743,2.240000009536743,2.240000009536743,0
2024-10-09,2.240000009536743,2.240000009536743,2.240000009536743,2.240000009536743,0
2024-10-10,2.240000009536743,2.240000009536743,2.240000009536743,2.240000009536743,0
2024-10-11,2.240000009536743,2.240000009536743,2.240000009536743,2.240000009536743,0
2024-10-14,2.240000009536743,2.2799999713897705,2.1500000953674316,2.1500000953674316,38754
2024-10-15,2.1500000953674316,2.1500000953674316,2.1500000953674316,2.1500000953674316,0
2024-10-16,2.1500000953674316,2.1500000953674316,2.1500000953674316,2.1500000953674316,0
2024-10-17,2.1500000953674316,2.1500000953674316,2.1500000953674316,2.1500000953674316,0
2024-10-18,2.1500000953674316,2.1500000953674316,2.1500000953674316,2.1500000953674316,0
2024-10-21,2.25,2.25,2.0399999618530273,2.069999933242798,32232
2024-10-22,2.069999933242798,2.069999933242798,2.069999933242798,2.069999933242798,0
2024-10-23,2.069999933242798,2.069999933242798,2.069999933242798,2.069999933242798,0
2024-10-24,2.069999933242798,2.069999933242798,2.069999933242798,2.069999933242798,0
2024-10-25,2.069999933242798,2.069999933242798,2.069999933242798,2.069999933242798,0
2024-10-28,1.9700000286102295,2.0999999046325684,1.9600000381469727,1.9900000095367432,95753
2024-10-29,1.9900000095367432,1.9900000095367432,1.9900000095367432,1.9900000095367432,0
2024-10-30,1.9900000095367432,1.9900000095367432,1.9900000095367432,1.9900000095367432,0
2024-10-31,1.9900000095367432,1.9900000095367432,1.9900000095367432,1.9900000095367432,0
2024-11-01,1.9900000095367432,1.9900000095367432,1.9900000095367432,1.9900000095367432,0
2024-11-04,2.0,2.0799999237060547,2.0,2.0799999237060547,40731
2024-11-05,2.0799999237060547,2.0799999237060547,2.0799999237060547,2.0799999237060547,0
2024-11-06,2.0799999237060547,2.0799999237060547,2.0799999237060547,2.0799999237060547,0
2024-11-07,2.0799999237060547,2.0799999237060547,2.0799999237060547,2.0799999237060547,0
2024-11-08,2.0799999237060547,2.0799999237060547,2.0799999237060547,2.0799999237060547,0
2024-11-11,2.0999999046325684,2.180000066757202,2.0999999046325684,2.180000066757202,31768
2024-11-12,2.180000066757202,2.180000066757202,2.180000066757202,2.180000066757202,0
2024-11-13,2.180000066757202,2.180000066757202,2.180000066757202,2.180000066757202,0
2024-11-14,2.180000066757202,2.180000066757202,2.180000066757202,2.180000066757202,0
2024-11-18,2.180000066757202,2.2799999713897705,2.180000066757202,2.2200000286102295,93466
2024-11-19,2.2200000286102295,2.2200000286102295,2.2200000286102295,2.2200000286102295,0
2024-11-21,2.2200000286102295,2.2200000286102295,2.2200000286102295,2.2200000286102295,0
2024-11-22,2.2200000286102295,2.2200000286102295,2.2200000286102295,2.2200000286102295,0
2024-11-25,2.0999999046325684,2.240000009536743,2.0999999046325684,2.140000104904175,63852
2024-11-26,2.140000104904175,2.140000104904175,2.140000104904175,2.140000104904175,0
2024-11-27,2.140000104904175,2.140000104904175,2.140000104904175,2.140000104904175,0
2024-11-28,2.140000104904175,2.140000104904175,2.140000104904175,2.140000104904175,0
2024-11-29,2.140000104904175,2.140000104904175,2.140000104904175,2.140000104904175,0
2024-12-02,2.2300000190734863,2.2300000190734863,2.0299999713897705,2.0299999713897705,81502
2024-12-03,2.0299999713897705,2.0299999713897705,2.0299999713897705,2.0299999713897705,0
2024-12-04,2.0299999713897705,2.0299999713897705,2.0299999713897705,2.0299999713897705,0
2024-12-05,2.0299999713897705,2.0299999713897705,2.0299999713897705,2.0299999713897705,0
2024-12-06,2.0299999713897705,2.0299999713897705,2.0299999713897705,2.0299999713897705,0
2024-12-09,2.109999895095825,2.130000114440918,2.0899999141693115,2.130000114440918,41056
2024-12-10,2.130000114440918,2.130000114440918,2.130000114440918,2.130000114440918,0
2024-12-11,2.130000114440918,2.130000114440918,2.130000114440918,2.130000114440918,0
2024-12-12,2.130000114440918,2.130000114440918,2.130000114440918,2.130000114440918,0
2024-12-13,2.130000114440918,2.130000114440918,2.130000114440918,2.130000114440918,0
2024-12-16,2.109999895095825,2.2300000190734863,2.109999895095825,2.2200000286102295,66460
2024-12-17,2.2200000286102295,2.2200000286102295,2.2200000286102295,2.2200000286102295,0
2024-12-18,2.2200000286102295,2.2200000286102295,2.2200000286102295,2.2200000286102295,0
2024-12-19,2.2200000286102295,2.2200000286102295,2.2200000286102295,2.2200000286102295,0
2024-12-20,2.2200000286102295,2.2200000286102295,2.2200000286102295,2.2200000286102295,0
2024-12-23,2.0999999046325684,2.0999999046325684,2.0999999046325684,2.0999999046325684,35292
2024-12-24,2.0999999046325684,2.0999999046325684,2.0999999046325684,2.0999999046325684,0
2024-12-26,2.0999999046325684,2.0999999046325684,2.0999999046325684,2.0999999046325684,0
2024-12-27,2.0999999046325684,2.0999999046325684,2.0999999046325684,2.0999999046325684,0
2024-12-30,2.0,2.0999999046325684,1.9900000095367432,1.9900000095367432,62949
2024-12-31,1.9900000095367432,1.9900000095367432,1.9900000095367432,1.9900000095367432,0
2025-01-01,1.9900000095367432,1.9900000095367432,1.9900000095367432,1.9900000095367432,0
2025-01-02,1.9900000095367432,1.9900000095367432,1.9900000095367432,1.9900000095367432,0
2025-01-03,1.9900000095367432,1.9900000095367432,1.9900000095367432,1.9900000095367432,0
2025-01-06,1.8899999856948853,1.8899999856948853,1.8899999856948853,1.8899999856948853,140374
2025-01-07,1.8899999856948853,1.8899999856948853,1.8899999856948853,1.8899999856948853,0
2025-01-08,1.8899999856948853,1.8899999856948853,1.8899999856948853,1.8899999856948853,0
2025-01-09,1.8899999856948853,1.8899999856948853,1.8899999856948853,1.8899999856948853,0
2025-01-10,1.8899999856948853,1.8899999856948853,1.8899999856948853,1.8899999856948853,0
2025-01-13,1.8899999856948853,1.9700000286102295,1.7899999618530273,1.809999942779541,67746
2025-01-14,1.809999942779541,1.809999942779541,1.809999942779541,1.809999942779541,0
2025-01-15,1.809999942779541,1.809999942779541,1.809999942779541,1.809999942779541,0
2025-01-16,1.809999942779541,1.809999942779541,1.809999942779541,1.809999942779541,0
2025-01-17,1.809999942779541,1.809999942779541,1.809999942779541,1.809999942779541,0
2025-01-20,1.850000023841858,1.899999976158142,1.7100000381469727,1.899999976158142,44977
2025-01-21,1.899999976158142,1.899999976158142,1.899999976158142,1.899999976158142,0
2025-01-22,1.899999976158142,1.899999976158142,1.899999976158142,1.899999976158142,0
2025-01-23,1.899999976158142,1.899999976158142,1.899999976158142,1.899999976158142,0
2025-01-24,1.899999976158142,1.899999976158142,1.899999976158142,1.899999976158142,0
2025-01-27,1.899999976158142,1.9900000095367432,1.7999999523162842,1.840000033378601,78141
2025-01-28,1.840000033378601,1.840000033378601,1.840000033378601,1.840000033378601,0
2025-01-29,1.840000033378601,1.840000033378601,1.840000033378601,1.840000033378601,0
2025-01-30,1.840000033378601,1.840000033378601,1.840000033378601,1.840000033378601,0
2025-01-31,1.840000033378601,1.840000033378601,1.840000033378601,1.840000033378601,0
2025-02-01,1.840000033378601,1.840000033378601,1.840000033378601,1.840000033378601,0
2025-02-03,1.8300000429153442,1.9299999475479126,1.7799999713897705,1.9199999570846558,39878
2025-02-04,1.9199999570846558,1.9199999570846558,1.9199999570846558,1.9199999570846558,0
2025-02-05,1.9199999570846558,1.9199999570846558,1.9199999570846558,1.9199999570846558,0
2025-02-06,1.9199999570846558,1.9199999570846558,1.9199999570846558,1.9199999570846558,0
2025-02-07,1.9199999570846558,1.9199999570846558,1.9199999570846558,1.9199999570846558,0
2025-02-10,1.909999966621399,1.9600000381469727,1.8200000524520874,1.8200000524520874,34787
2025-02-11,1.8200000524520874,1.8200000524520874,1.8200000524520874,1.8200000524520874,0
2025-02-12,1.8200000524520874,1.8200000524520874,1.8200000524520874,1.8200000524520874,0
2025-02-13,1.8200000524520874,1.8200000524520874,1.8200000524520874,1.8200000524520874,0
2025-02-14,1.8200000524520874,1.8200000524520874,1.8200000524520874,1.8200000524520874,0
2025-02-17,1.8200000524520874,1.850000023841858,1.7200000286102295,1.7300000190734863,70228
2025-02-18,1.7300000190734863,1.7300000190734863,1.7300000190734863,1.7300000190734863,0
2025-02-19,1.7300000190734863,1.7300000190734863,1.7300000190734863,1.7300000190734863,0
2025-02-20,1.7300000190734863,1.7300000190734863,1.7300000190734863,1.7300000190734863,0
2025-02-21,1.7300000190734863,1.7300000190734863,1.7300000190734863,1.7300000190734863,0
2025-02-24,1.7899999618530273,1.809999942779541,1.6399999856948853,1.7699999809265137,63453
2025-02-25,1.7699999809265137,1.7699999809265137,1.7699999809265137,1.7699999809265137,0
2025-02-27,1.7699999809265137,1.7699999809265137,1.7699999809265137,1.7699999809265137,0
2025-02-28,1.7699999809265137,1.7699999809265137,1.7699999809265137,1.7699999809265137,0
2025-03-03,1.7400000095367432,1.7400000095367432,1.6799999475479126,1.6799999475479126,12200
2025-03-04,1.6799999475479126,1.6799999475479126,1.6799999475479126,1.6799999475479126,0
2025-03-05,1.6799999475479126,1.6799999475479126,1.6799999475479126,1.6799999475479126,0
2025-03-06,1.6799999475479126,1.6799999475479126,1.6799999475479126,1.6799999475479126,0
2025-03-07,1.6799999475479126,1.6799999475479126,1.6799999475479126,1.6799999475479126,0
2025-03-10,1.6799999475479126,1.7599999904632568,1.590000033378601,1.75,78088
2025-03-11,1.75,1.75,1.75,1.75,0
2025-03-12,1.75,1.75,1.75,1.75,0
2025-03-13,1.75,1.75,1.75,1.75,0
2025-03-17,1.7400000095367432,1.7999999523162842,1.659999966621399,1.6699999570846558,59606
2025-03-18,1.6699999570846558,1.6699999570846558,1.6699999570846558,1.6699999570846558,0
2025-03-19,1.6699999570846558,1.6699999570846558,1.6699999570846558,1.6699999570846558,0
2025-03-20,1.6699999570846558,1.6699999570846558,1.6699999570846558,1.6699999570846558,0
2025-03-21,1.6699999570846558,1.6699999570846558,1.6699999570846558,1.6699999570846558,0
2025-03-24,1.5800000429153442,1.690000057220459,1.5800000429153442,1.6100000143051147,147512
2025-03-25,1.6100000143051147,1.6100000143051147,1.6100000143051147,1.6100000143051147,0
2025-03-26,1.6100000143051147,1.6100000143051147,1.6100000143051147,1.6100000143051147,0
2025-03-27,1.6100000143051147,1.6100000143051147,1.6100000143051147,1.6100000143051147,0
2025-03-28,1.6100000143051147,1.6100000143051147,1.6100000143051147,1.6100000143051147,0
2025-04-01,1.5199999809265137,1.690000057220459,1.5199999809265137,1.6799999475479126,45957
2025-04-02,1.6799999475479126,1.6799999475479126,1.6799999475479126,1.6799999475479126,0
2025-04-03,1.6799999475479126,1.6799999475479126,1.6799999475479126,1.6799999475479126,0
2025-04-04,1.6799999475479126,1.6799999475479126,1.6799999475479126,1.6799999475479126,0
2025-04-07,1.590000033378601,1.7599999904632568,1.590000033378601,1.6799999475479126,18424
2025-04-08,1.6799999475479126,1.6799999475479126,1.6799999475479126,1.6799999475479126,0
2025-04-09,1.6799999475479126,1.6799999475479126,1.6799999475479126,1.6799999475479126,0
2025-04-11,1.6799999475479126,1.6799999475479126,1.6799999475479126,1.6799999475479126,0
2025-04-15,1.649999976158142,1.7599999904632568,1.649999976158142,1.7599999904632568,37763
2025-04-16,1.7599999904632568,1.7599999904632568,1.7599999904632568,1.7599999904632568,0
2025-04-17,1.7599999904632568,1.7599999904632568,1.7599999904632568,1.7599999904632568,0
2025-04-21,1.7599999904632568,1.840000033378601,1.7400000095367432,1.75,68963
2025-04-22,1.75,1.75,1.75,1.75,0
2025-04-23,1.75,1.75,1.75,1.75,0
2025-04-24,1.75,1.75,1.75,1.75,0
2025-04-25,1.75,1.75,1.75,1.75,0
2025-04-28,1.7400000095367432,1.8300000429153442,1.659999966621399,1.7599999904632568,58445
2025-04-29,1.7599999904632568,1.7599999904632568,1.7599999904632568,1.7599999904632568,0
2025-04-30,1.7599999904632568,1.7599999904632568,1.7599999904632568,1.7599999904632568,0
2025-05-02,1.7599999904632568,1.7599999904632568,1.7599999904632568,1.7599999904632568,0
2025-05-05,1.7599999904632568,1.840000033378601,1.7400000095367432,1.8300000429153442,24671
2025-05-06,1.8300000429153442,1.8300000429153442,1.8300000429153442,1.8300000429153442,0
2025-05-07,1.8300000429153442,1.8300000429153442,1.8300000429153442,1.8300000429153442,0
2025-05-08,1.8300000429153442,1.8300000429153442,1.8300000429153442,1.8300000429153442,0
2025-05-09,1.8300000429153442,1.8300000429153442,1.8300000429153442,1.8300000429153442,0
2025-05-12,1.8700000047683716,1.9199999570846558,1.7799999713897705,1.909999966621399,29150
2025-05-13,1.909999966621399,1.909999966621399,1.909999966621399,1.909999966621399,0
2025-05-14,1.909999966621399,1.909999966621399,1.909999966621399,1.909999966621399,0
2025-05-15,1.909999966621399,1.909999966621399,1.909999966621399,1.909999966621399,0
2025-05-16,1.909999966621399,1.909999966621399,1.909999966621399,1.909999966621399,0
2025-05-19,1.9199999570846558,2.0,1.9199999570846558,1.9700000286102295,33328
2025-05-20,1.9700000286102295,1.9700000286102295,1.9700000286102295,1.9700000286102295,0
2025-05-21,1.9700000286102295,1.9700000286102295,1.9700000286102295,1.9700000286102295,0
2025-05-22,1.9700000286102295,1.9700000286102295,1.9700000286102295,1.9700000286102295,0
2025-05-23,1.9700000286102295,1.9700000286102295,1.9700000286102295,1.9700000286102295,0
2025-05-26,1.9500000476837158,1.9800000190734863,1.8700000047683716,1.8899999856948853,29889
2025-05-27,1.8899999856948853,1.8899999856948853,1.8899999856948853,1.8899999856948853,0
2025-05-28,1.8899999856948853,1.8899999856948853,1.8899999856948853,1.8899999856948853,0
2025-05-29,1.8899999856948853,1.8899999856948853,1.8899999856948853,1.8899999856948853,0
2025-05-30,1.8899999856948853,1.8899999856948853,1.8899999856948853,1.8899999856948853,0
2025-06-02,1.9800000190734863,1.9800000190734863,1.8899999856948853,1.909999966621399,28535
2025-06-03,1.909999966621399,1.909999966621399,1.909999966621399,1.909999966621399,0
2025-06-04,1.909999966621399,1.909999966621399,1.909999966621399,1.909999966621399,0
2025-06-05,1.909999966621399,1.909999966621399,1.909999966621399,1.909999966621399,0
2025-06-06,1.909999966621399,1.909999966621399,1.909999966621399,1.909999966621399,0
2025-06-09,1.899999976158142,2.0,1.899999976158142,1.9800000190734863,68785
2025-06-10,1.9800000190734863,1.9800000190734863,1.9800000190734863,1.9800000190734863,0
2025-06-11,1.9800000190734863,1.9800000190734863,1.9800000190734863,1.9800000190734863,0
2025-06-12,1.9800000190734863,1.9800000190734863,1.9800000190734863,1.9800000190734863,0
2025-06-13,1.9800000190734863,1.9800000190734863,1.9800000190734863,1.9800000190734863,0
2025-06-16,1.9800000190734863,2.069999933242798,1.9199999570846558,1.9900000095367432,66427
2025-06-17,1.9900000095367432,1.9900000095367432,1.9900000095367432,1.9900000095367432,0
2025-06-18,1.9900000095367432,1.9900000095367432,1.9900000095367432,1.9900000095367432,0
2025-06-19,1.9900000095367432,1.9900000095367432,1.9900000095367432,1.9900000095367432,0
2025-06-20,1.9900000095367432,1.9900000095367432,1.9900000095367432,1.9900000095367432,0
2025-06-23,1.9900000095367432,2.059999942779541,1.899999976158142,1.909999966621399,41093
2025-06-24,1.909999966621399,1.909999966621399,1.909999966621399,1.909999966621399,0
2025-06-25,1.909999966621399,1.909999966621399,1.909999966621399,1.909999966621399,0
2025-06-26,1.909999966621399,1.909999966621399,1.909999966621399,1.909999966621399,0
2025-06-27,1.909999966621399,1.909999966621399,1.909999966621399,1.909999966621399,0
2025-06-30,1.8200000524520874,1.9900000095367432,1.8200000524520874,1.9600000381469727,39699
2025-07-01,1.9600000381469727,1.9600000381469727,1.9600000381469727,1.9600000381469727,0
2025-07-02,1.9600000381469727,1.9600000381469727,1.9600000381469727,1.9600000381469727,0
2025-07-03,1.9600000381469727,1.9600000381469727,1.9600000381469727,1.9600000381469727,0
2025-07-04,1.9600000381469727,1.9600000381469727,1.9600000381469727,1.9600000381469727,0
2025-07-07,1.9199999570846558,1.9700000286102295,1.8600000143051147,1.909999966621399,75619
2025-07-08,1.909999966621399,1.909999966621399,1.909999966621399,1.909999966621399,0
2025-07-09,1.909999966621399,1.909999966621399,1.909999966621399,1.909999966621399,0
2025-07-10,1.909999966621399,1.909999966621399,1.909999966621399,1.909999966621399,0
2025-07-11,1.909999966621399,1.909999966621399,1.909999966621399,1.909999966621399,0
2025-07-14,1.8700000047683716,1.9199999570846558,1.809999942779541,1.850000023841858,30773
2025-07-15,1.850000023841858,1.850000023841858,1.850000023841858,1.850000023841858,0
2025-07-16,1.850000023841858,1.850000023841858,1.850000023841858,1.850000023841858,0
2025-07-17,1.850000023841858,1.850000023841858,1.850000023841858,1.850000023841858,0
2025-07-18,1.850000023841858,1.850000023841858,1.850000023841858,1.850000023841858,0
2025-07-21,1.840000033378601,1.840000033378601,1.75,1.7599999904632568,29502
2025-07-22,1.7599999904632568,1.7599999904632568,1.7599999904632568,1.7599999904632568,0
2025-07-23,1.7599999904632568,1.7599999904632568,1.7599999904632568,1.7599999904632568,0
2025-07-24,1.7599999904632568,1.7599999904632568,1.7599999904632568,1.7599999904632568,0
2025-07-25,1.7599999904632568,1.7599999904632568,1.7599999904632568,1.7599999904632568,0
2025-07-28,1.7799999713897705,1.8300000429153442,1.6699999570846558,1.7300000190734863,30892
2025-07-29,1.7300000190734863,1.7300000190734863,1.7300000190734863,1.7300000190734863,0
2025-07-30,1.7300000190734863,1.7300000190734863,1.7300000190734863,1.7300000190734863,0
2025-07-31,1.7300000190734863,1.7300000190734863,1.7300000190734863,1.7300000190734863,0
2025-08-01,1.7300000190734863,1.7300000190734863,1.7300000190734863,1.7300000190734863,0
2025-08-04,1.7300000190734863,1.7300000190734863,1.6399999856948853,1.690000057220459,18578
2025-08-05,1.690000057220459,1.690000057220459,1.690000057220459,1.690000057220459,0
2025-08-06,1.690000057220459,1.690000057220459,1.690000057220459,1.690000057220459,0
2025-08-07,1.690000057220459,1.690000057220459,1.690000057220459,1.690000057220459,0
2025-08-08,1.690000057220459,1.690000057220459,1.690000057220459,1.690000057220459,0
2025-08-11,1.6399999856948853,1.649999976158142,1.600000023841858,1.600000023841858,24500
2025-08-12,1.600000023841858,1.600000023841858,1.600000023841858,1.600000023841858,0
2025-08-13,1.600000023841858,1.600000023841858,1.600000023841858,1.600000023841858,0
2025-08-14,1.600000023841858,1.600000023841858,1.600000023841858,1.600000023841858,0
2025-08-18,1.5199999809265137,1.6699999570846558,1.5199999809265137,1.649999976158142,29976
2025-08-19,1.649999976158142,1.649999976158142,1.649999976158142,1.649999976158142,0
2025-08-20,1.649999976158142,1.649999976158142,1.649999976158142,1.649999976158142,0
2025-08-21,1.649999976158142,1.649999976158142,1.649999976158142,1.649999976158142,0
2025-08-22,1.649999976158142,1.649999976158142,1.649999976158142,1.649999976158142,0
2025-08-25,1.6100000143051147,1.649999976158142,1.559999942779541,1.6200000047683716,32660
2025-08-26,1.6200000047683716,1.6200000047683716,1.6200000047683716,1.6200000047683716,0
2025-08-28,1.6200000047683716,1.6200000047683716,1.6200000047683716,1.6200000047683716,0
2025-08-29,1.6200000047683716,1.6200000047683716,1.6200000047683716,1.6200000047683716,0
2025-09-01,1.6200000047683716,1.6200000047683716,1.5299999713897705,1.5399999618530273,50480
2025-09-02,1.5399999618530273,1.5399999618530273,1.5399999618530273,1.5399999618530273,0
2025-09-03,1.5399999618530273,1.5399999618530273,1.5399999618530273,1.5399999618530273,0
2025-09-04,1.5399999618530273,1.5399999618530273,1.5399999618530273,1.5399999618530273,0
2025-09-05,1.5399999618530273,1.5399999618530273,1.5399999618530273,1.5399999618530273,0
2025-09-08,1.5399999618530273,1.5399999618530273,1.4600000381469727,1.4600000381469727,91510
2025-09-09,1.4600000381469727,1.4600000381469727,1.4600000381469727,1.4600000381469727,0
2025-09-10,1.4600000381469727,1.4600000381469727,1.4600000381469727,1.4600000381469727,0
2025-09-11,1.4600000381469727,1.4600000381469727,1.4600000381469727,1.4600000381469727,0
2025-09-12,1.4600000381469727,1.4600000381469727,1.4600000381469727,1.4600000381469727,0
2025-09-15,1.399999976158142,1.5199999809265137,1.399999976158142,1.4700000286102295,59247
2025-09-16,1.4700000286102295,1.4700000286102295,1.4700000286102295,1.4700000286102295,0
2025-09-17,1.4700000286102295,1.4700000286102295,1.4700000286102295,1.4700000286102295,0
2025-09-18,1.4700000286102295,1.4700000286102295,1.4700000286102295,1.4700000286102295,0
2025-09-19,1.4700000286102295,1.4700000286102295,1.4700000286102295,1.4700000286102295,0
2025-09-22,1.4700000286102295,1.5399999618530273,1.4199999570846558,1.5199999809265137,58690
2025-09-23,1.5199999809265137,1.5199999809265137,1.5199999809265137,1.5199999809265137,0
2025-09-24,1.5199999809265137,1.5199999809265137,1.5199999809265137,1.5199999809265137,0
2025-09-25,1.5199999809265137,1.5199999809265137,1.5199999809265137,1.5199999809265137,0
2025-09-26,1.5199999809265137,1.5199999809265137,1.5199999809265137,1.5199999809265137,0
2025-09-29,1.5,1.5399999618530273,1.440000057220459,1.5299999713897705,22636
2025-09-30,1.5299999713897705,1.5299999713897705,1.5299999713897705,1.5299999713897705,0
2025-10-01,1.5299999713897705,1.5299999713897705,1.5299999713897705,1.5299999713897705,0
2025-10-03,1.5299999713897705,1.5299999713897705,1.5299999713897705,1.5299999713897705,0
2025-10-06,1.4500000476837158,1.5800000429153442,1.4500000476837158,1.4500000476837158,52697
2025-10-07,1.4500000476837158,1.4500000476837158,1.4500000476837158,1.4500000476837158,0
2025-10-08,1.4500000476837158,1.4500000476837158,1.4500000476837158,1.4500000476837158,0
2025-10-09,1.4500000476837158,1.4500000476837158,1.4500000476837158,1.4500000476837158,0
2025-10-10,1.4500000476837158,1.4500000476837158,1.4500000476837158,1.4500000476837158,0
2025-10-13,1.409999966621399,1.5199999809265137,1.3700000047683716,1.4199999570846558,88681
2025-10-14,1.4199999570846558,1.4199999570846558,1.4199999570846558,1.4199999570846558,0
2025-10-15,1.4199999570846558,1.4199999570846558,1.4199999570846558,1.4199999570846558,0
2025-10-16,1.4199999570846558,1.4199999570846558,1.4199999570846558,1.4199999570846558,0
2025-10-17,1.4199999570846558,1.4199999570846558,1.4199999570846558,1.4199999570846558,0
2025-10-20,1.440000057220459,1.4900000095367432,1.340000033378601,1.4800000190734863,54298
2025-10-21,1.4800000190734863,1.4800000190734863,1.4800000190734863,1.4800000190734863,0
2025-10-23,1.4800000190734863,1.4800000190734863,1.4800000190734863,1.4800000190734863,0
2025-10-24,1.4800000190734863,1.4800000190734863,1.4800000190734863,1.4800000190734863,0
2025-10-27,1.4500000476837158,1.5499999523162842,1.399999976158142,1.4500000476837158,40834
2025-10-28,1.4500000476837158,1.4500000476837158,1.4500000476837158,1.4500000476837158,0
2025-10-29,1.4500000476837158,1.4500000476837158,1.4500000476837158,1.4500000476837158,0
2025-10-30,1.4500000476837158,1.4500000476837158,1.4500000476837158,1.4500000476837158,0
2025-10-31,1.4500000476837158,1.4500000476837158,1.4500000476837158,1.4500000476837158,0
2025-11-03,1.440000057220459,1.440000057220459,1.3700000047683716,1.3700000047683716,33187
2025-11-04,1.3700000047683716,1.3700000047683716,1.3700000047683716,1.3700000047683716,0
2025-11-06,1.3700000047683716,1.3700000047683716,1.3700000047683716,1.3700000047683716,0
2025-11-07,1.3700000047683716,1.3700000047683716,1.3700000047683716,1.3700000047683716,0
2025-11-10,1.3200000524520874,1.399999976158142,1.2999999523162842,1.3300000429153442,71856
2025-11-11,1.3300000429153442,1.3300000429153442,1.3300000429153442,1.3300000429153442,0
2025-11-12,1.3300000429153442,1.3300000429153442,1.3300000429153442,1.3300000429153442,0
2025-11-13,1.3300000429153442,1.3300000429153442,1.3300000429153442,1.3300000429153442,0
2025-11-14,1.3300000429153442,1.3300000429153442,1.3300000429153442,1.3300000429153442,0
2025-11-17,1.2999999523162842,1.3799999952316284,1.2599999904632568,1.3700000047683716,61167
2025-11-18,1.3700000047683716,1.3700000047683716,1.3700000047683716,1.3700000047683716,0
2025-11-19,1.3700000047683716,1.3700000047683716,1.3700000047683716,1.3700000047683716,0
2025-11-20,1.3700000047683716,1.3700000047683716,1.3700000047683716,1.3700000047683716,0
2025-11-21,1.3700000047683716,1.3700000047683716,1.3700000047683716,1.3700000047683716,0
2025-11-24,1.3200000524520874,1.4299999475479126,1.3200000524520874,1.399999976158142,60125
2025-11-25,1.399999976158142,1.399999976158142,1.399999976158142,1.399999976158142,0
2025-11-26,1.399999976158142,1.399999976158142,1.399999976158142,1.399999976158142,0
2025-11-27,1.399999976158142,1.399999976158142,1.399999976158142,1.399999976158142,0
2025-11-28,1.399999976158142,1.399999976158142,1.399999976158142,1.399999976158142,0
2025-12-01,1.399999976158142,1.399999976158142,1.3300000429153442,1.3700000047683716,67854
2025-12-02,1.3700000047683716,1.3700000047683716,1.3700000047683716,1.3700000047683716,0
2025-12-03,1.3700000047683716,1.3700000047683716,1.3700000047683716,1.3700000047683716,0
2025-12-04,1.3700000047683716,1.3700000047683716,1.3700000047683716,1.3700000047683716,0
2025-12-05,1.3700000047683716,1.3700000047683716,1.3700000047683716,1.3700000047683716,0
2025-12-08,1.3300000429153442,1.3300000429153442,1.2999999523162842,1.2999999523162842,39486
2025-12-09,1.2999999523162842,1.2999999523162842,1.2999999523162842,1.2999999523162842,0
2025-12-10,1.2999999523162842,1.2999999523162842,1.2999999523162842,1.2999999523162842,0
2025-12-11,1.2999999523162842,1.2999999523162842,1.2999999523162842,1.2999999523162842,0
2025-12-12,1.2999999523162842,1.2999999523162842,1.2999999523162842,1.2999999523162842,0
2025-12-15,1.3300000429153442,1.3300000429153442,1.2400000095367432,1.2400000095367432,64634
2025-12-16,1.2400000095367432,1.2400000095367432,1.2400000095367432,1.2400000095367432,0
2025-12-17,1.2400000095367432,1.2400000095367432,1.2400000095367432,1.2400000095367432,0
2025-12-18,1.2400000095367432,1.2400000095367432,1.2400000095367432,1.2400000095367432,0
2025-12-19,1.2400000095367432,1.2400000095367432,1.2400000095367432,1.2400000095367432,0
2025-12-22,1.1799999475479126,1.2400000095367432,1.1799999475479126,1.190000057220459,84401
2025-12-23,1.190000057220459,1.190000057220459,1.190000057220459,1.190000057220459,0
2025-12-24,1.190000057220459,1.190000057220459,1.190000057220459,1.190000057220459,0
2025-12-26,1.190000057220459,1.190000057220459,1.190000057220459,1.190000057220459,0
2025-12-29,1.2000000476837158,1.2400000095367432,1.1399999856948853,1.1399999856948853,135764
2025-12-30,1.1399999856948853,1.1399999856948853,1.1399999856948853,1.1399999856948853,0
2025-12-31,1.1399999856948853,1.1399999856948853,1.1399999856948853,1.1399999856948853,0
2026-01-01,1.1399999856948853,1.1399999856948853,1.1399999856948853,1.1399999856948853,0
2026-01-02,1.1399999856948853,1.1399999856948853,1.1399999856948853,1.1399999856948853,0
2026-01-05,1.1799999475479126,1.1799999475479126,1.090000033378601,1.1299999952316284,108374
2026-01-06,1.1299999952316284,1.1299999952316284,1.1299999952316284,1.1299999952316284,0
2026-01-07,1.1299999952316284,1.1299999952316284,1.1299999952316284,1.1299999952316284,0
2026-01-08,1.1299999952316284,1.1299999952316284,1.1299999952316284,1.1299999952316284,0
2026-01-09,1.1299999952316284,1.1299999952316284,1.1299999952316284,1.1299999952316284,0
2026-01-12,1.1399999856948853,1.159999966621399,1.0800000429153442,1.090000033378601,35026
2026-01-13,1.090000033378601,1.090000033378601,1.090000033378601,1.090000033378601,0
2026-01-14,1.090000033378601,1.090000033378601,1.090000033378601,1.090000033378601,0
2026-01-15,1.090000033378601,1.090000033378601,1.090000033378601,1.090000033378601,0
2026-01-16,1.090000033378601,1.090000033378601,1.090000033378601,1.090000033378601,0
2026-01-19,1.0399999618530273,1.100000023841858,1.0399999618530273,1.0800000429153442,45864
2026-01-20,1.0800000429153442,1.0800000429153442,1.0800000429153442,1.0800000429153442,0
2026-01-21,1.0800000429153442,1.0800000429153442,1.0800000429153442,1.0800000429153442,0
2026-01-22,1.0800000429153442,1.0800000429153442,1.0800000429153442,1.0800000429153442,0
2026-01-23,1.0800000429153442,1.0800000429153442,1.0800000429153442,1.0800000429153442,0
2026-01-27,1.1100000143051147,1.1100000143051147,1.0299999713897705,1.0499999523162842,23154
2026-01-28,1.0499999523162842,1.0499999523162842,1.0499999523162842,1.0499999523162842,0
2026-01-29,1.0499999523162842,1.0499999523162842,1.0499999523162842,1.0499999523162842,0
2026-01-30,1.0499999523162842,1.0499999523162842,1.0499999523162842,1.0499999523162842,0
2026-02-02,1.0499999523162842,1.0499999523162842,1.0,1.0,85718
2026-02-03,1.0,1.0,1.0,1.0,0
2026-02-04,1.0,1.0,1.0,1.0,0
2026-02-05,1.0,1.0,1.0,1.0,0
2026-02-06,1.0,1.0,1.0,1.0,0
2026-02-09,1.0,1.0499999523162842,0.949999988079071,0.9900000095367432,94142
2026-02-10,0.9900000095367432,0.9900000095367432,0.9900000095367432,0.9900000095367432,0
2026-02-11,0.9900000095367432,0.9900000095367432,0.9900000095367432,0.9900000095367432,0
2026-02-12,0.9900000095367432,0.9900000095367432,0.9900000095367432,0.9900000095367432,0
2026-02-13,0.9900000095367432,0.9900000095367432,0.9900000095367432,0.9900000095367432,0
2026-02-16,0.9900000095367432,1.0299999713897705,0.9599999785423279,1.0199999809265137,59742
2026-02-17,1.0199999809265137,1.0199999809265137,1.0199999809265137,1.0199999809265137,0
2026-02-18,1.0199999809265137,1.0199999809265137,1.0199999809265137,1.0199999809265137,0
2026-02-19,1.0199999809265137,1.0199999809265137,1.0199999809265137,1.0199999809265137,0
2026-02-20,1.0199999809265137,1.0199999809265137,1.0199999809265137,1.0199999809265137,0
2026-02-23,1.0199999809265137,1.0700000524520874,0.9800000190734863,1.0700000524520874,60617
2026-02-24,1.0700000524520874,1.0700000524520874,1.0700000524520874,1.0700000524520874,0
2026-02-25,1.0700000524520874,1.0700000524520874,1.0700000524520874,1.0700000524520874,0
2026-02-26,1.0700000524520874,1.0700000524520874,1.0700000524520874,1.0700000524520874,0
2026-02-27,1.0700000524520874,1.0700000524520874,1.0700000524520874,1.0700000524520874,0
2026-03-02,1.0299999713897705,1.1200000047683716,1.0199999809265137,1.059999942779541,143189
2026-03-04,1.059999942779541,1.059999942779541,1.059999942779541,1.059999942779541,0
2026-03-05,1.059999942779541,1.059999942779541,1.059999942779541,1.059999942779541,0
2026-03-06,1.059999942779541,1.059999942779541,1.059999942779541,1.059999942779541,0
2026-03-09,1.0299999713897705,1.090000033378601,1.0099999904632568,1.0099999904632568,73012
2026-03-10,1.0099999904632568,1.0099999904632568,1.0099999904632568,1.0099999904632568,0
2026-03-11,1.0099999904632568,1.0099999904632568,1.0099999904632568,1.0099999904632568,0
2026-03-12,1.0099999904632568,1.0099999904632568,1.0099999904632568,1.0099999904632568,0
2026-03-13,1.0099999904632568,1.0099999904632568,1.0099999904632568,1.0099999904632568,0
2026-03-16,1.0099999904632568,1.059999942779541,0.9599999785423279,1.0,143831
2026-03-17,1.0,1.0,1.0,1.0,0
2026-03-18,1.0,1.0,1.0,1.0,0
2026-03-19,1.0,1.0,1.0,1.0,0
2026-03-20,1.0,1.0,1.0,1.0,0
2026-03-23,0.9800000190734863,1.0499999523162842,0.9599999785423279,0.9700000286102295,78840
2026-03-24,0.9700000286102295,0.9700000286102295,0.9700000286102295,0.9700000286102295,0
2026-03-25,0.9700000286102295,0.9700000286102295,0.9700000286102295,0.9700000286102295,0
2026-03-27,0.9700000286102295,0.9700000286102295,0.9700000286102295,0.9700000286102295,0
2026-03-30,0.9700000286102295,1.0099999904632568,0.9300000071525574,0.9300000071525574,85599
2026-04-01,0.9300000071525574,0.9300000071525574,0.9300000071525574,0.9300000071525574,0
2026-04-02,0.9300000071525574,0.9300000071525574,0.9300000071525574,0.9300000071525574,0
2026-04-06,0.9599999785423279,0.9700000286102295,0.8899999856948853,0.8899999856948853,113607
2026-04-07,0.8899999856948853,0.8899999856948853,0.8899999856948853,0.8899999856948853,0
2026-04-08,0.8899999856948853,0.8899999856948853,0.8899999856948853,0.8899999856948853,0
2026-04-09,0.8899999856948853,0.8899999856948853,0.8899999856948853,0.8899999856948853,0
2026-04-10,0.8899999856948853,0.8899999856948853,0.8899999856948853,0.8899999856948853,0
2026-04-13,0.8899999856948853,0.9300000071525574,0.8500000238418579,0.9300000071525574,148925
2026-04-15,0.9300000071525574,0.9300000071525574,0.9300000071525574,0.9300000071525574,0
2026-04-16,0.9300000071525574,0.9300000071525574,0.9300000071525574,0.9300000071525574,0
2026-04-17,0.9300000071525574,0.9300000071525574,0.9300000071525574,0.9300000071525574,0
2026-04-20,0.9700000286102295,0.9700000286102295,0.8999999761581421,0.9200000166893005,114865
2026-04-21,0.9200000166893005,0.9200000166893005,0.9200000166893005,0.9200000166893005,0
2026-04-22,0.9200000166893005,0.9200000166893005,0.9200000166893005,0.9200000166893005,0
2026-04-23,0.9200000166893005,0.9200000166893005,0.9200000166893005,0.9200000166893005,0
2026-04-24,0.9200000166893005,0.9200000166893005,0.9200000166893005,0.9200000166893005,0
2026-04-27,0.9200000166893005,0.9599999785423279,0.8999999761581421,0.949999988079071,44708
2026-04-28,0.949999988079071,0.949999988079071,0.949999988079071,0.949999988079071,0
2026-04-29,0.949999988079071,0.949999988079071,0.949999988079071,0.949999988079071,0
2026-04-30,0.949999988079071,0.949999988079071,0.949999988079071,0.949999988079071,0
2026-05-01,0.949999988079071,0.949999988079071,0.949999988079071,0.949999988079071,0
2026-05-04,0.949999988079071,0.9900000095367432,0.9100000262260437,0.9800000190734863,52911
2026-05-05,0.9800000190734863,0.9800000190734863,0.9800000190734863,0.9800000190734863,0
2026-05-06,0.9800000190734863,0.9800000190734863,0.9800000190734863,0.9800000190734863,0
2026-05-07,0.9800000190734863,0.9800000190734863,0.9800000190734863,0.9800000190734863,0
2026-05-08,0.9800000190734863,0.9800000190734863,0.9800000190734863,0.9800000190734863,0
2026-05-11,1.0,1.0199999809265137,0.9399999976158142,0.9900000095367432,98960
2026-05-12,0.9900000095367432,0.9900000095367432,0.9900000095367432,0.9900000095367432,0
2026-05-13,0.9900000095367432,0.9900000095367432,0.9900000095367432,0.9900000095367432,0
2026-05-14,0.9900000095367432,0.9900000095367432,0.9900000095367432,0.9900000095367432,0
2026-05-15,0.9900000095367432,0.9900000095367432,0.9900000095367432,0.9900000095367432,0
2026-05-18,0.9700000286102295,0.9900000095367432,0.949999988079071,0.9599999785423279,18495
2026-05-19,0.9599999785423279,0.9599999785423279,0.9599999785423279,0.9599999785423279,0
2026-05-20,0.9599999785423279,0.9599999785423279,0.9599999785423279,0.9599999785423279,0
2026-05-21,0.9599999785423279,0.9599999785423279,0.9599999785423279,0.9599999785423279,0
2026-05-22,0.9599999785423279,0.9599999785423279,0.9599999785423279,0.9599999785423279,0
2026-05-25,0.9200000166893005,1.0,0.9200000166893005,0.9900000095367432,51703
2026-05-26,0.9900000095367432,0.9900000095367432,0.9900000095367432,0.9900000095367432,0
2026-05-27,0.9900000095367432,0.9900000095367432,0.9900000095367432,0.9900000095367432,0
2026-05-28,0.9900000095367432,0.9900000095367432,0.9900000095367432,0.9900000095367432,0
2026-05-29,0.9900000095367432,0.9900000095367432,0.9900000095367432,0.9900000095367432,0
2026-06-01,0.9900000095367432,1.0299999713897705,0.949999988079071,0.9700000286102295,130911
2026-06-02,0.9700000286102295,0.9700000286102295,0.9700000286102295,0.9700000286102295,0
2026-06-03,0.9700000286102295,0.9700000286102295,0.9700000286102295,0.9700000286102295,0
2026-06-04,0.9700000286102295,0.9700000286102295,0.9700000286102295,0.9700000286102295,0
2026-06-05,0.9700000286102295,0.9700000286102295,0.9700000286102295,0.9700000286102295,0
2026-06-08,0.9399999976158142,1.0099999904632568,0.9300000071525574,0.9800000190734863,96742
2026-06-09,0.9800000190734863,0.9800000190734863,0.9800000190734863,0.9800000190734863,0
2026-06-10,0.9800000190734863,0.9800000190734863,0.9800000190734863,0.9800000190734863,0
2026-06-11,0.9800000190734863,0.9800000190734863,0.9800000190734863,0.9800000190734863,0
2026-06-12,0.9800000190734863,0.9800000190734863,0.9800000190734863,0.9800000190734863,0
2026-06-15,0.949999988079071,1.0099999904632568,0.9399999976158142,0.949999988079071,64383
2026-06-16,0.949999988079071,0.949999988079071,0.949999988079071,0.949999988079071,0
2026-06-17,0.949999988079071,0.949999988079071,0.949999988079071,0.949999988079071,0
2026-06-18,0.949999988079071,0.949999988079071,0.949999988079071,0.949999988079071,0
2026-06-19,0.949999988079071,0.949999988079071,0.949999988079071,0.949999988079071,0
2026-06-22,0.949999988079071,0.9900000095367432,0.9200000166893005,0.9900000095367432,16773
2026-06-23,0.9900000095367432,0.9900000095367432,0.9900000095367432,0.9900000095367432,0
2026-06-24,0.9900000095367432,0.9900000095367432,0.9900000095367432,0.9900000095367432,0
2026-06-25,0.9900000095367432,0.9900000095367432,0.9900000095367432,0.9900000095367432,0
2026-06-26,0.9900000095367432,0.9900000095367432,0.9900000095367432,0.9900000095367432,0
2026-06-29,0.9900000095367432,0.9900000095367432,0.949999988079071,0.9800000190734863,15501
2026-06-30,0.9800000190734863,0.9800000190734863,0.9800000190734863,0.9800000190734863,0
2026-07-01,0.9800000190734863,0.9800000190734863,0.9800000190734863,0.9800000190734863,0
2026-07-02,0.9800000190734863,0.9800000190734863,0.9800000190734863,0.9800000190734863,0
2026-07-03,0.9800000190734863,0.9800000190734863,0.9800000190734863,0.9800000190734863,0
2026-07-06,0.9800000190734863,1.0199999809265137,0.9399999976158142,0.9599999785423279,18692
2026-07-07,0.9599999785423279,0.9599999785423279,0.9599999785423279,0.9599999785423279,0
2026-07-08,0.9599999785423279,0.9599999785423279,0.9599999785423279,0.9599999785423279,0
2026-07-09,0.9599999785423279,0.9599999785423279,0.9599999785423279,0.9599999785423279,0
2026-07-10,0.9599999785423279,0.9599999785423279,0.9599999785423279,0.9599999785423279,0
2026-07-13,0.9599999785423279,0.9599999785423279,0.9200000166893005,0.9200000166893005,38450
2026-07-14,0.9200000166893005,0.9200000166893005,0.9200000166893005,0.9200000166893005,0
2026-07-15,0.9200000166893005,0.9200000166893005,0.9200000166893005,0.9200000166893005,0
2026-07-16,0.9200000166893005,0.9200000166893005,0.9200000166893005,0.9200000166893005,0
2026-07-17,0.9200000166893005,0.9200000166893005,0.9200000166893005,0.9200000166893005,0
2026-07-20,0.8999999761581421,0.949999988079071,0.8799999952316284,0.9100000262260437,64864
2026-07-21,0.9100000262260437,0.9100000262260437,0.9100000262260437,0.9100000262260437,0
2026-07-22,0.9100000262260437,0.9100000262260437,0.9100000262260437,0.9100000262260437,0
2026-07-23,0.9100000262260437,0.9100000262260437,0.9100000262260437,0.9100000262260437,0
2026-07-24,0.9100000262260437,0.9100000262260437,0.9100000262260437,0.9100000262260437,0
2026-07-27,0.8999999761581421,0.949999988079071,0.8700000047683716,0.8999999761581421,37562
2026-07-28,0.8999999761581421,0.8999999761581421,0.8999999761581421,0.8999999761581421,0
2026-07-29,0.8999999761581421,0.8999999761581421,0.8999999761581421,0.8999999761581421,0
2026-07-30,0.8999999761581421,0.8999999761581421,0.8999999761581421,0.8999999761581421,0
2026-07-31,0.8999999761581421,0.8999999761581421,0.8999999761581421,0.8999999761581421,0
2026-08-03,0.8999999761581421,0.9399999976158142,0.8600000143051147,0.9100000262260437,63346
2026-08-04,0.9100000262260437,0.9100000262260437,0.9100000262260437,0.9100000262260437,0
2026-08-05,0.9100000262260437,0.9100000262260437,0.9100000262260437,0.9100000262260437,0
2026-08-06,0.9100000262260437,0.9100000262260437,0.9100000262260437,0.9100000262260437,0
2026-08-07,0.9100000262260437,0.9100000262260437,0.9100000262260437,0.9100000262260437,0
2026-08-10,0.9100000262260437,0.949999988079071,0.8799999952316284,0.9300000071525574,52755
2026-08-11,0.9300000071525574,0.9300000071525574,0.9300000071525574,0.9300000071525574,0
2026-08-12,0.9300000071525574,0.9300000071525574,0.9300000071525574,0.9300000071525574,0
2026-08-13,0.9300000071525574,0.9300000071525574,0.9300000071525574,0.9300000071525574,0
2026-08-14,0.9300000071525574,0.9300000071525574,0.9300000071525574,0.9300000071525574,0
2026-08-17,0.949999988079071,0.9599999785423279,0.8899999856948853,0.8899999856948853,34297
2026-08-18,0.8899999856948853,0.8899999856948853,0.8899999856948853,0.8899999856948853,0
2026-08-19,0.8899999856948853,0.8899999856948853,0.8899999856948853,0.8899999856948853,0
2026-08-20,0.8899999856948853,0.8899999856948853,0.8899999856948853,0.8899999856948853,0
2026-08-21,0.8899999856948853,0.8899999856948853,0.8899999856948853,0.8899999856948853,0
2026-08-24,0.8899999856948853,0.8899999856948853,0.8500000238418579,0.8799999952316284,37663
2026-08-25,0.8799999952316284,0.8799999952316284,0.8799999952316284,0.8799999952316284,0
2026-08-26,0.8799999952316284,0.8799999952316284,0.8799999952316284,0.8799999952316284,0
2026-08-27,0.8799999952316284,0.8799999952316284,0.8799999952316284,0.8799999952316284,0
2026-08-28,0.8799999952316284,0.8799999952316284,0.8799999952316284,0.8799999952316284,0
2026-08-31,0.8500000238418579,0.9200000166893005,0.8500000238418579,0.8999999761581421,51387
2026-09-01,0.8999999761581421,0.8999999761581421,0.8999999761581421,0.8999999761581421,0
