,Open,High,Low,Close,Volume
2003-05-08,8.288083232311804,8.460751993199342,7.683743649848546,7.856412410736084,187943
2003-05-09,8.029079884877133,8.1154146194458,7.856411856597196,8.1154146194458,114799
2003-05-12,8.115415151321551,8.892422770362924,8.115415151321551,8.63341999053955,752170
2003-05-13,8.892422770362924,8.978756790161132,8.547085970741342,8.63341999053955,526229
2003-05-14,8.806088439632507,9.928433630914972,8.633420392006762,9.410428047180176,797615
2003-05-15,9.49676279142183,9.669431559476356,9.324094743796085,9.410428047180176,868012
2003-05-16,9.496764763163007,9.669433567067447,9.15142787578306,9.3240966796875,446810
2003-05-19,9.496764133463726,9.583098169476953,9.065093232968707,9.151427268981934,445551
2003-05-20,9.065092406473278,9.237760462756997,8.806088881190066,8.892423629760742,262185
2003-05-21,9.065090282781568,9.84209779488527,8.978755554436653,9.669429779052734,598363
2003-05-22,9.928431889714606,10.446437382604104,9.410426396825107,10.360102653503418,1612429
2003-05-23,10.705439069713988,10.878107802020466,10.360102325529667,10.791773796081543,904729
2003-05-26,10.964443755800906,11.568783345592001,10.878109734524681,11.39611530303955,1251600
2003-05-27,11.74145232166268,11.74145232166268,10.791775909102745,10.8781099319458,1049293
2003-05-28,11.223446192943708,11.309780211549826,10.878109398090498,11.050777435302734,574205
2003-05-29,11.223444878297462,11.655115641193497,11.137110869803985,11.482447624206543,1040854
2003-05-30,11.568782493516641,12.173121318367619,11.568782493516641,11.827784538269043,1371874
2003-06-02,12.000454360743465,12.691127982650588,11.914120338112266,12.17312240600586,1529006
2003-06-03,12.432124083548727,12.518458818894901,11.655116508434109,11.827784538269043,894201
2003-06-04,12.086788177490234,12.259456209519612,11.827784688588736,12.086788177490234,810372
2003-06-05,11.914119273615217,12.345790789059967,11.827784538269043,11.827784538269043,815897
2003-06-06,11.827784538269043,12.173121318367619,11.741451243780283,11.827784538269043,473320
2003-06-09,12.000452773782511,13.0364623492107,11.741450740139802,12.863794326782227,2252565
2003-06-10,13.122798135921608,13.381800910816716,11.741451684148066,11.914119720458984,3064916
2003-06-11,12.259457149065828,12.777462725710556,12.086789103803433,12.17312240600586,1080908
2003-06-12,12.17312137156544,12.777461639914861,12.17312137156544,12.432124137878418,1091158
2003-06-13,13.12279772237892,13.12279772237892,12.259456127173609,12.34579086303711,513633
2003-06-16,12.518459937388192,12.518459937388192,12.000454360743465,12.17312240600586,494274
2003-06-17,12.432125194328224,12.432125194328224,12.086789103803433,12.17312240600586,397431
2003-06-18,12.259456209519612,12.345790945963017,12.00045344104683,12.086788177490234,771932
2003-06-19,12.086787656263866,12.518458438150809,12.086787656263866,12.259455680847168,876131
2003-06-20,12.259456107288905,12.60479360932535,12.17312137156544,12.432124137878418,978983
2003-06-23,12.51845973463382,13.381801387820285,12.34579169216803,12.69112777709961,2939241
2003-06-24,12.691126385806122,14.504145675941878,12.691126385806122,14.331476211547852,4740127
2003-06-25,15.281153770577331,15.453821808444948,14.417812140381772,15.022150993347168,4424727
2003-06-26,15.367486091839494,15.62648882831513,14.849480618888217,14.935813903808594,2194324
2003-06-27,15.194814682006836,15.367484111308805,14.33147329892526,15.194814682006836,2389118
2003-06-30,16.403495843395255,16.57616529754538,15.453819608998673,16.144493103027344,2949997
2003-07-01,16.576169047503654,17.957514907199894,15.971828702975351,17.612178802490234,4565927
2003-07-02,18.13017998659126,21.151876651023134,18.13017998659126,20.11586570739746,9536891
2003-07-03,20.374875529912394,21.410886833874333,19.079861399959974,19.511533737182617,4809379
2003-07-04,17.525840545064092,19.85686219540121,17.525840545064092,18.993520736694336,3379276
2003-07-07,19.856862971491044,20.37486844330388,18.648185458404093,20.11586570739746,3654417
2003-07-08,20.633871838135423,20.72020656648034,19.079855373070725,19.33885955810547,2624569
2003-07-09,19.252532371968208,19.68420330108591,18.389190513732807,18.648193359375,2894077
2003-07-10,18.820859654581877,19.07986103475713,18.21651925855236,18.389188766479492,1788381
2003-07-11,18.302854012515926,19.33886529664783,18.302854012515926,18.389188766479492,1829012
2003-07-14,18.9935250647627,19.33886259145208,18.302851452241466,18.907190322875977,2215126
2003-07-15,18.90719130723292,19.425196903806928,17.957514860466436,18.820858001708984,2406232
2003-07-16,18.90719332958557,19.68420180755702,18.648191944452837,19.511533737182617,3095117
2003-07-17,19.856864641285387,20.374870156658105,18.99352307623577,19.16619110107422,3804016
2003-07-18,19.252525463913415,19.425193485433407,18.302849184267444,18.734519958496094,2426476
2003-07-21,19.33886452022215,19.856868700633306,17.784847656415682,17.957515716552734,1584932
2003-07-22,17.78484591844117,17.871180660501707,17.353175089853536,17.52584457397461,1800537
2003-07-23,17.95751631678844,18.389188642846356,17.525846872445953,17.698514938354492,1770111
2003-07-24,17.871181601451276,18.130184400412322,17.52584549674162,17.612178802490234,902192
2003-07-25,17.871177821385686,19.68419558977054,17.69850980555315,19.33885955810547,3856860
2003-07-28,20.720209404002993,20.8928774434815,19.77053302558497,19.943201065063477,3935937
2003-07-29,20.11586711164697,20.374869865633865,19.338860290543632,20.20220184326172,2669416
2003-07-30,20.54753794659084,20.633871231540432,19.856863021850586,19.856863021850586,2175673
2003-07-31,20.02953162143561,20.28853436561306,19.252524829760553,19.33885955810547,1676386
2003-08-01,18.475517560863054,19.597863324456398,17.784844020651885,19.16619110107422,1566306
2003-08-04,19.16619010141564,19.68419558977054,18.90718735723819,19.33885955810547,2064377
2003-08-05,19.5115352176104,19.68420330108591,18.561858597208314,18.648193359375,1555648
2003-08-06,18.04384960684797,19.33886359828299,18.04384960684797,18.820858001708984,1668336
2003-08-07,18.907189140803055,19.856865478753406,18.907189140803055,19.597864151000977,1522376
2003-08-08,20.202201775688028,20.547539260134567,19.684196269446897,20.461204528808594,3677821
2003-08-11,20.547538393457415,22.792226904680202,20.37486893808852,22.274221420288086,10334873
2003-08-12,22.705895765682914,26.072930505537233,22.705895765682914,25.641258239746094,16496805
2003-08-13,26.59093479152396,30.821309536707705,25.554923708878178,29.43996238708496,17163006
2003-08-14,31.857318891216515,35.3970213104311,31.770982717869515,35.31068801879883,24814366
2003-08-15,35.31068801879883,35.31068801879883,35.31068801879883,35.31068801879883,0
2003-08-18,37.81437654634419,38.85038757324219,36.77836840116093,38.85038757324219,1504877
2003-08-19,42.73543781244538,42.73543781244538,34.96535873413086,34.96535873413086,14141211
2003-08-20,33.67033740002985,35.65602628479695,31.511984802973508,31.598318099975586,10918428
2003-08-21,31.339313728976133,33.58400239027226,29.526294412390545,30.562305450439453,9189771
2003-08-22,31.77097811229056,32.288986432136944,29.612625962359353,30.64863395690918,7047603
2003-08-25,31.25298029802781,31.770982933044433,27.626941680908203,27.626941680908203,6524288
2003-08-26,26.41825923655475,30.389633178710938,26.41825923655475,30.389633178710938,11850398
2003-08-27,32.80698797286819,33.411329553121725,29.7852915984574,30.389633178710938,8512264
2003-08-28,30.99398123747289,31.08031453999007,28.662956134073212,28.921958923339844,3214951
2003-08-29,29.43996626748938,31.425652516478603,27.19527721370023,29.26729965209961,9800511
2003-09-01,29.35363181301372,29.785301216339054,27.19527615124159,27.45427894592285,4890866
2003-09-02,27.713280099301496,27.972282878643473,26.41826620259162,26.677268981933594,2586017
2003-09-03,26.590933088278874,28.231282903492744,25.12324985463612,25.727588653564453,9297223
2003-09-04,25.727592211012162,27.626945042927836,25.641258908288982,26.331933975219727,6698459
2003-09-05,27.10894203186035,27.45427812048075,26.159264186010414,27.10894203186035,4066289
2003-09-08,27.626943132452876,27.885945904426805,25.900259907103298,26.07292938232422,4017637
2003-09-09,26.331932762552178,26.590935540508934,24.173577240150856,24.34624671936035,4867939
2003-09-10,24.17357695439727,24.259910252123994,22.015221457509664,23.82823944091797,7472892
2003-09-11,23.82823944091797,25.036918576809324,23.39656862971194,23.82823944091797,4709365
2003-09-12,24.43257699494545,24.43257699494545,22.792227231426136,22.964895248413086,2685992
2003-09-15,23.48290295055969,23.48290295055969,21.928886328833375,22.187889099121094,3824831
2003-09-16,22.360558340635098,24.432579040527344,21.842552805447678,24.432579040527344,5140702
2003-09-17,25.38224987275998,26.50459405885383,24.7779111389732,25.123247146606445,8858714
2003-09-18,25.554921135270032,25.554921135270032,23.310231162550263,23.482900619506836,4611976
2003-09-19,24.000910392597916,24.691585503452206,23.05123391624532,23.74190902709961,4165629
2003-09-22,23.82823883917925,23.82823883917925,21.756218133200942,22.705894470214844,3155284
2003-09-23,22.44688985857535,25.036915888575834,22.3605565701183,24.605243682861328,4275938
2003-09-24,25.727588589380463,25.727588589380463,23.3102319588405,24.08724021911621,4261986
2003-09-25,23.828237685918467,25.813925000245135,23.396566906505896,25.036916732788086,6675203
2003-09-26,25.209590794362345,26.331935313672908,24.86425180248583,25.46859359741211,6033306
2003-09-29,26.159260165376004,27.799609936347736,24.346243817490173,24.605243682861328,6068109
2003-09-30,24.69157695422249,24.950579670901146,24.432574237543832,24.777910232543945,2283323
2003-10-01,24.518912419039225,25.03691795598479,24.087241618537064,24.17357635498047,2637903
2003-10-02,24.17357635498047,24.17357635498047,24.17357635498047,24.17357635498047,0
2003-10-03,24.777916094811633,25.03691887276839,24.173577240150856,24.34624671936035,2740066
2003-10-06,24.69158082713501,25.036916876301618,24.2599086043907,24.518911361694336,3865954
2003-10-07,24.950587991312585,26.331935313672908,24.518915692324562,25.46859359741211,8122076
2003-10-08,25.90025934100875,25.90025934100875,24.51891221457781,24.864248275756836,3665967
2003-10-09,24.691577857493485,25.5549193174338,24.346241849860235,25.123247146606445,2066277
2003-10-10,25.382255606480523,26.33193344414227,25.123252821819598,25.2095890045166,3961200
2003-10-13,25.727588653564453,25.900258116850278,25.295919317921946,25.727588653564453,2537363
2003-10-14,26.07293088428408,28.317619782889288,25.554925310495946,27.10894203186035,14321461
2003-10-15,27.195274986784643,29.09462777254835,26.76360272022765,28.058616638183594,10191482
2003-10-16,28.403942108154297,29.094616900204777,28.05860615298603,28.403942108154297,5878289
2003-10-17,28.490288338770487,30.04430212773153,27.79961330234282,29.612632751464844,8842415
2003-10-20,30.04429813869901,31.943650634551116,29.61262881974579,30.130634307861328,12842214
2003-10-21,32.979667065267435,32.979667065267435,27.10894203186035,27.10894203186035,17642588
2003-10-22,27.62694448573186,28.749288925357522,24.432580650533822,25.2095890045166,12150073
2003-10-23,25.900259383018685,26.41826491648484,24.518912254347217,24.69158172607422,7918877
2003-10-24,24.777914118997977,24.864247410860944,23.655569797920453,24.518911361694336,4370283
2003-10-27,24.950588309808154,25.036921618021708,23.48290622074366,23.74190902709961,2648380
2003-10-28,24.087238509760294,24.087238509760294,22.96489428513656,23.051227569580078,2611147
2003-10-29,23.56923397447388,23.56923397447388,22.792225786021817,23.137561798095703,1749566
2003-10-30,23.482900619506836,24.087239396282946,22.878560401873425,23.482900619506836,2854916
2003-10-31,23.482899251026804,23.82823526310069,22.792225786021817,23.137561798095703,1977525
2003-11-03,23.482906140499836,23.482906140499836,21.669887943061134,21.84255599975586,3067620
2003-11-04,21.928886887032522,23.91457436283151,21.238213295636676,23.31023406982422,5372553
2003-11-05,24.173572716031792,24.173572716031792,22.792225786021817,23.137561798095703,2288136
2003-11-06,23.3102286516506,25.295915665901262,23.137560654150544,24.777910232543945,5894633
2003-11-07,25.036917871007713,25.900259469081792,24.173576272933634,24.432579040527344,3637940
2003-11-10,24.432579040527344,25.036917871007713,24.259909568226586,24.432579040527344,1326905
2003-11-11,24.605243682861328,25.209585347204563,24.346243817490173,24.605243682861328,2360184
2003-11-12,25.036921298424087,26.590938116722672,25.036921298424087,25.46859359741211,5710756
2003-11-13,25.900260397773017,26.245599354757157,22.964897994555034,23.31023406982422,6994683
2003-11-14,20.979206085205078,21.842548972642113,20.979206085205078,20.979206085205078,5519889
2003-11-17,21.842548972642113,22.10155025393033,20.633870082916005,20.979206085205078,4339256
2003-11-18,21.151875575798382,21.497211578880787,20.461202128776396,20.547536849975586,2437956
2003-11-19,20.720207351235512,20.720207351235512,20.029532380032222,20.20220184326172,1813908
2003-11-20,20.547542317760858,21.324549251889586,19.943201990263443,20.0295352935791,3039234
2003-11-21,20.115872703921912,20.20220745953799,18.99352808520165,19.511533737182617,2075264
2003-11-24,20.288535566836433,20.720207793261732,19.684196755212824,20.37487030029297,3338956
2003-11-25,21.06554646022749,21.06554646022749,19.943201990263443,20.0295352935791,1952136
2003-11-26,20.0295352935791,20.0295352935791,20.0295352935791,20.0295352935791,0
2003-11-27,20.37486849497715,20.37486849497715,19.770529736900993,19.856863021850586,1812593
2003-11-28,20.115869104541982,20.288537144020488,19.856866324895478,19.943201065063477,1549653
2003-12-01,20.11586711164697,20.633872619620764,19.943199089274824,20.20220184326172,1918634
2003-12-02,18.99352556778827,20.633875621076516,18.99352556778827,20.0295352935791,1124595
2003-12-03,20.202200484220715,20.288533769170304,19.68419501109415,19.856863021850586,1099066
2003-12-04,19.597864151000977,20.115868247363267,19.42519467802278,19.597864151000977,1050918
2003-12-05,20.20220205679459,20.20220205679459,19.338860494951174,19.425193786621094,1040668
2003-12-08,19.166191029896595,19.856864567542804,19.079856297369307,19.425193786621094,900421
2003-12-09,19.856866324895478,20.20220384470998,19.511530245938467,19.943201065063477,1814638
2003-12-10,20.202202274237276,21.065543845373114,20.029532807324205,20.37487030029297,3236408
2003-12-11,20.892875744423634,21.410881261591218,20.46120496040311,20.633872985839844,1959944
2003-12-12,20.720208148790583,21.065544206827433,20.374870649896327,20.806541442871094,1291737
2003-12-15,20.979211701317688,21.497217284278015,20.63387560658251,21.23821449279785,1830811
2003-12-16,21.41088074013874,21.41088074013874,20.547539193123985,20.72020721435547,1739662
2003-12-17,20.979206133400005,21.151875575798382,20.374867407577206,20.547536849975586,1395242
2003-12-18,20.633872483311055,21.065543256818433,20.461204462079575,20.72020721435547,1299351
2003-12-19,20.89287285305799,21.151875575798382,20.374867407577206,20.547536849975586,1696354
2003-12-22,20.7202077189869,20.80654101127658,20.547539693550164,20.633872985839844,990769
2003-12-23,20.72021220480737,20.806545515787775,20.20220657549421,20.28853988647461,1091938
2003-12-24,20.37486736077061,21.410878249352184,20.202199359626075,20.979206085205078,1921319
2003-12-25,20.979206085205078,20.979206085205078,20.979206085205078,20.979206085205078,0
2003-12-26,21.151876580678426,23.137562294880844,21.151876580678426,23.051227569580078,4104515
2003-12-29,23.65557168423734,24.950585574021126,23.48290364588533,24.34624671936035,4092094
2003-12-30,24.950582421913506,25.036915709753938,22.878560460026332,23.22389793395996,3567758
2003-12-31,23.310234733736454,23.482904217146423,22.53322782182167,22.7922306060791,2244300
2004-01-01,23.22389793395996,23.655568695734022,22.964895188724064,23.22389793395996,1566224
2004-01-02,23.569233844565854,24.346242028735237,23.48289912159463,23.914569854736328,2408814
2004-01-05,24.25990651950458,25.55492019472985,22.705891550091504,23.051227569580078,2236882
2004-01-06,24.17357451520044,24.17357451520044,21.583548468449347,21.928884506225586,1918658
2004-01-07,22.27422198485915,22.27422198485915,21.410880449561226,21.928884506225586,1513739
2004-01-08,22.446890848416434,22.619560314659374,20.720207712846065,22.360557556152344,1392862
2004-01-09,22.619558545144685,22.619558545144685,21.41087958028524,21.583547592163086,2028358
2004-01-12,21.928885792776963,21.928885792776963,20.806541442871094,20.806541442871094,1423621
2004-01-13,20.979209393801405,21.66988438901911,20.54754004329079,21.06554412841797,1958486
2004-01-14,21.238212156793693,21.66988438901911,20.979209393801405,21.06554412841797,1703475
2004-01-15,21.238211795297104,21.497214553880898,20.547539693550164,20.633872985839844,1264346
2004-01-16,20.72021220480737,21.065548330444358,19.856869008999535,20.28853988647461,1446088
2004-01-19,20.374869797482624,20.63387255060319,19.943199022567462,20.461204528808594,1520964
2004-01-20,21.065542436992246,22.533224162484142,20.80653969479619,22.274221420288086,9137245
2004-01-21,22.446890935533403,22.70589369504563,20.202202274237276,20.37487030029297,3605619
2004-01-22,20.72020595734728,21.151876704666996,19.68419501109415,19.856863021850586,3779636
2004-01-23,20.288537275362035,21.23821365992796,20.029534494038828,20.89287757873535,2424613
2004-01-26,20.89287757873535,20.89287757873535,20.89287757873535,20.89287757873535,0
2004-01-27,21.15188036005856,21.324548400654862,20.547541497542746,20.89287757873535,1471908
2004-01-28,20.720207793261732,21.15187857882965,20.288535566836433,20.37487030029297,1087118
2004-01-29,20.547539260134567,20.72020728192916,20.202201775688028,20.461204528808594,993914
2004-01-30,20.633874663834995,20.720209404002993,19.856866324895478,19.943201065063477,886499
2004-02-02,19.943201065063477,19.943201065063477,19.943201065063477,19.943201065063477,0
2004-02-03,20.288534557866797,20.288534557866797,18.21651402567007,18.561851501464844,1583767
2004-02-04,18.64819124787319,19.166195439647012,18.475521743090884,19.07986068725586,1605289
2004-02-05,19.33886056677004,19.943199374133297,18.99352307623577,19.16619110107422,1698060
2004-02-06,19.33886056677004,19.42519385876058,18.99352307623577,19.16619110107422,763719
2004-02-09,19.338860494951174,19.684196543345593,19.166191029896595,19.425193786621094,586041
2004-02-10,19.511533008353926,19.511533008353926,18.993527375722405,19.07986068725586,732897
2004-02-11,19.07985935913839,19.07985935913839,18.648189949803513,18.820858001708984,793685
2004-02-12,18.993520736694336,19.42519146604777,18.8208527331244,18.993520736694336,764948
2004-02-13,18.90718597496588,19.42519142545028,18.82085269378994,19.25252342224121,1132323
2004-02-16,19.597865079793383,20.1158692007052,19.511530339212662,19.6841983795166,1368371
2004-02-17,19.597865079793383,20.20220394128592,19.42519559863194,19.6841983795166,1201820
2004-02-18,19.85686219540121,19.85686219540121,18.8208527331244,18.993520736694336,1043769
2004-02-19,19.16619310767863,19.856866720199864,18.73452227996005,18.907190322875977,1493716
2004-02-20,18.993522711204754,19.07985600153608,18.5618519369761,18.734519958496094,649330
2004-02-23,18.993527721651287,19.252530542684262,18.21651925855236,18.389188766479492,651119
2004-02-24,18.389188766479492,18.648191587512468,18.130185945446517,18.389188766479492,908299
2004-02-25,18.56185567408467,18.56185567408467,17.612179203237766,17.784847259521484,720138
2004-02-26,17.95751396170472,18.130183445825793,17.353175089853536,17.52584457397461,708283
2004-02-27,17.612175105897933,17.871177850497293,16.83516687209986,17.09416961669922,1179678
2004-03-01,17.266839213625065,17.266839213625065,16.40349761315817,16.662500381469727,1027624
2004-03-02,16.662500381469727,16.662500381469727,16.662500381469727,16.662500381469727,0
2004-03-03,16.92150549420067,17.09417355004516,16.57616938251169,16.83517074584961,1069793
2004-03-04,17.094170290997905,17.094170290997905,16.230828735516102,16.317163467407227,733906
2004-03-05,16.230827830102406,16.31716255717747,15.971825089734494,16.144493103027344,789202
2004-03-08,16.14449579383769,16.748836102374245,16.05816105237318,16.576168060302734,900281
2004-03-09,16.835170455876312,16.92150520274032,16.144496803537066,16.403499603271484,683757
2004-03-10,15.971825089734494,16.489830570470318,15.971825089734494,16.144493103027344,509094
2004-03-11,16.230825937302388,16.3171606543093,15.79915523398203,15.885488510131836,542811
2004-03-12,15.971828687003699,15.971828687003699,15.281155037417447,15.45382308959961,785115
2004-03-15,15.712824233003976,15.712824233003976,14.417811816776926,14.590479850769043,961597
2004-03-16,15.022149286624709,15.022149286624709,14.072473024962864,14.158807754516602,925985
2004-03-17,14.504146188781167,14.676814218423049,14.072473953390343,14.245141983032227,665816
2004-03-18,14.158810732267662,14.417813534542649,13.727139875428557,13.899807929992676,663678
2004-03-19,13.81347136899525,14.33147690554693,13.554470041576842,13.640803337097168,671127
2004-03-22,13.81347070463176,13.81347070463176,12.345790342800486,12.518458366394043,839056
2004-03-23,12.518458438150809,12.604793170871144,12.000452923543529,12.259455680847168,909433
2004-03-24,12.345791892125797,12.432125194328224,12.000454360743465,12.17312240600586,677378
2004-03-25,12.345790616550548,13.468134956081071,12.173121148270933,13.209132194519043,1292517
2004-03-26,13.813470840454102,14.24514162411112,13.55446952294579,13.813470840454102,1224150
2004-03-29,14.158807754516602,14.33147577276676,13.899805006712706,14.158807754516602,875177
2004-03-30,14.504145675941878,14.676813699478544,14.245141479350838,14.331476211547852,598636
2004-03-31,14.590478520570654,14.590478520570654,13.986138295409127,14.158807754516602,692245
2004-04-01,14.331477401019223,15.194819031214783,14.245142661656674,15.022150993347168,661309
2004-04-02,15.540156664372025,16.144495521870482,15.108485846036343,16.05816078186035,890512
2004-04-05,16.576166055638183,17.26683814039671,16.317163303425065,17.007835388183594,1029871
2004-04-06,17.09417189855198,17.35317467772489,15.799159443544934,16.05816078186035,858963
2004-04-07,16.576163364472936,16.576163364472936,15.79915523398203,15.885488510131836,562418
2004-04-08,15.971829414367676,16.058162723961612,15.626493294276592,15.971829414367676,426937
2004-04-09,15.971829414367676,15.971829414367676,15.971829414367676,15.971829414367676,0
2004-04-12,16.144497474413217,16.489835035361963,15.799161354322134,15.971829414367676,589897
2004-04-13,16.144497474413217,16.23083222486482,15.71282660387053,15.971829414367676,451051
2004-04-14,15.971829414367676,15.971829414367676,15.971829414367676,15.971829414367676,0
2004-04-15,16.14449122029547,16.403493930459106,15.79915523398203,15.885488510131836,444568
2004-04-16,15.971823227138751,16.14449122029547,15.79915523398203,15.885488510131836,371235
2004-04-19,16.835166597056016,16.835166597056016,15.885490362659432,16.144493103027344,650386
2004-04-20,16.058161839949776,17.180507770604112,15.799160484568484,16.921504974365234,1620458
2004-04-21,16.921505425358777,18.13018469306818,16.835170677358956,18.04384994506836,1708835
2004-04-22,18.216516747028805,18.561854274413427,17.353175089853536,17.52584457397461,1306517
2004-04-23,17.957510562498545,18.04384528821664,17.35317180504362,17.43950653076172,771361
2004-04-26,17.43950653076172,17.43950653076172,17.43950653076172,17.43950653076172,0
2004-04-27,16.835171155453047,16.835171155453047,15.885494663916072,15.971829414367676,717851
2004-04-28,15.540155684914456,16.403497267171538,15.540155684914456,16.2308292388916,665649
2004-04-29,16.2308292388916,16.74883476458881,16.058159769754266,16.2308292388916,556031
2004-04-30,16.317165124364177,16.40349842416482,15.626491521671527,15.712824821472168,451132
2004-05-03,16.058160661410344,16.058160661410344,14.763148216117003,15.022150993347168,755191
2004-05-04,15.194816986960006,15.712822471729783,15.194816986960006,15.540154457092285,387642
2004-05-05,15.799159049987793,15.885492346989873,15.540156277266647,15.799159049987793,384748
2004-05-06,16.230829162804035,16.835167979379467,16.14449442864009,16.489831924438477,617973
2004-05-07,16.576167368151236,16.662500665153313,15.712824312128259,15.799159049987793,461706
2004-05-10,15.79915844776306,16.66250003002014,15.194818187497184,16.2308292388916,1111915
2004-05-11,15.626491287170044,15.971827362905277,14.849482955479552,15.022150993347168,841937
2004-05-12,14.67681707459939,15.540158831676502,14.67681707459939,15.367490768432617,552348
2004-05-13,14.676812943047516,16.058158501004776,14.072472730530349,15.540154457092285,858025
2004-05-14,16.058159896415518,16.058159896415518,14.072473953390343,14.245141983032227,924564
2004-05-17,13.81347070463176,13.986138728225317,11.396114051749883,12.518458366394043,992446
2004-05-18,11.396114163803322,13.986138865745433,10.360103130340576,13.813470840454102,854513
2004-05-19,13.899801729040519,15.28114843102503,13.899801729040519,15.108480453491211,863980
2004-05-20,15.45381640855885,15.971821782017287,14.763143057566595,15.108480453491211,1009353
2004-05-21,15.367484111308805,15.453817385102722,14.849478705117033,15.194814682006836,657040
2004-05-24,15.540155484731953,15.712823510787643,15.19481799176319,15.281152725219727,413131
2004-05-25,15.367484111308805,15.367484111308805,14.849478705117033,15.194814682006836,291819
2004-05-26,15.194819031214783,15.453821808444948,14.935816253984619,15.022150993347168,303121
2004-05-27,15.108483355363855,15.281151366061863,14.849480618888217,14.935813903808594,269758
2004-05-28,14.935818125393357,14.935818125393357,13.899808327521571,14.072476387023926,547829
2004-05-31,13.727138612180333,13.813471911088708,13.122798315534274,13.468135833740234,635653
2004-06-01,13.899805573528456,14.158808331894141,13.640802815162768,13.813470840454102,409523
2004-06-02,13.813470840454102,13.986138865745433,13.640802815162768,13.813470840454102,261792
2004-06-03,13.81346949477135,13.986137503241684,13.209130744696568,13.295465469360352,264257
2004-06-04,13.986139949762945,13.986139949762945,13.295467795065997,13.468135833740234,213239
2004-06-07,13.727139060240376,13.81347236196671,13.468136273346309,13.554471015930176,213102
2004-06-08,13.813472438830882,13.813472438830882,13.295468303017879,13.38180160522461,196891
2004-06-09,13.295468229036109,13.81347236196671,13.295468229036109,13.554471015930176,258579
2004-06-10,13.640804727781813,13.813472777283462,13.554471423459777,13.727139472961426,361512
2004-06-11,13.640801486301017,13.727136210964801,13.295465469360352,13.295465469360352,243332
2004-06-14,13.29546808701615,13.29546808701615,12.604794476295474,12.69112777709961,372914
2004-06-15,12.863797223188193,13.122800035576518,12.604795851657544,12.777463912963867,254908
2004-06-16,12.950130587901189,13.03646388888315,12.6047945022583,12.6047945022583,162629
2004-06-17,12.777462518761263,12.777462518761263,12.432124992972165,12.69112777709961,243579
2004-06-18,12.518458366394043,12.6911263899876,12.432123634168583,12.518458366394043,233657
2004-06-21,12.432124137878418,12.777461639914861,12.259456107288905,12.432124137878418,316523
2004-06-22,12.259455610575028,12.604793098619503,12.259455610575028,12.518458366394043,203847
2004-06-23,12.950129691509343,12.950129691509343,12.34579086303711,12.34579086303711,361717
2004-06-24,12.432123705430472,12.518458438150809,12.173120948126833,12.259455680847168,230827
2004-06-25,12.259456200197642,13.727138073474924,12.173121463819886,13.640803337097168,1135405
2004-06-28,13.640802258908812,14.504145231874235,13.640802258908812,14.158807754516602,1264121
2004-06-29,14.763145965466888,14.763145965466888,13.986137752231745,14.504144668579102,1114152
2004-06-30,14.849481939651808,16.058159562899025,14.849481939651808,15.281152725219727,2022991
2004-07-01,15.453819729344895,15.971825214114672,15.194816986960006,15.540154457092285,1170512
2004-07-02,15.453821121902362,15.799158623153309,15.108485061508832,15.626490592956543,832310
2004-07-05,15.712824312128259,16.14449511971102,15.626491015126179,15.799159049987793,952610
2004-07-06,16.230830261880616,16.576167781063656,15.712824703534801,16.05816078186035,991502
2004-07-07,16.058156503288558,16.3171606543093,15.79915523398203,15.885488510131836,1061483
2004-07-08,15.885491305092566,16.144494060826247,13.813470700080492,14.331476211547852,1755689
2004-07-09,13.640801729143188,14.849480691667656,13.55446844379968,14.504144668579102,1228068
2004-07-12,14.93581197891095,15.28114939665782,14.158805310480359,15.194814682006836,937061
2004-07-13,15.62649358372729,16.144497773458944,15.022153201087157,15.367490768432617,672680
2004-07-14,15.367488625209251,16.489833041053522,15.194819145188985,16.05816078186035,2805908
2004-07-15,16.230830614677764,19.16619310767863,16.14449587279104,18.907190322875977,6610608
2004-07-16,19.425193485433407,19.511528216622075,17.698510388518798,18.734519958496094,8317407
2004-07-19,18.993521869064956,19.079855155568413,17.957510904165247,18.13018035888672,3065071
2004-07-20,18.302853277684505,18.648190838816276,17.61217959627863,17.957515716552734,3524720
2004-07-21,18.13018319474358,18.734522058225366,17.784845672141486,18.216516494750977,2607141
2004-07-22,18.993522265565332,18.993522265565332,18.38918348399611,18.561851501464844,2520312
2004-07-23,18.648186760197696,20.547539328863365,18.2165145429813,20.20220184326172,9581500
2004-07-26,20.0295352935791,20.806543668565393,19.684199198601345,20.0295352935791,4669048
2004-07-27,19.684198677283934,21.324548687129056,18.389186194128193,18.907190322875977,5465102
2004-07-28,19.166196155576053,19.7705365631731,18.820860014827243,19.511533737182617,4337821
2004-07-29,19.68419744663264,20.28853627948403,19.42519467802278,19.597864151000977,3517057
2004-07-30,19.94319930007009,20.3748700809918,19.338860494951174,19.425193786621094,2610077
2004-08-02,19.68419744663264,19.943200215242502,19.42519467802278,19.597864151000977,2413906
2004-08-03,19.85686641982054,20.20220394128592,19.511530339212662,19.6841983795166,2565999
2004-08-04,20.0295352935791,20.2885380852412,19.684199198601345,20.0295352935791,2555180
2004-08-05,20.115865515825654,21.497212466933238,20.115865515825654,21.15187644958496,6842382
2004-08-06,21.324546009094327,21.842551513646114,20.461204462079575,20.72020721435547,3730108
2004-08-09,20.720204851516787,20.89287285305799,20.288532686378016,20.547536849975586,2193683
2004-08-10,20.374869797482624,20.979208594192382,20.11586704436206,20.461204528808594,1887689
2004-08-11,20.720205051661278,20.720205051661278,19.07985397817495,19.25252342224121,2587973
2004-08-12,19.425195892481284,19.425195892481284,18.820857021846773,18.907190322875977,1838904
2004-08-13,18.90719262333125,19.338864944429318,18.734524559406644,19.07986068725586,1252422
2004-08-16,18.82085269378994,19.51152614748341,17.95750979603021,19.25252342224121,1820354
2004-08-17,19.079855373070725,19.59786230228292,19.079855373070725,19.33885955810547,1057261
2004-08-18,19.42519146604777,19.42519146604777,18.90718601448077,18.993520736694336,874316
2004-08-19,18.993522085583106,19.425192845593088,18.90718735723819,19.33885955810547,1256682
2004-08-20,19.33886259145208,19.77053341917066,18.820857021846773,18.907190322875977,1596581
2004-08-23,18.648190422655347,18.648190422655347,17.525845895524725,17.784847259521484,2011484
2004-08-24,17.612180570425632,18.130186220345855,17.612180570425632,17.871183395385742,951896
2004-08-25,18.043849653806106,18.30285245276715,17.439510750135405,17.612178802490234,537141
2004-08-26,17.784846854845064,17.957514907199894,17.52584549674162,17.612178802490234,443659
2004-08-27,17.2668399810791,17.698512241356386,16.489833082466475,17.2668399810791,977770
2004-08-30,18.820858644102078,20.547543544664737,18.13018497204854,18.475521087646484,908691
2004-08-31,18.475516772301823,18.820854248096598,18.043846008201335,18.561851501464844,1177869
2004-09-01,18.820858644102078,19.16619475970002,18.389187779175824,18.475521087646484,820034
2004-09-02,18.130185945446517,18.993527721651287,18.130185945446517,18.389188766479492,716854
2004-09-03,18.475521743090884,19.425198255962773,18.302853679166276,19.07986068725586,1458706
2004-09-06,19.856864291241493,20.892875303723756,19.856864291241493,20.461204528808594,4065434
2004-09-07,20.720207793261732,21.15187857882965,20.288535566836433,20.37487030029297,2568104
2004-09-08,20.37486973103516,20.89287523558695,20.37486973103516,20.72020721435547,1997893
2004-09-09,20.720205904798185,20.979207199847355,20.02953098180957,20.11586570739746,1742042
2004-09-10,20.115867468672263,20.7202077189869,20.029532735525205,20.633872985839844,1561337
2004-09-13,20.720208071666516,21.842552417394835,17.612176356616448,21.06554412841797,4400672
2004-09-14,21.15187805684432,21.410880809964887,20.374869797482624,20.461204528808594,1354264
2004-09-15,20.89287581931742,20.89287581931742,20.288535566836433,20.37487030029297,1348434
2004-09-16,20.20220220181932,21.06554376986037,20.20220220181932,20.633872985839844,1676350
2004-09-17,20.80654050454254,21.065543256818433,20.461204462079575,20.72020721435547,1522609
2004-09-20,20.89287523558695,21.238211278049913,20.633872483311055,20.72020721435547,1548600
2004-09-21,20.80654101127658,20.892875744423634,20.547539693550164,20.633872985839844,617007
2004-09-22,20.720207793261732,20.806541085860886,20.37487030029297,20.37487030029297,557918
2004-09-23,20.288535066156655,21.238211347312948,20.02953231303609,20.461204528808594,2489453
2004-09-24,20.288535066156655,20.892875303723756,20.202201775688028,20.461204528808594,1330268
2004-09-27,20.6338701303176,21.065540854599192,20.461202128776396,20.547536849975586,1180813
2004-09-28,20.633871179210296,20.720205904798185,20.02953098180957,20.11586570739746,712641
2004-09-29,20.115871823656118,20.54754414198888,20.029537071818027,20.28853988647461,892703
2004-09-30,20.461204597248614,20.547539328863365,20.029532380032222,20.20220184326172,815376
2004-10-01,20.288532686378016,20.720204851516787,20.115864684836815,20.547536849975586,724108
2004-10-04,20.72020728192916,20.979208594192382,20.374869797482624,20.461204528808594,1129235
2004-10-05,21.842556774414103,21.842556774414103,20.20220657549421,20.28853988647461,855785
2004-10-06,20.633875621076516,20.633875621076516,19.943201990263443,20.0295352935791,912493
2004-10-07,20.288535134019117,20.461204597248614,19.943199089274824,20.20220184326172,768152
2004-10-08,20.461204462079575,20.89287523558695,20.28853499999075,20.72020721435547,1689002
2004-10-11,21.151878217843375,22.44689055244594,21.151878217843375,21.669883728027344,4006182
2004-10-12,21.669880971497577,21.928882252785794,20.892872805061398,20.979206085205078,1243138
2004-10-13,20.979206085205078,20.979206085205078,20.979206085205078,20.979206085205078,0
2004-10-14,20.547539260134567,20.63387255060319,20.202201775688028,20.461204528808594,1061287
2004-10-15,20.288535566836433,20.806541085860886,20.288535566836433,20.37487030029297,817836
2004-10-18,20.288535566836433,20.806541085860886,20.202202274237276,20.37487030029297,1025319
2004-10-19,20.28853499999075,20.89287523558695,20.28853499999075,20.72020721435547,1072068
2004-10-20,20.720207793261732,21.15187857882965,20.37487030029297,20.37487030029297,1697412
2004-10-21,20.37486844330388,20.720205904798185,19.856862971491044,20.11586570739746,863544
2004-10-22,20.11586570739746,20.11586570739746,20.11586570739746,20.11586570739746,0
2004-10-25,20.288537241009138,20.288537241009138,19.597865079793383,19.6841983795166,579505
2004-10-26,19.77052868175441,20.8065381318588,19.77052868175441,20.547536849975586,1628523
2004-10-27,21.410881261591218,21.410881261591218,20.547539693550164,20.633872985839844,1341475
2004-10-28,20.979206133400005,21.065540854599192,20.461202128776396,20.547536849975586,963567
2004-10-29,20.3748746383127,20.633877452969283,20.20220657549421,20.28853988647461,571432
2004-11-01,20.633877452969283,20.633877452969283,20.115871823656118,20.28853988647461,480791
2004-11-02,20.37487030029297,20.54753976720604,20.288535566836433,20.37487030029297,401898
2004-11-03,20.547536849975586,20.89287285305799,20.374867407577206,20.547536849975586,1082786
2004-11-04,20.72020728192916,20.892875303723756,20.374869797482624,20.461204528808594,931917
2004-11-05,20.720207351235512,20.720207351235512,20.20220184326172,20.20220184326172,417157
2004-11-08,20.288532686378016,20.979206133400005,20.288532686378016,20.547536849975586,1241407
2004-11-09,20.374867407577206,20.979206133400005,20.374867407577206,20.547536849975586,965793
2004-11-10,20.2022045710015,22.101555955263827,20.2022045710015,21.7562198638916,3391110
2004-11-11,22.10155162779662,22.53322381877713,21.497212865795532,21.583547592163086,3322560
2004-11-12,22.18789211314531,22.18789211314531,21.32455038881405,21.84255599975586,966785
2004-11-15,21.84255599975586,21.84255599975586,21.84255599975586,21.84255599975586,0
2004-11-16,21.842550330408486,22.27422108053173,21.41087958028524,21.583547592163086,870723
2004-11-17,21.756216487337465,22.36055671473187,21.756216487337465,21.928884506225586,1616998
2004-11-18,22.101554362072708,22.79222937674492,22.01522106588176,22.187889099121094,2767112
2004-11-19,22.878562672935868,24.00090705027769,22.101554362072708,22.187889099121094,2143811
2004-11-22,22.187889015358028,22.619561258112885,21.842552950183066,22.44689178466797,1270633
2004-11-23,22.619561343589442,24.864248657423968,22.619561343589442,23.65557098388672,6583553
2004-11-24,24.17357989074031,24.518916005309812,23.48290622074366,23.74190902709961,3063592
2004-11-25,23.05122853647791,24.346243706880625,22.705892502504007,22.964895248413086,1862208
2004-11-26,22.964895248413086,22.964895248413086,22.964895248413086,22.964895248413086,0
2004-11-29,23.31023347654933,23.82823901712669,23.13756544330936,23.65557098388672,1837244
2004-11-30,24.173574249036367,24.173574249036367,22.705892502504007,22.964895248413086,2383480
2004-12-01,23.051227074648622,23.396564527579724,22.274220327053772,23.137561798095703,2538506
2004-12-02,24.087237859821567,24.432575310849252,23.310229675652185,23.914569854736328,3789132
2004-12-03,23.914577084384362,24.432582697096258,23.396571471672466,23.74190902709961,2592777
2004-12-06,24.08724021911621,24.518910994539155,23.82823746569097,24.08724021911621,2664721
2004-12-07,24.346246431565653,24.518913027019103,23.65557140460705,23.82823944091797,2671005
2004-12-08,23.828239623585475,24.259910438100693,23.137566032189625,23.31023406982422,2141247
2004-12-09,23.48290354831629,23.65557158595088,23.137566032189625,23.31023406982422,1019680
2004-12-10,23.56923397447388,23.82823526310069,22.96489379205876,23.137561798095703,1366975
2004-12-13,23.310232554470357,23.82823807455706,23.137564528060587,23.569236755371094,1266965
2004-12-14,23.74190902709961,24.087245141669115,23.655574278028414,23.74190902709961,1448559
2004-12-15,23.82823944091797,24.087242215813077,23.48290336829613,23.82823944091797,1472741
2004-12-16,23.828237160892446,24.000905180681475,23.31023166066803,23.39656639099121,910336
2004-12-17,22.274221681714106,23.741903424431754,22.274221681714106,23.22389793395996,1391834
2004-12-20,23.31023406982422,23.74190632519692,23.223900771435662,23.31023406982422,1203005
2004-12-21,23.741905720935424,24.087241787415373,23.31023347654933,23.65557098388672,1839389
2004-12-22,23.828239623585475,24.087242400466103,23.31023406982422,23.31023406982422,1017556
2004-12-23,23.741904672605614,24.173575457073735,23.39656718051669,24.000905990600586,1693129
2004-12-24,24.51891490010693,28.4902901246479,24.51891490010693,27.45427894592285,12825001
2004-12-27,27.626946026016846,29.008296209032892,27.108943309529835,28.576623916625977,9268138
2004-12-28,28.835620401325258,31.252978369679354,28.835620401325258,31.08030891418457,13812015
2004-12-29,31.339315872845155,32.37532698176582,28.49028820502831,30.044301986694336,12677215
2004-12-30,30.56230676604626,30.734976240392186,28.92195684576207,29.43996238708496,4098106
2004-12-31,30.38964026205525,32.80699561965979,28.662954158704284,29.180959701538086,3617758
2005-01-03,29.180952899918086,31.08030515369466,29.180952899918086,30.389633178710938,3973053
2005-01-04,30.475966455155348,30.907635719091616,30.044294309504853,30.389633178710938,3540684
2005-01-05,30.044301632752493,30.56230718111037,26.418265675962267,28.231285095214844,5024057
2005-01-06,27.626942696228053,28.231284409101363,26.24559844313151,27.367942810058594,3834208
2005-01-07,27.367940688228675,28.576618256837097,27.367940688228675,28.317615509033203,3261740
2005-01-10,28.74929052821658,29.69896841882571,28.23128781172957,28.576623916625977,3601025
2005-01-11,27.972281683501528,29.008292756604888,27.022603905918494,27.281606674194336,2200627
2005-01-12,27.626945498737857,27.626945498737857,25.036920438874365,25.295923233032227,3491249
2005-01-13,24.60524592631712,26.936270862627207,24.60524592631712,26.50459861755371,3003297
2005-01-14,26.93627007027366,26.93627007027366,25.641256254862004,25.900259017944336,3547239
2005-01-17,26.24560008910072,26.504599991513125,24.86424998594433,25.38225555419922,2938893
2005-01-18,25.900263014684885,26.245602006561402,25.382257408585357,25.46859359741211,2867257
2005-01-19,25.900261175802378,25.98659735849938,25.036919520837635,25.2095890045166,1836759
2005-01-20,25.382253808382792,25.382253808382792,24.691581686024744,24.864248275756836,1824134
2005-01-24,25.20958734330847,25.46859011090218,24.259909568226586,24.432579040527344,2651633
2005-01-25,24.518913901012752,25.554925037522526,24.08724307441952,25.38225555419922,2972432
2005-01-27,25.641254276955692,26.677265249369558,25.554920989826066,26.245595932006836,3561361
2005-01-28,27.281609455563625,28.317620634288673,26.072931668194503,27.45427894592285,4643509
2005-01-31,28.058613794194077,28.576619308872,27.367941695766675,27.972280502319336,7431564
2005-02-01,28.835621200194396,28.835621200194396,27.28160470283221,27.540607452392578,4558010
2005-02-02,27.626941642959324,28.40394991698907,27.540608350860932,27.71327781677246,4348723
2005-02-03,28.144946911628345,28.921955178829382,27.885944155894663,28.662952423095703,5877574
2005-02-04,29.09462640497075,29.87163471922145,28.57662086213695,29.180959701538086,6883327
2005-02-07,29.785301570588775,32.202660055792876,29.180962669716546,31.166648864746094,17531479
2005-02-08,30.30330521867597,32.80699684832964,30.30330521867597,31.425649642944336,15151143
2005-02-09,31.94365882873535,32.202661639232495,31.42565320774106,31.94365882873535,6917423
2005-02-10,32.54800001773057,38.33239555962334,32.11633055809332,36.605709075927734,51116068
2005-02-11,31.080311369828912,36.00136098223759,29.526294792737286,32.4616584777832,24269267
2005-02-14,32.46166240108516,33.58400688183689,31.252984616187952,32.202659606933594,13024667
2005-02-15,32.46165883814786,32.46165883814786,31.080311714858908,31.252981185913086,6235459
2005-02-16,31.85732057334243,32.97966495068274,31.25298173657686,32.54799270629883,13544933
2005-02-17,32.547994067212706,32.720663548529,31.252983043343054,31.425649642944336,4772655
2005-02-18,31.770987880967635,32.02999356138488,30.734979567874657,30.90764617919922,4040748
2005-02-21,30.90764617919922,30.90764617919922,30.90764617919922,30.90764617919922,0
2005-02-22,30.90764617919922,30.90764617919922,30.90764617919922,30.90764617919922,0
2005-02-23,30.90764617919922,30.90764617919922,30.90764617919922,30.90764617919922,0
2005-02-24,30.90764617919922,30.90764617919922,30.90764617919922,30.90764617919922,0
2005-02-25,30.90764617919922,30.90764617919922,30.90764617919922,30.90764617919922,0
2005-02-28,30.90764617919922,30.90764617919922,30.90764617919922,30.90764617919922,0
2005-03-01,30.90764617919922,30.90764617919922,30.90764617919922,30.90764617919922,0
2005-03-02,30.90764617919922,30.90764617919922,30.90764617919922,30.90764617919922,0
2005-03-03,30.90764617919922,30.90764617919922,30.90764617919922,30.90764617919922,0
2005-03-04,30.90764617919922,30.90764617919922,30.90764617919922,30.90764617919922,0
2005-03-07,30.90764617919922,30.90764617919922,30.90764617919922,30.90764617919922,0
2005-03-08,30.90764617919922,30.90764617919922,30.90764617919922,30.90764617919922,0
2005-03-09,30.90764617919922,30.90764617919922,30.90764617919922,30.90764617919922,0
2005-03-10,30.90764617919922,30.90764617919922,30.90764617919922,30.90764617919922,0
2005-03-11,30.90764617919922,30.90764617919922,30.90764617919922,30.90764617919922,0
2005-03-14,30.90764617919922,30.90764617919922,30.90764617919922,30.90764617919922,0
2005-03-15,30.90764617919922,30.90764617919922,30.90764617919922,30.90764617919922,0
2005-03-16,30.90764617919922,30.90764617919922,30.90764617919922,30.90764617919922,0
2005-03-17,30.90764617919922,30.90764617919922,30.90764617919922,30.90764617919922,0
2005-03-18,30.90764617919922,30.90764617919922,30.90764617919922,30.90764617919922,0
2005-03-21,30.90764617919922,30.90764617919922,30.90764617919922,30.90764617919922,0
2005-03-22,30.90764617919922,30.90764617919922,30.90764617919922,30.90764617919922,0
2005-03-23,34.37181548793514,34.63621291592522,28.978084903210615,29.47288703918457,20877100
2005-03-24,29.47288703918457,29.47288703918457,29.47288703918457,29.47288703918457,0
2005-03-28,28.456830133031612,29.76749166871979,28.328409393670093,28.61924934387207,12357940
2005-03-29,28.925190052643167,28.99317833825629,27.440781551518565,27.80338478088379,6240720
2005-03-30,27.72407205333078,28.09422834212418,27.19905240167434,27.357690811157227,4663490
2005-03-31,27.6485239748566,28.3284068929738,26.942204207289112,27.384126663208008,12030150
2005-04-01,27.648523376339607,29.952569392463328,27.301028950919623,29.578632354736328,10562900
2005-04-04,29.578632354736328,29.578632354736328,29.578632354736328,29.578632354736328,0
2005-04-05,28.396403519157072,28.54748897660624,27.49744951399342,27.629648208618164,2798150
2005-04-06,27.724068685975215,28.39639576216444,27.724068685975215,28.09422492980957,2926250
2005-04-07,28.509709517242687,28.630577269485663,27.663632369827337,27.784500122070312,1894760
2005-04-08,28.13955036822733,28.13955036822733,27.214156911488214,27.35390853881836,1761330
2005-04-11,27.308590186058357,27.57298754406888,26.968648667391207,27.32369613647461,2436630
2005-04-12,27.32369311753241,27.950696613988203,27.20660328359551,27.867599487304688,1988080
2005-04-13,28.177325592280877,28.29064038907662,27.353912996481444,27.674970626831055,2307850
2005-04-15,27.425679892071656,27.57298740245166,26.515392212411324,26.75712776184082,1662220
2005-04-18,26.062137432135707,27.323694585482595,26.062137432135707,27.07063102722168,7291930
2005-04-19,27.270816929650476,27.837385172358296,25.83551244381972,26.194337844848633,3898010
2005-04-20,26.439851704044695,26.953540481974773,26.137680817598127,26.87044334411621,3159940
2005-04-21,26.96109587818162,27.478562631126913,26.51539536559713,27.27837562561035,2540420
2005-04-22,27.572982417035657,27.64852368193076,26.85532887367401,27.059293746948242,1446850
2005-04-25,27.119730442393323,27.195271711127248,26.402076862562307,26.504060745239258,1250420
2005-04-26,26.658924756737022,26.696695396128106,25.873282777856197,26.05080795288086,1768610
2005-04-27,26.06213902240456,26.213224462645574,24.940333446887514,25.163185119628906,1543540
2005-04-28,25.306711649397588,25.43891031301418,24.50596092993964,24.751474380493164,2523130
2005-04-29,25.13503931086044,25.161888770862426,23.972836657904686,24.2144832611084,2178070
2005-05-02,24.39092024882909,24.544346971485346,23.274745157902547,23.84625816345215,3395040
2005-05-03,23.82325219995467,24.356407983113023,23.784894774038055,23.96900749206543,3020790
2005-05-04,24.12626627315674,24.471474284260943,24.011195472936,24.287363052368164,2146130
2005-05-05,24.471472314424663,26.228201091817894,24.433116359562558,25.135040283203125,4882200
2005-05-06,25.200245125070463,25.273123486108613,24.4407872864364,25.081340789794922,3046280
2005-05-09,25.046816001865277,25.652846969760166,25.00845712963316,25.503259658813477,1779790
2005-05-10,25.649019334437035,26.159159092055248,25.246274494156157,25.898334503173828,2830730
2005-05-11,25.89833806572308,25.89833806572308,25.09285120073113,25.25011444091797,2476000
2005-05-12,23.23639005417687,25.833126236233543,23.23639005417687,25.610660552978516,1226890
2005-05-13,25.6221704391215,26.235874506986605,25.204082622456887,25.89066505432129,1326830
2005-05-16,26.189843775383963,26.772864793915943,25.775592461117284,26.017240524291992,1296170
2005-05-17,26.36629151406315,26.38547095951283,25.92902708043757,26.044097900390625,1083620
2005-05-18,26.08244612593977,26.08244612593977,25.622168835442434,25.917512893676758,1242780
2005-05-19,26.159158576387544,26.389300152795197,25.338328871223915,25.514768600463867,926090
2005-05-20,25.468744596118114,25.714226231992395,24.858874053663122,25.019973754882812,709740
2005-05-23,24.939424992983042,25.154223641130994,24.279693394861177,24.37942123413086,1590070
2005-05-24,24.64790885989368,24.64790885989368,23.608445706326062,23.78488540649414,2412880
2005-05-25,23.86160213663108,24.068727794714334,23.39748837414461,23.485708236694336,2095700
2005-05-26,23.627625280442718,23.773380525020634,22.630355942813363,22.756933212280273,2521970
2005-05-27,22.860500265034702,24.141608928260677,22.783788345481852,23.55475425720215,4761380
2005-05-30,24.08023535740118,24.087906840987824,23.585437103142574,23.880781173706055,2479780
2005-05-31,23.97283634100545,24.27201687032174,23.781053650277407,24.14544105529785,1907750
2005-06-01,24.318046049889254,24.318046049889254,23.673656084560683,23.758039474487305,2832950
2005-06-02,23.627635742313842,23.627635742313842,23.15968679702638,23.320783615112305,2975800
2005-06-03,23.397486647148416,23.470365001012816,22.960222376704863,23.324609756469727,2642400
2005-06-06,23.205704508559588,23.455022580289487,23.205704508559588,23.336116790771484,1269690
2005-06-07,23.37831431092064,23.397492290652814,22.783788160106837,22.875843048095703,933810
2005-06-08,22.898853924610062,23.15967850514469,22.02048883613863,22.147066116333008,2623750
2005-06-09,22.246794344529576,22.783786517430535,22.246794344529576,22.34268569946289,2047080
2005-06-10,22.476933519082944,22.684059201584663,21.947614281382094,22.031997680664062,1480220
2005-06-13,22.319673258699773,22.396386637167048,21.487335516586725,21.556377410888672,1313320
2005-06-14,21.790349690218736,21.86322658542326,21.287878517385806,21.391441345214844,1737380
2005-06-15,21.471996725886537,22.162414340048922,21.464325240228632,21.897754669189453,2454480
2005-06-16,21.89774860051593,22.2046020890466,21.479662258738056,21.548704147338867,1880310
2005-06-17,21.6407592254064,21.6407592254064,20.915820851515072,20.973356246948242,1331510
2005-06-20,21.24952107398952,21.326232973797335,20.720200478838553,21.038558959960938,2121200
2005-06-21,21.479662455162646,21.7788429997115,20.904314353685077,21.211166381835938,2569120
2005-06-22,21.211166981393845,21.652267790269224,21.18048250930437,21.307058334350586,3397040
2005-06-23,21.406788837258656,21.740490377578105,20.942673518899298,21.157470703125,1934680
2005-06-24,21.069249144546,21.153634007195667,20.735547630809766,20.819931030273438,1220270
2005-06-27,20.981028342651136,20.981028342651136,20.07581373563402,20.137184143066406,1314080
2005-06-28,20.252253122198972,20.336637979646948,18.836897302340873,19.09388542175293,2339680
2005-06-29,19.02483784121559,20.022108475354155,19.02483784121559,19.84566879272461,23553270
2005-06-30,20.148692677929578,20.148692677929578,19.197450534790228,19.247314453125,1369590
2005-07-01,19.178270279200905,19.4467663557469,18.959638115072885,19.09388542175293,2207650
2005-07-04,19.11306215772154,19.56183291641607,19.06319825236025,19.097719192504883,1136120
2005-07-05,19.251145785677277,19.945399646265322,19.024842154240297,19.477449417114258,2298120
2005-07-06,19.638546069507786,20.444032713362972,19.638546069507786,20.290607452392578,3412110
2005-07-07,20.66650302866049,21.471989739225698,20.045126061233365,20.171703338623047,3118060
2005-07-08,20.374987573368934,21.096090720413162,20.259918280258315,20.49772834777832,3486320
2005-07-11,20.819930535025257,20.942671352403657,20.490064039626066,20.61280632019043,1368250
2005-07-12,20.71253183672107,20.77773871632297,19.949236038195664,20.118005752563477,1192290
2005-07-13,21.019382358734077,21.019382358734077,19.657725563554305,19.807315826416016,933280
2005-07-14,19.868682653521695,20.098822716137555,19.646215535830446,19.791969299316406,903490
2005-07-15,19.79197234183469,19.945399073830767,19.56566871689264,19.66156005859375,747310
2005-07-18,19.742112121024135,20.0988280693809,19.742112121024135,19.907045364379883,906180
2005-07-19,20.022114859281068,20.63581893505325,19.89170256028124,20.459379196166992,1719780
2005-07-20,20.490062242638217,21.07308180564752,20.490062242638217,20.800750732421875,2187420
2005-07-21,20.942669645497745,21.65226649276691,20.781572884513317,20.969520568847656,3658890
2005-07-22,21.103770158149146,21.479664104393716,20.98486434796715,21.122949600219727,2786900
2005-07-25,21.32623590523759,21.37226480727211,20.961849941505978,21.05006980895996,1739160
2005-07-26,21.061574477246104,21.541031191318528,20.942668685409263,21.372262954711914,4270180
2005-07-27,21.295551881016717,21.40294972831454,20.91198646845486,21.111440658569336,1050400
2005-07-28,21.111440658569336,21.111440658569336,21.111440658569336,21.111440658569336,0
2005-07-29,19.94539830205958,21.613906997822976,19.94539830205958,20.842941284179688,4663750
2005-08-01,20.91965859443782,21.046235886797895,20.328967489796092,20.55527114868164,924680
2005-08-02,20.328964555738406,20.704858441752787,20.328964555738406,20.398006439208984,1229560
2005-08-03,20.551433079254732,20.750885782618067,20.022112462766206,20.4478702545166,1967210
2005-08-04,20.635814201723935,21.4719867276581,20.332797243671937,21.234176635742188,2392860
2005-08-05,21.180483996562934,21.81720256637758,21.145963048547067,21.28788185119629,4025890
2005-08-08,21.364593033521103,21.77117142033774,20.86595830707122,21.02322006225586,1959800
2005-08-09,21.099930694086723,21.460483084036177,20.865957043757007,20.984861373901367,2088790
2005-08-10,21.203495140511468,21.70980135854207,21.103768778917644,21.610074996948242,2086170
2005-08-11,21.851720304605553,22.392547435288307,21.67527911667179,21.943775177001953,4855930
2005-08-12,21.94377587571225,22.127888552739005,21.52185452689178,21.928434371948242,1970490
2005-08-16,21.98596937459796,22.469262614768592,21.86706356972101,22.189258575439453,2112240
2005-08-17,22.11638116004451,22.63035886048812,22.11638116004451,22.396385192871094,1792510
2005-08-18,22.476932004786406,22.730085111949077,21.249523887140676,21.57555389404297,2692220
2005-08-19,21.633086030523852,22.00130841034226,21.40294594574809,21.763498306274414,2256800
2005-08-22,21.86323044605705,22.323509274400724,21.82870949735162,22.127891540527344,8051860
2005-08-23,22.24679544809702,22.308165859771226,21.096099131816143,21.28788185119629,1635050
2005-08-24,21.096096805126997,21.479662201583853,20.44403533851317,20.574447631835938,1937570
2005-08-25,20.65116143710951,21.241852511212766,20.597462514588468,21.05006980895996,1134790
2005-08-26,21.471990553011757,21.471990553011757,21.103768126408404,21.191987991333008,782110
2005-08-29,21.17281001368386,21.17281001368386,20.3289658553528,20.954177856445312,680050
2005-08-30,21.249524342775242,21.37993664096965,21.096097593186784,21.161304473876953,552830
2005-08-31,21.307051179887445,21.479655849889717,20.931158841282063,21.080747604370117,1485090
2005-09-01,21.19198786412776,21.475826897421925,21.168974877094346,21.19965934753418,1164180
2005-09-02,21.402947423555947,21.717470910932597,21.253357162875073,21.372262954711914,1649230
2005-09-05,21.345415452092947,21.786514791555014,20.674175990872236,20.76239585876465,2530200
2005-09-06,20.958016480050993,21.207334614084672,20.72020630477276,20.835275650024414,1301530
2005-09-08,21.08842272207883,21.287876879232297,21.030888797613937,21.180479049682617,1753410
2005-09-09,21.096093890416814,21.86322457734106,21.02705201153878,21.679113388061523,3001790
2005-09-12,21.863226928096168,22.323505682377462,21.863226928096168,22.112545013427734,4219140
2005-09-13,22.13172051017361,23.244059123264915,22.024321219524342,22.8221378326416,6678600
2005-09-14,22.937211174079003,23.589272662258285,22.331178588490673,22.66104507446289,6481580
2005-09-15,22.78378359293992,22.937208863228225,22.62652184956259,22.745426177978516,3713050
2005-09-16,23.013926767878125,24.352570818678238,22.875842973161088,24.130102157592773,9065660
2005-09-19,24.164619478058025,24.774489967550856,24.049550154133012,24.206811904907227,3775290
2005-09-20,24.164622408598326,24.509831885424138,23.090639483075602,23.8040714263916,2036350
2005-09-21,23.896126299393657,24.01119563721567,21.786516407641333,23.025432586669922,4504840
2005-09-22,22.860497979672814,22.898855398800727,21.47966308115843,21.587060928344727,4088080
2005-09-23,21.63309148965936,22.967899050730573,21.10760578121847,21.8210391998291,2065170
2005-09-26,21.87090068681193,22.5536466743972,21.87090068681193,22.369535446166992,2224220
2005-09-27,22.630360217338414,23.128994980337485,22.400221546165298,22.684059143066406,1982140
2005-09-28,22.7837810998702,22.933371343886638,22.641860874821,22.69172477722168,1268200
2005-09-29,22.783785344859513,23.167350744852527,22.476931854316394,22.710906982421875,2471890
2005-09-30,22.78378395203668,22.845154353756417,21.55637445445609,22.24679183959961,2801070
2005-10-03,22.246797546531717,22.967901049111422,22.246797546531717,22.465431213378906,1123960
2005-10-04,22.615015825772968,22.860497449757528,22.442411101663232,22.5498104095459,1025770
2005-10-05,22.630362526348215,22.707075912295096,22.292824506093616,22.381044387817383,765760
2005-10-06,22.323507664465584,22.323507664465584,21.640760224106447,21.740488052368164,1251930
2005-10-07,21.8632266901886,22.070352346839194,21.506512232426992,21.579387664794922,1093830
2005-10-10,21.57939188688174,21.81336851207873,21.096100056658358,21.21500587463379,610910
2005-10-11,21.249526962719596,21.855559625623894,20.865961504642968,21.529529571533203,2489320
2005-10-13,21.18048061885617,21.567881006422457,20.367320964867105,20.697187423706055,1262370
2005-10-14,20.559104868224807,21.09609701385175,19.676904740282726,19.761289596557617,2177000
2005-10-17,20.328964062339406,20.328964062339406,19.36237918039683,19.488956451416016,1097550
2005-10-18,19.56183774517519,19.976089129167033,19.185943783693364,19.262657165527344,984860
2005-10-19,19.26265873774482,19.26265873774482,18.411142909940494,18.464841842651367,1418030
2005-10-20,19.086210902204407,19.20511814895488,16.493309816685336,16.99578094482422,3120060
2005-10-21,16.876878237781227,17.260443652276255,16.59687566078217,16.731122970581055,1776380
2005-10-24,16.761808961830408,16.97660465822317,16.125090430177966,16.29769515991211,1196060
2005-10-25,16.76947777104906,16.76947777104906,15.64946617477935,15.745357513427734,2093120
2005-10-26,15.772208314472113,16.332214891894118,15.503712250752386,16.105911254882812,1741400
2005-10-27,16.182624955050066,16.182624955050066,15.304261232908939,15.377138137817383,1076650
2005-10-28,15.496044003360382,16.03303472904582,15.342617245629684,15.461523056030273,1869660
2005-10-31,15.496039566860997,16.224812799469817,15.430832701379005,16.086729049682617,1069270
2005-11-02,16.339884341471286,16.416597708881895,15.764536280670384,16.290021896362305,625200
2005-11-04,16.290021896362305,16.290021896362305,16.290021896362305,16.290021896362305,0
2005-11-07,16.47796783575026,16.857698193356597,16.033032068001592,16.5009822845459,1638190
2005-11-08,16.416601590941948,16.71578364827281,16.339888205390803,16.435779571533203,1817650
2005-11-09,16.416596890315173,16.646736981071726,15.960154644919196,16.117416381835938,1947410
2005-11-10,16.435779122923545,16.531670486448622,15.963993789962505,16.052213668823242,1922260
2005-11-11,16.03304040839055,16.49331938144014,16.03304040839055,16.42811393737793,1079790
2005-11-14,16.70043505637863,17.597977999844066,16.497144433627295,16.84235382080078,3175740
2005-11-16,17.0264678671867,17.03030434056973,16.734958807069017,16.769479751586914,771910
2005-11-17,16.876879617903683,16.953592999713184,16.650575946317986,16.71961784362793,1055660
2005-11-18,17.10702213300368,17.10702213300368,16.80017000020099,16.999624252319336,2005540
2005-11-21,17.03030609326069,17.03030609326069,16.64674065389163,16.692768096923828,810340
2005-11-22,16.646737351246006,16.792491135795345,16.186458622683375,16.22865104675293,1285850
2005-11-23,16.339886520863704,16.493313276148783,15.649469048452811,15.756868362426758,1203550
2005-11-24,16.02536061373003,16.02536061373003,15.423163102765248,15.530562400817871,1045440
2005-11-25,15.530563450568206,15.772208595352057,15.465356572715997,15.511384010314941,1936160
2005-11-28,15.611112962841887,15.998513395131138,15.580427026762836,15.7952241897583,1239140
2005-11-29,15.726181065445434,16.36289955737262,15.549741336363578,16.243993759155273,2006830
2005-11-30,16.263172285434496,16.454954970577894,15.802893548453186,15.883441925048828,1029660
2005-12-01,15.737686316001994,16.029196810160762,15.649466458428764,15.741522789001465,557170
2005-12-02,15.875767590414247,16.109742658371708,15.871932581201971,16.048372268676758,888400
2005-12-05,16.109747791104784,16.247831577709725,15.653305463770433,15.703167915344238,624090
2005-12-06,15.9179641126245,15.9179641126245,15.614947095219566,15.67248249053955,443330
2005-12-07,15.802894402557385,16.408926959508364,15.726181031716719,15.933306694030762,1274520
2005-12-08,16.109747995826083,16.378244088393718,15.730017577836918,16.309202194213867,1853640
2005-12-09,16.41659790407587,16.45495531983014,16.117417377121587,16.366735458374023,1775710
2005-12-12,16.3935852556329,17.41003265150129,16.339884872470318,17.32564926147461,4857920
2005-12-13,17.337156233103812,17.60565230358007,16.9612623197114,17.252771377563477,4898900
2005-12-14,17.53277065657755,18.388121155842466,17.19139775139846,17.306467056274414,3100130
2005-12-15,17.068660535242866,17.709215522927753,17.068660535242866,17.406198501586914,3816880
2005-12-16,17.05715658015984,17.870314950708643,17.05715658015984,17.670862197875977,5969830
2005-12-19,17.72072097113539,18.200177699449732,17.72072097113539,18.13880729675293,3008050
2005-12-20,17.64784297858286,18.326753895560962,17.413869319381323,17.640172958374023,3328800
2005-12-21,17.59798059304601,17.59798059304601,17.03797400875587,17.310306549072266,6698600
2005-12-22,17.306470492926422,17.56346007259413,16.968933993355005,17.0916748046875,5374430
2005-12-23,17.245100674268883,17.337157017494718,16.497147823811513,16.907564163208008,5898370
2005-12-26,16.87687587376605,17.091673002542663,15.956318422649971,16.102073669433594,1953500
2005-12-27,16.109746264953653,16.43194124878016,15.906457077924895,16.105911254882812,831770
2005-12-28,16.113581283727807,16.750301231583045,16.113581283727807,16.581531524658203,1301390
2005-12-29,16.61988704081521,17.199070065859907,16.577694618908748,17.149206161499023,2178910
2005-12-30,16.880710978048967,17.693870600920647,16.880710978048967,17.60181427001953,4427340
2006-01-02,17.64401074836846,17.87414943372492,17.398529093805276,17.762916564941406,1132770
2006-01-03,17.797434477614026,17.958531237241353,17.222086399197874,17.283456802368164,1023800
2006-01-04,17.41387184787138,17.475242260753973,16.915235597116013,17.041812896728516,1095040
2006-01-05,17.39853016021514,17.39853016021514,16.773318026987923,16.819345474243164,1050560
2006-01-06,17.2067474923717,17.2067474923717,16.6735917146896,16.9459228515625,979030
2006-01-09,17.644009175081116,18.395797040941684,17.03414010376283,17.13770294189453,1977470
2006-01-10,17.260443509856028,17.486747161068244,16.880713108837387,16.976604461669922,1050560
2006-01-12,16.97660330880872,17.107015598332254,15.76453674984295,16.63139533996582,1123980
2006-01-13,16.692768773087902,17.09167719735472,16.570027944572896,16.635234832763672,758870
2006-01-16,16.972769160199295,16.972769160199295,15.994677670723297,16.017690658569336,1521250
2006-01-17,16.182623254964152,16.316872019189923,15.802894338773587,15.848921775817871,1283940
2006-01-18,15.726177543218883,16.010016513410317,15.496038944933792,15.63028621673584,3149120
2006-01-19,15.722347980491726,16.10207694552626,15.695497053644102,15.810567855834961,1930930
2006-01-20,15.879607738770888,15.956319646258429,15.242889249597736,15.653304100036621,6440960
2006-01-23,15.649467042366732,15.733851893274931,15.0434345093678,15.392478942871094,4550530
2006-01-24,15.496042764871257,15.626455059563618,15.173847769936362,15.227546691894531,2405660
2006-01-25,15.380974185448062,15.457687569211078,15.19302793157407,15.254398345947266,1308320
2006-01-27,15.20069794268705,16.15961148880079,15.15083402859707,16.010021209716797,4903020
2006-01-30,16.18646103868974,16.263174415431447,15.189190067419474,15.223711013793945,3280440
2006-01-31,15.223709675043876,15.415492368440082,14.997406038308922,15.03959846496582,1719000
2006-02-01,15.18535446424732,15.18535446424732,14.82096703633775,14.890008926391602,1642140
2006-02-02,14.890010373867005,14.890010373867005,14.38753911700391,14.506444931030273,1648840
2006-02-03,14.356856151537212,14.567816874635085,14.199594361971213,14.237950325012207,960300
2006-02-06,14.90534947167888,14.91302095412558,14.272466070089916,14.383700370788574,2133930
2006-02-07,14.540964288851665,14.652198606271618,14.268633205391135,14.337675094604492,829670
2006-02-08,14.483428897331022,14.483428897331022,14.11904293694551,14.161233901977539,812170
2006-02-10,14.161231695625682,14.383700295864164,14.161231695625682,14.299315452575684,1140950
2006-02-13,14.345347076899545,14.613841696301,14.230276282086422,14.5447998046875,956640
2006-02-14,14.283974409291282,14.843979474281783,14.283974409291282,14.732745170593262,1399760
2006-02-15,14.732748938800768,14.897682200059016,14.34534847645056,14.617679595947266,752320
2006-02-16,14.422057371239124,15.208367552714671,14.422057371239124,14.9130220413208,2055060
2006-02-17,14.583161328737395,15.158509612002323,14.422063048566313,14.46809196472168,1107500
2006-02-20,14.498772013802487,14.69055471626862,14.306989311336354,14.610006332397461,1412600
2006-02-21,15.342610968892952,15.342610968892952,14.652193767929848,14.95521068572998,1937120
2006-02-22,15.1124785180263,15.496043947791577,14.95905176084579,15.377138137817383,2061530
2006-02-23,15.350289435374856,16.07139288875536,15.350289435374856,15.82974624633789,10353150
2006-02-24,16.021526271187703,16.33988477916882,15.841250072421568,15.937141418457031,4729390
2006-02-27,16.178788274892657,16.178788274892657,15.591933696135081,15.653304100036621,1207520
2006-02-28,15.653304954976175,16.033033892611098,15.131655761729164,15.733853340148926,2994000
2006-03-01,15.572754042793143,16.217144006526663,15.350286880391664,15.979333877563477,5317390
2006-03-02,16.18645685472985,17.436879158615927,16.18645685472985,17.27194595336914,11647610
2006-03-03,17.26044214845389,18.05058736021889,17.030303505082163,17.816612243652344,7757600
2006-03-06,17.95085959782855,19.024842375561132,17.644007584645788,18.572235107421875,6670720
2006-03-07,18.564564642267253,20.635816778978967,18.564564642267253,19.730602264404297,15987270
2006-03-08,19.79581288653103,20.08348697080377,18.411141393455157,18.660459518432617,11401380
2006-03-09,18.648949020586677,19.73827479655532,18.1810002355255,19.650054931640625,8577080
2006-03-10,19.58868928549916,19.891704885287016,18.9903251811072,19.07854652404785,3391440
2006-03-13,19.101554321594946,19.619368427000612,18.53771424662305,18.717988967895508,2432440
2006-03-14,18.871418101029466,18.871418101029466,18.41497433548507,18.583744049072266,2298030
2006-03-16,18.890594413565164,19.063199122163827,18.19634056928422,18.806209564208984,3647390
2006-03-17,18.83305882427615,19.101554872242943,18.25771077714121,18.29606819152832,2097480
2006-03-20,18.480179529380894,19.005663673339498,18.25771091382738,18.898265838623047,3476210
2006-03-21,19.097726249675862,19.588691075734978,18.79470915900878,19.469783782958984,4971140
2006-03-22,19.565668676943528,19.749781340237202,19.12456938393051,19.557998657226562,5167360
2006-03-23,19.485123051350225,20.09882860151337,19.178271007861632,19.6385498046875,6099490
2006-03-24,19.71525995802073,20.536089588846373,19.600189180238225,20.302114486694336,6784580
2006-03-27,20.417187376377562,22.70707342951536,20.417187376377562,22.369535446166992,11353990
2006-03-28,22.62651903426693,23.397484689241935,22.62651903426693,23.0867977142334,14253680
2006-03-29,23.320776344404187,23.45886012439115,22.710907291585702,23.017759323120117,6540210
2006-03-30,26.849579781574178,26.849579781574178,20.789246352084632,23.708179473876953,4965750
2006-03-31,23.99201119988561,24.011189173829237,21.92843076929017,23.232553482055664,4076140
2006-04-03,23.704336985847956,24.540509518228006,23.51255432178254,24.40242576599121,3654170
2006-04-04,24.62489842436962,24.693940315989686,23.65831486806056,24.179964065551758,6872090
2006-04-05,24.318045937027346,24.578870515268207,23.8961231366091,24.41777229309082,3240490
2006-04-07,24.548187138030887,25.200247188336053,24.233663607379743,24.835861206054688,5188110
2006-04-10,25.698881492370237,28.383839260229813,24.264346269740624,27.589859008789062,10220140
2006-04-12,28.00027159865627,28.073149954324528,26.48518957996251,27.087387084960938,7873340
2006-04-13,27.61670749271782,27.61670749271782,25.70655060353465,26.90711212158203,4963720
2006-04-17,27.43259380886284,28.46054911129983,27.01450896275008,28.188220977783203,4693490
2006-04-18,28.380007817217848,28.537268119280544,27.079718338123925,27.862192153930664,6347620
2006-04-19,28.076986862404546,28.4183627698214,26.082447899464796,27.095060348510742,12610550
2006-04-20,27.23314247606847,28.26493430350211,26.77286518223288,27.493967056274414,11076550
2006-04-21,27.919730396045956,27.919730396045956,25.664366527656437,26.220535278320312,8053780
2006-04-24,26.489024114058623,26.657793817109454,25.69888037045084,26.116968154907227,4914040
2006-04-25,26.31258496346629,26.389299796690864,25.622169022675102,25.817785263061523,2830680
2006-04-26,26.45834486834754,26.83040088037947,25.698884023047814,26.508207321166992,3904440
2006-04-27,26.8303966745099,27.57067796155708,26.8303966745099,27.244647979736328,3450000
2006-04-28,26.46601349484411,26.849578907812862,23.01392477812531,26.477519989013672,4833560
2006-05-02,27.309858125445345,27.954248180945033,24.548188131230717,27.348217010498047,5504500
2006-05-03,27.846845533032564,27.846845533032564,26.515873218662634,27.286840438842773,1997320
2006-05-04,27.616705640494292,27.616705640494292,26.46600957214036,26.66162872314453,1611780
2006-05-05,26.92629202995209,27.156433629173627,26.46601468425301,26.66930389404297,2196850
2006-05-08,26.772864706515932,26.910948477487384,26.013403966172948,26.304914474487305,2608170
2006-05-09,26.54271885840598,26.54271885840598,25.698876328611956,25.7602481842041,1125260
2006-05-10,26.063268831347308,26.235875024269088,25.16189068955096,25.280797958374023,1633730
2006-05-11,25.852308385717993,25.852308385717993,23.627627908899665,24.022701263427734,2573580
2006-05-12,24.022700724307317,24.7706535255426,23.167350082364596,24.07256317138672,2637920
2006-05-15,24.164619724451782,24.164619724451782,22.093366019938717,22.588167190551758,2127970
2006-05-16,23.397492290652814,23.397492290652814,21.330074763342605,22.875843048095703,3632690
2006-05-17,23.781056932099585,24.62489971720592,23.01392606332218,24.49832534790039,8689960
2006-05-18,23.8040677466812,23.857766665178477,19.945399539745157,21.96678924560547,7998320
2006-05-19,22.300488179587923,22.929535090274648,20.25608571985607,20.881296157836914,2091920
2006-05-22,22.23911683644166,22.23911683644166,17.26811069440457,19.945396423339844,3905380
2006-05-23,21.019385038385852,21.096098416172765,18.79470586168119,20.401845932006836,3513250
2006-05-24,21.103766651251163,21.625415784068803,19.945399068243937,20.033618927001953,1396590
2006-05-25,19.945397883389322,19.945397883389322,19.29333650610292,19.68840980529785,762350
2006-05-26,19.753620101214995,22.246795453795528,19.753620101214995,21.506515502929688,7905540
2006-05-29,21.836381956999546,23.320779891248865,21.644599225224166,23.167354583740234,6835010
2006-05-30,23.397487983892635,23.73886239830746,22.78378396631075,23.270912170410156,4726250
2006-05-31,23.39749157708162,23.39749157708162,20.34814607071001,22.26980972290039,1104790
2006-06-01,22.937212610362604,22.937212610362604,21.099933834359014,21.218839645385742,3981650
2006-06-02,21.709797974481752,22.438572716355605,20.029782814340606,21.8670597076416,1486240
2006-06-05,22.860495552510187,22.860495552510187,20.78924342464923,21.00020408630371,809580
2006-06-06,20.048959234197145,20.55910034339915,19.72292783782737,19.945396423339844,784020
2006-06-07,20.328961983853336,20.328961983853336,18.71798734532596,18.879085540771484,1450650
2006-06-08,17.67469609677403,19.17827191237493,15.726182968147445,17.667024612426758,1999450
2006-06-09,18.41113990060599,20.398008865267926,17.26044365681811,19.6117000579834,1667460
2006-06-12,19.79197047829814,19.945397195848145,18.418807355286656,18.848400115966797,798050
2006-06-13,17.874150047697384,18.184838600468147,16.899894880582607,17.03797721862793,989330
2006-06-14,17.256612676421245,18.257717413229106,15.879612457922617,16.17112159729004,1547840
2006-06-15,17.12001237657562,18.734733023728488,17.12001237657562,18.435710906982422,1531540
2006-06-16,18.702840329798832,19.488272399723513,17.94133058150879,18.1805477142334,1262530
2006-06-19,18.419761474815893,19.855066931698154,18.367932073067028,19.60388946533203,3009610
2006-06-20,19.13741635751773,20.094287783755696,18.499503087295885,19.643760681152344,1261370
2006-06-21,19.619834928363986,20.73219742442229,19.14139929900402,20.481019973754883,2084180
2006-06-22,20.652460785540498,21.13089648176141,20.333504161694943,20.692331314086914,1263880
2006-06-23,20.732203310283527,21.68907484065876,19.62382831230809,21.517635345458984,2816530
2006-06-26,22.008030803004935,22.566204577026117,20.891681734057254,21.40998649597168,3468610
2006-06-27,21.92828976089233,22.287116928978108,20.8278889802713,22.059860229492188,2398530
2006-06-28,21.537566178231216,21.601357501314222,21.051156389157622,21.326257705688477,1940670
2006-06-29,21.529593384087566,22.087768635740808,21.254493571705655,21.51364517211914,1889890
2006-06-30,22.326984766919225,23.124377080023482,21.772797352656585,21.948223114013672,3729010
2006-07-03,22.406725531553796,22.64594263024551,21.88044669770785,21.996068954467773,1418130
2006-07-04,22.72568026808791,22.72568026808791,21.816653544054024,22.00005340576172,1460650
2006-07-05,21.820642710730862,22.46653012494769,21.621294611943732,22.147573471069336,3941070
2006-07-06,22.00802384838535,22.75757290219349,21.768805288622833,22.645936965942383,2030770
2006-07-07,23.076534650969684,23.076534650969684,21.48972408337529,22.11966323852539,1784150
2006-07-10,22.32698396046684,22.32698396046684,21.689070741386963,22.12364959716797,687990
2006-07-11,22.725681566212277,22.725681566212277,21.625280812204487,21.828615188598633,510210
2006-07-12,18.347994877123465,22.087764756159974,18.347994877123465,21.868480682373047,1923620
2006-07-13,22.326984654332666,22.326984654332666,21.210635725797058,21.497695922851562,519470
2006-07-14,21.210638048523872,21.358156736910402,20.094288997739522,20.987367630004883,541330
2006-07-17,21.130894336406712,21.130894336406712,20.25376256920506,20.305593490600586,358990
2006-07-18,20.489000024159964,20.57272434444056,19.416506218938675,19.619840621948242,467690
2006-07-19,19.93082293921324,20.732201601135756,19.460361319668895,19.651735305786133,725630
2006-07-20,20.253762372472096,20.716249805827186,19.855066256789947,19.91885757446289,644130
2006-07-21,20.732198586293315,20.732198586293315,19.416501672498015,19.508201599121094,526070
2006-07-24,19.60787570626755,19.60787570626755,18.579238965491868,19.025779724121094,231130
2006-07-25,19.137414357018848,19.456370958788156,18.34799619730043,18.83839225769043,1770770
2006-07-26,18.906172645167462,19.34473936776381,18.38388160839258,18.53139877319336,882700
2006-07-27,18.738721131740643,18.93806922888682,17.745966938754357,18.272247314453125,1544640
2006-07-28,18.34002240417829,18.57126689496106,17.945312557151002,18.03701400756836,681270
2006-07-31,18.738722581963167,19.193236035287196,18.340026356815013,19.073627471923828,1115050
2006-08-01,19.073623036664987,19.320814212923068,18.583226976274986,18.83839225769043,414920
2006-08-02,19.057676315140526,19.84709453652849,18.58322842800127,19.635786056518555,1024740
2006-08-03,19.934807678621773,20.17402476240318,19.1374153714769,19.340749740600586,863470
2006-08-04,19.536112664850123,19.536112664850123,19.13741648801645,19.161338806152344,386570
2006-08-07,19.53611675538764,19.53611675538764,18.742710528164277,18.969968795776367,231790
2006-08-08,19.017806158144914,19.296893759973198,18.98590973695079,19.101531982421875,291880
2006-08-09,19.528135862998457,19.552058177831942,18.818457252893396,19.472318649291992,579950
2006-08-10,19.30088434905719,19.855071862988748,19.249053413530337,19.39657211303711,671430
2006-08-11,19.53611642283378,20.166057233441432,19.077615122915272,19.35670280456543,1303020
2006-08-14,19.59192975266394,19.77532962773957,19.392581665606464,19.643760681152344,613340
2006-08-16,19.926836334443863,22.518361691790627,19.926836334443863,22.251235961914062,3931630
2006-08-17,22.326985465139202,22.55025586731646,21.330245042588345,21.988094329833984,2853090
2006-08-18,22.012018078382273,22.16750936180658,21.908357729734533,22.071823120117188,1116930
2006-08-21,22.32698716727835,22.60208851825457,21.541555167739755,21.952213287353516,840270
2006-08-22,22.713720721968077,23.802161056263216,22.287115952439017,22.626007080078125,1657630
2006-08-23,23.124380218149064,23.463271388846007,22.649932274992274,23.220067977905273,2175870
2006-08-24,23.35562283628817,23.682553580561947,22.729668437621804,23.064573287963867,1481390
2006-08-25,23.523074380282697,23.523074380282697,22.88516110714559,23.124378204345703,1046240
2006-08-28,23.92177027454954,23.92177027454954,22.805421299251602,23.37555694580078,1069100
2006-08-29,23.921772047731153,23.921772047731153,23.13634004547428,23.2758846282959,1193230
2006-08-30,23.39549122761377,23.39549122761377,22.01600285325547,22.183454513549805,1176080
2006-08-31,22.135608519771303,22.59809595301336,21.908351855560422,21.972143173217773,979580
2006-09-01,22.16750692538926,22.311037793053348,21.856524392720548,22.063846588134766,1153370
2006-09-04,22.01600131751254,22.326983819740736,21.85253596109707,22.31502342224121,1520230
2006-09-05,22.008033555915976,22.88516562012999,22.008033555915976,22.71771240234375,2042170
2006-09-06,23.044637464636452,23.044637464636452,22.247245154296746,22.299076080322266,966050
2006-09-07,22.705744443401787,22.705744443401787,20.73618462809544,22.23528289794922,1093290
2006-09-08,22.247244637861165,22.542280455036313,21.888419019080963,21.936262130737305,1450060
2006-09-11,22.247246972479182,22.247246972479182,21.449854596971647,21.780773162841797,626430
2006-09-12,22.319010133325868,22.319010133325868,21.2903748646243,21.940248489379883,532070
2006-09-13,22.323001172825283,22.323001172825283,21.689074146445815,21.701034545898438,654080
2006-09-14,21.984107381469364,22.00802970007775,21.68907305649218,21.748876571655273,284080
2006-09-15,21.693059966399936,21.808682228272534,21.29835006310928,21.561491012573242,355260
2006-09-18,21.728939043116537,21.744887253303006,21.366125626352076,21.374099731445312,430930
2006-09-19,21.449850357000837,21.88044288469463,20.899649300804867,21.13488006591797,538380
2006-09-20,21.282406763397166,21.43789806129698,20.911619120295057,21.043188095092773,406960
2006-09-21,21.134884857959552,21.744891077169527,21.134884857959552,21.437894821166992,815350
2006-09-22,21.529594551776526,22.11169063204803,21.449855008514817,21.984107971191406,1988980
2006-09-25,21.68907363762413,22.446595496323567,21.68907363762413,22.207378387451172,1342280
2006-09-26,21.689072087702506,22.478490315655176,21.689072087702506,21.892406463623047,511030
2006-09-27,21.96815322755893,23.124372458864066,21.96815322755893,22.70574188232422,3513700
2006-09-28,22.725680745442705,23.04463736400474,22.25521916272429,22.426658630371094,2655360
2006-09-29,22.80542101020743,23.678566587541248,22.64594193536965,22.757577896118164,2307640
2006-10-03,23.028684724027688,23.323720490022684,22.733650478937527,23.056594848632812,1875270
2006-10-04,23.507127221675013,23.507127221675013,22.66587800940343,22.917057037353516,1019260
2006-10-05,23.124379240640305,23.35562376308124,22.73365715322088,22.917057037353516,889690
2006-10-06,23.762292585224657,24.87066904021493,23.04862755291602,24.527790069580078,5611530
2006-10-09,24.71119070482212,24.71119070482212,23.846020666455455,23.989551544189453,1178830
2006-10-10,23.92575407406553,24.320463911666195,23.5310457573699,23.65464210510254,998200
2006-10-11,24.711186985011324,24.711186985011324,23.148298820294592,23.291828155517578,763560
2006-10-12,23.578889254452065,24.352360732155383,23.204115433903333,24.208829879760742,2370860
2006-10-13,24.360332916274128,24.55968098112385,23.54300615457127,23.65464210510254,1716300
2006-10-16,23.762288286060024,24.272620356934155,23.762288286060024,24.0054931640625,2124480
2006-10-17,23.132349652096522,24.599551532612143,23.132349652096522,24.364320755004883,3011210
2006-10-18,24.376283145452582,25.309232227057286,24.129091950418648,25.169689178466797,6468750
2006-10-19,25.90727327401578,26.473420991943573,24.32046149696504,25.9830265045166,52920070
2006-10-20,26.70467227567724,26.951861967931837,26.014926525194973,26.238195419311523,7565930
2006-10-23,27.087414558888483,27.087414558888483,26.321915719527173,26.62492561340332,1943990
2006-10-26,26.632904354093004,26.82427680495975,25.600279731546497,26.672773361206055,2792050
2006-10-27,26.87211986725621,27.629643125349666,26.353813679663297,27.490097045898438,4099320
2006-10-30,27.490098123505707,27.51003414758311,26.80832807703935,27.17513084411621,2372190
2006-10-31,27.350554890396545,27.430295944342006,26.481397174157173,27.075456619262695,3050120
2006-11-01,27.115327205080675,27.42232191567835,26.393685073429417,26.589048385620117,4296270
2006-11-02,27.111341606434095,27.302717120876178,25.75577391775027,25.91126823425293,5118340
2006-11-03,26.050807643849346,26.31394858981657,25.8753833883484,25.943161010742188,1998810
2006-11-06,26.130545189174505,27.147221555449992,25.915248910134633,27.047544479370117,5626670
2006-11-07,27.191078034325468,27.33460890128288,25.994989504220644,26.73656463623047,2163560
2006-11-08,26.92793819976561,26.9518589952653,25.779694388627245,26.668785095214844,1990800
2006-11-09,27.908733439580224,27.908733439580224,26.27806747439381,26.684736251831055,1545260
2006-11-10,26.9000271395326,27.071466589213333,26.39368137432697,26.748523712158203,1096690
2006-11-13,27.03160241964487,27.19107845937006,26.48538755397361,27.09539222717285,1280250
2006-11-14,26.712645900633092,27.270821199456215,26.50931302492598,26.700685501098633,1289090
2006-11-15,27.103367244985712,27.103367244985712,25.967080715718332,26.146495819091797,780300
2006-11-16,27.10336401331393,27.10336401331393,25.955117222428367,26.098648071289062,1430020
2006-11-17,26.712646408903726,26.712646408903726,24.878644427997855,25.229496002197266,3133020
2006-11-20,25.516552043490584,25.516552043490584,24.639420262814593,25.034130096435547,2024550
2006-11-21,25.277337726773098,26.63290530993955,25.05406732457357,26.46146583557129,1614900
2006-11-22,27.90873427063982,27.90873427063982,25.604270698982404,25.791658401489258,730290
2006-11-23,26.15447836250235,26.672784802734963,25.994999223829886,26.5133056640625,1185500
2006-11-24,27.49409003276295,27.49409003276295,26.305977040913213,26.405651092529297,1062890
2006-11-27,26.63290603123754,26.864147503779225,26.31394787062697,26.481399536132812,400560
2006-11-28,25.998974502402174,26.393682822888955,25.604266181915396,25.815574645996094,461590
2006-11-29,24.77099331418035,26.852186274445216,24.77099331418035,26.589048385620117,2421500
2006-11-30,26.943890692175827,26.983759704947367,25.919241550712666,26.066757202148438,1648420
2006-12-01,26.71264261284532,26.71264261284532,26.00695175087265,26.19832420349121,795070
2006-12-04,26.114596554366504,26.812314782918282,25.520540171477812,26.35780143737793,1933250
2006-12-05,26.39368349945413,26.872120697038937,26.234207475402705,26.696693420410156,2420070
2006-12-06,26.792381372114935,27.502063108904306,26.573100303988937,26.90800666809082,4180050
2006-12-07,26.716629933506763,27.015652046793583,26.672773113546544,26.83623695373535,969280
2006-12-08,26.872120482940133,26.943885909915565,25.994987148594813,26.174402236938477,1168010
2006-12-11,26.71264270884797,26.71264270884797,24.88262727437576,25.492631912231445,2433220
2006-12-12,25.516553937667425,26.55316333302311,24.838770169517108,25.097923278808594,2969260
2006-12-13,25.277336493680373,25.3172055002794,24.71916127586335,24.966352462768555,465060
2006-12-14,24.96635484526157,25.931200410263543,24.96635484526157,25.707931518554688,867110
2006-12-15,25.907277592133024,27.34258314741288,25.676033091289582,27.035585403442383,2488650
2006-12-18,27.350553050411634,27.430294098992587,26.712639870813895,26.947872161865234,1724410
2006-12-19,27.5100398988322,27.5100398988322,26.186368535517342,26.409637451171875,1458400
2006-12-20,27.821015576332858,28.857624910129893,26.393682695171748,27.84493637084961,7187270
2006-12-21,27.892785173039936,29.296197469563634,27.19506683839728,28.869592666625977,3762860
2006-12-22,29.423779352195265,30.436464974373557,29.10880900442703,30.185287475585938,3859810
2006-12-26,30.69960517295626,30.69960517295626,29.643059711239196,29.786590576171875,4150540
2006-12-27,30.19724288265425,30.19724288265425,29.0450113542496,29.874300003051758,1246150
2006-12-28,30.19725197643577,30.699610084063856,29.70286949691893,30.0896053314209,2551880
2006-12-29,28.917433549970486,31.48105011801992,28.917433549970486,30.835161209106445,5571120
2007-01-02,31.24980441325136,31.831900450914937,30.946797517027814,31.544841766357422,3241400
2007-01-03,31.544841398893254,32.461840745430365,31.098300602877153,32.19072723388672,9784530
2007-01-04,31.895699766643446,32.972178417043274,31.09830727247736,31.269746780395508,4312020
2007-01-05,31.417257948265938,31.768109466459897,30.815225907921658,31.632551193237305,3511840
2007-01-08,30.324828239342203,31.65647496400345,30.324828239342203,31.006601333618164,2264240
2007-01-09,30.85908561198471,32.9203441774118,30.85908561198471,32.54158401489258,5265060
2007-01-10,32.61334544923769,33.17151761145607,31.67640708734939,31.800004959106445,3357600
2007-01-11,32.27046485823431,32.89242983074558,31.465096994116404,32.390071868896484,3299250
2007-01-12,32.693080851503154,33.64995211893352,32.413994792665505,33.17550277709961,4113090
2007-01-15,33.86126671475891,33.86126671475891,32.81269685561525,33.21537780761719,3139730
2007-01-16,33.490473443487204,33.80544373731814,33.135634146776006,33.59413528442383,2047490
2007-01-17,34.28786793879933,35.24473928033716,33.64995472504416,34.698524475097656,8094880
2007-01-18,35.07728973110701,35.07728973110701,33.574203494384314,33.885189056396484,4656420
2007-01-19,33.88518960596663,34.36760856380773,32.93230296323808,33.873226165771484,2249650
2007-01-22,32.85256046380885,34.287865868548906,28.112063902769385,33.693809509277344,3730720
2007-01-23,34.287867097823415,34.479242578161184,31.75614728675312,32.17079162597656,2787540
2007-01-24,33.09178274437916,34.407481347325636,32.37412840789736,34.27192306518555,6032960
2007-01-25,34.590887433334,35.96240046219157,34.44735654027283,35.2208251953125,19954610
2007-01-29,35.412199893074174,35.88266157765362,35.24474820241308,35.3962516784668,3436790
2007-01-31,35.483957716777205,37.07874233326157,35.483957716777205,36.55246353149414,6496630
2007-02-01,37.31796275549426,37.47744183977028,35.3324574337799,37.19038009643555,5230900
2007-02-02,37.47743786487308,37.796395999596086,36.688018154429265,36.82756423950195,2687950
2007-02-05,36.92724402307737,37.15848551283715,35.79893302003145,36.31325149536133,2501620
2007-02-06,36.73586817511498,37.72463610432761,36.520571858871655,36.8315544128418,4025350
2007-02-07,37.477442417893904,37.55718044035668,35.88664544782005,37.13456344604492,3587210
2007-02-08,37.47744226348129,37.47744226348129,36.28135368060423,36.54449462890625,1542510
2007-02-09,36.680053032451625,37.4296008471933,35.0852681179972,35.60755920410156,1893090
2007-02-12,35.88265925633089,35.88265925633089,34.12839530654813,34.455326080322266,3322720
2007-02-13,34.92578149551103,35.531801335886904,33.49047599001526,35.117156982421875,2659750
2007-02-14,35.80292358075833,37.07077774605692,34.54702981597403,35.487953186035156,9083790
2007-02-15,35.65141366208811,37.262146683604776,35.555727425290165,37.0787467956543,4096890
2007-02-19,37.36581313391858,37.95588188203983,35.76704031555137,35.950443267822266,8463440
2007-02-20,35.64344022540236,36.58835129687905,35.487948953639304,36.13383483886719,2541190
2007-02-21,35.962391521586326,36.83553706366737,35.802915494997656,35.99827575683594,4046060
2007-02-22,35.48395726360286,36.711942132647394,35.48395726360286,36.125858306884766,4740960
2007-02-23,36.432851556158795,37.433579702180985,35.98631383374068,36.83952331542969,6421880
2007-02-26,36.991034197482655,39.23170801214055,36.28135542422597,38.93268585205078,9796260
2007-02-27,39.470916568558394,40.25236061237325,37.477435933782715,38.797119140625,30354090
2007-02-28,39.072229394599866,39.303473931255546,36.08200775725804,37.30201721191406,9757550
2007-03-01,37.39770733652041,39.47092650170376,37.1584871666978,38.33863067626953,10098020
2007-03-02,38.649607621223474,40.48759720484643,36.83952664777614,37.61299514770508,13497250
2007-03-05,35.49192952030429,37.385739252507975,33.70178467940761,34.28786849975586,13755830
2007-03-06,34.686573351600934,35.86671387302889,33.17152640227789,34.7503662109375,8512250
2007-03-07,34.92579186139496,35.643446348045906,31.89570088562299,32.93629837036133,6709060
2007-03-08,33.88917339707232,35.67932133485637,31.899680422292246,35.46003723144531,9096180
2007-03-09,35.88265604028118,36.99103092905797,34.69454009077305,36.1019401550293,6422990
2007-03-12,36.400961896231884,37.05880814976261,35.902591678823505,36.25743103027344,2523000
2007-03-13,36.59631760854226,37.676783740201735,36.08598705621114,37.2780876159668,5200020
2007-03-14,37.07874228720088,37.07874228720088,35.56768349994181,36.10592269897461,3363850
2007-03-15,36.668077294359634,37.31795078011174,36.12983821923394,36.373043060302734,4200030
2007-03-16,36.751815471709854,37.07874623078196,34.706505081128206,35.61553192138672,2883110
2007-03-19,35.88265874620605,37.19436963650131,35.57167619042863,37.02293014526367,3050140
2007-03-20,37.85876439573325,37.94480666555014,36.95736338275864,37.15403366088867,3266660
2007-03-21,37.28514738905158,37.543274207165716,36.79347636617661,37.207298278808594,2661720
2007-03-22,37.50640157606452,38.10460248730823,37.44904005895678,37.85057067871094,2948540
2007-03-23,38.432387393438304,39.41572952745379,37.063897817851675,38.60857009887695,6999310
2007-03-26,38.817525826392824,39.21086327725931,38.35863369669936,38.5471076965332,2238020
2007-03-28,38.35043990215007,39.05517071968783,38.10460437011719,38.41189956665039,10339020
2007-03-29,38.79705054905507,39.20267940293424,38.280793654865,38.85441207885742,9829210
2007-03-30,40.15324281384145,40.73505435744218,39.00600605448708,40.399078369140625,10232640
2007-04-02,40.153240128527685,40.26796317159709,38.54711127361901,38.94044876098633,4718110
2007-04-03,39.33379048075626,39.64518386400018,38.522529676664384,39.22726058959961,2268130
2007-04-04,39.7230313164181,39.82136804690978,38.60447835930336,38.85441207885742,2202780
2007-04-05,39.333784249326285,41.4643629791108,38.63724973696513,40.84157943725586,9637370
2007-04-09,41.792147720311696,43.021328535614984,41.136585244010305,41.70200729370117,4228610
2007-04-10,42.20187005737479,44.766761287589226,41.79214316361387,43.64820861816406,16150420
2007-04-11,44.086612524336616,45.15190180796064,43.76292790769509,43.97188949584961,8101870
2007-04-12,43.84078289096811,44.45537330532748,42.636184678513835,43.7916145324707,6239130
2007-04-13,43.8407811656731,45.53705039247308,43.8407811656731,45.38135528564453,6216990
2007-04-16,45.64357167318414,47.90116748987728,45.487873469708056,47.47504806518555,8185870
2007-04-17,47.61027227369208,47.884788591111345,45.47969329752866,45.864837646484375,7867730
2007-04-18,46.21720712880722,47.61027643642414,45.89352242174102,46.983394622802734,5576130
2007-04-19,45.47969336428884,48.70834074083738,45.47969336428884,48.347782135009766,8408920
2007-04-20,48.872233177962585,49.65890822134163,48.34778314904322,48.55264663696289,8231690
2007-04-23,49.14265177625571,49.33112579964653,47.28249103326559,48.5731315612793,6942790
2007-04-24,48.347771495515524,49.01153016173464,47.569289803868706,47.847904205322266,3646670
2007-04-25,47.93805180837821,48.42972288423061,47.29887878457641,47.82742691040039,4856160
2007-04-26,47.93805006990102,48.73292130213916,47.044845251252156,48.237152099609375,7184540
2007-04-27,48.75750707375428,49.167234023953895,46.71706548633403,47.13089370727539,7641840
2007-04-30,47.24560949145717,47.93804897699021,46.872759624917414,47.70860290527344,7209240
2007-05-03,47.93805692347696,50.961840927147506,47.91756932397684,50.744686126708984,12185490
2007-05-04,51.05196513283902,51.13391237881783,49.33111360486549,49.429447174072266,4638490
2007-05-07,50.56029716448562,50.56029716448562,48.77798587763772,49.0729866027832,2458800
2007-05-08,49.16723531112362,49.82279782341154,47.69631702186412,48.073265075683594,3906020
2007-05-09,46.79081371676513,49.32702438998809,46.79081371676513,48.9500732421875,3145330
2007-05-10,49.150841231061115,50.02765659483176,48.450208568943545,48.929588317871094,5047210
2007-05-11,49.11806486197919,49.470430283470606,40.89075021214349,49.14265060424805,3105840
2007-05-14,49.98668184005675,49.98668184005675,49.003336654075106,49.78181838989258,3054790
2007-05-15,49.9047273649643,50.15056282900517,49.183607294605906,49.51138687133789,1514330
2007-05-16,49.57696717529504,50.64225675386792,49.24918432374849,50.195655822753906,4426130
2007-05-17,50.79385501243726,50.80614944860171,49.63432994511289,49.925235748291016,2625600
2007-05-18,49.740848079378935,50.150574994158056,48.75750285871539,49.105770111083984,1582290
2007-05-21,50.18335669413136,50.18335669413136,48.757505575815834,49.167232513427734,3954220
2007-05-22,49.814602369073405,51.215867760775794,49.33112445237295,50.748779296875,9008000
2007-05-23,50.89628070091737,51.78948555013629,49.986686399074344,50.888084411621094,7410810
2007-05-24,51.02739247006244,51.133922347619496,49.84328188703894,50.34724426269531,3811540
2007-05-25,49.65890271179731,50.396412436870584,49.1672316457274,50.25710678100586,1146340
2007-05-28,50.43738643637438,51.912402817042945,50.43738643637438,51.441219329833984,8308960
2007-05-29,51.86323120157476,52.42865319222286,50.80613506056612,52.0844841003418,8245620
2007-05-30,52.281150442524854,52.281150442524854,49.658897726160404,50.420989990234375,6734090
2007-05-31,51.232261532546005,51.232261532546005,49.02793152364194,49.58106231689453,8149760
2007-06-01,50.15057260411317,50.806135011323725,49.59744192071578,49.86376190185547,3467160
2007-06-04,51.10933682569113,51.10933682569113,49.00334063691222,49.388484954833984,1859540
2007-06-05,49.576961770975416,49.82279731985265,48.75750785740557,49.183624267578125,1630300
2007-06-06,49.249185245782286,49.568774938709495,47.13090048483578,47.33985900878906,1498720
2007-06-07,46.544976071582774,48.01999231354049,46.475323247533,47.67582321166992,1786310
2007-06-08,47.85610655009229,48.33958445127531,46.70886989868462,47.56520080566406,2256070
2007-06-11,49.08528591342899,49.904739747536524,47.200539594207,47.34804153442383,1365440
2007-06-12,47.118604781758435,47.85611462873005,44.13169459047678,46.2581787109375,3651000
2007-06-13,46.62692804680141,46.905542497161434,45.315799934414265,45.51247024536133,3518140
2007-06-14,46.356505434768685,48.17569403664052,45.971361113407376,47.68811798095703,4466930
2007-06-15,48.67555954637947,48.72472477636175,47.8561057030126,48.04048156738281,6579110
2007-06-18,48.429725819132976,48.5116730873868,46.80311240039507,47.114505767822266,1184140
2007-06-19,47.19235201324341,49.08529171927893,47.11860103441167,48.82306671142578,2597260
2007-06-20,49.08528900378633,50.06863116585091,48.76160434381882,49.65071105957031,3538640
2007-06-21,50.191552824713746,50.191552824713746,49.175428583938235,49.6671028137207,1732550
2007-06-22,49.658906209726105,50.15058043639751,49.097582276184674,49.43765640258789,5546060
2007-06-25,49.683495317150395,50.21613852465043,49.331129858265236,49.93342590332031,4573630
2007-06-26,49.98258414099412,50.560297413968655,49.49910317353071,49.802303314208984,2547080
2007-06-27,50.00307370481661,50.21613032784551,49.257370835262954,49.613834381103516,3962030
2007-06-28,50.150579713256036,50.150579713256036,48.79028635322643,49.11396789550781,2044000
2007-06-29,49.355702898381296,50.38002016704927,49.29014821869003,50.11369705200195,4062210
2007-07-02,50.23252368029768,50.724197898183796,49.253276515284426,49.564666748046875,1617680
2007-07-03,49.6588985588502,51.29780614331348,49.49501030117838,50.802040100097656,6517900
2007-07-04,50.97003274367798,52.526993263999124,50.482456677282876,52.330326080322266,5361480
2007-07-05,52.2893471379657,52.7728249960783,50.47015873524233,51.50676727294922,3288310
2007-07-06,51.50267815867193,51.91240512294448,50.806143569796056,51.13392639160156,1525850
2007-07-09,51.256838510285675,51.986151948269445,51.256838510285675,51.793582916259766,3797780
2007-07-10,52.363109939738855,54.251951590895466,52.03532710131157,53.64555740356445,9857640
2007-07-11,52.87116474867938,55.059111490600436,52.87116474867938,54.74771499633789,5978580
2007-07-12,54.665763627560395,57.19787918447923,54.665763627560395,56.39890670776367,7200070
2007-07-13,57.19788235177318,61.786822751322646,56.99301888525814,59.13179397583008,14429090
2007-07-16,58.59095854477466,61.205018695853866,58.59095854477466,59.279296875,4513180
2007-07-17,59.65623821816891,60.10693405003693,56.952038219215815,57.28801727294922,3498320
2007-07-18,57.607604051954155,57.607604051954155,55.845777149574914,56.68571853637695,1842200
2007-07-19,56.95203587116404,58.5089992532809,56.788147621230046,57.673152923583984,1706750
2007-07-20,57.771493945852754,59.98401674513211,57.771493945852754,59.13998031616211,4371200
2007-07-23,59.205545135974226,60.385560769754036,58.63602491726968,59.91847229003906,3494690
2007-07-24,60.6354915757176,63.23725387100373,59.492349921941496,60.25853729248047,15688480
2007-07-25,59.81193927731791,61.295155109131535,58.79581817713356,59.5702018737793,2818280
2007-07-26,59.80783615107881,61.500010250337304,59.410400557538985,61.13125228881836,5476720
2007-07-27,61.127157589570885,61.13125260789914,54.50187432580532,59.1645622253418,4498110
2007-07-30,59.08262458444544,60.22166499844329,58.67289763690846,59.49235153198242,2100360
2007-07-31,60.63958065463025,60.63958065463025,59.41449498395113,60.48798370361328,8370520
2007-08-01,60.22165393397369,60.22165393397369,56.7266842137658,57.27162170410156,5363370
2007-08-02,59.00068359375,59.00068359375,55.411477592494336,56.84961700439453,4324220
2007-08-03,57.44371920007934,58.01734070181702,55.51800371639267,55.74335479736328,4697140
2007-08-06,53.264503826987635,55.31313858956408,52.65810968780741,52.9039421081543,4973060
2007-08-07,54.4936810628675,54.4936810628675,52.965395130161056,53.18255615234375,2233920
2007-08-08,53.67422344491149,54.45270204753645,53.14157722904037,53.723388671875,2308250
2007-08-09,54.739522578414885,55.091888002644836,51.633788446311875,52.064002990722656,6749990
2007-08-10,50.076827426272935,51.773096718611825,48.159305209807,51.396148681640625,3065000
2007-08-13,45.07406211460456,52.34261724683973,45.07406211460456,51.62559509277344,2357090
2007-08-14,52.342618690254,53.42839262414975,51.54365237550645,53.00637435913086,2652660
2007-08-16,49.99078365106449,50.97003076459775,49.49910945902617,50.25710678100586,1807850
2007-08-17,49.576959872861316,50.314469617225164,45.90171183702554,46.5777587890625,4385530
2007-08-20,48.34778457535354,49.41307411876926,46.93422771739388,47.208744049072266,7431150
2007-08-21,47.6102687681733,48.675561303786765,43.103272466932616,44.164466857910156,7670900
2007-08-22,46.13525052653593,46.13525052653593,42.52965550926416,44.51683044433594,8825790
2007-08-23,45.09045802022737,45.96317541300448,41.08332842307179,42.52556610107422,17533060
2007-08-24,42.693550503061836,47.503747548245904,42.693550503061836,46.839988708496094,12230730
2007-08-27,47.1022024808309,50.71599349348749,47.1022024808309,50.19154357910156,6897340
2007-08-28,50.80613354756203,51.191277818313,49.687577780322826,49.96209716796875,4122550
2007-08-29,49.16723535507161,51.54365298095419,45.934489880553144,50.822532653808594,9070020
2007-08-30,52.01073997173058,52.36310539839088,50.150579245816736,50.57259750366211,4830080
2007-08-31,50.765165039394894,53.31366380709513,50.69960723298766,52.71136474609375,5926070
2007-09-03,52.44505905540712,54.62480982332783,52.44505905540712,54.079872131347656,3887900
2007-09-04,54.49367649408117,55.63271675071985,54.08394960314823,54.280616760253906,3325650
2007-09-05,54.903413498532714,56.378433078372716,54.616605872435315,55.91543960571289,6050300
2007-09-06,55.23118586160217,56.94384125588704,54.911599388487424,56.53821563720703,4629980
2007-09-07,57.11593174659367,59.24651679180393,56.40710590568729,57.53795623779297,6333700
2007-09-10,56.54232590056097,57.24296182018144,55.23120075325437,55.4852294921875,11796980
2007-09-11,55.73107146491477,56.64066595687916,54.333900814868585,55.02634048461914,6058810
2007-09-12,56.124398385947,56.54232164429513,55.47702902558418,55.845787048339844,4961580
2007-09-13,56.16537128842295,56.29648066195767,55.558977150458475,55.8048095703125,1595580
2007-09-14,56.21453443249871,57.673161326001306,55.7392496857354,55.98508834838867,5024330
2007-09-17,56.62426726752043,57.25525031648952,53.702911905593005,55.74745178222656,2214290
2007-09-18,55.72285777698863,56.87009433454918,55.40327129871669,56.33744812011719,3107050
2007-09-19,57.27982519741899,58.34511144813309,56.87009827362048,57.816566467285156,15304120
2007-09-20,58.58274996218657,59.20553659595259,58.095180206552264,58.93921661376953,5021940
2007-09-21,59.00068843591476,60.06598114456061,59.00068843591476,59.53742980957031,4002640
2007-09-24,60.39374770612408,60.647782657090254,59.389917965962596,60.434722900390625,2861350
2007-09-25,60.63139362906673,66.29382320214283,60.43472643933201,63.17169952392578,10425110
2007-09-26,63.171700356003626,66.86334430565428,63.171700356003626,65.7365951538086,12366980
2007-09-27,66.2938216171975,67.60494660397814,65.654648576888,67.40827941894531,6358860
2007-09-28,67.60494498731907,71.6530491483917,67.60494498731907,69.89531707763672,6958690
2007-10-01,70.59595885146993,70.59595885146993,68.09662180997178,68.87510681152344,1916520
2007-10-03,70.30914631534172,71.90707890126161,69.41593832356666,71.03845977783203,10002660
2007-10-04,70.8008038687244,79.87215645412142,70.14523838074324,74.68501281738281,15034660
2007-10-05,74.82023798109316,75.79948513355184,69.14142225019931,69.73143005371094,4430380
2007-10-08,71.29248255311494,71.29248255311494,63.51176625825887,65.88818359375,3879890
2007-10-09,66.04798355792326,71.29248980549664,64.35580924180509,69.6945571899414,5785620
2007-10-10,70.82130665830186,73.58696360399644,69.98546016918492,72.59132385253906,6670060
2007-10-11,73.7508610142759,74.16058801991078,71.2924989804667,71.73090362548828,3084300
2007-10-12,71.78414811391428,75.20126879209275,70.47302334851516,72.83714294433594,6936510
2007-10-15,74.57030739292873,82.30595446815578,73.9106467312984,80.87191009521484,13843160
2007-10-16,80.96205345111132,85.60835588676379,78.50369158014969,79.8353042602539,11974060
2007-10-17,74.16058735481312,76.78283766658383,65.55632031364695,74.86531829833984,8708960
2007-10-18,76.04531490374616,77.84811075735242,68.01466518800264,69.8707275390625,5923910
2007-10-19,70.47303748292202,72.9313992555821,66.46181327471741,70.64922332763672,4718080
2007-10-22,65.55631461660258,72.08736346059159,65.55631461660258,71.4645767211914,2924500
2007-10-23,72.9314079724142,76.7828393758002,72.9314079724142,76.29116821289062,8623390
2007-10-24,77.84811417602876,85.09208306263703,76.37309477507674,83.24421691894531,8583350
2007-10-25,83.91206720928498,84.81346510494062,78.85193768413366,80.40071105957031,11417940
2007-10-26,81.13411458063536,82.83857356703506,78.25783027243627,78.89700317382812,10276760
2007-10-29,80.71622490624887,82.19124471495564,79.07731678632503,79.58538055419922,5024050
2007-10-30,81.20789455661281,81.53567742478855,76.64763079851572,77.86862182617188,6914050
2007-10-31,69.6617661189438,81.12592250878447,69.6617661189438,78.53644561767578,9239160
2007-11-01,79.07730238069257,80.3064832467137,75.79948673796956,76.60255432128906,4980180
2007-11-02,76.45504986075684,76.78282641273344,74.16057648529878,75.79948425292969,2298140
2007-11-05,75.9633806304943,78.20868901300783,74.57031138021048,74.84892272949219,3177740
2007-11-06,76.20921349026005,78.58563107529001,74.98003262751392,76.03302764892578,7983170
2007-11-07,77.10652048879346,79.06501493074458,75.96747999751435,76.54519653320312,7393380
2007-11-08,75.38975531847016,76.28295702729193,73.83279172998395,74.66454315185547,1620250
2007-11-12,71.70219948479885,73.3329106139683,67.60493094281034,70.9360122680664,2207280
2007-11-13,70.47303574784497,73.83279550404085,69.68225947943452,72.4888916015625,4835850
2007-11-14,72.94367941079311,78.16359610868028,72.94367941079311,76.70087432861328,8636070
2007-11-15,77.84811348642268,80.63425774579775,77.7661693541927,79.45834350585938,11040870
2007-11-16,79.45835987344968,79.89676450975193,77.19256382556982,79.372314453125,5108760
2007-11-19,77.94236431812345,81.12593830474827,77.94236431812345,79.88037109375,2894540
2007-11-20,79.47063979050354,82.26497426176083,77.84402334351721,78.29882049560547,7526230
2007-11-21,79.38050844191721,79.38050844191721,73.58696911553221,74.84892272949219,3115900
2007-11-22,75.06197316581603,76.12726569651507,72.27993003082753,74.1851577758789,4108690
2007-11-23,76.43045241326301,76.6189295362362,74.98411697083549,75.70933532714844,2473270
2007-11-26,76.73365352244157,81.13412269006885,76.38128813748888,80.43348693847656,5930820
2007-11-27,81.15052295921514,84.48570025649973,80.23273854447339,81.17920684814453,14494170
2007-11-28,81.45370451375422,82.6828851465012,77.93005086577179,78.85193634033203,3973470
2007-11-29,81.73232716348241,81.73232716348241,77.86860517113332,78.85604858398438,7543560
2007-11-30,79.48701832104672,83.3384486667559,79.48701832104672,82.76892852783203,9369330
2007-12-03,84.32180844039618,87.84545649600781,84.11694496325816,86.84982299804688,9395310
2007-12-04,87.43571607068087,89.32046227074633,86.718694011168,88.6935806274414,5048180
2007-12-05,90.5496577275008,93.17190775820104,88.11997986723573,92.56551361083984,7604990
2007-12-06,93.61440500462516,97.3511187692786,92.8523126827488,95.60977935791016,13598130
2007-12-07,97.53959488473932,104.79176051314454,97.18722946427982,98.94496154785156,18913470
2007-12-10,99.64559377430038,102.40715568974444,94.41748010182745,99.16621398925781,11089210
2007-12-11,99.97337255731104,100.78873141206181,98.21974176834594,98.70321655273438,7850350
2007-12-12,96.69554988465507,102.43172657272783,95.9047799564431,101.66143798828125,6406240
2007-12-13,103.03814224285138,113.6582651299211,103.03814224285138,109.47905731201172,16253030
2007-12-14,113.79755776334216,113.79755776334216,108.4137522052047,109.40938568115234,3032050
2007-12-17,108.98735358477687,109.39708047795271,93.76190073389748,95.10580444335938,8011160
2007-12-18,95.10580444335938,95.10580444335938,95.10580444335938,95.10580444335938,0
2007-12-19,99.57183925146836,102.43173144280931,97.53549593023038,99.66197967529297,8307470
2007-12-20,100.88705388637428,103.90674542211647,99.31779909281092,100.83379364013672,7640480
2007-12-24,102.80048902578902,103.25119117056235,101.21075271463886,101.67784118652344,3926070
2007-12-26,101.61228062133146,104.89009612524538,99.23586313060649,102.42353820800781,4345170
2007-12-27,103.66090015854351,107.8360180466618,102.59560777471688,106.8649673461914,7531590
2007-12-28,106.52898956129073,108.57762397593093,105.5866227321051,108.15150451660156,3251860
2007-12-31,108.98736694815538,110.33537209307255,107.75818611791303,108.12693786621094,2625270
2008-01-01,108.98737162515077,111.6915720685046,107.38123643633848,108.11054992675781,3735990
2008-01-02,108.82348559101689,109.80682781696099,105.40636416613316,106.8567886352539,2866040
2008-01-03,103.00535139852913,110.62217380016472,103.00535139852913,109.99120330810547,5349410
2008-01-04,109.80683304297551,111.9210258065068,108.98737906504286,109.388916015625,6225380
2008-01-07,107.7581982741823,109.78225060329257,105.1851132794253,106.45935821533203,10819290
2008-01-08,110.19195201430917,110.54431114174328,101.89088112995987,103.35770416259766,10707000
2008-01-09,104.84501270058622,104.84501270058622,99.64557751236788,100.38308715820312,6480050
2008-01-10,100.79692486383661,103.90675717028346,97.18723142945265,98.70732116699219,3830700
2008-01-11,99.15392175911744,99.89962780798771,96.6955600626104,98.42870330810547,2913550
2008-01-14,98.74418361383037,101.61227193456403,97.51500290494451,100.79691314697266,3666430
2008-01-15,101.20256069609762,101.79256852799618,97.6789062844464,99.24816131591797,4136930
2008-01-16,98.32627446804693,98.32627446804693,92.43440501312496,93.8356704711914,5933710
2008-01-17,95.05664559930695,97.08069758780896,93.08995512962362,94.83539581298828,4479300
2008-01-18,94.83539620982349,95.7122115736845,88.3371269704637,90.02519989013672,6286590
2008-01-21,86.49746855249012,86.49746855249012,66.8674461796429,79.55259704589844,12111950
2008-01-22,73.83278519130273,77.82352739728314,64.09358140346838,72.62409210205078,8025110
2008-01-23,76.20921594590415,81.83886672937967,76.20921594590415,79.26168060302734,5662160
2008-01-24,83.09261477641202,83.09261477641202,70.63691353416965,71.34164428710938,6749380
2008-01-25,73.75085133611898,80.9620481897588,73.75085133611898,79.99099731445312,7590140
2008-01-28,73.75085095851676,78.66757435575121,71.74319140542087,77.52853393554688,5243010
2008-01-29,79.89675999929655,81.8634507265898,78.91341776161866,80.3433609008789,2581540
2008-01-30,80.4949629029447,86.2885019817412,80.14259746030487,82.49852752685547,18780970
2008-01-31,84.97735359360514,84.97735359360514,78.04068041961719,79.45014190673828,8754760
2008-02-01,81.12593256037178,85.96890789899638,80.40072039190844,84.79708862304688,10333420
2008-02-04,86.04265599494107,95.35984870909053,85.63292906163183,94.39698791503906,12662530
2008-02-05,93.41774002140379,97.84279211491028,90.95937844189316,96.13423156738281,7896930
2008-02-06,93.41774046880353,94.65101628306724,90.57833583179983,92.9875259399414,1799870
2008-02-07,93.00801356061172,95.82693685328881,90.5824308734925,92.74578857421875,5314400
2008-02-08,92.76216451393968,93.4505089336069,89.05823621438074,90.52095794677734,6151200
2008-02-11,89.60727407412476,91.68049124090238,86.94404915592938,89.5130386352539,10676790
2008-02-12,91.61495035794538,93.81518212294712,89.22624144131173,92.32377624511719,14483100
2008-02-13,95.05664421521331,95.05664421521331,88.33712531456769,90.78319549560547,9336960
2008-02-14,94.56499467595467,94.96652539316356,92.3278824619148,93.39727020263672,4983590
2008-02-15,90.54965484665033,98.21154746790256,90.54965484665033,97.33473205566406,5200150
2008-02-18,97.54779463809878,98.2279428869418,92.18856529221236,93.87254333496094,2198650
2008-02-19,94.07331180306748,98.33446965396439,94.05691922370698,95.6507568359375,7793420
2008-02-20,95.05665738456285,95.46638435604804,89.96784914894936,90.99626159667969,3094870
2008-02-21,92.18856837245198,94.81491975410547,92.18856837245198,94.19622802734375,3927850
2008-02-22,93.82748166752343,94.62235303654525,90.1399387198915,91.37321472167969,1867070
2008-02-25,92.1885530867167,92.8687012455101,89.15657650819479,91.28715515136719,2786830
2008-02-26,93.86025793533477,93.86025793533477,88.99269938085139,89.61548614501953,3926630
2008-02-27,90.71352943005601,91.77882182703713,86.14917220177098,87.20626831054688,7557700
2008-02-28,88.09129593149436,89.16477856036522,84.15791463563879,88.3617172241211,6247580
2008-02-29,85.94433387640824,87.80449797063353,83.43680661931532,86.829345703125,8264350
2008-03-03,82.78532617692083,85.71077616181219,82.42476448347581,83.19505310058594,2345720
2008-03-04,82.76483707028217,83.9694352041892,79.67959389153005,82.59684753417969,2748950
2008-03-05,81.9453835945277,84.01040451025769,80.31057094111969,80.67932891845703,3707230
2008-03-07,80.67933380872846,84.71104542549132,75.85684594133951,77.04505157470703,6591310
2008-03-10,75.79948739956059,77.8481221941433,74.27530261223606,75.93060302734375,5720390
2008-03-11,75.38974228962711,77.75796304183119,74.54980097568705,75.13980865478516,5905770
2008-03-12,77.02865973558418,78.83145565415302,75.79947899512273,76.97129821777344,5639660
2008-03-13,75.42253336151583,76.20920830996695,72.35777770260353,73.34521484375,5801930
2008-03-14,73.34112960466393,77.27040985229237,73.34112960466393,76.5083236694336,5001140
2008-03-17,73.7590294611548,75.38974057745118,72.52165262070032,72.99283599853516,19543550
2008-03-18,70.55498305176172,75.63560123583156,70.55498305176172,72.97647094726562,1854000
2008-03-19,75.79129527881659,77.00408989477293,72.14472764465111,73.62793731689453,3989250
2008-03-24,77.30727777183405,77.30727777183405,60.47570020090175,64.64261627197266,10836010
2008-03-25,66.37577367798676,71.29249765413392,64.7368656859377,69.64539337158203,6655580
2008-03-26,70.06331350507064,70.63692877568216,67.30584643122458,68.6743392944336,3677610
2008-03-27,68.6702406123609,69.54705605177503,65.23672670616169,66.47000885009766,5393120
2008-03-28,65.65874192833046,69.5552428647684,65.43339086165238,66.98625946044922,6092030
2008-03-31,65.55629441808244,70.0632896593256,65.55629441808244,67.1378402709961,5753170
2008-04-01,68.42441383190928,69.65359491871004,66.46182411417024,67.8876724243164,6040920
2008-04-02,69.48147958346242,70.05919593918614,63.188074952689064,64.47461700439453,7179420
2008-04-03,64.32712946716002,64.57296813150356,57.4519119261752,63.20447540283203,33247650
2008-04-04,63.102048134777924,65.19165817380315,60.77070693686727,61.88515853881836,10787860
2008-04-07,63.82727334210514,63.82727334210514,60.729738135922176,62.27030944824219,7546850
2008-04-08,62.278480745704016,63.26182267775671,59.410392816625546,60.475685119628906,4300620
2008-04-09,60.88541555232094,61.86875754228489,58.42705432547519,59.48004913330078,8746380
2008-04-10,60.47570483976833,60.52487007682229,58.4270699366859,59.39812088012695,11439060
2008-04-11,59.398120721787556,60.64778925972407,56.9520501538727,58.63602828979492,13521920
2008-04-15,58.58275367258615,61.70487707570222,57.48468852038956,61.13535690307617,8115720
2008-04-16,64.15504241012451,64.15504241012451,61.29515023560581,63.44621658325195,4520110
2008-04-17,64.73684723150106,67.1706259062103,63.69204243402317,66.5642318725586,6887640
2008-04-21,67.29354766378593,68.9980068000302,67.03951273689623,68.21952819824219,2659150
2008-04-22,68.21953795040541,72.52167097430485,67.44105923733181,71.94395446777344,5958140
2008-04-23,73.75083542254198,73.75083542254198,68.45306382701611,69.8871078491211,3494320
2008-04-24,70.14526560117227,76.78284217201868,70.14526560117227,73.0174560546875,11475730
2008-04-25,72.76749332516091,73.58694705066075,70.47302039298702,72.38644409179688,3956300
2008-04-28,73.75081782655852,73.75081782655852,70.55494780368745,71.30474853515625,1794280
2008-04-29,70.9647111729537,72.81667885971734,69.16191497475236,71.11221313476562,4606480
2008-04-30,72.01359699205558,72.35777233617571,70.47302611375429,71.72269439697266,4629120
2008-05-02,72.27581544705153,75.74210742601326,72.19387132561575,75.07425689697266,6413130
2008-05-05,75.7994802371481,76.20920715734891,72.5216648755417,73.6729965209961,5575150
2008-05-06,73.67299543881423,73.75084455281872,70.96470028599158,72.04637908935547,9630700
2008-05-07,71.70631298602456,74.32446800914663,71.47277186993902,71.7923583984375,7401820
2008-05-08,71.70221765437475,72.8494543872322,70.06330982227476,72.45201873779297,7338710
2008-05-09,72.43970868210012,74.07861609005742,71.70219909813221,73.68937683105469,11641300
2008-05-12,76.11906876963249,77.43019369893788,71.32116365496712,76.03712463378906,5803500
2008-05-13,77.68421355431276,79.81479193197629,76.61892123951321,78.63887786865234,9507570
2008-05-14,76.6680934582771,85.63291978895577,76.6680934582771,81.74871063232422,20138240
2008-05-15,85.9607224577064,85.9607224577064,81.20788694451524,84.71514892578125,8723520
2008-05-16,85.22321272711591,92.1066273131551,84.0022280645488,90.89793395996094,13314350
2008-05-20,90.95938770011003,94.941934364432,89.32047981362156,93.82747650146484,13692660
2008-05-21,93.99340258096265,94.48286208506623,91.67882471520021,93.79844665527344,9164930
2008-05-22,93.74451528284187,93.74451528284187,87.65941852378012,89.46794128417969,8967470
2008-05-23,89.18170809077489,91.25570130218827,86.69291623707885,89.24807739257812,8040130
2008-05-26,89.18171264382444,90.42610863420339,86.78417687537369,89.5218505859375,6474510
2008-05-27,90.01131926506154,93.27993509601583,89.59652055877095,91.44652557373047,7327040
2008-05-28,92.05214342265776,93.40853718962293,88.6051666138203,92.27613830566406,11428410
2008-05-29,93.08083513639819,97.80954459093111,92.91491817139416,95.63185119628906,14358670
2008-05-30,97.89249243854279,99.96648592241023,93.87309205411557,97.58969116210938,32362350
2008-06-02,96.5651376322635,98.54787489151617,94.17589309407896,95.10089874267578,12009260
2008-06-03,94.15930120537244,96.8969750496818,91.56266372381675,95.94708251953125,8476900
2008-06-04,95.90145017085487,97.76804416508169,88.8706140584656,91.43406677246094,13758940
2008-06-05,91.17275735070535,93.90213361085344,89.48037786131295,92.8609848022461,9290370
2008-06-06,93.76939522771619,94.32107827069873,89.27297873717278,89.89932250976562,3955350
2008-06-09,86.72196723945096,91.00683224026743,86.72196723945096,90.3763427734375,6253870
2008-06-10,89.59652430895348,93.31726936646305,88.76692686164834,91.861328125,6415370
2008-06-11,92.83193462452329,93.41265017457228,87.97879192123587,89.28955078125,12638800
2008-06-12,91.06488835789756,91.06488835789756,81.41252247485048,82.70255279541016,20983700
2008-06-13,83.20862798702436,83.78519797005698,78.23104321402573,78.60850524902344,11578410
2008-06-16,90.81603315013432,90.81603315013432,78.47991688707187,82.42880249023438,7433810
2008-06-17,82.13013756578465,84.1792440308756,81.38349868568515,82.36656951904297,3923810
2008-06-18,82.95971517338799,84.934154115958,81.58258086343425,81.9019775390625,5475180
2008-06-19,81.7153430415025,83.54045477059762,80.91477826766375,82.59056854248047,5414080
2008-06-20,82.95974757603624,84.11288756099702,81.466469587937,82.46199035644531,8082960
2008-06-23,82.13014624869463,82.46198648930206,78.39695778284488,79.27632904052734,8018180
2008-06-24,79.27632295233448,81.14706907954447,78.09414416387285,79.8363037109375,7077380
2008-06-25,78.30983935934788,83.95524281463898,77.19402999694377,83.41185760498047,7256970
2008-06-26,83.79764066857159,86.85055955493547,83.78934292181351,85.65593719482422,9529060
2008-06-27,82.95974475247398,83.62342524222427,80.1017817989243,81.42084503173828,9147190
2008-06-30,81.71535982855126,82.78554144267792,74.00009997290644,74.71355438232422,7847840
2008-07-01,74.66377761144777,76.07409087904438,63.4642109697306,64.36846923828125,13279080
2008-07-02,63.472494327579184,67.52922481843287,62.385717507005666,66.37193298339844,17913670
2008-07-03,66.04009637015979,66.04009637015979,58.08010920144065,60.86341094970703,12777440
2008-07-04,60.253653999390515,62.95814316615089,59.09636846668758,62.456233978271484,7661210
2008-07-07,60.64356745204399,68.19290237404441,60.64356745204399,66.43000793457031,14109770
2008-07-08,66.36779367611335,69.47878400468116,63.05770173872848,68.90221405029297,8411800
2008-07-09,71.34537488485357,72.86353961365083,69.72766252093892,71.32048797607422,4677180
2008-07-10,67.63292759701379,71.9260902362622,67.63292759701379,68.83169555664062,5303780
2008-07-11,69.27552558704504,69.43729681981648,65.62944795796923,66.44660186767578,8848820
2008-07-14,66.36779116539515,68.6823686418074,63.48494150251345,66.26409149169922,4657740
2008-07-15,66.32630225505687,66.6083686310778,58.22528504729439,60.593788146972656,9641320
2008-07-16,60.74725817030342,62.634593204926084,58.3289813949916,59.32864761352539,7271440
2008-07-17,62.21980198040175,63.00791694042328,57.574058031730196,61.51879119873047,10529930
2008-07-18,62.9664460495798,62.9664460495798,59.83471449308847,60.514984130859375,9205380
2008-07-21,61.80501255542377,62.99963495771846,58.37463151634185,59.84300994873047,8062820
2008-07-22,59.81395493686752,61.78840026034652,59.81395493686752,60.469337463378906,5310630
2008-07-23,62.30274799120941,65.32663330716278,61.71373474310485,64.11956787109375,7836410
2008-07-24,64.70859442642362,66.4507476258853,64.70859442642362,66.16453552246094,7473050
2008-07-25,64.30623902069597,67.02731735585523,64.17765244225484,64.79985046386719,3116120
2008-07-28,64.71690370057033,65.70412043617112,63.970264673706104,64.42239379882812,1468880
2008-07-29,63.46419999649177,64.29379738206683,62.06217838948568,62.423057556152344,1911030
2008-07-30,64.29380165873935,64.29380165873935,61.80915504511194,62.17832565307617,5852650
2008-07-31,62.63460371321017,63.85411290415951,60.311728460989904,61.1122932434082,20812550
2008-08-01,60.97125922392127,66.7659971921813,59.06732850452976,66.19357299804688,13875520
2008-08-04,66.21845140576325,73.15388483454353,65.45522346443758,72.34917449951172,11074410
2008-08-05,72.3491863673261,72.58977036577174,68.44178348772763,69.31700897216797,6789790
2008-08-06,70.10098592114242,71.3329386652743,64.72104584439859,65.16902923583984,11043140
2008-08-07,65.1690328726904,67.94403756576311,64.37676572890958,65.26443481445312,5683200
2008-08-08,65.29761695288951,67.00658573791746,64.79156198326594,65.91981506347656,3262230
2008-08-11,67.52921833500221,67.52921833500221,66.36778090332899,66.88213348388672,3402390
2008-08-12,67.18081811811669,68.027004906439,63.87901680238785,64.29381561279297,4635430
2008-08-13,63.87900917827247,65.12340546096608,63.15311134670119,63.57205581665039,7226970
2008-08-14,63.46419809434328,64.66711173564309,63.05769715980636,63.970252990722656,4217290
2008-08-18,64.37676195280008,65.4552411879361,63.04940727601246,64.02003479003906,5315000
2008-08-19,64.29378977460992,65.08190466592353,62.75903605875843,63.89558029174805,4555660
2008-08-20,63.89559581424908,64.9574859167431,63.23606732956989,63.69234848022461,2643160
2008-08-21,63.75455530128643,64.02002620102803,62.51431130953176,62.78392791748047,2993050
2008-08-22,62.21980358421076,63.75870951109689,59.025854932753084,63.310726165771484,3481750
2008-08-25,64.29379691394531,65.34738280105117,62.65119131756314,63.0037727355957,1955240
2008-08-26,62.71755547308419,63.61352208839294,62.21979835213217,62.24053955078125,9949110
2008-08-27,63.0245152713321,63.0245152713321,61.36532047710701,61.48976135253906,3422050
2008-08-28,64.60075868407121,64.60075868407121,61.236740616279455,62.14099884033203,9819820
2008-08-29,62.800507544213616,64.62147953339947,61.84647579674412,63.381229400634766,4871590
2008-09-01,62.96641855974178,63.713057184822375,61.72202296104856,62.3276252746582,2134260
2008-09-02,62.385722642357706,64.29379921531684,61.84648938981902,63.02037048339844,2899250
2008-09-04,62.6677929854644,62.71756680775746,60.560614674265324,60.6767578125,5926340
2008-09-05,60.64355778788183,60.64355778788183,58.0759532831058,58.9470329284668,8671060
2008-09-08,60.94637996674824,61.3902113113305,58.56957871494466,59.44065856933594,4104370
2008-09-09,59.31621092122562,59.48212786060373,58.503202727891605,59.32450866699219,1623200
2008-09-10,58.901415473346674,59.233255699625076,54.35937096855589,54.85712814331055,8411420
2008-09-11,54.70366163411271,56.30478507571231,52.720920934168866,55.305118560791016,7739740
2008-09-12,55.99782241592429,56.31306713763449,54.027528664252884,54.624839782714844,3285450
2008-09-15,53.757921209543184,54.33863693513455,51.43504564852431,53.9653205871582,3194000
2008-09-16,52.26463244085847,54.9608237969345,51.269114999528625,53.612728118896484,6071160
2008-09-17,53.09424450453622,55.2097208407447,52.26464693415284,53.25601577758789,7896340
2008-09-18,52.26464003225153,52.26464003225153,49.15779842755115,49.64311218261719,6372280
2008-09-19,51.4350380406785,51.4350380406785,47.87191877931807,49.2739372253418,12953030
2008-09-22,49.77584323602616,50.763062987595376,48.68077493800662,49.41497039794922,15705540
2008-09-23,48.780323674213854,49.609921026376206,47.05476282734079,47.56081771850586,9253110
2008-09-24,48.03368825854637,49.31126578377795,46.38278812489551,48.15398025512695,8122750
2008-09-25,48.15397804738861,48.94624184174483,47.316082982632416,48.170570373535156,12857580
2008-09-26,48.531449529201765,48.531449529201765,46.95521315042231,47.63548278808594,5039250
2008-09-29,47.70184938996482,48.11664808031234,41.81170925289518,42.01081085205078,6405800
2008-09-30,41.47987415134642,41.47987415134642,37.83794170720432,40.036373138427734,6915190
2008-10-01,41.01530498357981,41.01530498357981,37.16597255282924,37.825504302978516,10233190
2008-10-03,37.74668219706148,37.74668219706148,33.90149958987847,34.10060119628906,10468590
2008-10-06,32.520219967061585,33.515737518385905,28.305863493498443,28.83680534362793,9157710
2008-10-07,27.795661279237308,30.172456015795603,25.21976019543354,25.779739379882812,22483000
2008-10-08,24.473126634556813,25.369091885342236,20.536685738975887,24.340391159057617,28965710
2008-10-10,21.673233228157954,25.71752076834054,20.325137381430427,24.796667098999023,10493610
2008-10-13,24.88792527588862,28.35564311750217,24.88792527588862,27.932546615600586,6306870
2008-10-14,29.118865942351142,29.616626254964466,24.995767650884037,26.020320892333984,9935730
2008-10-15,25.302722788274828,25.302722788274828,22.606531015753742,23.062808990478516,11869020
2008-10-16,21.735456850856117,22.399134270379083,20.325140356455094,21.594425201416016,10861420
2008-10-17,22.419871538963363,23.06280926830492,19.686347784138523,20.283658981323242,10983950
2008-10-20,21.569536704809487,22.730972980140564,20.557428244454023,21.594425201416016,50802830
2008-10-21,22.64801301033731,22.813933157140134,21.61101604864912,22.24151039123535,4937030
2008-10-22,21.569533467404906,21.976036023641598,20.31684114153353,20.731639862060547,5252690
2008-10-23,19.528727994343285,19.90619483384716,18.466842511340413,19.006080627441406,6195640
2008-10-24,18.91482199622789,18.91482199622789,16.674909739542066,16.977712631225586,6374350
2008-10-27,16.177149704224878,18.118407795318383,14.186116210940424,17.151926040649414,5591820
2008-10-29,19.16369871877928,19.860560605449894,18.29262056927534,19.04755401611328,3493000
2008-10-31,19.470649308135073,28.123351536702387,19.16369917358549,25.468639373779297,15487240
2008-11-03,26.430974893238265,26.96191674745749,24.39016437200293,25.862699508666992,13183540
2008-11-04,26.13232103123649,29.201832388473115,25.05384492319748,28.894882202148438,13903070
2008-11-05,29.450712163365655,32.18838336533739,27.00754770326797,28.040395736694336,15042270
2008-11-06,26.530528378897042,26.77940700261217,24.55608697238369,24.94599723815918,8956410
2008-11-07,24.473125547489,24.722004157412176,22.685343999000256,23.65597152709961,11861260
2008-11-10,24.290616384832845,26.17380158596596,23.90485340462387,25.7175235748291,9674850
2008-11-11,26.13231873282803,26.13231873282803,24.149581405159537,24.40260887145996,9648620
2008-11-12,24.058324704696204,25.26953615444801,23.411238160240906,24.30720329284668,7676850
2008-11-14,24.88792156693381,25.30272025971604,22.52356870160881,22.789039611816406,7492310
2008-11-17,22.813936060997992,23.485909734650793,20.515950121639605,21.117408752441406,5634910
2008-11-18,20.656976385234696,21.154735176440795,19.673903840676466,20.05137062072754,5740140
2008-11-19,19.91033861358477,20.864375355686064,19.412579831778842,19.777603149414062,6395450
2008-11-20,19.777603149414062,19.777603149414062,19.777603149414062,19.777603149414062,0
2008-11-21,17.761680935489252,18.66594226514269,16.30158926175831,16.998451232910156,12653910
2008-11-24,16.64172113259631,17.24732835462089,15.264589762892808,15.642056465148926,13604530
2008-11-25,16.177152224172225,16.508990927688895,15.438810911056166,15.683542251586914,9762000
2008-11-26,15.845312203183308,16.4260294904703,15.223114092448348,16.065155029296875,9576770
2008-11-27,16.065155029296875,16.065155029296875,16.065155029296875,16.065155029296875,0
2008-11-28,15.762351311204576,16.15226153715818,15.264592532279176,15.60887622833252,7752450
2008-12-01,15.928269405067734,16.251811858155705,14.60920952078878,15.019859313964844,8791980
2008-12-02,14.76683722893427,14.76683722893427,13.945535762451831,14.538698196411133,4701230
2008-12-03,14.779277724084448,15.671093955550539,14.725353451490978,15.235555648803711,6544630
2008-12-04,15.34755233877923,18.81526982309266,15.264592279941148,18.188922882080078,13806580
2008-12-05,17.836345541379885,18.790382312010628,17.288811339719402,17.670425415039062,11304900
2008-12-08,18.30921101426535,19.234213338442828,18.097664412203947,18.383874893188477,8691990
2008-12-10,18.425358899441854,20.491057975406164,18.41706431726107,20.009891510009766,12094080
2008-12-11,20.32514116884456,20.943192076123193,19.333772291537276,19.90204620361328,7419820
2008-12-12,19.080740298652156,19.408431653105954,18.00641159680435,18.802825927734375,9145560
2008-12-15,18.251141341780816,20.47446244931622,17.346880121442442,19.989147186279297,8938200
2008-12-16,20.491057602426668,20.723343875218614,19.512132360427586,20.150922775268555,9885650
2008-12-17,20.076258233077247,20.939038728618186,18.665941983605556,18.798677444458008,6892200
2008-12-18,19.0807448962862,19.238368884134527,17.940048190529957,18.935565948486328,7222660
2008-12-19,18.665941983605556,20.192401365740263,18.665941983605556,18.798677444458008,9357550
2008-12-22,18.831862662073927,19.993298770312368,18.41706393896509,18.699127197265625,8426500
2008-12-23,18.50002149839352,19.24666042875168,18.259439073758145,18.732309341430664,6649440
2008-12-24,18.732311168625714,18.732311168625714,17.836345947132774,18.305068969726562,6368040
2008-12-26,18.582980142322363,19.03925962977179,17.23903333453339,17.537687301635742,5623980
2008-12-29,17.753385757332588,18.831863430840837,16.8657167068157,18.139148712158203,7449380
2008-12-30,18.417061321010152,19.271545556458637,18.25943738558194,18.495872497558594,6930960
2008-12-31,18.500021499468946,19.62412718587065,18.417063024830085,19.010225296020508,11593740
2009-01-02,19.9103374666063,20.445428165780896,19.495538769385337,19.649015426635742,12982180
2009-01-05,20.08040617552419,20.491057608714115,19.843971029313234,20.358322143554688,12397230
2009-01-06,20.32513615604296,21.378725226340247,20.246324973240483,20.934890747070312,12891820
2009-01-07,21.154734870139578,21.88892879963009,19.12636936811689,19.79004669189453,14665290
2009-01-09,19.08903488677304,20.582309458291082,17.42154405192346,18.591276168823242,9741860
2009-01-12,18.251145094827343,18.981190202394504,17.475471871350045,17.88612174987793,6396200
2009-01-13,17.836344832329807,18.23455122091993,17.135335570186893,17.483766555786133,6830600
2009-01-14,17.99396390400044,18.64934487621587,17.769972277839138,18.16817855834961,4317000
2009-01-15,18.00226351783451,18.00226351783451,16.77031092005623,17.43813705444336,3953900
2009-01-16,17.50450553150679,17.91100806936966,17.288810016702346,17.570873260498047,6758100
2009-01-19,17.421541304740863,17.91100378227007,17.305398202388538,17.433984756469727,5498750
2009-01-20,15.762352250045284,17.42154722373426,15.762352250045284,17.060672760009766,2886820
2009-01-21,16.67490777236472,17.12288953791979,16.426027607206176,16.68735122680664,2880080
2009-01-22,17.255627199901387,17.255627199901387,15.903383984227332,16.243518829345703,4842890
2009-01-23,15.770644622302283,16.17714710322143,15.372438304136333,15.484434127807617,2988870
2009-01-27,16.34306609738908,16.34306609738908,15.513468865690774,16.08588981628418,2101700
2009-01-28,16.094190867994836,17.413250993720194,14.808315401138065,16.977712631225586,19257260
2009-01-29,17.51280122398713,18.101814605137164,16.18544509756226,17.21414566040039,11162270
2009-01-30,16.952824495850773,17.711905315869974,16.674908536045404,17.512802124023438,11584720
2009-02-02,17.089707128614315,17.338585721101342,15.85360716557659,16.322328567504883,3347760
2009-02-03,16.405289195337886,16.840827538476994,15.534212509059666,15.737462997436523,5744020
2009-02-04,15.928270697416854,17.20584986936,15.82042214941629,16.533876419067383,9124900
2009-02-05,16.67490963808394,17.131187618429383,16.052711529068354,16.206188201904297,7147200
2009-02-06,16.508985892683416,17.711902606182104,16.508985892683416,17.450580596923828,9351840
2009-02-09,17.836345797112827,18.997781951156174,17.616502971541042,18.62446403503418,11518260
2009-02-10,18.765492938782412,19.072443075212025,18.284326534317806,18.616165161132812,8007420
2009-02-11,17.927598448873905,18.495872165498678,17.815602621685436,18.234548568725586,5633530
2009-02-12,18.15158841749071,18.95214994694451,17.75338208908825,18.694976806640625,5839300
2009-02-13,18.91482009437235,19.89789415303067,18.91482009437235,19.259103775024414,9240170
2009-02-16,19.412582538010184,19.570206517060967,17.599912317087387,17.823904037475586,4622810
2009-02-17,16.94452640377822,18.06863209275128,16.94452640377822,17.653833389282227,4680580
2009-02-18,17.438141339635468,17.89441937120949,17.06067450774589,17.309553146362305,5480110
2009-02-19,17.919302776000325,18.002262826075548,17.18925623413598,17.31784439086914,4229920
2009-02-20,16.923790737981033,17.139486304044986,16.260113290347206,16.351367950439453,5630110
2009-02-24,15.845311828667443,16.05271119401039,14.93275430469216,15.272889137268066,7340890
2009-02-25,15.347550392150879,17.38835903612867,15.18992645858413,15.347550392150879,6472900
2009-02-26,15.513469165191463,15.513469165191463,15.069634764250761,15.314364433288574,9934600
2009-02-27,15.463694074635203,15.80382886104238,14.932752277771584,15.613021850585938,10699670
2009-03-02,15.156744740241457,15.3475517607507,14.132193036522677,14.26492691040039,10236050
2009-03-03,14.10315676270827,14.542843984361483,14.04508519391723,14.152932167053223,5870160
2009-03-04,14.194414293499364,14.92445942618602,14.186118128291005,14.754393577575684,11895910
2009-03-05,14.932752888293914,15.264591524900824,14.576025760567196,14.708761215209961,9876890
2009-03-06,14.576022829900692,14.683871354070975,14.111448832058626,14.468175888061523,6321750
2009-03-09,14.43499407653607,14.43499407653607,13.373110444225711,13.547325134277344,10318990
2009-03-12,13.696653952708159,14.007752993353868,13.281855231847215,13.733985900878906,4172150
2009-03-13,14.103155113245604,15.173336466652131,13.953827335344098,15.044748306274414,8238630
2009-03-16,15.264589509972764,15.720868959618317,14.70461198351143,15.3765869140625,9758040
2009-03-17,15.476141737489996,15.82872003762282,15.223114249999355,15.330961227416992,8622820
2009-03-18,15.596433089912143,15.986344945675572,14.990827266603848,15.144302368164062,18454770
2009-03-19,15.430514531621343,15.588138506979574,14.94105185734978,15.144302368164062,6993440
2009-03-20,14.941047449130723,15.671092371346992,14.941047449130723,15.530060768127441,9278020
2009-03-23,15.762350248225763,16.83667892054283,15.67939019361092,16.674907684326172,13853170
2009-03-24,16.89890154563583,17.168519780137597,15.762352289582147,15.95315933227539,15187310
2009-03-25,16.164706597077213,16.24766665740152,15.47199191305052,16.12737464904785,13329270
2009-03-26,16.260112506153405,16.99845382882874,16.260112506153405,16.840829849243164,13832070
2009-03-27,16.923788020621856,19.99329928332049,16.923788020621856,19.122220993041992,43689170
2009-03-30,18.91481666849982,19.524572735973152,17.463021480889886,17.732641220092773,33002270
2009-03-31,17.9939697364214,19.77760399721383,17.9939697364214,19.31717872619629,33379830
2009-04-01,19.42917227777027,21.154734904746526,19.250808700026077,20.827043533325195,31941290
2009-04-02,21.1547340437767,25.85855144150972,21.071773985962256,25.31516456604004,76851160
2009-04-06,28.869989468960828,28.869989468960828,25.344200447896256,25.812923431396484,69862910
2009-04-08,23.780407590248878,25.709220381699463,23.2826488890473,25.352493286132812,68065570
2009-04-09,25.775589478371305,30.014832454243944,25.05798795863453,28.832656860351562,75097120
2009-04-13,29.03591278722075,31.71551235896752,28.952954302265454,29.74521827697754,57107140
2009-04-15,29.4507080775369,31.018646677290672,27.679518998283218,30.491853713989258,31926330
2009-04-16,30.703398131085834,32.16349131538639,26.64252167611575,27.451377868652344,49383560
2009-04-17,26.795992182650597,29.201825620812553,25.605520499066767,26.18623924255371,39288390
2009-04-20,26.547114879627582,28.43030122116069,26.090836975566525,27.00754165649414,37269780
2009-04-21,26.132312863599644,26.953615517478475,25.5432995871454,26.215272903442383,29840310
2009-04-22,26.46001072755145,27.111244591340114,25.39812543475255,26.016176223754883,20061370
2009-04-23,26.21527826739463,28.787030534743135,25.568191723017193,28.40541648864746,38751730
2009-04-24,29.04420351691444,29.176938974032538,27.509449596194994,28.293418884277344,31933710
2009-04-27,28.10675958083818,28.75384451212163,26.891399315887348,27.696109771728516,21759410
2009-04-28,27.774920445477147,28.322454600391712,25.97469403240003,26.177946090698242,18215150
2009-04-29,26.547117358576642,29.2474578385,25.82536690916448,28.413711547851562,37700250
2009-04-30,28.413711547851562,28.413711547851562,28.413711547851562,28.413711547851562,0
2009-05-04,29.08568678760157,30.678512320610665,28.72066189612305,30.085350036621094,36017850
2009-05-05,30.28030459852833,33.26685392320295,30.147569143313074,33.113380432128906,53840600
2009-05-06,33.09264179657048,33.78950378162905,31.358782998309458,31.84824562072754,39135340
2009-05-07,32.10542538314064,37.1410821902715,30.993764554608916,35.62291717529297,101361090
2009-05-08,36.0874865817126,36.94197088348401,33.067752578692364,33.967864990234375,85273080
2009-05-11,34.4365864958552,35.913272011863235,33.017975709023915,35.21226119995117,91357510
2009-05-12,34.013496101054315,35.0090136930422,32.603179776126744,34.652286529541016,77044550
2009-05-13,33.70238768746684,35.45698723275498,33.70238768746684,34.183555603027344,39685060
2009-05-14,31.524700758613346,34.26652038039735,31.524700758613346,33.94297790527344,35644420
2009-05-15,33.31249367170102,35.13760919208658,33.31249367170102,34.726959228515625,27217560
2009-05-18,38.16148212957396,43.47090699607557,38.16148212957396,40.4677619934082,96940
2009-05-19,41.58771867841705,42.641307759477925,34.013493506578264,39.762603759765625,50591540
2009-05-20,37.356768526945444,43.02706895126357,37.356768526945444,41.90296173095703,42491340
2009-05-21,41.645791809171634,45.23380134324436,40.239624412071265,41.118995666503906,46725870
2009-05-22,40.318433915274404,42.267989778592366,40.03222495330509,41.662384033203125,20153690
2009-05-25,41.969334410182654,43.50408840078418,41.56283027412619,42.516868591308594,18447080
2009-05-26,42.76574034688649,43.4708999534017,40.66686018248943,41.4757194519043,18483820
2009-05-27,42.70767455797801,43.304985709659505,42.22650970275025,42.86944580078125,16785670
2009-05-28,42.807223829261,49.44400291377668,42.7242653565697,45.57807922363281,87486240
2009-05-29,46.12561885085346,47.29535117686718,44.79826414213693,45.88918685913086,60709090
2009-06-01,46.04265341780257,47.70184813556122,46.04265341780257,47.20823669433594,26813510
2009-06-02,47.287055143034195,47.45297526769677,44.81900396941653,47.141876220703125,23805370
2009-06-03,47.53592827723952,49.06238755207588,45.495119523337586,48.72639846801758,47982100
2009-06-04,47.28705929145124,50.18235606859026,46.89300172988786,48.743003845214844,26961490
2009-06-05,48.863287378049286,50.19064193186995,48.11664846361086,48.597816467285156,26758100
2009-06-08,46.08827761677474,49.27808020381737,39.84970562736201,42.267982482910156,18839980
2009-06-09,40.65442042708707,47.37000905532743,40.65442042708707,46.05094909667969,30044860
2009-06-10,47.27876024198917,50.60544463628322,46.54041585045423,48.33649826049805,42608730
2009-06-11,48.80106366350605,53.67494482191383,47.45296799967805,52.84120178222656,54847320
2009-06-12,53.09422878884419,59.913519811603415,53.09422878884419,58.67742156982422,86900060
2009-06-15,56.221809394037805,59.067328546041686,54.79905298269859,55.69916534423828,47153050
2009-06-16,54.753430544340425,57.2007404384555,53.50903439560541,56.61587905883789,36139340
2009-06-17,56.07248984757629,57.09704322733239,51.84984177176076,52.48863220214844,27300520
2009-06-18,51.849838167003824,53.575402300239936,46.308127210541414,47.20409393310547,38555460
2009-06-19,46.590188770025726,50.60544021889862,46.590188770025726,50.14916229248047,35242570
2009-06-22,51.18615738319689,53.01127219523125,48.116646539956754,48.651737213134766,41199670
2009-06-23,48.78032816850278,48.78032816850278,44.964181262827125,46.818328857421875,42617750
2009-06-24,47.48615541099083,49.576738023130126,46.12561304983679,48.91720962524414,32389490
2009-06-25,49.493782246460356,51.26912022952627,48.78032795464963,49.257347106933594,35529570
2009-06-26,49.36104588468555,52.214859835210554,49.36104588468555,51.68391799926758,31880940
2009-06-29,52.2074107575254,53.93159052579572,51.35154943429064,52.74335861206055,24856940
2009-06-30,53.59504978831222,54.54231062624793,50.69509918802196,51.102256774902344,29189240
2009-07-01,51.82517804499562,52.265573736328776,48.115070111026995,51.717159271240234,31226740
2009-07-02,53.81940908477761,53.81940908477761,49.90572720505892,51.29338073730469,27748980
2009-07-03,50.68680747460044,51.767017491748234,48.6094792994119,51.152130126953125,31317620
2009-07-06,51.110580464351465,52.76413506826803,47.097184122390054,47.80347442626953,29420530
2009-07-07,48.06105797280074,49.432095641909875,46.590309452952106,47.87409973144531,26367130
2009-07-08,46.94760631643559,47.52925871005835,44.3384832159212,44.72071075439453,20173550
2009-07-09,45.03647326787097,45.8674044972791,42.522905031010936,43.76099395751953,34288530
2009-07-10,44.18060883820169,45.70121440252992,42.0492715258122,42.9134407043457,29277170
2009-07-13,42.3691836635536,42.62677030922846,39.47754027217931,40.32093811035156,24898300
2009-07-14,41.20587161854745,44.28862510734192,41.20587161854745,44.055965423583984,25283810
2009-07-15,44.87028480053323,47.803470922247776,44.45481920052829,47.25090408325195,28994120
2009-07-16,48.30203667428033,50.77405598896335,47.6123621835411,48.16493225097656,49100020
2009-07-17,48.70088129554877,50.49569267708357,47.5583476517482,49.880802154541016,28042300
2009-07-20,50.292106638452125,51.66729660948118,49.44455652693025,50.17577362060547,49620550
2009-07-21,50.58294020706054,51.517737870024696,49.71046302224423,50.329505920410156,39050330
2009-07-22,50.603713991948986,52.34866833522262,48.833829555942096,49.423789978027344,52244510
2009-07-23,51.019175749092625,51.82517683872319,49.938962678673825,51.521888732910156,24919600
2009-07-24,51.97474841048804,52.922009516607794,51.5218924063216,52.48161697387695,24673160
2009-07-27,53.02171611090628,57.330095125678845,52.523155535150885,56.802452087402344,54946150
2009-07-28,57.00187646733813,57.99068657914096,55.84688265887171,56.79414367675781,30744610
2009-07-29,56.7941483042986,58.49755986165044,52.87215505401201,57.126522064208984,53680670
2009-07-30,56.37867251957145,58.414457469614085,54.8414512892134,57.134822845458984,35073020
2009-07-31,58.08208828640515,59.32433263003722,57.168065295072914,57.97822189331055,23807550
2009-08-03,58.323062316022664,62.31152822851236,57.35502671791529,61.87113571166992,35861990
2009-08-04,62.228419785248796,63.36263878331116,59.41987539116573,60.54994201660156,38211970
2009-08-05,60.857402945072614,61.139922866475175,58.331371185572024,59.365882873535156,23498930
2009-08-06,59.154007858518014,61.65510678540761,58.5972790075411,59.70241928100586,45026810
2009-08-07,58.99611948024196,60.15942451254158,57.19300016690387,58.02808380126953,25965050
2009-08-10,58.58063577306134,59.49465860942178,55.36077813305265,55.90503692626953,28628110
2009-08-11,55.934127383319904,58.264889303985676,55.763784991339634,57.384098052978516,19626010
2009-08-12,56.5033187894882,57.118206071842756,53.84849399112099,56.15848159790039,23907870
2009-08-13,56.91879473091544,60.80755351501649,56.91879473091544,60.396240234375,26665700
2009-08-14,60.74106299780214,62.30736991842815,59.68162456247684,61.34348678588867,40886370
2009-08-17,59.13322120404741,60.50841136282724,56.511634211642054,56.81492233276367,21259700
2009-08-18,56.918786957397835,59.394964712224606,56.50332135916865,59.02104187011719,24204460
2009-08-19,59.245385824718795,59.76055901342891,56.777519615895336,57.25530242919922,23997460
2009-08-20,57.932525459735324,58.9919640292408,57.471358380750694,57.82865905761719,13807940
2009-08-21,58.165168966201534,58.56401862849277,56.93954703088521,58.26903533935547,19988750
2009-08-24,59.411585391177226,60.159424796868755,58.99611975907109,59.532073974609375,14942800
2009-08-25,58.99611467413866,60.284060558459345,58.99611467413866,59.419891357421875,14874570
2009-08-26,60.02231714001035,60.86571182053404,59.69409575822896,60.142799377441406,18046240
2009-08-27,60.15942078801199,60.57073401860918,58.67205316344579,59.08336639404297,21053970
2009-08-28,59.07920070704472,59.65254520210864,58.33136143946162,58.9670295715332,9213030
2009-08-31,58.33135388229572,58.49754388661735,56.83568188040379,57.26361083984375,9478970
2009-09-01,57.749720745245746,58.15687527471996,55.099048080959946,55.66408157348633,14368800
2009-09-02,54.84145987774347,56.07954560598347,54.259810566356094,55.14890670776367,18457270
2009-09-03,56.50332195237077,56.70274366655387,55.40649301511071,55.817806243896484,9417770
2009-09-04,56.337145309237606,57.88267805177529,56.025546068234085,57.55860900878906,14530600
2009-09-07,60.657975646947,62.319837993438696,58.16518212720945,60.26743698120117,15807690
2009-09-08,60.32560755891963,62.73115708085422,60.022319427344065,61.22301483154297,27252740
2009-09-09,61.46398152249922,61.83789802453379,60.15941979963153,60.7452278137207,12124880
2009-09-10,61.15652683190865,63.175689630088364,60.74937237369578,61.25624084472656,22270710
2009-09-11,61.65508868109355,61.89605947489168,60.284057357709955,61.065128326416016,10064220
2009-09-14,60.61642342219222,62.31983477518107,59.51544221029792,61.87528991699219,13567480
2009-09-15,62.00822979463116,63.98169104437655,62.00822979463116,63.769805908203125,19208380
2009-09-16,64.31408944460809,67.96187765961508,63.97756325335282,67.33036804199219,26321200
2009-09-17,67.47161597347471,68.37733434606413,65.64356973193078,66.41633605957031,16382120
2009-09-18,65.22810562424128,67.03953607222707,64.978823703889,65.867919921875,12158090
2009-09-22,66.14212772506218,67.29712168147256,65.75990010217481,66.72793579101562,9295160
2009-09-23,66.88996117965513,69.99348969931233,66.88996117965513,68.726318359375,24751380
2009-09-24,67.76659314493865,70.71224267857275,66.71546570154312,69.87715911865234,15419950
2009-09-25,69.38274832962348,69.69019512540038,66.15042678885263,67.11430358886719,20341090
2009-09-29,67.89539045528579,68.79695008457597,67.34697913669321,68.06988525390625,9809620
2009-09-30,67.88706986509912,69.46584025860172,67.80397802112559,69.1833267211914,10341440
2009-10-01,69.6902084621958,72.12483735661681,68.24438347623071,70.94075775146484,18376310
2009-10-05,70.5335967896126,70.94075767924129,68.96729589899884,69.50325012207031,13648410
2009-10-06,69.88131575349351,72.93914295878264,69.13347637240336,72.286865234375,20714880
2009-10-07,73.11363808365992,75.28236912873646,72.70648355083587,73.37123107910156,20692240
2009-10-08,74.36833561872072,76.55368219322912,73.41276355795421,75.75598907470703,19164830
2009-10-09,75.92217931109414,76.61184732807325,73.36706229338667,73.9404067993164,14017550
2009-10-12,74.7007125625026,77.22674405000132,74.36833883055509,75.09955596923828,23488430
2009-10-13,75.09955596923828,75.09955596923828,75.09955596923828,75.09955596923828,0
2009-10-14,76.14653159034395,76.57861934704175,75.13695326601464,75.83078002929688,27287550
2009-10-15,76.78219342555168,76.84451706673975,75.28236241645007,75.83078002929688,10318120
2009-10-16,75.36546419590638,77.68376321664077,74.62593586744124,76.22132873535156,15470490
2009-10-20,76.08836671801443,77.51756933975136,76.08836671801443,76.70741271972656,7561770
2009-10-21,77.11043761477082,77.7668678518739,75.21175629427198,75.70616149902344,10245220
2009-10-22,76.03020939072184,76.10914887380854,71.46839860233918,72.4073486328125,27617790
2009-10-23,73.32966099616216,73.72851066688126,69.39104981800065,70.81609344482422,43429480
2009-10-26,70.625012221793,70.84936089642346,66.96060193330517,67.67105102539062,13314260
2009-10-27,66.97304673764495,66.97304673764495,62.56911562286696,63.08844757080078,17834420
2009-10-28,61.96253949598065,63.71580483982544,60.15942030864328,61.858673095703125,21260260
2009-10-29,60.74107901816947,61.2230207115506,58.80916620971467,59.473907470703125,19126700
2009-10-30,60.500095711927756,63.69918574852272,60.500095711927756,62.776851654052734,19320050
2009-11-03,62.4860179475772,63.341882329911,55.10735185356904,56.187564849853516,13215440
2009-11-04,56.499172228438965,60.40039416615962,54.230727142518866,59.922611236572266,25077800
2009-11-05,59.82705422862561,65.43584056255926,59.41158857426016,64.5301284790039,20959660
2009-11-06,65.63524896610437,66.44956427259278,62.432006632386575,63.25048065185547,23931040
2009-11-09,63.981700317267055,68.08650234028812,63.76150406359504,67.68765258789062,20763250
2009-11-10,68.55180512311439,72.12481083502831,67.01043172167843,70.55435180664062,39240080
2009-11-11,70.87842741857354,71.04461110758605,68.96728329742272,70.5377426147461,22446840
2009-11-12,69.806533165156,70.79533700039879,68.0117186973336,68.7013931274414,15195100
2009-11-13,68.551830377844,74.99570015114043,67.986796855695,74.46806335449219,43687710
2009-11-16,74.70070238018711,77.69205288096585,74.36832869354485,76.84034729003906,25439780
2009-11-17,77.77931382739376,78.83044123501475,76.45397761617558,77.06471252441406,32198380
2009-11-18,78.01611763971107,82.843825126816,76.77803212071618,80.21808624267578,61708160
2009-11-19,80.42167512300887,86.30466970343873,79.16281482730064,79.67383575439453,123359590
2009-11-20,79.35393179797512,81.18197795280825,75.62720475559068,79.67383575439453,59438810
2009-11-23,80.60032502768114,81.59743991490326,79.60321014045903,80.72911834716797,26720060
2009-11-24,81.26506200851541,84.25225391037351,80.5836987777639,83.05571746826172,46179080
2009-11-25,83.29253307403965,86.41683583705509,82.67764582487482,83.3797836303711,40402930
2009-11-26,80.68341321239835,84.90454496621565,79.18774094952319,81.44786834716797,30784450
2009-11-27,79.76940186889406,79.76940186889406,74.36834861735436,78.30696105957031,46533530
2009-11-30,80.35103634933613,83.0848004806254,79.76938710416874,82.52392578125,28012150
2009-12-01,86.63289220671004,86.82400284035323,83.1845263187123,84.41014862060547,19303330
2009-12-02,85.58590117127042,87.38902009194217,83.37562145728488,84.97516632080078,45266900
2009-12-03,85.33662442187354,85.98475602774592,83.94065987142014,84.667724609375,24068020
2009-12-04,84.50570678710938,85.66901182150026,83.60830584241005,84.50570678710938,15696130
2009-12-07,84.38106599895255,85.25353995631794,78.21555166939403,78.84706115722656,31880510
2009-12-08,78.85536771139407,84.7549776315739,77.27659725231737,84.09854125976562,45466170
2009-12-09,82.26219551227537,83.67477613173568,80.23056881608261,82.00045013427734,24007700
2009-12-10,81.51435997623184,82.17910755785667,80.43415308046998,81.01165008544922,21602240
2009-12-11,82.26217776543926,82.78150969577662,79.76938449981989,81.33984375,19168590
2009-12-14,81.43126114152616,82.15002122522716,80.39259709635364,81.00748443603516,15011290
2009-12-15,81.9132087810358,81.9132087810358,78.64764853019406,79.17528533935547,12410760
2009-12-16,78.35680495448676,81.54341861008493,77.77930809586123,81.25259399414062,23701920
2009-12-17,81.431259616941,82.66934536054615,80.77067081805959,82.01290893554688,19200040
2009-12-18,82.22894528327777,82.61948393543844,80.79974270069043,81.2401351928711,13771970
2009-12-21,82.2621888636196,82.2621888636196,79.50349753106616,79.99374389648438,12063790
2009-12-22,80.43413890340055,82.15416615272267,80.43413890340055,81.71792602539062,9462750
2009-12-23,82.26219700937025,84.81315579436355,82.06277527652948,84.60542297363281,22538220
2009-12-24,85.17044334979036,86.26311984677208,83.93235770444898,85.1621322631836,13110020
2009-12-29,85.66900317995976,85.91828506914901,84.75498015210215,85.09566497802734,5864960
2009-12-30,84.9211672053599,85.58591470978035,83.67892910253322,84.2065658569336,6694350
2009-12-31,84.75498250593081,85.17044810645008,83.92405130489227,84.18994903564453,7835570
2010-01-04,84.75496841067391,85.45294746050726,83.94065317970077,85.00009155273438,6300240
2010-01-05,88.884707406992,95.39089992645894,85.32001196153122,94.30237579345703,37729180
2010-01-06,94.75109483556639,96.00580286979867,92.74855370521814,95.4698486328125,32266220
2010-01-07,95.39089713209675,95.97254639261504,92.85240225315358,93.43405151367188,12190810
2010-01-08,92.73190218431473,94.50178934511862,91.82619039965039,92.9022445678711,12242440
2010-01-11,93.89523775948388,96.12213391744821,93.31358837996075,94.94636535644531,18166970
2010-01-12,94.31067600491906,95.54876151838153,93.14737124444719,93.7290267944336,11942520
2010-01-13,87.56767908638835,95.54876905598388,87.56767908638835,94.85494232177734,15321820
2010-01-14,95.72327570165601,98.60660810038587,94.6264467254319,98.22438049316406,23405760
2010-01-15,98.34071030561651,100.268470515497,97.31035735020681,98.03742218017578,20303920
2010-01-18,97.21894917267782,97.60948784606785,95.97255238841272,97.13169860839844,9536970
2010-01-19,97.2189317301918,98.04155168515629,95.39919072301207,95.98915100097656,10100780
2010-01-20,95.80637585957766,97.63442207756951,95.14162832239752,95.86038208007812,13833750
2010-01-21,95.80638139080439,96.79518532658135,93.06430556600495,93.446533203125,10070400
2010-01-22,91.31933079588495,92.62804476605872,88.18256456922089,91.2071533203125,11203560
2010-01-25,92.15027092928588,92.15027092928588,87.08159190021195,87.6549301147461,10876540
2010-01-27,85.58592041333517,87.24363057152308,78.79305477676705,79.76940155029297,22521880
2010-01-28,81.0157789254671,82.91861182712331,80.42581862941664,82.24555969238281,22879180
2010-01-29,81.43126043477406,82.92693918264222,77.27660429014273,81.88827514648438,20036750
2010-02-01,80.22638732087283,83.88247850048265,79.77768383839341,82.73164367675781,17841780
2010-02-02,83.67477950638376,85.48620999682547,80.44245725143773,80.97010040283203,18067950
2010-02-03,82.22065008959072,88.2282862138035,81.84673353816164,87.72972869873047,26435940
2010-02-04,87.08157792245356,87.56767183348056,84.55969910374415,85.00009155273438,18955880
2010-02-05,80.6917451099286,82.26220487770638,77.99537689621916,80.20149230957031,23101980
2010-02-08,82.2621896121369,84.58048844376462,78.79304928208688,81.7054672241211,35499970
2010-02-09,81.26506245983587,82.81059478150216,80.60031505758117,81.98796844482422,20933380
2010-02-10,82.67766158628173,83.92405849461764,79.12542912962391,79.81095123291016,20592740
2010-02-11,80.52553430306557,82.59039855164926,80.52553430306557,81.98796844482422,13797740
2010-02-15,82.4034468811367,84.33951812912822,81.45618580536873,84.0403823852539,16940830
2010-02-16,84.38107076367078,85.22861784718417,83.51690150507739,84.97103118896484,13422690
2010-02-17,86.08446000696387,89.32509253907229,85.6689944602705,88.31135559082031,17315430
2010-02-18,89.15890906982153,89.15890906982153,85.49865226950205,88.14517211914062,16618460
2010-02-19,86.83230600180018,87.24777158075615,84.14424319879484,84.91285705566406,16444470
2010-02-22,88.4941691454878,94.39377915395332,84.9460958573922,85.5152816772461,12798310
2010-02-23,84.83806630160767,87.99560710150351,84.83806630160767,87.55105590820312,19814540
2010-02-24,87.49705567916637,89.90675102651802,86.00137702125684,89.56192016601562,21990350
2010-02-25,90.488400082738,90.57980301294339,89.00934370596168,90.18511199951172,18206010
2010-02-26,88.90961981545469,92.1502520859742,87.70477236310158,88.93870544433594,16913510
2010-03-02,90.98697168200533,92.88980500120947,90.15604043376784,92.46187591552734,15365490
2010-03-03,92.39954223535477,95.75650487447147,91.40242738153864,95.28703308105469,17467930
2010-03-04,95.44905992273306,97.20232509100121,94.47686569547203,96.36308288574219,16178760
2010-03-05,96.96136994571336,100.04412413374624,96.96136994571336,99.38768768310547,21684150
2010-03-08,100.96227564666725,102.32084969787851,98.14126750177682,99.93192291259766,16902940
2010-03-09,100.54267896473448,100.54267896473448,98.47366197432245,99.163330078125,11360700
2010-03-10,98.04986845062153,99.4624487653809,96.1470354970685,97.26879119873047,20130390
2010-03-11,97.05277473885016,97.73829049986008,95.9060855305394,96.9198226928711,13565540
2010-03-12,96.91981191121366,98.86419416059232,96.24260097378558,97.95016479492188,24127970
2010-03-15,97.80059879436213,98.77279310733931,96.19690133970121,98.02910614013672,14722130
2010-03-16,98.04988389512465,99.91116805163253,98.02910934673797,99.62865447998047,19888080
2010-03-17,100.9581389947946,101.95525388116467,100.1355188965642,101.5190200805664,17223430
2010-03-18,101.78492623748063,104.0325904614522,101.20742926955042,103.7916259765625,18180470
2010-03-19,103.86224325631942,104.1987693638401,102.61999888236491,103.2348861694336,13023340
2010-03-22,102.37903396648885,103.45093599172162,101.37360795975934,102.38318634033203,10799590
2010-03-23,102.86928141246483,105.65289956489424,102.86928141246483,105.29975128173828,24567900
2010-03-25,105.02969768780423,107.19011739056651,104.86350765559082,106.35503387451172,15701090
2010-03-26,107.82995619066959,108.02106683571904,104.33588862269514,106.72065734863281,10314650
2010-03-29,107.19013286000806,108.02106412248874,104.29018452901116,104.6017837524414,9836550
2010-03-30,105.11278867518377,105.94371981095597,102.5701414283613,102.99391174316406,9066510
2010-03-31,103.45091756318331,104.19044570366367,101.47330391126408,102.6033706665039,12721260
2010-04-01,103.450939605381,104.61424461181585,102.53691650729013,103.92041778564453,14744640
2010-04-05,104.68902387430894,107.09872570878746,104.29433280802849,106.44644165039062,14799100
2010-04-06,106.77465758154146,107.19012317524395,105.11279520673148,105.85647583007812,7924020
2010-04-07,106.13484851475717,106.84113879047663,103.67944521516276,104.63501739501953,9165040
2010-04-08,104.69733358786476,105.0047804210975,100.96229547645788,101.65196990966797,9493520
2010-04-09,102.17960181196557,103.31382102648625,101.53978129336315,102.01757049560547,11361580
2010-04-12,102.70310283450583,103.36785038067836,101.21573511305917,102.24193572998047,11052140
2010-04-13,102.20038049935316,105.80661869760017,101.68935327054726,105.36622619628906,17088620
2010-04-15,105.77755579560915,107.02395273111357,104.78043444350403,105.11280822753906,12249280
2010-04-16,105.5282498326316,108.17892207360345,105.0836986506123,107.09870910644531,12198450
2010-04-19,105.94372006149567,106.3342587105524,101.37359880394095,101.86800384521484,17265310
2010-04-20,102.04665846199791,104.03258351930828,101.29051436788276,101.76414489746094,15483590
2010-04-21,102.179601438291,103.47585196443136,101.38190831916606,101.8098373413086,8443020
2010-04-22,101.87217097505224,102.55769306668546,99.29628534284544,100.07320404052734,13189410
2010-04-23,100.4595771149398,100.89581723577392,98.22021792345973,99.56632232666016,15082360
2010-04-26,100.21030049152337,102.27931738463005,99.88208546005036,100.74209594726562,13582570
2010-04-27,101.37360063654276,101.6561141855199,99.75328742446423,100.11058807373047,8845980
2010-04-28,98.46534153242479,99.12177790338113,97.21894480416624,97.85460662841797,10756550
2010-04-29,98.46534833018437,102.86928627653351,98.06649856022551,102.40811920166016,17174450
2010-04-30,103.45092241031436,104.1322856617661,101.30711864129503,102.0051040649414,15945130
2010-05-03,101.70598199900354,102.78618877496271,100.43465825418508,101.52732849121094,16133010
2010-05-04,102.84436779059138,102.84436779059138,94.59321944087222,95.06685638427734,22222450
2010-05-05,93.72902215681658,96.78684858242977,90.43437734611554,96.05978393554688,33279350
2010-05-06,95.05853104126804,97.13585905204968,93.3551195366263,95.96009063720703,21303720
2010-05-07,93.39667248943302,94.54335531651573,91.48552810479293,93.17231750488281,17833210
2010-05-10,94.97543910199713,101.53979053847036,94.31069160335332,100.69639587402344,24447770
2010-05-11,100.9581499406412,101.78908121587283,95.13747863986465,99.79900360107422,25043600
2010-05-12,100.13136960698424,102.75296306801495,98.64400188485914,102.42889404296875,22958470
2010-05-13,103.85810629668167,105.61137192930295,102.28764657297869,104.78459930419922,28383010
2010-05-14,102.7570956255174,104.91751522567539,98.22436493663032,99.39598083496094,33772380
2010-05-17,97.96679256777179,98.25761722824248,94.51427434671498,97.31035614013672,18088430
2010-05-18,97.11923172326222,98.46534248502493,94.73446335073719,95.5778579711914,22435240
2010-05-19,94.47686401252129,94.72614587958384,88.49831497133286,89.89427947998047,23206650
2010-05-20,90.76676242357078,91.37749731081568,86.95694395616299,88.65619659423828,25149780
2010-05-21,85.1704460283641,90.8872502698034,84.60956494554732,90.12279510498047,22376340
2010-05-24,91.81788389729716,93.43404458652475,86.77413251959581,87.69231414794922,15738110
2010-05-25,86.25066050201168,86.39191728355874,81.69715476797926,82.62779998779297,28778190
2010-05-26,83.50858700000902,88.32799057660637,83.50858700000902,87.27686309814453,26721360
2010-05-27,88.07871545742204,90.57150929112265,84.98765008931285,89.34172821044922,25346900
2010-05-28,90.98696771352232,92.69037923391419,90.21004905894705,91.40658569335938,22931650
2010-05-31,91.65171685155528,92.48264807835268,88.90964126732295,92.07133483886719,19536560
2010-06-01,90.57149774060623,92.92718685229372,86.85723438774916,87.58014678955078,26705710
2010-06-02,87.91252122200872,88.24904733498441,85.58591138638398,87.57598876953125,34301270
2010-06-03,88.90964042071283,90.98696846792575,88.49417481127024,88.92210388183594,22570280
2010-06-04,89.32509305294283,89.98984046727682,87.25607639356755,89.39572143554688,14786440
2010-06-07,88.44848409577355,88.44848409577355,84.48909686349397,85.74380493164062,16773510
2010-06-08,86.00139199414527,86.83232331776018,83.17622422595392,84.09440612792969,23978750
2010-06-09,84.09439661330957,86.72844708966609,84.09439661330957,85.3490982055664,23353470
2010-06-10,85.75210234043139,87.59677072708932,84.75913975169465,87.28517150878906,17214340
2010-06-11,87.70063486544096,88.58973102508752,85.86012523990011,86.35453033447266,19240480
2010-06-14,87.79271691084176,88.1365383340464,86.97507976463768,87.52855682373047,11102100
2010-06-15,87.63337575591905,89.67116647200007,86.87863726885449,89.19735717773438,23629110
2010-06-16,89.72987216316953,90.4007522712478,88.1784691109738,88.66065979003906,13727550
2010-06-17,88.67324930937501,89.05900318041328,86.92058456500625,87.97721862792969,11949220
2010-06-18,87.63337843603652,88.48874448221189,86.47611698580239,87.12183380126953,16803030
2010-06-21,88.44681498678409,92.51400862252827,88.24135644551747,91.9856948852539,22102060
2010-06-22,91.2393652471591,91.65866378892363,89.50766022231538,89.78858947753906,11250390
2010-06-23,89.31056992222308,91.15548054452037,88.80741306141351,89.47828674316406,20304320
2010-06-24,89.89759214874233,90.40075544646749,87.9436660814598,88.59777069091797,17869460
2010-06-25,88.13654175777188,89.14286197758082,87.1302279359502,87.48243713378906,9666740
2010-06-28,87.725622260493,89.5705328821323,87.38179446030401,89.15962219238281,8861870
2010-06-29,89.15965223536067,90.23305560585891,87.38602098485755,88.01496887207031,16762130
2010-06-30,87.2140906141661,89.31058317700663,86.65223214284185,89.01287841796875,9869710
2010-07-01,88.44263675827457,88.47199072670624,86.7025504003331,86.95413208007812,8914290
2010-07-02,87.21409359420541,87.8011089726636,85.53689948662453,86.35453033447266,11366730
2010-07-05,86.107126637702,87.04635743287031,85.96036962664914,86.2706527709961,5018130
2010-07-06,86.37549039018195,90.54331847443473,86.27066576592202,90.22464752197266,16662070
2010-07-07,92.24565939325082,92.7991364206439,88.7906378472466,89.12188720703125,33392270
2010-07-08,90.23302228916225,91.52865292291813,89.48667158375027,90.06949615478516,12593270
2010-07-09,90.18271224807886,91.81378297811088,90.14916760400268,90.71941375732422,11716160
2010-07-12,90.98777640386568,98.9544480705636,90.1575671479305,90.76554870605469,10616650
2010-07-13,90.1491728015111,92.90815755547392,89.83050826139504,92.34210205078125,17273550
2010-07-14,93.08007264060907,94.34215877246761,90.50138312870268,90.7613525390625,11966970
2010-07-15,90.82004153740749,92.40498907421885,90.30429986740772,91.93956756591797,11443150
2010-07-16,92.41338874608061,93.0549149524679,91.52866863692095,92.34630584716797,10689110
2010-07-19,91.38190703318958,93.25197457449073,91.38190703318958,92.4469223022461,8220510
2010-07-20,92.76979452402145,95.08851475215008,92.42177599601465,94.1157455444336,19482160
2010-07-21,94.63565832452448,98.87057520361999,94.36730757403438,98.56867980957031,25872060
2010-07-22,98.36743987382624,101.30252964877262,97.36531662087123,100.67777252197266,30129280
2010-07-23,102.30882736845673,103.18935672057675,99.87689494649439,100.43456268310547,30838660
2010-07-26,101.05094595046262,101.16415834524621,97.44917310542172,98.19971466064453,13188310
2010-07-27,98.95442493404846,99.87688015807375,96.78246223746153,97.4784927368164,33982520
2010-07-28,97.69655064438163,98.33388615675999,96.43865514252265,97.01309204101562,9852010
2010-07-29,96.77409807891651,97.60430734321072,95.43234411692902,95.67134094238281,16050210
2010-07-30,94.76984474117751,96.05708775461757,92.67335233011342,93.69644165039062,8675080
2010-08-02,95.39039431309182,96.0193419679034,94.38408062458782,95.35684967041016,7963170
2010-08-03,96.43024456127861,96.43024456127861,94.1324911130726,94.6063003540039,7264470
2010-08-04,94.9669072103417,94.9669072103417,92.24565799617926,93.30229187011719,11833340
2010-08-05,93.5035749299198,95.76778449907242,93.26876876991736,93.98157501220703,13924720
2010-08-06,94.49730124688482,95.05916610143173,92.94589807074864,93.32746124267578,10727100
2010-08-09,93.34422656085951,94.91240519597714,93.03814045864755,94.46375274658203,9497760
2010-08-10,94.59793353582542,95.89356434743364,94.02349664610642,95.04238891601562,12959840
2010-08-11,94.78660738425742,95.68390581892002,93.08425668655062,93.3358383178711,8459660
2010-08-12,92.4133913264598,93.3777792028677,90.87037584259728,93.10942840576172,11504450
2010-08-13,93.50355660536644,94.40924281472896,92.69431364838054,93.40711975097656,5864700
2010-08-16,93.79706540988944,94.7949978046792,92.35048698417287,92.78236389160156,10305680
2010-08-17,93.30230727931185,93.8935133225482,92.30437476700371,93.15135955810547,7749270
2010-08-18,93.16812523546737,94.84531923213821,92.61045746381583,94.51407623291016,7120590
2010-08-19,94.76146619700788,96.35480186398873,94.34216767401226,94.93338012695312,10085160
2010-08-20,94.50985860110092,96.0109476694531,93.98573559111703,95.46585845947266,6353900
2010-08-23,95.88518049674353,97.60430695233477,95.44072509842641,97.28983306884766,8572390
2010-08-24,97.54559289505038,98.11164837185945,96.03192520758431,97.26466369628906,7309730
2010-08-25,97.27725867871854,97.57076636927228,95.47427372533438,96.32125854492188,10114350
2010-08-26,96.64830165911803,96.8579509034979,93.84739082523687,94.4050521850586,9972620
2010-08-27,94.2583098755507,96.01097464228829,93.08427272376156,93.4281005859375,5796360
2010-08-30,93.61678445834386,96.41350488191542,93.58743049024926,95.58748626708984,7247550
2010-08-31,95.0130366269283,96.01935040384366,93.65450726990429,94.86627960205078,6703640
2010-09-01,95.60004648588072,99.02990473175288,95.02560965742215,98.37999725341797,13018590
2010-09-02,99.37372261195836,100.50582703300373,98.61898419859945,98.85379028320312,10381620
2010-09-03,99.7930596987246,99.96077656759432,97.36951447502322,97.63367462158203,7661070
2010-09-06,98.19969724886325,101.44506960598254,97.9774695787206,100.35070037841797,13116630
2010-09-07,100.38005113567375,102.88746059224653,100.38005113567375,102.24173736572266,16985100
2010-09-08,100.7154908372178,103.10549082766974,100.7154908372178,101.96080780029297,9923570
2010-09-09,102.22498094060558,102.89585473699594,100.90838383747847,102.06145477294922,7044100
2010-09-13,102.84552102945594,104.54787167512602,102.58974872469356,103.8392562866211,9155920
2010-09-14,104.82462680107031,104.82462680107031,101.3863803215927,101.9943618774414,10665700
2010-09-15,102.43460847942626,103.94407899969865,101.92725456029346,103.16838073730469,7157900
2010-09-16,102.8790798709589,103.48287073261234,100.05300568715948,100.36328887939453,8714660
2010-09-17,101.06350786003995,106.08251096579413,100.64840007907246,105.40744018554688,18305940
2010-09-20,105.66321766834896,108.90020246748814,104.76172848950036,108.08256530761719,17787110
2010-09-21,108.26288359676614,109.02181289859493,104.87075368824567,106.45989227294922,8893970
2010-09-22,106.83725692194965,107.90227227532652,104.44725679981472,105.39067840576172,10041150
2010-09-23,102.74909392759358,106.24185103796704,102.74909392759358,105.41583251953125,6039890
2010-09-24,106.08251867610932,107.83518330494158,105.66322018331836,106.98820495605469,8653400
2010-09-27,107.50813441314186,111.2818209683331,107.35299601322887,110.6864242553711,18372830
2010-09-28,110.69481801038167,112.69068321770553,110.44323631934462,111.34892272949219,10333620
2010-09-29,111.95271517414783,112.37201373285251,110.32163763871792,111.1015396118164,10069190
2010-09-30,111.11410028472697,112.95901108875019,109.87298033234401,111.82271575927734,16442650
2010-10-01,112.78707363041906,115.34059937601342,112.41390470465464,114.92969512939453,19627440
2010-10-04,115.62573250733321,117.34904281354014,115.48317258484182,116.73267364501953,12551480
2010-10-05,117.40357415652184,117.40357415652184,115.30708176086966,115.45802307128906,8613060
2010-10-06,116.3133856706665,117.22745320648626,115.07226586074735,115.87731170654297,18793680
2010-10-07,116.06602161379188,116.7327047211475,114.3007784378638,114.96326446533203,27550900
2010-10-08,115.22321794832712,115.3909475782167,110.2000303140997,112.07429504394531,16783180
2010-10-11,113.31120929501009,116.81655099901265,112.71161558115874,114.18335723876953,9992070
2010-10-12,114.0617777744181,115.0177779040255,109.98619558062335,111.27344512939453,8240320
2010-10-13,111.62984474178576,113.8647001261713,111.53340147981996,113.43282318115234,7558410
2010-10-14,114.0240326141718,114.77458049559206,112.18750317707418,113.0261001586914,14343050
2010-10-15,113.21056631330562,113.7975815053655,110.07002543880665,110.32159423828125,3374020
2010-10-18,110.02393980821705,111.34892479602473,107.43267777318967,110.59419250488281,6890700
2010-10-19,110.87092342743706,111.52502811347703,107.88970421193017,108.26288604736328,5646780
2010-10-20,107.75969620272791,107.92741301505517,104.70301347185789,105.63385009765625,5783760
2010-10-21,105.73867516503087,107.00495821696714,105.73867516503087,106.59404754638672,6084660
2010-10-22,106.90433332891676,108.68216102197273,103.83087498873066,105.2522964477539,5048530
2010-10-25,105.89383548382376,107.08045098449833,103.2774105892422,103.92313385009766,7821980
2010-10-26,104.40532501563847,104.70302976152036,101.66730636140468,102.79102325439453,10996330
2010-10-27,102.64426546933936,107.90226540316047,102.03208689557718,107.11817932128906,21320600
2010-10-28,106.92111022864944,111.61725822766985,106.80789784991217,110.66963958740234,19881230
2010-10-29,109.26916898215104,114.38460194294105,109.26916898215104,112.53550720214844,21653400
2010-11-01,113.20639420079966,114.21690508811547,111.29859120687198,112.70742797851562,5330470
2010-11-02,113.21060051658205,113.21060051658205,110.27551087355954,111.46212005615234,3595600
2010-11-03,111.94847749772897,112.59420062684761,111.03860712103494,111.52079772949219,2479830
2010-11-04,112.19588151591498,114.45170938301166,112.10363533858475,113.3531494140625,3763430
2010-11-08,113.21059596846172,113.96532815652819,111.29439873603565,112.30071258544922,3371780
2010-11-09,111.62564342356103,113.21059118835909,111.36568040966958,112.16654205322266,4556870
2010-11-10,111.54177653269916,112.7912906039328,111.34470573616187,112.11622619628906,1909640
2010-11-11,112.29650781444077,113.11832914866608,110.48933261735804,111.57949829101562,3455990
2010-11-12,110.70318696894631,111.67596257408813,106.61083585287155,107.26074981689453,3866040
2010-11-15,107.17270276259056,109.01761366542581,105.41164388498977,108.57315826416016,2840900
2010-11-16,108.59830098438614,109.01759944378533,101.99015956753038,103.43254089355469,7748650
2010-11-18,103.14741527717088,107.75131671194603,101.55407994044657,107.13494110107422,5708650
2010-11-19,107.20623484988988,107.20623484988988,103.19355162762844,103.52899169921875,3424710
2010-11-22,104.50595875716631,105.32778022103403,102.17885084011462,104.93783569335938,5181420
2010-11-23,103.99023101085196,103.99023101085196,100.7616334576655,102.8707046508789,6132090
2010-11-24,102.979710830475,104.38016623968966,99.45759970553142,100.8580551147461,5710310
2010-11-25,96.76153280081478,103.18099288453178,96.76153280081478,99.81402587890625,6038790
2010-11-26,99.8014401021287,100.75324317965968,92.24567863352766,92.89139556884766,9387100
2010-11-29,93.00040947900506,95.96904365547323,91.70896931875706,94.94175720214844,4108040
2010-11-30,94.64405156675376,95.4323347410954,91.88925753598765,94.5853500366211,5857070
2010-12-01,95.17656547789542,102.30883040930125,95.17656547789542,101.15995025634766,7202890
2010-12-02,102.29624498271163,102.56459573905333,98.36322341190305,99.61692810058594,7299700
2010-12-03,100.46391572312085,101.13478943467213,92.45531240670161,93.92704772949219,11322640
2010-12-06,94.35893031868795,99.79304161857875,94.35893031868795,97.93974304199219,11524770
2010-12-07,98.38420773359064,98.74480472864661,94.35055788502498,98.1242446899414,8266470
2010-12-08,97.36949533046419,98.28356296266264,94.96271970766892,95.96903991699219,5651500
2010-12-09,96.1032209751959,96.55606415148486,88.89128760041977,89.41960144042969,7786980
2010-12-10,90.14917444093084,93.0004054237763,86.45934648654182,87.26020812988281,12288380
2010-12-13,88.55584692039525,95.43234654744491,87.88497312130916,94.78243255615234,19358790
2010-12-14,95.24785295888671,98.45129338299249,93.64193886593226,97.7929916381836,15675480
2010-12-15,97.02567295936247,99.37374718192792,95.94807911223347,97.28983306884766,12318650
2010-12-16,97.28982143980441,98.11583992020233,94.34215376942531,97.67557525634766,8107100
2010-12-20,100.128483816904,100.279431533935,97.30660668256127,99.57081604003906,12073580
2010-12-21,101.63794679706326,103.96086390895273,99.79303608411473,101.62117767333984,14478890
2010-12-22,101.67987888868907,102.60233424230866,94.33376790908848,100.60647583007812,8480700
2010-12-23,100.96708383457616,101.3360621776671,96.56864010272203,96.91246795654297,12664260
2010-12-24,92.24566539239535,98.53514257824048,92.24566539239535,98.13681030273438,8909530
2010-12-27,98.20391243331832,99.37375252770704,96.45962899689295,96.9585952758789,4838130
2010-12-28,96.8579397874438,97.66299202571093,95.22686910928033,95.7132568359375,5559260
2010-12-29,96.01933886397914,97.21014484974499,95.43232363099209,96.56861877441406,4030440
2010-12-30,96.27093849769052,99.28149866724193,94.34216283171386,98.70706176757812,12253370
2010-12-31,98.8705879272336,99.3066555536524,97.65461843416574,98.70706176757812,5739030
2011-01-03,100.24588902950816,101.78890448283101,98.9921841751927,99.88529205322266,6765680
2011-01-04,100.68614005518141,100.68614005518141,97.70492778395506,97.92295837402344,7849660
2011-01-05,98.5016009649485,98.5016009649485,95.88098539015955,96.22900390625,6947230
2011-01-06,96.66507007056401,97.6126887428833,91.7257344212453,92.20793151855469,14857590
2011-01-07,92.1618272482204,92.22052879228087,85.62076697696627,86.3713150024414,18265140
2011-01-10,86.62705469060327,88.05266673570115,81.93929510600701,82.66887664794922,18869360
2011-01-11,83.27266965847961,84.6982817424753,78.07336535628842,79.0125961303711,37095460
2011-01-12,79.53254779715118,83.77585357537725,79.53254779715118,83.49911499023438,22557100
2011-01-13,83.85969461572603,86.6857686275513,82.76113466361583,84.08611297607422,22896120
2011-01-14,84.27900011850723,84.35447077892265,80.67722746985518,81.3061752319336,17225540
2011-01-17,81.26005439357645,84.11128560699781,80.12794967003805,81.78836822509766,19800150
2011-01-18,82.18248742684474,85.53687466875678,82.18248742684474,85.15531158447266,14260700
2011-01-19,85.53688128866233,88.89126879017849,84.05256763435544,88.30005645751953,30469140
2011-01-20,87.88495576708692,88.46358326486687,85.88070973153211,87.49081420898438,16252680
2011-01-21,87.21406938858944,87.90171852592619,84.3628389174422,84.94566345214844,9705400
2011-01-24,85.85554057458026,87.54950974265724,85.22659295631115,86.52642059326172,9942650
2011-01-25,87.28536523783193,88.0442944753353,84.44252200889218,85.05889129638672,13188680
2011-01-27,85.53688715792399,86.60190244761921,80.42144714670434,80.76107788085938,20217470
2011-01-28,80.7610785990097,82.43408179833884,73.84684452231892,75.17182922363281,31155680
2011-01-31,75.13828088918966,76.56389945663047,72.12772109207651,75.93495178222656,31122740
2011-02-01,76.05236480732462,77.73794018916861,74.80285065713763,75.41921997070312,17259480
2011-02-02,76.48005719283924,79.24743033516746,75.25151544439201,77.98534393310547,19244120
2011-02-03,78.06498354849218,78.40042359323948,75.84270684776301,77.67922973632812,24870420
2011-02-04,77.73792784411317,78.66038952607985,74.23259264659904,75.15086364746094,19902190
2011-02-07,75.14249218484728,76.64358168617896,73.92652261215457,75.31439971923828,13989880
2011-02-08,75.64145020510628,75.72531502722622,68.17794169154205,68.98299407958984,26065590
2011-02-09,68.51336300674976,70.44213840317413,62.966046398936015,65.60762786865234,34703620
2011-02-10,66.08145282679138,70.77759522103311,64.82355719987014,69.9138412475586,28311470
2011-02-11,70.02285842297643,72.84893297637709,67.68736880731963,72.12773895263672,20655640
2011-02-14,72.72313457640404,75.05443326763123,72.34157139690076,74.45903015136719,19365760
2011-02-15,74.63513724500162,77.03352531325305,72.53864462576,75.31859588623047,24278430
2011-02-16,75.0544220961755,77.28509290772108,74.67705605265192,75.29341888427734,20304090
2011-02-17,75.47373261834852,77.54925898575559,74.99992324955508,77.29768371582031,15825420
2011-02-18,77.31864464510922,77.7714878151489,73.63720414581053,74.07746887207031,19261570
2011-02-21,73.796541296886,77.5702280677495,72.6225041330198,77.17608642578125,21581740
2011-02-22,76.32071942759207,77.1425409549643,74.54289137562237,75.59952545166016,14314760
2011-02-23,75.55758247732979,76.63937328999872,74.34161948216777,74.7776870727539,12616710
2011-02-24,76.14461861413955,77.06707413696967,71.75036523965963,72.65605163574219,19719730
2011-02-25,72.70636070714619,73.62882256824652,70.44215126150709,72.47994232177734,16806590
2011-02-28,73.09211496251005,76.20330895286745,72.03548098907204,72.98309326171875,14723310
2011-03-01,73.79652997482671,80.23276398353049,73.70848087988847,79.1803207397461,27775420
2011-03-03,78.78618396941697,81.44454126717943,77.15931017352878,80.52207946777344,28418920
2011-03-04,81.02523779013224,81.43195781357464,79.26837619571366,79.91409301757812,16135140
2011-03-07,78.6604146518412,78.82813152141478,75.72532464838426,77.12158966064453,19357330
2011-03-08,77.12157576120957,79.02937880122708,77.12157576120957,78.56395721435547,13516010
2011-03-09,78.8197254272417,81.54516551087511,78.40881471376103,81.09651947021484,20926850
2011-03-10,80.61432716306072,80.89526278778894,78.24529320147755,78.63943481445312,15911310
2011-03-11,77.90565312758741,78.24109316648716,74.94121641920519,75.67079162597656,21520270
2011-03-14,75.65402578000513,77.9895149158547,75.14248113807294,77.82598876953125,12626360
2011-03-15,75.47372913362037,77.2263937724672,74.6351321432468,76.23265838623047,16159290
2011-03-16,77.06705196587208,77.98950722332492,75.05441824180194,75.94332885742188,37826080
2011-03-17,75.55758478290456,76.27458799850098,74.22002160861962,74.62255096435547,16008900
2011-03-18,75.89302569726783,76.2116902422241,74.35001034528538,75.03346252441406,16334610
2011-03-21,76.05235490706971,76.06073626951921,72.87407188836505,73.31852722167969,15245240
2011-03-22,73.79651471035592,74.92861905415631,73.29335793510968,73.61202239990234,13878430
2011-03-23,71.99354039635179,75.99365107059607,71.99354039635179,75.67498016357422,15909630
2011-03-24,76.05235837817065,76.73161985080559,75.12989662769495,75.37728118896484,9747240
2011-03-25,75.9684853341709,76.45487304117471,74.9034701530975,76.07750701904297,12012170
2011-03-28,76.14040886788959,77.1383412900464,75.47372582528314,76.22427368164062,11048650
2011-03-29,76.1865287961811,77.654073404135,75.69595036642349,76.7022705078125,17469710
2011-03-30,77.15931537035398,77.81761071919053,76.48004741795165,76.97482299804688,9924690
2011-03-31,77.1509280459732,77.35218954509136,75.65403564942613,76.84064483642578,15650160
2011-04-01,76.9915892277532,80.02312201706766,76.48004454122935,79.63317108154297,16045050
2011-04-04,80.08601018916255,81.50743178948004,80.08601018916255,81.01685333251953,9718090
2011-04-05,81.09652296190536,83.76745231150976,79.33966125482651,83.21398162841797,14289690
2011-04-06,83.02110295355027,84.83666622529296,82.8366105899755,83.60392761230469,14417410
2011-04-07,85.03374657662047,85.1092172440155,83.03369071680709,83.95614624023438,7794150
2011-04-08,83.7758364837475,84.6815227241741,81.4780826349499,82.09445190429688,11368030
2011-04-11,81.763197692739,81.84705610308295,79.86377622740814,80.24114227294922,8253320
2011-04-13,80.67302675384629,82.93724243406491,79.2474144499209,80.65625762939453,10558130
2011-04-15,80.67302488497027,81.62902490625343,79.83442792609122,80.35855102539062,8655830
2011-04-18,80.44660300041362,81.30616612524298,78.08175993579235,78.45074462890625,9560030
2011-04-19,78.45074214586565,78.82810818970685,77.1509143984365,78.49266815185547,7420870
2011-04-20,78.99583838072685,81.76321116393191,78.99583838072685,81.35649108886719,12562250
2011-04-21,81.7632148063351,82.91209510227414,81.35230403105271,81.687744140625,8129920
2011-04-25,81.47808836099694,82.47601444979587,80.9329990262484,82.11541748046875,5977190
2011-04-26,82.1825166408621,83.94356928928295,81.3019871176576,83.7087631225586,9240140
2011-04-27,83.85969278744733,84.53057288894163,81.88060352582463,82.36280059814453,9423460
2011-04-28,82.69405219404999,82.84919059453102,79.7505748787867,80.1405258178711,13443170
2011-04-29,80.49272298776185,80.83655078364956,78.84487677217847,79.51156616210938,7179340
2011-05-02,79.8134708483112,80.33759396552368,77.82180300290378,78.11531066894531,5516410
2011-05-03,78.15722118664225,78.24108598716177,75.60369540127827,75.9684829711914,8098850
2011-05-04,76.31232819266202,76.73162669921511,74.13197723818345,75.06282043457031,7025680
2011-05-05,76.06072642586501,76.06072642586501,71.74195806825523,72.08158874511719,9130990
2011-05-06,72.48833997578241,75.13830365315307,72.2409553510858,74.76932525634766,9417610
2011-05-09,75.54919402814625,76.06073866508787,73.5449478858944,75.21376037597656,8124320
2011-05-10,75.1131380804512,75.69177209668186,73.88039938395339,74.56385803222656,5505290
2011-05-11,74.64771493460523,77.19705070160198,74.13197954691958,76.97482299804688,10245400
2011-05-12,77.15929315223731,77.94756979149014,75.98525635579283,76.38777923583984,9952180
2011-05-13,76.56808208855247,79.64992792834403,76.22845140375624,78.47589111328125,10025490
2011-05-16,78.44235597053407,79.87635592328823,76.19911306817336,77.36056518554688,22389510
2011-05-17,77.57021831304212,77.88888285256631,75.2389198025551,77.44442749023438,20334990
2011-05-18,77.40250170402612,79.24322176904819,76.56809542838776,78.87423706054688,12546410
2011-05-19,79.00002815571688,79.41512955622302,76.75258804690067,77.57440948486328,9893890
2011-05-20,77.57861687727156,78.4088261866346,76.78194582053975,77.06288146972656,7432740
2011-05-23,76.98320989848389,76.98320989848389,74.93703109831888,75.39826202392578,7039230
2011-05-24,75.39825250594932,78.88681238274715,75.07119381944983,76.15298461914062,7133250
2011-05-25,75.89302674174805,76.14460839511446,74.11519883966042,75.55758666992188,9134050
2011-05-26,76.31231191743213,77.28508731620414,76.01461362414292,76.43810272216797,8869420
2011-05-27,76.73581158262152,78.79037794827507,76.54293786705419,78.63104248046875,7260550
2011-05-30,79.33127334568324,80.96654130201573,78.40881794359139,80.46757507324219,10021550
2011-05-31,81.00428045286097,82.16573912104492,80.67303104593363,81.86803436279297,9364820
2011-06-01,82.0567060075776,82.34183228269254,80.25791845855284,80.89944458007812,6095290
2011-06-02,79.66671529951027,80.40467835900922,79.31030901397541,79.76734924316406,4419090
2011-06-03,79.84280919302331,81.29777531017635,78.40880927773436,78.68135070800781,7068910
2011-06-06,78.40882561376371,79.09647495146223,77.67505318154934,78.47171783447266,5672670
2011-06-07,78.40881273937393,79.65832037020144,78.1656188625843,78.8993911743164,5790920
2011-06-08,78.50946045745857,79.40256199161854,76.94547230617802,77.34381103515625,6787800
2011-06-09,77.15091660892074,77.48216597505989,75.68337199951192,76.60582733154297,9095550
2011-06-10,76.77357281190969,77.00837899381054,74.88672919564965,75.34795379638672,8544210
2011-06-13,75.39824578496597,75.39824578496597,73.79652273191043,74.30806732177734,6026460
2011-06-14,74.63513732096253,75.5450143508809,73.73364805296622,74.63932800292969,6035790
2011-06-15,74.63931590843569,75.37308820701719,73.98102065894707,74.52191925048828,4646020
2011-06-16,74.04811702574449,74.12358768406493,72.73152000292691,73.12985229492188,7456930
2011-06-17,73.38141846437274,74.02714165173738,72.24512326271673,72.6434555053711,5320910
2011-06-20,72.95792751477845,72.96211819584329,69.18424160884163,70.72725677490234,6163880
2011-06-21,70.72726694785624,72.28705785849928,70.60986388129061,71.2681655883789,5397590
2011-06-22,71.49458646087724,71.87614963955522,69.9054479270026,70.2828140258789,4239090
2011-06-23,70.31216688872398,70.61406232228062,68.84881281212267,69.85513305664062,6018090
2011-06-24,70.10670912904928,73.64558955373792,70.02285070720103,73.06695556640625,11423500
2011-06-27,72.77345021698927,74.79447215746342,72.18643484730134,74.07746887207031,6886440
2011-06-28,74.54707742125092,74.69382804470885,72.81117563999754,73.7462158203125,4549310
2011-06-29,73.7420250044193,74.62674509362046,72.9830957445713,73.25983428955078,8607220
2011-06-30,73.8133087567169,74.65190579797834,72.79860710454909,74.07746887207031,10051990
2011-07-01,74.60996077646999,75.22213287775581,73.12564080872153,74.01036071777344,7238040
2011-07-04,74.46741661133676,74.87413027265781,73.5239949806086,73.91813659667969,10618330
2011-07-05,73.9642580775554,74.5512798579096,73.10470121008773,73.41497802734375,9763480
2011-07-06,73.46108281250012,75.28503352124154,72.95792598187752,74.57222747802734,8862420
2011-07-07,74.91185890799444,76.55550798295472,74.81961274171724,76.33747100830078,11660940
2011-07-08,76.32489918593247,76.74419765155776,73.71267153652322,74.02714538574219,6532280
2011-07-11,74.83501880540292,74.83501880540292,71.95217030455467,72.24130249023438,8359200
2011-07-12,71.60352605316793,72.44542494499481,70.31092364013654,71.13156127929688,4883020
2011-07-13,71.43343114080078,72.836589121528,71.43343114080078,72.47942352294922,4589590
2011-07-14,72.10523273537181,74.49484855988497,71.65452292386071,73.7847671508789,7362410
2011-07-15,73.81455508716931,74.53314249455826,70.66807833467554,73.26179504394531,3749330
2011-07-18,73.54666379270812,75.33249810676718,72.98539805764949,75.15816497802734,7019830
2011-07-19,74.74572918895015,76.35723040075442,74.3758016800286,75.9617919921875,6551500
2011-07-20,75.96180716598371,76.36575145112964,73.3893581215559,73.7805404663086,8012910
2011-07-21,73.81879285923587,74.06965869243292,72.63249059701805,72.80682373046875,4787070
2011-07-22,73.55942895028028,74.62242647846352,73.30856309075432,73.90383911132812,6156930
2011-07-25,73.8995966994519,74.34605700264872,73.46589184880162,74.00164031982422,4973110
2011-07-26,74.29927825114734,75.4303027006736,73.20226401337737,74.00588989257812,18446020
2011-07-27,74.16747355946042,74.56290556114543,72.96415947111441,73.38935852050781,8634680
2011-07-28,73.30429164668945,73.30429164668945,67.84473903869859,69.673095703125,41452900
2011-07-29,68.12964272773115,69.89846569619428,64.52820006980711,65.72726440429688,23697880
2011-08-01,65.48065469083964,65.48065469083964,57.09572877891888,59.098419189453125,93756040
2011-08-02,57.82705782428076,60.29321305850873,56.65351104529914,57.20626449584961,53955550
2011-08-03,56.55146684359511,60.76519047906642,55.309886545591574,60.37400817871094,60186890
2011-08-04,60.803457097825635,61.64534930253402,57.59320334505634,58.26076889038086,43680780
2011-08-05,55.56075820880086,60.19968132827521,54.990993047910905,59.62141036987305,33393350
2011-08-08,57.82705759058027,60.293212814841596,56.90437664141075,57.593196868896484,27896970
2011-08-09,58.93258457394231,58.93258457394231,54.98248219185902,55.50973129272461,28616640
2011-08-10,56.55146930486111,57.75478330246705,54.13208585817111,55.832881927490234,35146190
2011-08-11,55.42469692255779,57.98014079252655,54.948476078536004,56.802337646484375,35852420
2011-08-12,57.40186757618461,58.67746463343315,55.56500469949607,55.7818603515625,13784690
2011-08-16,56.28359037564886,57.299815740966245,54.595549801959464,54.829410552978516,14737270
2011-08-17,54.67633489387919,55.53098898996067,53.745151340200785,54.531768798828125,19976570
2011-08-18,54.531768798828125,54.531768798828125,54.531768798828125,54.531768798828125,0
2011-08-19,52.71192058211736,57.3848634623318,51.95931973269316,56.632259368896484,21503320
2011-08-22,56.97666719911927,58.26077002279035,53.83869968092218,56.457923889160156,25227400
2011-08-23,57.14673922472932,57.98863786041633,56.007209094355844,57.125484466552734,17027920
2011-08-24,57.23179415858398,58.907072949058836,56.83635567222727,57.26155471801758,16548000
2011-08-25,57.73777921809864,57.81856158288206,54.6805971913211,54.99949645996094,14662570
2011-08-26,54.68059736233233,54.999496631969514,50.45836765856436,51.801998138427734,24295210
2011-08-29,51.02387522704223,55.671303236076376,51.02387522704223,55.19507598876953,17007100
2011-08-30,55.31838889051203,57.90784907465052,55.31838889051203,57.673988342285156,16717180
2011-09-02,58.05667661465796,62.07906256430822,57.12123998321129,61.479530334472656,31223790
2011-09-05,60.36126462444767,62.89119786847322,59.70645440390928,61.8664665222168,22754290
2011-09-06,61.866452328864355,61.866452328864355,59.11541437636728,61.24140930175781,21038020
2011-09-07,62.04929042243739,63.46519731403414,61.43274671204095,62.66157150268555,18139220
2011-09-08,62.83591079106824,62.83591079106824,60.87149339063019,61.40724182128906,16908540
2011-09-09,61.41150023125769,61.65386030835336,57.93761839269972,58.477622985839844,18848940
2011-09-12,56.891625015025674,57.742022977916875,55.462956177847595,55.82012176513672,15035200
2011-09-13,56.122018582931396,57.567692593833925,54.106572978723676,55.30988693237305,16330210
2011-09-14,55.70107115007605,59.0261305726747,55.30563269104065,58.15021514892578,18000530
2011-09-15,58.82628888480341,59.60439740671314,57.087219906747464,57.77604675292969,19808120
2011-09-16,58.086442800732534,58.800780582448354,57.11698948042172,58.367069244384766,14198900
2011-09-19,58.367070421929604,59.09416367084301,57.529434240886424,58.57966995239258,11937810
2011-09-20,58.67747005830682,59.65542919021648,57.997148969668075,59.25999069213867,10407620
2011-09-21,59.27274375304712,59.927553909842686,57.44439306615161,57.74203109741211,13064810
2011-09-22,57.40186855194488,57.40186855194488,53.66011582280625,53.92374038696289,23542130
2011-09-23,53.57932403431344,54.67633493022591,51.466084598232015,53.79192352294922,24933500
2011-09-26,53.664365950412474,54.00027355313455,51.20246332591345,52.605621337890625,21766650
2011-09-27,52.724675978844175,53.84295142456246,51.56813418026649,51.908294677734375,39478060
2011-09-28,51.44907260712571,51.77647436907915,48.17929166533328,48.527957916259766,33363940
2011-09-29,48.04749148551513,50.343566948669434,46.94197463111084,49.90135955810547,36974160
2011-09-30,49.323088551558826,52.367515229625255,49.17426953662792,50.34356689453125,40876000
2011-10-03,49.833321419468966,50.59868091579972,45.921491923582934,46.69110107421875,38342990
2011-10-04,46.2616543501705,48.38764943530681,45.26668696344096,46.96323013305664,34069950
2011-10-05,47.197096450141586,48.600254669236854,46.81441664093275,47.03126907348633,18411530
2011-10-07,48.387643947697335,49.23804188530881,47.62228450624273,48.026222229003906,14225120
2011-10-10,48.13253015073948,49.884351367763536,48.06449999105522,49.56119918823242,14661800
2011-10-11,49.7482801936237,50.938838624066854,48.41740532253339,50.29678726196289,21366780
2011-10-12,50.52214652206973,52.25270637272461,49.323085436898666,51.87853240966797,22932670
2011-10-13,52.04436433763165,53.149881218167266,51.11317738060574,51.93806457519531,21817260
2011-10-14,51.793497497072586,52.120902596471396,50.34782325934905,51.13018798828125,18907300
2011-10-17,51.364052835099415,51.44909135792105,48.98293526795321,49.306087493896484,16331050
2011-10-18,48.47268904839527,49.225289898360714,47.2523699178177,48.795841217041016,12010170
2011-10-19,49.31883654862202,50.13096498801185,49.00843983739267,49.918365478515625,9464220
2011-10-20,49.32733648592854,49.91410993317896,40.73406515705273,49.544185638427734,14476210
2011-10-21,49.74828039604502,50.48387605490683,48.27284266824246,49.361351013183594,26353100
2011-10-24,49.51017736982125,51.1939651828216,49.493169018900694,49.85458755493164,12707240
2011-10-25,50.003400512516116,51.77222986582401,49.1147361816553,51.108917236328125,13982000
2011-10-28,51.980582688659496,57.13824912485482,51.980582688659496,56.61524963378906,26365400
2011-10-31,56.61524937766377,56.95540990604782,54.93571447329419,55.57351303100586,11603230
2011-11-01,55.19083315563189,55.49697696387073,53.66011411443772,54.14909362792969,9101060
2011-11-02,53.57506949510349,55.05901621601268,53.124359631085234,54.310665130615234,12162320
2011-11-03,54.07255521467114,57.57194111387245,54.02578306587406,56.81934356689453,18753270
2011-11-04,57.65273290026825,60.87999186775109,57.57194404931574,60.51007080078125,38296890
2011-11-08,60.646136974694144,61.04156894041013,59.05164068450641,59.816993713378906,19542770
2011-11-09,60.20817707801234,60.37825407173824,56.72579645649556,57.08296203613281,15991290
2011-11-11,55.4459463944795,58.31178995862208,54.87193164361098,57.31682586669922,20643950
2011-11-14,57.65698548990897,58.66895467163377,54.893192062065665,55.82862854003906,27209090
2011-11-15,55.74359101773932,57.180759213574454,54.21712493392852,54.91444778442383,18571760
2011-11-16,54.76563567911012,57.64848454754201,53.50704371126499,56.68328094482422,24382120
2011-11-17,56.81084796138093,57.40187440873514,54.88894634971612,55.22910690307617,16523260
2011-11-18,55.02075444183771,56.100763661483526,51.52987387672115,51.93806457519531,31582270
2011-11-21,51.857270350468816,51.857270350468816,47.792368893701465,48.37063980102539,17080900
2011-11-22,48.472681843921805,49.22103292808077,47.03976341294812,47.77110290527344,33067260
2011-11-23,48.04748581893877,48.04748581893877,45.649363777408176,46.87393569946289,24261720
2011-11-24,46.84842255169441,48.897881453280164,45.53030639610378,48.319610595703125,29271370
2011-11-25,48.00496284016576,48.60874457986483,46.68684672374886,47.26936721801758,20863970
2011-11-28,47.537245649569186,52.54608894507262,47.537245649569186,52.00608444213867,25749770
2011-11-29,52.29947281967101,52.950029962640755,50.02040610231734,50.3775749206543,28025290
2011-11-30,49.578203761081554,51.398054999109284,48.99993284978159,50.44136047363281,21975500
2011-12-01,51.78923462720807,53.63884945446322,51.72970703232708,52.682151794433594,21551940
2011-12-02,52.63113328208799,54.34043513008447,51.831760305917385,54.14909362792969,22181520
2011-12-05,53.149865739112485,54.07679952736302,49.65047715148476,52.040096282958984,19389710
2011-12-07,51.86152212652393,53.532557661206916,49.76529405673046,52.77995681762695,15415160
2011-12-08,52.529089632807185,52.84373601313719,50.70498536741506,51.07916259765625,14595940
2011-12-09,50.55616324885505,50.59868250131445,48.68528694454206,49.85883712768555,20891080
2011-12-12,50.34356221912341,50.721989069379454,46.346690972677486,46.835670471191406,18897350
2011-12-13,46.60181133238903,47.80937822024725,45.80243835311038,47.350162506103516,24387970
2011-12-14,47.197091648970584,47.86040108811581,45.921494577376784,46.18086624145508,16797020
2011-12-15,45.49629565790381,46.32968535730931,44.224951481954655,45.696136474609375,19761380
2011-12-16,45.836456595604936,47.107800783209655,42.647463880066866,43.327781677246094,23251820
2011-12-19,43.1151815274851,43.1151815274851,40.66603424972202,41.94163131713867,28834470
2011-12-20,41.9246171537469,42.73674873118508,39.318148675245645,39.896419525146484,26657710
2011-12-21,40.79358769428922,44.11439040630976,40.57673532469189,43.36178970336914,23967590
2011-12-22,42.68998065917045,44.73093393238308,41.414383646908455,44.084632873535156,28718560
2011-12-23,44.22069898756399,45.470785170103696,43.11518216167712,43.62117004394531,28165730
2011-12-26,44.02935403865393,44.93927956248263,43.7104548155174,44.47581100463867,14731460
2011-12-27,44.38652404729475,44.81597595235969,42.77927232110456,43.14919662475586,18044370
2011-12-28,42.775019514225995,44.21219423602955,41.93737695024223,43.693450927734375,25411790
2011-12-29,43.336281732766444,45.015816501878604,42.792027526391195,44.63313674926758,33670740
2011-12-30,44.81597847632618,45.30920766496151,42.63470861708103,43.1321907043457,24212660
2012-01-02,43.13219524741653,46.13409968170953,42.69849037385448,45.66212844848633,35628920
2012-01-03,45.8364489735706,50.41584032422223,45.8364489735706,50.07143020629883,45359540
2012-01-04,50.003407703001116,51.176957991009466,48.98292933273348,49.816322326660156,42637270
2012-01-05,49.74829097242302,51.23648771091431,48.90639539014006,49.4974250793457,33051030
2012-01-06,49.15300703667104,49.32308729684169,47.30764481044904,48.01347351074219,36776010
2012-01-09,48.47268278802314,49.314578179600886,47.11204737578818,48.66827392578125,28577770
2012-01-10,49.067965002740934,53.944994783314904,48.72780450684237,53.57932662963867,47065780
2012-01-11,53.660116332531295,55.09729113128052,52.60137165528359,54.32767868041992,45764080
2012-01-12,54.00027514017472,54.85067317387826,53.18389380638198,53.71113967895508,29800890
2012-01-13,53.74516072140258,56.364385189953545,53.74516072140258,54.25965118408203,40356170
2012-01-16,54.085312148386144,54.99523775973335,52.98830118073184,54.62106704711914,25783280
2012-01-17,54.76564226093715,57.435891937933576,54.69760885168326,56.12202835083008,28807960
2012-01-18,56.10500712323747,56.891627873645604,55.105793359446,56.44091796875,26851370
2012-01-19,56.976674563328594,58.12896688124237,56.483442092072806,56.84486389160156,20777150
2012-01-20,56.97666320154677,57.656984163341015,54.340430828631746,55.02925109863281,40492900
2012-01-23,54.85067175889083,55.020748766035204,53.46027243701866,53.694129943847656,19758950
2012-01-24,53.57507177115745,56.117759868729834,53.01380924426766,55.47996139526367,33344400
2012-01-25,56.12202183477952,56.976669542224876,55.70957826009626,56.632259368896484,22783010
2012-01-27,56.976667811584676,57.827065838623255,55.92642572915027,56.30910873413086,20151510
2012-01-30,56.97666136211701,59.43431086302333,54.79538859350495,57.95886993408203,36994820
2012-01-31,57.997139833759405,59.86801928879722,56.78532660104048,59.48533630371094,29084490
2012-02-01,59.48534051272657,60.79495427751111,58.860303920101074,60.561100006103516,24418640
2012-02-02,60.71416643757097,61.181881426225246,59.306752353399595,59.85951232910156,22252350
2012-02-03,60.03809100412784,61.22864937287123,57.50390887170918,60.288963317871094,16664860
2012-02-06,61.24567799760774,64.3156161433775,60.54835170479715,63.371673583984375,36282690
2012-02-07,63.43968978206204,64.4431596860066,62.33417627000162,63.13780212402344,25441520
2012-02-08,63.3546552237986,65.0937176926151,63.19307751685937,64.48143005371094,22549360
2012-02-09,64.460170938853,70.48098384269257,64.12001044154603,69.8474349975586,42042640
2012-02-10,69.56256807442098,71.23784690313775,67.91704980581716,69.45626831054688,34000710
2012-02-13,69.39247466867788,70.41295614923038,67.4578179443175,69.2394027709961,27289710
2012-02-14,69.05232914510809,70.92320902103404,68.41028085931934,70.41722106933594,23386210
2012-02-15,70.66806895233088,74.1717108720106,70.66806895233088,73.92084503173828,24337840
2012-02-16,74.40982430301034,74.40982430301034,72.29233511949077,73.27454376220703,15371740
2012-02-17,73.6444771147179,75.34102372791865,71.87564743868212,72.74730682373047,18853750
2012-02-21,72.81532142654024,74.64792789414086,72.62823284727332,73.58068084716797,14384010
2012-02-22,73.57642388617087,74.75422680124659,68.26569312175772,69.04380798339844,21008070
2012-02-23,68.03608740715511,69.52003420382985,65.98663166861773,67.93829345703125,25576750
2012-02-24,68.03185937045835,70.28541600970952,67.06666203701702,69.3967514038086,29955110
2012-02-27,69.22239912265638,69.43499862457608,63.75858932811152,64.51544952392578,19174210
2012-02-28,64.97890144536476,67.94678806185067,64.74503425598328,67.50882720947266,23593300
2012-02-29,68.02760622745329,69.72414648119461,66.769014038892,68.76319885253906,20631750
2012-03-01,68.62712512530977,68.62712512530977,65.586954466481,66.3097915649414,21284540
2012-03-02,66.96884078310669,68.68239219013428,66.36930865135176,66.87104034423828,19983760
2012-03-05,66.84980108675263,66.92633380828694,63.87340747287414,64.39215087890625,14416800
2012-03-06,63.9414252618637,66.20348048197401,59.408802537299174,60.11037826538086,35926650
2012-03-07,59.52786049496222,61.35621750776901,57.68674803109112,58.96659469604492,39566990
2012-03-09,60.12313104841338,64.06047761616385,60.05085449095612,63.61826705932617,26797230
2012-03-12,64.20505769412372,66.32680332712103,63.4822205938474,65.13198852539062,23681330
2012-03-13,65.48064654017737,67.77671856390991,65.48064654017737,67.08789825439453,18850680
2012-03-14,67.60662181005924,68.7631632808201,66.3565360668089,66.63716888427734,18214230
2012-03-15,66.50112806557668,66.50112806557668,63.886156533139705,64.60474395751953,21956060
2012-03-16,64.6302503554303,66.07592441290873,63.06126495016561,63.660797119140625,21145230
2012-03-19,63.77985283400531,64.28158456204886,61.454013681616814,61.79417419433594,17270480
2012-03-20,61.73888645783627,62.971967309951815,59.97005726253881,62.20235824584961,28861800
2012-03-21,62.164084271227125,66.48835675008604,61.55179675421684,66.17371368408203,25823720
2012-03-22,66.33104621280152,66.41608471803404,60.37826001421678,61.143619537353516,29078490
2012-03-23,61.143617125618036,63.86488811385359,60.39951888014499,62.40645217895508,36442470
2012-03-26,62.33417883757097,63.84788630851068,61.62834690826065,62.045040130615234,30165400
2012-03-27,62.66582111628591,64.03496220602364,62.16408299921651,62.920936584472656,22260930
2012-03-28,62.92945486807049,63.09953188061318,59.97006683846392,60.36125564575195,21279720
2012-03-29,59.527864186755075,60.70991697085028,58.856048940941875,60.18692398071289,25052640
2012-03-30,60.36976674024581,62.33419100512921,60.36976674024581,61.35198211669922,19486370
2012-04-02,61.2286785922256,62.844436686014184,61.11812914712281,61.5135612487793,13383970
2012-04-03,62.04503254132836,62.82739708417993,61.51778348609116,61.74739456176758,12558850
2012-04-04,61.402979621647155,61.7984115160531,60.403759531447974,61.147857666015625,14770680
2012-04-09,60.28471010107547,60.79069791894406,57.903593248054385,58.46485900878906,20088090
2012-04-10,58.673215672847704,59.672429486696636,58.213999948244506,59.28975296020508,17572670
2012-04-11,58.93259399075628,60.79496151477727,57.92061812294823,59.02613830566406,21890380
2012-04-12,59.527863219665974,60.70991598455756,59.37904096640793,60.17841720581055,14757700
2012-04-13,60.12313418157662,64.02646425698076,60.12313418157662,62.91669464111328,51402180
2012-04-16,62.32566876016401,64.62174071196479,62.32566876016401,63.95418167114258,17425350
2012-04-17,64.0307147306489,64.59623016930009,62.75937389526487,63.818115234375,15399140
2012-04-18,64.12000333277979,65.56567717603019,64.12000333277979,64.52394104003906,18014490
2012-04-19,64.6600125681426,65.31057304748758,64.2603309332822,64.86836242675781,11023800
2012-04-20,64.88539006582761,64.98318404943153,62.954982375413636,63.84364700317383,21512980
2012-04-23,63.733072613851945,64.26457132018136,59.86801557854955,60.36549758911133,14717810
2012-04-24,60.467559741710524,60.82897504131615,58.76250739925727,59.04738998413086,19713230
2012-04-25,59.10265534778051,59.85950897635787,57.427370409911106,58.4946174621582,20560080
2012-04-26,58.64770455234415,59.851012076665235,57.28281283526959,57.65699005126953,19668880
2012-04-27,57.852579827898886,58.337306469651104,56.48343841227865,57.93336868286133,17277020
2012-04-30,57.763287385378966,59.44282215638829,57.763287385378966,58.95809555053711,11388970
2012-05-02,59.10266435151242,60.488810834428236,59.01762584429454,59.28975296020508,14894380
2012-05-03,57.742032735400585,59.06014590780914,57.452894005386526,57.81431579589844,10730030
2012-05-04,57.486910012391554,57.86959304854088,55.63729804574887,56.8746223449707,14105140
2012-05-07,55.798867162525234,62.062046360088104,55.114290052940945,61.37747573852539,25470450
2012-05-08,61.6538595901625,62.53827435457027,58.048173618363386,58.66896057128906,25966850
2012-05-09,58.141712798720604,58.93258318740076,55.866895584693516,56.185794830322266,21203080
2012-05-10,56.126263277742495,58.30327989840933,55.743586805148226,56.23256301879883,20789610
2012-05-11,56.12627395690675,56.79808922677182,51.50436241253172,53.36248016357422,49032680
2012-05-14,53.149875165990885,53.77066531864835,51.763725513338784,52.70341491699219,34502030
2012-05-15,52.29947927924307,55.913670936751735,52.04436051692702,55.5309944152832,30790410
2012-05-16,55.445950491780856,55.445950491780856,52.0911336743286,52.63964080810547,31523780
2012-05-17,52.72467046679199,53.821684550228106,50.611434383535425,51.202457427978516,30900360
2012-05-18,50.173477912526835,52.21443424386101,49.378357923469714,50.97285079956055,27491140
2012-05-21,51.18970806907868,52.971292942172006,50.71348401454953,51.96782302856445,19607470
2012-05-22,52.43128293277182,53.23490871091958,50.267021774694165,50.52214050292969,19769800
2012-05-23,50.36482475616352,50.53065212147141,48.48969868537002,49.11048889160156,24881870
2012-05-24,49.66324397155935,50.84104376171901,48.14103078912038,50.61994171142578,29156970
2012-05-25,50.220259960431285,52.30798560511319,49.778052559982825,51.64892578125,25455780
2012-05-28,51.789240144625595,52.20593335318537,50.700728485099006,51.716957092285156,19751770
2012-05-29,51.8742762275242,53.56656961706556,51.84451242830162,52.87349319458008,24177530
2012-05-30,52.54184049625979,52.89475644613905,51.746717195449456,52.554595947265625,17794310
2012-05-31,51.933807508008655,54.42547399904848,51.79349105429221,53.46452331542969,31533010
2012-06-01,53.65586227116106,54.000272419374376,50.87080755350236,51.06214904785156,22581250
2012-06-04,50.602932411645696,51.959314975868736,49.35709924848693,51.78923797607422,17066880
2012-06-05,51.959308942627466,52.72466832887663,51.06639182134374,51.27048873901367,14818210
2012-06-06,51.4490827987157,53.59633920486161,51.4490827987157,53.2944450378418,16752970
2012-06-07,53.77916708891511,55.67980375758252,52.40577299008608,55.15256118774414,28436490
2012-06-08,54.765630498295145,59.442819327546694,53.0478262117251,54.50200271606445,21927570
2012-06-11,55.26736111362947,58.57540862965117,53.62609604987452,54.28090286254883,19677340
2012-06-12,53.617587648842054,55.10578723735506,53.14986944651484,54.752864837646484,20224440
2012-06-13,54.803903387409704,55.42894648819553,54.166104834609676,54.54027557373047,16251080
2012-06-14,54.42547172707245,54.765632222971014,53.205152679358974,53.57932662963867,14865620
2012-06-15,53.762167324179565,55.862651606911314,53.762167324179565,55.32689666748047,16559220
2012-06-18,55.69681454645744,56.37712899502364,52.8097099519385,53.281681060791016,18329410
2012-06-19,53.40499753994597,54.34043735271609,52.9925572056551,53.92799377441406,13543670
2012-06-20,54.08531034071618,55.76059540281681,53.927988790262226,55.186580657958984,16762940
2012-06-21,54.00877330442412,56.381387648233385,54.00877330442412,56.10926055908203,15488720
2012-06-22,57.3806016528518,57.3806016528518,54.272398114663794,55.13130187988281,15382240
2012-06-25,55.19932873302468,56.54720857541054,54.782629106277625,55.05475616455078,12927060
2012-06-26,54.77413710030386,55.5309907847645,54.353187763791695,55.14830780029297,12616680
2012-06-27,55.3056391673475,57.09998623379194,55.18659043587515,56.751319885253906,20454220
2012-06-28,56.77257493286128,57.55918922657434,56.27083671579188,56.91289138793945,19586170
2012-06-29,57.4018713062484,58.33730791141238,57.36785460394866,57.80155944824219,15143900
2012-07-02,58.17573087711882,58.54990158901281,57.21902662951165,57.784542083740234,12091150
2012-07-03,57.97161988979852,59.612888000171075,57.7037489788452,59.11540603637695,22675690
2012-07-04,59.82125948759579,62.01953794838178,59.20472212039272,61.755916595458984,31318030
2012-07-05,61.90896934772754,62.39369588832945,61.13936029087918,61.46250915527344,18223020
2012-07-06,61.22865983664346,61.28818744085264,59.62140803497335,60.8757438659668,19725050
2012-07-09,59.70644602802319,60.544088622331834,58.84754218496119,59.88502883911133,17653810
2012-07-10,60.03808600634253,60.96502302262461,59.75745316295268,60.629112243652344,11090170
2012-07-11,60.37400395557281,61.44975682830734,60.26770421330243,60.76943588256836,11202810
2012-07-12,60.74794858258945,60.96280304492509,59.854159789290506,60.228004455566406,10646880
2012-07-13,60.42137958809326,61.100320559358785,59.15373941584554,59.42875289916992,11931580
2012-07-16,59.42016014504617,59.6307133591993,57.94196013223049,58.0579833984375,11508420
2012-07-17,58.543557547002365,59.011938791573904,57.280212015755815,57.73570251464844,13970430
2012-07-18,57.61108017807143,58.52636241381221,57.01808623774419,57.851722717285156,15952690
2012-07-19,58.30720951575285,59.85845911522616,58.05797753348187,59.25686264038086,14367470
2012-07-20,59.29983693071688,60.90695081379379,58.466200492886564,60.42997360229492,14086690
2012-07-23,59.3041281852314,59.84986037251936,57.62397122049946,58.070865631103516,10016230
2012-07-24,58.010708469481735,58.56503668890843,57.323171524145174,57.606781005859375,9917610
2012-07-25,57.58099861038274,58.04937978663202,55.69887133373576,57.55092239379883,17245940
2012-07-26,58.01070041100956,58.01070041100956,54.31520459606602,55.32501983642578,25954200
2012-07-27,55.325033254284726,56.7989319637958,54.73203274140957,55.380897521972656,13794930
2012-07-30,55.87075849205862,57.72280298355813,55.638711991477415,57.357547760009766,11114270
2012-07-31,57.65834915067143,57.84742215543042,56.04694699445819,57.4177131652832,13568170
2012-08-01,57.202853218682165,59.643603459667,57.164180986895765,59.21818923950195,13772540
2012-08-02,59.33851371952389,60.54599494991256,58.81426821954292,60.27527618408203,13465240
2012-08-03,60.15925364423342,60.58896259883508,58.24274882170113,60.0819091796875,12496680
2012-08-06,60.262385829974484,62.00700312718828,60.262385829974484,60.945621490478516,10575930
2012-08-07,61.01867008031261,62.22185643551738,60.84678912535684,61.723392486572266,12030280
2012-08-08,61.87809156922281,62.80626451640239,61.646051610847174,62.04997253417969,12583550
2012-08-09,62.737515028112135,63.12425051171417,61.77925922148463,62.462501525878906,10707500
2012-08-10,62.565630802302294,63.16722075821647,61.25501708744774,62.80626678466797,10411870
2012-08-13,62.66447375638758,64.34893250492098,62.329301210124505,63.96649169921875,10549610
2012-08-14,64.03522054402744,64.88604230925421,63.751611103339414,64.43914794921875,9853390
2012-08-16,64.18133459259711,64.88605706935496,63.717248099585035,64.50361633300781,10856140
2012-08-17,65.07513168626008,65.21263515602166,61.62886368744191,61.9339599609375,19098090
2012-08-21,61.96404020847995,63.287544794753735,61.30229119376275,63.01253128051758,12442420
2012-08-22,62.41094257017184,62.9781550865091,61.49566022792728,61.92536926269531,12256710
2012-08-23,62.256236846025935,63.0855719998432,61.40540837578752,61.83511734008789,11147280
2012-08-24,61.44838949947034,63.76881557112023,60.69639871888241,63.382080078125,23011470
2012-08-27,63.39926114195366,64.08679814481077,61.6073754505824,62.01130294799805,13995530
2012-08-28,61.96402416612741,62.47108409484697,59.73383385054102,61.053043365478516,19795760
2012-08-29,61.05304828848033,61.07882977633793,58.87012603974792,59.21818923950195,14982400
2012-08-30,59.04201994512294,60.58897512422191,58.22987011530589,59.729557037353516,17848940
2012-08-31,59.90143132284465,60.674908825762245,58.53495986505599,59.617828369140625,16488830
2012-09-03,59.70805865333089,61.12609953205016,56.91925170058263,57.675537109375,34241220
2012-09-04,57.409121344776295,58.35447977284338,56.343438372126016,58.15681076049805,26475090
2012-09-05,57.83022559977193,57.83022559977193,55.98677727027934,56.29616165161133,16692710
2012-09-06,56.37782001732662,57.40912556110129,56.2102337680286,56.57548904418945,14443300
2012-09-07,57.15129464149718,58.42323611401623,57.00948989052846,57.898990631103516,13715290
2012-09-10,58.268543566930155,59.49321029426444,57.92906978192983,59.2482795715332,11829330
2012-09-11,58.87442362344086,59.07638736390236,57.83882998886422,58.852943420410156,11425440
2012-09-12,58.97755693489261,59.96588889070662,58.62089769811962,59.75532913208008,11610740
2012-09-13,59.72954665894238,59.88424214997289,58.6982477566313,59.0806884765625,8773710
2012-09-14,60.20651732749442,61.65033956777908,59.75961637675704,61.22063064575195,12561610
2012-09-17,61.35384086916815,63.12423957320795,58.92168673712651,62.4667854309082,26529920
2012-09-18,59.34711116890704,63.059796723977,58.01071589599247,62.56133270263672,18167280
2012-09-20,62.312098996659174,62.39374475479315,60.41708731214484,60.7436637878418,11428360
2012-09-21,60.99289434447683,63.897724720923335,60.8553843220743,62.80626678466797,17563390
2012-09-24,62.95236525044379,65.65953312206952,62.42381848680293,64.07390594482422,18185580
2012-09-25,64.03521728515625,64.7872012466133,62.939458361417586,64.03521728515625,10678870
2012-09-26,64.07390993738395,65.33725545998651,63.00393215548117,63.536773681640625,13573040
2012-09-27,63.57975012395679,64.58526766723301,63.16722657559664,63.480918884277344,10910320
2012-09-28,63.5969141747287,65.95601828396887,63.5969141747287,65.05362701416016,16324410
2012-10-01,64.88605836841323,65.70250283773055,62.82345387712238,63.38637161254883,16505080
2012-10-03,63.167218177847076,64.57666306570366,63.15862216258838,63.46371841430664,14408740
2012-10-04,63.59692713609959,64.96339850430898,63.416450156723165,63.87194061279297,11897430
2012-10-05,64.55947676775628,64.77433124861123,62.9437668753505,63.44652557373047,10825050
2012-10-08,63.41644301733688,64.37039734152984,62.85782011158208,63.188697814941406,8284530
2012-10-09,63.59693331090571,64.44346058290206,63.425052330098374,63.850460052490234,8334770
2012-10-10,63.596932575534574,64.71417860838093,63.16722357164583,64.28446960449219,12243290
2012-10-11,64.43057648141605,66.6951450275375,63.5539663411188,66.40723419189453,15208710
2012-10-12,66.51895127839471,68.2936514603287,65.66812933566152,65.93025207519531,10521200
2012-10-15,65.57359011034875,66.55762074661531,64.86027166102315,65.75836181640625,8234530
2012-10-16,66.16657921596149,66.30408922086546,63.81177611510327,64.20710754394531,8444410
2012-10-17,64.02663931413275,64.02663931413275,61.710508127391705,62.43242263793945,15736970
2012-10-18,62.56564500230662,63.511003671948565,61.87810784792689,63.227394104003906,10401450
2012-10-19,63.22738292397307,63.87194643341557,62.73751491907033,63.21019744873047,10746120
2012-10-22,62.995339029366676,64.76144319771971,62.393742523849525,64.53369140625,10570860
2012-10-23,64.03522425647739,64.77002938507182,63.84184999953729,64.1297607421875,6092610
2012-10-25,64.20281138486912,64.41766584511686,62.565621446875426,62.83203887939453,11764660
2012-10-29,63.39925703992693,64.3704034853909,63.05120038844316,63.394962310791016,9085790
2012-10-30,63.167214609598446,63.90201978700458,62.40233321574355,63.20588684082031,9656400
2012-10-31,63.4594291906269,63.84186998185236,62.668766114337814,63.46802520751953,6735320
2012-11-01,63.40784538453434,66.26111226999255,62.999623233500486,65.7239761352539,12004580
2012-11-02,66.01189698349343,66.3470694916485,64.48213393461357,64.8473892211914,9529970
2012-11-05,64.62822949075219,65.1782564735539,63.652794804112204,64.73565673828125,5926440
2012-11-06,64.62822329415745,65.1052004897272,63.50238794618704,64.34891510009766,8349790
2012-11-07,64.28446105864714,65.31575990814575,63.339096130295545,64.80440521240234,5205260
2012-11-08,64.62822439579446,65.11379761453418,63.927796698934635,64.41767120361328,6987380
2012-11-09,64.4520358487246,65.65522199752876,63.730121536707315,64.2973403930664,9795750
2012-11-12,64.28446723794839,64.84308367696784,63.91491724593499,64.37470245361328,4299050
2012-11-15,64.2844764040453,64.5594899333495,63.1672302530246,63.36919403076172,5845240
2012-11-16,63.42503928786637,64.54227854705192,62.19177678423246,62.83203887939453,6093380
2012-11-19,62.93948070653714,63.25316645533473,61.96403939487204,62.30780792236328,5357010
2012-11-20,62.307794478779854,62.956652598752406,60.54598525354127,60.9971809387207,9160040
2012-11-21,61.319467746699694,61.319467746699694,59.64360541269742,60.42997360229492,8660450
2012-11-22,60.74366512725814,62.08435512286387,60.54599610021519,61.58159637451172,6485150
2012-11-23,61.87808639321237,62.30779532649857,60.674900068643424,61.76206970214844,5354300
2012-11-26,61.70621236015618,62.5656303230729,60.58896638562896,62.024192810058594,3738300
2012-11-27,62.13161670983508,63.57974035802327,62.07575900390357,63.313316345214844,5713440
2012-11-29,63.59692414012667,64.54228251192308,62.41522453617161,62.733211517333984,12323300
2012-11-30,63.15862977302205,64.28447186138712,63.0555038048452,63.84186553955078,6414020
2012-12-03,64.02233845367834,65.22981954715715,63.897719187063856,64.67549133300781,6137790
2012-12-04,64.7313548147923,67.84244991793828,64.02663241159591,64.89894104003906,7079330
2012-12-05,64.88605950088828,66.68223998747119,64.88605950088828,66.43730926513672,11435970
2012-12-06,66.60059699299899,67.15921997687654,65.53921529068322,66.74669647216797,10840410
2012-12-07,66.78536592243513,67.36117435645319,65.30716604770825,65.85719299316406,5639110
2012-12-10,65.83140693481766,65.85289369274079,64.89464461227817,65.5735855102539,4399790
2012-12-11,65.81422425260368,66.38143665615979,64.32313367389105,65.0665283203125,7868100
2012-12-12,65.05362799042729,65.31575067316545,63.94927956294295,64.47351837158203,7653090
2012-12-13,64.77005528974976,64.83880376034939,62.39375801055427,62.9523811340332,6501440
2012-12-14,62.74610110121285,64.37040036589212,62.290610675021256,64.01803588867188,5343440
2012-12-17,64.05671193053271,66.1493990463656,63.91491374226096,65.89157104492188,6708680
2012-12-18,65.83141903550968,69.95662815517761,64.97200101531546,69.1788558959961,25146230
2012-12-19,69.28199415163124,70.26602498116819,68.95111635056296,69.40230560302734,12903230
2012-12-20,69.42806846405436,71.45200041092295,68.38387891063178,70.82032775878906,14620190
2012-12-21,70.48087194805252,71.22856141095565,68.83938042235032,69.17455291748047,13025810
2012-12-24,69.18744211033751,70.4464928604281,69.18744211033751,69.52262115478516,6421860
2012-12-26,69.51831495602829,70.56251113735948,69.14876498851743,69.8620834350586,6775450
2012-12-27,70.02538311014119,70.6570558789872,69.05853783825516,69.2776870727539,12001950
2012-12-28,69.61284618331979,70.6871185009636,69.4495546928498,69.93942260742188,7680480
2012-12-31,70.37343817656613,70.60118997875279,69.61285796784155,69.7933349609375,6099100
2013-01-01,70.29608709349046,71.70553195575303,70.2187426280821,71.42622375488281,9513620
2013-01-02,71.9934363902051,72.53487387706019,70.75157775606365,71.09964752197266,9909570
2013-01-03,71.47778673182172,71.96765468325641,70.91057431497866,71.42622375488281,7435450
2013-01-04,71.42623582409874,71.42623582409874,70.40352622974278,71.12113952636719,5631880
2013-01-07,71.40473371998881,74.45996454339499,70.73009409424527,73.46304321289062,21917940
2013-01-08,73.28686281599312,73.28686281599312,71.98913994962417,72.65948486328125,10487750
2013-01-09,72.65948844425893,73.4458566492164,72.019226272863,72.50909423828125,10510370
2013-01-10,72.87863686719281,73.71656796606516,72.38876895117221,72.9688720703125,9652330
2013-01-11,73.23958345114401,74.2021271577287,70.98790653197138,71.43910217285156,13703300
2013-01-14,71.43910764732121,73.17943007731523,70.90197149959698,72.89582061767578,6257390
2013-01-15,72.83135979949752,74.39549984684757,72.74111805047245,74.00446319580078,9713000
2013-01-16,73.56617501456235,73.89705276035428,71.86453114988096,72.12235260009766,9632270
2013-01-17,72.30711942098549,74.40840245563412,71.5035657923931,74.02595520019531,10774920
2013-01-18,74.41700294789975,75.147513507852,73.40719071198544,74.75218200683594,9505320
2013-01-21,74.94123822556273,75.37954319029203,73.99587984733029,74.3525390625,5995550
2013-01-22,74.48144576579108,75.17327736952966,73.58335572225072,73.86695861816406,6076340
2013-01-23,73.952917045128,80.73372413002517,72.62081660304675,73.48883056640625,5571310
2013-01-24,73.69078374974609,73.69078374974609,71.12971574677067,71.75279235839844,7930880
2013-01-25,71.50356320946862,74.68341322024389,71.15550002584583,74.3353500366211,8782030
2013-01-28,74.58457630999412,75.56431871239842,73.42866478457799,74.82951354980469,18207820
2013-01-29,75.02719269787035,76.80618766418246,73.97870170729085,74.6103744506836,11573740
2013-01-30,74.68341054653973,74.8896689892954,72.79268739129353,73.02043914794922,9156150
2013-01-31,73.05911583367936,76.6600722931642,72.62940689356782,75.8436279296875,19687550
2013-02-01,75.37094567355338,75.97254212541452,74.55450130790237,75.51705169677734,9242120
2013-02-04,75.80065164220287,75.92096961648907,73.54898107469997,73.9099349975586,6254250
2013-02-05,73.65211918181541,73.73806622635836,71.78288898610664,72.04071044921875,7362520
2013-02-06,72.46611890667627,73.55757678239516,72.28134720076463,72.63370513916016,5774070
2013-02-07,72.62081859902175,73.39429608481694,71.22855912459038,71.7699966430664,5927620
2013-02-08,71.67544346915427,72.58212948054604,70.8117309690812,71.31018829345703,5507600
2013-02-11,71.35316672355327,71.74420341026321,70.55390787852357,70.87189483642578,5352050
2013-02-12,70.76018566830105,71.06528196670166,69.09721380899092,69.6859130859375,7020990
2013-02-13,69.18744469332542,70.7988534657725,69.0112689840689,69.3421401977539,5691840
2013-02-14,68.9253031404385,69.35501202923635,67.05607340827028,67.53305053710938,6617850
2013-02-15,67.51586678806788,68.92531159159441,66.83692587369967,68.35379791259766,6347270
2013-02-18,68.49990514420925,69.40659128901147,68.00573591868073,69.04133605957031,6376380
2013-02-19,68.97689384216791,70.1285108704193,68.12606526021459,69.87068939208984,8309330
2013-02-20,70.0382676994229,70.34765868377765,69.2261180047013,69.57847595214844,5194770
2013-02-21,69.0714174720267,69.0714174720267,65.65952743459226,66.0032958984375,8773780
2013-02-22,66.00331135410372,67.14633242055038,65.75407932337545,66.46309661865234,6663920
2013-02-25,66.94865611793091,67.1849973531985,64.73565107821948,65.94743347167969,6913710
2013-02-26,65.75406309643799,66.08063952670953,64.88604921146926,65.577880859375,7253540
2013-02-27,66.00330172286317,67.18929614310667,64.57236348074407,66.84552764892578,7399320
2013-02-28,67.4342449409549,67.4557251480834,62.60860756599597,63.53248596191406,12739970
2013-03-01,64.0739046770023,65.30716732075128,62.61719153329415,64.23289489746094,4991690
2013-03-04,65.31576376704567,65.51343277924437,61.25931002084023,61.56439971923828,6048400
2013-03-05,61.79214374756743,63.158614960140085,61.21203408527135,62.539833068847656,6365870
2013-03-06,62.823448860294974,64.62822518723772,62.823448860294974,64.19422149658203,9577040
2013-03-07,64.19420733891906,64.19420733891906,61.88667282275248,62.75038528442383,11719700
2013-03-08,63.08128891259425,64.75285682994445,62.909401361048424,63.902034759521484,7878410
2013-03-11,64.10397579847147,64.10397579847147,61.964027137336544,62.32068634033203,8178330
2013-03-12,62.57421415594124,63.038300601012466,60.34832497939171,60.726470947265625,11937170
2013-03-13,60.59325541723887,61.53002431828739,59.74672827881997,60.40418243408203,9543860
2013-03-14,60.670608284077744,61.58589045458355,59.935803087490015,60.928436279296875,7095390
2013-03-15,60.82958606058451,61.80932175114116,59.90141333579286,60.19361877441406,7501900
2013-03-18,59.789707513476905,59.789707513476905,58.689653568278146,59.02482604980469,5426850
2013-03-19,59.17521217139077,59.72093772273373,56.425071432170164,56.81181335449219,7187200
2013-03-20,56.75596139161918,56.893464852092954,54.27653880547963,55.024234771728516,8015790
2013-03-21,55.282053786234506,55.77192828372362,52.858498849301114,53.614784240722656,9692780
2013-03-22,53.53743770487922,53.962848630890925,49.8333422411658,53.18077850341797,13163720
2013-03-25,53.627679216642306,54.34959039650392,52.10650911341892,52.347145080566406,7900470
2013-03-26,52.25260651841497,52.25260651841497,51.09239369022612,51.53929138183594,10684950
2013-03-28,51.539295707689696,59.36429250053427,50.53377499756637,57.78296661376953,46123170
2013-04-01,57.05675246460074,57.82163385239504,55.866456866222315,56.9965934753418,12578210
2013-04-02,56.37781781363752,60.94133171670525,56.37781781363752,59.95729446411133,16287370
2013-04-03,59.33421003740305,60.808108524894145,58.48768291795706,58.93028259277344,13621170
2013-04-04,58.35877446647421,59.385778647777784,57.58959829123086,58.49628448486328,14757170
2013-04-05,58.182596123742066,59.03342466680814,57.194270666725096,58.0579833984375,9596150
2013-04-08,57.92906820143567,59.29984093593298,57.30169674452296,57.70991897583008,7264910
2013-04-09,58.44901540854502,59.25686380621412,56.7344742732354,56.94503402709961,10544210
2013-04-10,57.580997517262524,57.73998772565187,56.39500321244328,57.14269256591797,8984950
2013-04-11,57.75288136197002,57.864609887483645,55.32932309988538,55.961002349853516,10437670
2013-04-12,56.11998770637385,59.213890626263556,55.27346060744116,58.40174102783203,11652690
2013-04-15,57.88179451357151,58.78418593535932,56.86768112474374,57.099727630615234,10876690
2013-04-16,56.721581618402375,59.98737227371236,56.55399538953063,59.57914352416992,11977300
2013-04-17,59.65221379374796,63.93641357016991,59.5104090196535,62.982452392578125,21468870
2013-04-18,63.01682162590068,64.10398486097887,60.86827664640405,61.641754150390625,25064480
2013-04-22,61.534329427235335,62.99104272085468,61.39682595245964,62.35078048706055,9304060
2013-04-23,62.72890851735742,64.41336675632688,61.55151023142133,62.32068634033203,14727990
2013-04-25,62.651565678505044,63.399255048650005,61.70620730806402,62.93087387084961,10248120
2013-04-26,63.081267552532594,63.54535394930171,60.16784174795766,60.537391662597656,11512130
2013-04-29,61.1475798759113,61.272192576171285,59.47171117440376,60.10768508911133,6024870
2013-04-30,60.3311352725289,60.99718547091693,58.612299435056975,60.39559555053711,11925960
2013-05-02,60.33972252618738,61.353835785318154,59.815477147332814,60.25808334350586,7322840
2013-05-03,60.58895206458665,62.45818831484599,59.35138839231359,60.984283447265625,11655890
2013-05-06,61.10461275200183,62.43671314967702,61.0186722714379,61.92965316772461,8357510
2013-05-07,62.0070079357499,62.72032642551369,61.353848441698794,61.959739685058594,10186270
2013-05-08,62.049969072941636,62.62578404278827,60.756547508168005,61.087425231933594,8690130
2013-05-09,60.726466568395,61.51712939253805,60.026038943909086,60.35261535644531,8017030
2013-05-10,60.2451938563494,60.79522079125083,59.347103718859856,59.69087219238281,9336660
2013-05-13,59.9873757436266,60.5889656880061,57.70562212744906,58.19118881225586,8436060
2013-05-14,58.440413074064196,58.784181521161535,57.68842246465528,58.22126388549805,6361600
2013-05-15,58.09665092910817,59.96158626910352,58.09665092910817,59.53617858886719,6569460
2013-05-16,58.97755488214553,61.237821655964844,58.87012764192305,60.47724151611328,11012520
2013-05-17,60.588964220620085,61.36244167097442,59.94869550066374,60.76084518432617,8221960
2013-05-20,61.293691021377036,61.955439991225035,59.8670605620205,60.17644500732422,9252370
2013-05-21,60.33113961082923,60.55459012168323,59.15803590331368,59.40297317504883,6655750
2013-05-22,59.7037653451561,60.14207033050218,58.268538958894894,58.852943420410156,6714810
2013-05-23,57.50365477298441,59.557663027176375,57.15988630199517,59.11935806274414,19827110
2013-05-24,59.557663460591066,61.68901619392588,58.45760303405247,61.25501251220703,15511640
2013-05-27,61.36243847676871,62.26052859553434,60.778034051015176,61.753475189208984,9839520
2013-05-28,61.89956498596315,62.54412830086696,61.3882103737122,61.79643249511719,6783240
2013-05-29,62.29919587782564,62.29919587782564,60.232297071745904,60.739356994628906,5113130
2013-05-30,60.21941948723835,61.95974226275289,60.0174557310495,61.71051025390625,8197640
2013-05-31,61.55581679972561,61.55581679972561,58.52636691287388,58.78419494628906,9148860
2013-06-03,58.61229116588069,60.07330535571111,58.61229116588069,59.630699157714844,6453330
2013-06-04,59.729544859970495,61.92965261561712,59.729544859970495,61.07883071899414,10795550
2013-06-05,60.59756085062822,63.00392715111874,60.59756085062822,62.471092224121094,8019940
2013-06-06,62.153106605486414,63.97507504116476,61.88668913607239,63.309024810791016,10756220
2013-06-07,63.16722651321345,63.46802151857517,61.72769866041468,62.03279495239258,7661440
2013-06-10,62.3292998565945,62.90940314783396,61.59019975605428,62.428131103515625,11134820
2013-06-11,62.09294242830074,62.55272758897523,58.7841848697866,60.567474365234375,15309710
2013-06-12,60.04324363922586,60.50302886233673,57.15989334749082,57.830238342285156,12185420
2013-06-13,57.275912416025534,58.43612532634984,56.74307093152732,57.66694259643555,8298500
2013-06-14,58.19549009363632,59.44593823198274,58.19549009363632,58.84005355834961,5397620
2013-06-17,58.99044965938289,59.626417129063995,57.68413721397861,59.40297317504883,5070830
2013-06-18,59.274050579970336,60.67489932484911,58.887308610650926,60.460044860839844,5928400
2013-06-19,60.58896199485612,62.196075829507684,60.50302151616014,61.30228042602539,8347850
2013-06-20,60.417080998940854,60.50302147758203,58.87012615604667,59.08927536010742,6415570
2013-06-21,58.53495299250479,59.06779444458499,55.86216283096833,57.55092239379883,10236370
2013-06-24,57.9247706397989,58.5564367952878,56.56688871691549,57.97633361816406,9964350
2013-06-25,57.92476804585762,58.61229843501271,56.04694202364734,56.35203170776367,11651180
2013-06-26,56.46375761687842,56.54970465875672,54.94259070547776,55.50550842285156,11251740
2013-06-27,56.248899160603166,56.549700672294826,54.37966915461809,55.294944763183594,15405980
2013-06-28,55.62582926027467,56.859098560490416,55.62582926027467,56.57548904418945,11501940
2013-07-01,56.124285924729456,57.36614452138325,55.81489495781988,56.657127380371094,10213960
2013-07-02,56.119984905572004,57.22003863935751,54.835152935419224,55.1832160949707,19418150
2013-07-03,54.577337342588486,54.65897981778019,51.65101701979249,52.48465347290039,20392400
2013-07-04,52.53621409240966,53.70932090025224,51.994779928911626,52.574886322021484,14565550
2013-07-05,53.02609055529239,53.97144903143789,52.596381560968176,52.9702262878418,8732290
2013-07-08,52.51042978163667,52.51042978163667,51.268571239828496,51.89165115356445,7588110
2013-07-09,52.41589981280359,52.991708239295214,51.921733858498314,52.3299560546875,7491970
2013-07-10,52.33855185482236,52.84560855115844,50.74862675960354,51.05801773071289,10978880
2013-07-11,51.65101599384182,53.0260866412317,51.65101599384182,51.908843994140625,12370780
2013-07-12,51.99478198479116,52.40730217572302,51.13536410074502,51.71976852416992,7814750
2013-07-15,51.71977209136539,52.20043844899481,51.081796259047564,51.62363815307617,8903900
2013-07-16,50.95070473817956,51.51002584214733,49.56113991196481,49.89323806762695,9379310
2013-07-17,49.72718812256863,49.95441105929479,48.21526896481983,48.96685791015625,9475230
2013-07-18,49.02802618081143,50.338936007398004,48.21526182162247,49.749027252197266,9753850
2013-07-19,49.79710514595374,50.86331310582768,49.46500698350145,49.93693542480469,6249130
2013-07-22,49.49121575840214,49.932552992287185,48.55172973163887,49.30768585205078,8833530
2013-07-23,49.82332420859096,51.020624559744185,49.46500889681221,50.74533462524414,7269650
2013-07-24,50.25155079736229,50.671041603960546,47.79577815822158,48.96685791015625,11008480
2013-07-25,49.37760319367263,50.496245172655044,48.993070846851445,49.53927993774414,12457450
2013-07-26,49.60484517691878,50.00686020984737,46.88252327191443,48.490570068359375,10628520
2013-07-29,48.075440709299386,49.10231960183453,47.54234007892068,48.17594528198242,6896410
2013-07-30,48.075434985152526,48.44249149622935,46.0784823409576,46.58536911010742,6399240
2013-07-31,46.14403111163993,50.25154975867777,45.00790978385922,49.45626449584961,18341470
2013-08-01,49.89324100814114,50.25155631985175,47.14906959643299,48.324520111083984,9058950
2013-08-02,48.59106867768485,48.988713027109455,45.44488562199649,46.895626068115234,13193940
2013-08-05,46.75578759500126,47.69090308019597,45.13462937844749,46.09159469604492,13844080
2013-08-06,46.31008725136007,46.31008725136007,43.66641712187079,44.549095153808594,15838700
2013-08-07,44.33934438206028,46.58099917817665,42.90608338178044,45.58033752441406,15946050
2013-08-08,45.09530201877257,45.859999507789276,43.740695704992,44.02472686767578,13089370
2013-08-12,44.74573057632611,46.480498749952964,44.09464618200915,45.21765899658203,11994000
2013-08-13,44.741363223574304,46.14403668623527,44.57094517051006,45.33127212524414,9392270
2013-08-14,46.012945527795885,47.43746542633972,45.969245857708984,46.729576110839844,11212710
2013-08-16,46.23143819576762,46.712104641938616,41.95786779127116,42.59147644042969,13314350
2013-08-19,42.0365152341891,43.95918401839476,40.376031133051704,43.67952346801758,12336900
2013-08-20,42.80121774088147,46.48487562612044,42.386097500945446,45.59345626831055,16134040
2013-08-21,46.17899579609525,46.93058482818043,43.12894332878105,43.46541213989258,10866110
2013-08-22,43.52220504303986,48.71778065924258,42.560872515506375,47.708377838134766,21217880
2013-08-23,47.81325555165687,48.4730811706599,46.056637657047105,47.75645065307617,18502680
2013-08-26,48.15846847321876,48.54300424816893,46.353783379529915,47.17965316772461,16167990
2013-08-27,46.74704856667759,46.86065835782312,44.61463299270038,45.401180267333984,13652450
2013-08-28,44.43984811603185,47.149064143728495,43.70573837525285,46.69898223876953,13027640
2013-08-29,47.092254482923074,50.60112631252917,45.969241738935175,49.77525329589844,28299880
2013-08-30,49.63542319016976,50.49188397555863,46.75578920551647,47.319480895996094,17999060
2013-09-02,47.192767399917194,49.20282904833544,47.192767399917194,48.59981155395508,9173030
2013-09-03,48.67845397819787,49.36886731181526,45.20454081250505,45.776973724365234,14761760
2013-09-04,46.14403130150767,47.69964676743325,45.93428756858914,47.26704406738281,9916730
2013-09-05,48.06669903994134,50.22533186364725,48.00115287448722,49.32080078125,12184950
2013-09-06,49.4868587330909,51.37456923750381,48.28519108173549,50.74533462524414,13290090
2013-09-10,51.56246385447799,52.43640391980813,50.86331246897724,51.99069595336914,12087320
2013-09-11,52.436403016238174,56.79736200015129,51.57994216703096,56.465267181396484,24107140
2013-09-12,57.06828561921747,57.06828561921747,54.00949223436605,54.52948760986328,11401430
2013-09-13,54.166805439085884,55.927797490312834,53.67303049697022,55.32914733886719,10154830
2013-09-16,56.63131185293273,58.99094706862463,55.22426465562448,57.1207160949707,16427330
2013-09-17,57.29550877749248,58.370457995886646,56.019557077146985,57.82424545288086,12238320
2013-09-18,58.44911603357835,58.641383937353545,57.51400032055433,58.2786979675293,7737790
2013-09-19,59.864897100365305,64.05981226496269,59.62019493816333,63.1159553527832,17054960
2013-09-20,63.019827680597615,65.28332957389556,60.76942768911404,64.90316772460938,18026610
2013-09-23,63.84132084450745,64.54046885682232,62.60032095421801,63.75392150878906,11124260
2013-09-24,63.18587051902032,65.4406308604441,63.10284514450962,64.93811798095703,13600530
2013-09-25,64.50114637028942,66.59422987942862,63.79762435555366,66.18785095214844,15485980
2013-09-26,65.72029091833059,66.33205297090237,64.68467406395898,65.05172729492188,11598130
2013-09-27,64.95559442348335,65.60231488979682,63.382506264454214,64.06417846679688,10523360
2013-09-30,62.932414596821374,64.09474960622605,61.76133165377358,63.76702880859375,12293790
2013-10-01,63.88501433216346,66.07423835652881,62.60906269901122,65.54550170898438,14820480
2013-10-03,65.98246039547404,67.42446251910022,65.72027576658489,66.6510238647461,10014540
2013-10-04,66.00433765752372,68.15859713880215,65.81643703961332,67.66482543945312,13942990
2013-10-07,67.05305238161738,69.37772956459163,66.77339181823025,68.81404113769531,12117930
2013-10-08,69.05001363391865,70.26042261764233,67.38078473449289,68.09304809570312,13764370
2013-10-09,67.28901170310925,69.30344363996022,66.69035827799095,69.16798400878906,9387620
2013-10-10,68.52124942443446,69.74039918771062,68.21973912453537,68.64360046386719,8464890
2013-10-11,69.47823826813872,69.71857313026598,67.64296538326184,68.22413635253906,6937590
2013-10-14,68.14984948255287,68.85336483684108,67.61674550730115,67.88766479492188,5733220
2013-10-15,67.91387361003876,69.65301226653754,67.3720284335451,68.93201446533203,9291580
2013-10-17,68.65235391179725,70.16864027773583,68.25470962925978,68.62613677978516,8734580
2013-10-18,68.25472082433322,71.47956194341144,68.25472082433322,70.87654113769531,11303760
2013-10-21,71.01199489707992,73.53331375624023,70.4133481088256,73.26676177978516,11208760
2013-10-22,72.9739911306189,74.10137454820193,72.69869789271108,73.37163543701172,8909740
2013-10-23,73.54641771905857,74.12758860404898,72.36660008329113,73.43280792236328,7605360
2013-10-24,73.27987134100682,75.33362911046349,73.26676277376015,73.9571762084961,9904300
2013-10-25,73.4109639171091,74.94035899871554,73.4109639171091,74.31986236572266,9174560
2013-10-28,74.46842727378228,75.48220088342023,74.45968600676592,75.08455657958984,9583350
2013-10-29,75.07144929088342,76.54840339540193,73.84793192545573,75.37732696533203,17697490
2013-10-30,75.20690738527469,75.50841775377405,73.60759557614168,74.18876647949219,8131080
2013-10-31,73.93531082732669,76.07646748504642,73.6556503388136,75.28555297851562,14924560
2013-11-01,74.72187172548108,77.43108445451574,74.72187172548108,75.62639617919922,11476050
2013-11-05,74.91413001560157,76.46537468655322,73.94843015068426,75.76622009277344,7785270
2013-11-06,75.44286931164942,76.42605183092009,74.89665680094349,75.49093627929688,5796760
2013-11-07,75.2506138709701,77.34369743851342,75.2506138709701,75.99346160888672,9543140
2013-11-08,75.42101853186126,76.77125412179318,75.08454979229437,75.71815490722656,9859210
2013-11-11,75.15884399131077,76.02404277031991,74.16692683933081,74.85296630859375,7703870
2013-11-12,74.59515852518392,75.29430658919442,72.71618601806965,73.13567352294922,6526170
2013-11-13,72.72928950683932,73.50709559096792,72.13501002673323,72.80357360839844,6143940
2013-11-14,73.93532705816824,76.41732027276569,73.70810077773395,75.57833862304688,9110380
2013-11-18,76.46975350831045,76.73193818739229,75.72253850790393,76.260009765625,5743530
2013-11-19,76.303693224035,78.27879933456792,76.16823360158304,77.54469299316406,7074150
2013-11-20,77.42234746811918,79.44115356034942,77.34369606241813,78.2962875366211,12772210
2013-11-21,78.06468884130877,78.78569335120183,77.28251546496398,77.65830993652344,8689280
2013-11-22,78.1302406568673,78.42737706904241,75.79244839037396,76.43042755126953,6465290
2013-11-25,76.73192838543288,77.86804629184533,76.36050124878635,77.56653594970703,5100860
2013-11-26,76.93731272165083,78.25259683063774,76.93731272165083,77.8287353515625,6106120
2013-11-27,77.64958170243031,80.83072334404359,77.64958170243031,80.37191009521484,8655560
2013-11-28,81.27642522092725,81.57793560711657,79.5591295434447,79.96551513671875,8841820
2013-11-29,80.3150825333552,81.18902248112265,79.70332056933839,80.2757568359375,4435770
2013-12-02,79.98735017520968,82.15035008050504,79.70331570892645,81.62162017822266,8022250
2013-12-03,81.29826208903154,82.4343799802248,80.90935909278387,81.56044006347656,7793290
2013-12-04,81.45119729416544,82.31640260947027,81.1278437933638,81.42498016357422,5742100
2013-12-05,82.587324143259,82.7446335988086,81.19776284226462,81.49053192138672,3876070
2013-12-06,81.45120411953198,81.8226312810519,80.49861273418703,81.01860809326172,3647460
2013-12-09,82.87135975719173,82.87135975719173,80.48550723566754,81.34196472167969,5285470
2013-12-10,81.37255781932004,83.37388131500829,81.12348170696166,83.02867126464844,7635480
2013-12-11,82.67473016619547,82.98060786041611,81.7177647125644,82.24213409423828,4929040
2013-12-12,81.57354526404622,82.16782464962729,81.15405785518436,81.40750122070312,3336530
2013-12-13,80.83945900882031,81.62600643000046,80.22770360769897,80.53794860839844,5013050
2013-12-16,80.57726896928642,81.24146526619793,78.76384605450241,79.8431625366211,5222130
2013-12-17,80.55543185721199,81.71339982945283,79.80821013356878,80.78702545166016,6180220
2013-12-18,80.848196892352,82.82767059667306,80.01358253404761,82.44750213623047,5987780
2013-12-19,82.68346257530638,84.16042328468936,82.32951794794133,83.93319702148438,7622460
2013-12-20,84.16041695089449,84.44007745854879,83.61857180022508,84.22595977783203,5645780
2013-12-23,84.164793418857,86.95703150032803,84.09050931769129,86.25350952148438,8356250
2013-12-24,86.34528374036839,86.88712233002059,85.67671343589141,86.40209197998047,5890190
2013-12-26,86.17047713015366,88.0931490072048,85.95199214419098,87.28475189208984,9029620
2013-12-27,87.2978703754741,88.26794435676607,87.01384252850816,88.04071807861328,6678510
2013-12-30,88.90154391733407,89.57884874134399,87.91836143114858,89.34288787841797,8899370
2013-12-31,89.66625884712448,89.9153349925352,88.3160229037007,88.8971939086914,6193970
2014-01-01,89.12440389668218,89.37784062849094,88.40339939802027,88.7398681640625,2592560
2014-01-02,88.93650791033505,90.88976443914464,86.66863243274851,88.18929290771484,13790330
2014-01-03,87.83971485188225,88.24172646817331,86.17048618329324,86.87400817871094,7380140
2014-01-06,87.28039247388831,91.03833057119786,87.08812460205868,90.39161682128906,11094920
2014-01-07,90.49211782305395,91.43160734567773,88.61751941282735,89.80170440673828,8881400
2014-01-08,89.77548447262492,90.3391795021428,88.96709397945257,89.69245910644531,4745410
2014-01-09,89.9284296960693,90.19060770237724,88.07567444704699,89.63128662109375,5221660
2014-01-10,90.01582847707805,90.36540584352548,88.72239422151267,89.43029022216797,4793600
2014-01-13,89.42592241667845,90.12507719775103,88.26795439488828,89.08071899414062,6294510
2014-01-14,88.70491563129471,89.57011441928326,87.57753215960854,88.25483703613281,4514970
2014-01-15,88.11498954447005,89.09817195198767,86.10055776725089,86.5506362915039,7431180
2014-01-16,87.12743270763515,89.66622689424159,86.18795003994276,89.44337463378906,7167370
2014-01-17,89.44775013462856,89.54388405994436,86.69483803290774,87.41146850585938,4442060
2014-01-20,87.30662095818533,88.28980361161616,85.77722571951513,86.25788879394531,4632080
2014-01-21,86.56375864100598,87.55567572855291,85.9825810801457,86.58560180664062,3877800
2014-01-22,86.60745009663871,87.39399740682673,86.25787277348483,86.9177017211914,3302930
2014-01-23,86.90896298781435,88.03634638734034,86.52880122165587,86.89148712158203,4586290
2014-01-24,86.08746808662355,86.93956502749984,84.37017897190687,84.77655792236328,6435990
2014-01-27,83.89824805015466,83.89824805015466,79.4105705202515,79.93930053710938,6295430
2014-01-28,79.98735543344489,82.71841778320992,79.35375030182594,81.32884979248047,13972210
2014-01-29,81.91001427155147,82.51740222405695,80.62095427653708,81.54296112060547,5357420
2014-01-30,80.69088650355742,80.72584490571106,76.96790001961404,78.322509765625,11665950
2014-01-31,78.82937463097632,80.50297697151508,78.4972798764098,80.1708755493164,7177520
2014-02-03,79.42803686460222,79.9567735300824,74.04894357633698,74.51213073730469,9276840
2014-02-04,73.32355405107629,75.59579630593645,72.20927941939884,73.69934844970703,8174160
2014-02-05,74.07951785880893,74.85295656615321,72.8210422221311,74.00523376464844,6375620
2014-02-06,74.65632369306105,75.26371169809207,72.33164020077199,73.6163330078125,8701340
2014-02-07,74.80926764347315,76.28185450780057,74.10137833002042,75.92790985107422,10627740
2014-02-10,76.0415370272743,77.16892066105133,73.46778346054455,74.28054809570312,7592800
2014-02-11,74.5907897182477,75.72254726850903,74.3373462771824,75.12389373779297,5021260
2014-02-12,75.38169533268868,75.61766287605751,73.07450084090075,73.70809936523438,4871450
2014-02-13,74.28492048478806,74.28492048478806,70.62748270985666,71.23487091064453,5406540
2014-02-14,71.30476149593974,73.23617476606809,70.26477742852417,72.908447265625,6479960
2014-02-17,72.97398258971265,75.02337274842456,71.56256483234205,73.97464752197266,4775170
2014-02-18,74.80488781703896,76.80183704832503,74.80488781703896,76.12890625,8108500
2014-02-19,76.12890625,76.12890625,76.12890625,76.12890625,0
2014-02-20,75.3336303215375,76.29496971930381,74.50338993361223,75.84925842285156,5642830
2014-02-21,76.03278099443735,77.78066101729797,75.94538832682095,77.43108367919922,6027990
2014-02-24,77.51847378570352,78.5322473659328,76.5221827389998,77.15142059326172,6570500
2014-02-25,77.15580556578034,78.1652120776547,74.58205199432477,74.94911193847656,8792630
2014-02-26,75.06706339117639,76.02402187820272,73.93968024100622,74.99714660644531,9460400
2014-02-28,75.15447739749993,76.86302513688297,74.6038975634366,76.55278015136719,7861200
2014-03-03,76.42605541751011,77.02033492375237,75.34237161235077,75.92790985107422,5002660
2014-03-04,75.8579961363328,78.03847221128089,75.6963193668439,77.85057830810547,7112430
2014-03-05,78.46232960902893,78.91678212828361,77.08150285321848,78.36619567871094,7324670
2014-03-06,78.39242540051652,80.2189637022594,77.81999569382334,79.3799819946289,8871320
2014-03-07,79.96552074784205,82.75775915643018,79.3537653326717,82.22465515136719,9481220
2014-03-10,81.73523362398241,85.79031438250139,81.45119914498109,84.97318267822266,9860380
2014-03-11,85.47133000579609,85.5543553680895,81.45120089093106,81.86195373535156,7460960
2014-03-12,81.6522246215585,84.40513729745697,80.96181113557779,82.65725708007812,7010040
2014-03-13,82.73591074020071,83.86329431119626,80.64719435702081,81.14533996582031,7074890
2014-03-14,80.50299297472881,82.44750159612981,79.91308077049393,82.09793090820312,6366140
2014-03-18,82.43440489154646,83.9725414767787,82.22029381452445,82.86264038085938,6786760
2014-03-19,83.046154996225,85.3839406409774,82.43876692517107,84.9207534790039,7637420
2014-03-20,84.85957613966691,85.17419508595451,82.39943280533383,82.90632629394531,5932150
2014-03-21,83.1248053551395,86.41518215333359,83.1248053551395,85.77284240722656,9555530
2014-03-24,86.61183118594529,87.30661192222999,85.05184500349093,85.58058166503906,5735930
2014-03-25,85.25285924097014,87.25417619820143,85.25285924097014,85.68545532226562,6176300
2014-03-26,86.22729767618682,87.74358422875306,86.08746406473429,87.17552185058594,7177010
2014-03-27,87.30660326380954,88.09315056067196,86.1792199162455,87.4071044921875,11328260
2014-03-28,87.8309730640581,88.35096844901987,85.7335156573599,86.06998443603516,5572950
2014-03-31,86.41517659273134,91.54083900663875,86.1704744827922,90.54454803466797,14044790
2014-04-01,91.3005142015895,91.3005142015895,87.7042529159512,89.39532470703125,6983260
2014-04-02,90.02456287661367,90.88976162514652,88.47768531508035,90.14253997802734,8617950
2014-04-03,90.14253205796672,92.63763351711528,89.14187376175244,92.38855743408203,10156330
2014-04-04,92.63765176526657,93.42419919868712,91.42287554439689,93.00907897949219,6336830
2014-04-07,92.75562976647674,93.86116340457326,91.5976551909978,92.50655364990234,5873650
2014-04-09,92.74689556175555,93.42420049066854,92.25311725857306,93.07462310791016,5582160
2014-04-10,93.16200966804068,94.82249712636082,92.86049927855946,93.80872344970703,4774920
2014-04-11,92.65948103050462,93.90921537848017,91.9384765984231,92.62015533447266,8329900
2014-04-15,92.63763786807993,93.46787818191994,87.65618264977408,88.4820556640625,5967660
2014-04-16,88.35096005674082,89.75362993856287,87.0313088691174,88.7136459350586,6801940
2014-04-17,89.14188629588442,91.93849182634895,87.88778444095269,91.32673645019531,5784390
2014-04-21,92.4541251379199,97.0073523158732,91.72438594538954,95.96736145019531,7471300
2014-04-22,96.03727338294797,98.40565016326086,95.01476510528269,96.91558074951172,9444640
2014-04-23,95.9586053995772,97.88563784606743,95.6964207578452,97.3263168334961,5895760
2014-04-24,97.3263168334961,97.3263168334961,97.3263168334961,97.3263168334961,0
2014-04-25,97.10347441902888,99.2402574630097,96.77137961771597,97.39187622070312,5307170
2014-04-28,97.44429981063693,98.66781701622521,97.03792095359422,97.45304107666016,4354150
2014-04-29,97.44430373144532,97.53607035930054,92.44536618620376,92.80805206298828,4916100
2014-04-30,91.41850122581829,95.2594647849959,91.37916885644147,94.6520767211914,8012250
2014-05-02,94.83559397174625,96.40431459550884,93.14452228732229,95.3118896484375,6893020
2014-05-05,94.6040109467687,97.70650080884313,94.6040109467687,96.54415893554688,5636820
2014-05-06,97.00734356687653,97.68901572511973,96.31256284156197,97.18212890625,3167930
2014-05-07,96.74515454653036,97.07725601111595,95.08467389413443,95.88432312011719,3950870
2014-05-08,96.56600164527734,96.56600164527734,94.84870609687115,95.74886322021484,2890720
2014-05-09,94.99726584329926,99.47184059666444,94.66953837603724,98.96058654785156,6863580
2014-05-12,99.10479173999192,102.13736443565297,97.61908982326601,101.57366943359375,7742990
2014-05-13,102.22477274067202,103.56190000300333,99.78647910504223,100.79151153564453,6014750
2014-05-14,100.94879609222451,102.68793456385842,99.81703889495014,102.32524871826172,3876290
2014-05-15,102.25534844818544,103.10307132452837,100.06613112394403,101.01872253417969,4849850
2014-05-16,101.83586046607769,109.40855141323125,100.17100582255777,102.88021850585938,9082460
2014-05-19,104.17802959895323,110.11645088577545,103.56190023781262,108.59142303466797,6487150
2014-05-20,109.84988514793052,110.55340709615683,106.73428699612357,107.31983184814453,5006940
2014-05-21,107.49461301334125,108.01460834636522,105.48892244393392,106.38471221923828,3585830
2014-05-22,106.97025910134893,107.99713461773955,104.95145313399506,106.08757781982422,2903480
2014-05-23,106.16623741551307,111.16516876922562,105.59817506442681,110.63206481933594,6490230
2014-05-26,111.4273541922413,113.21018599179985,105.00389628409758,108.36419677734375,5416590
2014-05-27,108.36856514552491,109.24250518702108,104.87280497954023,107.53395080566406,4681320
2014-05-28,106.2710995351631,107.23243217331054,102.36896075060469,105.35783386230469,8083390
2014-05-29,105.3054097557345,107.13630857759163,104.87280702640253,105.63750457763672,5385000
2014-05-30,105.75111107748073,109.22939533549672,105.20927252540938,105.86909484863281,7159220
2014-06-02,106.87850843381966,108.24622689440393,105.76860738341543,107.17565155029297,4317290
2014-06-03,107.59949555919844,113.08783104304801,107.58638699256537,111.45356750488281,10836730
2014-06-04,111.53659716761993,112.91305005816896,108.83612565507359,111.3006362915039,6931900
2014-06-05,111.86433193915165,114.0491821723382,110.26065266810878,113.07037353515625,8962060
2014-06-06,113.1927182883517,113.9792589942313,111.25257032289741,112.6028060913086,9727620
2014-06-09,113.49422742094389,114.9231145771578,112.38869381032333,113.83942413330078,4695220
2014-06-10,114.92311506400684,115.29016827994884,111.96919346655919,114.5647964477539,6684240
2014-06-11,114.04917296019443,115.96747771091256,112.08718187655526,113.02666473388672,6276970
2014-06-12,113.00045342925006,114.57354821828302,112.13962192908946,113.99237060546875,4816210
2014-06-13,113.99237132529616,114.89252853395841,109.24250916063454,110.0683822631836,4894270
2014-06-16,110.54467702968745,110.54467702968745,106.9877412294368,108.7662124633789,5221480
2014-06-17,108.3773155543087,111.335598043603,107.40724149301329,110.76316833496094,4060440
2014-06-18,109.94165728098588,112.2488584024304,106.29732232693837,107.78739166259766,4622770
2014-06-19,108.03648104045574,109.6707448127833,106.88724763831469,107.7786636352539,3781760
2014-06-20,106.79546456099885,109.50030990826876,106.26236063144164,106.64689636230469,6438200
2014-06-23,106.62067902625913,110.23879005980515,106.03514083183865,108.4166259765625,5777730
2014-06-24,108.82739862763977,110.21696026714837,108.45597139644237,109.31680297851562,4030850
2014-06-25,108.98031536240646,109.92854613017987,107.49462002905807,107.81360626220703,3439390
2014-06-26,107.93157943011877,108.71812668661778,106.39781728067001,106.7867202758789,5100300
2014-06-27,106.27110544169047,108.53461356797004,106.27110544169047,107.61697387695312,4364440
2014-06-30,107.51647567021875,109.06772058795701,107.05765581178443,108.08890533447266,4534840
2014-07-01,108.3860411983383,112.27945235774129,108.3860411983383,110.94668579101562,5701600
2014-07-02,111.85557860079635,114.39874053061993,111.68953453498317,112.7819595336914,4752290
2014-07-03,113.27137587797213,114.31136672128262,111.93424860379223,112.63776397705078,3235940
2014-07-04,112.56347530455855,113.18396524032369,109.81930422242753,111.05592346191406,2903990
2014-07-07,111.236654137162,112.39151025535335,108.1070736909805,108.74180603027344,6880770
2014-07-08,108.85641867277596,109.98923420830621,103.63751186835565,104.52790069580078,8730960
2014-07-09,104.74388517026571,106.57314273546683,103.51850172992218,105.44473266601562,6113740
2014-07-10,105.43591386680296,108.77706951214448,101.81265570731979,106.19847106933594,6662840
2014-07-11,105.44473111947697,106.55110054734308,99.49853099085726,100.29194641113281,6767060
2014-07-14,99.45447114628301,102.70305932546275,99.2428891857434,101.3189926147461,3693110
2014-07-15,102.26225395945796,104.55433761682671,102.08594241883505,104.0165786743164,3523170
2014-07-16,104.9157899941912,106.39241771303399,104.11355697684763,105.86788177490234,3067470
2014-07-17,105.78853872849857,108.78588200431018,104.48822261846493,108.0541763305664,5490970
2014-07-18,107.44588481230588,108.16877285580506,106.36155610998402,107.50318908691406,5874450
2014-07-21,107.99246079589128,109.02830953876482,105.10090863602362,106.044189453125,4992860
2014-07-22,105.88110457076719,107.98364689390866,105.24637227477957,107.03155517578125,6650760
2014-07-23,107.28721876488196,107.87346445503897,104.1135636002846,104.58079528808594,6283390
2014-07-24,105.10092105871524,108.39799551111464,103.61547571752583,107.75885772705078,7186180
2014-07-25,107.8249604436637,108.69772068624555,102.30633013093085,103.93282318115234,7516010
2014-07-28,103.89316526188429,105.52407064749872,102.87054616056595,105.1934814453125,3435780
2014-07-30,105.0744841742409,105.99572455779516,102.40772967766075,104.31192016601562,3959920
2014-07-31,104.06507002460188,105.66952932931186,103.50527715879535,104.05625915527344,6920560
2014-08-01,103.55376190054697,106.65249097964808,100.93990641693786,103.0909423828125,11413800
2014-08-04,104.55433982114059,105.73123653053914,102.99396180358248,104.27664947509766,5369610
2014-08-05,104.46618287370221,105.6122280765824,103.15264372333955,105.16703033447266,3663610
2014-08-06,104.30751339026929,105.91197284790795,102.4385798587711,102.98075103759766,3978830
2014-08-07,103.14382510474228,105.02156924303394,102.61488375706828,103.60665130615234,4116280
2014-08-08,102.71185785694988,103.47000959351955,100.41977418339573,101.80384063720703,6494630
2014-08-11,102.70304166844839,103.3906661073451,101.31456976112653,102.39449310302734,4072400
2014-08-12,102.70304364568958,103.49645906194304,102.00660159841456,103.2231674194336,3737670
2014-08-13,102.76034636117392,104.53229958367176,101.82147090574368,103.71685028076172,7667550
2014-08-14,103.3774389413411,112.83228804955932,103.3774389413411,112.31216430664062,13958840
2014-08-18,111.95953954180338,113.97833161951402,110.0950183846417,112.47525787353516,10810840
2014-08-19,114.15024525918922,114.56017263119864,112.13585187602945,113.37445831298828,7098360
2014-08-20,113.72268171619424,114.60425289228878,111.9595393640052,113.28630828857422,6135140
2014-08-21,113.28190070022679,113.5684086536793,111.09119570114625,112.34302520751953,3289410
2014-08-22,112.40033769275054,114.16348024479367,112.13586361960203,113.7006607055664,4820790
2014-08-25,114.16347581934366,114.16347581934366,108.680101618911,109.48674011230469,7707990
2014-08-26,109.31483030655102,111.75237417007631,108.882862295837,110.18758392333984,5380840
2014-08-27,111.16612730049228,111.60691290178356,109.66745894644369,110.5313949584961,4635680
2014-08-28,110.64159057951434,110.90165919409384,108.89167121664514,109.63219451904297,6796990
2014-09-01,109.85258080568596,117.24015129787911,104.73065461067686,116.45114135742188,8387520
2014-09-02,116.36740241271183,120.46670325338495,114.1634743367135,116.35417938232422,8189690
2014-09-03,116.46436324338352,117.30185313172672,113.1143902383027,114.10174560546875,5840220
2014-09-04,114.10174945888528,115.32714629219495,111.95953798419669,112.96894073486328,6277150
2014-09-05,113.63451084577812,116.45554916280501,112.84991309492827,115.44173431396484,6256580
2014-09-08,115.57399285180115,117.94982030568927,115.10234901853165,117.61042022705078,4122570
2014-09-09,117.2533631430174,118.50519243404644,115.78553979512186,117.83518981933594,4542960
2014-09-10,116.91396640067612,118.30685048897446,116.14700377328549,117.993896484375,3923290
2014-09-11,117.99832747279036,119.01212911792537,116.81701167157881,117.91897583007812,4303960
2014-09-12,119.01210655563241,119.01210655563241,116.63186711486145,118.75204467773438,3322190
2014-09-15,117.35475297569539,118.71238014665998,116.98449468862566,117.53547668457031,3490530
2014-09-16,117.253381455086,118.65948859155962,112.00362335855725,112.44881439208984,5184620
2014-09-17,113.29512598223747,115.92661663946012,112.97775980165801,115.55635833740234,5810720
2014-09-18,115.04946662378008,117.77793086897577,114.83788466950868,117.27542877197266,3121120
2014-09-19,117.36357722704706,117.954228312144,112.31657676650687,112.89400482177734,10998660
2014-09-22,112.74413864814915,113.49787824709578,109.25311755223017,110.03330993652344,4707520
2014-09-23,110.10823415695177,111.15289378115538,105.49761424316762,106.30425262451172,4551720
2014-09-24,106.33951131675308,109.56165253170651,104.02538723628487,107.8293685913086,6474750
2014-09-25,107.46353237399809,108.29661690252127,103.31573819629314,104.32513427734375,4231440
2014-09-26,103.68158600804989,108.85641120555667,103.67276841309656,107.86904907226562,3580510
2014-09-29,107.5516946839088,108.95338977146082,106.1588104664202,106.60841369628906,2450340
2014-09-30,105.78854200331179,110.19639792011644,100.93990049482666,101.9140396118164,6167940
2014-10-01,101.38068337688263,104.43532421717609,101.16469602142438,103.7080307006836,4780650
2014-10-07,103.14382421217198,105.65630063627202,100.90903812583163,101.50850677490234,4429790
2014-10-08,101.46001660002604,104.0209863439444,100.32720121242755,103.54493713378906,3733390
2014-10-09,104.5543379155412,107.3577344649216,103.8094092114509,106.96984100341797,4369230
2014-10-10,106.31748555148411,106.31748555148411,99.73214760040533,100.78121948242188,6544620
2014-10-13,100.58285908906105,101.45120718962318,99.09300172804207,100.5431900024414,6146300
2014-10-14,100.94872344261371,102.61489252944463,98.343678843447,100.77681732177734,8308940
2014-10-15,100.77681732177734,100.77681732177734,100.77681732177734,100.77681732177734,0
2014-10-16,100.7768305889768,101.1426835047374,94.86148766332106,96.3777847290039,10148490
2014-10-17,96.35574039128102,101.3806938298993,95.65488613532897,99.75860595703125,7722900
2014-10-20,101.46884145141077,102.16968892515779,98.64781636634798,101.0016098022461,3515780
2014-10-21,101.38068395576586,104.55433880399289,101.25285909624097,103.67276763916016,6091310
2014-10-22,104.73066085000141,106.65248632768927,104.11355697684763,105.86788177490234,4001280
2014-10-27,107.46352098031572,110.71651384277844,106.01333271999167,108.73297882080078,9645830
2014-10-28,104.46618892866728,107.7279997323007,104.02540332137333,106.67452239990234,7957880
2014-10-29,107.11971621471956,110.63277791327634,106.39241595401172,110.01126861572266,5067480
2014-10-30,109.12970677523893,111.07797844725081,109.01510493306938,109.90548706054688,7350690
2014-10-31,110.39033860683018,111.95953415107874,109.76882934241648,111.32039642333984,6549280
2014-11-03,111.60692381455247,112.39593388449072,109.58371932100444,110.46969604492188,3385250
2014-11-05,110.54902574654288,111.09559556583069,108.01450864005209,108.64482879638672,3667350
2014-11-07,109.13851581189246,109.13851581189246,106.28222031892331,106.7362289428711,5692610
2014-11-10,107.10208883903061,109.13852299174143,105.88992837526305,108.5743179321289,5981520
2014-11-11,108.60957623585882,110.09061621752303,107.72800497834096,109.90548706054688,5204050
2014-11-12,109.40299136945336,110.19200140893443,107.65748405152472,107.97925567626953,6225160
2014-11-13,108.52140942509104,108.98864106794898,105.4315049028586,106.27340698242188,5057720
2014-11-14,106.42327822771107,110.19640195449628,106.22933148413442,109.08121490478516,8139910
2014-11-17,109.31482487497058,109.59252194527309,107.03155877736309,109.112060546875,4135840
2014-11-18,109.38534606680062,112.13584365371206,108.96218897027754,109.62336730957031,7948910
2014-11-19,109.66745341763583,110.6019166929896,106.14116878508068,106.61721801757812,6683370
2014-11-20,107.0227246486849,107.45909800505515,105.73121958913539,106.75384521484375,3071640
2014-11-21,106.23812994456914,107.27838406068956,104.28985871602687,104.8672866821289,3260770
2014-11-24,105.60781928899445,108.76825120394184,105.60781928899445,107.7853012084961,4129430
2014-11-25,108.25693830640637,108.38916859626394,104.0253941587593,105.2287368774414,5519730
2014-11-26,105.34776039442988,106.40564316411577,103.6992197979123,105.04361724853516,4555780
2014-11-27,105.34334543575459,106.55109358888234,104.69097795176818,105.3653793334961,3700570
2014-11-28,105.79736119082133,107.55168598887605,105.45354896220394,105.86788177490234,4352810
2014-12-01,105.78853389244698,107.51200703798301,102.92783320046468,103.35099029541016,5190950
2014-12-02,103.14382836297283,104.7306591819757,102.26225718038332,103.7388916015625,4600390
2014-12-03,103.58461763263288,104.81440651664003,102.40772086918594,103.17469024658203,3945540
2014-12-04,103.49647757869113,103.98133778447618,101.57465177141947,103.02483367919922,3855940
2014-12-05,102.96751690318666,104.46618522450449,101.64516012819294,102.32396697998047,3686930
2014-12-08,102.442980753471,103.06889548519106,98.91228386725597,99.78063201904297,3577460
2014-12-09,98.82412818398385,99.78063210961221,96.97283004644976,97.6824951171875,4403100
2014-12-10,97.89849922315246,100.01867720294902,97.71336332446363,98.5244140625,4011650
2014-12-11,97.9469762814642,99.74978786597799,97.11389172272851,98.18499755859375,3123120
2014-12-12,98.72275911186394,99.53380306526057,96.75685222232241,97.55467987060547,3024560
2014-12-15,96.57612837722844,98.50676474617845,95.28021762733796,96.24112701416016,5038900
2014-12-16,95.67692315220059,96.26757425367765,90.04368361085244,90.78861236572266,5109760
2014-12-17,90.0965610324342,91.9919401858629,87.5929024117961,90.42274475097656,6916990
2014-12-18,91.09274878147248,94.15180175609377,90.80182868700814,91.4718246459961,6801760
2014-12-19,92.16827349405396,96.00310694559415,91.94788068964527,93.13800048828125,6809730
2014-12-22,93.1908923694188,95.53146287008336,92.56497761361028,94.49562072753906,3405890
2014-12-23,94.85705864141032,95.38600000991926,91.2426181097691,92.11537170410156,3718810
2014-12-24,91.33517058767407,93.53468602862873,90.62991106510808,91.31753540039062,4917300
2014-12-26,91.24262692974358,92.86912700767147,90.37427868611191,92.23880004882812,2796200
2014-12-29,92.3842599221859,95.80034860440848,92.3842599221859,94.25759887695312,4637550
2014-12-30,94.46475973113196,95.05100537922962,91.42334181781476,92.11537170410156,3118020
2014-12-31,92.30050104993653,93.40246503919487,91.73189059085517,92.36662292480469,3015260
2015-01-01,92.46799888630925,94.50442612358984,91.85971263066264,93.96666717529297,2674400
2015-01-02,94.33693179392642,95.12152958891585,93.73746313558969,94.25318145751953,3664240
2015-01-05,94.2532025107337,95.82680388670202,93.27025233018853,94.02840423583984,3392870
2015-01-06,92.926421803273,93.3539776400464,89.96874751936748,90.59906768798828,5549800
2015-01-07,89.5676274312608,90.43157011702345,87.91468152618394,89.20177459716797,5286870
2015-01-08,90.36104126270101,91.23379480238945,88.03369400629586,90.10538482666016,4780810
2015-01-09,90.53735053824174,91.24261011838723,88.51414644982155,89.29874420166016,5046040
2015-01-12,89.04310088238708,89.21500700555347,87.94995442547909,88.21883392333984,2409440
2015-01-13,88.6816529892105,89.39131805063022,87.20061315345866,87.5796890258789,5067780
2015-01-14,87.71632145214822,87.98079546345087,84.89970215294504,85.35811614990234,5881870
2015-01-15,86.21325038384063,87.09923370835804,84.33550622550874,85.59615325927734,6814340
2015-01-16,85.83858305119684,87.5003397828589,84.71457851918093,86.43363952636719,4952730
2015-01-19,86.92293035774586,87.46068939823598,85.7151819601331,86.09866333007812,3389350
2015-01-20,86.35429793218523,88.8844026617117,86.28377063061943,88.6067123413086,6121230
2015-01-21,89.04750414413247,89.30316058588163,86.57028462794092,88.1527099609375,5028900
2015-01-22,88.24526883718038,89.00342054764452,86.94054733023323,87.56204986572266,3852690
2015-01-23,89.03868117351256,90.00840803914244,87.71632452242078,89.50591278076172,5485050
2015-01-27,89.57204813282154,90.2905241144921,88.2937658088239,89.6117172241211,4699280
2015-01-28,89.47948604845503,89.65579761633651,87.27555782066057,87.72074890136719,4527080
2015-01-29,87.61054298688549,88.39955297333111,86.24851710405234,87.90586853027344,7116890
2015-01-30,87.80448490572319,88.637569370696,84.42366036370743,86.16917419433594,8125080
2015-02-02,86.23970077375542,89.00342839540455,86.13391653329143,87.89264678955078,4969410
2015-02-03,87.89263900465824,88.68164893279166,86.21765923769345,86.87883758544922,5147100
2015-02-04,87.09923435280442,88.82711304022038,87.01107185505373,87.7163314819336,4891080
2015-02-05,87.80450298991097,88.15713286654827,85.622615296635,86.08544158935547,5187440
2015-02-06,86.28817562907885,86.80830606818321,84.10188309840774,84.70575714111328,4718950
2015-02-09,83.74927116910425,84.0974888635364,81.2808689074623,82.52388763427734,7214190
2015-02-10,82.25060020702526,84.97465213752758,81.72606423782923,82.74427795410156,4334980
2015-02-11,82.59441697691581,87.25792994564036,82.59441697691581,86.20445251464844,4968810
2015-02-12,86.49094734921135,87.00226023801083,84.76306867664981,85.67549133300781,4874410
2015-02-13,86.37636554256576,88.10424461567384,85.68873422623243,86.92293548583984,6535110
2015-02-16,87.45186824696893,88.4260074703142,86.85239950779993,87.38134765625,4547420
2015-02-18,87.61055221889978,88.19239249764773,85.51241497383921,85.79451751708984,4624720
2015-02-19,86.28818196591928,92.7412825317288,85.96641037856855,91.4718246459961,10900420
2015-02-20,92.57379016484708,93.2790430632007,89.95111728720312,90.29492950439453,6068460
2015-02-23,90.62552158712433,91.05308415500727,87.38574475334212,87.90586853027344,6027130
2015-02-24,88.15712206141119,91.04867458888873,86.52180448779596,89.89822387695312,6011050
2015-02-25,91.21617944171703,91.2338079075589,87.6854822372554,88.17034912109375,3899270
2015-02-26,88.86237849882885,89.43539439071989,86.83476207476168,87.4738998413086,6711410
2015-02-27,88.42158886392716,89.84972981961192,87.71632925495274,89.00782775878906,7951640
2015-03-02,89.65578818581598,90.09216835032612,87.38133960562185,88.76099395751953,5523170
2015-03-03,88.42158814500561,90.18473042725216,87.6942879180665,88.30257415771484,7891180
2015-03-04,89.92026388575574,90.07012937802689,86.84358223015887,87.44745635986328,9128560
2015-03-05,89.12684663630189,89.71749772385337,86.67607978574726,87.4166030883789,6330360
2015-03-09,87.78686572083383,87.78686572083383,84.28702682080355,84.6043930053711,4438780
2015-03-10,85.07160229640289,85.2919950484661,82.86767477577068,83.26879119873047,4668640
2015-03-11,83.749264646568,84.02696172898533,81.73928337118708,82.04342651367188,4492530
2015-03-12,82.42691313795972,85.06280933260801,82.42691313795972,83.93880462646484,4538010
2015-03-13,84.27820820934896,84.64406107675619,82.25940928634839,83.12335205078125,4327990
2015-03-16,83.76248595336163,83.97847331589324,80.6637637632568,81.00757598876953,4202320
2015-03-17,81.70401979702898,83.10571478883364,80.751921278527,82.64730072021484,7781370
2015-03-18,83.8374154900453,84.0093215962253,82.16242895048003,82.8147964477539,5779120
2015-03-19,83.74925688109431,85.07161356869054,83.18945733343948,83.73162841796875,8020320
2015-03-20,83.70517524077246,83.9564262386438,80.70783881033616,81.18829345703125,7733800
2015-03-23,81.27645099394971,82.33874583199432,79.98054034184271,80.94586181640625,6487970
2015-03-24,80.94586899464448,81.34698551317298,78.87858341161026,79.56620788574219,6518910
2015-03-25,79.24443341846846,80.39928952053997,78.99759456237878,80.20975494384766,6553330
2015-03-26,80.0510737904095,80.0510737904095,77.59589474836538,78.00582885742188,9654280
2015-03-27,78.15569381661169,81.0163947876567,78.15569381661169,80.3904800415039,5649210
2015-03-30,80.92382794043066,81.28968080118726,78.98877939555966,80.3992919921875,5256430
2015-03-31,81.55414830079421,81.59381738801383,79.52212654767763,79.91883087158203,6867990
2015-04-01,80.1259930152126,80.68138036108071,79.34139531076333,80.19210815429688,6922890
2015-04-06,80.66377111613602,80.66377111613602,78.66260729481682,79.41194152832031,4374650
2015-04-07,79.78219621099996,83.07486528882617,79.4383839698165,82.65612030029297,7755090
2015-04-08,83.04399326247747,83.38340001240262,80.68579465283261,82.16242218017578,5392850
2015-04-09,82.42690379907343,84.63083170813957,80.97231003391894,83.9872817993164,12583240
2015-04-10,84.01374431235493,85.24793870366273,82.61644793745468,83.9167709350586,7937210
2015-04-13,83.92556816817378,84.9834575506422,82.51505571740313,83.07044982910156,6359160
2015-04-15,83.04400227724639,83.85505287265556,81.28085992124664,81.87592315673828,2821510
2015-04-16,81.86711105180872,83.56413837360454,81.63349521204059,83.00875091552734,5075540
2015-04-17,83.29965444415187,86.36752494527087,82.47979302172081,84.30023956298828,8209560
2015-04-20,84.82034877619094,86.61434895236688,83.48918143643272,84.86883544921875,9552170
2015-04-21,85.14214781602759,85.86503592849573,83.30847811215807,83.78893280029297,7361470
2015-04-22,84.19004703383402,85.33609224924363,83.30847586070486,84.67050170898438,6337680
2015-04-23,85.51241894808567,87.54003569595979,85.33610737255552,86.88326263427734,9871930
2015-04-24,87.02428603003166,87.56645708744584,83.64346174159519,84.33109283447266,6996390
2015-04-27,84.54268329753123,85.15096287981157,81.73928648409134,82.66493225097656,6627080
2015-04-28,82.33874781429549,83.92557186919436,81.85829314557037,83.32610321044922,5288140
2015-04-29,83.43631188310658,84.83801373333851,82.79276860711084,84.37959289550781,7560010
2015-04-30,83.83741263385714,84.01373089435168,81.42631506915748,82.18006134033203,11020710
2015-05-04,82.43572926360318,83.20269194462891,81.72165197931614,82.68697357177734,5246220
2015-05-05,82.8500726422774,86.3939862622293,82.64290285143731,85.79451751708984,10561070
2015-05-06,85.42426851745775,86.99786994160743,81.37785236448332,82.03022003173828,10232380
2015-05-07,82.03019753208368,82.03019753208368,77.13747499895142,78.09397888183594,11635160
2015-05-08,78.45983956204148,79.86153459097554,78.02787154207405,78.48188018798828,5131440
2015-05-11,79.34140974688944,80.92382847152506,79.09457088159141,79.6235122680664,5153220
2015-05-12,79.7601581696264,79.83068548442493,77.1418904589613,77.60031127929688,4680170
2015-05-13,77.93089749319134,78.90062449375368,76.87300798960585,78.18655395507812,4058420
2015-05-14,78.28352822425008,80.39929380394219,77.6928703861622,79.88357543945312,7651120
2015-05-15,79.2532532408313,79.34140901679015,76.69669538289715,77.25208282470703,9518340
2015-05-18,76.52037799782669,80.64613122122755,76.08840329460499,80.38606262207031,11468510
2015-05-19,80.39929305023821,81.85388691703147,79.7072631358805,81.3337631225586,5676590
2015-05-20,81.66875567154803,82.19329161323658,80.31113521242898,81.26763916015625,7037340
2015-05-21,81.28968245677677,82.03901665844779,79.42956662007717,81.43514251708984,4802760
2015-05-22,81.51007000069745,81.84065919118983,80.6637624801395,81.29408264160156,3927750
2015-05-25,81.90679383853674,81.90679383853674,79.32819506021032,79.97615051269531,5750540
2015-05-26,80.2185740151723,81.20152402299473,79.51771979733986,80.85771179199219,7177390
2015-05-27,80.08191553253577,81.43513040006987,79.78218458680728,81.10013580322266,4805630
2015-05-28,81.01639100177397,81.45717658206016,79.87916339753308,80.76073455810547,11219240
2015-05-29,80.42575058802329,82.33875864557258,79.8791739747856,80.77837371826172,10605550
2015-06-01,80.67259402962455,81.01640630913988,79.80865116965305,80.15687561035156,4258610
2015-06-02,80.48304696426742,80.48304696426742,76.75840971757636,77.42840576171875,5754810
2015-06-03,77.46366109072758,78.15128552684932,76.12808130690938,77.54299926757812,8761200
2015-06-04,77.1374862392749,78.19536907450009,76.29558406097246,77.25650024414062,7729490
2015-06-05,76.69229388793677,78.16892170720402,76.28677191701017,77.26972198486328,8229870
2015-06-08,77.93089131339455,78.16891256546013,76.299986024615,76.67906188964844,5166440
2015-06-09,76.68788545610673,77.64880166995434,75.85480084715861,77.30939483642578,4727310
2015-06-10,77.1815745464787,79.34142166821565,76.7892755639312,78.69346618652344,5654990
2015-06-11,78.9887825582968,80.04667209251689,76.3793324685884,76.97439575195312,4452290
2015-06-12,76.85537773541105,77.22563602641219,73.82277064525809,74.3340835571289,4580260
2015-06-15,73.89770023787489,75.70492381700684,73.63323292380836,74.25914764404297,4378810
2015-06-16,74.02112411802932,74.47513948325161,73.30264814867772,74.04757690429688,4280320
2015-06-17,74.54125879246776,78.10721295529866,73.73462027560296,76.480712890625,10907940
2015-06-18,75.92971817303643,78.45982970970162,75.02170099522931,77.94851684570312,7617470
2015-06-19,78.97114899107736,80.37284395790307,77.90885409054576,79.84390258789062,7238090
2015-06-22,80.17889473447009,80.66376156536863,79.51771636098346,79.79100799560547,3951510
2015-06-23,79.72048197491318,80.5315258452753,79.5309406740103,80.05107116699219,3884370
2015-06-24,80.39929043215837,80.75192025593671,78.45983649015913,78.73753356933594,5687440
2015-06-25,77.86477032896428,80.48744992116687,77.65319513295485,80.00698852539062,8601380
2015-06-26,79.28852645242245,79.87036002455845,77.76340511369031,78.67583465576172,3960230
2015-06-29,77.40194337305516,77.5782548983919,75.81511274161026,76.82450866699219,5583010
2015-06-30,76.69669786503778,77.49011332605396,76.12808737472481,76.89505004882812,7938510
2015-07-01,77.1374777504523,78.81246432677584,77.04932197819407,78.59207153320312,3296610
2015-07-02,79.51770400564395,79.61467735675609,77.85153530141274,78.12041473388672,3106730
2015-07-03,78.10721425628509,78.90062975542125,76.44104507102672,76.60413360595703,3720950
2015-07-06,76.67555795223154,78.9925671689318,75.37196267523954,78.68452453613281,4158290
2015-07-07,78.75149845534848,79.34526059122122,77.68005218453543,78.26042175292969,5258970
2015-07-08,77.63095025995163,77.94792361139173,75.3005479565204,75.78716278076172,5448450
2015-07-09,75.98357837125556,76.74251993214723,74.51926551124937,74.9121322631836,4946930
2015-07-10,75.8853651405984,75.8853651405984,73.03710149557344,74.09961700439453,8017040
2015-07-13,74.563917396033,75.04607022358867,73.2112136904277,74.5371322631836,6870270
2015-07-14,75.00589764586906,75.43894219473646,73.8451652278234,74.20231628417969,8426850
2015-07-15,74.54159347808998,75.13535556164264,73.34960739291478,73.62639617919922,8968070
2015-07-16,74.10854501009112,77.90325966422229,73.69336185302973,77.53717803955078,8516860
2015-07-17,77.39432520841636,77.39432520841636,76.2068010520016,76.63538360595703,6176700
2015-07-20,76.51483151239282,77.27824172338855,75.89428440065916,76.081787109375,3209170
2015-07-21,76.25145006214468,76.33180546193192,74.13087405907851,74.64874267578125,3706860
2015-07-22,74.4567690340818,76.96574302062581,74.10854868762512,76.70234680175781,3978610
2015-07-23,76.96573405811493,77.45681747008025,76.1219684227111,76.74251556396484,3992610
2015-07-24,76.69787672782448,77.56396558381728,75.04606121683109,75.48802947998047,3543340
2015-07-27,75.1799879112414,75.5282082255151,72.41207987969419,72.67547607421875,3971970
2015-07-28,72.85853005330479,73.66211815927839,71.42993276051239,72.30048370361328,5514530
2015-07-29,72.28261874289288,73.10406121569787,71.43438432703032,72.59512329101562,6404220
2015-07-30,72.31832649158085,76.34072109826667,71.64420231395957,75.90767669677734,17834280
2015-07-31,75.89429087828287,76.22911863215765,73.6978216303149,74.23800659179688,5538730
2015-08-03,74.19782697002844,75.22463341767242,73.12638091027955,74.47015380859375,4551710
2015-08-04,74.9121316099517,79.79168485746493,73.70675304585954,78.55059051513672,10741830
2015-08-05,79.46578630842846,81.56403885415476,78.93006326876679,79.1309585571289,7235960
2015-08-06,79.28721575691957,81.43010795676483,77.7827183999354,80.56402587890625,7855920
2015-08-07,80.62653457314221,83.10872350024336,80.22473713780765,82.36317443847656,6474440
2015-08-10,82.32298842753204,83.47926555203308,81.07297015037747,81.79619598388672,5391170
2015-08-11,81.43459364571731,82.24710563141541,79.43008859960067,80.02831268310547,7367360
2015-08-12,80.02831268310547,80.02831268310547,80.02831268310547,80.02831268310547,0
2015-08-13,79.01934709543275,80.18008599229118,76.00589741806455,76.54608917236328,11228220
2015-08-14,77.23360213833145,80.67116572657945,76.35858260811597,80.4122314453125,9206130
2015-08-17,80.35866755797271,87.20701014717865,80.35866755797271,86.32306671142578,14490780
2015-08-18,86.83200192500965,90.44814457577087,85.19357885009633,88.1355972290039,20205650
2015-08-19,87.9480973434947,88.84097142820022,85.40340756450166,87.03736877441406,8608640
2015-08-20,85.85429382324219,87.50164735574093,85.09981424335305,85.85429382324219,16718320
2015-08-21,84.108735761597,85.09090270102456,83.13550628245888,84.56856536865234,11999950
2015-08-24,81.251540995981,81.67565482008077,76.34073357314699,77.39432525634766,9891320
2015-08-25,78.48808843648425,80.3586605696792,73.99247135689966,79.30506896972656,7624140
2015-08-26,79.1086357351069,81.29618114164795,76.7871646770554,79.5863265991211,7803800
2015-08-27,80.26937408637832,83.71139954692458,80.0506175036888,83.22478485107422,12623000
2015-08-28,84.8230254789981,84.89891894750248,81.48367880436736,82.67119598388672,5894790
2015-08-31,82.94800614777849,83.38997447231239,81.43458480442581,82.14888000488281,4991240
2015-09-01,80.63991131856389,81.91225258393987,79.73364482288673,80.54169464111328,5320170
2015-09-02,80.62653940282422,82.59085983071914,79.04614832426644,79.55955505371094,7482190
2015-09-03,80.09079782507177,83.93015888173093,79.86757931740759,83.03728485107422,8770500
2015-09-04,82.5908524536173,82.80960905571122,79.64883399300864,80.66670989990234,5668230
2015-09-07,80.8988581355208,82.01048199328936,79.06846356660046,79.53722381591797,6717090
2015-09-08,79.91222667439979,84.8230339002009,79.55507569556023,84.1667709350586,9845560
2015-09-09,86.50163699965931,89.19812049181404,85.24715002776362,87.64005279541016,11875490
2015-09-10,86.29627779336408,88.08202588298533,85.0417908503393,87.1132583618164,8878750
2015-09-11,87.86327951485598,88.19364540223447,85.44805330766701,86.037353515625,6720540
2015-09-14,87.51952185326905,89.24276924839734,86.03735429524961,88.68472290039062,8455250
2015-09-15,89.15347868991785,89.80527978877129,84.20695529369964,84.66232299804688,9069490
2015-09-16,85.4480439992168,86.19806174472329,84.01944687930967,84.86321258544922,6624530
2015-09-18,85.80520029622214,87.23379750460379,82.69800221950315,84.31410217285156,14930770
2015-09-21,83.49266100454533,84.61767749287328,82.43906926874608,82.69353485107422,8287470
2015-09-22,82.86317333149617,83.36764933042953,80.63545020911334,81.40779113769531,7904700
2015-09-23,80.34973685379728,80.34973685379728,77.28271655733872,78.06844329833984,10533450
2015-09-24,77.68004929336016,79.95688104920804,77.15325682657571,78.5997085571289,9277560
2015-09-28,78.6622080014983,79.24257753742964,76.61752546505367,77.2291488647461,5006510
2015-09-29,75.02373167187766,76.78269436502063,74.11746519793239,75.01480102539062,6367450
2015-09-30,76.60858786750238,79.89436428596508,76.09518125744054,79.39881896972656,9580920
2015-10-01,79.28720952547751,79.42113516837605,77.8586057550751,78.25147247314453,5778190
2015-10-05,78.840773303766,81.51939518073988,78.50147683961319,81.09081268310547,8785890
2015-10-06,81.59082529815356,81.77832802445003,80.14437374898411,80.3899154663086,7584600
2015-10-07,80.79617172915222,82.47477932059057,80.13990875051452,81.70243835449219,9421310
2015-10-08,81.60870283109516,82.84979741787265,80.53724970924176,81.56405639648438,7572770
2015-10-09,82.50155293137041,83.12656196084566,80.85419943186155,81.19348907470703,7588200
2015-10-12,81.59977334483804,82.57747169278021,79.733669519448,80.59082794189453,10185530
2015-10-13,80.71581860983055,82.19352412990155,79.5818647076249,81.9256591796875,9713860
2015-10-14,81.51939754074037,84.01944061104004,80.41669762449575,80.83634948730469,10874710
2015-10-15,81.2515417404466,82.32298791768297,80.36312957346013,81.49261474609375,8789130
2015-10-16,81.60869382819605,82.14441692397816,79.9345548963215,80.08634185791016,6739690
2015-10-19,80.11759632494625,80.97475464707568,78.79167773594118,79.52383422851562,8540960
2015-10-20,79.37650130832752,80.71581233103691,78.97470391426182,79.78276062011719,11650600
2015-10-21,79.60418815837404,81.59083164007595,79.19792881377639,80.90778350830078,11028970
2015-10-23,82.05512055655085,82.23369262865614,80.52830686016061,81.74707794189453,11081350
2015-10-26,82.05512158205148,82.59084461715054,80.90777522756775,81.1443862915039,6851330
2015-10-27,80.83635783685993,81.6979780514249,80.0729475036506,81.35868835449219,6490770
2015-10-28,81.13546220183437,81.86314987395954,80.80955828966366,81.4033203125,5870970
2015-10-29,81.18011267437355,82.58639348882778,80.86760809741334,82.27835083007812,13032360
2015-10-30,82.23368963517385,83.91229702504536,80.99705730399273,81.28278350830078,8594130
2015-11-02,81.33189745635876,81.76941066445288,79.25596792531186,79.99705505371094,5215560
2015-11-03,80.28723109253734,80.85420800861782,79.2872165392986,79.78722381591797,4467130
2015-11-04,80.09080510933819,80.78278390845033,79.47472660437266,79.65776062011719,3418680
2015-11-05,79.5104426767986,79.81847852436238,77.5193304027487,77.8363037109375,6709440
2015-11-06,77.32735928105339,78.66220161197194,76.4389471583325,77.99254608154297,4956020
2015-11-09,76.68894434284778,83.44799998840779,76.48358714557597,79.12202453613281,4956590
2015-11-10,78.58185013991643,78.75596031403376,77.50147331435646,77.91665649414062,3870870
2015-11-13,78.0461284490165,81.87655234819863,77.7246932276449,81.30065155029297,5458020
2015-11-16,80.79616702377453,82.14440868235877,79.70685964479178,80.93009948730469,6734140
2015-11-17,81.09081081346021,81.96583027041564,79.55506654946957,79.87203979492188,5019240
2015-11-18,79.8943731529787,80.55509804393087,78.48363051622296,79.077392578125,5359600
2015-11-19,79.34524979984039,81.06403505476528,79.34524979984039,80.80956268310547,4458160
2015-11-20,80.98365785874437,81.5640272407795,79.70684794310192,79.921142578125,6360600
2015-11-23,80.01937844005163,80.53277831723497,78.77828399926885,79.45686340332031,3245890
2015-11-24,79.01488481219177,80.2247252326628,78.69344963645982,79.16667175292969,5396450
2015-11-26,79.55507981611863,80.26938181079507,78.67113637707529,79.7157974243164,7810390
2015-11-27,79.72472445586115,80.66223811774387,77.68897271910052,77.86308288574219,8163250
2015-11-30,77.76931985319649,81.23367514653283,77.74253472457174,80.84973907470703,12445090
2015-12-01,79.64435843513995,84.70695921520868,79.56846496224749,84.26498413085938,16148990
2015-12-02,84.48819210757117,87.91236266906427,83.8408598976981,87.61325073242188,19082900
2015-12-03,87.32307444965696,88.75167139766597,86.34090766156864,87.21592712402344,12941730
2015-12-04,86.9659223101947,87.3186045158985,85.97036978373144,86.67127227783203,10064690
2015-12-07,86.88555908203125,87.65789992848265,85.94357682279096,86.88555908203125,11031530
2015-12-08,86.72038015032786,87.09538556472559,85.50160914749152,85.7828598022461,5796190
2015-12-09,85.6489503750451,85.71591320740289,83.85873345300786,84.09534454345703,6127490
2015-12-10,84.19802444327428,86.26056128959472,83.5328308331257,85.76947784423828,8144990
2015-12-11,86.25163165826997,87.83202253770423,85.44804365280241,86.42127990722656,9911290
2015-12-14,86.51950246058703,91.51959610487461,86.35431611832368,91.11780548095703,19498000
2015-12-15,91.33207056739907,91.68922148402491,89.66239394912333,90.47044372558594,7208880
2015-12-16,90.8052952541046,91.87674828506228,89.13562500990231,90.08206939697266,7149120
2015-12-17,90.18027339125207,94.17142123424453,90.18027339125207,93.55533599853516,14684980
2015-12-18,93.14462436500877,93.43927444824568,91.26959014710889,91.69816589355469,8950620
2015-12-21,92.32317286888448,94.18481433954788,91.92137548203874,93.42587280273438,6490730
2015-12-22,93.14462076170891,94.33214488487198,92.42139496000419,92.66246795654297,6015270
2015-12-23,93.30979648607772,94.25177884439486,93.04640028655146,93.88570404052734,5577540
2015-12-24,94.82320885425561,95.7160827862621,93.55086758839884,95.11785888671875,4649690
2015-12-28,95.27411447714047,95.4303633278702,91.394576155591,91.89012145996094,6017430
2015-12-29,92.14459873432692,93.54641071272405,91.83209418094317,92.46603393554688,6974600
2015-12-30,92.90353670493312,93.75176422787409,90.84992390653512,91.7427978515625,6161680
2015-12-31,91.78744726352804,92.76960727263345,91.07314535940347,92.1624526977539,6390350
2016-01-01,91.86781414973751,92.57318549502192,91.11780318741303,91.69816589355469,4507190
2016-01-04,91.34101422172725,94.73393138264828,90.92136234583481,93.27854919433594,12127750
2016-01-05,94.29643412520795,97.44381668609508,93.95267568976332,96.70719146728516,14205180
2016-01-06,96.69826315510527,97.94828138597354,93.93034812709806,94.48393249511719,8015450
2016-01-07,92.4347864407391,93.39462330981051,91.30083259409842,91.64012908935547,5304630
2016-01-08,92.40353209653026,93.54194785507306,91.60887474930016,92.96157836914062,7315670
2016-01-11,91.88119673477743,92.20709383333052,90.02401720302583,91.0418930053711,5261390
2016-01-12,91.51065753349846,91.97941776221003,89.51062161136245,90.55528259277344,5909770
2016-01-13,91.02849535094158,91.51064809542414,87.52843114516536,89.61775970458984,10572110
2016-01-14,88.12666966701333,90.8901160563677,86.99272257377866,89.59545135498047,7062470
2016-01-15,90.26956310896524,90.43921135460562,86.3855624392314,86.8275375366211,5723680
2016-01-18,86.92574842715007,90.89457295499115,85.09089214461773,88.4793472290039,9450200
2016-01-19,89.01508060383287,90.18028154378813,87.76059361882622,89.15794372558594,6397290
2016-01-20,87.73381026096251,93.29641204402296,87.15790265636932,91.41691589355469,7868100
2016-01-21,92.46603271972748,93.25176622886185,89.01953840581064,91.55084228515625,9454590
2016-01-22,92.50174681184974,95.84556245833883,91.89459220772045,95.35894775390625,8586730
2016-01-25,95.5375250801922,99.53313516388533,94.65358166206866,98.86347961425781,14860730
2016-01-27,98.66257465749547,100.62689468602223,98.59561183392054,100.11349487304688,15625610
2016-01-28,98.88579522291775,99.29205452668052,97.1446936526316,97.51969909667969,16934750
2016-01-29,96.96612356347528,98.38579689058797,93.07319203621635,94.38125610351562,11992530
2016-02-01,93.00176118164528,95.70269964214492,92.2160276844048,93.8008804321289,13325940
2016-02-02,93.93480708648471,94.68481794699322,89.19364170194424,89.58204650878906,9835350
2016-02-03,87.89452809927552,91.87674574586953,85.56858808428017,86.91236114501953,17343230
2016-02-04,87.34095661377532,91.21603430129163,86.6623702938615,90.2427978515625,9921340
2016-02-05,90.7383251064422,93.17140552424647,90.00170674185256,92.59550476074219,10015060
2016-02-08,95.09108486119464,96.60896799799342,93.30533678868395,93.34998321533203,12200040
2016-02-09,92.8142488391907,94.19820625305175,88.9927492394275,89.28739929199219,9116240
2016-02-10,88.84096164620335,92.83657137289894,88.07308947293748,91.30082702636719,12409200
2016-02-11,90.74726292552208,91.78746209084632,88.12667275595491,89.4302749633789,14652880
2016-02-12,90.29187607031888,90.75170559878786,84.82302325518214,90.26509094238281,14369450
2016-02-15,90.89459490973935,94.42144522154769,90.71601598518725,92.98391723632812,9467880
2016-02-16,93.7562385365009,94.09106631013853,91.43030541706769,92.29639434814453,7094920
2016-02-17,91.97495788268286,94.16695850026663,89.11775683279556,93.52855682373047,7799880
2016-02-18,94.60446657885129,94.82321634974839,92.56871494289035,94.35892486572266,7849790
2016-02-19,93.75177048077016,97.10004799794052,93.35444182121613,96.7428970336914,8393070
2016-02-22,97.23844323586009,98.75186441447818,96.0018108212331,98.45721435546875,7329730
2016-02-23,97.76971076789243,102.18051085820268,97.76971076789243,100.35904693603516,18691170
2016-02-24,99.20277803613988,101.29210012154942,98.66258621834936,99.06437683105469,8374110
2016-02-25,99.2875925502471,101.68942594675184,99.19830650684187,100.5063705444336,28055840
2016-02-26,100.44832062392354,100.53760665761615,97.37683201786616,98.13578033447266,5918270
2016-02-29,98.57329900228007,102.2340813384442,98.12686196586765,100.57779693603516,9054670
2016-03-01,100.89477113751606,102.91266846765119,100.53762014275314,102.09568786621094,10282700
2016-03-02,102.8590984277769,104.19840964070154,100.65370501931582,101.1849594116211,9316810
2016-03-03,101.9662053339708,104.18053579176089,101.44834360507956,103.55552673339844,10701750
2016-03-04,103.67161031859845,106.95292529834818,102.85909163329333,105.84575653076172,12243550
2016-03-08,106.60470061428998,107.75650902551739,105.00199323304457,105.91719055175781,8142290
2016-03-09,104.02428305342762,105.85021556299785,103.56445348779447,105.36359405517578,6366140
2016-03-10,105.71628386374226,107.54667149209511,104.98858936766986,105.88592529296875,7841700
2016-03-11,105.35912842799796,106.91719595752632,105.09126351224421,105.67610168457031,6014430
2016-03-14,105.89485893612175,106.95738121510688,105.00198490325042,105.43949127197266,6132630
2016-03-15,105.35913711611695,107.23417124474882,104.73858992846742,106.69844818115234,8475230
2016-03-16,107.14487794653651,107.84131856325494,105.82342145454389,107.15380859375,6420860
2016-03-17,108.17168762488161,109.00652264398498,106.87701622371566,107.35916900634766,8833900
2016-03-18,107.59132059352147,108.66276670447229,107.05559753804607,108.29669189453125,6627150
2016-03-21,107.86364422299081,109.10920046006599,106.99755535000145,108.56901550292969,5651120
2016-03-22,108.1270592315282,110.5556780325734,107.32347112646335,109.8369140625,6090970
2016-03-23,110.26994702926218,111.8905156371314,109.53332865046082,111.4931869506836,8305560
2016-03-28,110.71636213760843,111.51994999941172,108.72525036958955,109.54669952392578,4161660
2016-03-29,109.8235000568097,111.07352499710967,109.07795109745183,110.07797241210938,4893740
2016-03-30,111.60925602693379,114.0200132322802,110.40387742426059,113.54679107666016,6858460
2016-03-31,112.6807065386558,115.53790087913866,112.32356235516193,114.57806396484375,12316520
2016-04-01,113.51554955519413,114.04681072968762,111.69854750878957,112.7387466430664,6773820
2016-04-04,113.03785126353851,113.46196506697655,111.26103384449628,112.47980499267578,5599150
2016-04-05,111.79675523873912,113.15838948180279,110.71637849187384,112.45301818847656,6438010
2016-04-06,112.50212734212725,115.89505136775686,112.14497636909968,115.42182922363281,11183280
2016-04-07,115.62718268442268,115.86379374880987,113.85482725429287,114.04679870605469,5239940
2016-04-08,113.57356843823354,114.55573527374801,112.9619519369169,113.69857025146484,4714000
2016-04-11,114.0557193628322,116.38165905898374,113.39499453043317,116.05130004882812,6883290
2016-04-12,116.00218125726553,116.96201802295604,115.02002809262822,115.86825561523438,7246450
2016-04-13,116.52899047148395,117.77008488914733,115.6941553923167,117.2834701538086,7360250
2016-04-18,117.16292510042291,119.63618984728367,116.72541194419442,119.1317138671875,5235820
2016-04-20,120.23886699180446,122.04694495279881,119.47546356338935,121.57372283935547,8518530
2016-04-21,121.60942853141798,122.5023024760307,120.24333248609453,120.50227355957031,8947070
2016-04-22,120.98442687418832,121.78800802368225,119.73440872515862,119.93976593017578,6094560
2016-04-25,119.8326472249243,120.91748606148312,118.32368771192719,120.10943603515625,4835570
2016-04-26,120.18085738972177,122.40410514373065,119.99781656724464,122.14070892333984,7730520
2016-04-27,121.43088253161976,122.44875850199122,120.72551795861122,121.66302490234375,4896120
2016-04-28,122.14517081403508,122.87732043876987,120.85496129278637,122.18534851074219,10075590
2016-04-29,121.43086631070234,123.21661434468326,120.74334950285034,122.60946655273438,7211960
2016-05-02,122.32374197440554,122.85947184148228,121.48443820726766,121.85944366455078,5170700
2016-05-03,121.88177357413821,122.68982347969168,120.81478257087862,121.1451416015625,5316260
2016-05-04,120.09155998001823,120.44870415110591,117.50223067919042,118.01116180419922,5443950
2016-05-05,118.31474861540084,119.15405249558556,116.9218671224042,117.8504638671875,6319030
2016-05-06,117.3370326335879,118.51116414265076,116.88614052065641,117.86829376220703,5152340
2016-05-09,118.44420200814706,119.6451186547275,117.412933605199,118.40849304199219,4928320
2016-05-10,117.85937718831157,118.30581422311577,113.88609030338951,114.98432159423828,6697670
2016-05-11,113.39500361042568,116.1227272757803,112.81910284925065,115.30128479003906,6035740
2016-05-12,115.08252341473323,115.79235657343884,113.98875418322855,114.52894592285156,4380890
2016-05-13,114.0245027006534,114.55576394589977,112.77001552468286,113.2789535522461,4275910
2016-05-16,113.16286608312343,116.02006740542204,111.92624030953455,115.68077087402344,3966320
2016-05-17,116.07361431269682,116.7879162025331,114.55573131190432,115.18074035644531,4564720
2016-05-18,114.73432180604962,117.93973655401913,114.28788475622063,116.90399932861328,10606800
2016-05-19,118.2611647129191,119.99334254268729,117.16740218065844,117.87723541259766,10040170
2016-05-20,117.68080431521047,118.77903559874258,116.16292113182404,116.52006530761719,3264840
2016-05-23,117.40401386567677,118.5736766925685,115.53789674479214,117.72990417480469,6613580
2016-05-24,117.85937965044006,118.29689285839176,116.8772127036821,117.87277221679688,5942150
2016-05-25,118.21652748037538,119.3370888554235,115.81916265935881,116.10488891601562,4941780
2016-05-26,116.69863398549967,118.30580997796011,116.16291773746391,117.765625,7608940
2016-05-27,118.12722805221716,123.21660691745069,117.24327792397577,122.82820892333984,8752840
2016-05-30,123.03804110052918,124.37735211332702,121.23443178852546,122.49785614013672,5173060
2016-05-31,122.41305233281517,125.27024690940954,121.58267228251428,124.03360748291016,10605470
2016-06-01,124.64522156720552,125.44880275439576,122.35945257804836,122.7523193359375,6472140
2016-06-02,122.35945639326923,124.0157476002947,121.2612251034188,123.15411376953125,5151900
2016-06-03,123.14965652903733,124.07823954985264,121.63622846905454,122.34606170654297,4475050
2016-06-06,122.32374447733149,123.11840183444343,120.59603537571337,122.27464294433594,6043950
2016-06-07,122.77464702883628,123.83716929725567,121.4353359928474,122.96214294433594,6253490
2016-06-08,123.38627834394592,124.98898577420499,122.35946491877922,124.56486511230469,6143090
2016-06-09,124.47558664847956,126.76134225822022,123.75236077772954,126.47116088867188,8053350
2016-06-10,126.4577770174319,127.99352172786494,125.44882481399485,126.67205810546875,9526200
2016-06-13,124.37735559152628,125.7166666417778,123.93091857477577,125.0246810913086,5986620
2016-06-14,124.37735165751218,125.98452759181487,124.19877958129547,125.55148315429688,5847770
2016-06-15,125.9220289649164,126.23899544490305,124.56932529423362,125.01576232910156,4008120
2016-06-16,125.18093693678121,125.9264927503736,123.21661678532867,125.64970397949219,6516040
2016-06-17,126.08274612326619,126.5604233686997,124.11841238359527,124.56039428710938,4379330
2016-06-20,123.65412539129578,125.5827228804561,123.57375637677472,125.20326232910156,6435910
2016-06-21,125.1809371019202,125.67202054647531,124.29700052589757,125.06487274169922,4076180
2016-06-22,125.42201093055304,125.42201093055304,123.69430193336133,124.2255630493164,3550710
2016-06-23,124.4398689787523,125.48899885557715,123.35949886028651,125.12291717529297,5073760
2016-06-24,123.41304937155539,124.49788804692862,118.76116968608251,123.5023422241211,6144190
2016-06-27,123.92199975988429,124.55594641368931,122.98449278299509,123.75236511230469,6207850
2016-06-28,123.9130438339111,127.9131152551907,123.53356968601345,127.36846160888672,6105900
2016-06-29,127.50241446051878,129.28816252404377,127.4354516329719,128.98458862304688,5371410
2016-06-30,130.00245894336888,131.69891408187175,128.57385510365785,130.7480010986328,6928580
2016-07-01,131.70785123702387,132.59180148496077,130.1542590502089,130.65426635742188,6323940
2016-07-04,131.39017378920877,132.61972234724942,130.1337158040194,132.2517547607422,3835820
2016-07-05,132.37741797081026,133.62939806332977,131.50237532342598,132.93833923339844,4060940
2016-07-07,131.9376434551723,133.274884601006,130.932476990547,131.3228759765625,6195050
2016-07-08,131.74920129993254,132.91592037483733,131.07609572145302,132.5524444580078,4296860
2016-07-11,133.5441315512697,135.66217070117642,133.37360930321978,135.40638732910156,4288130
2016-07-12,135.51853943307358,139.10843451739342,135.249294562877,138.32763671875,5804840
2016-07-13,138.70459678130578,140.45017643094135,138.56996747697158,139.73220825195312,6177570
2016-07-14,139.73220521160457,142.1105055650768,138.65971732951476,141.3656005859375,6235960
2016-07-15,141.80088485216913,148.3748788319171,141.3566396267597,146.8312225341797,12637690
2016-07-18,146.5305851039961,148.66208587275483,143.59584126374565,144.13880920410156,9572640
2016-07-19,144.8927126147347,146.6831690616284,143.8920240634906,146.12673950195312,6883550
2016-07-20,146.37802010149912,146.81777361279796,145.04974867415362,145.34591674804688,4359050
2016-07-21,145.7497570918141,146.27478535319182,144.15674638383985,144.6952362060547,4471900
2016-07-22,144.04457604926404,145.81260091314388,142.7073348681183,144.76255798339844,4085430
2016-07-25,144.49328386529126,146.55747637366812,144.0445469588773,146.1491241455078,4133130
2016-07-26,146.10875695369575,150.03968341217188,146.10875695369575,148.92233276367188,6885160
2016-07-27,150.053166951308,158.07209468022822,149.51916884373733,156.09764099121094,26450020
2016-07-28,155.95402921147294,156.69893412384735,150.86535430597988,151.16600036621094,13103790
2016-07-29,152.03209044421644,153.0193173240537,149.42942131645128,150.3448486328125,5954060
2016-08-01,151.2243709864006,152.79045875477462,147.47741424830934,151.64169311523438,8365210
2016-08-02,151.94234252910923,152.75006360665657,149.0838901884186,150.3179168701172,6636220
2016-08-03,152.3013305860132,153.69241798401177,150.3313823349673,151.31411743164062,7183340
2016-08-04,151.7628507068338,154.01999714753438,151.31411373099382,153.45907592773438,8495300
2016-08-05,154.54501507826737,156.33996302039444,154.10526159684048,155.9540557861328,7304910
2016-08-08,156.63164818128993,157.67721308556165,154.5809304491382,155.0924835205078,5382190
2016-08-09,155.53224334502755,156.14251907763014,152.1756857326148,153.47702026367188,5382460
2016-08-10,153.46806700995037,154.3610493334539,151.02693642745908,153.40972900390625,5905460
2016-08-11,153.91679671848402,154.18154991499645,151.3141274995334,153.52639770507812,4844530
2016-08-12,153.48601665673337,155.53225640573356,153.3424175213449,155.08799743652344,4220640
2016-08-16,155.4379915188586,157.43037088620386,153.95265968400946,156.87843322753906,6328570
2016-08-17,156.923328202617,159.391381605496,156.16943966456495,159.1625213623047,6599060
2016-08-18,159.54843377905004,160.9529827705249,158.89777335012815,160.09141540527344,3484940
2016-08-19,160.3516491322198,161.45553811950222,159.03236149365813,160.477294921875,5147050
2016-08-22,160.19909182651634,160.97988974061684,158.0630995532993,158.65992736816406,3356030
2016-08-23,157.95543734225555,159.35549470941763,155.83739797557334,157.8163299560547,3061860
2016-08-24,157.7534737347819,158.27401025475635,156.7483073206879,157.9239959716797,2234420
2016-08-25,158.13490585569656,159.03237979777697,156.07969655385324,156.6450958251953,7090170
2016-08-26,156.6092166720294,158.00030414351963,155.44698945810254,157.60092163085938,3270200
2016-08-29,157.4169193817008,159.48111212728264,156.9681824237206,159.13558959960938,2468480
2016-08-30,159.31057985647305,160.89462067058275,159.2118571841618,159.8535614013672,2542450
2016-08-31,159.57088159500117,160.46835560431572,156.71690712431024,157.33616638183594,5023170
2016-09-01,157.25090664332726,159.57088300340322,155.98995674466025,159.09970092773438,3057050
2016-09-02,159.12213806957917,160.45039571451056,157.97337248028182,159.51702880859375,2213810
2016-09-06,159.92983758761795,168.3661000077663,159.84009841909256,167.15899658203125,6706010
2016-09-07,168.19560697446957,168.19560697446957,165.13521732329744,166.1717987060547,4570550
2016-09-08,167.28915371743963,169.25911578662325,165.36408178299715,165.9250030517578,3791930
2016-09-09,166.9256645271886,166.9256645271886,162.4562480483298,163.68130493164062,3470300
2016-09-12,161.5453081225145,161.5453081225145,155.86429647688223,156.6136932373047,5935480
2016-09-14,157.05795584972105,158.3907053371348,154.8142707661536,157.08937072753906,5218050
2016-09-15,157.50668498098383,158.66891215276172,155.39761563027258,157.39450073242188,5740980
2016-09-16,158.49392688103043,158.71380364687246,153.19882162998536,154.86363220214844,15092020
2016-09-19,155.77457357381002,159.30163992966078,155.26300680468347,158.84393310546875,6165300
2016-09-20,160.03305314264534,160.10933075171334,157.68167601743616,158.12142944335938,4580740
2016-09-21,158.13489904047634,159.21186498568517,156.50598171470418,157.349609375,4664240
2016-09-22,159.75036476269844,159.95677993892443,157.39000386743453,158.19773864746094,3632680
2016-09-23,157.8746436577726,159.2926541225755,156.7213863612511,157.62335205078125,4703910
2016-09-26,157.78490476550394,158.852901037021,157.1970603798146,157.690673828125,3930440
2016-09-27,158.31440089569202,158.96956674572957,156.38932911350943,157.98683166503906,4287110
2016-09-28,157.3451477099006,159.92986350880503,156.80665783401372,159.3689422607422,5817490
2016-09-29,160.1990857546002,160.4144844133171,148.2851256111005,150.62753295898438,18253280
2016-09-30,150.05766688175797,156.06626255858407,149.81086698183964,155.20468139648438,5157750
2016-10-03,156.60025126694347,159.24330521219372,156.1649758067186,158.61956787109375,4199180
2016-10-04,160.5535923605074,161.2760522550483,158.6733835008388,160.0734405517578,6951110
2016-10-05,161.9940321978622,162.02992512684557,159.5259790757341,160.44140625,6650110
2016-10-06,161.7965764652056,162.53251155857893,157.14317697751235,158.1842498779297,5759650
2016-10-07,158.84392121027497,159.53945805196608,157.1476959725828,159.04136657714844,4042570
2016-10-10,160.28885717434545,163.78900019389317,159.58433681837045,162.8690948486328,7789670
2016-10-13,162.33508360986423,162.34405341890368,155.45146043189098,159.05929565429688,10134850
2016-10-14,159.391400799214,159.7503849505694,155.90022720396786,156.38485717773438,5923880
2016-10-17,156.60921020386397,157.86566830368432,153.966142747758,154.3430938720703,5361000
2016-10-18,154.81425851964062,160.64783927545318,154.54501359203763,159.98370361328125,6121650
2016-10-19,159.84012610323396,159.84012610323396,156.41176882365298,156.959228515625,5251270
2016-10-20,157.5739827644671,159.19393033169132,155.45594373861826,156.23675537109375,7279280
2016-10-21,156.0706931361518,156.86047448660716,153.81803875892965,155.73863220214844,5965690
2016-10-24,155.41553782757248,156.18736585092,152.12181059257892,153.62059020996094,5789100
2016-10-25,153.90779793460112,155.1732256756773,152.21157287867433,153.4141845703125,6953620
2016-10-26,153.19881166257008,155.1822352617715,148.9806865298161,149.72109985351562,8174300
2016-10-27,149.67174772391627,149.83328647591912,145.0766713810206,146.91201782226562,25975610
2016-10-28,148.98065582670333,151.02240331284784,147.48187617345715,148.87744140625,7736120
2016-11-01,149.07042773302453,151.22435972314503,147.38766408625364,149.24093627929688,6206700
2016-11-02,148.52744100086136,148.52744100086136,145.8395110108883,146.64723205566406,5243220
2016-11-03,146.4587820308515,148.08320775512732,142.72079520867243,143.51954650878906,7368300
2016-11-04,143.07528713167832,144.39906660856573,140.4636348026568,142.8195037841797,6960320
2016-11-07,144.13879273813254,145.39077267055117,143.1470879071167,143.6407012939453,3886300
2016-11-08,143.9548385269459,149.3396830657748,143.90099227265645,148.70248413085938,5874360
2016-11-09,139.11743071390825,152.9295541230352,138.695616865939,150.85191345214844,8629910
2016-11-10,152.30132675827574,159.6336872952212,152.30132675827574,157.63232421875,7666490
2016-11-11,155.7296748834433,157.0085779291677,151.78527326052154,154.4642333984375,7296950
2016-11-15,153.10905694829128,155.7117258507596,150.37175874057203,152.01861572265625,6140900
2016-11-16,154.23090044169894,155.71172694935004,150.90126613386064,152.41799926757812,3579110
2016-11-17,152.57057956468623,154.3655275595649,147.45498051815534,148.49156188964844,4809840
2016-11-18,148.71143028473216,152.45389500054188,148.26269331121495,151.8166961669922,5775610
2016-11-21,152.22057708691034,152.6468827465811,144.89270735367933,145.55233764648438,5107430
2016-11-22,146.30172449828237,148.70247020251594,145.283096431737,147.1139373779297,3501810
2016-11-23,147.72420522876303,149.21400145279986,147.3652074623241,148.19537353515625,2825900
2016-11-24,147.63447001661055,148.63066668425412,144.15675833688798,144.91961669921875,16770590
2016-11-25,145.74975540543974,150.6679222212929,145.48052419181246,150.22366333007812,4443080
2016-11-28,150.77564560948696,155.26301601453122,149.61341831790463,154.58541870117188,4880370
2016-11-29,154.98475705176136,155.46490883485,152.03206049825968,152.34169006347656,4467480
2016-11-30,151.2243533194354,155.76107734572324,151.2243533194354,155.17323303222656,7408290
2016-12-01,155.17325945902286,155.34378172148072,150.0621518096202,150.44805908203125,5346100
2016-12-02,149.33969777971126,150.7756619426268,148.14606917371034,148.6800537109375,5441330
2016-12-05,148.80119876584024,150.0397036304934,145.9517159462333,147.9530792236328,6162830
2016-12-06,148.2626901330632,149.13324093857474,146.5574951479965,147.54470825195312,3695870
2016-12-07,148.08318285551005,148.61718088317448,146.4228507821118,147.75559997558594,5034030
2016-12-08,148.98065872364188,150.59611438843373,148.26267690658284,148.6979522705078,4827860
2016-12-09,149.5909517457308,149.78839711071961,147.36522017919816,147.7646026611328,3760900
2016-12-12,147.72423084037754,147.93961584321863,145.18437769173005,145.60169982910156,4064340
2016-12-13,145.74977387337847,147.29792201972543,144.48434592589336,146.4587860107422,5306210
2016-12-14,147.2754619145883,147.2754619145883,145.5253769795003,146.30169677734375,4181710
2016-12-15,145.390806529431,148.58132043275234,144.95553103618235,146.34661865234375,4059070
2016-12-16,147.5447367931713,147.89924289764917,144.6100063415232,145.2382354736328,4632360
2016-12-19,145.21128896519565,145.78117999785508,143.03491188084146,143.50160217285156,3883340
2016-12-20,142.69835035198946,143.68557712147876,141.3521394996122,142.84194946289062,4756710
2016-12-21,143.59584890123634,144.1253553074115,141.89513173138948,142.35733032226562,3908180
2016-12-22,143.20993451920353,143.40736620282092,139.76811566124158,140.59828186035156,4445390
2016-12-23,139.82644156378132,142.1464040127954,138.39496954444692,140.7283935546875,4666800
2016-12-26,139.4674729932438,140.15853190117184,135.66666954119205,137.5558624267578,6133610
2016-12-27,138.09432227812775,142.46950810037436,137.58276921075114,141.81884765625,4294580
2016-12-28,141.7964017217419,143.12018136324883,139.77260714287422,142.26309204101562,6245670
2016-12-29,141.90858588792736,143.9458557223069,141.01560363137705,143.5734100341797,5243210
2016-12-30,143.50608225874373,146.50813378255168,143.20543614777802,146.0638885498047,6205340
2017-01-02,146.10874933148423,147.35174571619828,144.5022634292201,146.6741485595703,4621360
2017-01-03,147.2754862634375,148.40629855339236,146.37801227936868,147.59408569335938,4530490
2017-01-04,149.6537807497816,149.6537807497816,144.13432145024956,146.3331298828125,2378943
2017-01-05,147.23060661513566,158.538770351219,146.73699319578733,157.64129638671875,6510132
2017-01-06,159.16698844059306,160.4683227487805,155.0386033652772,157.23741149902344,5500626
2017-01-09,158.40416574901585,160.9170957632277,156.69897057564003,158.00030517578125,2997673
2017-01-10,158.40416424288915,161.09658629800907,155.80149506735324,160.15423583984375,3701710
2017-01-11,160.917103681591,175.36642800918548,160.64785872139672,167.9174041748047,19588062
2017-01-12,168.94949012978955,171.14829881624405,165.31471748374136,169.17385864257812,6001012
2017-01-13,170.07132680385308,171.50729071371674,166.1224465932781,169.5328369140625,5494453
2017-01-16,170.20595306911665,172.7637596639666,167.603283725952,169.9367218017578,3993046
2017-01-17,172.22524182783525,172.404747569472,166.43653771355045,167.55838012695312,4433742
2017-01-18,167.87250618228109,172.76373650283895,167.87250618228109,171.5072784423828,5651544
2017-01-19,171.41753457880117,174.06508014886748,170.340568514038,172.8983612060547,5325171
2017-01-20,172.2701162690007,173.66120358438954,165.67369117117403,166.61602783203125,5221394
2017-01-23,167.28912987113605,174.82791886527974,166.93014578804753,174.2445526123047,5915206
2017-01-24,174.60355330454968,175.63564283143236,172.44960768696615,174.0650634765625,3567556
2017-01-25,175.1869075145512,179.22554017920496,173.347083228447,176.0395050048828,8514459
2017-01-27,176.21902244698788,178.59732302968695,173.34709473925872,175.32154846191406,3724559
2017-01-30,175.00742672053912,178.59732265326812,173.34709437390546,176.3536376953125,3886010
2017-01-31,176.8921207071348,180.75124772975678,175.00741993775122,177.83445739746094,9791708
2017-02-01,179.04606483724643,179.18068046088118,171.50728863763533,177.07162475585938,7991260
2017-02-02,177.20622252854923,177.6998359227633,172.67397649972693,174.0201873779297,4882873
2017-02-03,173.21248037615362,176.2638864698005,169.3982159119119,172.00088500976562,7158596
2017-02-06,173.7958404152315,174.4689459376675,170.96880269874703,172.62913513183594,3509746
2017-02-07,173.03299311275728,175.00743321010046,168.68023865516963,169.62258911132812,4271007
2017-02-08,171.3726416704897,172.04574710807557,168.9943412687657,169.89181518554688,4093024
2017-02-09,170.69953980474386,174.10994349874707,166.79553640167475,173.7958221435547,4280685
2017-02-10,174.1997175465686,175.0074387090172,171.7765266704885,173.43685913085938,2393140
2017-02-13,174.6484185799376,175.23177111101214,160.01959192757178,168.50071716308594,5882506
2017-02-14,168.50071775461785,170.026420582631,161.90427938474727,163.20562744140625,5326799
2017-02-15,164.14799070530856,165.5390781575976,160.4234790471357,164.50698852539062,4927878
2017-02-16,165.18005513810056,168.72507389869514,163.56459956402762,168.23146057128906,2742051
2017-02-17,168.81485979798097,169.7123337709753,165.22496390600364,165.94293212890625,2679540
2017-02-20,165.98781091817222,170.34056522661172,164.7762292540836,168.99435424804688,3116627
2017-02-21,169.62255419645274,172.0906072337027,166.61601138242085,167.78273010253906,2738266
2017-02-22,168.0071397600708,168.41100034451213,163.5197695010178,166.03269958496094,3420915
2017-02-23,166.57114864632558,168.32121987932098,165.2249378987347,167.78273010253906,3565755
2017-02-27,167.82765943272713,170.43032888735905,166.0327112035001,166.3019561767578,2479199
2017-02-28,166.30190375793464,168.7699567951846,166.03265886954367,167.78273010253906,2568373
2017-03-01,168.76998147786531,172.85349074831208,167.603262587114,170.34056091308594,6984828
2017-03-02,171.01367204856732,171.32777972939382,163.25051379506033,164.6864776611328,5014563
2017-03-03,164.2377341726552,166.3019270131519,163.29538377869304,165.1352081298828,3072562
2017-03-06,165.1801045563079,167.19942120444279,164.37236968043345,165.89808654785156,2405448
2017-03-07,166.39165302272843,166.61602149427708,162.4427734012182,162.8466339111328,2337750
2017-03-08,163.0261248017158,163.47486174165377,158.8528767380386,159.79522705078125,5030575
2017-03-09,158.5836476654998,160.513224916468,157.6412972586889,158.71827697753906,2814093
2017-03-10,158.85288449551197,160.55807947280243,157.19255225891445,158.17977905273438,1965462
2017-03-14,161.50044719828796,164.55186708362902,159.30163858764175,163.25051879882812,3552433
2017-03-15,163.25051379506033,165.94293577317148,161.59019512517824,164.6864776611328,2518621
2017-03-16,166.57118326202777,174.3792044817926,166.21218543811403,172.7188720703125,8053833
2017-03-17,174.33430343866348,175.8151298820182,170.65465500545542,172.3149871826172,5143534
2017-03-20,172.98811166634619,174.78305964731996,170.69955025173138,174.19970703125,2608165
2017-03-21,174.69331251669638,174.69331251669638,171.41753782141603,172.6739959716797,3832639
2017-03-22,170.07130987184823,170.07130987184823,166.12243005441692,167.55838012695312,3999158
2017-03-23,167.55837911743512,169.62257188453265,166.4814131459302,167.69300842285156,2749898
2017-03-24,167.73788676726804,171.19316717890072,166.93016563709324,167.6481475830078,3979893
2017-03-27,167.6481198705946,168.45584086725225,159.48110226277035,161.0516815185547,8610189
2017-03-28,160.91708460815545,165.09033306622703,160.91708460815545,162.9812774658203,8752274
2017-03-29,164.23772801423698,165.71855451038974,162.2184116861931,164.55184936523438,3043114
2017-03-30,164.6864826959236,168.09688671133378,163.9236243010568,166.3916778564453,20910457
2017-03-31,166.885270498451,170.74441104275826,166.03267302449555,168.9045867919922,4542711
2017-04-03,168.6353628939894,172.62913323880812,167.82764175367032,169.5328369140625,4005610
2017-04-05,172.31499906989967,176.71261596424978,172.0008777084322,175.72540283203125,7046524
2017-04-06,175.00742349810056,183.8026711102116,172.7188621442522,182.9051971435547,7827353
2017-04-07,181.82823720671198,185.77711731439211,176.62288528704897,179.3601837158203,9259489
2017-04-10,179.2704554295409,183.98219455847754,178.37298130974347,182.8154754638672,4077710
2017-04-11,185.32836288356182,185.68734697072338,177.6549581947883,178.37294006347656,6912377
2017-04-12,179.36018136199314,181.46923700991172,175.3215484298985,176.3087615966797,4900126
2017-04-13,176.75751268070283,176.75751268070283,170.3405786547688,171.19317626953125,6831049
2017-04-17,170.96877834743577,175.45614785786714,170.96877834743577,174.2445526123047,5298073
2017-04-18,174.64844080015615,178.32807587655748,167.37889613375856,168.0968780517578,7160819
2017-04-19,168.05200379165615,172.49449728118717,166.43654787881772,169.9815673828125,6855099
2017-04-20,171.86625506359238,172.94322102485674,168.72509635485832,169.89181518554688,4558278
2017-04-21,171.6418978559955,172.0906348438543,166.57117537093737,168.052001953125,6017993
2017-04-24,168.72511509486608,175.14204883482307,166.212185109899,172.7637481689453,6548580
2017-04-25,175.45618993764057,176.35366405496868,172.67401469617622,174.5587158203125,5905853
2017-04-26,175.0074424972773,181.46925301984177,175.0074424972773,178.4178466796875,6575488
2017-04-27,178.1037165774375,181.06538358309757,175.63566302178188,177.96910095214844,4349295
2017-04-28,178.2383059890913,185.23859082407614,177.11646371497656,178.5972900390625,8422472
2017-05-02,179.49479069781216,181.06537011641802,174.60356039016992,175.72540283203125,4080171
2017-05-03,176.6228785000567,178.77681053159307,173.16759826783596,173.52659606933594,4612307
2017-05-04,176.80237647084542,177.2511134669643,171.41753251741866,174.1548309326172,5327061
2017-05-05,174.10994881874223,174.24456443544335,168.05199956860557,170.34056091308594,4146159
2017-05-08,170.96881607671733,173.436869852103,167.82765672622645,171.68679809570312,5024668
2017-05-09,171.8662744918633,174.7381886113396,170.07132645539474,172.7188720703125,3989306
2017-05-10,173.2573424404652,178.50755663904587,173.12271313627687,177.2510986328125,4780618
2017-05-11,178.14861228962482,179.49482346561695,174.10997876164845,174.5587158203125,4526903
2017-05-12,174.55868074587656,178.14857649386374,171.8662589348862,176.93698120117188,7071552
2017-05-15,177.6998416853329,181.87309006534824,176.1741387127663,181.02049255371094,5637368
2017-05-16,183.98215966391768,183.98215966391768,180.16789537820233,180.97561645507812,7155404
2017-05-17,182.77056005565336,187.97591157966625,182.45645239730726,185.5078582763672,15630852
2017-05-18,184.87962935650796,187.57205114325325,168.85971424762752,171.77650451660156,21476119
2017-05-19,174.10997667731547,177.43062813280304,169.89185111524384,173.66123962402344,10896952
2017-05-22,174.55868475666378,176.75749321395426,171.4624023417555,172.44961547851562,6295893
2017-05-23,172.67398194926403,175.45615666310036,165.22495914361212,173.70608520507812,8867141
2017-05-24,173.526599196244,174.96254934502178,167.28914409105596,170.16107177734375,5439353
2017-05-25,170.96878115945904,173.8406949544982,169.62257028418773,173.07785034179688,5977139
2017-05-26,172.8983430701253,182.0974506362591,172.1354984641869,178.4626922607422,12767707
2017-05-29,178.5524403077755,181.60385996625774,175.00742093036686,175.72540283203125,4551732
2017-05-30,175.0074462890625,178.01398994664734,173.66123516376203,175.0074462890625,4165068
2017-05-31,175.9048591507943,178.8665253345527,173.1226849823988,173.9752960205078,6461000
2017-06-01,174.55867267972525,175.9048835230136,173.3022147037354,175.41127014160156,3515147
2017-06-02,176.39849097483622,177.2510884080527,174.15480631144314,174.7830352783203,2665134
2017-06-05,176.35362399844672,176.35362399844672,170.1610594731939,170.96878051757812,7041770
2017-06-06,170.5200387371474,174.4689183669986,169.89180975435715,172.4047393798828,5549087
2017-06-07,172.6740024002865,176.1292829837009,172.31501825666533,175.36642456054688,6570678
2017-06-08,179.49479418879702,181.64872624131618,177.02674076870105,178.64219665527344,12287394
2017-06-09,179.36017041468054,181.87308646355856,177.96908308410244,181.28973388671875,5161130
2017-06-12,181.28973724795463,183.150285506331,179.70146670886115,180.4275360107422,2791407
2017-06-13,180.97205483458475,182.83260285890603,178.88462489612598,179.47454833984375,4264115
2017-06-14,179.70147943677097,181.65277784070162,177.97707684020997,179.92837524414062,3710984
2017-06-15,179.5199772332483,180.60907440971314,177.8863245442401,178.65777587890625,3459648
2017-06-16,178.61237478501968,179.70147184465714,176.25265294862146,176.84259033203125,3232753
2017-06-19,177.52329459459693,181.42589160842513,175.93502385918532,180.83596801757812,5481847
2017-06-20,181.87965739371072,182.8780043963646,179.88297723702274,181.28973388671875,4917462
2017-06-21,180.9720988012443,185.01085543839685,178.93003644032876,181.6527862548828,5932691
2017-06-22,181.78890798149035,185.1015809444036,178.0224295942913,179.38380432128906,5970858
2017-06-23,179.4745618361072,180.06448532418648,174.80051431130235,177.614013671875,4144287
2017-06-27,178.61235434448503,179.3837916594933,174.7097442994997,176.1165008544922,3228380
2017-06-28,176.29803303359785,180.15526155556844,174.9820401899437,179.29306030273438,4779335
2017-06-29,180.60906381703185,186.9621464638621,180.2006541308884,186.37222290039062,9184678
2017-06-30,186.37221530774417,189.50337457211123,183.51331992396686,184.6024169921875,6431412
2017-07-03,184.82928992123206,187.41590725573454,184.69315799778198,186.09991455078125,4041802
2017-07-04,186.8713656408565,189.95715666985862,186.14531019743944,189.09495544433594,5697836
2017-07-05,189.91178484848987,193.2698399231596,188.77730584700547,192.67991638183594,6906867
2017-07-06,193.04292055286697,194.35891326418576,191.40926822046964,192.81602478027344,6685243
2017-07-07,192.40761174185323,196.94552711312335,190.91010520878154,196.1287078857422,6452705
2017-07-10,196.4917722553162,200.16748716191816,196.03798063347944,197.89852905273438,1192167
2017-07-11,199.57755036122362,199.57755036122362,193.36061343201712,193.8597869873047,3660000
2017-07-12,194.26818008627436,195.22114518340965,191.04625706673136,194.1320343017578,4864490
2017-07-13,195.13037418382993,196.94554045530742,192.0899651396573,193.72361755371094,2485968
2017-07-14,193.81438527278956,196.21947509102424,192.49839246944194,195.26651000976562,3484855
2017-07-17,196.4010083915003,198.35232067457113,195.6295709435506,197.89852905273438,3303597
2017-07-18,197.35394836021717,199.39601039766197,194.22278933919242,196.17408752441406,3631182
2017-07-19,196.49175035439433,199.8951871388238,195.9925768562874,199.3506317138672,3115273
2017-07-20,199.35063306503133,199.9405704208361,194.22279381451656,194.76734924316406,3219939
2017-07-21,195.62955747385064,196.17409907338862,192.40763441092477,194.9034881591797,4633423
2017-07-24,194.22280644645468,197.3993476733827,192.40764003106725,193.99591064453125,2889831
2017-07-25,193.95055120020655,195.90186363214715,193.31524565089055,195.22117614746094,2231494
2017-07-26,196.03795403689153,201.4380708343876,195.67492632812284,198.89683532714844,4579840
2017-07-27,197.94387953708622,200.21283728579826,192.4076170907812,194.9488525390625,10574422
2017-07-28,192.77066933104464,196.67327992535976,191.50005836946335,195.85646057128906,2601142
2017-07-31,196.7640377383858,201.39270368355017,195.85645455126098,200.8027801513672,5160277
2017-08-01,201.57423985455475,204.5238853364282,199.84982341751768,202.52719116210938,5408688
2017-08-02,203.20787095372586,203.20787095372586,195.31189996065132,199.44140625,7699742
2017-08-03,199.4414047144499,204.20621643117738,196.12873163179228,202.70870971679688,6614853
2017-08-04,201.48348828552847,207.8819531832392,201.48348828552847,207.1558837890625,5030815
2017-08-07,207.47353306299266,210.55931052258205,206.7928456367343,207.88194274902344,3218107
2017-08-08,208.15420447584734,211.42149556136044,204.25159409580496,209.5155792236328,4253146
2017-08-09,209.47020176830517,211.92067359691808,207.110479948977,209.1525421142578,3591242
2017-08-10,207.83653326066658,208.24494289254665,198.26152863111724,202.1641387939453,5725478
2017-08-11,199.6682923592177,205.249923174357,197.44471641857766,202.84483337402344,4613140
2017-08-14,204.97764774301766,212.7374721338613,204.70537004453107,210.87693786621094,3508678
2017-08-16,211.73915083446667,216.77624006693952,209.83322068749212,215.77789306640625,4106721
2017-08-17,215.09723113474524,217.18467538805567,211.87530781426847,212.91903686523438,2586445
2017-08-18,211.6484076481181,216.4586015637024,210.55931053576083,215.14260864257812,3477346
2017-08-21,216.23167882657887,220.27042094994323,210.55928431381446,212.1021728515625,3182064
2017-08-22,214.18961514235014,215.4148578870613,207.15584600102295,210.51390075683594,4446520
2017-08-23,211.8299195839712,218.18300217122027,209.37944764147073,217.59307861328125,4271359
2017-08-24,217.00315149799638,225.35291427749283,216.50397796174275,223.31085205078125,4460587
2017-08-28,223.26545799583013,224.80834660250008,220.5427085080761,221.90408325195312,3526749
2017-08-29,222.35787293587637,226.16971941648168,219.7712554051335,224.082275390625,3793852
2017-08-30,226.80503989822947,235.97163590954872,225.5344289366264,235.1094207763672,6400191
2017-08-31,235.24554503396004,236.24386426255342,229.75465079050895,230.88912963867188,7429622
2017-09-01,231.88749828030203,235.88085866035823,229.07398493393057,232.93121337890625,4090265
2017-09-04,233.56650632367607,234.06566592840795,225.80666838121036,231.25216674804688,2406774
2017-09-05,231.56982929048743,234.15644674161587,230.25383652619837,232.56817626953125,2047693
2017-09-06,231.43371166932542,239.8288561122323,229.84544109904573,238.78514099121094,5586361
2017-09-07,239.32969078068578,242.23394027931457,237.15146903516415,239.69271850585938,4400492
2017-09-08,238.69440541983823,245.13825232233208,237.4237943524894,239.1028289794922,6474499
2017-09-11,239.10277775450254,243.82219323603886,239.10277775450254,241.3263397216797,3388131
2017-09-12,242.2339427639806,246.59035860246888,242.00704697126477,244.7751922607422,3850430
2017-09-13,244.77518597298544,246.68108842504762,238.73973588398985,239.7380828857422,3488892
2017-09-14,240.50953240686397,244.13986497149588,238.37670648569483,241.1448516845703,3046811
2017-09-15,240.32802916438598,244.2760217697645,236.42543233903018,242.82388305664062,7157745
2017-09-18,243.3684365721147,243.3684365721147,237.24224979511283,238.2859649658203,3405906
2017-09-19,237.78680639864925,241.23561159576334,236.9699870306214,237.46914672851562,3736290
2017-09-20,237.7867822790078,240.37339976309374,234.33797743171945,235.20016479492188,4209554
2017-09-21,234.70101601303296,236.51618237400425,228.62019762488296,230.97991943359375,3827420
2017-09-22,230.11772499611712,232.52282880479632,223.31085094090926,224.12767028808594,4786338
2017-09-25,223.26545512034954,224.26380212578277,208.29033313057,214.96107482910156,8013361
2017-09-26,215.3241244848939,222.76630431064333,213.59972186197655,219.9528045654297,4724429
2017-09-27,222.9931869098278,223.08395076823388,212.64674408807576,214.77955627441406,4227130
2017-09-28,216.0047901996289,218.72753965592673,211.55763829379038,216.8216094970703,4241681
2017-09-29,218.72755209161488,226.75966898380503,218.5914201505082,225.48904418945312,4037110
2017-10-03,228.71096642071294,230.25385509112854,221.67719662007593,226.8504180908203,3190108
2017-10-04,224.17304665372453,227.2588239427082,223.26546346889162,225.30752563476562,2911505
2017-10-05,226.98653434173644,228.5294228113725,224.80832663582189,226.0335693359375,1613225
2017-10-06,225.9882014098481,234.65560930068753,225.94281948321458,233.88418579101562,3541234
2017-10-09,233.61190795898438,236.380053311479,229.709311314325,233.61190795898438,2708053
2017-10-10,236.92457359384917,239.64732308252275,232.93121321657597,235.92625427246094,3075575
2017-10-11,237.15148175360812,238.55825234780602,229.16476058250075,232.74972534179688,2958994
2017-10-12,232.6135489244544,235.790089931133,228.80171633478378,232.4774169921875,2653904
2017-10-13,235.6085919521526,235.6085919521526,229.25550988401343,230.57150268554688,2598847
2017-10-16,232.25051643537708,237.7414109667634,231.8421067983457,236.3346405029297,3726642
2017-10-17,236.87921951689708,238.5582540069441,234.33799758948223,236.1985321044922,3326442
2017-10-18,238.64901880647824,238.64901880647824,233.83881112155706,234.837158203125,3020838
2017-10-19,235.06406260452906,235.4724861474109,228.1664243400055,229.57318115234375,934388
2017-10-23,231.070669450313,237.287619403702,229.93619054265952,236.3346405029297,3983111
2017-10-24,236.8792160305672,240.82720850385826,234.06570256125397,235.47247314453125,3594675
2017-10-25,237.74140366718436,238.69435484145845,231.93286352917136,235.65394592285156,4232416
2017-10-26,235.65396270524954,240.5095381661654,231.4337065372535,235.92625427246094,4756796
2017-10-27,237.10612867881773,244.4575586863943,236.47080931255132,240.78182983398438,3095908
2017-10-30,241.37178123255623,244.72982270621455,237.60528851210816,239.46585083007812,4390979
2017-10-31,237.69602567597687,238.2405811151166,231.2068115774322,234.56488037109375,6701163
2017-11-01,240.5095496101127,242.1885840808014,236.8338487044019,240.28265380859375,4308393
2017-11-02,240.28262623580707,243.82219479388408,237.78677270550125,241.5986328125,1850517
2017-11-03,242.3247129189971,243.68608771067687,239.19353981923726,241.96168518066406,1805553
2017-11-06,239.964994715624,246.8626326375933,237.83216863684356,243.2322998046875,2518798
2017-11-07,244.1852238850857,245.63736239588582,236.42539939831653,239.64730834960938,2538762
2017-11-08,240.82720667708116,242.27934533060593,236.10776297743593,238.19522094726562,2332066
2017-11-09,240.509527090824,240.509527090824,235.15479221579682,239.60194396972656,2293798
2017-11-10,238.60362703295135,249.1315981024106,236.06240505288014,245.77352905273438,3062537
2017-11-13,245.77353792509155,246.8172808412118,237.83218432913546,239.46585083007812,2186042
2017-11-14,239.05739367125108,242.5515943016678,238.83049788612323,241.91627502441406,1464097
2017-11-15,239.6927200156337,240.23727545544418,230.2992286949342,231.8421173095703,3199737
2017-11-16,234.15647536063895,235.74474602684484,229.70932303471096,234.74639892578125,1768063
2017-11-17,236.28929021533173,243.05076839566323,236.06239441671843,241.96168518066406,2241746
2017-11-20,243.1869315518932,243.1869315518932,238.28596007312902,241.37176513671875,1589735
2017-11-21,242.27927533284944,245.04739220291506,241.23553280086537,244.00367736816406,1814757
2017-11-22,245.22901038183966,245.3197465509521,240.50956630377394,243.73147583007812,1320466
2017-11-23,244.41214560407553,248.04247841778474,241.00870859122315,242.18858337402344,2649055
2017-11-24,243.14148228332635,243.14148228332635,238.96659490743002,240.69102478027344,1325725
2017-11-27,239.14817006507232,240.87257258301938,234.42872640804174,234.97328186035156,3340622
2017-11-28,235.064029616794,237.1514597275456,230.97990555009292,232.02362060546875,3948068
2017-11-29,232.7950930245126,234.11109975598438,230.97992660716747,231.66061401367188,1852596
2017-11-30,230.7984033900146,233.56653483410705,230.52612566871335,231.29757690429688,4677214
2017-12-01,233.8842010303256,233.8842010303256,225.98821613467544,228.75634765625,3410360
2017-12-04,230.07232044825517,230.93452164076342,226.53275182696052,228.57481384277344,1309523
2017-12-05,227.62187844022236,228.12105198992575,221.9041012816459,224.80836486816406,2253438
2017-12-06,223.26544067875432,224.03689184656344,218.86365714218493,219.771240234375,3872984
2017-12-07,220.54270665303196,228.7109550475887,220.3611927917658,228.6655731201172,1934627
2017-12-08,229.16473617344863,233.56651981365368,226.16970912898267,229.11935424804688,2869536
2017-12-11,229.98155877340554,230.07232262552614,225.67053892144796,228.2571563720703,2248099
2017-12-12,227.7580012909025,231.29758408039544,225.98821682046636,226.8504180908203,2208589
2017-12-13,228.71095200835683,229.80004901010125,217.91071814741008,221.45028686523438,2393737
2017-12-14,222.35788856118208,224.89912434303406,215.64177828286412,220.04354858398438,3263839
2017-12-15,225.08063026524022,229.02862266619562,224.30917901722168,227.71261596679688,3492426
2017-12-18,225.0806412140408,234.7917928614467,220.90575281336422,230.4807586669922,2938065
2017-12-19,230.7530472052432,235.06406775283378,229.618568113772,232.704345703125,2145809
2017-12-20,235.24556263258518,240.05574222974857,232.93120899085443,237.87754821777344,2462944
2017-12-21,238.01371194648783,241.41714920025078,236.96999672811586,240.78182983398438,1328407
2017-12-22,240.9633694452239,241.87095275763528,238.4675153360926,240.0557861328125,1765864
2017-12-26,239.60192158032214,243.77680908669922,239.60192158032214,242.6876983642578,2428477
2017-12-27,242.23396309866854,244.50292121629798,239.05742173398735,240.91798400878906,1503466
2017-12-28,242.05243463365272,250.12991904410111,241.5532472880683,246.227294921875,4716301
2017-12-29,246.3180595894555,248.4962535942573,241.41711615434158,244.8659210205078,2003783
2018-01-01,244.59364904255398,246.5903429707764,239.91960154834993,241.23558044433594,1261616
2018-01-02,242.3247098724687,243.23229305551166,237.51453008123733,240.1011199951172,2277139
2018-01-03,243.09614828299956,247.089508538107,241.73477358031028,243.8675994873047,3279293
2018-01-04,245.72814019444263,255.8476868735285,244.5936612461765,251.5366668701172,6281682
2018-01-05,253.44264611481054,263.1084030860964,252.89809057475668,258.75201416015625,8325201
2018-01-08,259.6595199492929,262.74529682506216,256.9367707593959,259.5687561035156,2686737
2018-01-09,259.79569381391497,262.74533924586336,255.03088196230604,257.7536315917969,2281715
2018-01-10,257.02760626558063,258.66124515608965,252.71658551297915,256.66455078125,2748652
2018-01-11,257.4813342662719,259.34186852588266,255.9384319310548,256.4375915527344,1757575
2018-01-12,256.93678936325796,262.972211631752,256.6191297286553,260.2948303222656,5118636
2018-01-15,261.02091554150377,265.83109508503816,257.5267149272718,258.66119384765625,3602106
2018-01-16,259.93178719888857,260.8393702740923,250.76519259988387,255.21237182617188,3107547
2018-01-17,256.0292197329222,260.4763717601101,253.6694979336264,258.7065734863281,3574084
2018-01-18,259.38728733656626,262.29156487777806,249.90305878891644,253.94178771972656,8128594
2018-01-19,255.12162219648462,256.9367884480466,247.8155614156043,256.0292053222656,3291487
2018-01-22,256.84604853483313,257.2998401400184,251.03752152791066,252.89805603027344,2143377
2018-01-23,253.53336107210197,271.6396284805217,251.44590318751455,266.87481689453125,8672380
2018-01-24,265.3319457670723,268.6446188040936,260.5217383390602,261.973876953125,4037279
2018-01-25,265.33194140971426,269.5521975490648,261.47471299360814,263.9251708984375,7330584
2018-01-29,264.10670190738756,272.68337392451326,264.10670190738756,266.3302917480469,4673841
2018-01-30,265.83109858566087,265.83109858566087,261.15705091157406,262.3822937011719,2152791
2018-01-31,262.29156289778365,266.8294792108941,255.12166066251777,263.1537780761719,6604621
2018-02-01,268.6446010405118,278.4464875671486,259.0242145178566,274.6800231933594,8031105
2018-02-02,271.14044431858633,285.29874586261946,266.1487373938927,271.3673400878906,12354843
2018-02-05,267.7370553078058,272.2296034164439,256.709924501526,264.3336181640625,6863987
2018-02-06,253.0795351097076,262.5637612168786,241.05405988357904,257.02752685546875,8006195
2018-02-07,261.29319694363033,267.192487725638,258.0712876723533,263.1991271972656,9691897
2018-02-08,263.1991298979356,279.8986553589081,263.1991298979356,276.0868225097656,8028713
2018-02-09,268.4176398552953,283.0297299312429,267.8730845815694,280.7607727050781,6726146
2018-02-12,283.16594255958364,286.52401129062844,280.6700888992027,282.0314636230469,4120075
2018-02-14,284.79958067269195,285.38953187649554,279.67174142757494,280.9423522949219,3992497
2018-02-15,282.48526855073226,285.20801812712483,277.31203327668993,279.3540954589844,3695342
2018-02-16,281.44153108429254,284.75420393323134,278.0380943838953,283.5289611816406,5742059
2018-02-19,284.7995526215817,284.7995526215817,265.96720416146417,274.72540283203125,6238413
2018-02-20,275.1791975318067,280.8515917116573,272.7287121672164,277.3573913574219,4940505
2018-02-21,278.8095368195475,279.6717241382283,267.73701202308735,270.7320251464844,5947856
2018-02-22,271.6396108024841,273.8632004768,267.7370145506412,270.1875,11882391
2018-02-23,271.36737465721785,279.3540956752563,270.9589511415464,278.5826721191406,4641724
2018-02-26,282.03147879433845,287.6131099229037,279.9440485177177,286.8870544433594,5314911
2018-02-27,289.519028779294,290.83503544355045,285.2080087582857,288.70220947265625,6081243
2018-02-28,284.34579246102567,286.34248648849433,281.6684387619653,283.34747314453125,6391843
2018-03-01,285.88870284210054,288.42992467735627,274.9977046385919,277.26666259765625,6417443
2018-03-05,271.7304256190568,272.36574498723587,262.29156514631956,264.6966552734375,9282086
2018-03-06,271.09511514435786,273.9993647898546,265.1050604357364,266.37567138671875,9755916
2018-03-07,265.9219028295013,266.64795837948975,259.70495178021605,262.745361328125,7208335
2018-03-08,266.8294526860955,268.91688290372326,257.93514867545514,262.5184326171875,5748695
2018-03-09,264.1067179644886,267.0109953577715,258.3889547369377,264.96893310546875,8084115
2018-03-12,267.91854917781393,272.1841732405848,264.8327443996423,270.3236389160156,4186325
2018-03-13,271.18585535084225,276.4498546508891,268.46310568789306,275.4515075683594,4161207
2018-03-14,272.45648432977555,275.72376165134045,270.6413179523546,272.6833801269531,3032723
2018-03-15,272.0934561740293,273.13719910347487,266.92024809810704,267.8731994628906,3721114
2018-03-16,267.73701459965145,267.73701459965145,262.1099882986618,263.4259948730469,7106321
2018-03-19,263.42601706875223,263.42601706875223,254.16865758640637,257.3905944824219,3716523
2018-03-20,254.21407668698652,262.064666347203,253.80565314105468,259.1150207519531,5586853
2018-03-21,262.06469951560223,264.3790260428154,258.8881577032919,261.7470397949219,3943743
2018-03-22,261.3839222301136,264.0159075742334,258.5250411201692,259.5687561035156,3731255
2018-03-23,254.0324938779443,261.474686075891,250.81058508212763,259.5687561035156,6571245
2018-03-26,259.56877674766093,268.64460810247425,258.6611936121796,266.7386779785156,3302313
2018-03-27,271.77578712245975,272.2749467793259,267.82779485471156,271.2312316894531,4209223
2018-03-28,269.4614017281528,270.64127631028015,259.9317797129632,261.5200500488281,5122171
2018-04-02,263.19916952667137,269.96067651237547,261.6108986760794,269.1438293457031,2582307
2018-04-03,267.6916887069183,276.40446568534736,265.2865709542294,275.0430908203125,5214588
2018-04-04,276.3591041046013,278.85495808255746,266.51182014303464,268.5085144042969,5561514
2018-04-05,273.2278793261861,280.7608356235263,272.81948355229406,279.89862060546875,4210195
2018-04-06,277.266677281476,280.71548248300337,276.3590940497854,279.7171630859375,2787944
2018-04-09,279.535632922648,284.07354904152214,278.3557858106375,280.8062438964844,3191991
2018-04-10,283.98276209068945,285.6617964576086,278.6733951238324,282.5760192871094,3478934
2018-04-11,286.7509099886893,288.9744721085285,281.8499387753098,283.34747314453125,6847386
2018-04-12,283.16594909519466,283.9374003292931,278.4011374517659,279.76251220703125,2993563
2018-04-13,280.89696296184917,283.4381845042568,277.2666306457025,279.9893798828125,4046812
2018-04-16,278.9910423279031,281.3507639521104,277.7204315140187,280.3524169921875,2741849
2018-04-17,280.8970053681916,282.53064407818914,278.809575050168,280.579345703125,2788017
2018-04-18,278.628038441021,283.1659543765425,278.628038441021,281.305419921875,3234140
2018-04-19,282.4852150206033,297.5057029251338,282.4852150206033,293.01318359375,8395329
2018-04-20,289.3828515131639,296.053592250688,288.5206365651305,293.01318359375,5243673
2018-04-23,292.1964318590354,297.1881396220134,289.9728418675393,292.0602722167969,3113729
2018-04-24,288.1576622661212,295.87211936615904,287.1139471390936,294.7376403808594,4078872
2018-04-25,294.96449545063274,296.598133885003,290.2450524445278,291.969482421875,3081536
2018-04-26,291.7879819509532,299.86546642507756,291.5610861640551,297.4150085449219,4602880
2018-04-27,297.6872769927554,299.8201029618771,295.3275552332429,297.3242492675781,2704711
2018-04-30,293.6485622431051,300.5915965656764,293.4670622035489,294.9645690917969,2847539
2018-05-02,297.5056998189753,297.5056998189753,285.0264334222526,286.0247802734375,2136023
2018-05-03,286.70554328858276,290.5627721031416,281.8045992754154,289.79132080078125,5122999
2018-05-04,289.06524156432687,289.8820608833023,285.6164365743237,288.06689453125,3147597
2018-05-07,290.38121298068893,296.87042636169105,287.250040324794,295.6905517578125,3285970
2018-05-08,296.5074430818122,298.0957136848275,292.96784643729933,294.1023254394531,2779564
2018-05-09,294.9645071318655,296.6889094802657,291.01651511234525,292.0148620605469,2987922
2018-05-10,293.14936146585234,294.9191597114927,288.70220950937875,290.0181884765625,3185014
2018-05-11,290.97116619717605,295.19142234537134,289.97281918323176,293.8300476074219,2208433
2018-05-14,293.7846805142953,300.81845001730534,291.5157226100985,298.6402282714844,3103900
2018-05-15,299.04864372598524,311.0741202946326,297.3242413046459,303.6319274902344,6620191
2018-05-16,302.95124324703426,308.57826983468016,299.4116745148491,305.49249267578125,5178318
2018-05-17,309.48587587655305,309.48587587655305,297.7780579590878,301.317626953125,9191526
2018-05-18,302.1344369446874,304.72105456307753,288.70221687679725,289.9274597167969,4676411
2018-05-21,289.24677731099155,293.5577975168355,279.21796631905204,280.67010498046875,5132127
2018-05-22,280.4432403227694,291.10734412145075,280.21634449726554,288.9745178222656,4072023
2018-05-23,289.42825332443203,293.05858582821224,279.62636664312095,281.35076904296875,6090049
2018-05-24,284.9357790168756,286.38789009271926,278.9910919733225,285.1172790527344,3276382
2018-05-25,285.8887565207283,297.233548446154,284.9811731666942,295.91754150390625,5183676
2018-05-28,296.32592791488815,299.50246925547657,294.28386562450993,296.8704833984375,2162396
2018-05-29,296.68894466874275,301.7260480832193,293.46703536452804,301.0907287597656,4898604
2018-05-30,298.41330539597266,303.0419846398661,297.73261808649534,301.8167419433594,3841174
2018-05-31,301.3176315379821,306.0370754000039,299.1394373313728,301.22686767578125,6771065
2018-06-01,301.4083954001829,306.40010315156513,297.3696389588041,301.22686767578125,5033181
2018-06-04,301.3176199765663,303.81347375649267,299.50245359116525,301.1814880371094,2301143
2018-06-05,302.3159712492268,302.7697628519133,295.41833334894295,298.6856384277344,2804584
2018-06-06,298.5948440280892,307.76143900426547,297.73262899227376,306.7630920410156,3148197
2018-06-07,308.21525292106656,314.47757131251706,308.1244890637793,311.75482177734375,3295739
2018-06-08,311.57335270770324,312.4809360569214,307.67075538496334,311.5279846191406,2138252
2018-06-11,311.981650965562,313.9329488430633,308.8958743572768,309.4404296875,1886702
2018-06-12,309.84889591269143,313.5699925357769,307.2169101978596,309.80352783203125,4463946
2018-06-13,310.39347265482644,313.57001404164487,307.76148675948264,311.3010559082031,3827972
2018-06-14,310.3934458986912,312.07248031215266,305.6740023090547,307.716064453125,2262462
2018-06-15,305.038678493228,309.9849896570875,300.99992271143407,301.8167419433594,4407383
2018-06-18,301.1360887773451,301.2722484124687,292.3779166084969,296.91583251953125,3093377
2018-06-19,295.19139753734794,300.72765987918694,293.1493356020396,297.23345947265625,3902633
2018-06-20,295.91747105923787,305.08406629227613,295.91747105923787,304.1764831542969,4389564
2018-06-21,305.85557653833206,306.2640001081565,300.90923640265703,302.089111328125,3111133
2018-06-22,301.6806302405387,307.08076100322177,301.1814705923616,305.8101501464844,3641907
2018-06-25,305.71937547598566,307.1715139882653,299.50242564660095,301.4083557128906,2725937
2018-06-26,299.18473705185204,299.68392433127406,291.8333090492181,293.01318359375,3431872
2018-06-27,294.4653869916197,294.5107550737513,287.52235319649435,288.88372802734375,3615558
2018-06-28,288.42993948243634,294.41999434128314,284.89037042405846,292.6048278808594,4474045
2018-06-29,294.9645363877309,297.95954983215614,292.9224742127389,296.5981750488281,4176390
2018-07-02,296.77972218876283,298.36799287325925,282.7121818403658,284.43658447265625,3579844
2018-07-03,284.4365821666186,285.7071931644659,277.720471723218,282.8937072753906,5355915
2018-07-04,283.61972261706006,286.1609442528135,279.9893901675617,283.30206298828125,3838343
2018-07-05,283.1659285236964,284.073511627939,279.5355961067259,281.7591857910156,4048889
2018-07-06,281.5298697422083,286.9403730423942,275.7525578766318,282.9512634277344,5087790
2018-07-09,286.115137519354,288.1784678380032,284.3727752918586,286.8487548828125,1833981
2018-07-10,286.1151206254214,291.8007528064914,286.1151206254214,291.11297607421875,4072677
2018-07-11,290.10425658320486,290.10425658320486,284.7395920062354,287.3531494140625,4560851
2018-07-12,288.7744723824207,294.0932950559681,286.75701108062196,290.7919616699219,3468456
2018-07-13,291.61729384109435,293.6347831688674,288.178410659006,290.0124816894531,3079114
2018-07-16,289.96667853878705,292.07584930178575,281.0714216985788,282.1260070800781,2316253
2018-07-17,279.6958790249028,283.91424869914124,277.12819034617036,281.8967590332031,4813085
2018-07-18,284.005926195103,284.87709319202634,269.19577940465604,271.6259460449219,4530592
2018-07-19,272.35957717675217,284.5102990541662,270.0669881432778,278.4120178222656,6510032
2018-07-20,279.2373499042331,281.75919789187395,274.7438809052143,278.9163818359375,4643889
2018-07-23,280.61288633000567,282.309407743194,275.1106728725546,281.2089538574219,3849111
2018-07-24,281.5299667753952,293.4055905746997,279.74173592244045,291.84661865234375,4677454
2018-07-25,295.2854300076809,300.237416093899,284.8312309399532,290.7919616699219,8497446
2018-07-26,290.5168268678931,293.1762521301296,283.3639613674612,286.3901672363281,6607347
2018-07-27,288.04092206479515,299.0453505831391,287.9492128966672,296.4317932128906,6865156
2018-07-30,296.4318069440451,301.6130533476265,294.23092673557005,300.6501770019531,4368955
2018-07-31,298.54095773145076,305.2353350609125,298.036599296156,302.98858642578125,4863789
2018-08-01,303.4930051015763,304.7309810262716,297.6698222531535,300.37506103515625,3557767
2018-08-02,298.95362394070776,307.0693950957488,295.1479315643709,304.5016784667969,4410584
2018-08-03,305.2811800935969,310.23316729528364,304.91437140934397,309.3161315917969,4714989
2018-08-06,310.4165416498131,313.1676483704909,307.94053440692113,308.9951477050781,2536638
2018-08-07,309.95805172913225,314.17642134388916,307.6654625891239,312.2506408691406,4702630
2018-08-08,313.94715618578556,316.3772950287199,311.3794396086212,314.31396484375,3791524
2018-08-09,314.7266649319503,316.8358358577036,312.7550157790011,314.4974060058594,3272046
2018-08-10,314.17641636177507,315.9187784834101,309.4078198318937,311.7004089355469,3088207
2018-08-13,308.9951375389261,317.6152660496341,308.0781019955379,313.7178649902344,3893115
2018-08-14,314.1305577335264,321.87952034348604,310.14147495544256,312.8008728027344,6297575
2018-08-16,308.12399836731186,309.13274324482285,299.733127223201,300.9252624511719,6092650
2018-08-17,302.5300048226937,307.9405086571295,302.5300048226937,306.28985595703125,3729105
2018-08-20,306.3816323346691,313.8554676770989,306.28992316771667,313.2135314941406,2968742
2018-08-21,314.72664800626615,315.7353648382516,310.0038919942105,313.53448486328125,2781769
2018-08-23,314.451530045385,314.81833872137554,308.81176619312004,311.4253234863281,3317106
2018-08-24,308.16980939280074,326.92319904566335,308.16980939280074,325.3642272949219,8301916
2018-08-27,329.2157545535427,334.3969996896263,323.39257335357473,326.09783935546875,7420600
2018-08-28,328.16119800188125,338.3861394364932,323.80527886279356,335.8184509277344,6122883
2018-08-29,340.58699937561823,374.7924423530502,339.30315519634047,365.8971862792969,44445933
2018-08-30,364.98016740874465,374.8841406567098,360.5325391685573,364.8884582519531,27089981
2018-08-31,365.8972410369678,369.84048331751893,360.02821820644886,363.46710205078125,8642458
2018-09-03,366.17231159928895,369.10683677538816,360.4867075509427,364.0631408691406,5615281
2018-09-04,366.4474318726154,366.4474318726154,354.43425989857565,358.4233703613281,6611358
2018-09-05,354.89281714972185,368.4190937723534,354.89281714972185,365.3011779785156,7677886
2018-09-06,370.4823718127763,370.57408096729665,363.1919278068321,365.7137756347656,5215140
2018-09-07,365.6679937297111,375.89293642118685,362.22910977614015,372.8667297363281,7367573
2018-09-10,377.2684499380946,380.52394319317926,365.89721380301194,367.9147033691406,8882946
2018-09-11,370.39066841042376,370.39066841042376,359.7989185628951,362.4124755859375,7125022
2018-09-12,362.32078139176633,367.63957682772633,355.8556634377201,366.5849914550781,6287959
2018-09-14,368.83177395791836,378.13968082236505,368.83177395791836,374.2422790527344,6622300
2018-09-17,373.23352367577905,381.85365351488394,369.7029306925152,377.68115234375,6327429
2018-09-18,378.5064685236455,381.2117349139182,371.12434265768536,373.3710632324219,5226145
2018-09-19,376.0763260486245,388.593857086847,376.0763260486245,382.44970703125,8654507
2018-09-21,385.3842298657286,392.07857888089217,357.00196545468367,374.1505432128906,10218645
2018-09-24,379.65275028566646,379.65275028566646,364.15485375761995,367.2269287109375,7568416
2018-09-25,364.9802222048669,373.2335438125146,356.7269005972191,370.1614685058594,6963000
2018-09-26,373.23353417404115,377.5894537989225,367.73131991103315,374.2422790527344,3317487
2018-09-27,375.8470938671237,378.2772329178175,362.9627252635883,367.0893859863281,25412558
2018-09-28,370.3448026478464,374.10465390032414,343.15470490821986,349.9866027832031,13200294
2018-10-01,343.888357269686,354.7552349565494,340.3119239512225,349.2530212402344,8910012
2018-10-03,348.47354558147407,355.35131292847683,345.40147056933813,351.5914611816406,7436585
2018-10-04,346.5477740672411,354.4342864257314,342.3294043884479,346.2726745605469,7084897
2018-10-05,343.8883660184692,347.6940583385989,330.4996400376754,336.1852722167969,7170165
2018-10-08,335.635052429402,350.1242047006505,327.4734406314023,345.03466796875,7787200
2018-10-09,348.01499934059353,350.12416996049706,333.57168909128035,340.5870056152344,7572243
2018-10-10,341.13724179722624,350.9953744566891,340.5870148423477,345.53900146484375,4070161
2018-10-11,339.30321883237406,341.8250670804525,325.41013317192005,331.69183349609375,6973280
2018-10-12,334.71804957559107,349.61988054984687,333.204946181501,348.198486328125,4970667
2018-10-15,349.0695941074669,349.4822713200522,341.6874687521048,345.53900146484375,2563605
2018-10-16,345.72240750686666,353.24211032331374,338.4778321509459,342.6044921875,5508232
2018-10-17,345.63076043416453,347.0521826045993,329.35337625518946,331.6459655761719,4061725
2018-10-19,328.06951312415373,339.71587740488485,325.1808563415858,333.34246826171875,6479303
2018-10-22,336.5521242545817,338.2486460094104,323.9887231358077,325.639404296875,5271275
2018-10-23,324.447142670518,326.3270822019698,314.7724295197631,318.6698303222656,4807256
2018-10-24,321.925347446861,324.7681635034456,316.88165147042946,322.7507019042969,3260414
2018-10-25,320.0454622977077,325.7310948852456,315.0017659004659,324.0804138183594,4891650
2018-10-26,326.2812551825195,326.4188329110404,305.41869528911803,309.45367431640625,7853276
2018-10-29,309.9580733355354,312.93843942530015,301.888170194456,311.7921447753906,4778923
2018-10-30,310.23320231044386,313.44282763490895,305.92315080901784,307.94061279296875,3197919
2018-10-31,308.9951921548032,313.5345021054897,299.41215783828363,311.2419128417969,4571617
2018-11-01,312.3423438196979,317.75284848536654,310.0038861519746,314.31396484375,3486300
2018-11-02,317.4777387418471,327.38171211577304,316.4689939757218,323.5301513671875,4287077
2018-11-05,322.7048190624777,330.0411037947225,317.7986730506479,324.30963134765625,3683598
2018-11-06,326.46464398276015,329.58255914275827,318.7615512387345,321.65020751953125,3180370
2018-11-07,321.65020751953125,321.65020751953125,321.65020751953125,321.65020751953125,0
2018-11-09,322.79648999550363,322.79648999550363,314.0846529075568,318.6698303222656,3642253
2018-11-12,317.70698960939444,324.9515651335679,314.58904623191023,315.964599609375,3905755
2018-11-13,315.460271435486,320.0454497993739,313.99300876190034,319.2201232910156,2384372
2018-11-14,321.87952467345247,324.40137280123594,309.27028403453517,311.4253234863281,3540077
2018-11-15,311.7921283601549,317.2026332257337,310.0038976061591,316.010498046875,3192589
2018-11-16,315.5519656844119,315.68951543168527,304.6392472913221,307.29864501953125,3306643
2018-11-19,308.7659308322025,311.3794601839626,305.5563058879414,308.7200622558594,3202842
2018-11-20,306.2898919831136,306.51915088429854,299.8706427499346,301.0169372558594,3954871
2018-11-21,299.8707069239759,302.07158724921135,295.8357549967589,298.99951171875,4004112
2018-11-22,298.9536339815671,300.5584464339222,291.75489824100435,293.3597106933594,3648659
2018-11-26,294.04743543768194,296.66099228057107,285.8858248638888,291.25048828125,4603622
2018-11-27,287.1697029374443,290.51687740145974,274.65217214149254,285.3815002441406,16785515
2018-11-28,286.48193636620243,288.6369757777289,280.79633203031347,283.2264709472656,7306426
2018-11-29,286.7111881962497,292.99288794814794,283.0889141977045,291.11297607421875,6047477
2018-11-30,292.16751578229116,296.01904808935564,287.44478855628813,288.17840576171875,5161526
2018-12-03,293.497233370725,298.03657079714844,287.49066136894163,288.7745056152344,6549046
2018-12-04,288.22428660430216,291.9841382751762,285.56488888099835,287.3072509765625,4089384
2018-12-05,284.28103806088893,285.19807366753696,277.17401210936674,279.09979248046875,4291892
2018-12-06,274.1936605176177,282.0801727383428,269.7919005731562,280.06268310546875,7026331
2018-12-07,280.7046276882961,282.63040821647803,273.5058919917897,277.31158447265625,4667020
2018-12-10,270.06697342314345,274.8355695471378,268.0953525589609,269.7001647949219,3612157
2018-12-11,264.01459968216017,277.99939555054976,262.5473368135803,275.98193359375,4328659
2018-12-12,278.2286194964695,281.9884713786599,274.6063453547375,277.3574523925781,7403789
2018-12-13,280.33782474308526,281.2548604432776,270.9840494068398,273.3224792480469,5434548
2018-12-14,272.35957536108043,275.8901680462356,266.9949114613725,268.78314208984375,5963531
2018-12-17,270.4338068813266,275.5692121050513,269.6543209837217,274.97314453125,4379498
2018-12-18,274.28536903955205,281.25484559009476,273.36833338778877,280.1085510253906,6638364
2018-12-19,282.4469524027834,286.43606268483364,279.14561879054503,285.19805908203125,5813820
2018-12-20,283.3639971876773,285.0146500546826,280.79630873106777,283.0888977050781,5637742
2018-12-21,283.36399603509284,286.757038897109,280.4753395367305,282.44696044921875,6808600
2018-12-24,282.446976597969,282.9054944171216,266.8573707467824,267.95782470703125,7202626
2018-12-26,266.4447263153949,272.3596181048861,264.19800551639355,271.7176818847656,5649890
2018-12-27,274.6522027554679,275.7067882540481,267.86614391057157,268.6456298828125,5160751
2018-12-28,269.9752737523278,275.66090563943163,269.9752737523278,273.3683166503906,3519635
2018-12-31,275.20243798988736,282.35530574483147,275.20243798988736,281.30072021484375,7167399
2019-01-01,283.272342476129,283.272342476129,277.40331917178537,278.7330322265625,3622654
2019-01-02,271.4883890028818,273.23077910086994,262.8224190290189,264.7481994628906,8855139
2019-01-03,263.6477630069505,266.4905792660802,257.04509479127563,259.20013427734375,10003388
2019-01-04,258.5123124923477,265.43594759372246,257.4118866384794,264.0603942871094,6070751
2019-01-07,268.04945446646946,270.75472027484244,264.2437628946323,265.802734375,7041362
2019-01-08,266.032030104657,271.30498474415447,264.19795892570136,269.5167541503906,4528899
2019-01-09,270.5255142697361,272.1761672303196,262.77655190399827,266.62811279296875,5848215
2019-01-10,265.940306433207,268.41631358393556,263.7852673184179,265.2983703613281,4352095
2019-01-11,265.71109991358287,269.74605148510284,262.68489323137015,264.83990478515625,4483554
2019-01-14,264.51893386140483,264.51893386140483,258.6498835474818,260.3464050292969,3756403
2019-01-15,261.35513088655705,268.69141526232005,258.8791237154555,267.8660888671875,6557577
2019-01-16,267.82025278568636,268.92070676982024,261.67613066710976,262.68487548828125,3752082
2019-01-17,263.64773153021264,266.4446788791206,262.08875983644754,265.0232849121094,4817690
2019-01-18,264.4272436249496,267.63686850130586,259.75035606511744,261.9053955078125,4210472
2019-01-21,262.1804467364086,264.9774218335922,260.3922442831629,260.9883117675781,2854706
2019-01-22,260.43812703743254,260.98835402972355,251.7721288695449,254.9359130859375,5006219
2019-01-23,254.93596903525014,261.26351087099675,254.2023515416643,257.5953674316406,4489030
2019-01-24,258.1455662148616,260.80496431940014,253.5603874188605,260.1171875,3705336
2019-01-25,260.98833048151806,261.8136569026341,250.57997109858061,251.8638153076172,5191436
2019-01-28,251.2677267521592,251.49698562693308,241.2261768427828,245.5362548828125,4518237
2019-01-29,245.35285140397548,250.35070637011475,243.24368082297778,248.47079467773438,4113613
2019-01-30,248.97517964117728,250.76341035774485,240.44675926764083,246.59088134765625,6941276
2019-01-31,248.5166441933863,252.96427238956028,244.48169320583767,251.81797790527344,4666551
2019-02-01,251.49704086613755,256.7699961440967,244.52756394508464,252.13897705078125,6496209
2019-02-04,252.59746521929964,253.514500812057,245.44457080436896,250.80923461914062,4804512
2019-02-05,249.43366289269838,254.61490801373327,248.19565933634766,250.8550567626953,4726380
2019-02-06,251.6345825663208,259.42938577109277,248.97518471712837,256.1280517578125,5746435
2019-02-07,254.93592850818885,258.053844338845,249.43371422383944,250.4424591064453,6252085
2019-02-08,249.0668777654705,250.3507220248671,238.75022713257763,241.04281616210938,5765740
2019-02-11,242.09739470181728,243.93146587380073,235.31133696261946,239.89651489257812,5228180
2019-02-12,239.85067714134226,251.72630070016925,236.13669373513144,249.20445251464844,12748459
2019-02-14,247.04940693538902,259.06257995708944,242.14326044348482,257.3660583496094,9767547
2019-02-15,256.7241372498347,256.7241372498347,243.42712054040263,244.75680541992188,10241930
2019-02-18,245.76556952921712,247.55380035253785,239.34631957882712,240.17164611816406,6612006
2019-02-19,240.81356651753367,249.20443709107616,239.34630388508143,244.71096801757812,8114832
2019-02-20,245.62803936246922,253.28529372548965,245.30707124220638,251.3136444091797,10302096
2019-02-21,253.10188190087786,255.85298931284393,250.71758321336492,254.06475830078125,8238650
2019-02-22,253.10186636044818,263.0058412411382,249.25030502589647,262.1346740722656,10779149
2019-02-25,262.5931666478878,269.4250655185135,262.5931666478878,263.9228515625,12551599
2019-02-26,255.85300084869974,263.00586924803406,254.11063833970425,260.8966979980469,8622676
2019-02-27,263.5560257938415,267.27003676457406,258.6040391519036,260.4381103515625,7076524
2019-02-28,261.8136991461918,265.9403599033122,256.5865843262223,257.77874755859375,9337518
2019-03-01,260.80491036160487,261.44684645451935,257.4118955459694,258.69573974609375,7362711
2019-03-05,261.3092991223795,267.8660979073614,258.6040329732357,267.040771484375,11469935
2019-03-06,268.41637960369275,269.6085149038815,262.96000560778236,265.89453125,6718322
2019-03-07,266.3071608821918,269.60849498940786,261.72198239597736,265.6652526855469,7010707
2019-03-08,264.28968854867315,265.3901145498416,260.6215459066969,262.6390075683594,5961633
2019-03-11,265.390087290381,270.2045240134615,263.32675726620363,268.3704528808594,7863518
2019-03-12,269.6543029696607,273.2766047299947,265.98616062429164,267.5909729003906,8891811
2019-03-13,265.940317745292,266.3071263795239,258.69574227281987,262.5014343261719,9122437
2019-03-14,262.5931452847895,265.7569012606875,260.4381060635312,263.0975036621094,5351600
2019-03-15,263.5560471666855,267.0866401094803,261.6302666537331,264.5189514160156,7053371
2019-03-18,265.9403376457668,271.442551528093,262.77655346914645,270.47967529296875,7431744
2019-03-19,271.53426545542993,272.13033303933497,263.51020340288,264.5647888183594,7444759
2019-03-20,265.9403673741455,265.9403673741455,257.7328862212456,258.8791809082031,9165038
2019-03-22,261.1717127503816,265.5276316012845,259.5210599590579,262.04290771484375,7325504
2019-03-25,258.604019519867,258.604019519867,253.1018063385932,255.66949462890625,6778846
2019-03-26,254.8900497244183,258.9708412490922,253.56033694399247,258.0079650878906,6247666
2019-03-27,259.5210753863791,265.25254789932916,258.14552198327107,263.6477355957031,6490731
2019-03-28,262.27214988582773,265.94029184227287,260.43807890760513,264.3354797363281,21745652
2019-04-01,272.77225532531236,275.11068495313157,266.3988465962824,268.04949951171875,7766553
2019-04-02,271.21326628643175,271.21326628643175,261.8136518166569,263.2809143066406,7105140
2019-04-03,265.94034197584006,270.0670024547755,264.56478848286156,265.8486328125,6899752
2019-04-04,265.8027914555624,266.21544071083895,261.53858123679333,263.9228515625,4338250
2019-04-05,264.51894250032933,271.2132915020394,264.1979744280376,269.8377380371094,5310432
2019-04-08,272.3595693784681,273.8726725000963,265.023284681405,266.30712890625,5645872
2019-04-09,266.8114954131704,268.6914070325985,261.95119037167086,267.3616943359375,3725301
2019-04-10,266.1237574352426,269.3792228059336,263.46433165557147,264.6106262207031,5316890
2019-04-11,264.1062751796603,265.6652470260456,261.401008736141,263.1892395019531,3147541
2019-04-12,263.18918546846265,264.5188981224274,261.35511448958835,263.0516357421875,2486341
2019-04-15,264.10626447600276,269.42505999686176,263.37264715785216,267.9119567871094,4009776
2019-04-16,269.60845990826704,270.3879457466394,266.26128564600265,267.040771484375,4394114
2019-04-18,267.0407906978138,276.30282831263315,262.7307119772035,274.3312072753906,7668228
2019-04-22,273.91856635329935,277.3574501224534,265.25256806074805,267.0866394042969,6083105
2019-04-23,268.7372666799754,270.1586886265088,263.4643120723078,264.38134765625,3648863
2019-04-24,265.2525816242116,268.69146556921,262.63902422887094,268.09539794921875,4200919
2019-04-25,267.3159182601701,270.0670254806865,261.81370381913746,262.82244873046875,4132700
2019-04-26,264.5647638022494,274.19363735484427,262.36388401594013,269.60845947265625,11729751
2019-04-30,270.06702431004396,284.18936905033723,266.7198494700665,282.7679748535156,12707875
2019-05-02,283.4098336432613,287.9491709399404,278.32029738940105,281.2089538574219,10375665
2019-05-03,282.44698503428276,284.69373360952034,279.78758720090667,283.2264709472656,5705828
2019-05-06,276.027714526634,277.3115587645005,270.52550094803,272.08447265625,7433027
2019-05-07,276.02775330569136,277.12820737029676,263.18925315193826,264.197998046875,6762525
2019-05-08,262.68484461209,268.50799796869376,261.3551318696994,265.2525329589844,7900967
2019-05-09,264.10625184286823,266.3988408345598,257.09093512543313,261.767822265625,7620385
2019-05-10,262.27218917818135,265.29839555133935,259.5210822986899,263.51019287109375,7076251
2019-05-13,262.2721841802558,263.09751063123434,250.76339848131366,253.92715454101562,4291656
2019-05-14,252.18476807943867,259.47521166001644,249.8463386969833,257.6869812011719,5277444
2019-05-15,257.6870051264985,258.32894124458346,244.80266606445585,246.22406005859375,6212125
2019-05-16,247.59965628328095,254.4315839194557,246.22410263726272,253.0560302734375,4697435
2019-05-17,252.59749133549886,254.66082163253185,249.02102976540846,253.46865844726562,3064045
2019-05-20,259.6128101208836,269.2875254816178,257.5036112368955,261.8136901855469,5009313
2019-05-21,261.21761260718444,262.73071584475093,254.4773949281619,256.2197570800781,4196280
2019-05-22,257.1367630636494,257.91624887962644,249.70876949877535,253.97300720214844,5052534
2019-05-23,260.4381569794511,265.8486623899807,251.72631722133565,253.0560302734375,5355880
2019-05-24,256.72413655837425,267.3158869213528,250.85508612076387,264.10626220703125,9795647
2019-05-27,257.6870233848963,265.2984082550069,254.0647212924981,263.87701416015625,9081309
2019-05-28,263.8770328643936,272.8181312846467,262.95999712898305,268.6456298828125,10338894
2019-05-29,267.77439116585964,271.16743402902415,256.49486465007294,257.2743225097656,7940056
2019-05-30,257.68698939464537,259.75031938090143,252.27648525004807,253.65203857421875,7941828
2019-05-31,255.16512534839123,256.5865191650358,247.23277394907674,249.15855407714844,7316925
2019-06-03,250.35071601544342,253.193531940965,246.82012339757176,251.77210998535156,6265379
2019-06-04,251.2677840566474,253.10185547311926,249.80052132632812,251.45120239257812,4512003
2019-06-06,252.0931010235134,252.0931010235134,243.28955296162727,244.57342529296875,5090763
2019-06-07,244.84849615442454,247.59960285278885,239.89650969450966,240.630126953125,5599533
2019-06-10,242.46421948797558,245.67384425271806,240.58430760576636,244.71096801757812,3704937
2019-06-11,245.7655307786543,251.72626193559927,243.28952356533384,250.6716766357422,4208927
2019-06-12,251.68045124650897,254.29398052181173,247.82889023178734,248.7459259033203,7380929
2019-06-13,249.43367540977368,252.18478212385207,243.61049393450017,251.58871459960938,5646873
2019-06-14,249.5254118212649,252.55161834304064,245.3987512993665,248.7459259033203,4349503
2019-06-17,248.51665993450334,248.51665993450334,237.51223218832607,238.61268615722656,8505525
2019-06-18,239.34630840923455,243.01445106684733,233.75238525923353,241.6847381591797,6059478
2019-06-19,242.09740841270872,245.44458289400066,234.7611233092933,238.93362426757812,7432697
2019-06-20,239.34626145216745,247.59958081258702,236.82441386981705,246.91180419921875,5160169
2019-06-21,243.88564273510016,246.6367496898753,242.3266709331114,244.98606872558594,6144176
2019-06-24,244.84851265272107,246.22406609459028,235.76986553352552,236.41177368164062,5807872
2019-06-25,233.29386782592644,246.0406579857843,231.68905541047687,244.8943634033203,9616552
2019-06-26,241.73059632343103,254.75248540572997,241.5013374172035,254.1564178466797,6924967
2019-06-27,253.97306555980524,257.5036308560437,252.68919310403433,254.33987426757812,7806500
2019-06-28,254.0188471968568,255.6236594083893,250.44241415115377,253.65203857421875,4088477
2019-07-01,255.44024699715627,258.4206126016157,251.13019660674541,252.87255859375,3935030
2019-07-02,252.82673064683806,254.2022840714983,249.52539683051222,253.2393798828125,3233802
2019-07-03,253.1018368524077,256.5865610930494,251.03850666067612,254.38568115234375,3416371
2019-07-04,254.0188672535776,254.93590287543168,251.0843420693621,252.2306365966797,3266606
2019-07-05,252.8725245024742,255.57779026532137,243.06023402559558,244.52749633789062,4112441
2019-07-08,244.1084254465312,248.85834696772798,240.19671868255008,244.2481231689453,3816891
2019-07-09,244.0152977572169,247.27504410130183,242.6182636097519,244.34127807617188,3210950
2019-07-10,245.41233232841225,246.2039906978891,234.70173717935438,237.4026641845703,6051189
2019-07-11,241.50061336218045,249.69656368861203,240.15016413791574,248.9514617919922,11021639
2019-07-12,248.95148032423592,252.25781161473077,243.73590877329926,249.5102996826172,7690461
2019-07-15,249.04462086794146,254.02738179577833,245.59862027668902,252.3509521484375,4909761
2019-07-16,251.41959484425325,256.1229318602297,250.53479516509745,255.0984344482422,3794706
2019-07-17,253.3289048611394,256.1229736647549,250.34855343485447,253.2357635498047,3290727
2019-07-18,251.46616086926355,252.16467798278927,246.71623881274172,247.83387756347656,3627824
2019-07-19,248.95147974540802,250.72107911328985,240.476161783475,241.26779174804688,3828583
2019-07-22,242.05947682780663,247.27507736448618,238.70658873831718,246.25057983398438,3426665
2019-07-23,247.7407318933857,247.7407318933857,241.96631248767955,245.22605895996094,3534413
2019-07-24,244.94666298502923,245.73832138264544,229.81212582340672,237.72865295410156,10491930
2019-07-25,237.30954427100662,240.19673974116097,230.79005137461283,231.58169555664062,6895024
2019-07-26,231.8611142245387,235.9590898736486,230.13811384766916,232.55963134765625,5386836
2019-07-29,228.97392259177875,229.34645937931998,220.59171696979345,224.82937622070312,7935024
2019-07-30,226.3661252821105,230.97633558971228,204.89836221668025,214.44476318359375,8938349
2019-07-31,212.67518034450774,221.94217109919782,210.57962902861146,221.1505126953125,5983362
2019-08-01,218.96182723915604,219.61377367416145,207.41300294339888,209.7879638671875,7768510
2019-08-02,207.6924142502116,214.63101448490727,202.84936528037235,209.69482421875,11444553
2019-08-05,205.6434197821366,206.06252716460503,197.68032266977366,202.75621032714844,7681043
2019-08-06,199.86903359764455,206.24881463841396,199.44991196498674,202.6165313720703,6703116
2019-08-07,202.7562161728595,202.84935746558924,196.1435965186619,197.68032836914062,7073513
2019-08-08,198.65827283419532,207.55272705210334,194.42059944122684,206.48165893554688,8752577
2019-08-09,206.48166713323076,212.76832149649036,204.24641793306336,205.45718383789062,9077239
2019-08-13,202.66306330614296,209.04284312816608,201.5919954214897,205.0380096435547,6628569
2019-08-14,207.31988502923159,214.11877356676956,205.596870464237,212.11636352539062,6940915
2019-08-16,210.81246735284194,213.23398478289204,206.38852570086755,211.5575408935547,6083438
2019-08-19,212.62859822485026,215.00355909702088,209.32228126252383,210.67274475097656,4394801
2019-08-20,209.60170417854562,210.57963097728685,206.43508474506766,209.41543579101562,5107078
2019-08-21,208.1580978811604,210.4864882377729,202.75622941154592,203.9669952392578,5016435
2019-08-22,200.24156631961944,205.27088369612372,198.19258569257573,202.10427856445312,6938275
2019-08-23,199.7759034980628,208.25125054313375,199.07738635296468,205.5037384033203,4978377
2019-08-26,206.90075622147776,209.55512684607467,192.1387702571409,199.40335083007812,13555325
2019-08-27,202.47682854136116,202.56996984422736,198.19259862549916,198.75140380859375,12287346
2019-08-28,199.31021403686967,199.5430530719595,188.87902810711998,191.62652587890625,9056214
2019-08-29,189.81037807026422,199.82245625329122,187.90109520239042,197.4009246826172,18785875
2019-08-30,200.24158708811007,203.92044131094357,196.7490012668058,202.52340698242188,10442126
2019-09-03,199.31021413131637,200.70724834251718,194.9328431118272,195.7244873046875,5563093
2019-09-04,194.51374660395163,201.21950835166953,193.25641005878114,200.05531311035156,8097106
2019-09-05,202.19743542708454,207.0404847942131,198.84454744372064,201.40577697753906,10360712
2019-09-06,202.47682597050627,204.29298187376463,197.6803473725163,202.98907470703125,8494436
2019-09-09,203.03562882060615,209.08944344140403,199.17050670879706,204.4326629638672,9829589
2019-09-11,205.27087615620098,213.23397355264115,205.03803713414933,212.0697784423828,11404495
2019-09-12,212.34921427029695,216.30747813279154,206.01598924803207,206.80764770507812,9281462
2019-09-13,206.8076226613763,211.9766518040144,204.06012503768983,210.67274475097656,8639132
2019-09-16,207.22674104715125,211.88352174484004,207.22674104715125,210.16050720214844,5494139
2019-09-17,208.99630929666955,213.2805531671057,200.05529900076374,201.35919189453125,9403320
2019-09-18,202.6165424362133,208.2046795888846,202.33713273630622,206.20225524902344,9790812
2019-09-19,205.0380532168106,206.38853101973115,200.47441371118416,204.479248046875,9020768
2019-09-20,205.50371481315284,223.71172914751767,203.26846588997446,221.75588989257812,23899821
2019-09-23,235.5865253467589,235.5865253467589,221.10393498387106,226.9714813232422,13040988
2019-09-24,225.34160901220017,225.3881796601884,216.54029657435456,217.3319549560547,9073501
2019-09-25,217.47166063931462,219.56721197309818,212.62861151017717,218.30987548828125,7594921
2019-09-26,219.80002943530297,221.47647318004874,215.376088164889,219.28778076171875,8069927
2019-09-27,217.564817260514,220.2657445963876,214.77074861869934,216.2609100341797,7000789
2019-09-30,212.34918745537078,215.14325571136249,207.22672898605262,214.1653289794922,6783701
2019-10-01,213.3736983184544,215.84178641601088,205.27088849490863,207.36643981933594,6026952
2019-10-03,205.78313011112502,210.20707164327547,203.31504209878767,206.34194946289062,5324110
2019-10-04,207.04047132727496,208.53063261411214,197.86660772740092,199.91558837890625,6600815
2019-10-07,200.14842807411554,200.98665712388956,192.79072027940015,193.72207641601562,7420654
2019-10-09,193.07012262018046,199.07736663062065,191.81278619901948,198.1925811767578,5958422
2019-10-10,196.79554250727227,200.14841586778823,194.74656197395154,199.07736206054688,6693227
2019-10-11,200.2415763056045,205.7365720173509,198.19259557637875,202.33712768554688,8965423
2019-10-14,203.780736858597,209.5551423842449,203.36162941610206,206.2488250732422,7515730
2019-10-15,205.8296935696064,211.32468875411286,199.54304003297815,204.57235717773438,14900735
2019-10-16,206.9939065623251,208.29779950179287,203.4547503120119,205.17776489257812,7753169
2019-10-17,203.31505818558395,209.2757320896635,199.63620409425198,207.64585876464844,10798747
2019-10-18,206.85419173696832,209.74138706770165,205.17774794514824,208.0183868408203,9026105
2019-10-22,207.69242038221427,210.39334751878147,204.15326418813632,204.6189422607422,8305579
2019-10-23,203.59444301652064,209.36884782044254,200.9400725268685,207.41299438476562,8030559
2019-10-24,200.42783619965687,209.64827040730918,200.42783619965687,207.55271911621094,15890442
2019-10-25,207.22674587991648,208.76347786144538,201.2660721324118,202.43026733398438,8612440
2019-10-27,203.03564747975733,206.20225281094966,203.03564747975733,204.29298400878906,756932
2019-10-29,204.52583346978275,220.1726067399958,204.52583346978275,218.17019653320312,13887709
2019-10-30,220.68483650884266,220.68483650884266,215.3761093055311,218.30987548828125,5246865
2019-10-31,219.52063673790116,220.2657244832892,211.46441190751992,212.3491973876953,6994856
2019-11-01,212.06977333133386,223.05977774957785,211.88350496045496,221.2902069091797,9208037
2019-11-04,222.31470366052622,237.35611356991936,222.31470366052622,233.02529907226562,17613567
2019-11-05,235.95908960031988,236.70416316168837,227.48374283176454,229.16018676757812,10394354
2019-11-06,229.06704546314967,234.04980662008532,227.53031347864209,231.20916748046875,7121343
2019-11-07,233.02530914908766,237.30955318359563,226.41268891835938,235.30712890625,12103874
2019-11-08,235.40026441955567,238.89284994506835,231.4420008239746,232.8390350341797,7150985
2019-11-11,232.0008261700684,235.8659485666733,231.02289935545534,234.60861206054688,5599046
2019-11-13,234.2360645390036,237.21640128529813,230.37094231962632,231.67483520507812,6493201
2019-11-14,230.97630370597025,232.559606171359,227.4837184684808,228.88075256347656,4522524
2019-11-15,229.11361229870244,232.83903688892525,225.57445609571738,227.9494171142578,5246862
2019-11-18,229.02046270891447,233.91008230657886,227.99597951050944,232.46649169921875,4846338
2019-11-19,232.28021290453663,233.63069066077583,229.67242711224495,230.8831787109375,4461546
2019-11-20,230.6969092561182,234.9811531144743,229.0670360378211,231.62826538085938,4799567
2019-11-21,230.97631412859965,231.86109958641578,227.39058743842767,228.4150848388672,3840421
2019-11-22,228.18224399244014,235.63309277586674,227.53029756616354,234.0032196044922,4927891
2019-11-25,235.53995042480534,243.08394046872607,234.98114529537511,242.2922821044922,11369913
2019-11-26,243.31680094501462,244.7603916485131,233.86354144452082,235.86595153808594,12880492
2019-11-27,236.65758535162306,240.19672708262826,234.60859060878937,235.58651733398438,4739906
2019-11-28,236.19192485684584,246.71623796191224,234.93458837228877,245.8314666748047,9945852
2019-11-29,244.57411710434027,251.00046849822704,242.19914199997544,243.59617614746094,12038238
2019-12-02,249.1377291792092,250.95388474231763,245.1794661922498,249.69654846191406,10547869
2019-12-03,248.90494698245507,249.13778603482407,237.03015531163638,239.5913848876953,9848751
2019-12-04,236.56445446713698,245.87801566663057,230.74347871745348,241.96630859375,15220113
2019-12-05,242.85109803509638,243.8290105507087,232.9321614604912,234.18948364257812,6962695
2019-12-06,235.53996926125467,239.07913975417597,232.9321833592997,236.65760803222656,7854850
2019-12-09,235.63310385514166,241.6869187763212,234.5620499767105,241.08154296875,6291970
2019-12-10,238.70657738210238,241.36094817761665,233.1184545177493,233.77040100097656,5357914
2019-12-11,233.95666038925796,237.3095481901802,229.6258600068198,232.79246520996094,6247501
2019-12-12,234.7017387974761,239.96389511374602,233.0252949637923,238.05462646484375,6112551
2019-12-13,244.94667610152638,246.25056907303312,238.00807538122814,239.9173583984375,12372614
2019-12-16,241.4075201400332,242.33887626955072,234.84144237329465,235.7262420654297,5733217
2019-12-17,236.89045369777565,243.6427861062518,236.14536590008404,241.17469787597656,11197549
2019-12-18,240.19676438061654,248.06673583908923,238.70658873831718,246.25057983398438,13485427
2019-12-19,245.2260738427573,248.85838572764598,244.29471765129566,246.66969299316406,7841049
2019-12-20,246.34367042746513,248.43922149915434,244.71379737170687,246.5299530029297,7162934
2019-12-23,246.25054977701183,252.02496902757872,244.38783755718157,245.59861755371094,8467465
2019-12-24,245.59862985234665,249.41716735603003,244.90011273493124,248.4392547607422,5683009
2019-12-26,248.67205922054373,253.3288393557599,248.39266378152288,250.67446899414062,11054938
2019-12-27,251.559304410106,252.67691474806358,246.90252361178023,250.44166564941406,7560504
2019-12-30,251.0004860748778,254.72591072905038,248.2995588851496,252.49066162109375,6645670
2019-12-31,251.46618464599044,254.26025336427924,249.74316991849832,251.5127410888672,5377354
2020-01-01,252.11807973848215,254.72586516079895,247.6009974688179,249.69654846191406,6952048
2020-01-02,253.3288729503989,257.9856537031636,252.90975131355646,257.4734191894531,10780926
2020-01-03,257.47342579644214,257.47342579644214,252.1646842329699,253.7480010986328,5943349
2020-01-06,251.93183086182333,252.1646698921947,244.29469929654908,246.11085510253906,4529599
2020-01-07,247.88045123809357,251.6058761026082,245.03982614799563,247.042236328125,4465297
2020-01-08,243.45647491208678,246.34368445986794,239.35851382300967,244.48097229003906,8088132
2020-01-09,249.32406365346264,260.0346598479723,249.32406365346264,259.0101623535156,13317832
2020-01-10,258.91699383290137,260.7797060187496,256.1229255541291,258.8238525390625,7625227
2020-01-13,258.96356714000325,260.6865817087142,256.49547901750424,259.475830078125,4540953
2020-01-14,258.9169929461914,264.5051294845984,258.9169929461914,261.617919921875,7428691
2020-01-15,260.64000532805784,263.9463080512805,257.2871177470789,263.10809326171875,5538475
2020-01-16,263.1081225261184,263.43410287574204,257.1940050608958,258.40478515625,4791447
2020-01-17,257.79940476104383,260.3606345094466,254.12056453970803,254.58624267578125,4733742
2020-01-20,254.72590550943775,256.1229397261257,250.20882252426657,252.72349548339844,3823115
2020-01-21,251.46615180933554,252.30436663082003,246.20399542824237,248.90492248535156,4799667
2020-01-22,249.88283386666933,250.8141899801086,246.57653103305302,247.6010284423828,3334351
2020-01-23,247.74073929106515,250.4882513402666,245.97116826639015,248.3461151123047,3529142
2020-01-24,248.39272801051374,255.09847608554836,247.08880649730304,253.2357635498047,5991335
2020-01-27,247.22850783541833,247.64760106020972,240.56928845102885,244.76039123535156,17151836
2020-01-28,242.89766812328537,243.78246781875058,234.3292087531146,237.72865295410156,11168567
2020-01-29,241.2212364379299,246.43683642383718,240.56927578116648,243.31678771972656,7832991
2020-01-30,243.3633423183968,244.10844426660225,237.72864917233767,239.3119659423828,5511254
2020-01-31,240.42958247421888,241.22124087979975,232.00082075465534,233.49098205566406,6329214
2020-02-03,228.64791700238024,235.63308758290103,227.01804386692538,234.23605346679688,7021154
2020-02-04,235.86595303258017,241.87321177407355,231.62827956326524,240.61587524414062,5839343
2020-02-05,241.68691685073557,253.00288819792848,238.75315071223866,250.76763916015625,7218905
2020-02-06,252.4906580994481,258.4513317784401,249.37060931054893,257.4734191894531,8567243
2020-02-07,256.4954935789007,260.77973781323675,254.0274053162869,260.1277770996094,5258442
2020-02-10,257.0542816470532,260.59342343107187,254.4464959559586,258.8238525390625,4972983
2020-02-11,260.8262380126299,273.3529876576874,259.47578885807815,268.9290466308594,10958494
2020-02-12,268.8359711252115,275.12262570157,268.6962733747286,273.5393371582031,9119052
2020-02-13,272.14229443759695,274.37754364478286,268.6031238053781,273.2133483886719,6220243
2020-02-14,271.5834697690561,276.37994844676973,268.50997729882073,269.3016357421875,6086218
2020-02-17,269.30162592829686,270.93149919588285,265.71589905506096,268.3702697753906,6084235
2020-02-18,269.1619207258726,269.30161846038783,261.8042130064941,265.2502136230469,5463097
2020-02-19,267.4854978568752,270.09328370980734,260.68658090295344,261.5713806152344,4952306
2020-02-20,261.43167723473675,266.22815562289423,257.9856481823413,262.4561462402344,6960354
2020-02-24,258.8704655671554,258.8704655671554,238.42718573377832,241.17469787597656,10565578
2020-02-25,245.8779894239046,248.48577491233883,240.66239002430606,244.5740966796875,9928181
2020-02-26,238.4271913506065,245.5986455845434,238.00808389558412,242.89768981933594,8111249
2020-02-27,241.22125879135623,241.22125879135623,231.2557501700487,234.79490661621094,10258174
2020-02-28,228.64795428966517,228.64795428966517,216.6800210587953,219.52066040039062,10723581
2020-03-02,225.57445964577926,229.57929398556973,215.00357573147903,218.8686981201172,10865535
2020-03-03,222.82695356616387,232.00081710912943,222.26813420496225,229.53271484375,11580274
2020-03-04,229.62585909889242,231.72141041334137,220.59170738554135,228.74107360839844,10790561
2020-03-05,231.62826670913492,235.4002618782406,227.576876070098,230.18466186523438,7130730
2020-03-06,218.8687109652481,223.52549204961508,212.5354858482354,222.40786743164062,6850161
2020-03-09,213.32711791992188,215.74863525733213,209.64826416076875,213.32711791992188,7888019
2020-03-11,211.41784278818423,212.8148769916304,204.99149113687866,208.15809631347656,10073347
2020-03-12,195.58478070934595,199.5896147756677,185.38643427177473,189.25155639648438,14115039
2020-03-13,175.09496192971073,202.9890766927289,163.17359997732927,200.1484375,12883941
2020-03-16,188.1339367282006,192.93041507410064,169.08770686704966,173.23223876953125,15167108
2020-03-17,175.9331646145248,180.21740843234684,163.12701802049497,164.33778381347656,14096871
2020-03-18,167.6906619801567,168.7151451226051,145.71065320950072,153.06837463378906,18951014
2020-03-19,146.967995547208,157.11977136129133,141.28671764783195,152.0904541015625,12583063
2020-03-20,155.53647080661563,166.80588545379723,153.34777825742503,163.6858367919922,7449415
2020-03-23,147.34055802180487,152.97526625742677,126.75759312829656,134.4878387451172,7422941
2020-03-24,139.00489710120362,144.36019464446608,130.7158335448743,137.0024871826172,6487043
2020-03-25,135.04662826504656,145.2915448920501,132.7648087676689,141.37985229492188,4384700
2020-03-26,140.63477539073145,146.64201957673768,134.58096055603107,139.51715087890625,8021131
2020-03-27,141.65926877720742,145.71065929347162,136.16425924942314,141.0538787841797,6108830
2020-03-30,138.2598142226256,138.2598142226256,127.13011134630317,132.62510681152344,11851157
2020-03-31,135.93143624151045,141.93868096409062,134.58097257695647,136.21084594726562,9965197
2020-04-01,135.93142724344898,135.93142724344898,129.5050754933162,133.18392944335938,5967565
2020-04-03,133.41678567148705,137.98042570973382,123.40470576943828,131.0418243408203,18559602
2020-04-07,137.88727430065634,148.87727919094664,135.465742741123,147.24740600585938,16440328
2020-04-08,144.36020768533655,159.02906749852397,141.7058368917366,143.9876708984375,15245833
2020-04-09,148.08563373566804,158.33055179285262,147.15427754865127,154.88453674316406,15243084
2020-04-13,156.0021479715776,160.56578721276676,150.0880310057205,156.141845703125,11554655
2020-04-15,158.33053707556482,162.94074693049185,154.46541494326667,159.63442993164062,17616485
2020-04-16,157.67857573726192,162.61476544511933,155.90899078693158,158.93589782714844,10428942
2020-04-17,162.9873184232103,167.50440121834296,158.6565182182258,165.1294403076172,10104852
2020-04-20,170.438171477816,170.438171477816,154.6982585941928,156.0021514892578,12629035
2020-04-21,152.74241654465692,153.11495333948702,146.03665475814066,148.6444549560547,10887919
2020-04-22,147.1542761100651,151.8110569996241,144.82588566528557,150.13461303710938,7765209
2020-04-23,151.252232931056,154.88453043940854,147.80621802161923,148.9704132080078,7114946
2020-04-24,146.6885950981501,148.5513074168568,142.12495560186565,142.73033142089844,8447036
2020-04-27,145.29155354743557,149.62235378593755,144.36019743495203,146.5023193359375,9745004
2020-04-28,148.4581756591797,149.29640478329887,146.22292641759805,148.4581756591797,8025743
2020-04-29,149.7620777697129,154.97766389210665,148.08563379019193,152.83555603027344,11842945
2020-04-30,157.02667955222566,175.74693285660402,156.00218192666694,168.24951171875,16023589
2020-05-04,159.21534908995727,159.21534908995727,151.20569381673644,152.3233184814453,10646028
2020-05-05,156.0021647651366,159.86728734193463,151.62479343191083,152.64927673339844,12995347
2020-05-06,154.139444070235,157.6786003110999,151.95075141550655,154.41885375976562,8720744
2020-05-07,152.92868239681496,162.0559758319208,151.34537972808695,160.37953186035156,11944061
2020-05-08,163.49957774044717,164.47750455676265,156.0021577638513,157.07321166992188,9045606
2020-05-11,158.3305486371598,164.29122243071774,157.16635342659245,162.56822204589844,9199262
2020-05-12,160.19326121514592,167.27157379059466,155.58305101663467,165.96766662597656,11889850
2020-05-13,176.02632251899294,176.02632251899294,168.20293609158486,169.8328094482422,10377139
2020-05-14,166.71273996558236,168.0166328059064,162.2422278951818,163.173583984375,5808584
2020-05-15,164.75689028561868,167.08528056218972,161.35744616637157,162.3353729248047,11548870
2020-05-18,163.73242267965273,164.10495947482661,150.97284559148207,152.0438995361328,8130435
2020-05-19,155.53646701807847,161.0780329108805,154.51196963461052,157.6785888671875,11001274
2020-05-20,157.67858332085402,161.12459789010336,156.7472272636858,159.30845642089844,10091863
2020-05-21,160.1932497413909,162.84762031990815,157.3526107845174,158.23739624023438,11065823
2020-05-22,156.84036325948642,157.86486066516383,152.27672400445007,154.74481201171875,10228048
2020-05-26,156.4678316156915,166.0142320565298,156.4678316156915,164.15151977539062,30383793
2020-05-27,163.9652429539299,176.0263015115201,162.1956578510685,172.11460876464844,20403834
2020-05-28,173.41852997062844,175.79349123756862,170.6244612357267,171.50924682617188,14270125
2020-05-29,168.5754495357791,172.71998122629162,167.6906641070081,171.5557861328125,13458899
2020-06-01,175.09498378020987,185.71243987807912,174.3033252434644,180.6365509033203,17324578
2020-06-02,181.61443830104673,184.17566755913842,177.28363814918364,178.96006774902344,14155546
2020-06-03,181.61444246387242,184.2222424287039,178.401266708708,179.47232055664062,11567639
2020-06-04,179.7517143090566,181.80069473870026,176.77137784672354,178.8203582763672,10238285
2020-06-05,182.49922999414463,188.50647416281743,180.72965903980793,183.5237274169922,26006736
2020-06-08,188.1339503326604,188.1339503326604,179.05322748244535,181.56788635253906,13522911
2020-06-09,182.49923763053783,185.24673547412706,175.65377834681897,177.00424194335938,8055268
2020-06-10,175.09495521811039,178.72723849819462,171.8817793609025,177.8424530029297,11823033
2020-06-11,175.09493239608364,177.74930274727242,170.95040093430043,171.97488403320312,6481994
2020-06-12,164.85003351765283,177.14393148008583,163.4064286869481,175.979736328125,9000558
2020-06-15,173.1856843097845,173.65136241452248,167.59754705292863,171.13670349121094,12059372
2020-06-16,176.02631512815174,182.49923763053783,172.9994075928793,177.00424194335938,23464025
2020-06-17,175.79346963218723,181.10219673377333,173.0459718894807,178.68067932128906,11912711
2020-06-18,176.0263063425281,180.72965758178432,175.09495022431366,180.124267578125,8868746
2020-06-19,181.7076122653812,183.80316385332006,179.47234871142513,180.9625244140625,18204886
2020-06-22,181.5212844852092,186.17806463322756,179.7517137135083,184.36192321777344,11091702
2020-06-23,184.50166506750318,189.90351954606768,184.50166506750318,187.80796813964844,14850064
2020-06-24,192.74415107791344,193.4892388350752,179.14635990802074,180.58995056152344,19739136
2020-06-25,178.96006997634115,183.80313309373824,177.88901613962813,180.26397705078125,9502767
2020-06-26,182.2198190908486,183.94283359642503,178.4012675278187,179.42575073242188,6960491
2020-06-29,179.28604768951763,179.70515508859654,172.90625277550004,177.60960388183594,7560301
2020-06-30,178.02874004786722,182.1732866955874,174.9087051626894,176.35231018066406,11450934
2020-07-01,177.2370669077487,179.79829615724978,175.60719374897528,178.30812072753906,8343254
2020-07-02,179.14636395024758,181.61445210195805,177.00424192933565,181.10220336914062,9164240
2020-07-03,182.2663946906213,183.01148244871644,177.42334558005334,177.8424530029297,6610649
2020-07-06,180.8543417382721,183.7721121314264,179.30134371849798,182.36029052734375,10803795
2020-07-07,183.25441895427366,183.30148254101965,179.0660182461052,179.63075256347656,6564431
2020-07-08,179.77193809188827,190.12529578304415,179.77193809188827,183.86622619628906,22609621
2020-07-09,184.80744625340574,190.8312124427641,184.57214266223096,185.8427734375,14801828
2020-07-10,184.47801293784258,184.47801293784258,179.77194117922414,181.93673706054688,10893405
2020-07-13,183.91329516676493,188.0546473048769,183.77211874599206,186.7369384765625,11050735
2020-07-14,186.36044837013253,186.73692837969892,180.3837312761717,182.6426544189453,7233291
2020-07-15,184.47799892366425,188.101679647238,182.03083605036895,183.44265747070312,9389574
2020-07-16,182.5955796466333,190.03116709371284,181.27788533204406,189.32525634765625,13647306
2020-07-17,191.25474048182122,199.34918910471617,190.73706975097497,194.59605407714844,23873501
2020-07-20,195.30197460385622,196.572619701417,192.00772442981528,194.64312744140625,6380397
2020-07-21,195.77259076653922,198.36093030792375,192.1489096638842,197.6079559326172,5672048
2020-07-22,198.59623261235186,201.41987573006304,192.1018591863328,194.8313751220703,9323617
2020-07-23,194.73725660338582,198.12563424009483,193.372498574803,197.04324340820312,5251159
2020-07-24,193.8901584532203,199.16096462190788,191.30181895930593,192.94894409179688,8215298
2020-07-27,190.1723573083378,196.2431868344556,188.336992246273,194.7843017578125,10548105
2020-07-28,195.86670659987598,203.0669904348904,195.25490867210542,202.26695251464844,9785198
2020-07-29,201.46694948104616,207.96132323457707,201.27870946939746,204.76119995117188,11276308
2020-07-30,205.79652380451287,208.90253421180134,200.61984457962942,201.7493133544922,6483799
2020-07-31,201.89049208746053,208.2436893909121,200.7610376614276,207.30247497558594,7306693
2020-08-03,208.0083671850596,212.19676808633722,205.79650776213103,207.58482360839844,9867115
2020-08-04,208.52603753328864,215.7733849966974,206.26711452584516,214.6909942626953,9878205
2020-08-05,215.06748352939726,222.31483130551317,214.73805275520456,221.32655334472656,11076862
2020-08-06,221.18538778858544,225.8443962760291,218.83235174828133,225.4208526611328,10772820
2020-08-07,222.8795734308231,226.83267104978881,221.93835902812688,226.07969665527344,6794779
2020-08-10,226.83265402058205,231.86815644168897,224.526681779453,230.78575134277344,6482352
2020-08-11,232.00935581752233,240.48028564453125,231.82111580483615,238.83316040039062,15124909
2020-08-12,237.18602461228534,242.73918372952292,234.40944505366653,241.70384216308594,8055616
2020-08-13,242.92744881781104,248.48060818015048,240.8097163617302,243.39805603027344,14516418
2020-08-14,243.77454882346603,251.5866174700731,242.4097763464098,249.7512664794922,13200307
2020-08-17,251.21008326903535,255.30437109396797,247.72760769932097,253.75137329101562,10757867
2020-08-18,254.69263141377212,262.78708128544355,251.63368450533002,260.8575744628906,10683706
2020-08-19,261.65760601503627,263.4459076495589,258.0810027459911,262.1752624511719,10287307
2020-08-20,256.95155710911666,267.77552380052634,255.2103045488247,266.0342712402344,11325005
2020-08-21,267.6343254360033,271.0697523161262,263.86946776494597,265.3283386230469,10884179
2020-08-24,267.4460775177023,270.36384802790764,265.98720662439223,268.9520263671875,9488675
2020-08-25,269.7050062528577,270.3638678990527,263.6812391357686,268.1520080566406,7787006
2020-08-26,268.71671824727173,269.987363465312,266.50485860454745,269.3755798339844,5278655
2020-08-27,268.57552493387095,273.6580767627357,267.11662543323024,272.2933044433594,5931448
2020-08-28,268.7167005074376,272.71686154826637,263.58707074211816,264.1988830566406,11914490
2020-08-31,264.48123321561405,265.1871439804244,252.6690045738871,253.9396209716797,19774736
2020-09-01,253.93963237850153,271.54035306115367,253.23372158198205,269.9402770996094,13679100
2020-09-02,271.54035309150356,276.71703226655825,268.2931519377176,275.77581787109375,11710724
2020-09-03,275.77583319802903,278.4583001189044,273.7522278800302,276.1523132324219,6425365
2020-09-04,269.23436814231263,274.1286945210491,264.05768893247307,265.75189208984375,8443061
2020-09-07,264.48124921176236,270.8344464793047,262.4576439749658,269.6579284667969,8634438
2020-09-08,269.1873013006035,271.44620997239565,262.03406657027665,264.6224060058594,7609074
2020-09-09,257.1397653976455,271.5403330985336,256.4338546530219,269.9873352050781,14099249
2020-09-10,272.3403576075182,273.18744471463043,262.0811277023136,268.57550048828125,9369826
2020-09-11,267.2578476838345,272.0109690444859,266.08132965163514,270.8815002441406,6485991
2020-09-14,270.2226347626841,276.6699585456208,268.8108132944606,272.81097412109375,7275752
2020-09-15,273.84635938054436,277.23470846700644,271.77567607340785,272.5757141113281,6682215
2020-09-16,272.0109493245376,274.5522395792864,269.46965906978875,271.6815185546875,6090447
2020-09-17,269.1872972831217,271.82268590695037,266.5048307088358,269.9873352050781,5287608
2020-09-18,268.5284768435591,276.2934962222734,267.7284675228029,270.78741455078125,9911089
2020-09-21,272.3874583805352,273.234545647956,254.1749528748518,255.35147094726562,7522304
2020-09-22,253.46905057146824,258.97516108059807,247.25705791869277,255.9162139892578,13246982
2020-09-23,258.7398507623652,258.7398507623652,248.1511880278993,252.43373107910156,8444261
2020-09-24,247.58640108499117,249.37473116855534,242.40972262401672,243.35093688964844,7984730
2020-09-25,245.75107088606907,254.55143074442648,243.58626066139843,252.5748748779297,6842615
2020-09-28,255.02209411913844,262.4106053666679,253.32789069294444,260.7164306640625,5470078
2020-09-29,260.71632982572754,269.9402173698422,259.8221648585549,267.3989562988281,11242724
2020-09-30,266.551932267449,268.19905748412106,258.8339626198948,261.42230224609375,6288603
2020-10-01,264.90480727213253,269.7991049716115,261.892909669696,265.4695129394531,4873599
2020-10-05,267.58720466474944,274.83456601132946,265.8459812493635,273.0462646484375,9269669
2020-10-06,275.540533858066,277.6582663983927,269.84619785017736,274.22283935546875,9592838
2020-10-07,272.95218316116654,276.5287864855686,270.31679426145814,274.31695556640625,8126575
2020-10-08,274.36401781322263,280.8583919069659,270.7403363615383,275.7287902832031,11623030
2020-10-09,275.91698550217313,280.81131169221635,273.9404295899025,274.8345947265625,7301282
2020-10-12,277.56413960521826,277.56413960521826,262.92826618386425,268.3872985839844,10299648
2020-10-13,268.2460981812387,273.9875116414135,267.25783457210963,272.9051208496094,7541780
2020-10-14,272.24627040328244,274.8346100527519,268.7167163358242,273.56396484375,6525761
2020-10-15,274.64634485498874,280.199532681121,272.19921044353504,274.4110412597656,10663375
2020-10-16,274.3639519838438,294.08240187485876,273.65804130120955,292.7646789550781,19877383
2020-10-19,295.7296013721225,299.4003321027154,289.61170724660536,295.07073974609375,18884145
2020-10-20,291.7764504658646,301.00033966857825,290.45875611170305,299.96502685546875,10739805
2020-10-21,301.8944964273788,305.2357958103301,296.24721044588455,303.9651794433594,11914326
2020-10-22,303.07098454301075,307.82410495402075,300.7179489487327,306.365234375,8493745
2020-10-23,306.83588050218873,308.05944767733496,301.09446717752326,302.3651123046875,7402260
2020-10-26,295.54132523701855,297.23549968843395,286.4586119099608,290.1763916015625,15424754
2020-10-27,290.22344314995087,294.08242763104295,285.3291171656026,290.7881774902344,7123843
2020-10-28,290.8822911293909,296.6237045621025,286.1291700246645,287.87042236328125,8888276
2020-10-29,284.9997295289177,290.41171272196766,281.9878604643285,288.76458740234375,6945269
2020-10-30,288.4821694383344,294.5059349314825,286.1291337985437,290.835205078125,7786860
2020-11-02,293.1411980603958,293.6588544233125,288.52922512424243,291.1646423339844,7660136
2020-11-03,293.5647562016911,297.51786804436233,292.717669013571,296.2472229003906,5951181
2020-11-04,296.2472078840868,299.9650159458535,293.4235649177571,299.16497802734375,7627927
2020-11-05,303.2592948581272,309.5654141806813,299.02383000660916,308.43597412109375,6640466
2020-11-06,307.6359099194312,311.21251288881416,303.35336747801585,307.2594299316406,6994007
2020-11-09,310.600753768591,314.553865760534,307.07119974849337,313.5185241699219,6297158
2020-11-10,313.4244167614796,317.80105827784615,310.93020417461145,315.11859130859375,6004813
2020-11-11,316.24799986323853,324.48362485967704,312.48314272200946,322.6011962890625,9211868
2020-11-12,323.5424143322826,324.154197880122,315.30678924018815,318.13043212890625,5061012
2020-11-13,317.2362889728299,324.01304386332606,314.6009002507385,323.0247802734375,5043441
2020-11-14,323.87184105100476,324.67187893757017,320.10698391289037,321.8482360839844,975283
2020-11-17,323.6835777680053,329.8955976191009,319.636367945705,320.9070129394531,7389747
2020-11-18,319.0246257462729,325.66017563908093,318.45989137328036,322.4600524902344,4844406
2020-11-19,319.9187727560924,325.98961720030763,309.8007178314566,311.730224609375,7370265
2020-11-20,312.48318709740556,319.0716880301822,309.9418966767579,316.38922119140625,5918276
2020-11-23,318.36574876899635,322.1776553357777,316.248016515544,317.8951416015625,4559744
2020-11-24,318.97754771521204,322.13062163369904,314.4597301795416,320.81292724609375,5014303
2020-11-25,323.3071594914946,325.5660683982465,317.18926564376613,318.36578369140625,6195795
2020-11-26,318.60104992529483,340.90784098113664,316.24801410605335,338.0841979980469,10967276
2020-11-27,340.0607062104315,340.7195676926394,327.213137096019,329.6132507324219,14338746
2020-12-01,333.66045987771327,337.8959241074727,331.16624779823763,337.09588623046875,6475456
2020-12-02,336.01353931760076,348.95523726050556,335.119374152112,346.7433776855469,11048627
2020-12-03,348.24933943043015,352.2965499938363,346.08455772881007,349.04937744140625,7385497
2020-12-04,351.072956539557,354.08485398321693,341.8490672941707,348.62579345703125,7570516
2020-12-07,349.0023062411951,351.26124389793165,341.0019834237454,343.54327392578125,6085158
2020-12-08,344.9550406599505,345.6139021588289,336.53116119260125,341.33135986328125,5311652
2020-12-09,346.36689288553754,346.6021964812478,337.9900906229681,340.57843017578125,6923848
2020-12-10,340.71960030478834,344.90801572062014,335.35466693210293,341.001953125,6429901
2020-12-11,342.2255598150524,345.14333018468125,336.57827344425476,338.50775146484375,4518654
2020-12-14,342.5549749195576,343.4491113198595,335.354662147477,336.484130859375,4927085
2020-12-15,336.95473231396227,345.42566133861493,332.7192678016359,344.39031982421875,5978528
2020-12-16,348.2493220214626,350.6023579810671,343.0726429103327,348.8140563964844,7762252
2020-12-17,348.2023143706374,351.4024379131104,342.64912586399623,344.6727600097656,4501529
2020-12-18,346.64926998167056,347.2610823522202,336.67241980389025,342.7903137207031,5666541
2020-12-21,340.34311068858136,346.7433567036238,323.7777325793405,332.7192687988281,7345501
2020-12-22,332.9545772065612,342.60202431996686,325.8013423826366,340.67254638671875,7273802
2020-12-23,339.7783752536511,346.08452279349797,336.7194286620324,345.28448486328125,4499725
2020-12-24,346.2727856741983,356.67322243859945,343.5432695512479,344.71978759765625,8104991
2020-12-28,347.96695732167996,366.13238282051407,347.1198414262626,363.87347412109375,11720459
2020-12-29,366.744159606689,366.744159606689,355.8731455352114,359.3556213378906,8144640
2020-12-30,360.29686824830947,365.0970675318521,356.39083415260933,363.40289306640625,4637174
2020-12-31,363.21463645008964,370.7443517586112,360.48512039546745,364.438232421875,7375061
2021-01-01,364.4852730175909,368.48543418046955,361.9910606254539,366.791259765625,4461761
2021-01-04,368.95601857582466,381.2859320841719,368.1089314207496,379.40350341796875,8872723
2021-01-05,376.48575244109736,377.42696682220014,368.57955738455104,372.0149841308594,6190435
2021-01-06,373.8503508597817,383.4036707560749,372.48557856449025,378.0858154296875,7910567
2021-01-07,380.25060397178686,388.8156604495313,379.45056601574345,381.56829833984375,10231006
2021-01-08,386.180211597583,386.321416719911,375.0738944678908,379.1681823730469,7559664
2021-01-11,379.1682150958443,381.1447710196285,369.56781702236856,375.5915832519531,4822618
2021-01-12,375.4974891739072,388.67449052140097,373.7091588693092,376.06219482421875,6708618
2021-01-13,377.94460604909716,383.4507156727836,370.9796256905011,379.2623291015625,6885599
2021-01-14,380.58001641509065,381.80358354287455,370.83844244868925,373.09735107421875,4886430
2021-01-15,374.6033058695783,378.88581961056406,368.2030598717922,371.0267028808594,7329969
2021-01-18,370.3678471390389,370.83845431456496,353.42598882009935,360.5792236328125,10605461
2021-01-19,363.49697361653074,374.367987276161,359.1673820981619,372.1561279296875,5842513
2021-01-20,371.7796357545443,379.2152227249192,370.3207651289901,377.3327941894531,5604951
2021-01-21,378.83877954048114,381.1918154382481,366.0853364640173,370.1795959472656,7085945
2021-01-22,372.72086878034634,374.0856410266766,350.31997957035406,353.33184814453125,8779405
2021-01-25,365.1911968300341,371.7326485719647,349.6141095887023,359.96746826171875,17874949
2021-01-27,358.2261851142659,359.54387945130816,349.7081780658905,354.13189697265625,8576326
2021-01-28,349.19053041871933,358.46149768533456,347.8728360486483,354.178955078125,6969457
2021-01-29,359.59092553454894,360.0615327024903,341.84905828202585,345.28448486328125,7981367
2021-02-01,344.9550846723553,361.8028170330549,342.2726178326419,358.4615173339844,6141212
2021-02-02,362.0380970519802,368.67367550988314,354.55546014019524,366.13238525390625,7450391
2021-02-03,363.49698187604116,375.0268572961239,362.08516039603103,369.8031005859375,6063017
2021-02-04,369.80311640259885,378.36817282570826,367.49715845410424,376.7680969238281,6283280
2021-02-05,379.3094175786404,382.69779529180187,366.27359189976914,378.55645751953125,9008833
2021-02-08,380.7682906437275,394.6041544168285,377.6152452450253,393.09820556640625,9008722
2021-02-09,392.4864106869259,395.3100539292779,378.2270180577653,382.5566101074219,7961747
2021-02-10,385.89790998982426,389.61571841696485,376.485765843731,386.60382080078125,8008124
2021-02-11,384.2037071430835,391.07456037259135,381.1447605216372,384.81549072265625,3598146
2021-02-12,383.8742828076044,386.7449751186906,378.93290741326786,380.0623474121094,4667663
2021-02-15,381.2859255000435,383.87426487137685,377.4269410562484,379.9682312011719,4678133
2021-02-16,379.96825560011706,397.098340032587,379.96825560011706,383.68603515625,10594928
2021-02-17,382.46245693862056,386.8390979222212,377.42695442046397,384.67431640625,5486323
2021-02-18,385.8978946875906,390.368662979703,382.13303717844343,383.68603515625,5889983
2021-02-19,384.1096105094855,384.3919633460243,367.967788952767,372.3914794921875,4527644
2021-02-22,372.8620781000922,389.521584437571,372.8620781000922,382.2271728515625,9371697
2021-02-23,385.89786877693075,391.73340901372177,382.22713869669576,388.34503173828125,8127742
2021-02-24,390.6039930392105,401.52208630020425,376.4857764233354,384.109619140625,10570509
2021-02-25,386.83912876674106,400.01613071986606,385.8979143415179,396.9571838378906,9051315
2021-02-26,387.82738317765734,396.5336164034081,369.0030951219801,372.2032470703125,11433748
2021-03-01,378.93291376552105,384.4390236133716,370.2266807819333,381.28594970703125,5834233
2021-03-02,382.8860125521865,390.5569330136971,377.4269804343405,389.00390625,5055665
2021-03-03,390.88631612217193,409.42825068877494,390.88631612217193,402.9809265136719,11903775
2021-03-04,390.69814198370335,396.6277818031234,386.88620605100175,389.7569274902344,8655068
2021-03-05,389.7569148561743,389.7569148561743,378.83882134112895,382.5095520019531,7045618
2021-03-08,387.73328287349347,391.07458249806257,382.603652913267,383.8742980957031,4176709
2021-03-09,387.7803229863091,390.3686625208051,373.4738529789343,377.99169921875,5477847
2021-03-10,382.65069167905796,390.88631743904887,379.77999933215153,389.6627502441406,6536253
2021-03-12,393.5688105157774,403.26333643696205,389.66277635261196,394.133544921875,13448994
2021-03-15,398.0395339920973,406.36928654852045,390.509819360046,404.3927307128906,10146579
2021-03-16,408.43996230093,408.43996230093,394.69822759700673,400.9102478027344,8103798
2021-03-17,400.91028712275465,400.91028712275465,392.957013914571,397.6630859375,4738590
2021-03-18,401.8985530492012,407.2164087207092,395.40417936525415,398.2748718261719,6837030
2021-03-19,395.40416098446474,420.0639601447006,385.8978901411491,414.6519775390625,11116495
2021-03-22,415.07556167628064,422.605277080839,411.1224495994536,419.1227722167969,7010923
2021-03-23,418.8403886411609,420.95812094327914,413.6637096804275,415.8284912109375,5066287
2021-03-24,411.3106754303669,417.0991380012036,406.2281236297197,411.6401062011719,7803892
2021-03-25,411.35775740456995,416.2050347245983,403.31038547324266,412.2519226074219,10870751
2021-03-26,417.5227072440127,425.6642059356551,410.5577265345031,419.0286560058594,12165673
2021-03-30,428.25254210864216,442.55901214763895,425.6171533389454,439.9706726074219,17646211
2021-03-31,439.87658461648215,445.9474006630044,434.1822198865048,440.91192626953125,7635784
2021-04-01,442.8884322670446,482.79594651203627,442.37077582731877,478.84283447265625,35736230
2021-04-05,483.3136030261643,491.3139255689538,473.61910602257086,487.0784606933594,29711225
2021-04-06,492.2550933322855,509.4793040378448,490.04326264130225,505.85565185546875,26533367
2021-04-07,507.5498329592673,533.1508745024638,501.8554976904182,529.2448120117188,20024702
2021-04-08,538.3745946643285,601.4359545288564,530.1389693088864,577.9996948242188,72006147
2021-04-09,581.6705581738753,593.7651414612425,562.8462682653357,584.4942016601562,51062079
2021-04-12,573.1996329909681,585.2001179181188,562.2815677223907,568.634765625,27047004
2021-04-13,571.3171018316453,595.600420205897,568.4934588242402,593.29443359375,26091257
2021-04-15,600.4948124481065,606.1420990855495,579.7880947774821,592.1179809570312,24006650
2021-04-16,594.7533379050835,598.5181950972102,580.6821726600775,582.9881591796875,14389029
2021-04-19,564.7286765232797,588.729645275519,560.1167026861375,579.599853515625,17044636
2021-04-20,586.188297848474,592.965052798461,577.3409172432728,584.1176147460938,13626064
2021-04-22,579.5056618827247,612.7305155205996,575.6466487452499,603.0830688476562,22859059
2021-04-23,603.3183846836152,614.4247022726016,589.058964625254,598.047607421875,17931094
2021-04-26,604.2596654123033,621.8603867821269,600.7301112919043,617.2484130859375,16506538
2021-04-27,621.8133240457865,630.9430578812086,619.319082876005,626.7546997070312,15799458
2021-04-28,630.3783389494456,636.2609288985819,612.401167043752,623.6957397460938,15558949
2021-04-29,632.4960534239505,686.0511737835054,628.7782451919211,683.792236328125,56816962
2021-04-30,677.2978209075088,696.4986165590846,669.6269584501907,675.6506958007812,36449711
2021-05-03,672.0270436587236,687.086473208499,668.8268919005305,680.7332763671875,16906171
2021-05-04,685.1570786333936,694.1456652499072,669.4387856393173,673.3448486328125,13790054
2021-05-05,680.4980073216674,689.9101512680252,671.1799618359062,675.5095825195312,12284261
2021-05-06,678.8979320322214,698.3810815098683,675.7919360162877,686.8982543945312,18365325
2021-05-07,694.6161861571026,721.6290493304228,693.4396682266197,712.4522094726562,26586556
2021-05-10,720.8761113338595,727.5587104039816,711.6051152905542,714.0523071289062,15105182
2021-05-11,697.4398054954833,710.4285515173027,687.6041044413709,691.0866088867188,16277517
2021-05-12,696.4986014250101,698.2869316237504,658.8500283750095,666.28564453125,14410802
2021-05-14,668.2151492143055,679.0861636291223,639.1316023877055,665.5326538085938,26344309
2021-05-17,666.2857315684728,679.9333410818917,653.2498769787321,672.4036254882812,12706884
2021-05-18,681.2979681865415,688.1217720629651,670.0033962531508,675.2742309570312,9477286
2021-05-19,671.1329567484175,678.0038107917458,662.709075872925,664.356201171875,6562006
2021-05-20,656.9675899365551,662.0501702014623,643.0376296049833,653.67333984375,10104850
2021-05-21,660.1206745824985,664.4032459182939,654.1439863194533,657.1558837890625,7340528
2021-05-24,656.0264363861778,656.0264363861778,632.4019779399473,641.3905639648438,22332409
2021-05-25,648.4967091268027,672.4976758651677,647.6025439745675,659.60302734375,22058890
2021-05-26,645.9554527718524,650.3791720888079,633.9549687716609,642.0964965820312,18721303
2021-05-27,644.6377787451393,653.5322090496193,638.1433762732255,641.7670288085938,15110958
2021-05-28,656.779410177233,667.1327687876276,645.86134589423,649.2496948242188,12698590
2021-05-31,653.2028874118192,672.2154325118003,645.6261218930915,669.1094360351562,11685565
2021-06-01,674.3800547128105,674.8036126427465,647.0848396581399,653.67333984375,14156453
2021-06-02,656.0263942801141,667.3680155755814,655.6028363381331,664.5443725585938,9653111
2021-06-03,668.2621988691444,678.4743517462362,661.7207475457104,672.1211547851562,8329454
2021-06-04,666.426840737533,683.3216506133432,661.7207687636119,678.8038330078125,9653847
2021-06-07,680.121428258501,687.7923477604553,670.8975396342797,673.6741333007812,6872666
2021-06-08,672.3094876599554,672.3094876599554,651.3204163676015,665.9092407226562,8230750
2021-06-09,663.5561833071619,671.4153009390948,652.7792664292639,656.8264770507812,6922786
2021-06-10,660.0736780685297,676.7331852162783,658.8501107807995,664.3091430664062,8543092
2021-06-11,672.0270441163472,690.9454295222691,663.3208114019546,688.2159423828125,11372473
2021-06-14,689.5806880774713,693.863201703986,672.6388304759223,686.2864379882812,10470356
2021-06-15,685.2040318389554,689.345397867397,674.8506742150151,682.4744873046875,5124845
2021-06-16,677.674323547231,686.051154136611,662.1913361934204,663.9326171875,9016464
2021-06-17,660.82653297285,669.2033631700172,652.6850637963921,655.41455078125,5639158
2021-06-18,654.6146059336804,655.4617218605564,617.5307361197496,631.1783447265625,13505600
2021-06-21,618.2837787573447,636.5433041339242,608.1657236886606,633.3902587890625,8187341
2021-06-22,636.2609034414337,642.3787967437552,633.6725639673747,635.5549926757812,5398107
2021-06-23,639.0846303112967,644.7319171770813,625.1076182973487,626.3782348632812,6059813
2021-06-24,630.2371561505965,641.4376307896206,625.813494309783,639.0845947265625,6985183
2021-06-25,644.7318206410896,661.0618664040093,644.7318206410896,648.96728515625,9066409
2021-06-28,652.1674594249708,660.1206748873125,642.6141105983228,654.473388671875,5669654
2021-06-29,654.1440075473942,655.5558291464173,643.414140415951,645.5789794921875,4377422
2021-06-30,646.6612626959372,656.9675706009575,642.519954312308,643.6964721679688,6112824
2021-07-01,647.3671998375015,649.4378828374304,639.649230899856,640.5433959960938,4133198
2021-07-02,641.0141216181239,642.8024521410862,628.2606766746868,631.8372802734375,5499982
2021-07-05,639.630609609433,641.5314435161475,631.5045562599979,639.3930053710938,5427717
2021-07-06,639.3930033756798,647.8992466834504,636.2566390411582,639.773193359375,4790854
2021-07-07,638.4901170406029,659.5893856472263,635.828961092211,656.1679077148438,8536360
2021-07-08,653.8869481855593,657.1658986990166,633.5955668196801,635.1162109375,7099529
2021-07-09,637.7298258230074,649.7050571729242,636.7794087949553,647.7567138671875,7814242
2021-07-12,651.0356376927876,668.8559562427727,647.0913839835179,660.01708984375,11632489
2021-07-13,663.3910566008379,668.6183500267757,659.5893886547013,666.6224975585938,6832695
2021-07-14,669.0935359379763,670.8517841001834,659.7794613860636,665.6720581054688,5996797
2021-07-15,665.2918608555539,672.8476871627541,661.537702324671,664.4364624023438,4735495
2021-07-16,668.618299383177,671.9447585840884,665.957143624217,668.7133178710938,3590287
2021-07-19,662.4406941752502,677.0295729166011,659.5894429808087,663.7713012695312,5377227
2021-07-20,663.0584987404366,663.3911215147315,641.9117187208051,648.1844482421875,5829609
2021-07-22,655.6926638312069,686.7712510645487,654.8847746346346,681.021240234375,9472817
2021-07-23,690.8581130901952,690.9531315828848,676.6968771485749,681.9716796875,8731309
2021-07-26,693.3291872365961,693.3291872365961,666.2423032938367,669.6162719726562,14645713
2021-07-27,674.6534384039625,682.304341141166,668.4282190787343,675.413818359375,6840353
2021-07-28,676.6968981675329,689.4325090613045,666.670010505725,685.9159545898438,8329455
2021-07-29,689.5275415017029,720.5111128577154,687.1990082229112,711.2921142578125,18513875
2021-07-30,709.1536994670151,720.2735324572159,697.1784099261681,700.4098510742188,9971622
2021-08-02,704.6392536619729,714.1909338137858,697.1309354481507,709.6764526367188,6971560
2021-08-03,709.0110159266061,709.0110159266061,692.2837014889801,703.5936279296875,6939253
2021-08-04,704.2589904846416,716.614411370337,699.8870955286276,710.1990966796875,6680733
2021-08-05,710.1991497580825,727.4492426412617,703.7838345879693,725.4058227539062,8613347
2021-08-06,729.444972535589,737.9987246565275,718.2300646899052,719.7982177734375,8973665
2021-08-09,724.0751750474086,724.6929693067514,705.6371198795374,710.2941284179688,5119564
2021-08-10,711.7673447968937,712.8127803378482,683.920079104613,686.3436889648438,6382357
2021-08-11,690.9530851394422,714.713507599533,690.9530851394422,711.957275390625,11909486
2021-08-12,715.7115298370163,716.899551119532,704.6392062892805,711.767333984375,3506281
2021-08-13,709.8665501641659,719.9884574021388,696.0855023118041,711.909912109375,5611264
2021-08-16,708.060665569666,732.391317585701,702.548258567001,723.8851318359375,9095337
2021-08-17,720.9862998533076,724.6454400419137,699.3643134974636,707.3478393554688,6482187
2021-08-18,710.9118972493915,711.76729573037,696.5606241314525,700.885009765625,5905871
2021-08-20,686.2010756309953,686.2010756309953,647.709187039506,650.6554565429688,13126219
2021-08-23,661.4902387016942,665.9572102487201,631.0768943935705,650.2753295898438,11781361
2021-08-24,655.8827642388106,662.4406648997519,649.1348265803882,657.35595703125,8283854
2021-08-25,661.490216434947,666.242301323129,646.2835447927642,649.942626953125,5539409
2021-08-26,649.1348240261987,651.0356580643427,636.1140992631415,638.6802368164062,5659963
2021-08-27,639.5355760243986,647.6141199372792,638.4425733502941,643.907470703125,4978277
2021-08-30,649.1823295150164,659.5894074153427,649.1823295150164,652.5087890625,5891576
2021-08-31,654.1245081281681,658.1162711780142,646.7112670406543,653.5067138671875,5399215
2021-09-01,653.8868798908628,654.8372968674485,641.5314591952506,643.0996704101562,4316801
2021-09-02,647.2815227038545,654.8373498811773,644.382762292363,651.0831909179688,3635439
2021-09-03,652.0810794417054,660.7774181811789,648.5645829544735,656.6431274414062,4145359
2021-09-06,662.4406130128566,662.4406130128566,647.8041688044427,652.6038208007812,5179490
2021-09-07,655.2649593867186,663.2009174929264,648.6595501678556,649.8950805664062,3555927
2021-09-08,650.0851876854408,657.2133147433951,647.8992403227708,652.9839477539062,3288571
2021-09-09,649.9425728985933,657.2132853763595,649.1822509814884,654.7897338867188,2381494
2021-09-13,658.87660171134,665.2919166216199,653.4117038248053,659.9696044921875,3778975
2021-09-14,661.8704216509515,667.1927336445762,657.9261678995126,659.2567749023438,3185808
2021-09-15,662.4405939102046,663.3910108311662,652.9839339448681,662.1079711914062,2871538
2021-09-16,665.3394116817451,666.1948101884138,653.8868983916269,655.2650146484375,3372499
2021-09-17,657.6885385671436,657.6885385671436,635.5438349252506,648.469482421875,7804735
2021-09-20,636.6843938758597,636.6843938758597,596.9569154728041,601.8040771484375,10340874
2021-09-21,601.8515940170859,638.6802545274089,597.5272080621604,635.781494140625,14289169
2021-09-22,638.4901416656908,649.5150138897311,633.1678295636376,644.9054565429688,8147214
2021-09-23,651.3208289863868,653.17415393873,640.676145832613,643.6699829101562,4039612
2021-09-24,643.6699322302837,645.3331620293284,618.4838809876074,626.4674072265625,7363339
2021-09-27,627.7030087416398,630.8393736870127,614.2545830707952,616.4880981445312,5889365
2021-09-28,617.7710673122161,634.7835552925086,615.9652517580705,628.0830688476562,4735779
2021-09-29,626.2298241084385,650.3703826298593,621.1925672827851,646.093505859375,7345149
2021-09-30,649.324870993955,649.324870993955,633.3103106020567,635.1636352539062,4934499
2021-10-01,627.2751625069521,652.651305682866,626.2297271063119,640.818603515625,5193048
2021-10-04,641.0562299853709,652.7463468177307,629.2710366531168,647.3765258789062,5617530
2021-10-05,647.3766297035374,656.5956291498622,643.5749613103789,645.6658325195312,4186464
2021-10-06,646.2835927130735,650.0852609055033,623.0458842850755,626.5624389648438,5994344
2021-10-07,632.9777704929742,636.7794387842232,626.3248509832882,633.50048828125,3042177
2021-10-08,636.8269070939172,649.1348189973203,631.5521042807018,632.8351440429688,3826818
2021-10-11,637.7773270276911,644.382736891103,633.6430362113549,639.0604248046875,2257738
2021-10-12,639.0604660085048,647.2340296701067,632.4075464671087,640.343505859375,2930894
2021-10-13,640.3909688093889,657.6885699681242,637.7298127870106,647.6616821289062,5601758
2021-10-14,655.7877336641867,664.3414867119805,649.0873053785184,658.4963989257812,4751065
2021-10-18,661.0150183322907,691.2382670942401,661.0150183322907,680.3084716796875,9493244
2021-10-19,686.6762819876341,686.6762819876341,654.3145947635509,657.2608642578125,4164143
2021-10-20,657.6884941763831,661.2050483048175,641.9115968548803,651.1781616210938,3256699
2021-10-21,657.0707173328432,659.5418361410356,622.6181038310802,640.676025390625,5811087
2021-10-22,642.4819077553859,655.7877460816809,625.4219105852588,634.6884765625,10162556
2021-10-25,636.7793316358454,644.38266693896,620.6697533606025,640.818603515625,3987950
2021-10-26,645.0479466997755,662.8682631622592,641.0561842104106,659.9219360351562,4238644
2021-10-27,659.9220687240088,664.8167398334004,648.2794596275697,650.940673828125,3330934
2021-10-28,649.0398515845189,650.4654772142911,631.1244546984011,634.3558959960938,3080237
2021-10-29,636.779388862204,650.8455488353006,630.1264698740914,635.9715576171875,3612552
2021-11-01,646.2834910425516,656.5004727024155,639.1553643031118,654.7897338867188,3234840
2021-11-02,659.0192152117957,659.0192152117957,638.2050583120026,639.4880981445312,3204544
2021-11-03,643.8599623555276,649.6574824387232,640.1533131162084,646.5211181640625,2265795
2021-11-04,646.5211181640625,646.5211181640625,646.5211181640625,646.5211181640625,0
2021-11-08,649.1347797083306,653.8393552333156,634.9260346414959,651.8434448242188,2919045
2021-11-09,651.9860459376918,657.070753558885,641.674044945278,643.0996704101562,2494969
2021-11-10,641.5315059889824,642.5294322854169,619.862008944014,629.5562744140625,6871348
2021-11-11,629.556264455001,636.6368249279366,627.5128446350794,634.308349609375,3868489
2021-11-12,638.7276813774286,642.2442355936207,630.4590425471511,638.0623779296875,2542949
2021-11-15,641.5314966318558,641.5790058816877,625.4219163368855,628.7008666992188,3143670
2021-11-16,625.374350841705,640.581021986792,623.1884034663681,631.9322509765625,2795558
2021-11-17,627.5602629278961,638.3950387130452,625.9445426078169,629.5086059570312,2882577
2021-11-18,630.1265275559826,633.8331773922071,611.1181858499199,618.2938232421875,4010171
2021-11-22,622.4756678504702,630.601722148274,613.0665157105791,624.4240112304688,3944981
2021-11-23,624.5189849738134,655.5026138539699,624.5189849738134,649.419921875,9033812
2021-11-24,649.4198847336022,661.4901914962953,636.7793510093647,649.3723754882812,4374307
2021-11-25,649.372433861253,653.6968197334214,640.7711713665076,647.1389770507812,2850008
2021-11-26,635.1161656068729,639.2029471395726,593.2978172541569,597.4796752929688,8921840
2021-11-29,600.3784502783143,606.1759709657454,587.4527438472298,594.5808715820312,4230776
2021-11-30,590.6842049769934,601.2338111785116,574.3370198826976,578.2337646484375,6606473
2021-12-01,584.4590528364217,608.0768964101457,583.5561449192209,605.6058349609375,6580138
2021-12-02,606.3661014658629,616.5830851504367,599.5230868381449,614.6822509765625,4017457
2021-12-03,605.4156110234295,622.3805307661512,605.4156110234295,612.5912475585938,4885753
2021-12-06,612.7337698882989,628.2255533230907,605.1779441429319,610.9754638671875,13699768
2021-12-07,616.7731150266305,630.7442563307587,615.0623760526014,627.8930053710938,12896360
2021-12-08,632.5500208998243,642.4818901225718,627.4178039201314,639.5831298828125,9676621
2021-12-09,642.4818407501176,644.7152973184178,628.2730961317594,640.676025390625,9692290
2021-12-10,636.7794247525114,647.6617115981869,636.7794247525114,645.8558959960938,2430834
2021-12-13,648.184472630481,658.5915516447213,634.4984429667052,637.3021850585938,4149735
2021-12-14,632.5500333346017,642.4819027525917,628.4632517679753,637.0645141601562,2942047
2021-12-15,637.0645186397825,644.0501185611241,624.0437938285398,625.849609375,4724542
2021-12-16,632.0272686061126,633.1677805422087,621.0974737354805,629.318603515625,2474595
2021-12-17,629.3186328665905,632.0272980834083,620.669803455929,627.5128173828125,3003978
2021-12-20,617.8660422361049,623.4735255013175,599.237893031373,610.7379150390625,4070706
2021-12-21,614.919844603729,632.977768942942,613.399200494495,625.6595458984375,3127861
2021-12-22,630.2690667586342,633.1203178038959,625.0417731756544,628.2256469726562,1273217
2021-12-23,632.7876400451324,637.6348016503819,615.1099066841905,618.0086669921875,2971327
2021-12-24,619.7194656653268,622.9509070464757,607.6016474993035,619.0066528320312,3973912
2021-12-27,615.8702056372167,622.3330295267016,611.2607064683173,620.6697998046875,1838919
2021-12-28,622.5706442984687,628.6058270542657,620.0995833018093,624.756591796875,2232852
2021-12-29,622.6180990633034,624.6140093941185,612.9714021619878,623.3784790039062,3014867
2021-12-30,623.4736240319364,626.7050654088154,611.6409194130955,613.7793579101562,3713255
2021-12-31,615.680164129602,632.0273492765713,615.2049555963113,623.4260864257812,2499623
2022-01-03,623.4260414974224,637.7298057168729,622.2380202498127,633.9756469726562,2383218
2022-01-04,636.7793559152478,640.4860052203828,630.5066272545469,637.1595458984375,1999008
2022-01-05,634.9736030967846,662.4406788374898,633.3103732718698,660.0646362304688,6342812
2022-01-06,657.6885851354606,658.1637936507319,638.8703395324881,640.5335693359375,4714784
2022-01-07,642.4819350989036,645.3331862901709,634.4033900569794,639.4880981445312,2862614
2022-01-10,644.2876722247695,645.8083161379648,636.7793551323567,638.7752075195312,1841965
2022-01-11,631.0768845395788,635.4012702640966,611.355731897717,613.6842651367188,6912370
2022-01-12,619.671781060792,626.5147939258081,616.8205305344387,624.4713745117188,5343630
2022-01-13,626.3248159184591,657.2608783047706,624.6615861341537,653.7443237304688,7202966
2022-01-14,646.1885753078683,655.3600650323502,643.6699469225703,648.8497314453125,2054419
2022-01-17,648.1844005176731,669.9014059825035,641.911671458139,664.7216796875,5920282
2022-01-18,668.4758139144291,669.6163259847312,643.9550654427746,646.4736938476562,3450193
2022-01-19,647.2339772882099,655.0749175417013,627.2752202793223,641.1988525390625,4889920
2022-01-20,645.3330866887019,651.9860051081731,639.0603582395958,648.6595458984375,2862609
2022-01-21,645.2381303945581,646.2835659005628,629.3186454992133,633.21533203125,3836844
2022-01-24,623.9487819520473,624.4239904683855,587.3577261940064,590.9692993164062,7296421
2022-01-25,589.2585401346631,608.8371071355974,582.2254311295159,599.855712890625,5007835
2022-01-27,588.3081534627241,600.8061608634137,581.7027433689245,595.0560913085938,4760551
2022-01-28,599.7130431174198,613.8742776402111,594.5332595901524,596.9093017578125,3719102
2022-01-31,604.4651986075892,607.3164495444174,596.8618627760471,597.7647705078125,2892647
2022-02-01,602.5167675528359,626.182112072686,596.8617757508803,621.8577270507812,5150345
2022-02-02,627.2751540979349,630.88672671673,619.8619138785463,627.132568359375,2562721
2022-02-03,624.4239134639914,634.3082725884206,617.7709950556992,620.7648315429688,2456228
2022-02-04,614.9197990496212,632.8827035546109,614.9197990496212,624.756591796875,3284062
2022-02-07,626.7050152351796,633.595538729613,613.5892137628316,618.8640747070312,2768417
2022-02-08,623.0934233716927,630.0315145621806,612.3062125626833,627.3703002929688,3184065
2022-02-09,629.9839162193529,633.5479801445786,625.2318309857186,630.1740112304688,2200828
2022-02-10,633.1678171466899,644.3827261474868,631.1719066409231,639.2029418945312,4284880
2022-02-11,635.7814521423118,641.5314632855458,626.9425858054807,638.1099853515625,3122555
2022-02-14,623.7586066978679,632.0272454201714,574.3369273567417,595.4837036132812,6491576
2022-02-15,604.3225957776175,611.5457994187468,586.5022779260854,608.8846435546875,4001839
2022-02-16,609.3598644958698,614.1119493534876,603.5147769174606,606.3660278320312,1939683
2022-02-17,609.977569024743,617.2482816826172,602.9445186062482,606.5560913085938,2382178
2022-02-18,603.7048280024951,610.6428597882032,599.8556511495678,601.4713134765625,1458069
2022-02-21,600.5685503372982,603.5148199555877,590.4465856652107,592.204833984375,1857572
2022-02-22,580.7047759911638,593.7255002460906,572.6262316443145,591.1593627929688,3353278
2022-02-23,593.5353880279946,596.8143381224727,582.4630073055987,584.2213134765625,2339927
2022-02-24,569.2997591182893,574.5270523990081,537.9359994339762,541.119873046875,5487481
2022-02-25,547.5827418212605,575.9051549609788,547.5827418212605,568.9195556640625,4524909
2022-02-28,562.1717263411075,598.5726904263427,560.9361956871843,596.3392333984375,7142843
2022-03-02,594.0105841933901,621.5726752999633,591.3019191330065,612.6387329101562,8894940
2022-03-03,618.2462740074795,629.6512782935514,617.105761977102,622.238037109375,5940599
2022-03-04,622.2379511005204,627.6553389893562,597.5271118963542,600.615966796875,7605400
2022-03-07,598.7627226420448,611.1181439029124,591.6345949915443,605.5582275390625,5507113
2022-03-08,608.2193635796152,608.2193635796152,582.7006326252234,598.6201171875,5422987
2022-03-09,597.8122642752578,602.8019532855044,587.3576777775983,596.0540161132812,3784214
2022-03-10,600.6635080015848,619.8144326073891,593.0601724572609,618.4838256835938,5201836
2022-03-11,616.3454470917466,639.6306644452512,615.109916548229,636.5418090820312,8172290
2022-03-14,633.9280630634518,639.6305643803644,625.9445380162368,631.8846435546875,2529995
2022-03-15,626.3247829855906,628.0355219291533,603.5147757144916,609.35986328125,4754984
2022-03-16,616.4879527410698,629.8888079873573,615.3949500894965,622.7606811523438,3150421
2022-03-17,629.1760663423931,658.5914846711981,627.6078550580899,651.1306762695312,9991824
2022-03-21,655.5025683862798,664.3414342357154,645.3330956309738,647.51904296875,4609771
2022-03-22,645.1905705033449,665.1968951714997,643.8600214813159,661.9654541015625,4811589
2022-03-23,668.048129389458,674.7960668544627,657.9261651831011,669.4737548828125,8964532
2022-03-24,669.5687311276234,683.8249851615686,669.2836176487139,679.6431274414062,6069039
2022-03-25,682.3993783357382,690.4779225082366,675.0336468843427,685.583251953125,16121868
2022-03-28,686.2011200841869,695.1825729391371,682.5420375919887,693.8994750976562,8935680
2022-03-29,695.2300448886479,726.8314105654046,690.6205455799395,716.5194091796875,7285191
2022-03-30,712.8127217154932,713.478025190864,679.5006187890921,681.9716796875,5994838
2022-03-31,688.1019285825798,700.932558466371,684.8229782327295,696.3230590820312,5946576
2022-04-01,698.5565419191564,712.7652886252691,692.378831004225,695.8953857421875,5079937
2022-04-04,696.1804494326612,701.4077429096301,690.76306095476,696.3705444335938,4901374
2022-04-05,701.3126799532927,709.0110339277905,693.9469487027023,697.0833129882812,3524949
2022-04-06,694.279684323931,709.4863577656598,693.6143807590843,700.8375854492188,4111360
2022-04-07,698.5564592181112,705.9221905908191,689.7651024184274,691.9510498046875,2954985
2022-04-08,698.0336890975103,724.265171781212,694.9448342376,719.0853881835938,8125253
2022-04-11,718.515259504392,736.5731826929945,718.515259504392,729.3500366210938,7926472
2022-04-12,731.2508564355383,735.3851471448645,701.5503254523046,718.4202270507812,8595936
2022-04-13,722.3168654553667,742.3706394374972,722.3168654553667,728.3519897460938,6722613
2022-04-18,726.1186275153503,737.3810463747108,720.7963152292504,729.7777099609375,5866740
2022-04-19,734.3872527441091,750.82945580749,699.6019545431598,709.3912963867188,7301285
2022-04-20,720.4160848975632,720.4160848975632,696.1804514346504,702.215576171875,4679947
2022-04-21,707.1102790201089,710.1991344056134,689.5275637487756,697.7962036132812,3995936
2022-04-22,693.804467800286,700.4573873545353,686.2486404190462,687.53173828125,2244262
2022-04-25,675.7465291958599,683.8250742003111,660.7774605111415,680.2135009765625,4935672
2022-04-26,686.5337407131212,688.387065583581,677.6948736488368,685.4407958984375,3260695
2022-04-27,677.6472768375555,697.7961275262198,675.7464429614333,684.8704223632812,3391522
2022-04-28,693.6618484193715,697.8437065686421,686.8188921879864,692.9490356445312,4079934
2022-04-29,694.8498650084948,703.308599749564,687.4366238020941,691.0957641601562,3622889
2022-05-02,684.3002204170036,697.7961530325531,673.8931429630587,695.65771484375,2802163
2022-05-04,697.606099998842,699.5069340587844,672.9427664693196,676.2692260742188,3011231
2022-05-05,684.3002003488167,690.3828919999004,670.1389646658372,672.6575927734375,3131221
2022-05-06,660.9199926258468,666.1472860279501,646.9013421383877,656.1679077148438,3930624
2022-05-09,647.2339602194909,652.0810635902824,634.97355803382,644.71533203125,3380947
2022-05-10,640.581056590175,643.4323075838997,611.2131481512694,613.3040771484375,4293241
2022-05-11,612.5437650136653,625.3743946919965,603.847426139256,616.7731323242188,4158341
2022-05-12,615.5850668484533,619.2441488829874,589.2585058714591,593.8204956054688,4123927
2022-05-13,602.6118420464092,605.415583587871,564.6902413962126,570.6778564453125,5567335
2022-05-16,585.456819526143,595.6262921164342,569.347241218257,572.4360961914062,4641172
2022-05-17,579.7543293264499,613.7792439376101,578.9464981366646,610.0250854492188,6309092
2022-05-18,611.0706675026631,612.9239923931916,596.8619206870834,599.7606811523438,4941565
2022-05-19,588.3081360105687,593.9631288874001,562.6943856923447,570.4403076171875,5816509
2022-05-20,590.2089176128841,602.8494512675583,586.1221363873822,599.80810546875,6187868
2022-05-23,564.5476330052004,564.5476330052004,510.84907868736565,520.4007568359375,17554373
2022-05-24,521.731420674713,528.812038884723,510.61153023852563,512.9400634765625,7517949
2022-05-25,515.0309837290574,517.9772531581607,495.16724567963615,502.24786376953125,4725882
2022-05-26,504.1961812260643,528.1466994572337,494.2643127085319,524.3450317382812,8178844
2022-05-27,530.3326587264577,533.4690230633931,512.6549266391146,521.2086791992188,5193961
2022-05-30,503.7209744602662,517.7396242211887,499.5391167517746,512.1321411132812,12211769
2022-05-31,510.94408393932036,530.6177246665671,505.8118676684138,523.9172973632812,20152169
2022-06-01,526.5785571222076,543.9711776071598,521.9690576142405,541.2625122070312,8495547
2022-06-02,542.5930737754326,546.4897601661212,530.0000488672567,544.9691162109375,7010273
2022-06-03,547.4402119719624,553.0952049300404,531.8058401498121,534.5620727539062,6367536
2022-06-06,525.5805425825102,554.3306536369785,525.5805425825102,550.2913818359375,10383944
2022-06-07,546.4896915553414,550.7190581613206,538.981375198262,543.7334594726562,3735461
2022-06-08,545.1591539771206,554.0930967509149,543.8286050166471,547.582763671875,4138705
2022-06-09,541.7376843014745,547.1550727462591,536.035182361459,543.82861328125,3922515
2022-06-10,536.9855813105554,545.5393339332014,533.5165362100544,544.1137084960938,3374125
2022-06-13,535.1798187348833,539.7893762420268,527.4814638178399,536.0352172851562,4071346
2022-06-14,534.8947082219996,548.200547023586,532.376137825583,534.0393676757812,3413396
2022-06-15,534.2293793175694,540.7872799048415,529.4297850080575,535.0847778320312,3803101
2022-06-16,543.1633144199071,543.1633144199071,517.4545462227996,518.7850952148438,4899759
2022-06-17,513.3202105019099,533.8492529873498,512.9400784983295,527.1012573242188,6776372
2022-06-20,523.2995549235716,527.1012227632164,509.5185090048591,523.0619506835938,5614520
2022-06-21,528.431874248514,552.0022052391232,525.2955096182338,547.6303100585938,4657829
2022-06-22,539.1240619061022,541.642690246798,515.6012403421074,523.1095581054688,8511658
2022-06-23,522.7294119779594,537.4608772246111,520.828577752585,531.2356567382812,5037690
2022-06-24,533.8492083681314,544.493889729173,532.4710921993135,539.646728515625,3406061
2022-06-27,547.155085500591,559.3204116544312,541.7852061783632,543.305908203125,6550599
2022-06-28,545.0166158649863,551.7645530595097,539.8368318449859,549.72119140625,4285360
2022-06-29,545.0641192845563,552.3348321350469,540.9298287672793,547.4876708984375,3334027
2022-06-30,548.390588022102,553.9029948094627,528.6219267800939,536.5103759765625,5646362
2022-07-01,528.9545182751443,551.7170148118734,528.9545182751443,550.1488037109375,3737790
2022-07-04,550.7367022997909,557.2522914744677,533.1986001280026,540.3510131835938,6026463
2022-07-05,544.2702057116048,552.5983726756888,539.4692384823812,541.4778442382812,3562565
2022-07-06,536.9217804545956,546.033762213732,530.0632905582777,543.33935546875,3281658
2022-07-07,549.2181115145266,566.3153605716274,540.4490295246558,562.9840698242188,4952962
2022-07-08,568.2748556829043,569.3525944197205,551.1776088404637,554.7538452148438,3313755
2022-07-11,552.5983365408597,579.395412805438,549.7569381948689,565.6294555664062,4900994
2022-07-12,562.2982277689013,569.6955871957414,552.1084472356956,562.8370971679688,3425619
2022-07-13,563.9148161976696,581.7469016050194,562.9840091948445,576.7009887695312,4569908
2022-07-14,577.0929522579663,579.4934357513852,562.641133844036,572.1940307617188,4660656
2022-07-15,570.2345103178424,572.1940790818212,557.840213965159,564.7477416992188,3051005
2022-07-18,571.1162841462079,580.0322972269863,566.3153172249968,574.1046142578125,3583550
2022-07-19,569.107657435361,577.6807696189952,565.7274496154131,573.0267944335938,3586372
2022-07-20,583.4615625827751,587.8216147672031,575.13339586245,578.4156494140625,4550328
2022-07-21,577.9748314268184,583.8535377245599,573.2228412887014,575.6723022460938,3773423
2022-07-22,576.1131446848068,580.5711511060392,567.4910551599851,570.6753540039062,4351458
2022-07-25,561.9062849219084,576.5050946233061,561.9062849219084,573.6636962890625,5783353
2022-07-26,572.1939826432456,587.5276295575374,569.8424766022807,585.666015625,6031921
2022-07-27,583.9514246447743,591.5937299869152,578.072719027545,590.5159912109375,2913380
2022-07-28,592.867377893005,614.2756979080076,590.8588323029095,604.23291015625,5104503
2022-07-29,610.4056397029441,625.053427447406,608.0051561258769,616.8721923828125,4732970
2022-08-01,621.7710329454026,628.0416757816763,615.5494271604339,626.278076171875,3055387
2022-08-02,624.8573499894292,636.8107287389772,613.6388093621738,635.5859985351562,3053206
2022-08-03,636.8597046881976,647.4413616673764,631.9607838829038,639.6030883789062,4446383
2022-08-04,639.7011953067993,659.8357507718566,639.7011953067993,650.919677734375,4705675
2022-08-05,651.6544803851107,660.3745841256818,651.5565258806802,653.6630859375,2455459
2022-08-08,656.9453384217852,662.3341517869154,649.0580871839879,655.671630859375,2446698
2022-08-10,658.9539504065252,661.1584651865791,646.6576688158159,656.553466796875,3252353
2022-08-11,659.4928348662717,664.5877255454296,655.916657800127,659.9827270507812,3480693
2022-08-12,659.9826416634434,671.1522059456809,659.3947950386032,664.4896850585938,3476671
2022-08-16,664.2937286997396,667.1351269760492,656.8473922395488,660.2276000976562,2747244
2022-08-17,658.9539524302731,662.7751353146183,654.887883259794,659.0029296875,2349839
2022-08-18,656.4554527668213,664.0487807652435,655.3777140036883,659.7867431640625,1806855
2022-08-19,663.1179574495156,663.1179574495156,649.6949014867265,651.1156005859375,1961510
2022-08-22,647.5394717970435,649.6949494293498,628.0417401858898,629.9523315429688,2303053
2022-08-23,629.021524838416,641.7587208242406,623.8286799736836,639.6521606445312,1751341
2022-08-24,641.2687593402994,644.0121431419267,633.920377835254,638.3294067382812,1781643
2022-08-25,640.7788426391011,646.5105560724711,633.9693307456009,635.5859985351562,1525852
2022-08-26,642.7385462542167,656.9943968671272,640.7789775156367,653.5161743164062,3070661
2022-08-29,640.7788477095748,646.6085754861489,629.6092842418318,636.4677734375,2728484
2022-08-30,639.6521350573458,654.4958906291041,638.3294502168583,653.4181518554688,2321586
2022-09-01,641.7586677582144,656.2594623366166,640.0440453634405,648.2252197265625,2472832
2022-09-02,646.6575750679793,655.4756329098154,640.7788698400886,648.029296875,2022058
2022-09-05,648.617230950601,669.731571448025,648.617230950601,668.1639404296875,4930594
2022-09-06,668.2129266141728,673.1118483635436,664.7836813896133,670.7113647460938,3295941
2022-09-07,664.2937019669083,673.8465981235121,662.1381647200335,670.76025390625,2310672
2022-09-08,673.1118463155461,677.1289382172915,665.5674948842113,671.4951782226562,1889770
2022-09-09,673.1118434678168,687.5636625233485,671.2502292960796,673.0628662109375,3953738
2022-09-12,673.0628662109375,673.0628662109375,673.0628662109375,673.0628662109375,0
2022-09-13,676.0511944581614,683.8404919197852,672.7199037823442,677.0799560546875,2094822
2022-09-14,671.1522836231619,687.6126488378951,668.2129305561991,678.8435668945312,2755630
2022-09-15,678.1086755957177,683.8894267625058,670.6623389956092,675.708251953125,2887795
2022-09-16,671.1521926826156,680.4601428001117,665.2734873452496,671.9849853515625,4073365
2022-09-19,668.2128915547255,677.5208423901652,661.6973020494025,666.204345703125,1708723
2022-09-20,669.5356056841391,684.1344162895302,668.2618980007503,675.0714111328125,1802967
2022-09-21,671.3482094067001,678.5006227840944,668.2128877093897,671.0052490234375,1806929
2022-09-22,667.2331231295714,673.1118290602284,660.3746328771382,665.616455078125,1504203
2022-09-23,667.7230119690945,673.0628484564712,653.5161393740074,655.4757080078125,1558314
2022-09-26,645.8738195809284,648.5682263936664,625.1023805552003,633.087646484375,2192702
2022-09-27,636.2719070457589,637.790560651939,620.2034216481063,624.12255859375,2512782
2022-09-28,616.3822448765322,619.7135352314921,602.5673109365496,604.0369873046875,2164186
2022-09-29,607.9561626405018,615.3045449447786,604.5758948202767,605.7516479492188,3577828
2022-09-30,608.4460112587224,621.1342290898334,601.7834904064842,618.8807373046875,1588501
2022-10-03,618.2439244054787,618.2439244054787,608.6910269998472,610.9445190429688,1285991
2022-10-04,620.9872694027928,631.960865382088,619.3706612093317,630.197265625,1384242
2022-10-06,635.2921819822467,664.2937741607859,635.2921819822467,660.8155517578125,3704140
2022-10-07,657.8272090831578,659.3948400572808,646.216729138969,652.5853271484375,1601796
2022-10-10,642.3955727667847,654.4958844342389,641.2687969494152,652.5363159179688,1089870
2022-10-11,655.8185856535202,655.8185856535202,627.0619408790354,629.75634765625,1644047
2022-10-12,632.9406242553401,640.5339521779081,625.2983190806254,637.9375,1530483
2022-10-13,639.3092316395116,642.7384765601832,628.7275735588388,635.2431030273438,938662
2022-10-14,644.6981184489091,646.1677950107228,626.0822153326033,627.3069458007812,1386827
2022-10-17,620.3504597402302,623.3877671804369,611.3854093840355,618.684814453125,2281559
2022-10-18,621.7710644424803,625.5922469583547,618.3908566029974,623.8776245117188,1809430
2022-10-19,627.0129665522093,627.0129665522093,612.3651794983513,613.2470092773438,2157157
2022-10-20,606.0945382785222,617.2641031125015,602.56733875268,615.6964721679688,2686775
2022-10-21,617.3621057095035,617.7540433768097,604.0370622391803,609.474853515625,2547197
2022-10-24,609.474853515625,609.474853515625,609.474853515625,609.474853515625,0
2022-10-25,611.5813573197003,637.79058671471,611.5813573197003,631.323974609375,4787246
2022-10-27,636.8597976786881,669.1926797146831,634.900229070446,665.8613891601562,8328955
2022-10-28,662.9220884675616,664.7347254537436,650.0379597342326,656.8474731445312,2500826
2022-10-31,658.4149704079797,662.7750219788244,655.524595110367,660.3255615234375,1380329
2022-11-01,656.4554655434811,674.3365285974639,656.4554655434811,672.4749145507812,2846573
2022-11-02,671.1522847638786,679.9213667221467,668.5068550388577,670.3684692382812,1912908
2022-11-03,664.9796642644611,674.091646950481,664.2448259865355,666.4493408203125,1639039
2022-11-04,669.3886721457318,689.7191971733205,668.5558195770806,687.5636596679688,3624889
2022-11-07,691.0418524316603,700.9866869626645,685.8490076199383,695.6468505859375,3121786
2022-11-09,701.525513525047,701.7214823326572,688.8372956986599,692.2665405273438,1632827
2022-11-10,685.6530162515586,691.4337673319038,683.1056010846897,686.8777465820312,932886
2022-11-11,691.7276490785814,707.355219116463,690.8948564244246,704.46484375,2607860
2022-11-14,707.9920732741938,716.6142224926273,702.1624048429982,704.8568115234375,2089880
2022-11-15,705.8365998950276,710.1965919805496,698.3902036902612,707.7471313476562,1065114
2022-11-16,705.9346090061607,707.3553082433915,689.7681675785387,693.9322509765625,1395043
2022-11-17,690.7478861214526,698.5371827549938,683.4484816057279,694.2750854492188,1391449
2022-11-18,695.6467783013043,697.2144090924565,687.0246893474035,693.8831787109375,893816
2022-11-21,705.4446409677299,708.2370020843806,678.6475663737051,682.4686889648438,3360316
2022-11-22,682.4197851114378,695.5489190398406,677.0309713022305,693.9322509765625,2421572
2022-11-23,695.7447632636873,707.4042196127209,693.6872402850504,705.9835205078125,1735389
2022-11-24,707.4042541742808,713.7238747764,702.6032872545223,711.2744140625,1654760
2022-11-25,707.4042422542631,713.8707945094802,705.5426282225533,711.5193481445312,1466688
2022-11-28,703.9749783585966,710.0986298752858,695.6468122958992,701.1826171875,2418509
2022-11-29,700.0558723936539,721.023280035966,699.4189886871966,717.740966796875,3306817
2022-11-30,719.2596016041016,730.576157652199,716.3202488230447,728.3716430664062,3962572
2022-12-01,732.0458652328683,737.7286022247779,728.077690968342,731.2130126953125,1942307
2022-12-02,731.555945760028,736.111906713856,725.5792258596744,728.0286865234375,1392199
2022-12-05,731.3599139426,743.656193455153,730.9189991008487,741.3046875,2129340
2022-12-06,739.6881122298821,740.4719276492078,725.2362949188323,731.6538696289062,1468238
2022-12-07,731.9478273299605,735.8179871587625,721.366169168627,723.227783203125,1162282
2022-12-08,723.2278104884374,731.6049543571518,721.170227561952,729.6453857421875,1053397
2022-12-09,733.3195018847572,735.6219708513077,723.2767137603319,725.4322509765625,1338271
2022-12-12,723.0808684334581,727.0000059317424,712.7931325004618,725.8732299804688,1224081
2022-12-13,729.4493527936182,730.9190291256403,720.7782863552013,729.2044067382812,1201367
2022-12-14,732.8295994714787,744.2930864954174,730.7720167844078,742.62744140625,1471083
2022-12-15,740.7169270893631,747.4774626460113,726.0201626629869,728.3226318359375,1690335
2022-12-16,724.8444176592587,732.4377460311853,720.1414649504522,728.420654296875,1498658
2022-12-19,726.999972228984,735.6220623652423,724.7954574883975,734.2993774414062,944749
2022-12-20,725.4812616661499,732.0458281176344,718.2798115300769,730.7230834960938,1512103
2022-12-21,734.8381718200075,737.7285472560895,724.6974289694048,728.07763671875,1605753
2022-12-22,728.0776219438306,733.8583726986857,719.602524414929,722.6398315429688,1403642
2022-12-23,715.1935080492602,721.660060023243,707.7961490999039,713.1359252929688,1687270
2022-12-26,712.8420504061343,722.4439245171992,708.6289899065258,717.3980712890625,1168456
2022-12-27,721.0232418707137,753.7479994123332,719.6025427708622,749.4859619140625,4992699
2022-12-28,745.6158358222434,751.5924959996469,741.8436902711212,746.3016967773438,1917734
2022-12-29,740.7169357084211,755.8546152039897,737.2876906356969,753.8460693359375,2103907
2022-12-30,757.3731982191928,761.7822271868336,749.7798705527002,752.5232543945312,2190914
2023-01-02,756.2954784505812,767.6609517091695,750.6617190730091,759.626708984375,3360043
2023-01-03,760.459624454611,760.8025250463506,748.1632833884263,752.3764038085938,1635681
2023-01-04,750.9067041575498,752.1314345206713,719.7005386244424,721.4151611328125,2819669
2023-01-05,726.8529816807828,737.6306093165775,721.6601366892488,735.5241088867188,2452379
2023-01-06,734.8382080174731,739.1492827583569,711.2744081073034,713.6258544921875,3536096
2023-01-09,721.8560058645056,731.5558933181823,720.2883750725877,727.3427734375,1761359
2023-01-10,729.2045078418134,736.2589671738702,720.1904797953681,730.1353149414062,2289489
2023-01-11,734.8382629080816,743.1174526304375,732.9276714642624,738.953369140625,2794465
2023-01-12,743.0683978926517,748.9471033829376,737.3856014110142,748.0162963867188,2422254
2023-01-13,749.5349275964999,756.3444398793653,746.3016516337912,752.9641723632812,1816006
2023-01-16,753.2091617570696,755.4136763768464,738.4634203717088,743.8522338867188,1673126
2023-01-17,743.1173303776449,748.3101746209777,732.1927127458081,742.1865234375,1480994
2023-01-18,743.6562746589104,753.944009683836,739.9331063244329,751.6415405273438,1740579
2023-01-19,747.5263957671208,758.3529996284327,741.7456448468556,744.6849975585938,2185302
2023-01-20,744.6360458340306,748.5551829173676,723.4727295045252,726.4610595703125,3001352
2023-01-23,722.6399316548842,732.045897247143,711.3234344310125,719.1127319335938,3335294
2023-01-24,720.1414658091117,722.9828642205745,704.4649168935391,707.4532470703125,3146984
2023-01-25,708.3840034748724,712.2051859203543,702.5052980518445,710.0006713867188,1567673
2023-01-27,713.0870158411785,713.5279307452543,697.2144979034774,706.7673950195312,2706934
2023-01-30,710.3436104403603,710.3436104403603,678.7945443336482,687.5146484375,2277856
2023-01-31,694.3731631794659,705.2487452678865,689.915156460385,701.9664916992188,2294866
2023-02-01,707.4043177960094,723.766728796702,705.2487802136578,714.9486694335938,3271508
2023-02-02,714.9975985972823,722.0030803183739,707.1593241350989,712.6951293945312,2299091
2023-02-03,712.3031848201471,719.4555982370382,704.9548025833506,717.0551147460938,2558496
2023-02-06,713.1358995593147,716.5161669788075,694.7649459765067,696.675537109375,1202963
2023-02-07,693.6872801567615,706.0815753964615,691.8256660776337,699.6639404296875,1946683
2023-02-08,703.2891054536373,721.1211903268681,698.1452382672023,717.153076171875,1793312
2023-02-09,718.1818395637683,722.4929140901215,707.8451279122955,709.1188354492188,956700
2023-02-10,707.4042848300452,711.9603058758514,697.6064415498506,704.4159545898438,997205
2023-02-13,701.5255118967343,712.988999400555,700.5457276622417,703.5340576171875,863438
2023-02-14,707.0613193920649,711.3233569075677,700.986645155187,709.216796875,931784
2023-02-15,705.5426679853742,713.8708347416582,705.5426679853742,712.4501953125,859372
2023-02-16,716.026370184794,716.6632539142782,709.3148715031016,713.2340087890625,649802
2023-02-17,711.3233596215753,721.0232475369287,710.7355129969473,713.6748657226562,1142716
2023-02-20,713.6748871219378,718.1818708493181,706.8163972229675,708.7269287109375,606435
2023-02-21,715.2425522443496,721.1212581532071,702.7992794436764,705.5426635742188,1749017
2023-02-22,705.5426042631223,708.628948526336,680.9500438656115,685.7999877929688,1810091
2023-02-23,687.7105260058288,699.8598137122644,685.9468666763404,687.1226196289062,1824396
2023-02-24,690.747906984204,692.4625294483491,663.5099163711833,671.1522216796875,2142286
2023-02-27,670.6623623502509,671.1522545068252,652.3893609895131,666.7432250976562,1814311
2023-02-28,670.1234841991875,670.1234841991875,651.4586052373724,653.7120971679688,1915622
2023-03-01,654.4959447745041,665.0776037776661,654.4959447745041,663.0200805664062,1464537
2023-03-02,666.400289908498,669.8785120793258,659.9826551495526,661.4523315429688,1091983
2023-03-03,667.7228985071121,672.1319271839749,662.3830629271004,668.5067138671875,1084202
2023-03-06,669.6825108229341,669.9764341271207,659.7376771220951,660.6195068359375,1215223
2023-03-08,656.4554182209364,663.3139076650358,650.576712983137,661.7462768554688,1539129
2023-03-09,663.4119733907778,677.9618071744814,658.9539664649539,666.4493408203125,6336933
2023-03-10,654.7408476241299,667.5759978209006,652.6342874935262,665.6654663085938,5369878
2023-03-13,668.9967197858844,677.4718780496983,659.4438226937273,661.9422607421875,1602921
2023-03-14,664.2937174702047,668.9966698814183,654.2019517166812,658.4639892578125,1555671
2023-03-15,667.2331463857652,670.9563149780266,661.0605169036882,665.9104614257812,1173429
2023-03-16,661.5503825663762,662.0402747247043,635.9289987653068,649.0091552734375,2512474
2023-03-17,656.455491711076,664.2937662389694,651.0666779731492,662.7261352539062,1667707
2023-03-20,659.2969200479382,659.2969200479382,646.6576778779881,654.6429443359375,1480884
2023-03-21,657.9251414237057,657.9251414237057,648.6171908004366,652.2913818359375,1133592
2023-03-22,652.5363125309668,657.6801798594768,646.7065842650653,648.8621215820312,949388
2023-03-23,648.5192354172058,657.2392795822423,644.9429988936349,654.2999267578125,1099501
2023-03-24,657.5822309659088,657.5822309659088,642.4935294196789,644.5020751953125,1563002
2023-03-27,647.7353985380138,653.0262578560128,642.5915307904608,645.5308837890625,1134491
2023-03-28,648.764152791622,649.5479682165452,642.6894785962209,646.6575927734375,1190600
2023-03-29,649.8909268860959,671.5931734742533,645.285928626158,665.1755981445312,2208428
2023-03-31,665.2735616911023,678.5006501783333,663.1180241995919,674.1895751953125,1447293
2023-04-03,676.4431178893351,677.6678482883226,662.4811913408766,668.4088745117188,1335604
2023-04-05,664.7836467917537,676.051166228902,661.4033790003516,672.6708984375,1188370
2023-04-06,674.0915874209469,674.0915874209469,666.4982592196208,668.8987426757812,726290
2023-04-10,670.221429894027,679.2354572991487,668.9966995346704,674.5814819335938,600036
2023-04-11,679.7253179456195,700.5457330898997,674.5814506746797,699.1740112304688,4076632
2023-04-12,705.3467706213461,707.8941859860392,697.0186037273927,703.7301025390625,1810361
2023-04-13,702.5053065393538,707.4042277843981,699.8108998545795,706.08154296875,835749
2023-04-17,699.566024135968,709.0209670101426,699.566024135968,706.6204833984375,1253589
2023-04-18,705.4936612515572,710.3436054142984,697.9983473648542,704.8078002929688,837349
2023-04-19,700.8886415755552,718.8677185017625,700.8886415755552,707.7471313476562,2268330
2023-04-20,711.3233397571743,712.3031239717158,698.2922216640279,701.3295288085938,1033900
2023-04-21,704.4648658583613,704.4648658583613,688.8862725815919,696.28369140625,1416385
2023-04-24,694.2260948236062,709.2658184316108,690.8948643673988,705.7875366210938,729151
2023-04-25,705.7876069472782,715.8303961697324,703.2891689058522,710.3436279296875,1079227
2023-04-26,705.4446226927264,710.0006431347963,697.6063491072517,708.8248901367188,1277410
2023-04-27,708.3839755072354,719.8964398394761,703.0931169148845,717.2999877929688,1247848
2023-04-28,721.1212157550312,721.1212157550312,706.9633212300184,710.6375122070312,1593083
2023-05-02,717.1531206546114,731.4089700667193,713.7728529050302,722.9828491210938,1965606
2023-05-03,716.2223062097364,720.6313354545296,711.2254303194853,717.6430053710938,1215913
2023-05-04,719.1126266056696,726.999877466989,715.4874131000927,723.7666015625,1464468
2023-05-05,721.4151558695743,726.6570376662632,715.7324189864077,718.5247802734375,945667
2023-05-08,720.7292848738206,726.0201438507371,715.29149413722,717.9859008789062,1132367
2023-05-09,718.7696568182707,725.5301916399522,707.8940762455982,709.9515991210938,1179219
2023-05-10,710.3435486928862,714.8505321158041,704.8567810648746,709.7066650390625,919645
2023-05-11,712.7930583029203,714.6546723413393,694.177157123875,696.2346801757812,1284636
2023-05-12,685.75108865018,694.5691477765795,677.177975610625,688.4454956054688,1499306
2023-05-15,687.7106273679484,696.1367484675898,682.9096603545532,691.2868041992188,998259
2023-05-16,696.0877468381295,696.6755934798317,686.3878586410426,688.5433959960938,874913
2023-05-17,687.1716864679659,687.1716864679659,677.8147584778277,681.0480346679688,1686465
2023-05-18,686.6328047489737,695.1569398618711,675.3163083858981,678.0596923828125,3667407
2023-05-19,681.929802134722,682.5176487332909,667.2820164073477,679.8232421875,2329260
2023-05-22,678.0107593740423,693.4913398966021,673.5527526129825,690.3560180664062,2182824
2023-05-23,695.6468400500903,697.5084541059502,688.2984579368851,689.8660888671875,2324758
2023-05-24,685.8490077928566,692.2665829769464,680.4601941601984,681.9298706054688,1185182
2023-05-25,678.990535761878,688.4454783982698,676.0511827932119,682.5667724609375,1213068
2023-05-26,682.5667497319315,691.1888395259846,680.1172890062751,687.5146484375,1461749
2023-05-29,689.0332781102222,694.6180603303133,686.9267180390691,688.0045166015625,1467219
2023-05-30,686.9267728961619,703.387197554367,683.7915108672561,690.3560180664062,3317461
2023-05-31,686.9757443312822,690.6989124859235,677.030910367027,682.2237548828125,14943096
2023-06-01,684.771200230796,687.7105528262042,677.1778726926578,679.8232421875,1995511
2023-06-02,683.8894308285769,694.7160352159639,681.6849161876538,692.3155517578125,3405152
2023-06-05,694.6180962269093,699.5659950157124,688.7883676415207,697.75341796875,2454283
2023-06-06,699.5659237076361,702.9951684316932,694.4710338716378,698.4391479492188,2436996
2023-06-07,700.790627103507,717.3979807336747,699.5658968918615,714.9974975585938,3667486
2023-06-08,714.9975965369069,748.9961238789126,713.1359824369875,733.6624755859375,9618332
2023-06-09,736.3078831001848,741.6477193623662,726.5100403443606,733.3685302734375,2408734
2023-06-12,739.3451619998607,742.6274750776007,729.5963566737693,732.1927490234375,1703619
2023-06-13,739.7371527715599,747.1834895941755,735.9650071050944,741.3538208007812,3419413
2023-06-14,746.1547069139443,763.2519545702884,743.803260521329,757.2262573242188,4758206
2023-06-15,762.2722175975465,762.2722175975465,752.9642663543888,755.0217895507812,2222061
2023-06-16,761.243374943208,765.9953045724303,757.0792919357075,760.4105224609375,2285788
2023-06-19,764.7216654984048,766.1913419855895,752.3273698692988,756.0505981445312,1422461
2023-06-20,756.5894566165339,770.6003602980591,753.0132199622767,757.520263671875,2282549
2023-06-21,757.5202333465145,758.3530260566824,736.8467493393914,743.4113159179688,2768203
2023-06-22,738.9532616656473,748.3101888921934,730.8700419492995,737.140625,1972478
2023-06-23,734.8381803886889,743.3623152414546,728.812483388988,731.408935546875,1704679
2023-06-26,734.7402742021549,736.1609136033012,722.2480243140486,733.6624755859375,1602537
2023-06-27,734.838206807121,749.5349709432634,733.907399784908,747.0855102539062,2783577
2023-06-28,752.4742872466757,775.4502393578888,746.595581877561,767.56298828125,8340755
2023-06-30,770.404307653673,773.0497369647593,764.2316791286594,768.9346313476562,2515440
2023-07-03,772.0700246969458,791.9596339312924,771.1392176561526,777.94873046875,4781944
2023-07-04,781.8679120039558,786.521887670646,773.3437761910229,780.5452270507812,2473106
2023-07-05,780.5941267732478,787.3546022420559,772.167946311842,775.8911743164062,2526894
2023-07-06,788.1874499152635,788.2854044195063,773.0497713301015,779.4673461914062,3316923
2023-07-07,779.9083119444497,785.6890633027442,768.5428378517042,772.4619750976562,2547821
2023-07-10,773.0497582613186,797.3483952299348,771.8250279725651,794.2130737304688,4777540
2023-07-11,802.4288151323575,802.5764258424538,780.5367896232758,784.5708618164062,3085989
2023-07-12,791.5565991790214,801.6908730248732,775.9616299162803,792.7373046875,25929716
2023-07-13,797.6568751118621,801.1005645418045,783.9804844973912,789.2444458007812,3049961
2023-07-14,794.9019172752268,794.9019172752268,779.3560715926156,791.9009399414062,2011903
2023-07-17,792.6881111237848,798.9359234496886,784.1772549130565,785.3087768554688,1769593
2023-07-18,786.9321889452762,788.1128944307139,775.8140040681872,778.1754150390625,1527919
2023-07-19,783.1933136485519,785.0135253436766,776.3551188114631,779.1593017578125,1563134
2023-07-20,782.2093856114992,788.555624712944,773.1082072254535,786.1942138671875,1780010
2023-07-21,785.1611597401265,810.10328534218,770.0089028115908,773.7969970703125,8469798
2023-07-24,776.3059673833927,776.3059673833927,760.7601818215849,763.1707763671875,2710762
2023-07-25,765.4829192668523,792.5404774671588,764.4990080595684,787.6701049804688,4850069
2023-07-26,794.4590943327332,795.9841446511584,787.2273111275466,792.4912719726562,3062011
2023-07-27,793.0324660125492,801.3957116218627,778.2737972902313,780.9795532226562,2865447
2023-07-28,782.2094680351576,793.0324921211786,773.3542665102312,791.2122802734375,2111325
2023-07-31,793.2292456048634,807.9879140542723,793.2292456048634,803.6094970703125,4226070
2023-08-01,809.7589385756897,811.7267610266634,803.8062876721293,807.6927490234375,2406158
2023-08-02,803.8554761114052,804.6917766368848,785.50550762321,791.3106079101562,1975596
2023-08-03,791.310652021163,795.9842306311731,781.4223556043041,791.5074462890625,1829238
2023-08-04,795.0002823997695,801.6908668251718,789.8839319380465,792.9832763671875,1275614
2023-08-07,795.000315216315,803.461928213435,790.6218980043024,799.9690551757812,1422051
2023-08-08,801.9368608870202,803.363544225429,786.637052796363,788.4080810546875,933777
2023-08-09,788.8016517583116,815.5640494507938,788.4572467929997,810.2017211914062,3133311
2023-08-10,811.7267693515578,821.5658817073343,806.0692797469864,818.1221923828125,6313077
2023-08-11,816.6463233505856,817.9745794938012,802.4779775747991,807.44677734375,3239511
2023-08-14,801.887636909194,801.887636909194,780.782729424078,786.5878295898438,1866848
2023-08-16,790.7694558677683,790.7694558677683,776.3059489900189,782.5045776367188,1317570
2023-08-17,782.0618074669816,783.8328957016066,770.9928062664496,777.0438842773438,1434401
2023-08-18,777.191522989233,781.1271680023636,770.6976726856614,774.4365234375,1546387
2023-08-21,780.2415953111483,784.7675628894134,775.1252449706042,781.9634399414062,1033216
2023-08-22,787.0305835605951,787.0797671093766,779.5528224974387,782.4061889648438,823108
2023-08-23,786.1450835223136,789.9823613930673,780.2907996131079,785.0628051757812,1274976
2023-08-24,787.1289339167217,793.7211507489086,773.5017882695572,775.2236328125,1726077
2023-08-25,768.4346777408585,774.8792843463598,758.152793281578,760.7109985351562,1502054
2023-08-28,763.0231937146896,768.3855221737393,758.595592977467,760.5634155273438,1769280
2023-08-29,766.3684993036126,773.2558780774941,763.0723605727773,770.0581665039062,1807893
2023-08-30,772.0751841907944,779.2085408854626,771.4848013979495,774.4857788085938,1978468
2023-08-31,774.4857182116997,779.0608692190963,764.4989955992687,767.1063842773438,3999415
2023-09-01,766.4667751988374,794.70503682206,765.4828640625102,793.4259643554688,3513798
2023-09-04,798.8867344332469,813.3009979068422,795.4922286824086,796.7713012695312,3571051
2023-09-05,795.9349485088643,804.839332536686,787.6208871584562,802.8223266601562,1770212
2023-09-06,802.9207074319795,804.3473906553972,790.3758398712989,801.7892456054688,2225037
2023-09-07,798.9851127277789,808.1847188801257,792.5405060978912,806.1184692382812,2652562
2023-09-08,806.1184833139556,810.7428782466288,797.55844334125,802.6256103515625,1866220
2023-09-11,806.8072078428306,816.0067538134267,803.3143349902437,810.9888305664062,1715172
2023-09-12,820.3851730327457,826.4854346803069,798.8375530890575,803.068359375,2776481
2023-09-13,804.8394004476112,806.9548336509874,795.0002879727016,797.6568603515625,1380634
2023-09-14,799.8706441875479,811.7267624650385,795.8365721239982,797.3124389648438,2398032
2023-09-15,799.969011052898,806.5120447333189,792.0485376866665,799.772216796875,4454542
2023-09-18,799.7722431405089,801.8384928170482,794.5575254765951,795.7874145507812,1335464
2023-09-20,795.0494603523669,797.7552162449456,772.567112684392,774.0921630859375,3359951
2023-09-21,777.2898601888292,778.8640941122454,761.5472807419667,765.8272705078125,2875491
2023-09-22,767.4507805726762,771.0912642347462,760.2682404061571,761.5964965820312,2147621
2023-09-25,764.4498059553587,770.8452286474762,761.891600846608,767.3523559570312,2326745
2023-09-26,767.3523620751556,775.715607200759,765.4337232415885,767.1063842773438,1727679
2023-09-27,767.4507173979795,773.0590231126761,762.1868166268391,767.05712890625,2612372
2023-09-28,768.1395669967102,774.7317847437453,752.0525811453807,755.7422485351562,3157286
2023-09-29,763.3674619956828,771.2879950062382,759.0382888525206,767.05712890625,1704218
2023-10-03,764.0562950902192,764.0562950902192,755.6438656280428,757.857666015625,1099773
2023-10-04,755.5946750886566,755.6438586417346,741.0328002400505,744.42724609375,1654158
2023-10-05,749.7403324513464,750.3798987509537,740.7867645758872,743.3449096679688,1459736
2023-10-06,748.1168496746446,758.7431385745724,746.444248693335,752.8888549804688,2026927
2023-10-09,744.3288436981915,749.1500327348234,737.0971201964192,745.3619384765625,725323
2023-10-10,747.4282269712644,761.744124067352,745.1159994341476,759.4811401367188,1351582
2023-10-11,763.5151670301946,769.9597740196202,762.0884836378656,764.7450561523438,1841618
2023-10-12,769.8121201303115,777.240637421343,766.9095701806158,770.84521484375,2139718
2023-10-13,765.4829896256333,767.4508122210719,760.5634331370367,764.7450561523438,998547
2023-10-16,764.7450193669094,781.5698777273359,760.5633965527448,777.9786376953125,2157341
2023-10-17,779.9464616826453,783.1933568044908,775.4696774954662,777.4375,1050381
2023-10-18,780.3400093597602,788.1129324652709,768.6315012014841,771.780029296875,1250892
2023-10-19,767.5983323085129,770.1072938108341,756.7753093114486,767.8934936523438,2130597
2023-10-20,767.0571474665715,767.2047581678348,749.6419672698406,757.0213012695312,1501944
2023-10-23,758.3987659986498,762.3344109286409,734.0961465453196,736.9003295898438,1715908
2023-10-25,741.9674151619637,749.5927269955004,729.5701580087091,736.2607421875,2417579
2023-10-26,732.7187151522078,733.0138765146656,713.8276072636106,716.9761352539062,2519570
2023-10-27,717.9600386359714,723.6175282249746,713.5816216390641,720.2230224609375,1588987
2023-10-30,722.9779616520925,724.9457841171517,714.3195548164674,722.6828002929688,1162173
2023-10-31,725.1426181152781,726.6676685986432,715.303505250756,724.5030517578125,1363728
2023-11-01,725.044201316327,725.4377297720296,711.3678113506937,712.7944946289062,1845107
2023-11-02,716.2873685228534,722.5844243553134,713.3356348613581,721.55126953125,1095177
2023-11-03,724.1094569731706,735.9655748786967,723.1747293259921,734.0469360351562,2526039
2023-11-06,736.0639186587866,744.279612920042,732.91545097271,741.8690185546875,2782755
2023-11-07,744.8207863930895,747.3789315192729,734.9324907376075,736.555908203125,2288975
2023-11-08,737.9334175581373,745.5587295395713,733.013861441083,744.525634765625,2664277
2023-11-09,744.5256310153339,747.6741589250241,736.9986861728852,738.7697143554688,2579350
2023-11-10,739.8028716681393,746.7886173214175,733.063043767128,742.6069946289062,1108868
2023-11-13,744.3780133716829,750.9702304845074,740.8851405893666,748.8547973632812,942603
2023-11-15,756.6277372631704,769.9105388926279,756.6277372631704,760.415771484375,2443652
2023-11-16,758.1036468415429,761.842497722533,751.1179007231974,756.775390625,1699954
2023-11-17,759.5794972999009,762.4328639923763,753.6760297043058,756.4309692382812,1567731
2023-11-20,757.5132454855202,759.579434953113,748.4120670226752,749.5927124023438,1024654
2023-11-21,754.5122810731677,767.0571488960197,753.6267970234591,763.3182983398438,1846834
2023-11-22,763.3182709035332,764.2529985222734,753.1839978999682,756.0865478515625,1312655
2023-11-23,759.5302703265619,765.4337375846687,754.8075085307114,763.0723266601562,1068229
2023-11-24,766.4667953682116,773.6001512942958,763.9086503677121,769.4677124023438,2069730
2023-11-28,772.3702670349606,772.9114061668348,766.2208222337268,769.7628784179688,858569
2023-11-29,770.5993136745774,781.9142932061598,770.5993136745774,780.4876098632812,1481172
2023-11-30,781.225497138258,795.1478647168404,776.8962638129476,788.2112426757812,3142500
2023-12-01,792.0485150457911,801.8876270339375,784.078858356662,797.7551879882812,2064512
2023-12-04,806.8071627096334,810.1524847226251,799.280218206988,806.41357421875,2789349
2023-12-05,802.871552455211,812.7106646176524,801.1005242766065,808.4798583984375,1338828
2023-12-06,811.6775573901284,819.9916190503865,802.0844231790246,811.4315795898438,1543909
2023-12-07,815.6132657778418,816.6463606089403,804.6918145618874,805.970947265625,1717648
2023-12-08,811.5299295320311,839.7190088699799,808.8733573344845,825.8458251953125,7142037
2023-12-11,828.0104840757048,833.3728122929474,818.4173495776454,831.5033569335938,1630946
2023-12-12,832.9792531897871,848.9186276984373,831.6509970028903,840.1126098632812,2518863
2023-12-13,841.0965332741357,845.3765833719433,826.4854747945744,837.7020874023438,2170707
2023-12-14,846.1636142607047,847.6886645780982,832.1920635029747,833.766357421875,2711444
2023-12-15,840.3094065717961,856.5439424966368,837.8988119541388,853.2478637695312,4058044
2023-12-18,830.4210953029418,851.6243707375415,822.697416008895,841.145751953125,4324786
2023-12-19,841.7852381336367,847.6395219441179,833.9631318694255,844.8845825195312,1285256
2023-12-20,845.1797315598101,849.8533098193084,826.1902571686937,828.69921875,1764901
2023-12-21,816.6463513389093,834.0124092169657,806.9056057775716,828.3549194335938,2106856
2023-12-22,831.404972156679,843.7530458271877,829.5355168370688,841.5392456054688,1846933
2023-12-26,843.7038133832347,849.1153247227189,836.2752961914858,838.5874633789062,1294151
2023-12-27,844.6385985342903,867.3177401369936,841.883659129856,861.807861328125,2466359
2023-12-28,868.6952168235557,881.3384516396511,859.9383831795201,866.6289672851562,4482599
2023-12-29,867.8096741814737,873.2211857551677,859.2496347724503,866.0878295898438,1906630
2024-01-01,866.0878575226876,870.5646415946748,860.9223235812003,863.48046875,778184
2024-01-02,869.6299375417314,869.6299375417314,845.2781340132092,856.1995849609375,1615515
2024-01-03,856.002783579026,856.002783579026,822.5498012322594,824.1732788085938,3983411
2024-01-04,826.7314245245695,830.224297437543,821.565890482613,823.632080078125,1878399
2024-01-05,825.4523091408639,832.1920768060384,813.8913525984237,816.0559692382812,2060548
2024-01-08,822.3038548087303,823.1893989847466,807.4960020094692,808.7258911132812,1107367
2024-01-09,815.1704995193129,818.565005462769,806.069320134215,808.1847534179688,1458862
2024-01-10,810.5953007136411,817.9746354657341,798.1488587970188,816.4495849609375,1265739
2024-01-11,821.3690250148861,823.2876637890563,806.9055189406736,808.8241577148438,1205504
2024-01-12,811.234782434203,817.4334109685476,808.0370710419517,812.5138549804688,1326357
2024-01-15,814.3833513181625,817.1382907996874,806.8072227040863,811.8743896484375,1497605
2024-01-16,814.3341505867583,825.9934745988367,806.1676393647416,818.9093017578125,1920936
2024-01-17,816.6463989747085,816.6463989747085,797.0173560489573,799.5755615234375,1433551
2024-01-18,799.427866153586,801.3956885933487,779.8480088566774,790.7202758789062,1991900
2024-01-19,792.294496656725,807.4959367621706,792.294496656725,803.5111083984375,1358166
2024-01-23,795.2462633728687,802.8715755177989,775.7648327422634,777.6834716796875,1533222
2024-01-24,782.2094057413776,800.9037185829955,771.3863825172831,799.1326904296875,1490515
2024-01-25,801.8876051494606,807.7910721812358,780.044765121258,802.5763549804688,3240065
2024-01-29,805.8724704959917,810.3492545239443,791.0646186866832,798.6407470703125,1574830
2024-01-30,804.839380424011,816.0067487839298,797.115701344635,798.9359130859375,1892910
2024-01-31,798.935909248222,808.7750214310818,795.0494479253573,805.4789428710938,1954023
2024-02-01,808.7750840441984,808.7750840441984,787.2274026743037,788.8016967773438,2287350
2024-02-02,796.2301308163029,813.0058046016744,792.14687535495,810.300048828125,2871131
2024-02-05,810.8904919656964,820.5819938914648,797.9520348273116,801.5433349609375,2056107
2024-02-06,801.5433194612456,807.545154032234,792.1469190324626,805.5773315429688,1547506
2024-02-07,814.0882011624298,829.3388257039912,809.7589675938767,823.14013671875,3647454
2024-02-08,827.9121317696188,827.9121317696188,804.8394009897777,808.8734130859375,2294805
2024-02-09,811.6283981093709,811.7267652111565,787.5717565115688,798.68994140625,1396058
2024-02-12,804.8393927742799,806.413626733986,789.5395850322989,798.4439697265625,1408603
2024-02-13,799.870722910021,801.5925677271363,777.8310852296719,799.5755615234375,1675844
2024-02-14,785.1611259078159,802.6747329963781,783.7344426784265,800.165771484375,1546826
2024-02-15,804.8394574358757,807.5452135580623,792.6389330818345,799.2803344726562,1482200
2024-02-16,804.9870283679093,811.1364737962127,800.4118169479802,806.758056640625,1774587
2024-02-19,812.6615180713252,812.6615180713252,800.9037664911937,807.0040283203125,829517
2024-02-20,811.7267657068346,811.7267657068346,798.7391254448901,807.9879150390625,1384043
2024-02-21,807.7910823896865,836.3245067371906,807.7418988411013,814.9244384765625,6419882
2024-02-22,817.6302215384969,821.7134771113731,806.856381698925,815.3180541992188,2366934
2024-02-23,821.5658952199585,822.8449678366117,806.0692930047318,807.7911376953125,1736000
2024-02-26,811.9235722224302,814.4817174407991,793.2292585481401,795.7382202148438,1188689
2024-02-27,795.9349363570766,807.348281669412,792.7372251213686,805.7740478515625,1331211
2024-02-28,809.4638238098797,809.5130073633499,782.2094692845496,785.7515258789062,1851909
2024-02-29,788.1129000907632,792.9340891687685,777.2898764940111,787.2273559570312,3155812
2024-03-01,791.3106062414249,826.1902713341346,791.3106062414249,822.74658203125,5377896
2024-03-04,825.5015321727398,825.5015321727398,805.3313517084475,811.0380249023438,3821690
2024-03-05,811.8251424360479,813.3502529049724,797.9520179334448,806.1184692382812,2630517
2024-03-06,807.2008680768658,809.7590134784903,787.1290531990185,799.821533203125,2041620
2024-03-07,806.8071892060428,831.3066022653985,804.8885503430278,816.6463012695312,5074846
2024-03-11,818.6142018321875,823.1401697921992,808.9226995457105,816.4495849609375,1622850
2024-03-12,815.662457594261,815.9576189699682,801.8876995649249,804.6426391601562,1231413
2024-03-13,805.2329973681626,807.3975540926823,775.7648431877576,780.1924438476562,3047464
2024-03-14,779.2576555429005,780.192383175714,749.4943423103591,772.8130493164062,5262918
2024-03-15,769.5170164324511,777.4867341261358,762.0884980052588,768.0903930664062,3992861
2024-03-18,768.0903592214224,795.4922641508002,765.9749259633865,791.458251953125,3561533
2024-03-19,789.0968370904185,796.9189436831848,780.97956912783,788.162109375,2192986
2024-03-20,789.2935687444871,796.9680640169788,776.6010903703548,781.8650512695312,1538050
2024-03-21,791.0646989956529,806.2661408563921,790.1791547889376,799.2803344726562,2783067
2024-03-22,795.0002716538094,819.5488687854377,793.7703826196914,811.5299682617188,3983433
2024-03-26,807.3483805310304,820.5819991222345,804.8886023562036,808.6766967773438,2454193
2024-03-27,811.7268062485736,819.0077737440747,802.2812819789525,804.8886108398438,1884038
2024-03-28,813.6946116073985,827.3217585302176,806.8072327908909,816.8431396484375,3722941
2024-04-01,824.5176479762151,862.3490484888621,824.5176479762151,857.9214477539062,6053539
2024-04-02,857.0850423819255,867.6620880297666,847.6887022123855,865.1039428710938,2784783
2024-04-03,863.7264502376266,865.399111341205,853.1494045028392,855.0188598632812,1980049
2024-04-04,862.2013756846777,864.5136030449902,839.8173958032804,848.6234130859375,2790334
2024-04-05,846.1636693616325,850.6404535086663,833.3236396453267,843.310302734375,1847243
2024-04-08,850.0992923487494,863.8740494006967,846.4096252812635,862.3489990234375,2462906
2024-04-09,867.6129205060859,877.1076880052271,856.543919042247,860.5287475585938,2512308
2024-04-10,867.1701881783437,874.6971335399762,861.2667204604136,869.7283935546875,2519596
2024-04-12,869.6791504771376,869.6791504771376,848.1314707602193,852.5098876953125,4129109
2024-04-15,849.0170398806222,867.8097206952694,836.5705385727357,846.6064453125,1974756
2024-04-16,845.6716745100724,849.7056863997875,829.1911619469034,831.6509399414062,1706563
2024-04-18,832.4872634999084,844.1958310993632,828.1580901415605,831.2081909179688,3437879
2024-04-19,829.2895502203974,853.3461916315292,819.7948429510839,850.8864135742188,3157898
2024-04-22,853.1493982903929,856.888308984051,839.719046114993,841.0473022460938,1584578
2024-04-23,844.687760054509,851.0831828155507,834.8978316635105,837.6527709960938,1755588
2024-04-24,837.6528203400509,871.7453692419464,836.3245641711675,868.4984741210938,4257548
2024-04-25,868.4984805726443,894.7689232059214,860.282785525792,891.226806640625,4893459
2024-04-26,895.3592623197115,899.2949074288092,870.4171354620768,872.9752807617188,3626999
2024-04-29,883.9458285910256,887.9798404098456,871.8929166297839,881.3384399414062,1956431
2024-04-30,887.9307338955992,888.225895264725,865.8910975188257,868.0065307617188,1831578
2024-05-02,868.7936061533255,880.2069522695172,868.7936061533255,876.0253295898438,2448369
2024-05-03,881.4368345623976,889.1605736024865,852.0671089283429,860.1351928710938,3672279
2024-05-06,865.5467176370416,878.6327249339332,860.2827565453418,866.4814453125,2556178
2024-05-07,866.4814542622174,866.8749827248288,832.1429280943405,843.5562744140625,2369111
2024-05-08,836.7181562022458,852.6574705084008,836.7181562022458,850.7388916015625,1849894
2024-05-09,850.7880556215732,854.8220676576694,817.6794185928921,821.1231079101562,2282517
2024-05-10,822.5006402558992,842.1788657058726,822.5006402558992,839.8666381835938,1947295
2024-05-13,834.2090992986853,848.623422614214,816.6463081388957,846.7539672851562,1735081
2024-05-14,850.2469730424107,870.7123160507409,847.3444226997578,867.3178100585938,2706050
2024-05-15,867.8097071090416,869.2855739578665,849.5089822048832,856.9375,2194086
2024-05-16,858.7577476962193,874.155983151281,850.54211258189,872.1389770507812,3282175
2024-05-17,873.7131948327312,900.2296151775357,864.5628321677536,892.8502807617188,4635724
2024-05-21,877.6488143766559,914.0043462204943,876.4681088937651,908.5928344726562,5938708
2024-05-22,910.1179135520109,912.3808974345318,891.4727832042829,901.06591796875,2938404
2024-05-23,897.3270866701881,906.0346774702227,876.3697884329346,902.2466430664062,3800388
2024-05-24,900.278756985306,910.1178690835061,891.4727396467821,894.0309448242188,2113036
2024-05-27,895.8512110837867,904.3620675881713,885.6185098573848,887.4387817382812,1893682
2024-05-28,891.2759642088023,901.1150765147036,886.7008130184636,892.7518310546875,1931419
2024-05-29,885.1265434669351,895.3592445689947,882.027259036872,887.3895874023438,1740879
2024-05-30,885.5201639446958,886.3072809686773,859.2005368496729,869.482421875,3993159
2024-05-31,877.648852690846,881.0433585824047,862.8901836433541,866.383056640625,5249761
2024-06-03,897.3270186096214,902.9353244865664,883.355467493442,900.5739135742188,2541803
2024-06-04,899.294884965928,899.294884965928,810.5460779619374,828.3056640625,4022430
2024-06-05,843.2119745914765,867.5145954380628,815.8100692167475,864.2677001953125,1969854
2024-06-06,869.7775114891933,878.5343452980806,863.3820886105963,873.8115234375,3095781
2024-06-07,873.8115568129881,900.6723819715922,862.9885330665892,897.4746704101562,3609817
2024-06-10,892.407472798073,905.19831860444,886.258027698858,901.164306640625,1765715
2024-06-11,901.2134972563027,904.0176202222591,890.4888408979206,895.4575805664062,2003998
2024-06-12,895.408426260916,909.4291616549818,893.4406037494682,902.1482543945312,1782777
2024-06-13,902.7876907100639,910.1670245560725,893.4405345051196,901.0166625976562,1788757
2024-06-14,899.2949053817615,908.6420624945915,889.0622041001287,906.3298950195312,2625892
2024-06-18,906.3298401757363,912.5284688227284,899.5900123176815,910.4622192382812,2395045
2024-06-19,914.0534933996045,921.8264158039274,898.6060757416352,900.2295532226562,1793533
2024-06-20,900.2295478158462,922.9086885461376,896.6382479809381,914.6930541992188,3120339
2024-06-21,914.0535541300194,928.8122229265213,908.2976973206545,921.8264770507812,4299319
2024-06-24,920.9408968771742,926.5000192610039,907.166139872601,920.3013305664062,1857847
2024-06-25,921.826465600211,924.8765664256634,913.0204479837143,914.9390869140625,1733931
2024-06-26,915.9230287968472,917.4480792605935,903.3289164497312,904.4112548828125,1341496
2024-06-27,901.4594717251032,930.3864255596087,900.5739276058819,927.9758911132812,4700053
2024-06-28,927.9758954512868,934.1253406046957,913.8075497965625,916.5133056640625,2402672
2024-07-01,919.956972446821,932.2558624527946,916.6116503439267,928.7138061523438,2562034
2024-07-02,929.7961250140513,938.3561648422763,921.4328794451418,923.1547241210938,1936180
2024-07-03,924.3846568834026,938.0610478346151,923.941884792301,935.1093139648438,1369238
2024-07-04,935.1092662184197,943.9644673755898,927.8282990234762,929.1565551757812,1384884
2024-07-05,932.7478495351112,940.6191394046058,929.9929100914233,938.7005004882812,1583550
2024-07-08,940.5207456515062,940.5207456515062,919.0222497727342,924.0894165039062,1569620
2024-07-09,931.1299387136023,932.9148402294194,924.4860814657712,927.4609375,1489629
2024-07-10,923.1969611167679,927.4609091976572,911.198399687633,917.6439208984375,1483892
2024-07-11,919.3792577299475,924.188583984375,907.7773073928058,917.2472534179688,2348723
2024-07-12,922.1557663924981,929.8903796799442,916.2556233796519,926.5684814453125,1498780
2024-07-15,930.0887298770999,930.8324438686019,918.3876418488553,923.89111328125,1337839
2024-07-16,924.3373472558214,931.4769531049612,920.3708726624775,926.5188598632812,1442535
2024-07-18,926.5188462001709,927.5104648338837,913.6278039619037,923.6431884765625,1812254
2024-07-19,919.23044464706,919.72625394838,879.1194600655624,881.9951782226562,3001973
2024-07-22,868.1621111425791,885.9121088408273,857.8988825246903,881.1027221679688,2725373
2024-07-23,882.5405529261405,888.6390315181585,864.691418147859,886.4574584960938,1640412
2024-07-24,887.4986925242164,887.4986925242164,872.6244127612406,873.9630737304688,1519772
2024-07-25,862.7082481842303,872.6244349449686,855.1719704555095,867.1705322265625,1636466
2024-07-26,872.624445334411,901.183051440635,867.9638253966547,893.002197265625,2056457
2024-07-29,902.2738288275162,902.2738288275162,887.5482556427355,891.0189208984375,1066351
2024-07-30,887.548285000166,900.3401901465965,882.6893897956248,894.5391845703125,979026
2024-07-31,901.3318034847479,928.5021187672791,895.1341867884222,920.4700317382812,2716481
2024-08-01,929.6920801573438,949.9211254132841,919.974229210314,926.7172241210938,4039078
2024-08-02,912.1900352535094,916.106880566148,888.4903249217156,892.0105590820312,3306705
2024-08-05,876.5908895665705,876.5908895665705,846.9910969733381,856.5601806640625,4059902
2024-08-06,859.782933226146,885.5650179716654,859.782933226146,876.5908813476562,2665068
2024-08-07,891.4651512459163,903.0175325321242,887.4986767131203,898.8527221679688,2262055
2024-08-08,892.4568096578517,895.3820968608949,875.9959638224917,880.1111450195312,2796559
2024-08-09,888.5399011863784,907.0831825043607,881.5490016358312,897.5140380859375,1722454
2024-08-12,897.2165745545584,918.4372386341455,890.5727172568484,909.661376953125,3822527
2024-08-13,917.2472508463304,919.7262974702394,897.4148778550584,900.240966796875,1329629
2024-08-14,904.3066417547258,904.3066417547258,877.9791786500508,882.8380737304688,2024615
2024-08-16,892.4567481487728,903.067079370372,875.1529913160578,900.8359375,2208842
2024-08-19,902.3729391365603,912.289125280918,896.3240897979408,910.0579833984375,847523
2024-08-20,916.1564996523648,916.1564996523648,903.1662589564512,909.4630737304688,696605
2024-08-21,902.3729648931816,919.2304818197575,900.4888652625365,918.04052734375,1600466
2024-08-22,919.2800528812897,927.0146662087375,917.048910929703,925.4281005859375,1073406
2024-08-23,926.7667673207834,936.0384380248505,921.3624940899307,933.1627197265625,1441218
2024-08-26,937.5754250099328,960.7793254173971,929.3450023948403,955.424560546875,2364465
2024-08-27,955.375007688723,958.8456729900297,934.8484893734172,936.0880126953125,2480788
2024-08-28,939.5586737049294,943.5251483168763,927.1634405425953,941.2940063476562,2285575
2024-08-29,937.0796022614899,942.5335047085144,922.9986056571796,931.8240356445312,2233515
2024-08-30,939.9553354615053,946.747898953381,930.7828630181235,933.2122802734375,2896103
2024-09-02,933.2122648162459,943.4755539105723,928.3038010359135,932.5677490234375,1316611
2024-09-03,929.2458183225472,933.6585334464404,922.1557812463498,923.1473999023438,1116938
2024-09-04,912.2891856926867,926.8659923948878,904.3562362518807,925.2297973632812,3020790
2024-09-05,926.7171868495739,936.633373238256,916.0077176545168,917.6934814453125,1482001
2024-09-06,917.6934996279443,931.5265920189563,904.0587430733553,924.9818725585938,1984209
2024-09-09,915.2640287763204,928.8492166061061,911.3471229406508,926.4197387695312,1793548
2024-09-10,926.2709680547806,940.5503009984084,922.0070199124863,930.8820190429688,1388455
2024-09-11,933.162697776614,936.3854583176206,916.5035169308991,919.9741821289062,1087490
2024-09-12,927.9567307938862,949.5740054974475,921.2137360042799,946.7974853515625,3061006
2024-09-13,949.970656959015,964.2995584093065,943.376368794693,946.549560546875,2445329
2024-09-16,953.3421796518393,970.3484029235312,949.0781711035636,962.8616943359375,2186706
2024-09-17,962.8616997479218,966.3819338163278,953.6396584976923,956.1682739257812,543055
2024-09-18,953.986715186033,962.8121454272672,942.0377224948966,948.6815795898438,644373
2024-09-19,951.953862468567,957.8540052833779,936.0879647607575,940.4511108398438,1278919
2024-09-20,961.8701195736897,979.7192558132015,957.1103620145401,973.3233032226562,8035572
2024-09-23,977.7359892897313,979.6696577627218,968.0181386205775,973.86865234375,1714600
2024-09-24,982.9915338571207,1001.3364784755954,976.8931156089216,981.4049682617188,5545642
2024-09-25,987.6521468858687,990.2799604419417,964.5474451126356,974.4140625,1309311
2024-09-26,975.752761331747,999.5020403408321,967.2744338944076,997.1221313476562,2706617
2024-09-27,999.5515919995831,1010.3602594161609,989.1395962495875,993.1556396484375,2757284
2024-09-30,995.585095583521,1024.2428979427248,995.585095583521,1021.4168090820312,4250590
2024-10-01,1020.3755836453118,1021.3175729372813,1005.8979756669753,1018.6898803710938,1392457
2024-10-03,1019.3839268250076,1051.1157222125564,1016.8552509611851,1030.390869140625,6615927
2024-10-04,1033.2666695794287,1054.090661960588,1018.6899233314982,1025.0858154296875,4855592
2024-10-07,1031.2337535096824,1035.34899506419,1004.01387033287,1010.2114868164062,2708970
2024-10-08,1005.8979743343867,1005.8979743343867,975.7527434177327,989.833740234375,4115797
2024-10-09,991.5194987326471,1003.0222507052952,976.7443568410438,986.1647338867188,2138939
2024-10-10,990.6269835365031,1004.4600751410564,988.3958416816912,998.9566040039062,1368830
2024-10-11,998.8574384391932,1017.3510896586826,997.5683463190472,1003.567626953125,1957211
2024-10-14,1008.4761387803819,1023.3504181134259,1000.9398614610786,1004.0138549804688,1831080
2024-10-15,1004.0139298713752,1012.0460171009054,983.6857465999054,992.4615478515625,1444250
2024-10-16,986.6605921462154,996.3784431601212,973.8191180633107,981.0579223632812,1248745
2024-10-17,982.793218422972,986.8588911964121,961.622184484695,971.2904663085938,1079467
2024-10-18,970.2989011765409,989.8833705666652,964.9441359692937,984.2807006835938,1291683
2024-10-21,988.6437787580246,996.5767278353206,971.8358307957839,973.22412109375,953143
2024-10-22,972.7778619955027,975.0585727068787,952.3505427216518,955.5733032226562,1318146
2024-10-23,955.5733432039294,962.8617161247853,944.1697286463238,946.450439453125,1306503
2024-10-24,946.450452384739,953.986730072861,944.4672150432754,950.06982421875,650392
2024-10-25,950.0698362564998,951.9043671347583,919.0321835740539,935.9392700195312,2541293
2024-10-28,928.1550450092078,964.2995564628437,901.3813417877883,959.1431274414062,1737402
2024-10-29,964.2995962247321,964.6466385528432,939.0628887466207,950.7639770507812,1032874
2024-10-30,958.1019807547224,960.4322604433646,944.3184568927927,949.2765502929688,733890
2024-10-31,949.970633834548,959.7380529896919,946.4503998535549,955.5733032226562,1445602
2024-11-01,961.770952325178,969.8030391764017,956.9119967333615,960.184326171875,136508
2024-11-04,956.9615604041364,960.729699147076,933.2122817727216,946.8966674804688,957723
2024-11-05,946.8966951584401,994.5935291254026,944.0209767969923,991.1228637695312,5177028
2024-11-06,991.6186415334834,1006.5424899838425,976.4468884227408,1000.1961669921875,2761749
2024-11-07,1005.5013343809658,1010.4098589168356,977.3889692120033,981.504150390625,2477876
2024-11-08,985.6689192011917,993.1556277604247,968.3155931589172,988.048828125,3568198
2024-11-11,979.7192457625766,987.1068169573081,963.8533470457737,970.794677734375,1336153
2024-11-12,978.7275828025023,979.520865597724,945.657125870641,949.2269287109375,731821
2024-11-13,945.5083635998449,950.218552091821,920.271657364432,928.10546875,1167594
2024-11-14,927.2130296956366,941.3931646394648,924.6348453507954,931.1795043945312,1662673
2024-11-18,927.2130327216947,948.037024958853,927.0643262341614,941.8889770507812,1143965
2024-11-19,941.8889670597555,952.895970582515,937.0796407321048,939.3603515625,617409
2024-11-21,933.113132471659,942.9797499622374,928.6012798019408,936.2367553710938,1669641
2024-11-22,939.9553861232276,973.0754142545991,931.1795243496962,969.1585083007812,1889389
2024-11-25,966.8281956687383,972.2325294825811,937.7242121418938,945.31005859375,4563438
2024-11-26,946.9958461762005,958.6969345792071,942.6326997435398,955.5237426757812,1184177
2024-11-27,955.2758335743895,963.8533593874322,947.2437464556014,960.729736328125,1327011
2024-11-28,960.7296997605686,966.778609807728,941.0956626991573,946.1529541015625,2959350
2024-11-29,950.962294868801,963.5558639545781,945.4092545826567,957.9036254882812,1326686
2024-12-02,957.8045004210526,983.2394830683041,953.6892587188302,981.504150390625,1272868
2024-12-03,986.6605721135452,1006.9887547550805,982.7436662803342,990.4287109375,2118830
2024-12-04,987.7513641969896,994.5935574456879,977.0914631575666,986.5118408203125,1030877
2024-12-05,982.6940932910624,1001.4852790263228,968.8114320336709,990.8253784179688,2221958
2024-12-06,991.5195033992054,999.5515901823023,986.3135055336726,995.3867797851562,1218982
2024-12-09,997.072501035951,1006.9886870233796,985.4705513259402,1003.4188842773438,1457470
2024-12-10,1012.442600712827,1014.921647237589,998.2128978701314,1004.4600830078125,2227505
2024-12-11,1007.3853800010082,1011.9468014423629,988.7429015310609,991.8169555664062,1246315
2024-12-12,996.5767733131331,1004.4601539231662,982.6941117943433,997.3700561523438,1510341
2024-12-13,986.6605832955164,995.0893420472871,964.894541237694,991.4699096679688,2444182
2024-12-16,995.5851800831437,997.865891000526,975.7528059779017,982.049560546875,1220082
2024-12-17,982.049560570309,982.4958010924082,952.9455757796131,958.7465209960938,1673092
2024-12-18,958.9448329883909,961.374310860629,933.658556632593,938.9141235351562,1612799
2024-12-19,926.2213566034504,934.7988818453027,913.8756927237546,918.1892700195312,1926448
2024-12-20,918.238902792321,933.8073282597189,904.4058100245848,909.661376953125,29003345
2024-12-23,928.1550405673244,942.9797512366611,913.8757080414647,929.1962280273438,3988457
2024-12-24,929.1962732883552,930.0887543110433,910.7521900240097,914.1236572265625,2048135
2024-12-26,914.1235858866819,921.6103547657485,905.4469231016941,906.78564453125,2056005
2024-12-27,906.9840462338227,918.7347033352542,903.6125185259043,905.6453247070312,1917836
2024-12-30,905.6452916510115,909.0168192358692,888.0936296213202,891.4155883789062,1959379
2024-12-31,890.5231174165532,898.8031694664766,889.0852582678983,893.9442138671875,1031176
2025-01-01,893.5971360591838,902.3729365624679,883.2347094631701,897.861083984375,1020555
2025-01-02,901.8771338893943,908.0251814312926,893.8946161119701,904.8519897460938,1636373
2025-01-03,906.3394277776432,916.949759222867,900.8855253128982,907.380615234375,2691743
2025-01-06,907.3806723826216,912.1404300014565,890.3744481219967,893.3493041992188,1104617
2025-01-07,893.9938065058618,906.0419976457204,891.6635268234105,904.1578979492188,688211
2025-01-08,902.3729634344414,904.3066318893779,887.6474508230002,894.7374877929688,744601
2025-01-09,893.4483598193505,901.3317398048287,881.3506007781206,883.4826049804688,1459142
2025-01-10,883.4826944314043,900.3897811915696,872.8723622179285,892.5559692382812,1614629
2025-01-13,888.4407158271216,891.1676670356004,872.6243867132249,876.3429565429688,1416585
2025-01-14,875.1034478716781,903.6620525360285,875.1034478716781,898.4560546875,1948192
2025-01-15,902.3729824996093,905.0503649919655,893.9442238718657,896.4728393554688,1581897
2025-01-16,902.3729598100184,906.7361060229348,892.5559110927557,899.1997680664062,1946590
2025-01-17,899.1997787124916,909.8101103603789,897.6627819114256,900.9846801757812,911260
2025-01-20,900.9846559001454,917.8918018271331,892.9525692699547,911.495849609375,1299378
2025-01-21,917.2472557721143,925.1802050112244,911.8429219982506,919.0817260742188,1474919
2025-01-22,924.188584686775,924.188584686775,899.5468853667444,911.6942138671875,1080075
2025-01-23,911.3471025714026,929.4937116500495,905.1494860470289,922.106201171875,1267989
2025-01-24,922.2053488514728,945.0125779090898,917.3960225857195,924.6348266601562,3538998
2025-01-27,893.5475517118964,919.230499255442,893.5475517118964,911.6445922851562,3908402
2025-01-28,915.6607321599402,917.842244881941,896.9191145129159,908.4714965820312,1101031
2025-01-29,905.9427901701201,933.1627346902507,900.3897498430831,929.7416381835938,1298065
2025-01-30,930.039201508021,947.987475740956,928.3534376158951,942.880615234375,2020147
2025-01-31,941.7898396002552,951.8547933932098,932.6669356562907,937.0796508789062,2037829
2025-02-01,939.9057284185504,947.1941619282751,904.0091811259433,926.4197387695312,1339508
2025-02-03,907.331067831921,929.5929187047575,906.3394491785529,926.1222534179688,1130056
2025-02-04,928.502125727679,941.4923667347175,926.4693195407657,936.3359375,1262634
2025-02-05,933.2122454501589,946.797432450571,933.2122454501589,941.9385375976562,1209743
2025-02-06,942.5830545301726,948.5327661706012,934.1047275472813,940.4511108398438,3060140
2025-02-07,942.9797452869591,976.7443474257384,939.8561224030112,972.5299682617188,2846285
2025-02-10,965.836535236976,965.836535236976,940.3023557889759,951.1110229492188,1665049
2025-02-11,942.0872849094237,959.3910424305919,940.5998569366632,946.5,2535726
2025-02-12,944.9134289882803,954.8791842442777,930.2374246551113,948.3840942382812,2768806
2025-02-13,946.0041903926837,975.7527498389944,945.2604764065259,961.6717529296875,1414535
2025-02-14,964.7458029885668,975.455272239397,946.2520910679228,956.5153198242188,2690126
2025-02-17,956.5153208459291,966.8281789643214,946.1033250724671,965.3903198242188,1321057
2025-02-18,966.8281747463733,972.9762224238392,954.7304152243144,970.5963134765625,1800070
2025-02-19,967.4231755828267,981.603371354137,962.9608914509436,969.1585083007812,1581818
2025-02-20,968.8113942490907,979.3721567888805,966.8281570039543,972.9266357421875,1474610
2025-02-21,970.8937685607017,982.6444855451964,967.3735345574302,973.6703491210938,1599075
2025-02-24,962.8617098518181,976.6452333063044,949.7227627297412,958.6968994140625,1898963
2025-02-25,958.8952091142438,965.2911613418039,949.4748321891296,950.71435546875,1095348
2025-02-27,950.7143829345704,972.7778979492188,950.664814106673,966.8281860351562,2049890
2025-02-28,959.9860009356061,960.4818102658122,932.6669189459701,942.7318725585938,2553800
2025-03-03,950.9622986513609,973.3232874169101,945.0125866681408,967.869384765625,1744769
2025-03-04,951.9539308308313,969.9022046922638,951.904362001654,965.9357299804688,1077034
2025-03-05,966.8281721282691,999.5515871849183,962.7625599215794,994.2960205078125,2472192
2025-03-06,1004.509710028974,1007.6829018692249,988.7429490086151,1002.6256103515625,2203409
2025-03-07,1002.526403899103,1011.8476429420248,997.1220704281621,1002.6751708984375,759943
2025-03-10,1002.6752135659681,1024.0941520130098,1001.7827325791752,1005.0054931640625,1855010
2025-03-11,995.4363612301541,1012.4426453492308,993.0565127756183,1010.1123657226562,1595868
2025-03-12,1016.1115308693772,1016.3594355193451,985.76802592275,1001.9314575195312,1263600
2025-03-13,1006.3937812128304,1007.9307779989917,990.4286848062931,992.80859375,1218174
2025-03-17,999.1053442900344,1006.9391557214662,991.7674027000485,997.2708740234375,1522656
2025-03-18,997.2708740234375,997.2708740234375,997.2708740234375,997.2708740234375,0
2025-03-19,1027.316900492522,1038.2247054205316,1015.4174769346937,1024.6890869140625,2652155
2025-03-20,1029.3001810394846,1043.9761857968856,1018.5906509681703,1041.447509765625,2301795
2025-03-21,1043.182863342815,1053.6444889558663,1038.9188545509544,1049.82666015625,2630144
2025-03-24,1054.0906628141513,1063.015230984732,1047.6451413576206,1052.4544677734375,2267252
2025-03-25,1052.4544713401724,1065.8909529947416,1043.182860807644,1052.801513671875,1571677
2025-03-26,1059.0984554038325,1059.0984554038325,1043.3812013630195,1047.5955810546875,1254060
2025-03-27,1043.1332456238795,1060.0403929195418,1041.199637572983,1050.867919921875,2514499
2025-03-28,1050.867904375725,1059.2470338685916,1045.1164675677148,1054.2889404296875,1674204
2025-04-01,1054.090642797707,1061.4781534464119,1044.521498453744,1047.397216796875,1776263
2025-04-02,1049.2316835390477,1057.4125375121364,1037.4810265871424,1047.0501708984375,878958
2025-04-03,1036.241427719249,1046.9509569222096,1032.8203919987652,1035.2994384765625,1607693
2025-04-04,1023.6479575483177,1030.242124583186,989.4866232039204,997.3204345703125,3818643
2025-04-07,898.4064867978587,950.9622746568946,897.6132039914986,922.5028076171875,4581682
2025-04-08,941.3931839796538,962.3163747603342,925.9735253756363,946.5991821289062,1717533
2025-04-09,937.2283888551759,945.4092426967114,930.1878601440586,937.625,1773658
2025-04-11,964.299578368344,988.6438043753748,960.2339055467227,981.9503784179688,3641633
2025-04-15,1001.5348119584341,1007.1870502296517,993.8001987826826,999.5515747070312,1287903
2025-04-16,994.5934968596584,1006.5920582055548,983.7848294640073,1000.9398803710938,1281034
2025-04-17,987.6521599700399,1000.1465305554023,978.8267299134787,998.75830078125,2074019
2025-04-21,992.610204818401,1035.051528728014,992.1143955252849,1025.3336181640625,1345056
2025-04-22,1051.1157428157726,1051.5124144753308,1028.308514433921,1035.4481201171875,2153582
2025-04-23,1042.1911380144027,1045.0668561346324,1019.8797197410211,1030.489990234375,893969
2025-04-24,1026.821038260307,1038.7204612048977,1020.8713267880116,1035.74560546875,1242921
2025-04-25,1041.1996405074487,1048.0418337830818,1009.0711702480636,1019.7807006835938,2784217
2025-04-28,1012.8393282095466,1050.0250281312267,1010.6577550427546,1045.562744140625,1485915
2025-04-29,1046.1575904668223,1052.7022488138596,1025.4327381618807,1026.920166015625,1206750
2025-04-30,1021.3672206257804,1033.5641785725215,1012.4426526785649,1021.1689453125,1755328
2025-05-02,1012.6409863204418,1028.3085490224282,940.3519618952497,959.3910522460938,6209775
2025-05-05,951.7555863553671,964.250017898322,944.7151180152484,947.4916381835938,1646426
2025-05-06,951.9539123062016,963.7541985536037,946.99581901294,959.3910522460938,1462046
2025-05-07,949.8715221300998,966.8281767122286,949.8715221300998,958.0027465820312,1014461
2025-05-08,954.4329174849137,961.3742477938948,941.0460661747356,945.2108764648438,1646385
2025-05-09,927.163454253098,950.962302276707,927.163454253098,948.9790649414062,1481537
2025-05-12,964.8449526106222,999.2541320900477,961.5726231494478,996.7750854492188,1335817
2025-05-13,996.7750858629822,1002.4273243111385,979.8183705185138,981.6033325195312,934177
2025-05-14,986.8588749209705,1003.6171934918544,978.7275900317923,981.00830078125,1650066
2025-05-15,984.6772845770053,1031.8783064359102,981.7024287323617,1029.59765625,5297654
2025-05-16,1034.6549618598594,1035.844855864958,1011.7485338840878,1013.2359619140625,1048380
2025-05-19,1025.234577872789,1025.3337155313884,1008.1787244652256,1011.0543823242188,1434608
2025-05-20,1022.3588284335951,1025.829493709558,1002.3281195933189,1004.2122192382812,1624336
2025-05-21,1007.4845254631056,1010.3602436920752,990.7261464501954,992.5111083984375,875245
2025-05-22,993.601888958014,1003.0222661487337,979.6200901791225,997.1716918945312,1283310
2025-05-23,1002.526470980552,1013.9300856356226,996.6758966437279,1000.0474243164062,1568154
2025-05-26,1000.7415824659598,1027.3169509455452,971.2904956092293,1023.6480102539062,4716572
2025-05-27,1023.3504669698174,1024.4412232968762,1000.5432375702962,1005.203857421875,1158374
2025-05-28,1006.3938142755752,1009.3686702911417,990.131243847705,992.6102905273438,1790498
2025-05-29,1011.8476590365037,1015.1199883615465,989.8337136770207,997.7666625976562,3282246
2025-05-30,994.5935341806704,1004.0139116230596,982.1983007038425,985.1731567382812,1710817
2025-06-02,978.7275984355595,978.7275984355595,961.1263675619716,970.5963134765625,1790184
2025-06-03,971.8358612900123,979.0746654454642,963.9029119637964,965.6382446289062,1138571
2025-06-04,964.8449661639439,971.2904875206405,954.0859278010524,960.4322509765625,2398032
2025-06-05,964.6465975726996,968.712270296889,956.5649419986279,960.6305541992188,2182562
2025-06-06,960.6305618884564,1002.1794073037039,959.539805588913,996.4776000976562,2089570
2025-06-09,997.8658109386193,1008.4761423383441,993.5522941262573,999.5515747070312,1864322
2025-06-10,1006.4929746592443,1010.6082164498041,992.4119770962369,994.6926879882812,1747781
2025-06-11,995.5355562176059,1007.4845488507318,995.5355562176059,998.6591186523438,1003090
2025-06-12,998.6590996588525,1001.5348178998855,984.2310606740243,987.3051147460938,2223026
2025-06-13,976.4469094167868,985.718519705029,973.1249505820667,978.9755249023438,1044815
2025-06-16,978.9755033804345,1002.526446105464,975.9510786299398,995.3867797851562,871032
2025-06-17,996.080932682373,1001.9810757472324,989.5362738099773,991.2716064453125,1075499
2025-06-18,988.6438320858981,990.5775006325116,975.504884467906,978.0830688476562,854561
2025-06-19,978.6285075441557,989.585881943487,976.744407827231,987.7017822265625,1391083
2025-06-20,985.6193791023724,1015.4175077273464,985.272276257251,997.1221313476562,9697195
2025-06-23,996.576748066465,996.7750839021435,975.2569469884263,988.643798828125,1132847
2025-06-24,997.5683788917034,1013.9796557240188,992.9077590525986,998.5599975585938,1434360
2025-06-25,999.5515695708468,1019.1856666777236,999.5515695708468,1015.8636474609375,2029126
2025-06-26,1021.3671371909229,1031.7791322787916,1008.6248626499693,1023.8958129882812,3892783
2025-06-27,1029.7463750717222,1036.9356105383379,1014.6242506483048,1020.2764892578125,1941604
2025-06-30,1024.3917009297363,1024.4412092342134,1005.9971264433125,1011.9468383789062,765716
2025-07-01,1015.1200064007542,1022.9537572849333,1007.6828666554965,1020.9705200195312,988673
2025-07-02,1022.3589179219692,1055.974817318176,1022.3589179219692,1051.0167236328125,3166924
2025-07-03,1056.073768348326,1058.8503487403234,1033.8614883539096,1037.3321533203125,1703765
2025-07-04,1042.8853530551744,1042.8853530551744,1023.4496504709564,1032.6717529296875,961108
2025-07-07,1032.2750066473645,1036.2414812166146,1026.622828805062,1033.861572265625,871937
2025-07-08,1036.0491154866927,1043.6056874478547,1033.364583794295,1039.031982421875,828011
2025-07-09,1045.6936443087416,1045.9919795441888,1027.4982292755496,1034.458251953125,1666607
2025-07-10,1034.9553571312126,1043.6056221527554,1028.1941439518937,1037.3416748046875,1101654
2025-07-11,1037.0432911814905,1045.1964113644328,1028.1940959658098,1031.2763671875,931901
2025-07-14,1034.060490426781,1038.932530473616,1025.907369724603,1032.966796875,1238524
2025-07-15,1038.7335428300973,1038.7335428300973,1022.3277763346831,1029.0889892578125,982842
2025-07-16,1028.0947270558677,1029.089015960177,1014.6718268476914,1023.9187622070312,1099243
2025-07-17,1024.6147585517092,1035.7507461943696,1017.6547359317558,1028.2935791015625,1553977
2025-07-18,1033.0661361690527,1047.483324787389,1021.1346697262918,1028.492431640625,1694015
2025-07-21,1044.997691304626,1047.4834136911734,1012.4844303512664,1028.8902587890625,2771028
2025-07-22,1032.6685058149244,1037.2422108281903,1022.7256160586222,1024.8135986328125,1237568
2025-07-23,1028.0948053404873,1031.8731520138292,1019.1462045203091,1027.89599609375,1192492
2025-07-24,1033.0662502405864,1042.810330794047,1025.9074181337103,1027.89599609375,1462398
2025-07-25,1027.8959573335364,1029.089055515304,1014.2741259970213,1021.0353393554688,912255
2025-07-28,1023.1233087484114,1028.0947533973347,1011.5895814375415,1022.9244995117188,1839488
2025-07-29,1017.9529806376647,1045.295986529667,1017.9529806376647,1028.9896240234375,2215340
2025-07-30,1040.4239903259377,1046.2903194550263,1025.8078698138186,1031.9725341796875,1781038
2025-07-31,1012.1861079030248,1052.5542132756061,1012.1861079030248,1042.3131103515625,3144726
2025-08-01,1047.9804963052295,1047.9804963052295,1017.7540895944702,1021.93017578125,1604653
2025-08-04,1023.8193070573031,1052.8526178958784,1020.538226269955,1049.8697509765625,1835680
2025-08-05,1052.9520272026512,1057.3269229784096,1042.7108021848414,1047.384033203125,1524968
2025-08-06,1052.9519743881958,1055.437696707337,1039.8274090923946,1046.5885009765625,1797515
2025-08-07,1046.588474634325,1068.76116571225,1040.0261921515946,1058.7188720703125,1837589
2025-08-08,1063.8891438161006,1065.2811725779684,1035.7507188462803,1043.2078857421875,2234463
2025-08-11,1043.2078550950823,1058.9176681102049,1040.3245144118982,1046.6878662109375,1492814
2025-08-12,1048.7760271789236,1053.8468765211012,1039.6284960658788,1042.213623046875,1231299
2025-08-13,1046.1906956081734,1053.5484574866482,1044.3016438624652,1047.68212890625,1125769
2025-08-14,1048.9747973551082,1052.057068693558,1032.9667702198656,1039.529052734375,870899
2025-08-18,1053.9462103828268,1077.8091434480984,1044.0033216056304,1073.6331787109375,3252940
2025-08-19,1073.832058137947,1081.7863696797094,1064.585122421383,1067.269775390625,1867228
2025-08-20,1065.8776764333818,1082.9793965731633,1061.2045672594747,1076.4171142578125,1321114
2025-08-21,1074.4286250956654,1079.8972143715646,1063.193232679989,1065.678955078125,2069244
2025-08-22,1062.39766604474,1065.281128065304,1045.2959458939833,1048.5770263671875,1950366
2025-08-25,1053.4491538166646,1056.6308299415032,1043.8045994475522,1051.7589111328125,1552036
2025-08-26,1045.196433223603,1050.9633573382027,1038.7335554348629,1041.119873046875,1758169
2025-08-28,1041.1199135611998,1049.0742249953385,1027.9953482441351,1029.884521484375,1313061
2025-08-29,1026.1061840517382,1032.3702529106208,1016.4615692154861,1020.7369995117188,1062037
2025-09-01,1020.7369859351851,1032.6684530329037,1020.2398414727802,1029.586181640625,624424
2025-09-02,1029.68554673381,1043.5061865327916,1025.310651357946,1038.03759765625,1071341
2025-09-03,1036.0490610649879,1073.7326356413118,1034.0604832126558,1066.0765380859375,3357124
2025-09-04,1068.8606397353883,1070.2526685640953,1060.0114436527135,1066.2755126953125,922622
2025-09-05,1062.8948751739738,1070.4514468313548,1056.929141543437,1066.971435546875,748933
2025-09-08,1073.9314603004973,1105.9476370067378,1073.9314603004973,1095.10986328125,3219380
2025-09-09,1093.7178384237777,1103.660727863994,1089.44234741522,1098.192138671875,1058374
2025-09-10,1101.6721017444793,1109.1292684981647,1091.033259058484,1094.910888671875,1305818
2025-09-11,1094.9108977922263,1101.6721109211499,1088.9451643395846,1092.7235107421875,852085
2025-09-12,1092.7235107421875,1101.5727063049042,1086.7577772895459,1092.7235107421875,1057815
2025-09-15,1093.7177866165746,1098.6892311011952,1084.272042095795,1094.6126708984375,565667
2025-09-16,1094.214934337947,1111.5155854708066,1093.717789887998,1108.8309326171875,1644497
2025-09-17,1113.1064854166082,1116.1887569032897,1100.7772780967177,1104.655029296875,950577
2025-09-18,1105.5498562605383,1116.4870342008612,1098.6892385506135,1114.697265625,824725
2025-09-19,1114.6973312528537,1119.5693714422887,1107.3395686579074,1116.3876953125,1351221
2025-09-22,1115.5921721565157,1120.3648075385347,1105.2515430775811,1110.6207275390625,786218
2025-09-23,1118.5750634290584,1141.4437091702746,1110.7201564867908,1131.8985595703125,2075493
2025-09-24,1131.8985108088127,1154.3694157292557,1126.529326461022,1142.537353515625,2111388
2025-09-25,1142.5373449608014,1150.8893959533664,1133.4893402910045,1141.9407958984375,1581307
2025-09-26,1148.4036613967442,1161.230012279183,1121.4584569061356,1124.3419189453125,2999892
2025-09-29,1123.5465180154338,1137.3671587506103,1113.30529324001,1115.791015625,2615670
2025-09-30,1122.3534306993313,1143.332903557376,1120.6630666372548,1136.1739501953125,2771126
2025-10-01,1138.460871836181,1142.0402878572775,1125.7339244576544,1139.5545654296875,1129506
2025-10-03,1139.5545462746975,1169.0850010419817,1139.3557370330982,1155.0654296875,2179883
2025-10-06,1155.0654040901602,1158.2472014973794,1142.6367924365552,1153.2757568359375,1013304
2025-10-07,1153.2757528501218,1166.3009135434515,1147.6082331317689,1150.1934814453125,1565661
2025-10-08,1151.3866152007179,1156.059724761507,1136.1739455697846,1138.65966796875,737972
2025-10-09,1139.4550935585057,1172.0678184330036,1139.4550935585057,1168.48828125,2001612
2025-10-10,1167.29515780812,1168.2894466989276,1149.7956976045373,1161.130615234375,1457768
2025-10-13,1154.2700674385849,1158.2472232424059,1147.0117095473463,1154.7672119140625,488298
2025-10-14,1158.346593953404,1162.9202987192748,1132.8928218287165,1141.244873046875,1408990
2025-10-15,1141.2448980298877,1157.0539951348271,1138.4608404385026,1154.170654296875,1284749
2025-10-16,1158.346578880742,1166.7980346064812,1151.9831055890832,1165.406005859375,655759
2025-10-17,1168.2895041152165,1171.272370934234,1143.034540772902,1156.6563720703125,2207267
2025-10-20,1167.8917876552143,1167.8917876552143,1132.892864827049,1138.65966796875,1214428
2025-10-21,1143.4322464750542,1148.105355802689,1142.040217726453,1145.91796875,115719
2025-10-23,1154.3694205810427,1155.8608539409665,1128.6173136250598,1131.6995849609375,1740322
2025-10-24,1133.4893189548325,1144.4264965938705,1125.037863506485,1134.88134765625,1320560
2025-10-27,1141.2448724379556,1150.0939467391574,1136.6710463013658,1144.02880859375,1275776
2025-10-28,1139.057361639307,1179.6243980947236,1138.4608125623777,1177.4368896484375,3451230
2025-10-29,1182.4083116550682,1216.910209318426,1178.7294912733219,1201.0015869140625,3819737
2025-10-30,1201.0016171408831,1204.6804376152181,1192.5501612758587,1203.089599609375,1273913
2025-10-31,1203.089582402117,1209.0553158685739,1192.1524043802797,1199.1124267578125,1337807
2025-11-03,1206.9673783623025,1210.5467943007977,1183.203848228295,1188.17529296875,1486643
2025-11-04,1195.731830651614,1195.731830651614,1168.488289975037,1174.6529541015625,1110884
2025-11-06,1174.6530167831006,1176.7409993514232,1154.9660465716813,1162.125,1304994
2025-11-07,1153.4745733683906,1176.1444097172077,1144.6253775404243,1165.00830078125,845047
2025-11-10,1167.295161718056,1178.2323395535743,1165.30658392978,1172.56494140625,740226
2025-11-11,1180.220890507796,1199.8083327277038,1159.4402288181586,1184.6951904296875,1588730
2025-11-12,1185.1923573121228,1188.0758193688052,1171.2723128470477,1175.0506591796875,976290
2025-11-13,1184.894052595562,1193.5444389882748,1171.3717476131915,1177.138671875,1427189
2025-11-14,1175.3488735490303,1176.1443532109386,1152.3808244460058,1161.130615234375,1059030
2025-11-17,1167.1957831023246,1171.272343384464,1158.744327313897,1168.78662109375,1102752
2025-11-18,1173.1615395146332,1173.1615395146332,1146.31573825056,1156.3580322265625,1912105
2025-11-19,1160.8323193117872,1164.2129259295968,1150.988834684961,1158.2471923828125,522344
2025-11-20,1163.9145422192591,1168.1900329656198,1154.3693932166466,1163.3179931640625,908758
2025-11-21,1159.340896775173,1160.2357810901976,1126.628766579526,1133.7877197265625,1045627
2025-11-24,1135.4779964398733,1138.4608633306962,1097.993351061133,1099.68359375,2209717
2025-11-25,1100.976182562708,1117.4813545534266,1100.976182562708,1105.6492919921875,1394051
2025-11-26,1105.6492553277546,1150.3922557681763,1105.6492553277546,1147.80712890625,2167703
2025-11-27,1152.3808417130022,1156.3579973358253,1129.810532102744,1153.9716796875,2342042
2025-11-28,1153.375126694103,1165.9031425887351,1146.713439597805,1153.6734619140625,1243394
2025-12-01,1158.2471617081019,1178.2323442859154,1150.6905903569332,1161.7271728515625,3039396
2025-12-02,1161.7272431389292,1166.1021388300314,1152.6792378931366,1155.36376953125,2834317
2025-12-03,1155.3636650384576,1164.5110740781413,1098.5897949295288,1137.0687255859375,6026786
2025-12-04,1152.3808598074522,1158.3465933353598,1136.5716416838657,1144.02880859375,2285777
2025-12-05,1143.4322240850554,1163.3180018952303,1136.869941682329,1155.5625,2326439
2025-12-08,1158.2472227167225,1161.3294941886522,1108.4333705711056,1112.708740234375,1727184
2025-12-09,1111.6149645987296,1114.200091404561,1093.0218111462054,1101.4732666015625,1947088
2025-12-10,1095.0104329394005,1106.7429693371557,1083.774919627031,1090.5361328125,1222924
2025-12-11,1094.6127358312367,1104.953365247289,1089.2435511947133,1099.0870361328125,759090
2025-12-12,1103.6606657891632,1122.353345434674,1102.4675676727072,1119.0721435546875,827546
2025-12-15,1113.7030081234932,1116.1887304527454,1103.6607141879467,1108.433349609375,1017965
2025-12-16,1107.6378092787195,1107.6378092787195,1074.3291318901763,1076.4171142578125,2000325
2025-12-17,1082.0847089160345,1087.4537721280628,1069.4571664728612,1073.1361083984375,1781774
2025-12-18,1072.8377332189407,1085.2663445861667,1067.0708089952848,1076.0194091796875,1134603
2025-12-19,1084.7692444767874,1084.7692444767874,1069.5565749921466,1073.434326171875,1068212
2025-12-22,1078.8034879843415,1094.0161571475783,1071.5451302532472,1088.64697265625,1086319
2025-12-23,1088.7463642124762,1096.6012709321112,1085.7634974612092,1090.5361328125,961759
2025-12-24,1093.2206251614946,1096.9989714602914,1081.8857076382587,1085.0675048828125,806530
2025-12-26,1085.86286728814,1093.4194385412784,1075.8205738219194,1088.1497802734375,1317269
2025-12-29,1093.7178700953311,1104.6550487962845,1083.1784312581367,1086.360107421875,3084525
2025-12-30,1086.7578364782692,1107.637904699718,1083.2778251080276,1105.2515869140625,1609086
2025-12-31,1149.3980357663486,1162.3237922239286,1126.1316498680717,1158.1478271484375,5881898
2026-01-01,1156.8551370292662,1170.0792279700108,1154.369414775228,1164.8094482421875,1173697
2026-01-02,1165.3066439047448,1177.2381112484793,1162.4231816887097,1173.9569091796875,903240
2026-01-05,1173.956822308709,1186.0872193677726,1172.26657977602,1179.127197265625,1017822
2026-01-06,1179.127303070845,1190.7604353647496,1162.3237953560772,1169.5821533203125,1395370
2026-01-07,1168.1900757087271,1186.6838253354267,1162.7214866518818,1183.0050048828125,1161485
2026-01-08,1183.2038117956522,1183.2038117956522,1147.3100061494242,1149.298583984375,1275035
2026-01-09,1153.3751049469656,1164.0139474519558,1147.8071114735767,1152.1820068359375,1387896
2026-01-12,1153.3751250686626,1178.2323475916942,1139.8528202907648,1175.9454345703125,1391748
2026-01-13,1175.9454086704343,1187.9764012051278,1161.7271505243077,1171.3717041015625,1570887
2026-01-14,1173.1614860133675,1195.035841601343,1163.6163369405185,1175.0506591796875,2281726
2026-01-15,1175.0506591796875,1175.0506591796875,1175.0506591796875,1175.0506591796875,0
2026-01-16,1175.0506980315677,1192.4507541882274,1172.4654497326221,1180.519287109375,1883089
2026-01-19,1180.618726506671,1188.970777982541,1169.6815480288603,1177.3375244140625,2213860
2026-01-20,1181.2152112237338,1188.175233512089,1149.8951109261347,1153.3751220703125,1106893
2026-01-21,1156.8551410610514,1172.1672144739211,1152.9773900566065,1167.8917236328125,1401954
2026-01-22,1173.2609685749342,1185.1924360519674,1169.3832173702658,1177.6358642578125,1428697
2026-01-23,1186.484972688301,1186.484972688301,1158.147739521484,1163.3179931640625,2406992
2026-01-27,1190.1638939790366,1223.373169764864,1175.945513195936,1215.0211181640625,3808562
2026-01-28,1224.9639594574696,1224.9639594574696,1201.2998344186863,1211.7398681640625,2214293
2026-01-29,1220.4896062677556,1237.8896617542614,1210.9444572469322,1230.4324951171875,2471027
2026-01-30,1220.9867824511866,1220.9867824511866,1187.6781039396926,1207.4644775390625,2876505
2026-02-02,1193.1466759556288,1196.9250223120841,1167.2951646432568,1192.3511962890625,1839134
2026-02-03,1218.003888794285,1237.5913313546127,1205.873612900045,1222.3787841796875,2093172
2026-02-04,1221.9810265237072,1233.017608753888,1216.9101775393706,1221.185546875,1062043
2026-02-05,1211.6404839663442,1234.7080603116517,1207.265588334203,1232.719482421875,1198051
2026-02-06,1226.8531009265355,1231.5262102184786,1215.4187785491167,1229.139892578125,918161
2026-02-09,1241.3696594973644,1247.5342019684344,1228.046164307824,1237.8896484375,1503210
2026-02-10,1237.8897573870888,1254.69326511541,1229.6371104552427,1236.994873046875,1150559
2026-02-11,1241.36972013142,1247.6337888944026,1230.9296864418886,1242.065673828125,835404
2026-02-12,1247.0371408618132,1247.0371408618132,1233.316026304214,1240.773193359375,762998
2026-02-13,1232.9183008763696,1240.6738032537282,1218.2027758327736,1224.9639892578125,1726700
2026-02-16,1222.8759962847164,1242.7617751612117,1219.4953896010798,1241.0714111328125,627073
2026-02-17,1238.8839720970368,1240.8725499013658,1226.1570256000678,1237.491943359375,1115057
2026-02-18,1237.4919168795152,1256.781145443388,1237.0941770525287,1244.05419921875,1389762
2026-02-19,1244.8497154889276,1248.3297266744,1216.1147417113966,1221.384521484375,824461
2026-02-20,1223.472529686357,1245.8440306355183,1215.6176228562415,1228.7423095703125,876475
2026-02-23,1232.9182608134322,1240.8725721735188,1221.285128998569,1233.4154052734375,787962
2026-02-24,1223.1741799313313,1251.8097493554453,1223.1741799313313,1247.33544921875,1515571
2026-02-25,1253.7983387905942,1277.36293784588,1250.119518304549,1267.7183837890625,2095033
2026-02-26,1268.2155276948338,1274.9767409546623,1262.746938590701,1273.286376953125,779191
2026-02-27,1264.735530656956,1270.5024550535557,1253.301207856205,1257.4771728515625,2081751
2026-03-02,1246.0428072698392,1264.7354872341987,1237.5913515768434,1260.0623779296875,1608917
2026-03-04,1228.941155870002,1246.7389525476067,1193.1467532718466,1206.072509765625,1682849
2026-03-05,1207.5638418161982,1246.2417034285402,1207.5638418161982,1240.971923828125,1696077
2026-03-06,1233.614197146811,1241.9662482319904,1222.1798747276082,1226.6541748046875,1140348
2026-03-09,1196.1295694610901,1206.072458650293,1163.5168443712416,1185.7889404296875,2145649
2026-03-10,1189.2689807141355,1212.9331061121027,1188.3740963906027,1207.3651123046875,1131600
2026-03-11,1205.0782159178107,1215.9159898240475,1164.312368679667,1172.06787109375,1802500
2026-03-12,1168.2895159963018,1175.7466831196825,1143.4322922516997,1165.9031982421875,1265744
2026-03-13,1160.0367886224938,1162.5225108243703,1109.1292464773232,1112.9075927734375,2284551
2026-03-16,1115.0950341271562,1143.4322686101023,1113.7030053516075,1139.057373046875,2593202
2026-03-17,1140.449348661985,1162.6220392994442,1132.6938468262686,1160.533935546875,1760476
2026-03-18,1157.650582150502,1177.3374289910473,1153.4744960644566,1173.5592041015625,1284823
2026-03-19,1152.6792369160912,1159.2415197606003,1120.2653198048297,1124.44140625,2207126
2026-03-20,1132.5944762468496,1179.7237949861621,1131.5007827174484,1162.9202880859375,3580084
2026-03-23,1147.2105816684816,1147.2105816684816,1096.203512535915,1103.262939453125,2532216
2026-03-24,1125.4356944984984,1136.1739424082496,1105.6493199831598,1127.225341796875,1218013
2026-03-25,1133.4893270842344,1163.417398200161,1130.804795648297,1149.39794921875,1632217
2026-03-27,1143.432292396779,1144.2277721059725,1120.464241928485,1123.8448486328125,2750813
2026-03-30,1123.54652265451,1130.0094008821688,1107.6378993248886,1116.08935546875,2454814
2026-04-01,1135.3785183097884,1152.3808342120562,1128.0207561808263,1133.8870849609375,2025282
2026-04-02,1128.517913734701,1139.2562825203827,1100.08127516104,1134.781982421875,2208479
2026-04-06,1125.53501655261,1139.1567257125093,1108.7315101404001,1127.1258544921875,3213623
2026-04-07,1132.4950600151647,1150.9888093281384,1115.8904838916856,1145.3214111328125,3158128
2026-04-08,1163.3179799147686,1197.72035060172,1163.3179799147686,1187.479248046875,2383883
2026-04-09,1180.4197590323151,1211.0439063631763,1178.2323719543217,1202.791259765625,2563654
2026-04-10,1203.0895474334789,1217.8050714389517,1197.0244095268336,1207.8621826171875,1719725
2026-04-13,1192.251782775604,1206.4701624405513,1182.5078244852511,1197.3226318359375,1031668
2026-04-15,1215.915994008888,1224.9639992743498,1203.6861912460877,1211.6405029296875,1404182
2026-04-16,1214.2256174844927,1235.8017605286104,1204.3822539756416,1207.961669921875,2686363
2026-04-17,1206.0724176219803,1235.205130504568,1191.7546334019605,1233.216552734375,1875945
2026-04-20,1234.011918176759,1271.6954914151383,1225.9582024353913,1267.22119140625,4606071
2026-04-21,1277.064749759997,1288.9962171422956,1266.425785186883,1272.2921142578125,2108883
2026-04-22,1275.6727316628103,1279.2521476329057,1251.213247598468,1256.1846923828125,2882614
2026-04-23,1256.1846403270818,1262.6475182789109,1243.8554334981914,1249.8211669921875,1715185
2026-04-24,1256.781211145194,1260.758366876666,1239.3811548200033,1248.528564453125,1996768
2026-04-27,1265.729835367331,1289.5927702053639,1260.8577952299333,1275.3743896484375,2309506
2026-04-28,1276.6669573012023,1299.3367929427295,1268.3149062031048,1274.2806396484375,1902689
2026-04-29,1275.6726814700178,1280.4453168244693,1249.8211696085832,1272.3914794921875,2364369
2026-04-30,1265.2326315521204,1266.127515841209,1243.2588710273005,1257.2783203125,1366233
2026-05-01,1257.2783203125,1257.2783203125,1257.2783203125,1257.2783203125,0
2026-05-04,1270.701251071344,1280.544735741599,1252.704645733776,1259.3663330078125,1550369
2026-05-05,1253.3011522992817,1257.6760477124426,1238.685154090274,1245.2474365234375,1471611
2026-05-06,1255.2897077464459,1271.297734398324,1245.843963410928,1266.028076171875,988216
2026-05-07,1264.8349211337638,1286.212133087447,1261.3549098854896,1276.0704345703125,1773360
2026-05-08,1276.0704351313043,1277.5618685240772,1259.5652631925805,1270.50244140625,811858
2026-05-11,1268.7126558956163,1274.8771986210807,1251.4120044951353,1255.38916015625,1023862
2026-05-12,1254.792625327498,1265.3320636744756,1239.082811738476,1245.1480712890625,1475577
2026-05-13,1247.8326439889158,1275.0761857498405,1247.8326439889158,1267.6190185546875,2366540
2026-05-14,1280.5446861199175,1298.5412907601087,1274.5789527779875,1289.4932861328125,3292597
2026-05-15,1306.4956251139517,1306.4956251139517,1266.9228780262295,1271.4967041015625,3871553
2026-05-18,1272.689801482784,1294.5641574457695,1251.1137807412845,1285.416748046875,2965138
2026-05-19,1290.5870545055554,1292.2772971678924,1275.374385051872,1277.860107421875,1136358
2026-05-20,1270.7012062624965,1281.638384094177,1254.295439514976,1275.8714599609375,1039407
2026-05-21,1285.6155535082946,1285.6155535082946,1265.530966186817,1273.982421875,5339554
2026-05-22,1276.8658230792962,1282.5333429272423,1270.8006847492454,1278.158447265625,588674
2026-05-25,1283.328635559491,1289.9904440179466,1276.6669484741922,1282.0361328125,922291
2026-05-26,1282.036193172917,1293.5699206892104,1275.374384400812,1286.212158203125,1712866
2026-05-27,1287.6041298977996,1320.415663709867,1287.6041298977996,1301.822509765625,2030720
2026-05-28,1301.822509765625,1301.822509765625,1301.822509765625,1301.822509765625,0
2026-05-29,1302.021396260866,1304.7059279100763,1263.0453174841095,1270.7012939453125,3129836
2026-06-01,1272.1926307824046,1297.348188170115,1272.1926307824046,1291.97900390625,1388242
2026-06-02,1290.0898736589074,1309.379102980925,1282.831515993875,1303.31396484375,1602109
2026-06-03,1307.4899600447297,1310.969971345229,1289.8910943028982,1305.4019775390625,814920
2026-06-04,1303.5127962733607,1306.4956630840547,1286.8086935842086,1293.6693115234375,958385
2026-06-05,1293.6693086966734,1302.3196952526814,1259.2669358298044,1276.6669921875,1618038
2026-06-08,1262.7469355576784,1265.7298023345863,1247.832601673139,1253.5,1172766
2026-06-09,1257.7754646305682,1265.7297758693385,1249.920558007651,1254.4942626953125,1070798
2026-06-10,1258.769749328075,1284.621260767672,1245.346849157515,1262.548095703125,3053155
2026-06-11,1258.769727210988,1286.0132669086688,1253.7982827907235,1274.9766845703125,1915489
2026-06-12,1290.5870709135772,1298.0442381183939,1277.7607190466601,1290.1893310546875,1091577
2026-06-15,1305.1036083457946,1312.6601798413253,1286.8086679960327,1289.0955810546875,1168850
2026-06-16,1292.575638471871,1295.0613608535477,1261.7526809390802,1267.0224609375,1110628
2026-06-17,1272.6898012298452,1282.1355458483479,1261.8520278666158,1279.8486328125,1194899
2026-06-18,1280.644168961008,1289.5927695205182,1276.7664177772544,1286.510498046875,685833
2026-06-19,1281.6384493723383,1287.604183038928,1259.8634972146538,1280.3458251953125,1138608
2026-06-22,1282.632743609228,1289.4933616287472,1267.7184093812136,1275.076171875,961383
2026-06-23,1262.746870068716,1271.0989208855333,1226.3559215523899,1235.1055908203125,2156617
2026-06-24,1232.918247985572,1237.7902879175658,1215.0210476115878,1224.16845703125,2339439
2026-06-25,1217.7055360336647,1231.52617566365,1217.108986983604,1223.9696044921875,1706161
2026-06-26,1223.9696044921875,1223.9696044921875,1223.9696044921875,1223.9696044921875,0
2026-06-29,1231.923976960368,1243.5571088230786,1219.5947700268914,1225.3616943359375,2091046
2026-06-30,1224.9639899552776,1231.6256773903472,1214.523955949977,1219.39599609375,1242580
2026-07-01,1222.5776463523107,1224.864559444875,1203.7855612653418,1209.254150390625,1634758
2026-07-02,1218.9981780223573,1227.1512983636198,1210.1489826348395,1216.810791015625,1302096
2026-07-03,1224.9639629609562,1238.0885283005596,1219.0976339935728,1223.1741943359375,1153646
2026-07-06,1222.975409979327,1237.3925997717663,1218.401705078427,1236.0999755859375,1090418
2026-07-07,1236.0,1252.800048828125,1221.199951171875,1246.4000244140625,2548642
2026-07-08,1231.0,1245.800048828125,1212.199951171875,1219.5,1038782
2026-07-09,1224.0,1240.5,1220.300048828125,1225.800048828125,1151162
2026-07-10,1232.300048828125,1259.0,1232.300048828125,1245.4000244140625,1504035
2026-07-13,1235.199951171875,1240.0999755859375,1220.4000244140625,1237.4000244140625,1403822
2026-07-14,1225.0999755859375,1254.800048828125,1225.0999755859375,1247.699951171875,1042163
2026-07-15,1249.5999755859375,1252.5999755859375,1224.9000244140625,1226.9000244140625,836306
2026-07-16,1232.9000244140625,1233.300048828125,1219.4000244140625,1221.0,1342230
2026-07-17,1221.0,1243.9000244140625,1218.0,1237.300048828125,2800390
2026-07-20,1252.699951171875,1266.5999755859375,1247.199951171875,1257.0,2686712
2026-07-21,1259.0,1271.4000244140625,1252.0,1267.4000244140625,1941639
2026-07-22,1264.5,1279.300048828125,1261.699951171875,1266.9000244140625,3988761
2026-07-23,1256.0,1274.699951171875,1238.5,1246.800048828125,2674866
2026-07-24,1238.5999755859375,1245.0,1228.0999755859375,1240.800048828125,1083729
2026-07-27,1251.0,1251.0,1234.300048828125,1244.5999755859375,1128386
2026-07-28,1241.199951171875,1259.9000244140625,1241.199951171875,1246.9000244140625,1515691
2026-07-29,1255.699951171875,1279.0,1243.199951171875,1276.5999755859375,1516573
2026-07-30,1279.0999755859375,1304.5,1261.5,1270.800048828125,923153
2026-07-31,1276.4000244140625,1282.199951171875,1262.0,1270.0,1449872
2026-08-03,1278.9000244140625,1294.800048828125,1268.699951171875,1292.300048828125,2577735
2026-08-04,1280.5,1300.0,1275.9000244140625,1300.0,1475041
2026-08-05,1304.5,1331.0,1284.699951171875,1330.0,2186609
2026-08-06,1330.0,1335.0,1303.5,1307.9000244140625,2307926
2026-08-07,1303.800048828125,1309.9000244140625,1288.5,1299.5,720726
2026-08-10,1299.5,1312.0,1295.0,1302.0,1520170
2026-08-11,1299.0,1303.9000244140625,1276.0999755859375,1283.4000244140625,1514657
2026-08-12,1285.9000244140625,1288.9000244140625,1268.199951171875,1269.0999755859375,862476
2026-08-13,1269.0999755859375,1275.699951171875,1264.0,1275.0,1693193
2026-08-14,1267.300048828125,1276.699951171875,1260.300048828125,1270.0,975420
2026-08-17,1263.5999755859375,1297.0,1250.4000244140625,1277.800048828125,1404965
2026-08-18,1275.0,1285.800048828125,1265.0,1267.5999755859375,719017
2026-08-19,1273.699951171875,1285.800048828125,1262.0999755859375,1285.800048828125,1009930
2026-08-20,1298.5,1310.5999755859375,1281.5,1299.699951171875,3416352
2026-08-21,1298.0,1298.800048828125,1280.5,1293.699951171875,2013069
2026-08-24,1298.0,1327.0,1295.300048828125,1327.0,3648206
2026-08-25,1326.0,1326.300048828125,1310.0999755859375,1320.300048828125,1234494
2026-08-26,1329.0,1341.0,1310.4000244140625,1341.0,1894784
2026-08-27,1351.0,1351.0,1330.0,1337.5,2647838
2026-08-28,1335.199951171875,1344.0,1320.4000244140625,1334.9000244140625,1403899
2026-08-31,1323.800048828125,1326.800048828125,1303.300048828125,1307.699951171875,1981744
2026-09-01,1314.5999755859375,1328.0,1307.0999755859375,1313.5,1134147
2026-09-02,1308.0999755859375,1309.800048828125,1299.4000244140625,1306.0,1562597
2026-09-03,1315.0,1325.0,1297.5,1301.199951171875,843222
