,Open,High,Low,Close,Volume
2007-02-23,18.313012894107793,19.350209077915178,17.10565074542936,18.094228744506836,230284955
2007-02-26,18.150946404978576,19.074700994076093,16.97599765661623,18.68575096130371,50401627
2007-02-27,19.447448563729086,19.447448563729086,18.612828339806413,19.026086807250977,41868387
2007-02-28,18.15094958661819,18.766785572117087,16.69239173107208,17.996990203857422,25946085
2007-03-01,18.159045038333634,18.458860386375076,17.58372574159551,17.915952682495117,10986965
2007-03-02,18.053716482880134,18.377840337621947,17.50270515704683,17.664766311645508,10019855
2007-03-05,17.12995527101103,17.583730046467135,16.400676479408997,16.538429260253906,9611967
2007-03-06,16.77342718720259,17.454088099152784,16.53033312119492,17.032726287841797,5493452
2007-03-07,17.381148576782667,17.421663454972165,16.44929092298886,16.894962310791016,4594292
2007-03-08,16.976000922873276,17.98888876921311,16.732906912425197,17.826826095581055,5568585
2007-03-09,17.826824559929616,18.21577308848841,16.530327919189556,16.741008758544922,3550725
2007-03-12,16.765316398771077,17.081336843140846,16.481707554712735,16.67618179321289,4866525
2007-03-13,16.911175537966976,17.42167031362925,16.692391400307084,17.292020797729492,3616967
2007-03-14,16.886861895750794,16.984098238147077,16.530325034028895,16.700490951538086,1412267
2007-03-15,16.984101341061194,17.308226663048412,16.708597290242587,16.789627075195312,2749737
2007-03-16,16.8544494587854,16.967893923735055,16.595150474118526,16.67618179321289,1023200
2007-03-19,16.919281271963214,17.251509973573025,16.700498628232175,17.186683654785156,1336085
2007-03-20,17.48648966733474,17.518902809064386,17.09754123984098,17.202880859375,2218610
2007-03-21,17.34063419797317,17.34063419797317,17.008407211901545,17.09754180908203,986445
2007-03-22,17.340638782142285,17.340638782142285,17.016514996087537,17.0732364654541,2013587
2007-03-23,17.178572070679742,18.345417320697095,16.975994577136557,18.02129364013672,5566742
2007-03-26,17.826822574323835,18.296802380370618,17.178575098929617,17.300121307373047,2431502
2007-03-28,16.88686460776767,17.178576772892853,16.732905237780038,16.846349716186523,2353230
2007-03-29,16.951696276690665,17.292026759652266,16.635675665920846,16.732912063598633,3328130
2007-03-30,16.935478230568147,17.097540844380593,16.822035328225613,16.903066635131836,2019385
2007-04-02,16.40878396090743,16.741011068077324,16.368269063172285,16.449298858642578,3120157
2007-04-03,16.489808201058974,16.6761791232562,16.368262014649638,16.37636375427246,2577327
2007-04-04,16.643770609375498,17.032719096108398,16.45739810713174,16.554636001586914,3067530
2007-04-05,16.69238870262457,16.97599755239988,16.48170788694988,16.708595275878906,2908327
2007-04-09,16.773417550262845,17.340633620638663,16.773417550262845,17.202880859375,4110855
2007-04-10,17.275806235706348,17.527001863447992,17.024610607964703,17.381147384643555,2731302
2007-04-11,17.421671566822173,18.223878583736116,17.356846804209255,17.92406463623047,5791822
2007-04-12,17.81872337028034,18.069919131356105,17.000309779116844,17.113754272460938,3925062
2007-04-13,17.32443054400847,17.64855584450442,17.129956291037292,17.494596481323242,2246627
2007-04-16,17.016512792276817,17.8025130648576,17.016512792276817,17.59993553161621,924200
2007-04-17,17.664766300311182,18.24819078401655,17.364952314446548,17.86734390258789,8213507
2007-04-18,18.248182703562374,18.85591524128324,17.51890396740609,18.126636505126953,9195652
2007-04-19,18.150948841878165,18.150948841878165,17.632350789281222,17.818721771240234,3970850
2007-04-20,18.13473761106695,18.864017867251498,17.988883105373752,18.774883270263672,6000707
2007-04-23,18.65334206119552,19.739157904428755,18.256290229795923,19.03418731689453,17144772
2007-04-24,19.196240017365753,20.25774544598314,19.12331201011675,20.006549835205078,14172192
2007-04-25,20.038970676724823,20.906002334855945,19.528475935817053,20.735837936401367,13672192
2007-04-26,20.946519446764153,21.205818469266255,20.29827034496481,20.50895118713379,9745517
2007-04-27,20.436020644738324,20.711526208841217,19.803979741067838,20.022762298583984,4723545
2007-04-30,20.01466220373188,20.322579394238883,19.666228576616046,20.1605167388916,2808760
2007-05-03,20.48464295885295,20.50084798867176,19.80398224905183,19.885013580322266,1898765
2007-05-04,19.933631526734004,20.322580057610747,19.609507751003385,19.698640823364258,3686820
2007-05-07,19.933625756769807,20.23343958295784,19.577088933896825,19.666223526000977,2467122
2007-05-08,19.836397795133877,19.87691424159055,19.447449182416207,19.528480529785156,3048465
2007-05-09,19.463653874855332,19.901220635373793,19.447447297843176,19.731056213378906,1561062
2007-05-10,19.90121518696557,21.983711851025255,19.812082128889404,21.489423751831055,26072205
2007-05-11,21.23012637820504,22.761612054866713,20.79255815884802,22.251115798950195,29477785
2007-05-14,22.65626791034758,22.802123964408455,21.975608900636406,22.567134857177734,8206460
2007-05-15,22.6724813105308,22.988503371356828,21.878377605413085,22.048542022705078,7791125
2007-05-16,22.267325534157955,24.131040056160717,22.137676016432707,23.644853591918945,21774250
2007-05-17,23.83932070378506,25.05478572631888,23.661053056875833,24.86031150817871,16720412
2007-05-18,24.795490256641052,24.860315005139643,23.879838945361573,24.203964233398438,7459292
2007-05-21,24.43894955360577,24.706351792629256,24.017587981343404,24.082412719726562,1980580
2007-05-22,24.147247298964025,24.147247298964025,23.580030993336674,23.74209213256836,4873990
2007-05-23,23.904147545373174,24.698251059000814,23.353136439413152,23.977075576782227,5966007
2007-05-24,23.83122506911784,24.18776202294519,23.717782125168128,23.928462982177734,4488550
2007-05-25,23.215389649243626,24.455164957342145,23.215389649243626,24.05811309814453,4304247
2007-05-28,24.293104786901175,24.68205339781706,24.24448659692279,24.390342712402344,3965715
2007-05-29,24.325517491291976,26.813170060777338,24.17966137852636,26.53766441345215,12475502
2007-05-30,26.051478974238645,27.031953755324235,25.11962083582888,25.848899841308594,19519230
2007-05-31,26.035266013106902,26.642998626262884,25.613904363721538,25.7192440032959,14042637
2007-06-01,26.09198375581567,26.367489291471074,25.61390071132798,25.767858505249023,5632057
2007-06-04,25.970439262848377,26.318872868914138,25.11961423753649,25.60580062866211,9571560
2007-06-05,25.605803240662006,25.775967644864963,25.314091067120835,25.581493377685547,4316752
2007-06-06,25.63821401197133,26.343183014377367,24.819800531575233,24.998069763183594,6905015
2007-06-07,24.633430101576227,25.42753373730589,23.871738070598756,24.163450241088867,6966772
2007-06-08,24.11483122354599,24.33361534381398,23.22348971343286,23.580026626586914,8645767
2007-06-11,24.55239899798006,24.55239899798006,23.37745010868979,23.588130950927734,8076585
2007-06-12,23.661056459641603,23.79070595704699,22.688683683557294,23.134353637695312,4438487
2007-06-13,23.328829509386594,23.328829509386594,22.656270614165773,22.712993621826172,2358480
2007-06-14,22.850747830425465,24.212067642682996,22.850747830425465,24.017593383789062,5021437
2007-06-15,24.325513229738178,24.584812253431082,23.27210901405563,23.434171676635742,5910847
2007-06-18,23.823118443113504,24.26878995934201,23.3207270084012,23.450376510620117,4834317
2007-06-19,23.498992502231253,24.058106894519376,23.498992502231253,23.977075576782227,2852660
2007-06-20,23.98518314928204,24.682048897046805,23.85553363595166,24.293100357055664,9505872
2007-06-21,24.44706724964368,24.61723170862559,23.904159166083726,24.276901245117188,4886827
2007-06-22,24.47136929270154,24.47136929270154,24.098625787354287,24.228275299072266,3218915
2007-06-25,24.317415750593028,24.317415750593028,23.020918776898853,23.38555908203125,6565635
2007-06-26,23.498999974646697,24.050011255822056,23.255907489678428,23.774505615234375,3473545
2007-06-27,23.774501927649574,23.85553325858527,22.826438910453337,23.06142807006836,9625382
2007-06-28,23.336936270912926,24.38223731093315,22.956090982243186,23.766401290893555,17936450
2007-06-29,23.94466711075236,24.27689418740926,23.58813171590465,23.968976974487305,5900122
2007-07-02,24.114828533187108,25.070994689422772,24.033797214845404,24.617219924926758,11152775
2007-07-03,24.89273292058951,25.32219795429022,24.763083390707088,25.16013526916504,14148425
2007-07-04,25.605805170678007,26.00285702262311,25.200650030463304,25.784072875976562,12849225
2007-07-05,26.09199564167073,26.61869554991319,24.714467335879352,26.408016204833984,11117827
2007-07-06,26.335079414517804,26.74023448243346,25.69493366534998,25.962337493896484,7750907
2007-07-09,26.740228447547324,26.740228447547324,25.767855885782716,26.335073471069336,5352762
2007-07-10,26.399902771347588,26.399902771347588,25.694930806039768,26.189220428466797,5571440
2007-07-11,25.76786651726251,27.49382829467208,25.68683672496996,27.33987045288086,12975002
2007-07-12,27.712608857152393,27.86656667902145,27.258834042202704,27.437103271484375,10602927
2007-07-13,27.874671079439107,28.895660533377395,27.356069974218148,28.385164260864258,15121380
2007-07-16,28.81463914989488,32.396209660660254,28.52292690916326,31.707447052001953,44530190
2007-07-17,33.22270394466317,33.498209418091655,30.64591836703406,30.880908966064453,28344770
2007-07-18,31.059173893637695,32.16929737463978,29.389934712377325,31.34278106689453,22276465
2007-07-19,31.569683759766043,32.169314650933174,31.132115522245815,31.31038475036621,12594680
2007-07-20,31.60210255529191,31.60210255529191,30.4676668681537,30.621627807617188,4597935
2007-07-23,30.621617034026954,31.39951392753191,30.14353398864813,31.018667221069336,5843932
2007-07-24,31.188840532842065,31.89380953172567,30.953849836184844,31.15642738342285,12700325
2007-07-25,30.82420145172747,31.32659292166224,29.592529548751756,30.483869552612305,6989275
2007-07-26,30.77556962422799,30.937632222409356,29.673547665899065,29.98146629333496,9547352
2007-07-27,30.143540811244836,30.143540811244836,27.275041889724633,28.101558685302734,14756457
2007-07-30,28.279828435151213,29.154961881499176,27.566754562916707,28.093454360961914,8407892
2007-07-31,28.830830663797737,30.297489753965547,28.36084939018141,30.159738540649414,13783157
2007-08-01,29.811315269403764,29.811315269403764,28.11776669882998,28.255517959594727,7482717
2007-08-02,28.344643538766874,29.37373761368008,28.142066037982875,28.693077087402344,5508397
2007-08-03,28.976686325392627,29.552008816025342,28.531016411534942,28.62825584411621,6143665
2007-08-06,28.36084695671978,28.458083280781313,27.469507288800532,28.312227249145508,4090042
2007-08-07,28.96049425654261,29.308924875121438,28.458099596828653,28.612060546875,3417595
2007-08-08,29.130655580580424,31.018676951303586,28.86325170081959,30.564905166625977,13538215
2007-08-09,31.180736918378038,31.261769795092558,28.847042617498897,29.09823989868164,10707482
2007-08-10,26.74023796817443,28.847043359534688,26.74023796817443,28.514816284179688,9002230
2007-08-13,28.84704941590591,29.770805881624792,28.84704941590591,29.560123443603516,6755092
2007-08-14,29.989575768233504,30.346114194420977,29.41425633281541,29.795103073120117,9605807
2007-08-16,28.847052929112582,29.389962578358713,28.03674241884437,28.433795928955078,8345322
2007-08-17,28.27982224162358,29.000997698184754,26.869881381572903,28.30413055419922,7800267
2007-08-20,28.522924950177227,29.900453163972553,28.522924950177227,29.527708053588867,6667557
2007-08-21,29.75458612087636,29.876130774114884,28.085346299714466,28.28792381286621,5114110
2007-08-22,28.360857380482372,28.863248845717663,27.36417619204171,28.595848083496094,4581875
2007-08-23,29.17116466391363,29.46287680512682,27.599164125372127,27.842256546020508,4654102
2007-08-24,27.672096252441406,28.441888516472847,26.788857956983918,27.672096252441406,8815382
2007-08-27,28.360868095544028,28.62827204988203,27.980021163398142,28.53103256225586,5031807
2007-08-28,28.684985539639413,29.17117047783461,28.231210663859034,28.75791358947754,4299342
2007-08-29,27.96380938344703,28.80653290633606,27.96380938344703,28.64447021484375,2224630
2007-08-30,29.04151384812581,29.179265080172744,27.955698200185253,28.23930549621582,5013542
2007-08-31,28.279821433497727,28.8227276727566,28.142067120301274,28.547222137451172,8709842
2007-09-03,28.928075831604808,30.79178874254096,28.644465396428473,30.597312927246094,16777352
2007-09-04,30.791783935066412,31.010568033956623,30.12732989743884,30.49197006225586,8207770
2007-09-05,30.62972531329244,31.634511333558326,30.548695528744865,30.978158950805664,11580075
2007-09-06,30.62971819279122,32.29085311855701,30.62971819279122,31.991039276123047,11735145
2007-09-07,32.25165316914311,32.577428698862015,31.306907861149146,31.526805877685547,7544242
2007-09-10,30.78569038515571,31.518684270899247,30.541360125517134,31.078887939453125,8135262
2007-09-11,31.35579707863215,32.07250188176983,31.201055302416417,31.77115821838379,8415600
2007-09-12,32.0887797734878,32.15393303820336,31.380218213685232,31.469806671142578,3399530
2007-09-13,31.616410391623027,32.98466334175304,31.28249170181911,32.53672409057617,8755750
2007-09-14,33.06609699577971,33.359294423065634,31.486092434860144,31.673412322998047,7154030
2007-09-17,31.87702428825311,31.991044830249955,31.217333121892295,31.412796020507812,3067282
2007-09-18,31.486098235299934,32.27610221470926,31.233621935997203,31.8933162689209,3288405
2007-09-19,32.41454707699733,32.903210464184,32.12134966605059,32.5611457824707,4118957
2007-09-20,32.82177568400476,33.5547694496844,32.284247958115465,32.97652053833008,7149727
2007-09-21,32.98467059719041,34.05972627921926,32.98467059719041,33.6362190246582,6798350
2007-09-24,34.206314307282604,34.4506445023978,33.676929628843865,33.97012710571289,5773280
2007-09-25,34.28774743204405,34.48321339956884,32.51227706209633,33.359291076660156,5343712
2007-09-26,33.66878615755589,33.94569453657778,32.84620712074708,33.0498161315918,2575655
2007-09-27,33.39188057639564,33.83167682230865,31.925896196846153,32.27610397338867,6861320
2007-09-28,32.57742857647722,33.228976526641624,32.17021071927125,32.87876892089844,4339725
2007-10-01,32.943943042359514,34.157451171690234,32.8787866587788,33.88054275512695,6063265
2007-10-03,34.17373117387528,35.004456202507235,30.671657265833804,33.87239074707031,9000892
2007-10-04,33.717658792239135,36.12838911777311,33.39188308043078,35.9736442565918,17645447
2007-10-05,36.64962692075975,38.27849922834907,33.43260349190536,33.88054275512695,10613977
2007-10-08,34.206317326878434,34.7764232370252,31.17661394088448,31.6652774810791,7958127
2007-10-09,31.68156121592371,33.86424991506515,30.1504206866394,33.42445373535156,11075035
2007-10-10,33.86425713367879,35.297663412913955,32.98466458675484,33.93755340576172,21923745
2007-10-11,33.880534785852774,34.89043674601619,33.22898663743765,34.42620849609375,4169922
2007-10-12,34.2062909912727,35.6722742695337,33.55474321280391,34.60536575317383,10820322
2007-10-15,34.857856671931145,35.54198296738105,34.532084168799955,35.24064254760742,5549832
2007-10-16,35.39538979439782,36.47044512599082,33.75837470982614,35.83518600463867,9009045
2007-10-17,34.36920475461237,36.24240720212057,30.134136325358675,35.867767333984375,8879717
2007-10-18,36.16096647973166,37.87128116037237,34.20631846743311,35.63972473144531,13231270
2007-10-19,35.67230263103605,36.217976465287386,31.92589759611751,32.357547760009766,6191807
2007-10-22,31.616408445864998,31.763007189130228,30.32145495157353,31.282489776611328,8328307
2007-10-23,32.3982632843473,35.02074821460208,32.05620165352805,34.56466293334961,10450112
2007-10-24,35.02073972372549,35.818886442284295,34.58094364202185,34.90671920776367,6498672
2007-10-25,35.16734639922815,36.446010658708204,34.53208731936149,35.989925384521484,11172257
2007-10-26,35.835178589155724,38.42508492664536,35.34651830567049,37.99343490600586,7130797
2007-10-29,38.8323019746926,39.01147885771408,37.69209053027156,38.229618072509766,3694467
2007-10-30,38.571690111255265,39.907364676815575,37.626944459505765,38.84859848022461,4991272
2007-10-31,38.685721076696744,41.015009200722915,37.952727224091426,40.2005729675293,5662252
2007-11-01,40.754379053584515,41.365206066593295,38.85674164189367,39.14179611206055,2218337
2007-11-02,36.649621095116665,39.5001471802924,36.649621095116665,39.12550735473633,3625580
2007-11-05,38.604271554144255,40.86840286936315,38.604271554144255,39.89107894897461,3630217
2007-11-06,40.3797353835129,47.56306012346059,40.070248856500825,44.525211334228516,13697135
2007-11-07,45.28263128856334,47.22098945028184,42.52169429858563,46.17851257324219,12064477
2007-11-08,44.30531778172953,46.17851988168216,43.987685145336876,44.56593704223633,6359505
2007-11-12,42.024893288025055,43.14881575585205,39.825918734086294,42.472835540771484,10345912
2007-11-13,43.165105862724005,45.75501246303357,42.35066990304997,44.58222579956055,6024142
2007-11-14,46.097078618656866,48.32863473513426,44.8102712910798,46.96852493286133,7731782
2007-11-15,47.40017953604238,48.442656703555095,45.934195242520865,46.25996780395508,3587140
2007-11-16,45.60841820912054,47.188423007193094,43.49902874267564,44.32975387573242,4513805
2007-11-19,46.422847873800535,46.422847873800535,42.92077400644053,43.53160095214844,4252970
2007-11-20,43.57233717605147,44.574093340176894,42.50542462393695,42.87192153930664,3415530
2007-11-21,42.79046891135049,43.30356136313708,38.604268297446204,38.84859848022461,3209630
2007-11-22,38.848594264671426,39.5815847334681,35.48497302270855,37.23601150512695,3554057
2007-11-23,42.187786336787475,42.187786336787475,36.74735332993126,39.38612747192383,5895552
2007-11-26,40.72180826108164,41.76428555838056,39.663041867659,41.41407775878906,3950475
2007-11-27,41.53621602279424,41.86199150884039,37.89568785955348,40.21683120727539,3284067
2007-11-28,41.023142939999794,41.04757813412511,39.01148801054404,39.443138122558594,1287035
2007-11-29,40.70550305821188,40.70550305821188,37.50476994684162,38.18889617919922,3318915
2007-11-30,32.25165464752073,39.988794318161766,32.25165464752073,39.777042388916016,2258915
2007-12-03,40.07025026426412,41.43850293964094,39.939940633600926,40.92540740966797,2641870
2007-12-04,41.52809941227077,41.61768477635386,40.39603058792672,40.76252746582031,1729977
2007-12-05,40.81138648277736,43.556034800089186,35.867760450479174,43.02665328979492,4892982
2007-12-06,43.946961423014976,45.21748257451734,43.002215881690596,44.35417938232422,6968812
2007-12-07,44.679951346159164,45.412941749000375,42.35066431191182,43.69448471069336,2422612
2007-12-10,44.126143179681904,44.142432272667655,42.774179530132805,43.20582962036133,1172560
2007-12-11,43.653769563921045,44.55779404600184,43.3279970190123,43.92253494262695,2207062
2007-12-12,43.97956462953486,44.46822521602062,43.04296154747088,43.68636703491211,1996787
2007-12-13,43.9795437219008,44.52521434717346,42.89634235747343,43.16510772705078,907060
2007-12-14,43.1651066431752,43.58861372268216,42.187782852530425,42.53799057006836,1130752
2007-12-17,42.53798379672459,42.67643950587602,39.426839118453586,40.510040283203125,1195262
2007-12-18,40.55891027081321,42.25293856240589,38.52282036658738,40.94169616699219,1769960
2007-12-19,42.3343914896103,42.58686781925233,39.744484236013584,40.47747802734375,883540
2007-12-20,41.08830858598345,41.283771542126416,39.41871492930207,40.2005729675293,1489257
2007-12-24,40.689226603035,41.357063953085955,40.35530792800953,40.53448486328125,1136327
2007-12-26,41.031299178945986,42.98594431647066,40.60779195577537,42.05748748779297,1555005
2007-12-27,42.83932324010235,42.83932324010235,40.75436951219632,41.12900924682617,1586005
2007-12-28,41.129037881157785,43.328016765476434,40.07027119073126,42.95337677001953,1947152
2007-12-31,43.16509609123384,44.22386197776685,42.51354809235399,42.94519805908203,1412192
2008-01-01,43.26284048069498,44.09356559330371,42.79046920499209,43.629337310791016,1077192
2008-01-02,43.653764999165126,44.28902714293924,42.35066874213766,43.27912521362305,1110922
2008-01-03,43.653768139875694,45.25006505311457,43.002219964485725,45.013877868652344,5793507
2008-01-04,45.551398900020395,45.93418475682225,43.832938700539295,44.158714294433594,3291247
2008-01-07,43.16509876960926,44.4681948482255,42.700870597425585,43.230255126953125,2514952
2008-01-08,43.97139196302243,43.97139196302243,41.04756720011801,41.495506286621094,2777450
2008-01-09,41.86202801404694,43.246567270048295,41.088312890098656,42.22037887573242,1331442
2008-01-10,42.67644553668914,43.148816777828145,40.436746647216125,40.79509735107422,988267
2008-01-11,39.25581040234258,42.8393264435642,39.25581040234258,42.49726486206055,2182142
2008-01-14,42.95334913676755,43.96324787541482,41.51994026621323,43.57231903076172,1693187
2008-01-15,44.79398182643996,45.42924093815759,41.38149596575613,41.8212890625,2196140
2008-01-16,41.53623601384214,41.94345401397785,39.5001460131636,41.300048828125,1419755
2008-01-17,41.845731585351274,42.187793287933275,40.721808792759425,40.97428512573242,982820
2008-01-18,41.04758126223519,41.11273453560489,36.9916866929667,37.64323806762695,1427605
2008-01-21,37.78982772006619,37.78982772006619,31.27434039638764,34.06785583496094,2678245
2008-01-22,31.76300718802609,35.50941192131884,24.433082452327763,28.42382049560547,3077540
2008-01-23,30.13413117485961,33.7990930745047,28.505259219461795,30.989288330078125,2555657
2008-01-24,32.74032073676368,34.04341681205904,28.016593580285342,30.174846649169922,2583940
2008-01-25,31.75486419156496,32.724042010302064,31.030013469138243,31.640840530395508,2824432
2008-01-28,31.274330471434972,32.31680711820765,29.824632889338066,31.779279708862305,1864520
2008-01-29,32.40641178790054,32.75661954456866,31.437230881705354,32.10506820678711,2465485
2008-01-30,32.25165771202298,33.01722938265101,30.785673835444875,31.877017974853516,5208840
2008-01-31,31.87702690132722,31.87702690132722,29.979392496480802,31.021869659423828,4913680
2008-02-01,31.437239798676217,32.08064521847843,30.65538169976178,30.956722259521484,1859150
2008-02-04,32.17022657036351,32.17022657036351,30.231867745073025,30.712385177612305,2060267
2008-02-05,30.525065777636293,32.23538351462371,30.297024655435546,31.567543029785156,3139975
2008-02-06,30.45991591848029,31.763012629791987,29.645479697203573,31.22548484802246,3351467
2008-02-07,31.355784512184865,31.76300249286259,29.596602959930156,29.995677947998047,2299940
2008-02-08,30.134136030541793,30.606510465000316,28.684440750824756,29.76763916015625,1168597
2008-02-11,29.561192020589935,30.271321733500915,27.249144063377514,28.240022659301758,1213697
2008-02-12,28.355631686704196,29.726346423572238,26.423419043175322,26.97665786743164,1582780
2008-02-13,27.24915162852391,27.827164565779054,23.962739173740474,24.887557983398438,5804197
2008-02-14,25.738069867094836,30.882382096451266,25.622467875971882,30.453001022338867,6937105
2008-02-15,29.726355885385725,31.245703089968828,28.925394732722403,30.453001022338867,4578747
2008-02-18,31.113579965154962,31.361298918874997,29.76763601172232,31.022748947143555,2240480
2008-02-19,31.708106676109892,33.4751724635436,31.377812651391498,32.05491256713867,6995097
2008-02-20,31.790683281089855,32.50906926806219,31.55947931974651,31.898029327392578,2977400
2008-02-21,32.211798996059635,33.19442194137362,31.14660727328786,31.873249053955078,2516800
2008-02-22,31.625523091866313,31.873241968842684,30.419955580642586,30.552072525024414,1804322
2008-02-25,31.047511885388282,31.70809979139293,30.064892257577075,31.600753784179688,1148042
2008-02-26,31.79068034164266,32.038399298736906,31.04752032044248,31.53470230102539,1055357
2008-02-27,31.955824733746397,32.657695579417734,30.981460852749397,31.592500686645508,2072837
2008-02-28,31.542951935031805,31.708098906926352,29.189614672846616,29.850202560424805,6802410
2008-02-29,29.85020714066476,31.36129476305862,29.23916419587096,30.956687927246094,3402912
2008-03-03,29.924516441735367,30.53555610000277,28.586828898123713,28.851062774658203,2287762
2008-03-04,28.85106763246881,29.56119747644226,26.208726847260554,27.670270919799805,4212512
2008-03-05,27.90973350576324,28.058365478006117,26.291299974581626,26.588563919067383,4363487
2008-03-07,26.29956185829417,26.984919286063203,24.193944526021614,26.307819366455078,5202935
2008-03-10,25.597688529607233,27.38126928180253,24.540751145915777,26.935373306274414,5213532
2008-03-11,26.58857321869495,29.222657381556488,26.464712148531945,28.834562301635742,10030120
2008-03-12,29.70157636793306,30.543823253211375,27.579445714307965,27.761104583740234,2323462
2008-03-13,26.423417214785747,26.918855027596262,24.77195363886164,25.316936492919922,2511080
2008-03-14,25.59768589413777,25.59768589413777,23.723274323254433,24.81324005126953,4199400
2008-03-17,23.946221698024516,24.11136868454597,23.120489915334016,23.28563690185547,2102760
2008-03-18,22.955347191331334,25.79586549222347,22.790201749102838,24.02054214477539,4576617
2008-03-19,25.581175058045893,26.40690699594247,24.631583644456565,24.862789154052734,3735530
2008-03-24,25.32519967177867,25.581176142388586,24.235233719546766,24.7471866607666,2253910
2008-03-25,25.18482526177264,26.423423225466376,24.796731800133752,26.233505249023438,1752132
2008-03-26,26.233506613880706,27.21612658223045,25.96101511068945,26.96015167236328,1943892
2008-03-27,26.423418051691105,28.066625747744077,26.423418051691105,27.3647518157959,3715737
2008-03-28,27.695051990028933,27.74459389399947,26.448194908143847,27.166584014892578,5345192
2008-03-31,27.00143809329811,27.662023089328375,26.258278004065478,26.77849006652832,3304682
2008-04-01,27.083999073384707,27.373007057730273,25.812373077021924,26.250011444091797,968082
2008-04-02,27.199611972802646,27.224386075681828,25.8536694549758,26.060102462768555,543890
2008-04-03,26.175699163128222,26.2252426310354,25.52337027335686,26.027067184448242,963700
2008-04-04,25.63071805094492,26.58030781335321,25.63071805094492,26.27478790283203,1234027
2008-04-07,26.72893419113382,26.894081160771794,25.630712670386735,26.250011444091797,1082110
2008-04-08,27.059241138519308,27.059241138519308,25.804127975786876,26.084877014160156,715082
2008-04-09,26.33258941592609,26.67113936415845,25.861922491552257,26.390390396118164,703210
2008-04-10,26.588576150310818,26.910611188340287,25.927989478122257,26.035335540771484,903770
2008-04-11,26.373874609715376,26.382132116859648,25.68025975918111,26.027067184448242,1216965
2008-04-15,26.02706903074433,27.447328861139678,25.63897404222534,26.968402862548828,1664437
2008-04-16,27.39779006144291,28.31435315399182,24.97839486847037,25.63072395324707,7638782
2008-04-17,26.09312623678669,26.33258764936906,24.95361542531383,25.473827362060547,5450912
2008-04-21,25.432535910978327,26.076607208546086,25.41602247382908,25.845401763916016,2080347
2008-04-22,25.91146275568068,26.786738007986852,25.51511187632978,26.50598907470703,2583152
2008-04-23,26.75371084129099,27.74458645399923,25.77934551724166,26.043581008911133,2208802
2008-04-24,26.563797381615924,26.563797381615924,25.226112400751905,25.374744415283203,1642720
2008-04-25,26.06835502545758,26.192214491638428,25.316939145674084,25.9527530670166,781682
2008-04-28,26.159178939623494,26.712417633494248,25.746313114376804,26.266523361206055,1563190
2008-04-29,26.530771086756683,27.00143809329811,26.258278004065478,26.77849006652832,1741567
2008-04-30,27.050971816464866,27.31520888486379,26.671135952386376,26.811511993408203,2312215
2008-05-02,27.067495191129378,27.8189112195312,27.0262092192229,27.389530181884766,2120360
2008-05-05,27.42255346644795,31.204406780236475,27.331722460670598,30.808055877685547,14871160
2008-05-06,30.981469154639317,31.32827512898444,29.082285931043682,29.31348991394043,6751750
2008-05-07,29.61075268489164,30.04013374146713,28.496012494767413,28.809791564941406,1920225
2008-05-08,28.735467159795878,29.470367987214438,27.909735326756245,28.644636154174805,2468485
2008-05-09,28.54554765488938,28.88409756192198,26.75371118715793,27.05097198486328,2832820
2008-05-12,27.084006771109056,27.084006771109056,25.812380413328956,26.076614379882812,2767512
2008-05-13,26.398645899100543,26.76196834337567,25.127019706575293,25.226106643676758,3841327
2008-05-14,25.226110408266898,25.994041372717664,24.780215974850815,25.771093368530273,3018155
2008-05-15,25.779352286025222,26.250020845576636,25.465574821283067,25.729808807373047,4621547
2008-05-16,25.76283818208606,26.035329670119566,25.36648563816199,25.515117645263672,4106742
2008-05-20,25.43254495047112,25.59769198032772,24.449925005196615,24.639842987060547,6067317
2008-05-21,24.705898327038167,24.705898327038167,23.99576839433904,24.235231399536133,7909620
2008-05-22,23.94622430297976,23.987510266622163,23.25260940406918,23.35169792175293,6449240
2008-05-23,23.483814895504032,24.260001721704217,23.483814895504032,23.624189376831055,4012560
2008-05-26,23.946228081787385,23.946228081787385,22.55899806505595,22.83148956298828,3157415
2008-05-27,23.244349890616284,23.615929831168874,22.36081711525615,22.45990562438965,2032462
2008-05-28,22.625043858650116,22.86450676099328,22.236950602218485,22.748903274536133,2868202
2008-05-29,22.955349734859844,23.23609875021075,21.76629674921243,22.203933715820312,3873855
2008-05-30,22.2947596937852,23.566387484151544,22.129612695699688,23.16177749633789,4094255
2008-06-02,23.20307034204869,23.68199485612126,21.58463474538213,21.931442260742188,3242462
2008-06-03,21.46902738571957,22.575508153903332,21.064418981676024,22.179157257080078,2518282
2008-06-04,22.129616124106434,22.459910171447905,20.65981422826361,21.01487922668457,2163925
2008-06-05,20.973589157499273,21.7662925707136,20.684582688359065,21.49380111694336,1837422
2008-06-06,21.65069076499362,22.203931224346878,21.155252864045714,21.246082305908203,2434800
2008-06-09,17.067875386833137,20.82495423064992,17.067875386833137,20.139596939086914,1482632
2008-06-10,19.65242085584908,20.147860367962668,19.44598785704832,19.61939239501953,2346577
2008-06-11,19.487274766368266,20.35429270307737,19.346900268762543,19.47901725769043,3034917
2008-06-12,18.521167755888005,19.56159019432162,18.521167755888005,19.21478271484375,3939212
2008-06-13,19.503789092077838,20.015742012278768,19.322127057525062,19.53681755065918,4549885
2008-06-16,19.900140119336154,20.61026851856077,19.75976562618268,20.1065731048584,2462507
2008-06-17,19.825825827611926,20.874505862455166,19.817568318484163,20.77541732788086,2845280
2008-06-18,21.13873211991016,21.551597975474973,20.123082493210696,20.4533748626709,4351900
2008-06-19,20.180890933398064,20.346036391797636,19.487275913226885,19.734994888305664,1317792
2008-06-20,20.147853609852405,20.147853609852405,19.02485954402944,19.181747436523438,1969490
2008-06-23,18.628512016783695,19.057893001069942,17.678920606312754,17.926639556884766,3004072
2008-06-24,18.000953130153317,18.744113031593624,17.522028735313157,18.35601806640625,2163755
2008-06-25,18.331251088773488,18.331251088773488,17.778010584000842,18.10830307006836,1471010
2008-06-26,18.331243465564466,18.562447322184163,17.802774132666258,18.256927490234375,2924425
2008-06-27,17.588089728275577,18.03398573277499,17.373400809396625,17.67892074584961,2554205
2008-06-30,18.00095364040078,18.00095364040078,16.688039877252226,16.910987854003906,2821245
2008-07-01,17.01007948767599,17.15871149943072,16.134804010070024,16.89447593688965,1688270
2008-07-02,16.89447411310275,18.166102009766547,16.027456238074613,17.73672103881836,2309307
2008-07-03,17.35688460229868,17.670662025645985,16.729328180645492,17.076135635375977,2035647
2008-07-04,16.19260570534265,18.413823744837188,16.19260570534265,17.555063247680664,1982180
2008-07-07,18.133071388616685,19.31386823290393,17.687176990924733,18.636768341064453,2150970
2008-07-08,18.0174689098447,19.14046474197532,17.381655000479064,18.52116584777832,2057955
2008-07-09,18.826687495908995,20.478151366601317,18.826687495908995,20.27997589111328,4480210
2008-07-10,20.147865890920443,20.88276863907558,19.817573317290773,20.36255645751953,2801390
2008-07-11,20.635038844242224,20.635038844242224,18.80191469518941,19.0413761138916,1428052
2008-07-14,18.98307058742705,19.491172736271377,18.491626353410464,18.816478729248047,1710452
2008-07-15,18.499959209674703,18.77483632202442,17.75029883516469,17.925220489501953,1522827
2008-07-16,18.158447966051426,19.09135978590963,17.500413269478674,18.49995994567871,4162560
2008-07-17,18.991402281632848,20.14088282157335,18.991402281632848,19.65776824951172,4916512
2008-07-18,19.949292436731056,21.140417919551684,19.74105348264717,20.5656795501709,3788197
2008-07-21,20.973833656275524,22.298233906857583,19.965956006600848,21.681846618652344,2736820
2008-07-22,21.49026602370617,22.473154442937425,20.82390180155157,21.70683479309082,5071690
2008-07-23,22.822994734427823,23.32276866645654,22.156630550881218,22.53145980834961,5336905
2008-07-24,22.656406373534534,22.73970071187543,21.365323475661008,21.97338104248047,1784130
2008-07-25,21.490268515190383,22.389861113762592,21.10710944021417,21.773473739624023,2364245
2008-07-28,21.815120909802232,22.223269212007025,21.406972607597442,21.648529052734375,2065912
2008-07-29,21.648526901562672,21.648526901562672,19.57446658972538,20.61566162109375,3213000
2008-07-30,20.823900516216572,22.056675045479583,20.65730867659183,21.656856536865234,2155755
2008-07-31,22.489817840710057,22.748033822923446,21.415303559059716,22.26491928100586,6077715
2008-08-01,21.82344845910792,22.656404482909938,21.498594529483608,22.53145980834961,1966717
2008-08-04,22.14830007563846,23.431051484197894,22.048344657006727,22.231595993041992,2744697
2008-08-05,22.14830151941597,23.73924744945594,22.14830151941597,23.397735595703125,3813665
2008-08-06,23.82254189324476,24.239019892816394,23.081209973665768,23.306108474731445,3655130
2008-08-07,23.106207629219202,24.53889189686155,23.031241434932408,24.280675888061523,4358625
2008-08-08,24.488907742047992,24.655499588834157,23.41439525536378,23.555997848510742,1585287
2008-08-11,24.630514549706163,24.630514549706163,23.739251670993248,24.064104080200195,2366635
2008-08-12,24.15572991346664,24.97202661200394,23.497693749781472,24.463924407958984,3313020
2008-08-13,24.15572886610358,24.463923347232985,22.78968125931313,23.131193161010742,2235640
2008-08-14,23.156174985036674,23.197823736157773,21.615207734516403,21.731821060180664,3050442
2008-08-18,21.656863804089117,22.289910782857213,21.32368160177382,21.665193557739258,1513187
2008-08-19,21.406970186446436,22.43150570194594,21.332004018118422,22.139970779418945,1898540
2008-08-20,22.456500399049162,22.82300160469414,22.248261330413744,22.63142204284668,1084872
2008-08-21,22.18994867786241,22.489813364451116,21.748482987870794,21.881755828857422,553657
2008-08-22,21.656864633618586,22.073342799649712,20.932191925679653,21.80679702758789,2443022
2008-08-25,22.32322470760391,22.39819088995961,21.856769697520072,22.015031814575195,762300
2008-08-26,21.71517331199038,22.073344821787316,21.65686661760265,21.96506118774414,468985
2008-08-27,21.998370723386525,22.239928757720143,21.673518349098405,21.7651424407959,519107
2008-08-28,22.45650277116421,22.48982178825966,21.765149053815385,22.30657196044922,1700880
2008-08-29,22.531460326761987,22.989587103636374,22.164960811747566,22.364870071411133,1283330
2008-09-01,22.656406220362445,22.656406220362445,21.598551607713144,21.9400634765625,768467
2008-09-02,22.12331495450879,23.489364124268505,22.12331495450879,23.339431762695312,3347595
2008-09-04,23.32277154107208,23.48936340186054,22.514804670344805,23.23114585876465,1158145
2008-09-05,22.52313431023188,23.27279450257583,22.52313431023188,22.75636100769043,909435
2008-09-08,23.32276797601131,24.14739422451464,22.489811976868047,23.306108474731445,2602995
2008-09-09,23.272788995548076,23.489357726754267,22.764685372766728,22.947935104370117,1037415
2008-09-10,22.5897671548047,23.406063643959218,22.373198406689475,22.714710235595703,1221770
2008-09-11,22.573110446455974,22.731372549031473,21.65685842606714,21.97338104248047,1037705
2008-09-12,22.32323167580288,22.439846656278576,21.265378217745905,21.5152645111084,887230
2008-09-15,21.35699594777464,21.35699594777464,19.849345706752704,20.857223510742188,1129490
2008-09-16,19.657763299590684,20.740605540214126,18.658215393832435,20.64065170288086,1321970
2008-09-17,20.823901774660154,20.9155274508647,20.03259287172802,20.390764236450195,1304267
2008-09-18,19.824358720660765,20.90720283201293,18.67487975955863,20.165870666503906,2221147
2008-09-19,21.190404460479847,21.740155380956217,20.865550488389086,21.398643493652344,1050637
2008-09-22,22.056674778015562,22.056674778015562,20.865547428733837,21.581890106201172,933077
2008-09-23,21.290362474093776,21.49027179442118,20.67397500589978,20.79058837890625,481065
2008-09-24,20.990494074005834,21.406972118420732,20.57401602959094,21.18207359313965,1080097
2008-09-25,21.340341596636915,21.631875037362178,20.340793378116285,20.740612030029297,1835900
2008-09-26,20.67396722499869,20.990491387942864,20.165863567436308,20.3157958984375,1332772
2008-09-29,20.424086649857546,21.30701978758329,19.491174995642087,20.957178115844727,2115757
2008-09-30,20.157543559840676,21.62354528352173,19.34124515959565,20.740612030029297,1011332
2008-10-01,20.915525550629606,21.440287128630402,20.57401371965151,21.148752212524414,998305
2008-10-03,21.340335726536992,21.35699364089769,20.099229754249425,20.424083709716797,1110072
2008-10-06,20.424087704093846,20.424087704093846,19.174653324640538,19.66609764099121,439937
2008-10-07,19.66609279628125,20.324127247877197,19.32458094379394,20.124217987060547,827920
2008-10-08,19.67442694798862,19.67442694798862,17.74196715038568,18.599912643432617,1761975
2008-10-10,17.533724986789128,17.533724986789128,16.176007264725705,16.9923038482666,1848490
2008-10-13,17.18388362822197,18.408330110892987,17.18388362822197,18.066818237304688,475412
2008-10-14,18.808152088227743,19.507835466322923,18.59991302543127,19.191312789916992,1189445
2008-10-15,18.84146705285891,19.741059547316453,18.275056669545336,18.874784469604492,1672002
2008-10-16,17.925212442134494,18.69153198040381,16.66744876580456,17.492074966430664,2724292
2008-10-17,17.833589957572666,18.400000359252093,17.733636115357285,18.066818237304688,2389990
2008-10-20,18.308380484160317,18.641562711734927,17.825265856992587,18.18343734741211,508910
2008-10-21,18.416661801425896,19.307924667243302,18.000183707960726,18.741514205932617,802167
2008-10-22,18.991400792531444,19.474515326712428,17.908558364147883,18.733184814453125,1262495
2008-10-23,17.84192184920179,18.23341069085357,17.658672057335867,18.016841888427734,1004630
2008-10-24,17.991851075916188,18.158441333397416,16.15934712245953,16.367586135864258,1029345
2008-10-27,15.842826866953931,16.292622376365188,14.22689143881742,15.101494789123535,611007
2008-10-29,16.334270917025826,17.458760469679138,15.07650691622783,16.12603187561035,1740145
2008-10-31,16.492534147214883,17.658674241225242,15.909465688947769,17.30050277709961,1838330
2008-11-03,17.325487880705257,19.157992109260046,16.700770746707647,18.225080490112305,1926775
2008-11-04,18.716524541228743,19.20796880792603,18.3500249708433,19.06636619567871,732665
2008-11-05,19.174652305313977,19.807699214566032,18.699867520559405,18.891447067260742,1505535
2008-11-06,18.325033289330772,18.599908725121228,17.6753269916726,18.241737365722656,513377
2008-11-07,18.3250288112291,18.991392859778912,17.0755950286453,18.574914932250977,1437135
2008-11-10,18.658213710435096,19.65776152601129,18.658213710435096,19.474510192871094,1377520
2008-11-11,18.824811935424805,19.65776820169371,18.666549799987077,18.824811935424805,730687
2008-11-12,18.90810772599982,19.00806158744578,17.358808574945577,17.950206756591797,1288292
2008-11-14,19.157988848248003,19.157988848248003,17.192212092814362,17.57537269592285,2213772
2008-11-17,17.15889797800478,17.65034226139273,16.20099866908751,17.10892105102539,1247307
2008-11-18,16.667451280351028,17.200542660881002,16.592485106371797,17.15889549255371,781645
2008-11-19,16.825717738552836,17.592037590954487,16.792398724269354,17.458763122558594,2315247
2008-11-20,16.825713432757382,16.98397394389004,16.159347616256884,16.834041595458984,2089642
2008-11-21,16.659122680714567,17.308829037208024,16.659122680714567,17.175556182861328,578202
2008-11-24,17.167227942184294,17.79194509770788,16.825716024263762,17.617023468017578,1125022
2008-11-25,17.858585628573145,17.991858525233237,17.417118165425183,17.691993713378906,2374985
2008-11-26,17.508740955852502,18.32503770885911,17.508740955852502,17.950206756591797,950012
2008-11-27,17.950206756591797,17.950206756591797,17.950206756591797,17.950206756591797,0
2008-11-28,17.94187000043428,18.65821096022959,17.666993041240637,18.416654586791992,958062
2008-12-01,18.658213559373383,19.17464696394531,18.008508914372744,18.283384323120117,1124515
2008-12-02,17.492083292756217,17.875242449907994,17.250525189452414,17.716981887817383,312315
2008-12-03,18.15843963623047,18.57491762411408,17.725303736271968,18.15843963623047,308640
2008-12-04,18.408334635751515,18.699869659892855,17.841924094845613,18.36668586730957,852785
2008-12-05,18.200095327394244,18.883119233741247,18.200095327394244,18.649890899658203,384677
2008-12-08,19.099683041769257,19.25794514076488,18.74151167554962,19.116342544555664,715140
2008-12-10,19.3245795510082,20.923855111013964,19.3245795510082,20.673967361450195,3362135
2008-12-11,21.04047622086904,21.623544674639444,20.324133298142318,20.79058837890625,3529772
2008-12-12,20.357447255846672,21.640198806500972,19.307922393272616,21.18207359313965,2194392
2008-12-15,21.406966238313515,21.948387229586775,20.24915651252793,20.340782165527344,1243090
2008-12-16,20.32413064556259,21.490268989644292,20.024267498576798,21.00715446472168,2171627
2008-12-17,21.323674829473177,21.473607170081756,20.40742287254995,20.690628051757812,1157707
2008-12-18,20.807246879902223,21.115441393464295,20.332462068492468,20.499053955078125,1114245
2008-12-19,20.490724679335955,20.982169008603172,20.32413278886849,20.64898681640625,845820
2008-12-22,21.14875381075732,22.156631467392227,20.823901456432996,21.715164184570312,4872272
2008-12-23,21.506931886518647,22.489820596411775,20.682305321965455,20.98217010498047,3349672
2008-12-24,20.357446368070285,22.139971812035096,20.357446368070285,21.681846618652344,2050685
2008-12-26,21.740149016632213,21.99003514779115,20.249157213003695,20.524032592773438,908115
2008-12-29,20.407422598281663,21.69850380063712,20.365775432555694,21.57356071472168,766822
2008-12-30,21.64853300605909,22.289909707535696,21.323680573065634,21.92340850830078,1153435
2008-12-31,22.306568847035486,22.739704887654632,21.756817851596832,22.173295974731445,1404397
2009-01-02,22.63975348027659,22.989595205156245,22.073342917258277,22.673070907592773,1484247
2009-01-05,23.05623046845337,23.989140627891782,22.9229575885336,23.847537994384766,1766640
2009-01-06,23.90583992542782,23.90583992542782,22.98958792757834,23.464372634887695,2128900
2009-01-07,23.339433850456988,23.64762676460348,21.673521397269273,22.698057174682617,1092150
2009-01-09,22.656407267437373,23.139521757068987,21.840109056345838,22.798009872436523,782272
2009-01-12,22.489814367331594,22.972928834635876,21.698505448541532,21.9400634765625,967280
2009-01-13,21.656854896900093,22.323219027463594,21.323672831618342,21.731821060180664,399195
2009-01-14,21.97338197693731,22.364872374234064,21.656859347063296,21.915075302124023,394667
2009-01-15,21.356996729488472,22.223271951029616,21.073791490810628,21.99004364013672,738172
2009-01-16,22.156634403338046,22.456497543703577,21.356995655308413,21.773473739624023,2902462
2009-01-19,21.906743594738924,21.990039517924593,21.506925069932816,21.798460006713867,453975
2009-01-20,21.85676828019282,22.989589105675176,21.4985968963278,22.48148536682129,1480730
2009-01-21,21.823451388405754,22.556452088695547,21.33200714129844,21.63187026977539,1265475
2009-01-22,21.940077164674584,22.789693285467948,20.682312496928795,22.04836082458496,1812522
2009-01-23,21.65686502184128,22.15663914778525,21.1987396664899,21.556909561157227,879350
2009-01-27,21.656859886869828,22.139974390027415,21.4402910973526,21.6235408782959,262770
2009-01-28,22.06501077302319,22.38153503629875,21.74015834537434,22.173295974731445,318595
2009-01-29,21.99004061560033,23.222815256324303,21.99004061560033,22.773019790649414,1495245
2009-01-30,22.656408399564686,23.65595484767801,22.15663438113912,23.131193161010742,1123752
2009-02-02,23.239475346261845,23.572657475310134,22.17329253330731,22.598098754882812,673612
2009-02-03,22.598096371793453,23.156176974873418,22.08166452341351,22.248254776000977,2943200
2009-02-04,22.489819174474434,23.072889195974525,22.331557039140755,22.556455612182617,748165
2009-02-05,22.489815226217654,23.006248719345766,22.256586940815005,22.398189544677734,582080
2009-02-06,22.15663519763933,22.814669768304455,22.15663519763933,22.356544494628906,520242
2009-02-09,22.35653349364294,22.972920586572826,22.239920191632095,22.46481704711914,480012
2009-02-10,22.473159916357066,23.089547369157877,22.423182984707815,22.989593505859375,474192
2009-02-11,22.798018815727602,23.23948471898774,22.49815398427668,22.84799575805664,585582
2009-02-12,22.9229588662291,23.15618562471943,22.573117139755468,22.83133316040039,353060
2009-02-13,23.06455959313875,23.614310605002252,22.922956963492815,23.189502716064453,911885
2009-02-16,23.2727979561386,23.5226841944225,22.673068442276506,23.08121681213379,1254815
2009-02-17,22.906293176377172,23.389407659820346,22.339882763635995,22.48148536682129,1107107
2009-02-18,22.173294688799334,23.172841173111298,22.173294688799334,23.031238555908203,802765
2009-02-19,23.306118480898583,23.889188566127125,22.681401213327216,23.572664260864258,1035825
2009-02-20,23.306110017934817,23.481031615480745,22.79800790515517,22.87297248840332,712725
2009-02-24,22.669130672708803,23.01736371620072,22.507753870601196,22.762557983398438,783945
2009-02-25,23.102306116126186,23.815759796948104,22.932435574975997,23.594928741455078,1131432
2009-02-26,23.357108850715804,23.994120910280778,23.357108850715804,23.8497314453125,1086675
2009-02-27,23.84972896947822,24.94539037579226,23.484508500706873,24.520715713500977,779717
2009-03-02,24.70757004869014,24.93689473718729,23.620402415078015,23.866714477539062,1035587
2009-03-03,23.442035455897784,23.91767049772622,23.102296140306045,23.229698181152344,567357
2009-03-04,23.39957355705997,23.603418823289488,22.54173215336834,23.153263092041016,1461987
2009-03-05,23.17025024578113,23.17025024578113,22.34638036100481,22.50775718688965,578850
2009-03-06,22.083086404129528,22.541735899356425,21.624436908902627,22.286930084228516,1101695
2009-03-09,21.785814643686557,22.354878881132034,21.785814643686557,21.938697814941406,209415
2009-03-12,22.41432961458478,22.779550107100693,21.913213350900907,22.52474594116211,857517
2009-03-13,22.91544106893841,23.696842399161902,22.59268908515274,23.31463623046875,2415987
2009-03-16,23.679857725476378,24.622635965057725,23.611909846407784,24.26590919494629,1684595
2009-03-17,23.86670984426435,24.59714896285418,23.442035297640448,23.61190414428711,865317
2009-03-18,23.781780164781324,23.883702792575537,23.102301379503942,23.34861183166504,1654167
2009-03-19,23.577936525972707,23.69684490837868,22.18500420634202,22.320899963378906,1435302
2009-03-20,22.422819435120676,22.422819435120676,21.174276645371418,21.819782257080078,2193975
2009-03-23,22.06609649846621,22.76256273070335,22.0066423010809,22.52474594116211,1314767
2009-03-24,22.76256674201632,23.59493051210936,22.06610038704501,22.303918838500977,1301365
2009-03-25,22.59269178127408,22.59269178127408,21.802796670371592,22.363367080688477,877622
2009-03-26,22.694608433436866,22.915439404196967,22.33788172990208,22.431310653686523,561065
2009-03-27,22.592691735948517,23.67985780468249,22.44830228994413,23.340118408203125,3239440
2009-03-30,23.272172024817102,24.486741862806642,22.609680564099413,23.518484115600586,1952607
2009-03-31,23.535469293149408,24.83497435878547,23.535469293149408,24.563182830810547,1753107
2009-04-01,24.77552041311452,24.77552041311452,23.985625264509068,24.172481536865234,868350
2009-04-02,24.63113150868705,25.047312501846985,24.172482075405483,24.537702560424805,729630
2009-04-06,24.75853362704315,25.25964988121017,23.476015893497507,23.83274269104004,980532
2009-04-08,23.204223617592696,24.274403976149987,22.864484206940848,23.909183502197266,2872367
2009-04-09,24.121522195332034,24.597157397041318,23.331627008561462,23.493003845214844,1693805
2009-04-13,23.79876399576626,23.79876399576626,22.686115423041336,22.847492218017578,2967792
2009-04-15,22.76256666103974,23.85822832777172,22.50776245110497,23.705345153808594,5555860
2009-04-16,23.951652150664295,27.009308493297773,23.611911117033635,24.554689407348633,19099752
2009-04-17,25.378549641664872,27.518911318919844,24.919901983685435,26.20241928100586,20268457
2009-04-20,26.97533775913049,28.028530844964877,26.839441981603823,27.467960357666016,9425290
2009-04-21,26.839450754029365,27.16220292614479,25.58241359104467,26.576152801513672,5143672
2009-04-22,26.822453567668017,27.53590556210388,23.99412017470638,25.93063735961914,3155000
2009-04-23,26.142977330440324,26.907391531212266,24.716069958329744,26.66107940673828,3721900
2009-04-24,26.771490133782457,27.323565230837044,26.440242807542408,26.822450637817383,1918190
2009-04-27,26.075029708316368,26.83944391702805,25.573913385048648,25.735288619995117,1277135
2009-04-28,25.82021933823998,26.542166593586593,25.31060941564206,25.48897361755371,4252825
2009-04-29,25.82021390155907,26.584627814499004,24.851956386502152,26.13447380065918,4808597
2009-04-30,26.13447380065918,26.13447380065918,26.13447380065918,26.13447380065918,0
2009-05-04,27.009305751886227,28.83540795228531,26.42325593036783,28.376758575439453,3343205
2009-05-05,28.860892128788507,29.285566827399304,27.858659580866156,28.792945861816406,2043417
2009-05-06,28.72499150330663,29.217615625698265,27.433980248774724,27.892629623413086,1595887
2009-05-07,27.28109007084719,28.53812625264113,27.28109007084719,28.037010192871094,547500
2009-05-08,27.603854899783677,28.877878972081383,27.179180209017773,27.66330909729004,639412
2009-05-11,27.82467695536157,28.368263137403904,26.3298238647724,26.567642211914062,1218792
2009-05-12,26.32982827943189,27.841668995447538,25.803231001040952,27.36603546142578,2481492
2009-05-13,27.179183673234117,28.64006583247403,26.890404717105557,28.1049747467041,1763975
2009-05-14,27.518926794443495,29.72723433473341,26.941367219590624,29.506404876708984,3404450
2009-05-15,29.727226694168976,30.415200821209268,29.23460252517481,29.599822998046875,2924987
2009-05-18,32.10540855813429,33.96548592701751,32.10540855813429,33.481353759765625,7762
2009-05-19,34.82330759097084,38.543456967647856,30.924795709113006,33.922996520996094,10141227
2009-05-20,33.74465095808879,36.912723801703805,33.13311835899586,36.479557037353516,6584772
2009-05-21,36.52202067393175,36.92970795776972,34.313713743140084,34.50056838989258,4376782
2009-05-22,34.48357953851516,35.31594468572994,32.9547514795681,34.0079460144043,1386027
2009-05-25,34.39014478114711,35.163052294262066,33.804091857570036,34.80632400512695,1276530
2009-05-26,34.823318382965994,35.31594249090552,31.188104720279146,31.935529708862305,2776022
2009-05-27,33.804108113650216,34.10138237088748,32.29226710030951,32.716941833496094,2036240
2009-05-28,32.95475375560406,34.143844128027084,32.27527493136688,33.506832122802734,2541402
2009-05-29,33.88904230001139,34.05890958772206,32.45363974277609,32.895301818847656,2788130
2009-06-01,33.71916538242735,34.9762018653377,33.20955389583545,34.49207305908203,5373630
2009-06-02,34.93372801962255,35.315935747629055,33.01419731452746,33.600250244140625,3434985
2009-06-03,34.26275475827271,34.84031260665299,33.141613814948855,34.313716888427734,5367380
2009-06-04,34.07588282917794,35.7575935519928,33.93998711137501,35.36689376831055,6184830
2009-06-05,36.01241155441645,36.35214932982917,34.57700916626456,34.857295989990234,6363975
2009-06-08,34.65344796371381,35.23100569977655,31.646750909506604,32.3177375793457,2126775
2009-06-09,31.629770858344205,33.88903997393946,30.92480935069084,33.506832122802734,2109695
2009-06-10,33.668211242585016,34.6534564621961,33.14161549762331,33.617252349853516,2156815
2009-06-11,33.80409065983367,34.6364523183109,33.294482539136396,34.18629837036133,2028110
2009-06-12,34.31371644540286,34.86579160157236,33.42189699926383,33.67670440673828,1386655
2009-06-15,33.634226102723595,33.66820084739541,32.020464610932045,33.03118896484375,2306707
2009-06-16,32.37719599527038,35.28197242840902,32.130887148609254,35.02716827392578,4433432
2009-06-17,35.67266451052216,35.84253498952663,32.801863459377365,33.27750015258789,3449462
2009-06-18,33.6512086508643,34.29671574704981,31.850589561522238,32.18183517456055,2009530
2009-06-19,32.615002364241164,33.07364835435622,30.58505556573007,31.816612243652344,2842737
2009-06-22,32.436644870826996,33.11612682470425,31.086179509511567,31.425920486450195,904535
2009-06-23,31.043720338815206,32.44514816363621,30.449175102830207,32.01197814941406,2612240
2009-06-24,32.275275282854466,32.937766738699125,31.7911464128125,32.52158737182617,2109462
2009-06-25,32.78488441217667,34.126857973053475,32.56405500140504,32.920780181884766,5376635
2009-06-26,33.44738747467387,34.61948756601766,33.209567388304734,34.1948127746582,3588822
2009-06-29,34.398644752018456,35.11209825425332,33.990957499314284,34.58550262451172,2013620
2009-06-30,34.90825270208059,35.15456476093474,32.784879587841864,32.9632453918457,3416542
2009-07-01,33.141613536243455,33.36244295170316,32.34322627726047,33.12462615966797,1043390
2009-07-02,33.430395955451246,35.82556122299018,32.895304877380724,35.29896545410156,5381195
2009-07-03,33.982466036372415,36.33516412249128,33.982466036372415,35.45184326171875,3328072
2009-07-06,35.774588811511705,36.52201704427175,32.50459555820308,33.07365798950195,2724577
2009-07-07,33.634215806402736,33.76161943991545,32.31772563347701,33.21803665161133,711680
2009-07-08,32.37719375404057,32.784881020994746,31.638260785186763,32.054443359375,673275
2009-07-09,32.20732751955584,33.07366429169723,31.425927630964082,32.69145965576172,1087642
2009-07-10,32.78487837239641,33.92300644903456,32.283762206413726,33.43038558959961,2673695
2009-07-13,32.48760715135374,33.97396826285359,32.14786617272117,33.10763168334961,1033907
2009-07-14,33.93999780558635,36.751345200977994,33.46436426341265,36.36064529418945,3866230
2009-07-15,36.86175558089135,38.602920745885186,35.71513224783932,38.263179779052734,9212145
2009-07-16,39.053077253804226,39.07006462722598,36.44557537375322,36.67490005493164,4224267
2009-07-17,37.20148679607852,38.1357726713282,36.73434547845839,37.142032623291016,2794165
2009-07-20,37.371378787823666,38.050857754145476,36.86177037308513,37.40535354614258,1140210
2009-07-21,37.54123595226787,38.88320602720785,36.776820362738036,38.33113098144531,3375995
2009-07-22,38.424554520659,38.90018794071396,36.52201112041013,36.83626937866211,2201790
2009-07-23,36.69189389580577,38.12729318284607,36.69189389580577,37.35438537597656,1800305
2009-07-24,37.45629888820037,37.71110624336631,36.785315474292375,36.912715911865234,1357937
2009-07-27,36.35214845216534,37.73658868257555,36.35214845216534,37.15903091430664,880092
2009-07-28,37.4902716429414,38.560453405767724,37.031622316015834,38.28016662597656,6425800
2009-07-29,38.33962750228734,39.57967672269559,36.564487307041375,39.17198944091797,4294185
2009-07-30,39.32487572694793,39.88544618930143,38.91718841251,39.741058349609375,3840537
2009-07-31,39.91942094217395,40.5988997995705,39.265421529426405,39.741058349609375,1773247
2009-08-03,39.91940774540293,40.07229084277759,38.79826719132856,39.68159103393555,857610
2009-08-04,39.76653424247092,39.96188419402388,38.934172311502024,39.40131378173828,857642
2009-08-05,39.239935567007635,39.817493309864815,38.13578220213723,38.40757369995117,663047
2009-08-06,38.28866844057757,38.832251480442046,37.218486495835194,37.54973220825195,947607
2009-08-07,37.71112044919333,38.49252046202694,36.190784012036374,36.41161346435547,1179675
2009-08-10,37.1080715839367,37.473292060181414,35.50280184602932,35.78308868408203,521692
2009-08-11,35.84253778693518,37.03162475275152,35.672667294672806,36.802303314208984,589192
2009-08-12,36.182285861757705,36.861768024804356,35.180053235276084,36.17379379272461,1315297
2009-08-13,37.54123220004261,38.03385301071677,36.530504661573694,37.779048919677734,849360
2009-08-14,37.37136424466325,37.87248039481709,36.182274086329045,36.403106689453125,1390805
2009-08-17,35.757600841394776,36.199262824292134,35.247992605749445,35.49430465698242,1016457
2009-08-18,35.32443308155965,37.982896963988054,35.32443308155965,37.26944351196289,2049772
2009-08-19,37.37136000101989,37.37136000101989,35.85951965596354,36.088844299316406,795787
2009-08-20,36.50503381666639,37.64316204853128,36.36913805345912,37.30342102050781,1126632
2009-08-21,37.62616635599815,38.01686618385493,36.691883595469356,37.21847915649414,679627
2009-08-24,37.863987706540634,38.16975068736566,37.37985569687858,37.507259368896484,951715
2009-08-25,37.50726069142381,38.560455129212805,37.388352321352976,38.34811782836914,2230207
2009-08-26,38.40757109201736,40.42901981474775,37.88946757198638,39.1295166015625,2402477
2009-08-27,39.03607974437485,42.7222545794883,38.69634208418571,40.777244567871094,5785895
2009-08-28,41.12548490246157,41.72002996434969,39.57117761953585,41.00657653808594,3104522
2009-08-31,40.5139648592791,42.16170144067143,40.0213406784442,40.97261428833008,2040937
2009-09-01,41.25289658974742,41.618117059881925,39.79201470920941,40.021339416503906,1375982
2009-09-02,39.68160314009747,40.17422408414274,38.78129165200074,39.1125373840332,808087
2009-09-03,39.28241406396214,39.88545142658461,39.112543517304935,39.367347717285156,691285
2009-09-04,39.57967001103391,39.65611156590542,38.25468737994116,39.04458236694336,2313990
2009-09-07,39.6084719326992,39.98439240351425,38.33546311293553,38.643035888671875,1542702
2009-09-08,39.471770823949676,39.471770823949676,38.3952661759482,38.446529388427734,3302427
2009-09-09,38.44652037292847,38.7882685243486,37.93390140495019,38.386714935302734,2251490
2009-09-10,38.70283893252005,39.76225584302835,38.36109396011452,38.446529388427734,1872247
2009-09-11,38.87371586816373,39.3521627752208,38.369638982584064,39.04458999633789,1071382
2009-09-14,38.44653807904534,39.1300314375088,37.98517883989997,38.215858459472656,2139292
2009-09-15,38.2927502192018,39.112942218369064,38.21585701558279,38.41236114501953,2983767
2009-09-16,38.78827872621149,40.43720796107415,38.70284003630892,40.05274200439453,2129910
2009-09-17,40.326128944344916,40.77894247758225,39.044578257082804,39.37778091430664,1111287
2009-09-18,39.967305019015996,39.967305019015996,38.566143036384915,38.93352127075195,884325
2009-09-22,39.13002701708927,39.710997120940846,38.62595011107548,39.540122985839844,678930
2009-09-23,39.30089345555147,39.80497026284746,38.61740030815496,38.80535888671875,718487
2009-09-24,38.805356929340746,40.05273552696689,38.3098256446555,39.52302551269531,2324570
2009-09-25,39.283805517567245,39.967298661450826,38.463613744906944,39.36069869995117,1310560
2009-09-29,39.98438986842689,39.98438986842689,39.23254571531229,39.3265266418457,898840
2009-09-30,39.64263472748902,39.81350554009784,38.98477166965917,39.13001251220703,1391707
2009-10-01,39.13002322143597,39.634100078553764,39.13002322143597,39.1727409362793,572162
2009-10-05,38.44652929251846,39.104392518177654,38.44652929251846,38.59177017211914,1048162
2009-10-06,38.617406876358054,39.25818242211901,38.275658614957685,39.03604507446289,1310865
2009-10-07,39.31799211521562,39.78789358090483,38.813915167873624,39.07022476196289,1651095
2009-10-08,39.11293454341115,39.55720593723766,38.7882773110843,38.89080047607422,1048850
2009-10-09,39.10438979921456,39.13001977403198,38.44652661929718,38.58322525024414,2557405
2009-10-12,38.61740447566206,39.642645936974866,38.61740447566206,39.463226318359375,916837
2009-10-13,39.463226318359375,39.463226318359375,39.463226318359375,39.463226318359375,0
2009-10-14,39.40342914205446,40.736243647639455,38.8139167260677,40.26634216308594,3051755
2009-10-15,40.66788536963649,40.80458401800415,39.65973161574268,39.93313217163086,998442
2009-10-16,39.81352373109462,41.00963952077866,39.72808828575433,40.46284484863281,1954557
2009-10-20,39.3350761168661,40.66788718309515,39.14711424479667,39.2923583984375,1280445
2009-10-21,39.21545933615532,40.3090484082939,39.04458522884554,39.642642974853516,601015
2009-10-22,39.300894334560226,40.326135708161864,38.711382092836715,38.984779357910156,687690
2009-10-23,39.300901676931524,39.79643634942545,38.82245474409116,39.06167984008789,291715
2009-10-26,39.13001153069737,39.55719506980793,38.6601102895061,39.1043815612793,330515
2009-10-27,39.13002009147973,40.42865872558745,36.78051011235084,38.76264190673828,6307225
2009-10-28,39.30089961419657,39.47177374261061,37.609252587118625,38.053524017333984,1693572
2009-10-29,37.59215554692009,38.63448453910428,37.0111856095537,37.95953369140625,1082647
2009-10-30,38.61740491123169,39.43759678587186,37.59216343835509,37.88264846801758,889210
2009-11-03,37.91681919388495,38.25856413592684,35.07177470752688,35.686920166015625,2266265
2009-11-04,36.054297656959164,36.72924854896737,35.63565628140339,36.60963439941406,830232
2009-11-05,35.20846800450939,36.65235051379618,35.20846800450939,36.071380615234375,1995775
2009-11-06,36.54983832421483,37.22478938925506,36.3106164820854,36.7036247253418,1572980
2009-11-09,37.079540205780745,38.10477830542985,36.66089881640716,37.84846878051758,1071695
2009-11-10,37.933898830742486,38.77117815983663,37.33584123591761,37.82283020019531,1302417
2009-11-11,37.9339093383277,39.77934257181025,37.75448972877533,38.4208984375,2536777
2009-11-12,38.480717183173255,38.89935547875051,37.78013601742241,38.14751434326172,1222977
2009-11-13,37.609247097353006,39.292351638948794,37.609247097353006,38.58322525024414,1834755
2009-11-16,38.702838528349744,40.3603131971997,38.702838528349744,39.65972900390625,1546102
2009-11-17,39.47176788663273,42.10321734086028,39.47176788663273,41.00962829589844,5263530
2009-11-18,41.64185483143531,42.248454703981565,41.0950571373599,42.06903839111328,2646575
2009-11-19,41.9494249167209,43.863208728215284,41.582046788885606,43.350589752197266,3829515
2009-11-20,42.73545321753679,44.07680963288431,42.41079272732418,43.043025970458984,2535640
2009-11-23,42.4278749466848,43.88029983594953,41.21467508922099,42.949039459228516,881527
2009-11-24,42.949038016045215,43.82903515799212,42.71835848910579,43.2907829284668,1276320
2009-11-25,43.57272922854806,44.41000873242972,43.324961946816614,43.73505783081055,1728137
2009-11-26,44.41855817246479,44.41855817246479,42.8892398953306,43.222442626953125,1437092
2009-11-27,43.06009752424822,44.837179165577226,40.49699655873705,41.906700134277344,6508525
2009-11-30,41.90672121618177,43.40186419822095,41.90672121618177,42.91487503051758,2092650
2009-12-01,43.060122661372134,43.71798275850446,42.94050847546748,42.99177169799805,1027962
2009-12-02,43.57273517241555,43.98283111235171,42.97467737115968,43.49584197998047,1250012
2009-12-03,44.08535629337903,45.2643842114441,43.65817259573329,44.39292907714844,3064660
2009-12-04,43.760690277119444,45.53777240912941,43.58981618040733,45.324180603027344,2002850
2009-12-07,45.70864220040869,46.47757393360908,44.81155735110958,45.9564094543457,3023205
2009-12-08,45.96496841044464,46.1358425532131,44.50400084512299,44.91409683227539,2275890
2009-12-09,44.59798684819008,46.1956532572208,44.59798684819008,45.341285705566406,1654162
2009-12-10,45.41816984931866,45.48652080420067,44.60652018543577,44.80302429199219,548532
2009-12-11,45.28147154483512,45.75991845520768,44.51253959229938,44.726131439208984,667115
2009-12-14,44.61506401198162,44.931179018579115,43.743608924819824,44.1964225769043,823622
2009-12-15,44.08535925285023,44.34167209596645,43.09429313814749,43.37623596191406,2383782
2009-12-16,43.48730042202467,43.72652224261524,42.96613580503562,43.34205627441406,2344255
2009-12-17,43.436033846593105,43.9144807099173,43.07719788431181,43.48729705810547,2154962
2009-12-18,43.060115475604746,43.504383626784644,42.73545497206303,43.13700866699219,2648970
2009-12-21,42.820909564305104,43.060134744087904,41.445377002382365,41.85547637939453,1970845
2009-12-22,41.91526375378471,43.957201217794584,41.89817601552759,42.6158447265625,2333997
2009-12-23,43.060128874161904,44.0426496707743,43.060128874161904,43.41041946411133,1334585
2009-12-24,43.07720950784667,44.41002403442822,41.36847443953091,43.777793884277344,1292137
2009-12-29,44.281868065709304,44.333128028666145,43.29079865983308,43.54711151123047,2015692
2009-12-30,43.56419611064052,44.03409753906363,43.31642877703728,43.76070022583008,953835
2009-12-31,44.256220543703975,44.85427823871732,43.999911034170324,44.674861907958984,1507915
2010-01-04,44.854280426392094,45.00806679144334,43.410400953580236,43.658164978027344,1645995
2010-01-05,44.17932599826335,44.820101381851536,43.82903558560123,44.615055084228516,1652770
2010-01-06,44.10244952299485,44.89701156026856,43.743616736692346,44.37584686279297,1169425
2010-01-07,44.42709139605225,44.76883955660576,43.78631603937842,44.410003662109375,490790
2010-01-08,44.59797972568054,44.82011381960724,43.999921883204436,44.16225051879883,361277
2010-01-11,44.17080930734122,46.17002979078078,44.17080930734122,45.93935012817383,1693245
2010-01-12,47.844561249166595,47.844561249166595,45.19602434081999,46.20417785644531,1245475
2010-01-13,46.47759835780742,46.64846926906586,45.66594849271494,46.38361740112305,790195
2010-01-14,45.81972221566983,48.56224064628265,45.81972221566983,48.305931091308594,2123515
2010-01-15,48.545141392118325,48.698927740451914,47.63951103628185,48.04961013793945,842695
2010-01-18,47.98125857277826,48.01543404066074,46.81931873798993,47.02436828613281,885497
2010-01-19,46.8193245197869,47.844565868806086,45.990590505783004,46.306705474853516,1593592
2010-01-20,46.47757309815589,47.152520652774875,46.152912676734736,46.81077575683594,904347
2010-01-21,46.340872679157854,46.97310250450107,46.076017706342725,46.46048355102539,715927
2010-01-22,45.64029707637222,46.272530277418504,45.110590292243124,45.86243438720703,698267
2010-01-25,45.42671772704238,45.86244697061158,45.1106026693621,45.375457763671875,904057
2010-01-27,45.19603224350282,45.58904042600046,41.07798204809066,41.86399841308594,2090782
2010-01-28,42.20574381325128,43.06011107053044,41.1121515077103,41.37700653076172,1164752
2010-01-29,41.009628349399485,45.537774161148526,40.02710469986748,41.37700653076172,2572627
2010-02-01,41.52224786261412,42.78671428552606,41.436812439595535,42.6585578918457,983570
2010-02-02,42.71837055976755,44.076814873934275,42.71837055976755,43.35914611816406,1111257
2010-02-03,43.92111485397161,44.94133000573754,43.60986232656575,44.32747268676758,534740
2010-02-04,44.6127992534393,44.73384450605584,44.07675489872107,44.14592361450195,462315
2010-02-05,42.93548502015719,44.31018151518835,42.5377749142098,43.63580322265625,371820
2010-02-08,44.26696764212235,44.26696764212235,41.759657646121155,42.166015625,1185075
2010-02-09,43.004662492553095,43.29862291306085,41.543504829670866,42.589656829833984,1293532
2010-02-10,42.79717190757938,43.497490453399806,42.60696119924991,42.86634063720703,582232
2010-02-11,42.797162152397945,43.385083027636085,41.638612580387,41.81153106689453,2042662
2010-02-15,42.33027076470804,43.00465233371052,41.89797632479522,42.200584411621094,590997
2010-02-16,42.03632545678637,42.67612290799937,41.85476251860353,42.217891693115234,524275
2010-02-17,42.364858714839166,43.14299009212487,41.7596457878553,41.88068771362305,915617
2010-02-18,41.51756715887549,42.30434307348068,40.39360203774601,40.5578727722168,2944927
2010-02-19,40.32443681258415,41.65590487480902,39.83162126846061,40.59246063232422,1315987
2010-02-22,40.98151978381291,41.15443494472518,40.004533293561195,40.18609619140625,468570
2010-02-23,40.46277305867691,40.97288080799165,39.373392140522135,40.10829162597656,2655552
2010-02-24,40.09965499613142,42.01039666901257,39.86621547573943,41.8634147644043,1694647
2010-02-25,42.36486137147298,43.57528730134462,41.413814782391924,43.212158203125,961030
2010-02-26,42.900912587519635,44.050817737127645,42.71070521775539,43.281333923339844,1460817
2010-03-02,43.48882281957319,43.748198840734645,42.36485786244349,42.58100509643555,732120
2010-03-03,42.624233258199915,45.9961313782598,42.624233258199915,44.78570556640625,2424437
2010-03-04,44.78572105846887,45.10561814726008,44.15457132192572,44.483116149902344,1209862
2010-03-05,44.53498755530449,45.218013804345965,44.137277320981354,44.906761169433594,1110290
2010-03-08,44.78571665258573,45.78863991992957,44.45717185693035,45.442806243896484,1894310
2010-03-09,45.390930570226125,45.390930570226125,44.18050443576175,44.75978088378906,1585950
2010-03-10,44.78572257711226,44.906764544643295,43.601236225799084,44.04217529296875,562335
2010-03-11,44.232384586363295,45.07103718939987,43.70498463179994,44.777076721191406,1459980
2010-03-12,45.477382057378875,46.0566584275922,44.673313988579096,45.85780334472656,1016360
2010-03-15,45.65031183177124,46.60136198756317,45.39958015721413,46.14312744140625,1493227
2010-03-16,46.34198237170087,46.34198237170087,44.78572238499193,44.97593307495117,538900
2010-03-17,45.44279481695837,45.44279481695837,43.92111647098382,44.51768493652344,1094052
2010-03-18,44.71655824146143,45.218018304613885,44.284263605091994,44.8635368347168,1164157
2010-03-19,45.114265832303786,45.80593654973017,44.55228151918765,44.794368743896484,2029935
2010-03-22,44.35341945751186,44.8721748880617,44.137272185985836,44.4139404296875,310020
2010-03-23,44.785713844534456,44.785713844534456,44.13727203221549,44.43123245239258,223635
2010-03-25,44.26697165289545,45.027811140323195,43.66175849921762,44.53499221801758,804905
2010-03-26,44.70790020142892,45.650302423518205,44.275605664656695,45.390926361083984,1063230
2010-03-29,45.65030999027277,46.2209387414707,44.56092902822076,45.09697341918945,551082
2010-03-30,45.39092636145945,45.42551071595645,44.63873479095031,44.7684211730957,328172
2010-03-31,44.94133308718085,45.46873287276411,44.500394175219085,44.673309326171875,796572
2010-04-01,44.67333049205493,45.477398857898216,44.43989426803934,45.13156509399414,366660
2010-04-05,45.719468245878375,45.719468245878375,45.02779769034258,45.3131103515625,163822
2010-04-06,45.477400972168724,47.535124660927345,45.174796002416045,47.02501678466797,1624475
2010-04-07,47.4659458904126,47.932821527144554,46.86937726313117,47.16333770751953,1336767
2010-04-08,47.71668173263137,47.863663626982486,45.77135582993308,46.307403564453125,786662
2010-04-09,46.03071932857591,47.171976532758805,46.03071932857591,46.679161071777344,1939545
2010-04-12,46.73104765737892,46.86073736234603,45.693539912080674,45.9183349609375,451240
2010-04-13,45.42550705489991,45.99613566552849,44.915399410690625,45.08831787109375,1268977
2010-04-15,42.84038840410927,45.390926858653195,42.84038840410927,44.74248504638672,1756757
2010-04-16,44.56092039704794,45.477382678586835,44.431230720381436,45.19207000732422,905495
2010-04-19,44.00758488205408,44.828941858167425,43.782789877404426,44.20643997192383,1121375
2010-04-20,44.26695938365602,46.497597385573314,44.26695938365602,45.85780334472656,1466925
2010-04-21,46.169051151364265,47.20655525064833,45.99613270210189,46.220924377441406,1705565
2010-04-22,46.169044309698535,47.05956973893934,45.82320746242241,46.774253845214844,1708160
2010-04-23,47.11144676762847,47.5350934470954,46.826130870802274,47.38811492919922,347425
2010-04-26,47.37947248507155,49.10865033706792,47.37947248507155,48.80604553222656,1398277
2010-04-27,48.76282274621487,49.2642826699671,46.895310568172135,47.70802307128906,2212205
2010-04-28,46.4111358590335,49.01354718991926,46.350614895395125,48.30458450317383,1243202
2010-04-29,48.676373093917526,48.76283399599093,47.20657074013146,47.4227180480957,1034257
2010-04-30,47.59562913014284,47.87229737733074,46.35926645758322,46.52354049682617,664780
2010-05-03,46.60134774910636,46.93853692655416,45.99613479818058,46.67051315307617,711032
2010-05-04,47.53510795750687,47.829068381177265,46.350621823075684,47.13739776611328,1021920
2010-05-05,47.13740293247849,47.855010243588225,45.65030847349279,47.630218505859375,719425
2010-05-06,47.41405966969101,48.19219106889053,46.28144692155507,47.93281173706055,634720
2010-05-07,47.3276134039502,47.336257844609726,45.511974137872095,45.840518951416016,1053762
2010-05-10,46.68781992277067,49.05679594040674,46.177712128725666,48.235435485839844,1432840
2010-05-11,48.50343952953307,48.70229789349121,47.56968516405706,47.99333190917969,473675
2010-05-12,47.73394899048185,49.074061030765186,47.63884369052686,48.875205993652344,531752
2010-05-13,49.246997716300555,50.62169461134947,49.04814260546278,50.154815673828125,2004080
2010-05-14,50.492002135660485,50.630336252546726,49.10865766865257,49.72251510620117,944802
2010-05-17,48.45156372469203,51.010746128749055,48.45156372469203,50.7081413269043,563815
2010-05-18,50.64763202415467,51.32201047957109,49.11730889227869,49.783042907714844,876877
2010-05-19,49.28157080075472,49.73115745646885,47.91551865860659,48.321876525878906,295675
2010-05-20,48.6936609307645,50.319089465145176,47.6388611065824,49.90408706665039,406150
2010-05-21,48.417003439967544,50.23263974970769,48.1143984877264,49.912742614746094,555480
2010-05-24,50.146154292490486,51.08855628956825,49.40260733907108,49.67927551269531,878272
2010-05-25,49.454485075071354,49.61011133883168,47.984683305193215,48.64176940917969,254240
2010-05-26,49.28157870993036,49.402620656251436,47.91552634854517,49.23834991455078,686075
2010-05-27,48.97896300331963,49.36802537376797,48.607189508679916,48.85791778564453,307437
2010-05-28,49.27294968223881,50.232641113172484,48.849299439455436,50.09430694580078,491285
2010-05-31,50.837825243748824,51.8580403811716,50.01646515200746,51.21824645996094,1181705
2010-06-01,51.52949890663859,51.68512517788384,49.15187934923564,49.385318756103516,449842
2010-06-02,49.49772138902809,50.14616315394986,49.022198087714536,49.92137145996094,350057
2010-06-03,50.66490933846402,50.855119956066645,50.04240755946951,50.37959671020508,332792
2010-06-04,50.1461686822274,51.097215389701,50.1461686822274,50.690860748291016,466397
2010-06-07,50.16344588155386,51.702412991688426,49.62740171366622,51.287410736083984,945727
2010-06-08,51.61595998854717,52.359506999045514,50.01646848271712,50.63032913208008,969842
2010-06-09,51.14909025749464,52.688057777023275,51.04534049053035,52.34222412109375,1640585
2010-06-10,52.56700208354252,53.05117303298279,51.89262382744105,52.221168518066406,1702717
2010-06-11,52.42003934546055,52.72264421864317,51.39117618034814,52.169307708740234,514242
2010-06-14,52.48054694751624,52.541067906731406,51.512208301928716,51.685123443603516,716605
2010-06-15,51.875338676436265,52.38544630534703,51.18366815371282,51.33929443359375,576250
2010-06-16,51.44303702228418,51.82345493225972,50.49199059827296,50.673553466796875,467745
2010-06-17,50.75138476897617,50.98482423987333,49.670648310088886,50.44013214111328,1011562
2010-06-18,50.44013170348776,51.002115976491666,49.99054494471381,50.180755615234375,575945
2010-06-21,50.66492181177279,52.56701856164544,50.16346183028987,50.301795959472656,1278382
2010-06-22,50.30179309932617,50.54387698709477,49.54095378300907,50.22397994995117,1607352
2010-06-23,50.146173657297496,50.561176077994155,49.808984396615585,49.9732551574707,1090400
2010-06-24,50.14618085469107,50.47472572170283,48.676378342424265,49.419925689697266,2047422
2010-06-25,49.039496299782506,49.290224639821986,48.26136476684404,48.5120964050293,1173792
2010-06-28,48.72823768902418,50.31908161755807,48.41698511415848,49.92137145996094,1324937
2010-06-29,50.14616552773894,51.51221782694927,49.83491293813935,51.24419403076172,3314310
2010-06-30,51.04533813967239,52.36815832651888,50.71679337824645,51.90127944946289,1833212
2010-07-01,51.63324816016949,51.78887441998319,50.88105347168837,51.57272720336914,900792
2010-07-02,51.529503985265315,51.892633086675055,50.57845738782923,50.863773345947266,381027
2010-07-05,51.131768029432344,51.70239635959164,50.768642409396286,51.37385177612305,317777
2010-07-06,51.27013395647234,51.7888894053372,50.93294472869034,51.58138656616211,850797
2010-07-07,51.27012464890422,52.02231612033798,51.07126958395715,51.71971130371094,576337
2010-07-08,52.2903447392792,52.87826555028425,52.16065836217674,52.575660705566406,1539442
2010-07-09,53.01661471693311,53.604535694857454,52.24713078062971,53.18953323364258,1029832
2010-07-12,52.757210409967506,53.84659087648102,52.60158415787349,52.71398162841797,647667
2010-07-13,52.73992639558119,55.33369326749502,52.73992639558119,54.52098083496094,1835910
2010-07-14,54.01086703661416,55.636291715650444,54.01086703661416,55.03108215332031,2003692
2010-07-15,54.99652198546743,55.31641908021276,53.67370150604669,54.00224304199219,1619470
2010-07-16,54.07138898198943,56.71702882612926,53.604510198384226,56.163692474365234,5735425
2010-07-19,55.869731428962126,58.35109709879227,55.869731428962126,57.123382568359375,6768812
2010-07-20,57.70267902628084,58.39435299681128,56.80350550310802,57.356842041015625,2379450
2010-07-21,57.616232602323244,57.841027675783025,56.24153872957722,56.54414367675781,2234802
2010-07-22,56.85536583305538,56.95047113628273,54.64201714261496,55.88702392578125,2803765
2010-07-23,57.019630392303554,57.019630392303554,54.64201442077793,54.89274597167969,1237522
2010-07-26,55.16078090118197,55.48932566468008,54.29619184850468,54.92734146118164,887607
2010-07-27,55.05703371240214,55.765996504891746,54.39994415468526,55.37693405151367,626227
2010-07-28,55.42014461930699,55.92160774133017,54.47774262976754,54.987850189208984,1045182
2010-07-29,55.33370469910811,55.40287341309199,54.31348925486664,54.51234436035156,1472982
2010-07-30,54.814942053072116,55.42015169395139,54.34806321741223,55.05702590942383,884010
2010-08-02,55.281817556722466,56.39714141776798,54.82358645801023,56.29338836669922,1263677
2010-08-03,56.59598976859166,57.30495241734806,56.41442688740538,56.88130569458008,1302620
2010-08-04,56.04265418411499,56.976411811714016,55.852443564090365,56.15504837036133,343577
2010-08-05,56.15504383121571,56.15504383121571,54.83222393052212,54.987850189208984,820020
2010-08-06,55.333701958342196,55.84380635705084,54.7284889335437,55.37693405151367,1287830
2010-08-09,55.307761394717744,56.50953962067467,55.307761394717744,56.302040100097656,380455
2010-08-10,57.06286402106344,57.06286402106344,55.765980747857455,55.973480224609375,777460
2010-08-11,56.02536762098481,56.37119793026408,54.85817053829628,55.091609954833984,280170
2010-08-12,55.33369798545938,57.04558716925249,54.46910895443658,56.87266540527344,1412760
2010-08-13,57.097449663008526,57.737243578689416,56.87265471025432,57.42599105834961,1348860
2010-08-16,57.11475817662986,58.79206326893947,56.73434342919166,58.61050033569336,1905010
2010-08-17,58.61914744941014,59.44915224809787,57.85830477006089,58.67966842651367,1434335
2010-08-18,59.111943043325944,59.111943043325944,57.77182766477172,58.385684967041016,457965
2010-08-19,58.61912182069001,58.93037430865246,57.547026986024306,57.970680236816406,364457
2010-08-20,57.75454883443675,58.273300924124,57.23579014845879,57.590274810791016,476355
2010-08-23,57.33089275883548,59.77768113852344,57.33089275883548,59.042781829833984,2264410
2010-08-24,59.40592078504544,60.31374204756786,58.29924770833092,58.61050033569336,1061562
2010-08-25,57.67672050207181,59.31079287565714,57.67672050207181,58.28193664550781,527227
2010-08-26,60.24457076169882,60.24457076169882,57.702676612084275,58.21278762817383,923347
2010-08-27,58.7920684208024,59.570200057395034,57.77185285200149,59.10332107543945,865410
2010-08-30,59.39726500930191,61.38582245989954,59.310807423687,60.77196502685547,1599440
2010-08-31,61.38581600212745,61.62789985489841,59.328096657284014,60.37424850463867,1592897
2010-09-01,61.19560955359494,61.33394696250225,60.17539424992103,60.33966827392578,755412
2010-09-02,60.979467150409974,60.979467150409974,59.65664690488223,59.97654724121094,423155
2010-09-03,60.29781909168506,60.40201614833353,59.759443340887856,59.92443084716797,408700
2010-09-06,60.0894210187479,61.3832587549829,59.828921711911704,61.05328369140625,1398927
2010-09-07,61.4440361894635,61.71322076597339,59.92443387056384,60.124149322509766,1175640
2010-09-08,60.73199026500766,60.93170570393115,59.438152747894925,60.254398345947266,1072815
2010-09-09,60.610429038042476,61.47877325563655,60.358608419947316,60.76673126220703,749095
2010-09-13,60.95777244876974,61.51351231853505,60.34993403650826,60.8275260925293,1308027
2010-09-14,61.218279230063054,62.67709806394734,60.124163448414365,62.06925964355469,1125392
2010-09-15,62.173457703480715,62.86813587332868,60.758058716722346,61.40931701660156,1816282
2010-09-16,61.65245187637583,63.180739862379596,61.235643652941356,62.00847625732422,1168020
2010-09-17,61.82610693821235,63.30229611401839,61.287737751985155,61.74795913696289,1538182
2010-09-20,62.190829300386916,62.60763090903697,60.90567665300797,61.36589813232422,881202
2010-09-21,61.32246129182872,61.99976861398712,59.047397418094484,59.51630401611328,1847292
2010-09-22,59.65526537442608,60.03733908000805,57.927261649081665,58.691402435302734,1320400
2010-09-23,58.170382381997506,59.65525032928308,57.89251247300152,59.16897964477539,1197730
2010-09-24,59.39476020147012,59.707364725552246,58.743501880456066,59.47290802001953,878395
2010-09-27,59.915747423661,60.24571582159543,59.08213781971594,59.55104446411133,325377
2010-09-28,59.06477343419329,59.59446396085119,57.579905550017195,59.19502639770508,347037
2010-09-29,59.0561002930385,60.05469760690731,58.39615674105558,59.698673248291016,1365360
2010-09-30,60.47149630841456,60.47149630841456,58.71744374358416,59.655250549316406,665117
2010-10-01,59.91576566763772,62.824718183034584,59.91576566763772,61.52220153808594,1515117
2010-10-04,61.9998004945689,62.88550899630228,61.461424503354976,62.538169860839844,488587
2010-10-05,62.90284529995792,63.719084204568155,62.09528506591867,62.529457092285156,1274460
2010-10-06,61.86081668572725,64.37901528426988,61.86081668572725,64.15324401855469,1561912
2010-10-07,64.43112439547002,64.83924714968347,62.138696685573294,62.850738525390625,1678805
2010-10-08,63.38913350276125,63.910138754508026,62.02583322530225,63.18073272705078,1945620
2010-10-11,63.38914202668577,66.54991515391144,63.22415446855265,65.4471206665039,2573917
2010-10-12,65.64682729997666,65.64682729997666,63.232831222700035,63.92750930786133,1699397
2010-10-13,64.2574884479124,66.36756569842937,63.58886614525333,66.09838104248047,959205
2010-10-14,66.34149580364047,66.86250097979367,64.6916405583718,64.99555969238281,770072
2010-10-15,65.29949232284396,65.6120968181347,62.737879146094265,63.25888442993164,856730
2010-10-18,63.38913533735316,63.99697371115944,60.18494267771666,63.22414779663086,1203957
2010-10-19,63.432570760485206,63.85805772650251,62.025850232603275,62.477386474609375,590235
2010-10-20,62.01715834126739,63.96225465765555,60.9664623634123,63.093910217285156,1430147
2010-10-21,63.224156334346205,64.60482743406666,63.224156334346205,64.04908752441406,573667
2010-10-22,64.08380889892578,64.60481412880709,62.433953483517485,64.08380889892578,822510
2010-10-25,64.25748673088015,65.87260787330034,63.91883293891547,65.18661499023438,680765
2010-10-26,65.29949591812891,65.29949591812891,63.910146209753364,64.6742935180664,338087
2010-10-27,64.5527146521601,65.12582509295,63.753839454339214,64.12722778320312,244007
2010-10-28,64.6048108260873,64.72637848601349,61.66980314373668,62.19081497192383,1459157
2010-10-29,62.6770846918775,63.12862076141432,61.20090220018432,62.520782470703125,1023290
2010-11-01,62.763926737059286,63.736474765822045,62.69445760108878,63.0852165222168,243997
2010-11-02,63.37176081877138,64.25746896246952,62.83338504518839,64.05774688720703,1191662
2010-11-03,64.25748855745331,64.60482765842801,63.736483218462425,64.32695770263672,261377
2010-11-04,64.13589848269707,64.95214409138002,63.93617641623253,64.26615142822266,534820
2010-11-08,64.51798837329173,65.29949299461676,63.936192619162135,64.83927154541016,663975
2010-11-09,64.95215221457521,65.38632433733322,64.43114036731292,65.16055297851562,342870
2010-11-10,64.77848740839335,65.36896183342719,63.58017458624008,63.94487762451172,2300347
2010-11-11,64.76111700257259,64.76111700257259,62.69445340779731,62.93759536743164,943607
2010-11-12,62.26895950374823,63.19808749868163,59.30790933529215,60.16756820678711,2035745
2010-11-15,60.35861549502531,61.478780462017326,60.09810954923502,61.03592300415039,377257
2010-11-16,61.03591224266496,61.652435805729425,59.56840848167447,60.506221771240234,890182
2010-11-18,60.992491278072336,61.47876850732705,58.7000632506748,60.8882942199707,840260
2010-11-19,60.48888714092113,62.173471135589786,58.700092785836794,59.04743194580078,2560142
2010-11-22,59.394768693850246,61.035939367468075,59.394768693850246,60.78411865234375,604915
2010-11-23,59.915752570097354,60.76673284041472,58.56113767545012,59.57709884643555,529887
2010-11-24,60.21099970445739,60.61044397292457,58.17907691457727,58.517730712890625,1180525
2010-11-25,59.39475066525461,59.39475066525461,54.149950367115345,55.14854431152344,1451085
2010-11-26,54.79251004501905,56.44236511965852,49.8429514460402,54.43648910522461,2154587
2010-11-29,54.358350437747575,56.44237802839978,53.663675678353684,55.200645446777344,1395752
2010-11-30,55.018294597339455,59.04741156217492,54.219416130190034,58.48298645019531,2559102
2010-12-01,58.82163546242239,60.23704077748583,58.05749493568982,58.604549407958984,704055
2010-12-02,59.11686474647794,60.0459926186344,58.022749384192025,58.882408142089844,422130
2010-12-03,58.88242843411757,59.74209411321224,56.27739537612765,56.85050582885742,716145
2010-12-06,57.31072286999267,58.00540094869631,55.426417359556055,55.756385803222656,757010
2010-12-07,56.26871236411503,56.70288450697104,53.83734571414493,54.18468475341797,1956420
2010-12-08,54.184679160516744,54.6883170717599,53.50736843509288,53.950225830078125,824407
2010-12-09,53.17739821790775,54.53201299776777,51.27572237315023,51.614376068115234,988830
2010-12-10,51.23230085616395,53.48999414517648,50.57236081109669,52.94293975830078,699100
2010-12-13,53.59420990276337,55.22669476056509,52.95163367950102,54.992244720458984,748662
2010-12-14,55.799815707712426,57.65807228392369,55.09645551707917,57.17179489135742,915280
2010-12-15,57.79699636705978,57.79699636705978,54.801211084640165,55.12249755859375,1903815
2010-12-16,55.521927795948905,56.26870766171844,54.21941147623265,55.66954803466797,1239662
2010-12-20,55.226689402074484,57.91855507793378,54.72305149214239,57.34545135498047,1025600
2010-12-21,57.3454533967676,57.92724243735709,55.27011122963625,55.4090461730957,1142350
2010-12-22,55.74770924411058,56.2687211972801,55.05303768145487,55.56536102294922,709180
2010-12-23,55.57405552124409,56.44240013876353,55.34828737817664,56.06901168823242,771810
2010-12-24,55.67825926032615,56.91130702721727,55.148565201171955,56.06901168823242,1690450
2010-12-27,55.660857994951805,56.442369045180776,55.226685925373495,55.52192306518555,1045887
2010-12-28,55.64350464582688,56.16450990375848,55.053030253520056,55.16591262817383,1263902
2010-12-29,55.261431328035414,55.46983541980798,51.95304162873479,53.6028938293457,2254797
2010-12-30,54.53202522660951,54.53202522660951,52.67376882344113,52.90822219848633,2006962
2010-12-31,53.316327853969376,54.132570096940235,53.01240543839071,53.889434814453125,662757
2011-01-03,54.59279382558209,54.59279382558209,53.099244193612996,53.32501220703125,1071662
2011-01-04,53.86339072532743,54.65358383036915,53.3337002229149,53.498687744140625,1698595
2011-01-05,53.142673243524335,53.66367851246771,51.935675164244614,52.3264274597168,2746842
2011-01-06,52.67375900497404,52.708493567944124,51.093372827007585,51.77936553955078,2640312
2011-01-07,51.75331901767159,51.75331901767159,50.38133674449521,50.66788864135742,1586860
2011-01-10,50.53763154762359,51.00653819618979,49.3914175038863,50.59841537475586,1278562
2011-01-11,50.88497252910254,51.518866756593404,49.58245613352001,50.01662826538086,1382090
2011-01-12,50.22503559273434,50.69394232044735,48.84436799167095,49.938480377197266,1504902
2011-01-13,50.19029768217407,51.10205849479938,49.200385753468275,49.66929244995117,1580025
2011-01-14,48.97462187027809,49.58246025543806,47.620003513769966,48.45361328125,2588315
2011-01-17,48.27993703856693,48.27993703856693,46.934004167544614,47.376861572265625,1719645
2011-01-18,47.23793018323128,49.026717281043894,47.09899523085292,48.67069625854492,1783777
2011-01-19,48.974615079368135,51.12810833631961,48.974615079368135,49.55640411376953,2525900
2011-01-20,49.55641675825361,51.57966088659925,49.34801594834206,50.73736572265625,2327285
2011-01-21,50.64067712434758,51.73048145959442,49.96394430084813,50.16608810424805,1083925
2011-01-24,50.271562978626314,50.79888571772671,49.69150662456139,50.31550598144531,398087
2011-01-25,50.50004687596879,50.781285996163724,48.21497818622627,48.452274322509766,1670627
2011-01-27,48.51382243182136,49.18176487946166,46.123285214218214,46.615455627441406,2659637
2011-01-28,46.66817371644725,46.66817371644725,44.54130181085077,44.72586441040039,1890407
2011-01-31,43.451496203273145,44.11944181116516,42.28259641841564,43.09994888305664,1824892
2011-02-01,43.152667035492634,43.943654151269385,42.88900578111197,43.23176574707031,1358997
2011-02-02,43.24057917108985,44.954383257797986,42.642944891082536,44.25128173828125,2975500
2011-02-03,44.67313732529845,46.36057267402615,44.39189474787448,45.99144744873047,1556215
2011-02-04,46.05295852435178,47.090029202415494,44.47098403060354,44.81374740600586,1227922
2011-02-07,45.45532140117791,46.404502680905146,44.84010951197661,46.07052993774414,1279657
2011-02-08,45.701423598737755,46.6506086212078,45.156522948414086,45.51686096191406,535650
2011-02-09,45.53443227877292,45.63110553702117,44.11944556158227,44.936798095703125,1662972
2011-02-10,46.56271157088348,46.56271157088348,43.42513385222529,44.36552810668945,1383290
2011-02-11,44.470983846424836,44.470983846424836,42.010139486814715,43.978816986083984,1390485
2011-02-14,44.64678072117614,46.74728820692297,43.35483873628805,46.4133186340332,1379800
2011-02-15,46.14964213560068,47.26581178921516,45.525642807617835,46.0617561340332,599990
2011-02-16,45.613538506833315,46.052975281070104,44.1633958107973,44.76981735229492,936532
2011-02-17,44.813750782072724,46.228733970646665,44.321580529980345,45.464115142822266,555632
2011-02-18,45.6926165522515,46.42207952351847,42.449572482455274,42.84506607055664,1568225
2011-02-21,42.88902342202289,43.2229962696784,41.227953148302866,42.27381134033203,1687005
2011-02-22,42.15077029972844,43.53060136249851,41.333417714439655,43.01206588745117,771540
2011-02-23,43.0647947254833,43.548174403915645,42.98569598882086,43.240570068359375,593262
2011-02-24,43.24057015568879,43.83820431109295,41.57950003505859,42.0892448425293,1211912
2011-02-25,42.53745800964344,43.926075719504205,41.65858493797836,43.513004302978516,530090
2011-02-28,43.794257816294,44.822537960234314,43.27572243911921,43.62726974487305,885062
2011-03-01,43.73274134909966,45.13894087914628,43.618490214622405,44.83133316040039,1079420
2011-03-03,44.64675756013196,46.044166071929254,44.295210294306294,45.65746307373047,1228937
2011-03-04,45.745355017550146,49.515722314053036,45.38501709532297,47.01972198486328,3200205
2011-03-07,46.237527694917816,46.756063107934345,45.70141441250327,46.21116256713867,524127
2011-03-08,46.29907008859977,46.55394428442318,44.031574171501596,44.88408279418945,1836377
2011-03-09,44.97194989849607,45.34986572559569,44.47099233283116,44.717079162597656,882665
2011-03-10,44.96314418868255,44.98072205164091,43.17024239854425,43.31965255737305,1761120
2011-03-11,43.064797860313746,43.83820741368605,42.133190822100836,42.68688201904297,871417
2011-03-14,43.06479720336943,43.06479720336943,41.93104969685216,42.28260040283203,950455
2011-03-15,41.834370540592644,42.124400358281015,40.09420169236985,40.885189056396484,3016390
2011-03-16,41.394935305291575,41.81679748258031,40.95549861053207,41.34220504760742,2462135
2011-03-17,41.342194314883805,41.72889729893244,40.82365901557755,41.24551773071289,753950
2011-03-18,41.64101033957871,41.816785638222385,40.19965892544355,40.50726318359375,1630622
2011-03-21,40.49849657040289,40.50728383112842,38.71438090582026,38.92531204223633,2799997
2011-03-22,39.021979490964966,39.41746983064589,38.2397793649891,38.8198356628418,3140230
2011-03-23,38.758308839975136,40.305127631705176,38.705578590857655,40.11177444458008,1887725
2011-03-24,40.164511486238716,41.20158227441762,40.146933617482304,41.06096267700195,1149355
2011-03-25,41.39493540763504,43.240571541769626,41.22795067016251,43.047218322753906,2513817
2011-03-28,43.02084365726396,44.0930666776522,42.7396045024767,43.706363677978516,1386532
2011-03-29,43.76787747816352,44.20731400576081,42.88900442296893,43.10872268676758,1284780
2011-03-30,43.24057207048212,44.71707965478902,43.17026058902181,43.91730499267578,1350250
2011-03-31,44.47098921881033,45.516850628652094,43.41634390345174,43.934879302978516,1968120
2011-04-01,43.94366514015638,44.96315803730258,42.22107427129478,42.475948333740234,3607545
2011-04-04,42.765987721886816,43.486663780061285,42.194718561136426,43.302101135253906,1682262
2011-04-05,43.38119880446589,44.54131161797738,43.08238166446223,44.25128173828125,944997
2011-04-06,44.47101254306409,45.5256617642031,44.22492895409872,45.209266662597656,1594665
2011-04-07,45.3762190465208,46.193571296917106,45.3762190465208,45.903541564941406,1647067
2011-04-08,46.035382558489005,46.404507720516385,43.592112602047266,45.472904205322266,3930922
2011-04-11,45.12135753550956,45.12135753550956,43.2581469882527,44.00518798828125,1700465
2011-04-13,43.4778698132389,44.97195196756973,43.15268422905698,44.743446350097656,1750842
2011-04-15,44.48856162131143,44.89284585200138,43.94366116164491,44.29521179199219,1078175
2011-04-18,44.470988567120585,44.884060099585376,43.41634326721705,43.56575012207031,903860
2011-04-19,43.59210710411719,44.10185514278118,43.07357180907125,43.179039001464844,1012090
2011-04-20,43.03842846045435,43.24056892599901,41.46524437986051,41.64980697631836,2588882
2011-04-21,41.65860031686598,42.01014766373008,39.90964078343897,40.023895263671875,4261887
2011-04-25,39.90086182133591,40.37545100591691,38.81105710838837,39.259281158447266,6144792
2011-04-26,39.54929838873495,40.726988741527144,39.197747728669746,40.15571975708008,5404977
2011-04-27,40.252406266943524,40.64790001873416,39.57567325890985,40.01511001586914,4503432
2011-04-28,40.16450783223716,40.410591267168,39.558083149535655,39.74264907836914,2116687
2011-04-29,39.74264486889525,41.201574162066414,39.7162763946346,40.70940399169922,3287792
2011-05-02,40.77971545288096,41.54433415373992,40.41058698694681,40.70940399169922,2918150
2011-05-03,40.603948442719116,40.603948442719116,39.12744098279219,39.27684783935547,3152252
2011-05-04,39.31200209094634,39.31200209094634,37.6509320994837,37.78276443481445,1538225
2011-05-05,37.79154793203154,38.116730080150695,37.220279005958375,37.81791305541992,1947427
2011-05-06,38.03764924437468,38.107960743320966,36.930269957065015,37.694889068603516,2970900
2011-05-09,36.95661679868934,37.404844000999745,36.14805507687979,37.07965850830078,3219665
2011-05-10,37.24665517231738,37.77397786477287,36.61386525926206,37.650936126708984,6646207
2011-05-11,37.79156123157925,38.47708150200611,37.4400104837193,38.310096740722656,2270885
2011-05-12,38.25736255768795,38.45950306129904,37.79156067339439,37.94096755981445,1682632
2011-05-13,38.107950284190565,38.107950284190565,37.28180716149939,37.94975280761719,1265495
2011-05-16,37.527878364141635,38.881343610182974,37.106019719784825,38.23097610473633,1714582
2011-05-17,38.125525712213296,39.171383760230704,37.44000224009023,38.7583122253418,2991887
2011-05-18,38.529809104174284,38.75831470776034,37.826711070868086,37.94975280761719,2742920
2011-05-19,37.949748221283336,38.14310141431372,37.63335330637379,37.89701461791992,2640405
2011-05-20,37.31696504175383,37.73882388593457,36.08654425105236,37.62457275390625,1256395
2011-05-23,36.38535947657119,37.571837205153244,35.840455564025504,37.13240051269531,2507245
2011-05-24,36.033803526091425,36.27988696513359,35.1988732616671,35.4889030456543,15991517
2011-05-25,34.144232005339234,35.752572019338174,34.144232005339234,35.339500427246094,43133740
2011-05-26,34.97916288947317,35.3307136130402,34.205753309207395,35.190093994140625,67467882
2011-05-27,34.451831371400694,35.27797100268722,33.66084412139794,35.06704330444336,85992595
2011-05-30,35.146154550323615,35.23404056379555,34.58367266513908,35.17251968383789,7800340
2011-05-31,35.19009233190254,35.65589416888552,34.99673910781028,35.55043029785156,11891647
2011-06-01,35.64710934187523,36.08654607923872,35.55043272323346,35.9635009765625,10703860
2011-06-02,35.69983733260177,36.44688175015677,35.620738590805026,36.068965911865234,7840035
2011-06-03,36.1919993677964,36.43808279587307,35.71740702567544,35.849239349365234,4941765
2011-06-06,35.69983111125649,35.94591790542571,35.33070594895583,35.691043853759766,2366950
2011-06-07,35.68226468352793,35.96350395048613,35.444971776049115,35.54164505004883,4552675
2011-06-08,35.50648979925347,35.73499542803243,35.27798081783827,35.427391052246094,5079667
2011-06-09,35.35708232371086,35.594378583248904,35.08463031772945,35.17251968383789,2189937
2011-06-10,35.15493499848867,35.51527294811775,34.9967375227846,35.260398864746094,2833215
2011-06-13,35.15493375914177,35.56800530365513,34.979158419818916,35.32191848754883,2434585
2011-06-14,31.62186975633289,35.49770195684787,31.62186975633289,35.17251968383789,2630845
2011-06-15,35.17252116832158,35.313140807393545,34.45184509899817,34.64519500732422,3698537
2011-06-16,34.627611208633716,34.627611208633716,32.97532837773709,33.13352584838867,8449807
2011-06-17,33.16868302435335,33.309302631844915,31.64822911801614,31.762483596801758,11520985
2011-06-20,32.1228199073583,32.34253824236435,30.804509897321957,30.936342239379883,15310195
2011-06-21,31.28788669897126,31.63065008641001,29.565295914883258,30.048675537109375,10516580
2011-06-22,30.496909163569217,30.909977402270304,30.162936316261767,30.760570526123047,6380937
2011-06-23,30.760562794812316,31.01543683403037,30.075042753942647,30.769350051879883,7285240
2011-06-24,30.86603168847004,31.788848052640155,30.804510821034423,31.35820198059082,8185040
2011-06-27,30.936349241996652,32.597419694213364,30.936349241996652,32.41285705566406,5194400
2011-06-28,32.527094100035235,32.69408214572941,31.41092813977592,31.692167282104492,6360150
2011-06-29,31.832801927204,32.738040635696315,31.560349912279893,32.5359001159668,5919417
2011-06-30,32.175553951260454,32.781975357156114,31.903102005207504,32.3161735534668,12021545
2011-07-01,32.51831825233771,33.880571454543535,32.351333500693656,33.722373962402344,9165105
2011-07-04,33.924511493814066,34.5397235369943,33.643272277383545,34.10907745361328,5697092
2011-07-05,34.24969651866795,34.768231944357595,33.80146921965298,33.92451095581055,3667287
2011-07-06,33.915735620296374,34.80339656651604,33.83663685458278,34.62762451171875,5050322
2011-07-07,34.71549700267649,35.216454539314384,34.57487740208754,35.13735580444336,2756980
2011-07-08,35.330706711083856,35.330706711083856,33.748735469347224,34.091495513916016,4768515
2011-07-11,33.59932927843551,34.89127423385042,33.59932927843551,34.10907745361328,3062807
2011-07-12,33.62569300141248,34.11786328590659,32.79076599839973,33.00169372558594,3369917
2011-07-13,33.17746729208477,34.27605892427301,33.17746729208477,34.17938232421875,4568055
2011-07-14,34.21455169051672,37.791567201622094,34.21455169051672,37.46638488769531,80126837
2011-07-15,37.52789217461106,37.94975097421422,36.60507584093942,37.14118576049805,18542842
2011-07-18,37.44000071714081,38.222200759453095,37.22028239520305,38.11673355102539,20008082
2011-07-19,38.22221112904054,38.34525288628491,36.807224215457346,37.67730712890625,11413502
2011-07-20,37.80034188615071,38.10794957493422,37.17634260274493,37.396060943603516,8995325
2011-07-21,36.91268280014502,37.61578084962059,36.16564175119647,36.701751708984375,6388265
2011-07-22,37.070877203449115,37.246652539387526,36.51718606866561,36.75448226928711,4595007
2011-07-25,37.03572871687083,37.65094083678834,36.605082579774006,37.20271682739258,4407735
2011-07-26,36.6665869974527,37.580612478251616,35.31312161171059,35.44495391845703,8651585
2011-07-27,35.33071161847001,35.68225896955452,33.66964141629446,33.82783889770508,11442947
2011-07-28,33.65205403549961,33.65205403549961,32.25464557971547,32.7028694152832,21524340
2011-07-29,32.78198386063263,33.379618163191786,31.657026751173813,32.36891555786133,12456610
2011-08-01,32.57104791236836,33.713582609273615,32.57104791236836,33.01927185058594,5344790
2011-08-02,32.99291105306313,33.08079705950046,31.12969687233839,31.542768478393555,10162677
2011-08-03,30.822084197578103,32.27222638176174,30.822084197578103,32.11402893066406,7847735
2011-08-04,32.412848025866296,32.95774852948245,32.166761223720655,32.641353607177734,10576477
2011-08-05,31.815211704870997,31.859154695993578,30.25081507035157,30.778141021728516,15910220
2011-08-08,29.591658303855333,30.795716972013814,29.09070086043922,30.11898422241211,12237310
2011-08-09,29.002821600085586,31.340624661623412,29.002821600085586,30.742990493774414,8740937
2011-08-10,31.446093926519087,31.51640541839915,30.29477174439297,30.514490127563477,6353497
2011-08-11,30.365071268563725,30.84845090386875,29.828958029310048,30.444169998168945,5631550
2011-08-12,30.760558810931684,31.252728958855133,29.57408145499254,29.767431259155273,5904492
2011-08-16,30.23325288270495,30.46175854128984,28.8797867474285,29.494998931884766,5098360
2011-08-17,29.494987365800103,30.02230997275879,27.693296204298964,28.00090217590332,8123542
2011-08-18,28.080006652319035,28.299725008984073,26.04101889436034,26.33104705810547,8389895
2011-08-19,25.504904993333955,26.04980553104084,24.283269898182297,25.619157791137695,7825105
2011-08-22,26.005857855946886,26.366195730153578,25.144562531078087,26.032224655151367,6623150
2011-08-23,26.22558356496329,27.174766812432235,25.504907612889212,26.35741424560547,6974412
2011-08-24,26.26073269742532,26.559549744780462,24.713917209880478,25.083044052124023,15383377
2011-08-25,25.460965437906395,25.46975437432222,23.90536057130609,24.02840232849121,19990245
2011-08-26,23.922929479620368,24.652394216717866,22.921014501908015,23.386817932128906,10463267
2011-08-29,23.90535710051617,24.960004172519017,23.72079281521694,24.573299407958984,9590710
2011-08-30,24.784228843671155,26.190424845773972,24.7314952363539,25.584003448486328,10430100
2011-09-02,25.663101949576518,25.997073077956898,25.056678881490257,25.9091854095459,11122940
2011-09-05,25.909186599122044,26.014652141321083,24.995159164108046,25.680679321289062,6436900
2011-09-06,25.55763600465178,25.66310154032669,24.801804415215436,25.540058135986328,4528930
2011-09-07,25.663100055643575,26.94625422026689,25.663100055643575,26.410140991210938,8252715
2011-09-08,26.524395741837036,26.73532512695029,25.93555057977672,26.25194549560547,8475325
2011-09-09,26.28710252925559,27.016567363927702,25.74220197513894,26.014652252197266,8339390
2011-09-12,25.934744685380565,25.934744685380565,25.073509309641857,25.277719497680664,3155947
2011-09-13,25.544076730683724,26.014647786301303,25.393138429537373,25.48192596435547,5930715
2011-09-14,25.41089707722492,25.872589224584644,25.224443078873854,25.588470458984375,6820157
2011-09-15,25.74828237757848,27.87029545229945,25.74828237757848,27.701601028442383,11353047
2011-09-16,27.88806262137606,28.9002362769409,27.4441265698502,28.624998092651367,11618435
2011-09-19,28.35863066860954,28.944624328952333,27.70160562624553,27.879179000854492,6296740
2011-09-20,27.87918157702787,28.4918137557202,27.808151881924523,28.278724670410156,3569842
2011-09-21,27.515149016706356,29.353045208034782,27.515149016706356,29.113319396972656,7977577
2011-09-22,28.438536954888207,28.846960618514917,26.893641686824054,27.19551658630371,7157510
2011-09-23,27.009064051499653,27.16888126910613,25.925860911639848,26.645036697387695,4794077
2011-09-26,26.72495021667948,26.93803931481438,25.570715484930112,26.60064697265625,4017867
2011-09-27,26.991305977227913,27.4707576259739,26.911397369103582,27.35533332824707,2122290
2011-09-28,27.506279686714073,27.772642356384324,26.831496627757275,27.06234359741211,3319832
2011-09-29,26.991309601206062,27.33758084739724,26.325405573083472,26.733827590942383,4486960
2011-09-30,26.849250895415025,26.849250895415025,26.192225774129234,26.63616180419922,2674170
2011-10-03,26.54737516692533,26.54737516692533,25.126779483446576,25.26883888244629,6821922
2011-10-04,25.304363715044648,25.46418101999156,23.919283227975125,24.0435848236084,7687635
2011-10-05,24.15012235480216,24.451999011248315,23.581883046119106,23.706186294555664,6019467
2011-10-07,23.97254857705757,24.975843383483927,23.97254857705757,24.700603485107422,4894272
2011-10-10,24.949209283763196,25.606234511838952,24.611816897722075,25.49968910217285,2938837
2011-10-11,25.74828804185857,26.973550658718622,25.730530195394152,26.2810115814209,10982967
2011-10-12,26.387556281571328,26.955795535776165,26.245496891390495,26.875886917114258,4899327
2011-10-13,27.337577703342888,27.337577703342888,25.899224422889105,26.42306900024414,7140102
2011-10-14,26.10343754305104,26.582889255790995,26.03240784784677,26.307647705078125,3362370
2011-10-17,26.458587502902652,26.92916031844719,25.535201413462516,25.90810775756836,3827617
2011-10-18,25.42865939355606,25.73053607854787,25.12678270856425,25.49968910217285,2994567
2011-10-19,25.83707934903997,26.76046548460672,25.70389886809536,26.62728500366211,4321872
2011-10-20,26.405310870977978,26.813732837470237,25.67725616275407,26.645036697387695,3313352
2011-10-21,26.813738430802648,26.822615661649188,25.872592773793382,26.15671157836914,3299170
2011-10-24,26.378679880001904,26.591770679127762,25.508565608584405,25.659503936767578,3490210
2011-10-25,26.121202235750093,26.281019515213053,25.00248297299135,25.854841232299805,5750605
2011-10-28,26.63616259376826,27.746002701841935,26.63616259376826,27.586185455322266,6336982
2011-10-31,27.70161116270956,27.834791643654167,26.467467749135903,26.62728500366211,7935620
2011-11-01,26.547367529449975,27.728237002333955,26.334278492254494,27.4529972076416,7362275
2011-11-02,27.72823948840547,28.749293545049834,26.93803402627182,27.710481643676758,13192795
2011-11-03,28.05674871588892,29.796978293312275,27.87917368167883,29.290891647338867,18492970
2011-11-04,29.477347791368263,30.36521969239163,28.909110316627313,29.139955520629883,9590627
2011-11-08,29.237624314679476,30.445130738751512,29.16659293116334,30.249797821044922,8076115
2011-11-09,30.43625348568449,30.880189520829074,29.459595563151666,29.91240882873535,18576590
2011-11-11,29.796995316467612,30.169900053085065,29.113333245704947,29.299785614013672,8567407
2011-11-14,30.18764552407286,30.640458716670402,28.97126193218769,29.104440689086914,10983775
2011-11-15,28.891354572813515,29.75258807629052,28.1455419862486,28.571720123291016,12285965
2011-11-16,28.58947628168274,30.187645048008314,28.58947628168274,29.89464569091797,13736897
2011-11-17,29.80586973949125,30.25868646208691,28.784815345920684,28.980148315429688,5458010
2011-11-18,28.94462172585287,29.503981954595037,27.05345538013311,28.545082092285156,12377690
2011-11-21,28.394149451634703,29.210993547734432,27.985729097066482,28.616117477416992,8917445
2011-11-22,29.290904654685438,30.063352501517407,28.163304888238308,29.15772247314453,7180110
2011-11-23,29.21099072079953,29.21986795070787,28.234329469697265,28.651630401611328,6383637
2011-11-24,28.891347885131836,29.83248978313679,27.79926433321594,28.891347885131836,10950322
2011-11-25,28.793696319901116,29.983445228293167,28.500696862023112,28.758180618286133,10238047
2011-11-28,29.068923585288793,30.258671906696847,29.068923585288793,29.992307662963867,14252077
2011-11-29,30.1432617570007,30.542804922930205,28.713786978321604,29.210996627807617,14501025
2011-11-30,29.193228313152513,29.601648564387656,28.26096182464763,28.74041175842285,58908395
2011-12-01,29.29977411318143,30.34746327667039,29.07780612747551,30.08110237121582,13049000
2011-12-02,30.089988714782166,32.318549863010546,29.832504960499197,32.04330825805664,15179055
2011-12-05,30.18765148014981,32.61154191314977,30.18765148014981,31.49282455444336,13052822
2011-12-07,31.776933692616662,31.776933692616662,30.551669615626576,30.71148681640625,7453282
2011-12-08,30.613822651918202,31.2353336582216,29.210986813596975,29.432954788208008,7975810
2011-12-09,28.76705716595204,29.743715113397712,28.67826792448037,28.846965789794922,7314535
2011-12-12,29.184357945372646,29.27314719657644,26.254380394919792,26.49410629272461,16274110
2011-12-13,26.458588058388344,27.497398489243846,26.085681706453506,27.28430938720703,9281972
2011-12-14,27.16000079972927,27.976842992709145,26.59176334147587,26.769336700439453,6277215
2011-12-15,26.636163732516504,27.932456221294434,26.209985519231846,27.7548828125,5896280
2011-12-16,27.976849424613746,28.926873972079377,26.511860832326146,26.751585006713867,13561707
2011-12-19,26.458591662982563,26.529621373338255,24.86042233323855,25.197813034057617,8488075
2011-12-20,25.33986013615178,25.499675625968038,24.41647271864841,24.72722816467285,6674417
2011-12-21,25.57071285689595,25.748287933832195,24.744993321542292,25.508562088012695,4387355
2011-12-22,25.233324223744315,25.313232845290415,23.72394103174195,24.878175735473633,9870392
2011-12-23,25.144536423247306,25.437534134783732,23.48421662236809,23.62627601623535,15470430
2011-12-26,23.395434707677648,24.389850704043457,23.395434707677648,23.972551345825195,4433597
2011-12-27,23.972538793470985,24.57629189330056,23.90150911663698,24.230022430419922,3491565
2011-12-28,24.06133417737388,24.238907580758536,23.333279328489038,24.079092025756836,5368345
2011-12-29,23.97254479975476,24.114604189015527,23.27112508348341,23.439821243286133,24358900
2011-12-30,23.635149419268952,24.816018913385548,23.635149419268952,24.531898498535156,14643747
2012-01-02,24.68284120347053,24.81602335977115,23.759455193573782,24.15899658203125,4124585
2012-01-03,24.505268332834035,25.499684056710272,24.345451096697836,25.410898208618164,4913952
2012-01-04,25.588470830997867,26.44082883367195,25.39313960017825,25.712772369384766,5893225
2012-01-05,25.739416657066354,26.689439705892067,25.695023721385166,26.4852294921875,5942285
2012-01-06,26.28101917759969,26.423078603412506,25.51744849374436,25.72165870666504,4559557
2012-01-09,25.748287038974503,26.014647951640306,25.304351055543908,25.6151065826416,2700002
2012-01-10,25.721650247075974,26.62728005889169,25.712771324197618,26.245494842529297,3812770
2012-01-11,26.343155071797906,27.231026827917173,26.050157460017786,26.689424514770508,5042357
2012-01-12,26.787094220171763,27.745995766109253,26.467459807032206,27.20439338684082,5526577
2012-01-13,27.34646715293425,27.772647159414298,26.74271538959483,27.31095314025879,3965967
2012-01-16,27.22215245342337,27.950207144074312,26.458582073725427,26.671672821044922,5405745
2012-01-17,26.813732486914798,27.470757500221765,26.707187112076323,27.080093383789062,5272992
2012-01-18,27.151123091617595,28.216570066957402,26.813732509066053,27.009063720703125,9185660
2012-01-19,27.29317928781072,29.104436903026773,27.29317928781072,28.97125816345215,12793360
2012-01-20,29.122197566882218,29.725950728269304,28.305355353266968,28.793685913085938,12526815
2012-01-23,28.589475508232937,29.175470819597752,27.426362114131386,27.532907485961914,7627100
2012-01-24,27.64834000397087,29.157723434350267,27.47076657853213,28.980148315429688,8149450
2012-01-25,28.997900778495897,30.667101167086578,28.784809997988617,30.09886360168457,7600222
2012-01-27,30.249800980132072,31.395156756722184,29.415202458434287,29.850257873535156,9524550
2012-01-30,29.65492666813869,30.249799292694284,28.669388189164067,28.784809112548828,6192490
2012-01-31,29.006783273152806,30.43625806322192,28.891362325269665,30.169897079467773,4837232
2012-02-01,30.18764933213788,32.94005129881229,30.04558994134752,32.69144821166992,9898632
2012-02-02,32.824626688718425,33.54380079209184,31.821330448685725,32.26526641845703,9308575
2012-02-03,31.963399331513852,33.37511627080093,31.794704832126673,33.162025451660156,7813077
2012-02-06,33.339595463609065,35.15085529452666,33.339595463609065,34.89337158203125,17654525
2012-02-07,34.98216940862098,35.24853041691729,33.25969500684118,33.614845275878906,8143730
2012-02-08,34.43559999141262,34.94629872399954,33.58748059090743,34.307926177978516,6417482
2012-02-09,33.833698054254434,37.11675453522618,33.833698054254434,36.74285125732422,13061627
2012-02-10,36.77933702279275,36.90701082643985,35.12868868414756,35.347557067871094,8019842
2012-02-13,35.48435635961328,36.378076563297235,34.47208040557668,36.09537124633789,6078945
2012-02-14,36.29599421167497,37.654815652220584,35.99504932923337,36.86140823364258,9957300
2012-02-15,37.280922159427895,38.0469686243083,36.186569569762895,37.23532485961914,14601670
2012-02-16,38.01047675520471,39.10482898101968,37.235312479629414,38.91331481933594,18934322
2012-02-17,39.03186955409876,40.98346250997624,38.72180315595049,40.290374755859375,25673507
2012-02-21,40.12623189990733,40.61869103542125,38.53030222207011,39.03187942504883,15306162
2012-02-22,39.21427202275415,39.542578112584,36.28688185318897,36.75197982788086,18347395
2012-02-23,36.84317452266817,37.27179323060518,35.67586370141027,36.13184356689453,8486580
2012-02-24,36.25039084970312,36.733728281134,34.69094090845109,34.95541000366211,6864682
2012-02-27,35.02836963900692,35.16516497656939,33.03117927946443,33.62395095825195,9207865
2012-02-28,33.71515751924987,35.73058799775004,33.71515751924987,35.457000732421875,8965450
2012-02-29,35.81265946546657,36.751976885961085,35.32932191571312,36.305118560791016,6695302
2012-03-01,36.11358974227645,37.390334254708506,35.43874175510297,35.812644958496094,7262385
2012-03-02,36.46015335439781,36.51487219623656,34.86422366203276,35.08309555053711,5461980
2012-03-05,34.70918276528206,35.34755168632808,33.75162242601362,33.96137619018555,3406117
2012-03-06,33.8610705048095,35.876500956255256,31.37142050969695,34.2349739074707,12774927
2012-03-07,34.10730193406573,34.271454995733556,32.18306597251031,33.03118896484375,11074885
2012-03-09,33.19532732971963,35.548181040512,33.19532732971963,35.35667037963867,8546317
2012-03-12,35.53906790843893,36.92524696405115,35.475231012621585,36.70637512207031,9481452
2012-03-13,36.97996682133163,37.29915481816059,36.150083595736874,36.305118560791016,9251515
2012-03-14,36.77933767153156,37.61833895535435,36.606063095939675,37.0985221862793,9270487
2012-03-15,37.025573686637166,37.09853215466936,34.3170549196898,35.32020950317383,11370112
2012-03-16,35.475228557617264,36.38718812486861,33.77898320591381,34.317039489746094,9509460
2012-03-19,34.40824040573988,35.09221020742028,33.31388802728118,33.496280670166016,7437612
2012-03-20,33.56010791624715,34.645341915762344,33.08588857274586,33.696903228759766,7774545
2012-03-21,33.578350724674976,35.73969390804058,33.578350724674976,35.593780517578125,7748630
2012-03-22,35.712333682124196,35.712333682124196,33.46891415953159,33.64218521118164,7104830
2012-03-23,33.715156335446586,34.4538415780109,33.10414143477845,33.7607536315918,10329405
2012-03-26,33.92490278696079,34.098173883965174,32.84879002296446,33.05854034423828,4939490
2012-03-27,33.377715265679065,33.769858116735755,32.21952979825039,32.9490966796875,6150260
2012-03-28,32.89438942560507,33.04030285319976,31.07959138732424,31.344057083129883,8532140
2012-03-29,31.37141114677108,32.48399947596088,30.55064612791409,32.06449890136719,10349030
2012-03-30,32.164821267764374,33.806348145868526,31.95507093967583,33.66043472290039,19462587
2012-04-02,33.87017689030317,35.47522763508192,33.742503110824096,35.33843231201172,9139770
2012-04-03,35.411395393682525,36.09536514111688,35.01013091539035,35.548187255859375,7797070
2012-04-04,35.46611402917773,35.91297583621642,35.03749183455392,35.73058319091797,5489715
2012-04-09,35.38403294183499,35.639384003806775,34.10729154737568,34.244083404541016,3984497
2012-04-10,34.42647476488945,35.16516329037631,33.77898428635455,34.125526428222656,7093607
2012-04-11,33.69691672121836,34.43560196378268,33.304773712438234,33.7607536315918,8202140
2012-04-12,33.92490416114773,34.70919012045801,33.76075112413625,34.05257797241211,6842145
2012-04-13,34.26232383090003,34.79126209865435,33.37772185565228,33.53275680541992,6635275
2012-04-16,33.31388954084203,33.98874130652159,33.104139209592425,33.74251174926758,3500177
2012-04-17,33.742509416081305,35.45699465238188,33.304769170848225,35.174285888671875,10736657
2012-04-18,35.29284501586614,36.058891388324575,35.12869197327858,35.26548385620117,8982882
2012-04-19,35.38405648779268,35.39317803831682,34.66360706588322,35.07398986816406,3871325
2012-04-20,34.97365824551061,35.20164820403116,33.742513861039974,33.97962188720703,6110107
2012-04-23,34.05258173105846,34.7365516344845,33.01294803446701,33.879310607910156,8046555
2012-04-24,33.03117889240917,34.28968067629722,33.03117889240917,33.58747482299805,4539440
2012-04-25,33.80633535873727,33.988727938170676,31.380523445165576,32.00065612792969,9787192
2012-04-26,32.11009341365286,32.81230265166021,31.590276772855766,31.854745864868164,7764985
2012-04-27,31.736184997736235,32.39279684945421,30.62359694536274,30.78774642944336,6903695
2012-04-30,31.28021657831873,31.891231377805912,30.641844101444853,31.033987045288086,4886060
2012-05-02,31.116058716024035,31.261972104138994,29.748119397877705,30.012588500976562,11468190
2012-05-03,29.912277936875334,30.213226312478717,29.000318222465413,29.137113571166992,5181967
2012-05-04,28.954711612945886,29.474528204539663,27.91507842975833,28.25250244140625,8314550
2012-05-07,27.787410222414472,28.07923877481978,26.282677130844196,27.377029418945312,21895620
2012-05-08,27.723580691454547,28.78145403932794,26.5015542828033,27.13992691040039,10754680
2012-05-09,26.720421778357274,27.477348352245304,26.373877815371014,26.7113037109375,9851697
2012-05-10,26.884572699518646,27.504705600606414,26.373875732503784,26.492429733276367,9585462
2012-05-11,26.44683542628422,27.231121447266005,25.80846284091411,26.547151565551758,8009222
2012-05-14,29.255661581771058,29.255661581771058,25.443668964542205,25.79021453857422,9995470
2012-05-15,25.562225204492155,26.81160873531158,25.325115527678502,26.72953224182129,6384482
2012-05-16,25.936138780392167,26.31004218203542,25.3068859929869,25.644311904907227,7923377
2012-05-17,26.018209619958025,27.03048365562358,25.972610593488852,26.674819946289062,7641620
2012-05-18,26.145883305920158,26.70217925054346,25.817577274414603,26.565383911132812,4220480
2012-05-21,26.538021641241276,27.34054523115742,26.538021641241276,26.994001388549805,6443342
2012-05-22,27.52294511945249,28.0883591818724,27.021366220839493,27.130802154541016,14965560
2012-05-23,27.01224496897107,27.404386148217323,26.446829233798063,27.057842254638672,5164957
2012-05-24,27.276712356808076,27.34966905753121,26.136762820868505,27.057842254638672,6642152
2012-05-25,27.057840022134087,27.52293960315371,26.629219658178656,27.30406951904297,4142815
2012-05-28,27.413506801035396,27.623258844098103,27.267593395076556,27.532062530517578,3859255
2012-05-29,27.577659918013012,27.723573324503157,27.276713299698955,27.377029418945312,2832567
2012-05-30,27.17640340578419,27.632383340374027,26.756902700885735,27.194643020629883,4567305
2012-05-31,27.35878975465592,27.395268975919464,26.638340789525977,27.158159255981445,7689215
2012-06-01,27.048725342301744,27.313194497846922,26.5015491586489,27.003128051757812,4142152
2012-06-04,26.44683481233323,27.085207382883812,26.43771500539104,26.838977813720703,4051725
2012-06-05,27.057842958391145,27.194636558376793,26.428590311147165,26.565383911132812,6314277
2012-06-06,26.565382945415557,27.705332469564308,26.565382945415557,27.52294158935547,13229830
2012-06-07,27.851242999277485,28.544330664553307,27.541176640874,28.389297485351562,7791982
2012-06-08,27.91509378291561,28.343714320275538,27.70534167878793,28.16132164001465,4008585
2012-06-11,28.62640715421678,29.328616362291665,28.471373975023944,28.808799743652344,9530302
2012-06-12,28.480504518796323,29.821086556021466,28.444027030807877,29.53837776184082,7542912
2012-06-13,29.656923823595783,31.152536870487232,29.54748965595358,30.970144271850586,13374540
2012-06-14,30.815122890517202,31.28934241034413,29.365106649901417,29.53837776184082,9031157
2012-06-15,29.720754181616762,30.897182531568898,29.720754181616762,30.696550369262695,8138285
2012-06-18,31.17078221744253,32.110099576922856,29.12799273794471,29.237428665161133,6242820
2012-06-19,29.036792065547562,29.438053013149563,28.45313851309026,29.264781951904297,4977912
2012-06-20,29.365097783023774,29.96699093820481,29.219184396278358,29.775480270385742,3785740
2012-06-21,29.273903057651392,30.705679414397306,29.273903057651392,30.505050659179688,5467775
2012-06-22,30.495934648751906,30.495934648751906,29.383346051469925,30.286184310913086,5617985
2012-06-25,30.550654559685757,30.85160297594294,29.77549008926386,29.90316390991211,2471565
2012-06-26,30.076437355808924,30.45946232626606,28.854410939632956,30.094676971435547,3175470
2012-06-27,30.477692861316974,31.918590921327937,30.441217115618848,31.672361373901367,9060520
2012-06-28,31.827393438267443,32.09185909501625,31.189020982247893,31.398771286010742,5468910
2012-06-29,31.936831732509315,32.82143382734043,31.86387328067355,32.602561950683594,6817420
2012-07-02,32.72111979164869,32.821435929924014,31.98243107431729,32.40193176269531,4728112
2012-07-03,32.57520139774712,33.158855045556905,32.21041612844094,32.32897186279297,5293457
2012-07-04,32.42928929936168,33.10413755240804,31.93683020950603,32.88526916503906,5604910
2012-07-05,32.903510706592996,34.11641541141753,32.64815960122165,33.87018585205078,6548357
2012-07-06,34.45383243955015,35.74881687546973,33.560112452519625,34.125526428222656,10143072
2012-07-09,34.15288527027795,34.2896771131732,33.16796730295437,33.715145111083984,5026712
2012-07-10,33.560114109024966,34.63622676422584,33.560114109024966,34.4173583984375,5168187
2012-07-11,34.28967942484446,34.5906277614319,33.65131049059797,33.7333869934082,4358215
2012-07-12,33.560123443603516,33.87931149419615,33.21357770939042,33.560123443603516,4363227
2012-07-13,33.39596830472867,33.89754552002745,33.204457573608344,33.7607536315918,4043165
2012-07-16,33.92489796350859,34.01609253236581,33.03117796907853,33.59659194946289,2972702
2012-07-17,33.81546814028117,34.1437707177599,33.51451976236285,33.678672790527344,4529440
2012-07-18,33.76074997595299,33.861066103920585,32.775831787380625,33.012943267822266,5988897
2012-07-19,33.65131282894705,33.669548960750035,32.34721023748208,32.474884033203125,6734790
2012-07-20,32.13745661211033,32.49312028596409,31.380528503057736,31.654115676879883,8639127
2012-07-23,32.83054519705263,32.83054519705263,30.660080401614,30.833354949951172,5198035
2012-07-24,30.951911779974633,31.845631892026848,30.596248044232965,31.699718475341797,3690252
2012-07-25,31.544686773171502,32.20129888312207,31.48996793772554,32.00978469848633,7729905
2012-07-26,32.11922936113755,32.11922936113755,31.024876765949795,31.252866744995117,3947405
2012-07-27,31.635885252495697,32.20130285190717,31.116068427667898,31.353179931640625,3379112
2012-07-30,31.608516380461737,32.06449613406266,31.44436339085745,31.854745864868164,4158715
2012-07-31,32.03714516269042,32.04626322897574,31.161661208742437,31.581165313720703,3216437
2012-08-01,31.70883708374428,33.158853049742945,31.51732639436803,32.70287322998047,8097100
2012-08-02,33.01294181371927,33.26828941631666,32.347211650625965,32.93998336791992,5383055
2012-08-03,32.7758239402488,32.7758239402488,31.87298596239705,32.04625701904297,3324192
2012-08-06,32.33809645969641,33.259177885223636,32.25601993146973,33.13150405883789,5683457
2012-08-07,33.37772918537021,33.98874409509746,33.26829497722903,33.842830657958984,5956045
2012-08-08,33.92490613801672,34.72743175696525,33.76075309143973,33.943145751953125,7092907
2012-08-09,34.61799144375341,35.447874681143034,34.32616460063951,34.891578674316406,12007907
2012-08-10,34.92805848388119,35.34755914302078,33.140618170186066,33.35036849975586,12078967
2012-08-13,33.38683871795446,34.05256875276723,33.14060922910325,33.806339263916016,3785032
2012-08-14,33.97049266756808,34.043451100191845,33.25004380023133,33.715145111083984,5240830
2012-08-16,33.92489859455203,34.59974676588801,33.66954753507232,33.8519401550293,8512422
2012-08-17,33.897535127632054,34.59974440530546,33.66954523795301,34.18936538696289,6801165
2012-08-21,34.43559311526874,34.43559311526874,33.38684165801143,33.59659194946289,3899842
2012-08-22,33.5601239518994,33.97962467507104,33.11326554469295,33.20446014404297,5380112
2012-08-23,33.13150023693027,33.4871639919344,32.04626588013767,32.16482162475586,5268145
2012-08-24,31.690603175260176,32.04626694204988,30.951914481954237,31.097827911376953,7041370
2012-08-27,31.116062488588934,31.581163861304145,30.568888086529867,30.85159683227539,5185655
2012-08-28,30.76951659339857,30.85159309164098,28.726725680948423,29.264781951904297,8446712
2012-08-29,29.41982389829243,29.565737338451413,28.133962359175925,28.444028854370117,5910852
2012-08-30,27.833011264861987,28.85440518426648,27.72357533235608,28.626415252685547,9053802
2012-08-31,28.188673639039326,29.52925548517153,28.124836739590183,29.237428665161133,8230547
2012-09-03,29.27390472480711,29.81196108229896,28.316347743874193,28.50786018371582,6473535
2012-09-04,28.453138627097804,29.538369238118364,28.31634330319581,29.438053131103516,4084985
2012-09-05,29.3646575133073,29.3646575133073,28.547953536304835,28.648893356323242,5411252
2012-09-06,28.648886088762676,28.850769178126377,28.10747521318291,28.355239868164062,6668010
2012-09-07,28.731475440929792,29.60323747395088,28.72229877739025,29.474767684936523,5000277
2012-09-10,29.548177065152032,30.172176100730226,29.401353968577087,30.052881240844727,3982070
2012-09-11,29.915234159672977,30.263940339601703,29.731707907589424,29.9886474609375,3503250
2012-09-12,30.227238014045707,30.236416428286507,29.089359685942856,29.447240829467773,4243747
2012-09-13,29.54817746035802,29.80511700766604,29.126059739357213,29.428882598876953,3458130
2012-09-14,29.759238125850313,30.8145316482577,29.759238125850313,30.557588577270508,7813105
2012-09-17,30.823710855976202,33.585822124760014,30.823710855976202,33.28300094604492,14397072
2012-09-18,33.567455413269755,36.32956529283532,33.28298420618621,35.87074279785156,25546000
2012-09-20,36.15522111617571,36.50392376056119,34.15475436453888,35.9625129699707,22200350
2012-09-21,36.69664178299653,37.01781627887891,35.24676034320871,35.67805480957031,18859760
2012-09-24,36.155221587603954,37.421569418957205,35.86157540927231,36.696632385253906,14452602
2012-09-25,37.66933746678306,37.87122054546259,35.889106911050916,36.292869567871094,17757497
2012-09-26,36.44888128609388,36.44888128609388,34.33829378320432,34.613590240478516,12304795
2012-09-27,34.63193289015561,35.21922528353914,34.15475694539679,34.84299087524414,14616585
2012-09-28,35.14581588230708,35.86158162910411,34.54934851060527,34.677818298339844,11731512
2012-10-01,34.67781837376701,34.79710974804334,33.962052625413136,34.4300537109375,5894387
2012-10-03,34.43004721556793,36.15522111617571,34.2648708048428,35.9625129699707,10635465
2012-10-04,36.30205410021837,36.67828858265407,35.46699690746892,35.999229431152344,8682155
2012-10-05,36.15522552000681,36.36628351485462,34.62275607840545,35.95334243774414,6048127
2012-10-08,36.063454508417706,36.8526299153062,35.55875036464019,35.87992477416992,10212935
2012-10-09,35.87993121905513,37.30228428955985,35.21005054418204,37.137107849121094,11200567
2012-10-10,37.04533994282676,37.57757589941264,36.44887259554216,36.75169372558594,10660990
2012-10-11,36.87098400874042,38.403449795553186,36.36627985442347,38.16486358642578,10309842
2012-10-12,38.1832160949707,39.03662638336377,36.70580681075178,38.1832160949707,11341387
2012-10-15,38.17403526817861,38.201567001911286,37.31145012288465,37.74274444580078,4172337
2012-10-16,37.88958191039387,38.192403092127975,35.879936111223635,36.12770080566406,8900842
2012-10-17,36.155230342060115,37.00864084839553,35.65052256909014,36.173580169677734,6835917
2012-10-18,36.37546294828918,37.247226774859136,36.072641787798624,37.08205032348633,4352145
2012-10-19,37.13709309411836,37.13709309411836,35.78815386666432,36.549800872802734,5701135
2012-10-22,36.20110267459079,36.32957243836845,35.567925266631605,35.9625129699707,3693440
2012-10-23,36.02675462352088,36.29287261310239,35.23758256904684,35.329345703125,5650512
2012-10-25,35.23757585618304,35.31098564935295,34.20063583605196,34.567691802978516,11663787
2012-10-29,33.77853254583739,34.09970707471614,33.273824713971045,33.806060791015625,4622415
2012-10-30,33.897814649566314,34.28322747910747,32.0625241292761,32.695701599121094,8631812
2012-10-31,32.69570469249872,34.09970095318197,32.25523534602043,34.017112731933594,6122910
2012-11-01,33.934515273876514,34.411691144477864,33.55828092405175,34.13639831542969,4581330
2012-11-02,34.48512063877008,34.870530080452774,34.29241241738884,34.6870002746582,6891045
2012-11-05,34.69617329351999,35.14581757221107,34.15476237593528,34.55852508544922,5702880
2012-11-06,34.34746028208744,34.76957623599878,34.22816542535992,34.62275314331055,3146260
2012-11-07,34.38416977212826,35.4669914828975,34.28322823121163,35.2192268371582,4982780
2012-11-08,35.09074587592279,35.18250897449345,34.38415881520767,34.87968444824219,4102725
2012-11-09,35.237577883056495,35.366047653897326,34.13640291785997,34.283226013183594,7247870
2012-11-12,34.49428011694903,35.15498572191479,34.292397070867636,34.94392776489258,4734810
2012-11-15,34.53098516382953,34.83380621839991,33.68674987427026,34.23733901977539,5485407
2012-11-16,34.27405621338657,34.7512322682324,33.03523625407461,33.28300094604492,6141515
2012-11-19,33.760170296649626,33.94370005061183,32.145112662428964,32.356170654296875,5694645
2012-11-20,32.75993734577119,32.90676045122039,32.26440805217803,32.51217269897461,6716020
2012-11-21,32.70487422038534,33.65004765194939,32.61311110101473,33.402286529541016,6068160
2012-11-22,33.58580780029297,33.85192570785784,32.96180887936616,33.58580780029297,2983272
2012-11-23,33.769348765334385,33.769348765334385,33.182056291239064,33.59499740600586,3894380
2012-11-26,33.75099145808489,33.760169870963665,33.03522927725024,33.108642578125,3395165
2012-11-27,33.24629418417451,33.64088200713302,33.0719428091271,33.530765533447266,6965105
2012-11-29,33.53075713050443,34.943931607392834,33.09946275755492,34.77875518798828,8712792
2012-11-30,34.99900094071792,35.49453038101622,34.916412700668204,35.3201789855957,5424285
2012-12-03,35.41192842863007,36.017574120960994,35.026515624125686,35.61381149291992,4569995
2012-12-04,35.439456939697266,36.100162609385194,34.93475277559173,35.439456939697266,3258400
2012-12-05,35.788166885406056,36.06345977672445,35.44863910279801,35.687225341796875,4686492
2012-12-06,35.861575621507065,37.16463010799811,35.72392744311386,36.935218811035156,9456467
2012-12-07,37.201333769367864,37.348156847616636,35.88910097603394,36.25615692138672,9954330
2012-12-10,36.15522762014582,37.23804939611579,35.9349911993811,37.137107849121094,6805330
2012-12-11,37.37569131820203,37.37569131820203,35.51287254569878,36.04510498046875,5257810
2012-12-12,36.15521924418805,36.32957055735351,35.512866958019956,35.7606315612793,3850865
2012-12-13,35.668869851694296,36.22863401372096,35.24675387724556,35.567928314208984,4862525
2012-12-14,35.622981786586124,35.68721666225312,34.732864937288966,35.05404281616211,5683407
2012-12-17,35.04486781823645,35.94415966569897,34.879691407423074,35.79733657836914,4111205
2012-12-18,35.95334008438764,36.99945507756721,35.6321656568461,36.907691955566406,7249332
2012-12-19,37.07287014143556,37.69686920227148,36.61404750849967,37.43992614746094,6737352
2012-12-20,37.595924639550354,37.80698261366334,36.49474970895072,37.50415802001953,4218990
2012-12-21,37.01781166059708,37.43075274702762,36.44887255292558,36.9168701171875,9414257
2012-12-24,37.00864211590005,37.5867562202191,36.52228765443002,37.127933502197266,3514057
2012-12-26,37.07287168231367,37.42157437745025,34.83381490017861,36.75169372558594,2966832
2012-12-27,36.70581119010562,37.37569182426038,36.14604700937028,36.36628341674805,8054140
2012-12-28,36.4947545883122,37.32981168472777,36.4488730226817,37.2380485534668,2898975
2012-12-31,37.348161972092946,37.60510151914795,37.12792557423238,37.38486862182617,2529695
2013-01-01,37.64180395855064,38.247449609250715,37.49498087657905,38.04556655883789,3154842
2013-01-02,38.174042900471534,38.61451572287686,37.779455143281886,38.07310485839844,3042862
2013-01-03,38.44932530262895,39.25685034868866,38.07309100828316,38.94485092163086,10588925
2013-01-04,38.8531066327515,39.08251798426738,38.32087061697573,38.8714599609375,4262417
2013-01-07,39.07333304009239,39.13756792198422,37.91709816496248,38.10062789916992,2837092
2013-01-08,38.091448948069306,38.091448948069306,37.311451964399836,37.862037658691406,2901272
2013-01-09,38.063917692325134,38.84391811462325,37.89874129704027,38.00885772705078,4645645
2013-01-10,38.18321446068157,38.61450879242029,37.99050982330236,38.30250930786133,4665610
2013-01-11,38.37592251468285,38.568627169218615,37.12792446533728,37.32062911987305,4658700
2013-01-14,37.45826431354489,38.238261073656936,37.18297154530166,38.018028259277344,6610512
2013-01-15,37.972162751626456,38.76133825428081,37.81616123339669,38.082279205322266,6149092
2013-01-16,38.109810345007105,38.504398126375236,37.49498963948046,37.61428451538086,5484590
2013-01-17,37.62344904210208,37.95380183767983,37.26556801373894,37.66933059692383,4640097
2013-01-18,37.650979428185124,38.62368454851202,37.50415634403564,38.03639221191406,4877390
2013-01-21,38.09145123552927,39.18345127888925,37.889571669119654,38.8806266784668,9020232
2013-01-22,38.99992604538828,39.266044027945014,37.43992830346493,37.55922317504883,11551600
2013-01-23,37.678512684765806,38.128156866647345,36.17357163578202,36.852630615234375,5818790
2013-01-24,36.513106027107774,36.95357533536052,35.62298899762724,36.04510498046875,4571080
2013-01-25,35.84322579480143,37.9721625582885,35.84322579480143,37.843692779541016,5146635
2013-01-28,37.880390115179274,38.66039058154031,37.7886270017431,38.54109573364258,7274927
2013-01-29,38.54110430231026,38.70628074364901,37.072873157676014,37.29310607910156,5976870
2013-01-30,37.25639708978469,38.3575721294984,37.12792731025023,37.9171028137207,8253870
2013-01-31,38.008862006209874,39.09168360807895,38.008862006209874,38.74298095703125,19638592
2013-02-01,38.55944909600763,38.889801905578295,37.74274548375705,38.04556655883789,5719697
2013-02-04,37.988873232247514,41.693259070169994,37.988873232247514,40.5687141418457,24267837
2013-02-05,40.38916697517525,40.767163552436564,39.69931610204147,40.07731628417969,11862442
2013-02-06,40.63486726237389,42.316960614092864,40.39861803410427,41.92951202392578,16090780
2013-02-07,41.957862600977336,42.4114606674086,40.82386563246068,41.70271301269531,11047655
2013-02-08,41.542066281375945,42.96901373666973,41.19241840893492,42.11851501464844,14144382
2013-02-11,42.14686987275702,42.49652140070056,41.11682287356119,41.54207229614258,6823032
2013-02-12,41.54205437112149,41.8161042812992,40.512007816381434,41.154605865478516,5721277
2013-02-13,41.01286816615656,41.75941300046192,40.6726686948897,40.927818298339844,4446112
2013-02-14,41.02230895597151,41.41920946727464,39.4630628695778,40.42695999145508,7175410
2013-02-15,40.46477195128546,41.296370335030296,39.72767543210112,41.07902145385742,3119522
2013-02-18,40.445863544757174,41.56096009094088,40.379714055142614,40.5687141418457,3757070
2013-02-19,40.50256748399773,41.371962896788794,40.07731816040337,41.2113151550293,4314897
2013-02-20,41.44755666534582,41.721606578981365,40.50255994650028,40.606510162353516,4417295
2013-02-21,40.33247311516295,40.823871998308746,39.415824851902755,39.56702423095703,9752917
2013-02-22,39.63316792894786,40.048968864103244,38.47082219680146,38.631473541259766,5861167
2013-02-25,38.74486017289091,39.6237072895929,38.44246155261452,38.877159118652344,4468067
2013-02-26,38.688167019052344,39.10396791091681,37.42187118495687,37.57307052612305,4832997
2013-02-27,37.76206857422912,39.34966337358498,37.10057014035144,38.75431442260742,9272157
2013-02-28,39.10397959366148,39.54812576328757,37.08168644955277,38.07393264770508,11531505
2013-03-01,37.98886829435818,37.98886829435818,35.94767555401325,36.22172546386719,8151360
2013-03-04,36.032726328628186,36.05162669581565,34.93653026589052,35.53187561035156,6454025
2013-03-05,35.73033159174683,37.79987336047731,35.66418210175615,37.64867401123047,8370615
2013-03-06,37.94162024521185,38.69761691010478,37.81876966064286,38.4519157409668,5123847
2013-03-07,39.21736046276287,39.21736046276287,37.837666236954,38.65036392211914,8040180
2013-03-08,38.678711148360684,39.29296038065998,38.0361131716056,38.329063415527344,5207320
2013-03-11,38.36686237662703,38.8771614305173,37.9888658812416,38.55586242675781,2970592
2013-03-12,38.76375942488467,38.877158003015204,37.232866003057175,37.658111572265625,4227877
2013-03-13,37.70537004562459,37.70537004562459,35.75867553173956,35.872074127197266,7684000
2013-03-14,35.90987664466176,37.69591993257653,35.44682664915071,37.506919860839844,9132787
2013-03-15,37.61086712454915,38.35741536655272,37.270667743136066,37.81876754760742,7673247
2013-03-18,37.11946091905732,37.374610403567196,36.561912846582146,36.665863037109375,3272570
2013-03-19,36.873775004459006,37.06277508254286,34.51128304060241,34.65303039550781,6943047
2013-03-20,34.605775483152435,34.76642678433266,33.074881956256704,33.5190315246582,7694005
2013-03-21,33.660787454103534,34.77588404757212,32.34724238337621,33.17884063720703,8955325
2013-03-22,33.367824672030835,34.18051855987665,33.09377484683416,33.670223236083984,5526047
2013-03-25,33.84978959589341,34.71918864222019,33.31114163654373,33.660789489746094,8008520
2013-03-26,33.660783340158,35.125527586666166,33.38673702143177,34.4356803894043,7612335
2013-03-28,34.20888845909845,34.68138690852004,33.53794152609029,34.15218734741211,9073780
2013-04-01,34.227786440656125,35.04993267590058,34.227786440656125,34.62468338012695,3166275
2013-04-02,34.42623823180299,35.68308226626326,34.32228799337632,35.47518539428711,5108657
2013-04-03,35.531876126105836,36.28787640507206,34.24668358259154,34.530181884765625,7197987
2013-04-04,34.208880011800524,35.153876677292935,33.717481313159325,34.94597625732422,6943750
2013-04-05,34.92707191948063,35.72086917241773,34.4640256247782,35.44681930541992,4399715
2013-04-08,35.512977934513025,36.618622349964866,35.352326619990386,36.22172546386719,5846810
2013-04-09,36.47687980328771,36.6658799089535,35.34288637904732,35.62638473510742,3983075
2013-04-10,35.7397760040824,36.19337400143871,34.73807817353945,36.0327262878418,4089305
2013-04-11,36.221722197067585,36.36346952722856,34.964874961359314,35.77757263183594,3833185
2013-04-12,35.90987833160823,36.21227701864217,35.28618058899116,35.96657943725586,2787532
2013-04-15,35.86261776605432,36.90211247033828,35.53186682932721,36.769813537597656,4100790
2013-04-16,36.66586588137047,37.988862510003365,36.55246730330576,37.856563568115234,3688100
2013-04-17,38.06446342114989,38.17786561320897,36.28787233740409,36.43907165527344,4546612
2013-04-18,36.43908129350443,37.2895763296491,35.720881640002304,37.072227478027344,5812645
2013-04-22,37.166731385330635,37.421877386871536,36.0988838336274,36.84543228149414,2693255
2013-04-23,37.034423194517,37.83767263528001,36.609177519563474,37.6297721862793,3776377
2013-04-25,37.30847051325717,38.10226791161908,36.892673249306235,37.54471969604492,3963150
2013-04-26,37.47857649825252,37.97942369619205,36.335131126979206,36.467430114746094,2521197
2013-04-29,36.71310856748125,37.38405874880018,36.30675982853639,37.27065658569336,1715515
2013-04-30,37.450224388907195,37.6014237335016,36.193376908003906,36.8265266418457,2592705
2013-05-02,36.83597848404649,37.677025142663865,36.3067789258158,37.47857666015625,6679852
2013-05-03,37.42187392891562,37.46912665545714,35.768129436516226,35.994930267333984,3308852
2013-05-06,36.09887143542757,36.382369699120844,35.36177162397385,36.278419494628906,4592050
2013-05-07,36.28787705587246,37.60142197657532,36.28787705587246,37.45967102050781,6035682
2013-05-08,37.61086889426694,37.894367190491984,37.138370532266414,37.44076919555664,3907252
2013-05-09,37.450227640968535,38.310174663938696,37.02497832084548,37.37462615966797,4508955
2013-05-10,37.33683159066202,37.75263259679145,36.987183694043985,37.35573196411133,2920112
2013-05-13,37.54471868906914,37.54471868906914,35.95712393492572,36.22172546386719,3055100
2013-05-14,36.24062548562289,36.75092461783083,36.11777849832876,36.316226959228516,2773742
2013-05-15,36.47688123254979,37.61087830610041,36.45798446563225,37.41242980957031,6810632
2013-05-16,37.119468759781306,38.886615162266494,37.08167163195842,38.52751541137695,10937880
2013-05-17,38.74486867759797,39.103968469828985,38.34797175319266,38.688167572021484,6992100
2013-05-20,38.94331504482143,39.55756437178768,38.47081667173248,38.65981674194336,5713442
2013-05-21,38.55587248738081,38.9338726862763,37.77152694125669,37.93217468261719,4961907
2013-05-22,38.083367816903966,38.18731803485459,37.0060721124638,37.34627151489258,2714760
2013-05-23,37.043873420113464,37.15727202105152,35.16332829643501,35.843727111816406,3586527
2013-05-24,36.004367048333336,36.74146680732394,35.5791214854983,36.495765686035156,2889550
2013-05-27,36.325681411447114,37.043881111213615,36.297332656545926,36.902130126953125,1500817
2013-05-28,36.98717262353762,37.40297350521507,36.50522586190195,36.70367431640625,2653332
2013-05-29,36.854871860147036,37.13837015348058,36.39182188396368,36.93047332763672,3547087
2013-05-30,36.85488502652037,37.30848317887684,35.853186853684626,36.14613723754883,9816817
2013-05-31,36.36348353109871,36.36348353109871,34.227791932267486,34.59634017944336,8652225
2013-06-03,34.77588900463637,34.964889126294544,34.057692868188305,34.30339050292969,5836772
2013-06-04,34.397888598050336,35.03103479063754,33.50958920502973,33.849788665771484,6853777
2013-06-05,34.01988428788219,34.01988428788219,32.69688734584722,32.83863830566406,9399342
2013-06-06,32.51733748807943,33.32058327040764,32.22438720264575,33.216636657714844,7192335
2013-06-07,32.80084153011009,34.208888497096346,32.80084153011009,33.849788665771484,11325342
2013-06-10,34.01987749334914,34.56797724997133,33.31113004557103,33.70802688598633,7142832
2013-06-11,33.45289222164776,33.840340812471766,32.36614432781409,32.545692443847656,9869452
2013-06-12,32.35668792989361,32.50788725459458,31.383338897559632,31.732990264892578,10103342
2013-06-13,31.373889948616664,31.525089270578924,30.050893177789742,30.192644119262695,8945145
2013-06-14,30.523398648083585,31.5061962731247,30.523398648083585,31.269947052001953,6348250
2013-06-17,31.411688868134785,31.449485992787633,30.457240274349807,31.099838256835938,4408972
2013-06-18,30.854152783360348,31.827498517445886,30.712401794664785,31.184900283813477,5002055
2013-06-19,31.147096351140426,31.506196175499866,30.995896994285452,31.194345474243164,3989975
2013-06-20,30.6179018594764,30.75020085240141,28.926356495930236,29.21930503845215,7302070
2013-06-21,29.143702547513232,29.559501659766028,26.87571050307343,27.518308639526367,18202210
2013-06-24,27.404907911795675,27.404907911795675,25.543264816320484,26.05356216430664,15616735
2013-06-25,26.270912019108565,26.441011742506458,24.79671742039094,26.015764236450195,18413390
2013-06-26,26.39376012196686,26.790658838178327,25.732261660801647,26.03466033935547,10897377
2013-06-27,26.45991566548625,26.828463914046566,25.741717738273266,26.214216232299805,9142447
2013-06-28,26.48826327530093,27.338760109382644,26.459912719937417,27.23480987548828,11360322
2013-07-01,27.404909817624784,27.915209003537253,26.89461063171231,27.7923583984375,8978032
2013-07-02,28.028607392583968,28.765705609859936,27.877408035569182,28.2932071685791,11725332
2013-07-03,27.782902490217726,27.97190255031343,25.666110108361323,25.85511016845703,12712972
2013-07-04,25.85511016845703,26.138608456162437,23.624917390055575,25.85511016845703,33501180
2013-07-05,26.242557956187117,26.82845488217047,25.959057873749078,26.072458267211914,11581235
2013-07-08,25.70391534436688,26.38431243551998,25.174715804364887,26.015764236450195,8514847
2013-07-09,26.185864221699497,26.648914306314126,25.6188675022602,26.195314407348633,9506405
2013-07-10,26.441003620274728,26.932402269710693,26.110254459983683,26.412654876708984,9890640
2013-07-11,26.951301767390866,27.811248475042728,26.951301767390866,27.707298278808594,11788715
2013-07-12,27.858507116721256,28.406605225715907,27.593909148375307,28.312105178833008,7489157
2013-07-15,28.160901832488438,28.23650149878947,27.404905169478123,27.830154418945312,6606132
2013-07-16,26.83791022936232,26.83791022936232,25.618865227866,25.7606143951416,12907955
2013-07-17,25.826760163247574,26.71505758052538,24.210816644867226,24.73056411743164,12521000
2013-07-18,24.806163766584664,25.118012610409917,23.965117267088303,24.503765106201172,16740927
2013-07-19,24.758915140896693,25.41096158931467,24.569915073204445,25.16526222229004,10009160
2013-07-22,25.13691610200339,25.779514236417246,24.75891772953595,25.250314712524414,8035070
2013-07-23,25.34481527568651,25.86456462561499,24.796717173765987,25.7606143951416,8021250
2013-07-24,25.514911775034136,25.514911775034136,24.286416743878153,24.56046485900879,5106835
2013-07-25,24.305316470915013,24.513216915546856,23.152421051124563,23.417020797729492,13743440
2013-07-26,23.43591907764891,23.795018858122305,22.557073599248668,22.93507194519043,9770502
2013-07-29,22.490919861624697,22.85001960298112,21.952272052028157,22.651569366455078,7117207
2013-07-30,22.679920754222053,22.736620051424925,21.876673200355725,21.933372497558594,4637612
2013-07-31,21.687671525494242,21.687671525494242,19.70317841165198,20.43082618713379,15495992
2013-08-01,20.789927443464858,21.130126832956314,18.739284528080116,18.890483856201172,17073362
2013-08-02,18.94718266207948,19.740980015340167,18.38963447818357,18.53138542175293,12266917
2013-08-05,18.89994273595224,21.16793550377871,18.540844617042307,20.676536560058594,22587830
2013-08-06,20.51588088420126,20.865530514089823,19.807133242007396,20.241832733154297,12296137
2013-08-07,20.336327811104805,21.89557188252043,20.24182778807761,21.583723068237305,12873347
2013-08-08,21.612080492632913,22.377527498078813,21.47032951176931,21.80107879638672,7568510
2013-08-12,22.283021883136257,22.301922249525685,21.39472448965291,21.829423904418945,8612482
2013-08-13,21.76327928928483,22.83112499485103,21.38527908675376,22.727174758911133,6837187
2013-08-14,22.96342666368359,23.398126226340352,22.490928157826406,22.661027908325195,11660255
2013-08-16,22.443669171822354,22.490918280682582,20.912773892082186,21.073423385620117,9264565
2013-08-19,20.789931807506626,21.26243025767723,20.383582851969738,20.733232498168945,9150965
2013-08-20,20.468631076386135,21.59317780232889,19.892182436607023,21.441978454589844,7460135
2013-08-21,21.77272668243,22.254673454218416,21.281327924108044,21.782175064086914,7951832
2013-08-22,21.564824182281438,22.188521853627282,20.837176298231906,21.829423904418945,7231267
2013-08-23,22.065681553125373,22.86892940884834,21.83888247664574,22.698829650878906,7347882
2013-08-26,23.001220829205696,23.020121196618327,21.35692671550985,21.89557456970215,15554572
2013-08-27,21.640425118594223,22.06567437518467,19.797682545724875,20.033931732177734,12485860
2013-08-28,19.38188595354979,20.11898415850081,18.739287795762518,19.66538429260254,10825332
2013-08-29,19.85438435308648,20.18513361637655,19.221236381338684,20.04338264465332,10260510
2013-08-30,20.317434259408508,20.771032359126313,19.59923636696934,20.61983299255371,11433865
2013-09-02,20.676526441586947,21.252974989717348,20.052828780714567,21.045076370239258,4419337
2013-09-03,21.149024090360353,21.23407393247805,19.80712878437208,20.15677833557129,5929587
2013-09-04,20.222929323595963,21.24352570284471,19.96777977817423,20.856077194213867,6314702
2013-09-05,21.356928816370978,22.698824393218704,21.31912807782729,22.453125,9043745
2013-09-06,22.66102290573012,23.19022241322121,22.037325159879813,23.048471450805664,8273525
2013-09-10,23.610627218281792,24.10608692722817,23.105637376027094,23.877412796020508,8460867
2013-09-11,23.972698767310654,24.191844624865894,23.19139488048533,24.04892349243164,7789467
2013-09-12,24.372877887467823,24.48721587846675,23.248561881564672,23.734495162963867,9454135
2013-09-13,23.629691038955496,25.087491225529543,23.59157957789887,24.915985107421875,6826500
2013-09-16,25.487660914063593,25.76397661498804,24.048917967749624,24.582490921020508,8331867
2013-09-17,24.668249932736444,24.715891522396028,23.839306263408744,24.191844940185547,5140640
2013-09-18,24.449109493381897,24.525334236397583,23.944119435064714,24.37288475036621,3143482
2013-09-19,25.344743368092796,26.2975532554847,25.077955945380435,25.8497314453125,5606980
2013-09-20,26.04982643264873,26.068883069459606,23.677329669921992,25.36380386352539,17574612
2013-09-23,24.687307646428224,25.53530798864277,24.391937047006454,25.154184341430664,9585645
2013-09-24,25.287579694959724,25.497197252509743,24.839757806667883,25.278051376342773,3171005
2013-09-25,24.963614800987592,25.487659407667067,24.39192861902981,25.325681686401367,6097505
2013-09-26,25.316158477945493,25.72586702128114,25.087484322503872,25.52577781677246,5743340
2013-09-27,25.716341019834907,25.821150698685585,24.801644315707986,25.392385482788086,8092445
2013-09-30,24.963625272137953,25.15418620116235,24.24901769927913,24.944568634033203,7378157
2013-10-01,24.982669699045754,25.192288996305372,24.40145701738841,25.049367904663086,5425895
2013-10-03,25.297106323293356,25.725871576504822,25.068432127360897,25.535308837890625,6122660
2013-10-04,25.621065040211516,26.22133646854769,25.35427935414316,25.735403060913086,6072897
2013-10-07,25.763979818254512,25.868787668411585,25.097012180735735,25.659170150756836,4170130
2013-10-08,25.99265750343427,26.631040277336055,25.821151412335155,26.002185821533203,6945565
2013-10-09,25.716341017547425,26.230859276578656,25.630587974375555,26.04029655456543,4819015
2013-10-10,25.811619387395464,26.3928339865755,25.811619387395464,26.049821853637695,3645700
2013-10-11,26.12604380649418,26.67867339702465,26.06887572949873,26.15462875366211,5101005
2013-10-14,26.011712983027238,26.33566853725655,25.401915147932492,25.478139877319336,2770382
2013-10-15,25.716347483436582,25.76398908458887,24.68731252398355,24.982683181762695,3617780
2013-10-17,25.135126451969004,25.135126451969004,24.010812203065733,24.09656524658203,4900172
2013-10-18,24.201375052542247,24.8111747240131,24.201375052542247,24.63014030456543,6298202
2013-10-21,24.744471971486412,25.249461862988813,24.65871893675316,24.992202758789062,3964622
2013-10-22,25.039846978535643,25.420970607826884,24.725419757202765,24.792116165161133,6210332
2013-10-23,24.925511162755686,25.087488946549644,24.12515056251978,24.563444137573242,5011115
2013-10-24,24.687299864049674,25.154176411874822,24.487210693841895,24.57296371459961,4715140
2013-10-25,24.582500236600893,24.61108519428965,23.82025287164469,23.953645706176758,3656477
2013-10-28,23.982231741338964,24.153737860494804,23.28668076239909,23.362905502319336,3584205
2013-10-29,23.458184607217177,24.754005060227854,22.886498204571392,24.563444137573242,5962757
2013-10-30,24.792118651979393,26.049827663467678,24.42052148597349,25.935489654541016,9305672
2013-10-31,25.89737823269849,25.89737823269849,25.230410450598484,25.611534118652344,8888195
2013-11-01,25.554363983734348,27.74582808052851,25.554363983734348,27.507625579833984,19675660
2013-11-05,27.059802540825075,28.83202965061305,26.52622947128598,28.165061950683594,11621917
2013-11-06,28.117420103580052,28.631936499741148,27.45045245289424,27.90780258178711,6811257
2013-11-07,28.09836480936034,28.660522817283724,26.96452047606767,27.345645904541016,5799560
2013-11-08,27.250370919446503,28.14601297804397,26.974055100925767,27.51715660095215,6863372
2013-11-11,28.193646735019133,28.193646735019133,27.012162608012375,27.097915649414062,6782790
2013-11-12,27.29799990724803,28.203169927628544,26.93593298950009,27.107439041137695,6596207
2013-11-13,26.96451625649845,27.593370570795557,26.488111362798193,27.040740966796875,5068887
2013-11-14,27.49809231025665,28.584294936286568,27.355169381702794,28.441373825073242,5862515
2013-11-18,28.774862837221807,29.58474988645318,28.774862837221807,29.013065338134766,7573245
2013-11-19,29.15598255340953,29.880118276861495,28.879666817194433,29.77530860900879,8950910
2013-11-20,29.727671614014806,30.204076596179526,29.308434720854432,29.50852394104004,7130695
2013-11-21,29.34655217950168,29.441833558899905,27.34565229884473,27.51715660095215,11076255
2013-11-22,27.726772419442415,28.62241436240838,27.60290609701409,28.307985305786133,7453560
2013-11-25,28.660527533936264,29.47041647671416,28.584302799165464,29.39419174194336,6270235
2013-11-26,29.460883845949922,29.527580251945388,28.489017256854073,29.04164695739746,6716787
2013-11-27,29.289385354497313,29.432306521149,28.79392361391965,29.15599250793457,2941765
2013-11-28,29.384655212707663,29.48946487523605,28.327035723093662,28.717687606811523,4819687
2013-11-29,29.041642565819277,30.48991391284094,29.022585933462036,30.32793617248535,9371012
2013-12-02,30.299355990187973,31.233109314491024,30.2803011721738,31.080659866333008,5022247
2013-12-03,30.518501844747526,31.48084193942377,30.518501844747526,31.080659866333008,4995365
2013-12-04,31.042542214977065,31.042542214977065,30.099258999215845,30.17548370361328,3062727
2013-12-05,30.68047861698378,31.785737923536132,30.68047861698378,31.137826919555664,5547925
2013-12-06,31.223571251656736,31.50941340676673,30.794806201651646,30.87103271484375,5062140
2013-12-09,31.63329836767072,32.43365905577539,31.252172845837126,31.395095825195312,8613810
2013-12-10,31.44271821069149,31.44271821069149,30.547078454993077,31.023483276367188,4934345
2013-12-11,30.87104585751471,31.00443867770976,29.83248098120725,30.127853393554688,2991420
2013-12-12,30.023043433150274,30.023043433150274,28.91778397430141,29.013065338134766,6099325
2013-12-13,28.774865993133172,28.96542692435898,27.745831149022425,27.86969566345215,5238830
2013-12-16,28.012620095349426,29.308442575673872,27.850642285308872,29.070240020751953,7658060
2013-12-17,29.317970314764143,29.632397608334347,29.013071341282885,29.15599250793457,4175070
2013-12-18,28.974953224176403,29.718145710982757,28.717694076742557,29.375133514404297,7482920
2013-12-19,29.680029942182575,29.803896254908967,28.631938620890477,28.812973022460938,5549172
2013-12-20,29.01307149335841,30.93774854522383,28.75581230163218,30.737655639648438,8455187
2013-12-23,30.594726353265656,31.461783213554583,30.594726353265656,30.98537826538086,5344135
2013-12-24,30.871038219897336,31.480835895455066,30.5280261187259,31.42366600036621,4241805
2013-12-26,31.433195823500014,32.22402604035049,30.518495684505105,30.68047523498535,7209362
2013-12-27,30.775763100286795,31.376034434132393,30.775763100286795,31.013965606689453,1868165
2013-12-30,31.195000085387374,31.309336264326966,30.35652629223999,30.575672149658203,2136710
2013-12-31,30.642363957019843,32.01440880237379,30.404161499756107,31.814319610595703,5527975
2014-01-01,32.0048854091284,32.01441190908375,31.48084067923057,31.69045639038086,2028625
2014-01-02,31.690463771748934,32.34790509692321,30.356531751734085,30.480396270751953,4657177
2014-01-03,30.185022037556873,30.508977593105318,29.49899765294091,30.204078674316406,3786205
2014-01-06,30.33747045891577,30.33747045891577,29.68955936998799,30.099267959594727,3328475
2014-01-07,30.251715132900237,30.728120095623076,28.917781600744433,29.146455764770508,6881472
2014-01-08,29.460884095958747,30.0039854834915,29.289378012034554,29.622861862182617,6700247
2014-01-09,29.65144496106838,29.975398655917317,29.127398424366064,29.34654426574707,4364447
2014-01-10,29.346552212627383,30.08974479196305,28.860620630096122,28.955900192260742,3723950
2014-01-13,29.127406435455026,29.727677856748826,28.774867692331764,29.16551971435547,2143825
2014-01-14,29.19409663818714,29.42277081086136,28.23175835901181,28.32703971862793,3627865
2014-01-15,28.298453435452174,29.45135248829046,28.298453435452174,29.213150024414062,4841855
2014-01-16,29.34654186297319,29.384655128270545,28.56523809778255,28.670047760009766,3324990
2014-01-17,28.60335293592742,29.146454274895305,27.62195810864154,27.76487922668457,4861847
2014-01-20,27.698177958630563,27.974493646651442,27.021683937349586,27.336111068725586,6875205
2014-01-21,27.450449040381326,28.136473239766953,27.202718281418786,28.05072021484375,6265357
2014-01-22,27.993557081990865,27.993557081990865,27.326591170450705,27.507625579833984,4242865
2014-01-23,27.364701045505957,27.86969097206293,27.25036486948524,27.650545120239258,3450042
2014-01-24,27.097915632119733,27.51715070388179,26.04982431803306,26.126049041748047,6624042
2014-01-27,25.706813284042966,25.72586992014562,24.53485742384258,24.658721923828125,7334935
2014-01-28,24.773053476348483,25.954537347139645,24.773053476348483,25.411436080932617,7264680
2014-01-29,25.70681549000106,26.021242743313117,25.363805097423086,25.611534118652344,4314542
2014-01-30,25.23993185158053,25.35426982932886,24.7730552590108,24.925504684448242,9486375
2014-01-31,25.135124270748687,26.08793416727555,24.963620015940002,25.94501304626465,3335635
2014-02-03,25.73539903926719,25.973601545942365,25.097016248684074,25.154184341430664,2823397
2014-02-04,24.782595093297864,26.659630652210584,24.782595093297864,26.297563552856445,18973790
2014-02-05,27.250364325679183,27.993554907005063,26.735846091831377,27.736297607421875,14625605
2014-02-06,28.088836158296722,29.13692743946854,27.46951007039451,28.984477996826172,15328030
2014-02-07,29.469914043676436,29.63172536313416,29.09572609078411,29.348556518554688,7947235
2014-02-10,29.44968605041504,29.83398741241638,28.96425021296218,29.44968605041504,5284697
2014-02-11,29.3890011762524,30.187946057957706,29.3890011762524,29.9654541015625,5828380
2014-02-12,30.187951147228024,30.309308663045865,29.651949987027564,29.833988189697266,3367845
2014-02-13,29.833988672064297,29.833988672064297,29.328327847114057,29.45979881286621,1790647
2014-02-14,29.32833134049492,29.92501133932389,28.98448178425642,29.520483016967773,4128857
2014-02-17,29.682294924303445,30.430672817481057,29.510370142834045,30.329540252685547,2788622
2014-02-18,30.42055936810718,30.723955133550483,30.177842369963894,30.329540252685547,3343582
2014-02-19,30.208180998262918,30.541917092827465,29.98568898259114,30.15761375427246,3375292
2014-02-20,29.66206321005146,31.047574686248897,29.66206321005146,30.430667877197266,4958405
2014-02-21,30.450892413199206,31.219497020790325,30.450892413199206,31.088024139404297,4281140
2014-02-24,31.24983121821541,31.715040070386607,31.168925582482483,31.60379409790039,3235920
2014-02-25,31.664477889436657,31.907194835321864,31.027346147605844,31.61391258239746,4462250
2014-02-26,31.40154683933704,31.55324668012919,30.653168802466418,31.199283599853516,5571385
2014-02-28,31.14870123473132,33.575874362792604,31.067795592392123,33.292701721191406,7889630
2014-03-03,33.525308196070206,33.5354197132773,31.907191533083687,32.05889129638672,5202472
2014-03-04,32.26116137057464,33.373615610030946,32.149917296889136,33.02976608276367,5899155
2014-03-05,33.292704527878456,33.87927289546567,32.87806283481654,33.50508499145508,5656470
2014-03-06,33.39384085578168,34.28380497492659,33.39384085578168,33.929840087890625,5718300
2014-03-07,33.980404663431436,35.780559758452185,33.87927404525663,35.18387985229492,9315582
2014-03-10,34.68833233772884,35.578296483131936,34.637767026056316,35.072635650634766,5225012
2014-03-11,34.99173592516745,35.780569624405985,34.324263630665214,34.50630187988281,4954567
2014-03-12,34.223120988499346,34.546743571917524,33.19157255714683,33.52531051635742,5011052
2014-03-13,33.67700558113087,36.74131238613574,33.63655179475464,35.40636444091797,19609357
2014-03-14,35.254671105217724,35.355801720663436,34.14221504588644,35.11308670043945,7975867
2014-03-18,35.43671960329658,36.812117977444004,35.335585100558205,36.14464569091797,10009435
2014-03-19,36.30644012895585,37.054815811255935,35.82100245766091,36.50870132446289,11917422
2014-03-20,36.20531339186614,36.28622097362552,35.052407356995886,35.37602996826172,7394772
2014-03-21,35.649090055577446,35.699655369185436,34.425391719987886,34.51641082763672,6355435
2014-03-24,34.78946932299314,36.40758256029625,34.78946932299314,35.88169479370117,10203780
2014-03-25,35.87157453924641,37.88410214698396,35.61874416636282,37.540252685546875,15968940
2014-03-26,37.863878694351094,38.12682446645589,36.75142649574498,37.348106384277344,11297740
2014-03-27,37.04471832216035,38.22796296704653,36.690753380218986,37.064945220947266,12420537
2014-03-28,37.378446030712674,39.44154305485945,37.32788072145027,39.27973175048828,11471227
2014-03-31,39.46176448403211,40.250594001339856,38.93587685319852,39.07746124267578,7927535
2014-04-01,39.15837433185844,39.421316255393506,38.24818333137969,38.7133903503418,5457915
2014-04-02,39.0673522383991,40.14946597945153,38.935879357762346,39.91686248779297,6782352
2014-04-03,40.078687053302666,40.11913699637617,37.82343973123771,38.511138916015625,8881810
2014-04-04,38.27851976417626,38.8549727486809,37.3177673619256,38.035804748535156,16592640
2014-04-07,38.14705642771821,38.90554771602404,37.115507812675936,37.641395568847656,6539420
2014-04-09,37.904326343423186,39.10779744390099,37.73240355387709,38.99655532836914,8431792
2014-04-10,38.99655498830375,40.088780105840016,38.53134420735486,39.65391159057617,9912285
2014-04-11,38.95610581701627,39.23927461102718,38.06614178998639,38.33919906616211,6550980
2014-04-15,38.53134876941681,38.83474831487929,37.62116170668578,38.0560302734375,6594767
2014-04-16,38.106612503241074,38.63250039562483,36.5289488260898,36.71098709106445,5695935
2014-04-17,36.91324590618026,38.79430508194883,36.32667740711844,38.55158615112305,6378532
2014-04-21,38.61225106776333,39.90674121542165,38.15715566963816,39.52244186401367,5383745
2014-04-22,39.58313172617992,39.72471615051449,38.36954488377666,38.65271759033203,4784645
2014-04-23,38.84487048016729,39.5123427189463,38.02569842707583,38.26841735839844,12445117
2014-04-24,38.26841735839844,38.26841735839844,38.26841735839844,38.26841735839844,0
2014-04-25,38.02568637046841,39.19881914114773,37.348102825920186,37.570594787597656,7841147
2014-04-28,37.42901737263842,37.92456674220661,36.731206733420926,37.69196319580078,6141237
2014-04-29,37.84365364911459,38.11671095292789,36.812108978556616,36.95369338989258,6269037
2014-04-30,36.95369105773666,38.11670854737367,36.81210665533612,37.18629455566406,8618017
2014-05-02,37.43913311319158,38.78418908723179,37.33799861950172,37.88411331176758,10467355
2014-05-05,38.147061501995054,38.713399270216485,37.44924695488406,38.1875114440918,5740075
2014-05-06,38.43022603079811,39.815735731173994,38.43022603079811,39.633697509765625,10311887
2014-05-07,39.71460140576881,40.341619744571446,39.310071205188194,39.603355407714844,9607235
2014-05-08,39.94720439421825,40.55399582920393,38.94599428281743,39.44154357910156,5843257
2014-05-09,39.451648059708184,41.03942628516784,38.97632960165832,40.736026763916016,11213935
2014-05-12,41.110224904683456,43.28456404695784,41.05965573797935,42.93060302734375,14337295
2014-05-13,43.50705678189806,46.05558774051517,43.345245476170895,45.51958465576172,14328390
2014-05-14,45.7926533737567,47.734393384449234,44.31612435865816,47.097259521484375,11638017
2014-05-15,47.15793223106187,48.62434947634139,46.59159068686197,47.44110107421875,10790505
2014-05-16,50.97061875378127,58.85892778861051,50.18178514977787,52.133636474609375,26461542
2014-05-19,52.9932452313153,61.11415519556944,52.9932452313153,59.60728454589844,25623502
2014-05-20,60.335436223492096,60.49724749761198,56.057547047180414,56.67445373535156,20107000
2014-05-21,57.03854167532132,60.67929801294359,56.34072727912551,59.66797637939453,19216747
2014-05-22,60.07251265395406,62.07492922803436,59.020737122754426,60.5377197265625,13832815
2014-05-23,60.588270390988455,64.9268366567815,60.234309412178696,64.35038757324219,13622050
2014-05-26,64.92686830244095,67.55631163410646,59.04097852063314,62.39856719970703,19193577
2014-05-27,62.62102123300333,62.70192879936801,57.7464522381994,59.47581481933594,18070142
2014-05-28,58.33302194799797,65.068418839372,58.00939939039097,64.55265045166016,25081662
2014-05-29,64.72459668472187,64.72459668472187,61.801877232939255,62.347991943359375,16965027
2014-05-30,62.803069546235456,62.904204020531125,58.697106336974386,59.05106735229492,15233257
2014-06-02,59.46572840507997,64.59313025504855,59.06120194990292,63.91554641723633,13331777
2014-06-03,64.25936612823718,64.32004294644499,61.771516276701725,62.600799560546875,7786135
2014-06-04,62.226615012172736,64.25937352974552,62.226615012172736,62.69182586669922,7963685
2014-06-05,63.06601462987555,64.87628119211479,62.12548524761207,63.61212921142578,12748597
2014-06-06,63.935749993660096,66.32246948266432,63.935749993660096,65.67522430419922,17536302
2014-06-09,66.48427526111885,69.730616448447,66.16065267995822,69.12382507324219,13285535
2014-06-10,69.5789146322793,69.62947607225485,65.12909897862716,66.40336608886719,13796515
2014-06-11,66.1404462263156,66.94949902416882,63.005346380730536,63.652591705322266,9956035
2014-06-12,63.51100116874332,64.65379575520241,61.74118821658471,62.246849060058594,10288670
2014-06-13,62.73227734317135,63.10646911123674,57.84759604231939,59.05106735229492,14315830
2014-06-16,58.85891949491404,60.56805165663251,57.58465208378655,60.29499435424805,12359537
2014-06-17,60.355674941452,61.2254121569749,59.03084222270365,60.86133575439453,11968085
2014-06-18,60.982677772558084,62.5603404968668,58.65663939568546,60.325321197509766,12487555
2014-06-19,60.54782986748019,61.71085138039984,59.09152798983063,59.48594284057617,10361922
2014-06-20,59.76911624990247,60.96247627081439,58.73757141897254,60.659080505371094,11032747
2014-06-23,61.08382314427468,61.842314306540246,59.890463407012675,60.1938591003418,7703210
2014-06-24,60.578160348893725,63.662690200981174,60.54781808005297,63.16714096069336,11146150
2014-06-25,63.61213170104875,65.50329820008147,63.318847504157915,65.27069854736328,11263857
2014-06-26,65.43252356840964,65.6752463787456,62.19629658833426,62.47946548461914,8546527
2014-06-27,62.75251132926513,63.561567925627855,60.07251111269575,60.87145233154297,11689337
2014-06-30,61.08382705236239,62.944658977157005,61.08382705236239,62.11537170410156,6690520
2014-07-01,62.105267365251144,63.35930800954184,61.38722986191583,61.6703987121582,8580975
2014-07-02,62.39854675400657,64.2694902686722,62.39854675400657,64.05711364746094,11825940
2014-07-03,64.37064014582349,65.71570011766495,63.43011047504829,64.56278991699219,13079237
2014-07-04,64.7245814280464,66.11009477691822,63.73348673787573,64.71446990966797,13451782
2014-07-07,64.90662606679528,65.93817079079179,64.72458785482272,65.24036407470703,8101750
2014-07-08,65.43250032457803,65.47295411193014,58.83868730160414,60.09272384643555,11002680
2014-07-09,59.769101196008755,61.83219805401451,56.634005979579115,58.70721435546875,18696237
2014-07-10,59.263444256401165,63.40986513390014,57.54420062156225,61.195068359375,30328620
2014-07-11,61.20518534027598,61.832203668923604,53.89333043866357,54.81363296508789,18618200
2014-07-14,55.07656930661397,58.333025850514304,52.96290716577746,57.44306182861328,19422147
2014-07-15,57.92849995108219,60.07250451845063,57.29137012144617,59.83989715576172,15259895
2014-07-16,59.94103366511179,60.19386407342192,55.33952100544461,56.391292572021484,28097437
2014-07-17,56.02723073239743,57.61500569140388,55.76428489708556,56.25983428955078,18698502
2014-07-18,56.128340827094185,56.128340827094185,53.86297906741405,54.611358642578125,16965687
2014-07-21,55.01589026967385,56.22947296409766,54.12592628359579,54.560794830322266,11643612
2014-07-22,54.73273924917164,56.51266792436484,54.73273924917164,55.87553405761719,13777015
2014-07-23,56.229487079377115,56.300279292393284,54.621485361935314,54.8945426940918,10928180
2014-07-24,55.02601816555958,55.966547734206735,54.89454525330609,55.420433044433594,8477905
2014-07-25,55.04623409488982,55.653025501795355,52.19430753823958,52.841552734375,10991470
2014-07-28,53.29664495617578,54.28773958432833,51.84033949612678,52.43701934814453,9029047
2014-07-30,52.32579081729611,53.761865899220574,52.07296037122042,53.30677032470703,10969202
2014-07-31,53.15505861569657,55.056340228934154,53.15505861569657,54.27762222290039,19448717
2014-08-01,53.691067985094605,55.17771208477627,53.4078991500642,53.70117950439453,6603165
2014-08-04,54.08546893864777,54.59112964733882,53.45845074007869,53.933773040771484,6592087
2014-08-05,54.0045759120147,54.28774473036167,53.06404649920705,53.83264923095703,7835945
2014-08-06,53.90345053927349,55.09681055797578,52.66964058103707,52.993263244628906,9422892
2014-08-07,53.02358426891342,54.409093584005724,52.60894262609521,54.04501724243164,9446747
2014-08-08,53.33709167493565,53.51912597543396,52.33588180382784,52.568485260009766,8055740
2014-08-11,53.19551493156015,53.53936443190985,52.2651009058408,53.13483810424805,5504662
2014-08-12,53.286536356398386,54.95521862226374,53.286536356398386,54.82374572753906,7271395
2014-08-13,54.884434509275025,55.40020692943215,51.30435441397,52.083072662353516,15474402
2014-08-14,52.52804651341512,54.186617304283835,51.678536150437886,53.70117950439453,11851825
2014-08-18,53.70116925423921,55.15747466016427,53.70116925423921,54.560794830322266,6764985
2014-08-19,54.833846643832594,56.00697929429032,54.32818595212004,54.92486572265625,10610305
2014-08-20,55.177718983985244,56.067679393325434,54.80352713903781,55.20805740356445,10464810
2014-08-21,55.41030271636258,56.07777471356589,54.81362291144711,55.07656478881836,9059570
2014-08-22,55.258626111577975,55.52157195701466,54.10571980221326,54.510250091552734,5653802
2014-08-25,54.611368168647154,54.90465236803805,51.08185397287036,52.012271881103516,8900727
2014-08-26,51.62796240057673,51.87068126085369,49.08954710368575,51.425697326660156,16143352
2014-08-27,51.38527130725225,51.75945936047845,50.0402112190663,50.960514068603516,8034247
2014-08-28,50.66721506934105,51.0616337686255,49.93906607671562,50.58631134033203,7897930
2014-09-01,51.334683022235694,53.57981822204176,50.78857228699796,53.13483810424805,8015935
2014-09-02,52.962915054949484,53.175295538754646,51.607743855739805,52.629180908203125,7462820
2014-09-03,52.77076622325099,53.357330798799886,52.32578606739024,52.9831428527832,7119905
2014-09-04,52.993264046642324,54.661942707688176,52.38646864980941,53.09439468383789,6625332
2014-09-05,53.094383473446754,53.68095184741474,52.35611917571464,53.31687545776367,6054052
2014-09-08,53.88321702463218,54.06525523278724,53.01347977631048,53.56970977783203,3703402
2014-09-09,53.60003676415491,53.97422461984777,52.790980377027715,53.28652572631836,3052375
2014-09-10,52.699525461502205,53.559800408529625,52.42626070095049,52.54771041870117,3827540
2014-09-11,52.851355322226226,54.51118275317964,52.669178764114946,54.32900619506836,8022167
2014-09-12,54.65287066926058,54.946377753154714,53.51933072900117,53.731868743896484,6323920
2014-09-15,53.08411562710452,54.936238122521715,53.07399256612353,54.086082458496094,5459712
2014-09-16,54.20754637839231,54.68322609330157,50.09845924067691,50.412208557128906,6768850
2014-09-17,51.171270275764705,51.26235852750213,48.58031856253542,49.20781326293945,10662532
2014-09-18,48.98516691944295,50.675355689730694,48.34754901638253,50.260398864746094,10211982
2014-09-19,50.391954963248295,50.88787683167835,49.41022656539394,49.88591003417969,5304225
2014-09-22,49.35963605874583,49.45072432479613,48.15525019502964,48.944679260253906,7131110
2014-09-23,48.98515714095844,49.511440539105834,47.56822960829935,47.83137130737305,5390565
2014-09-24,47.46701803811253,48.752368818570645,44.32953701947468,47.861732482910156,11229717
2014-09-25,47.83136613865892,48.77261003806167,46.17153934942033,47.325321197509766,11943630
2014-09-26,46.960970723113086,49.96687496114147,46.61686001866346,49.65312957763672,6521365
2014-09-29,49.248300378928555,49.58229193980691,47.42653910916738,47.679561614990234,6670245
2014-09-30,47.48725891113281,48.80297894338433,46.8192796942003,47.48725891113281,7303960
2014-10-01,47.36581357955919,48.762498929933656,47.36581357955919,48.18560791015625,5367637
2014-10-07,48.1957234738649,48.388023039819814,45.56429108617309,45.74646759033203,7659427
2014-10-08,45.54405429319775,46.515659858189814,44.99752471508322,45.95901107788086,9499015
2014-10-09,46.35372068305431,48.68152688353287,46.201909501328686,48.22608947753906,10493750
2014-10-10,47.6188218611168,49.59239764146057,46.61685517286669,48.75236129760742,8282377
2014-10-13,48.499359051232986,49.34951494772991,47.41642287913564,48.63093185424805,5145955
2014-10-14,48.96491400402324,51.090301404266334,48.85358348919603,50.462806701660156,9048542
2014-10-15,50.46280670166015,50.46280670166015,50.46280670166015,50.462806701660156,0
2014-10-16,49.84543403971238,50.958731529775065,48.78274027904944,49.035762786865234,6905405
2014-10-17,49.33938016802029,51.41416358753787,48.27668659810313,50.7056999206543,6231350
2014-10-20,51.474893627179604,53.23592791491469,51.11054064052638,52.94242477416992,6279765
2014-10-21,52.942431361715016,56.57583475833537,52.355417285550985,55.70543670654297,21030057
2014-10-22,56.393663219592135,56.393663219592135,54.086095100269695,55.21963882446289,6446385
2014-10-27,55.503005609745934,56.89969063549243,55.260102355383665,56.059654235839844,7519107
2014-10-28,56.05966646408729,57.365263536838754,55.361325729293696,57.12236022949219,5610887
2014-10-29,57.67902458426519,58.1850697052119,55.69532477593253,56.23173522949219,8998870
2014-10-30,56.31268138489525,57.132475593303354,55.71554818981648,56.10014343261719,7150980
2014-10-31,56.353191976221176,57.648666411273226,55.68521248804517,57.15274429321289,9757032
2014-11-03,57.28428011667294,57.63851385686137,56.3734016293658,56.63654327392578,4800800
2014-11-05,56.59606619329759,58.39758886734302,56.59606619329759,57.294410705566406,9059235
2014-11-07,57.091987903019614,58.05347402626567,56.71751574204753,57.19319534301758,6737920
2014-11-10,57.28427811598521,57.9623802538641,54.16704370393179,55.66493606567383,8546897
2014-11-11,55.66493874981782,56.29243334196906,54.67309121357356,55.39167404174805,6746347
2014-11-12,55.71555707790689,57.48671468440322,55.14878911475106,57.23369216918945,8717287
2014-11-13,57.46646973867907,58.36722923308265,56.06978829965235,57.243812561035156,8576360
2014-11-14,57.24381274051025,57.48671218248645,56.35317244469113,56.84909439086914,5303180
2014-11-17,56.8491229620473,61.636314545006606,56.54549657657228,61.14038848876953,15719267
2014-11-18,61.47434786184686,62.60788757276178,60.38128881642335,61.686885833740234,10132130
2014-11-19,61.73749855654895,62.952007497038004,59.33884600513488,60.04730987548828,10844617
2014-11-20,60.10803108505102,61.02903293178908,58.31663112497024,59.338844299316406,5514162
2014-11-21,59.17691097215397,61.0087916314414,59.00485364290691,59.87525177001953,6208202
2014-11-24,60.40151947775048,61.64638946649223,59.814505541483086,60.30031204223633,4628047
2014-11-25,60.46226138964593,61.53507437356627,58.90364178337179,60.82661056518555,10598045
2014-11-26,60.917703970100185,61.85894810659135,59.915736896298284,60.44202423095703,5334782
2014-11-27,60.60394085430777,61.52494245661667,59.98656543260755,60.4217643737793,5033422
2014-11-28,60.705162406233796,63.680705845222946,60.705162406233796,62.68885803222656,9574185
2014-12-01,62.962126203294346,63.88312806924745,62.57753473281193,62.98236846923828,6759195
2014-12-02,62.72932994860615,62.75969140937523,60.99865719007213,61.26179885864258,7098492
2014-12-03,61.403500196772384,63.13417708031657,61.403500196772384,62.101844787597656,5908387
2014-12-04,62.25364779642641,62.56739705404119,60.01693005314171,61.899417877197266,6102487
2014-12-05,62.14233329597181,62.769828073021465,61.363023460543985,61.70713424682617,3532797
2014-12-08,61.433847745069976,61.869046640399006,58.933984861782186,59.24773406982422,3909590
2014-12-09,58.7821894122476,59.71331036474296,55.76615779630604,56.01918029785156,6177395
2014-12-10,56.27218334566783,59.794258747091696,56.1709759243646,59.47038650512695,8205827
2014-12-11,59.10604585676901,59.25785701025988,56.67702879275311,57.830810546875,6086245
2014-12-12,57.62840321736187,58.670858542848656,55.86736877919764,56.04954528808594,5211117
2014-12-15,55.5131250342397,57.20331703978951,54.490916015690715,56.424007415771484,3898127
2014-12-16,55.86736047820228,56.45437058343107,52.972782890195,53.539554595947266,6485260
2014-12-17,53.80269515008282,56.555580720161835,53.03350857887526,55.07792663574219,9245072
2014-12-18,56.090031334223426,61.02903208964038,56.090031334223426,59.92585372924805,14006317
2014-12-19,60.72539142700455,61.514820280094355,59.267983422650346,60.59381866455078,9708765
2014-12-22,60.72539794070548,61.91966440907136,59.94608820383507,61.3427734375,5250410
2014-12-23,61.332635539273106,61.73747297194006,59.40966738614484,59.60196304321289,4421887
2014-12-24,59.69307559469393,59.81452532965282,58.10409439438592,59.08582305908203,7008270
2014-12-26,59.227498548815795,61.27192051130628,58.72145362327309,60.887325286865234,4275647
2014-12-29,61.130241680637035,62.05124348852292,60.32056653719769,60.472381591796875,3557807
2014-12-30,60.76589052270153,61.292177837931234,59.76391962507208,60.917701721191406,3182860
2014-12-31,60.54321340784469,61.53506097935743,60.34079466939353,61.00877380371094,3172677
2015-01-01,61.00878638049797,62.122087741075084,60.37117243503655,61.9095458984375,3271855
2015-01-02,62.01075653056902,63.741429553296136,61.646403502454454,62.101844787597656,7661297
2015-01-05,62.26378515925124,63.0532142239009,61.49459449964919,61.62616729736328,4661567
2015-01-06,60.99867507505241,61.13024787832338,57.89155855866337,58.24578857421875,7392742
2015-01-07,58.29637968079436,58.78218625518913,55.766154801231814,56.19123458862305,11054610
2015-01-08,57.40574198482073,57.60815688188444,55.28035081830154,56.575828552246094,11470307
2015-01-09,57.26404760672852,57.44622023426895,56.39364968698229,56.8187255859375,6165887
2015-01-12,56.879451961768154,57.58791564910447,55.52325136971858,57.37537384033203,3477070
2015-01-13,57.28427749003285,57.58790749936242,55.381551566912286,55.72566223144531,3937920
2015-01-14,55.85724435103596,57.04139162984914,55.66494864560884,56.69728088378906,4699210
2015-01-15,57.9117707819406,59.854981049148286,57.284272421607795,59.004825592041016,11689132
2015-01-16,59.00485265921384,59.69307424309358,58.0433662822509,58.842918395996094,4888337
2015-01-19,59.10605677098943,60.522980435960385,59.10605677098943,59.3084716796875,6992602
2015-01-20,59.85499871292026,60.199109448557216,58.306502332962346,58.66073226928711,4858210
2015-01-21,58.70122501866058,59.67283057513191,57.28429735319358,57.97251892089844,8672070
2015-01-22,57.68912592936328,58.63036987181296,55.968572278604896,56.575828552246094,6427950
2015-01-23,57.284278006721,58.27612935406285,55.786385647836056,56.98065185546875,9046807
2015-01-27,57.30453816458393,57.79034093049629,55.90785666039234,57.23369216918945,4571730
2015-01-28,57.28429484638159,59.510893711470075,56.94018407758776,59.23762893676758,9214022
2015-01-29,59.409669386451895,60.82659272686184,58.90362450898776,59.915714263916016,12568075
2015-01-30,60.31045557906463,61.91967916234723,59.53114565651216,60.41166305541992,9399155
2015-02-02,60.330689833852034,63.14429899967918,60.037182786258164,62.71922302246094,11002417
2015-02-03,63.15443277488642,63.458059075946686,57.6891439125301,58.083858489990234,8878917
2015-02-04,58.13445749796003,59.42993553028766,56.77825652685384,56.919952392578125,10004155
2015-02-05,56.91993928239778,58.225532356052156,56.22159476075122,56.575828552246094,4791765
2015-02-06,56.67704363057354,57.89155248053499,55.92809528383854,57.334903717041016,4177372
2015-02-09,56.930056841260004,56.930056841260004,55.50301023753842,56.10014343261719,3307145
2015-02-10,55.766151018369946,58.09396083831539,55.37143658166408,57.608154296875,5871800
2015-02-11,57.8105776711954,58.23565746376297,56.15075074772078,56.88957595825195,6147615
2015-02-12,57.18310576877869,57.891569798254665,56.322830500655385,57.15274429321289,3697950
2015-02-13,56.66691112177682,57.26404427423734,55.320829798454376,55.60421371459961,9409750
2015-02-16,55.968577937587355,57.35514019891587,55.67507090202511,57.02115249633789,6225295
2015-02-18,57.02115962555746,57.142609363423375,55.49290518655718,55.69532012939453,4161417
2015-02-19,56.16088326109364,56.413905794713806,54.65286726195771,55.8167724609375,4774095
2015-02-20,56.12039733687986,57.0818837129474,55.270241490574094,56.33293533325195,4257487
2015-02-23,56.747882388771274,56.87945516144776,54.976725001204585,55.260108947753906,4219667
2015-02-24,55.36132571965488,55.61434822855566,54.31887035762803,54.71358871459961,5016820
2015-02-25,55.15890149850535,55.563739017132995,54.77430624189076,55.260108947753906,3623440
2015-02-26,55.54351488623405,56.71753944051193,55.08807349431203,56.47463607788086,7527815
2015-02-27,56.879465275180785,59.70319762461358,56.04955168916229,59.4400520324707,9166510
2015-03-02,59.8347564994153,62.951995384876746,59.40968057547969,62.48643493652344,10498355
2015-03-03,62.577524546529105,63.39731494931817,61.13023558407372,61.97026824951172,9964622
2015-03-04,63.292333816162476,63.8856991354491,60.481653688921746,60.89805221557617,8294017
2015-03-05,61.2519858678924,61.90781211569798,60.55451897586129,61.39772415161133,7445652
2015-03-09,61.08543749438811,61.501836064252814,59.78419692739973,60.294281005859375,4484700
2015-03-10,60.616984107642445,61.00215016552015,59.03467525797401,59.399024963378906,3838827
2015-03-11,59.33655682441364,60.752306885770885,58.753599748834134,59.80500411987305,6223492
2015-03-12,60.16934155961444,60.75229855525737,59.81540409280796,60.263031005859375,4498920
2015-03-13,60.79395028954021,60.79395028954021,56.36973313235312,56.702850341796875,5395147
2015-03-16,56.848586884977486,58.18105568197893,56.11989152246598,56.46342086791992,3194422
2015-03-17,57.035977786881695,58.50377699536305,56.6508077178453,58.02492141723633,10791977
2015-03-18,58.37886219464479,59.617641858913466,57.494016173534625,59.003456115722656,5855742
2015-03-19,59.690498320113846,60.33591243074617,58.02491223749156,58.42048645019531,5407697
2015-03-20,58.62868327606438,60.002792730107274,56.879815976178826,57.254573822021484,5499825
2015-03-23,57.775059586070434,58.16022553807809,56.57791712333664,57.45235061645508,3730242
2015-03-24,57.4523753618815,58.6911589938155,57.41073867937641,58.09779357910156,3071485
2015-03-25,58.50375934565213,58.764007381912975,57.421126561750235,58.378841400146484,4711362
2015-03-26,57.847930547818535,58.5974461288571,56.10947565088374,56.32808303833008,7477555
2015-03-27,56.4217931794262,57.21294571652317,53.59029236462851,55.02686309814453,5713520
2015-03-30,55.380801585410715,56.73409103609413,55.23506327133159,56.49466323852539,2753480
2015-03-31,56.682020829023315,57.598094991990465,56.42177280315183,56.84857940673828,3662472
2015-04-01,57.27540093000039,59.315745031265564,56.73408441865173,58.84729766845703,4031885
2015-04-06,59.711318414405376,59.711318414405376,57.22334747565022,57.89999008178711,4703612
2015-04-07,57.00474172847986,57.04638237728248,55.98456965924072,56.890235900878906,3748965
2015-04-08,57.28580584378104,58.49335677076136,56.682032365826146,57.8687629699707,4859237
2015-04-09,59.39900565035647,60.07564807569769,58.45170307802325,59.87786102294922,5039420
2015-04-10,59.87786102294922,60.83557176813472,59.24285526008652,59.87786102294922,6228832
2015-04-13,59.96115430478,60.12771291230721,59.0450839489156,59.669677734375,3451870
2015-04-15,60.05484286692734,60.16935265245662,57.6709735771056,58.22269821166992,4437610
2015-04-16,58.4621177989931,58.524578756310966,56.640381573455116,57.3170280456543,4421252
2015-04-17,57.358663166140055,58.295557645295915,56.931856563651216,57.962440490722656,3324512
2015-04-20,58.066536093420055,58.27473530055675,56.942266728593246,57.45235061645508,3319600
2015-04-21,57.66055857199638,57.98326759057396,56.09907023816263,57.40031051635742,3357580
2015-04-22,57.65015616077877,57.83753509725817,56.77572244756508,57.52523422241211,3322377
2015-04-23,57.91037689685915,58.71194108639151,57.233730615635984,57.504390716552734,3803467
2015-04-24,57.77507695255513,57.77507695255513,56.52588530531276,56.82777404785156,2833485
2015-04-27,57.15046230541362,57.19209896734044,55.58897430768177,56.47381591796875,3542950
2015-04-28,56.44259935991439,57.44195093665476,55.57857391241353,56.3801383972168,5475327
2015-04-29,56.525872859715996,56.73407208359455,54.40224792408064,54.881107330322266,6596562
2015-04-30,54.672916420864176,55.77636969547994,53.10101581404971,55.30792236328125,8211147
2015-05-04,55.38078592485057,57.43153786187918,55.38078592485057,57.20252227783203,4345782
2015-05-05,57.25459103131187,58.22271443370886,56.765323255392325,57.51483917236328,5506625
2015-05-06,57.87914868650304,57.87914868650304,53.6943646971369,56.41135025024414,10603042
2015-05-07,56.484239877403425,56.484239877403425,52.00797382705246,52.5909309387207,5779807
2015-05-08,53.298800931004635,54.49593956706004,53.12183019371901,53.39249038696289,4967415
2015-05-11,53.52781073087823,55.318318375319954,52.46600230613262,55.13093948364258,5991397
2015-05-12,55.16219385618679,55.287111843231365,53.27799601752139,54.29816818237305,7997657
2015-05-13,54.55839929435036,55.50570200714285,53.33002822003878,55.19340515136719,3216477
2015-05-14,55.15175279418483,56.629963421700474,54.47511041227434,56.286434173583984,3372830
2015-05-15,56.629982818929655,56.869410571868386,55.11013103995042,56.17194366455078,3446445
2015-05-18,56.52588530531276,57.12966279039037,55.81801017091111,56.82777404785156,2204607
2015-05-19,56.421793725929675,57.254586923327466,55.8804771548533,56.3385124206543,2460512
2015-05-20,56.83816726190437,57.4211242694416,56.47382161411218,56.84857940673828,2507877
2015-05-21,56.848586146304655,57.37949043475206,56.223988427523366,56.78612518310547,4586322
2015-05-22,56.83817104457533,58.22269254046722,56.75489373571048,57.84793472290039,3400240
2015-05-25,57.50441559842952,58.88893327319123,57.140065915861385,58.51417541503906,2177127
2015-05-26,58.49337075313088,58.65992940456093,57.14008121387781,57.51483917236328,1679072
2015-05-27,56.713254935164784,58.17064561273326,56.505055699644984,57.723018646240234,2111780
2015-05-28,57.72301523686959,59.00343509874457,56.83816953094078,58.378841400146484,7222460
2015-05-29,58.89935145825441,58.89935145825441,56.6091674011433,56.754905700683594,4764825
2015-06-01,56.629970192924524,56.629970192924524,55.630614787773446,56.22397994995117,4226507
2015-06-02,56.21357973832245,56.59874574685205,55.4328355752902,55.74513244628906,5311932
2015-06-03,56.03661809841847,56.03661809841847,53.29880720413416,54.30856704711914,4387787
2015-06-04,54.7561892362222,54.7561892362222,52.26821846340114,53.24675369262695,3748077
2015-06-05,53.27797552425523,55.06848319115423,52.674198205484295,54.80823516845703,4792115
2015-06-08,54.818659234409374,55.14136830569461,53.173893319090126,54.21488571166992,2845135
2015-06-09,53.73601540340983,55.1725857286207,53.673558413881125,54.37102127075195,2091155
2015-06-10,54.73538567128733,55.99498559985559,54.548006710054075,55.0997314453125,3803390
2015-06-11,55.42242127083272,55.859636047662455,53.29879642919472,53.71519088745117,3186245
2015-06-12,53.298808743692476,54.58963702491935,53.205119274000964,53.912994384765625,1935002
2015-06-15,53.8401181808917,55.130946292911936,53.663147440863206,54.45430374145508,2169590
2015-06-16,54.693751000352776,55.16219845466002,54.391862199680155,54.99563980102539,2541140
2015-06-17,55.18299288735061,56.32808665082797,55.18299288735061,55.5577507019043,2604317
2015-06-18,55.318335045571146,55.63063196878797,54.22529382877685,54.32939147949219,2376545
2015-06-19,55.09971910987684,55.71390468506941,54.60004331547665,55.422428131103516,3991477
2015-06-22,55.713905184071486,57.212932580698116,54.84987971840506,56.46342086791992,3681915
2015-06-23,56.83817211152941,58.19146513838445,56.786123296128075,57.7958869934082,2973082
2015-06-24,58.3059785206113,58.60786724866709,56.83817949756313,57.410728454589844,2150147
2015-06-25,57.04637522599544,57.34826393536365,56.317679847581616,56.796539306640625,4542765
2015-06-26,56.47384049959271,56.77572926361533,55.203828437891396,55.69309616088867,2802357
2015-06-29,54.56880530714829,54.90192644065926,53.14264720725522,53.7984733581543,3417645
2015-06-30,54.10035040419858,54.49592446769034,52.94484875789553,53.29878616333008,4689115
2015-07-01,53.86093517907256,54.46470855652915,53.31961878865672,53.975440979003906,3711240
2015-07-02,54.2877490378219,54.67291506985843,53.48618450499367,53.569461822509766,2722280
2015-07-03,53.72560963034884,54.70414089704877,53.72560963034884,54.402252197265625,2210322
2015-07-06,53.92341787190371,54.6208850045502,53.132265214035336,54.43350601196289,3340382
2015-07-07,54.54800278475521,55.03726650737121,53.50701039551233,53.69438934326172,4339237
2015-07-08,53.29880896834778,53.45495543777804,52.04961735755239,53.16347885131836,4392765
2015-07-09,53.16346518304854,53.892160432921635,52.77829922552819,53.51740264892578,2283475
2015-07-10,53.75684789332099,54.277344102932645,53.194711033883365,53.66315841674805,3945992
2015-07-13,53.86093846288188,54.74578024917879,53.86093846288188,54.568809509277344,2556137
2015-07-14,54.672925007187786,55.110139938523695,53.829719676805645,54.350215911865234,2273897
2015-07-15,54.72495086360539,54.891509430062335,53.74641978205451,53.98584747314453,1635050
2015-07-16,54.339800504886846,56.29686720023613,54.1316012443483,56.026206970214844,3962302
2015-07-17,56.171933662701214,56.35931256138821,55.21422282147413,55.39118957519531,2036612
2015-07-20,55.11012463891199,55.85964028006086,55.0476676495296,55.62021255493164,1958765
2015-07-21,55.7971773429472,56.317673415068235,53.29879857940816,53.6110954284668,2407190
2015-07-22,53.527826743791664,55.42243654542319,53.340451767130475,54.82906723022461,2613822
2015-07-23,54.77701769561351,55.06849826112795,53.944224589295345,54.15242385864258,3079570
2015-07-24,54.52718196536761,54.75619758859356,53.63192788337577,54.03791427612305,3919277
2015-07-27,53.72560448508725,54.03790132999196,52.40354400295648,52.9344482421875,7016642
2015-07-28,52.455599930971125,52.62215853558563,51.00862130880684,51.143951416015625,26321040
2015-07-29,51.25844750423163,51.40418574794207,49.90515473590483,50.74835968017578,11776592
2015-07-30,50.894123087528364,51.612410459629665,50.18624786430836,50.644287109375,9903885
2015-07-31,51.008607748616484,51.40418581856639,50.207043436038475,51.2480354309082,6228765
2015-08-03,51.24803741029368,51.72689279337226,51.05025035321414,51.25844955444336,4730092
2015-08-04,51.50830242809524,52.25781821159717,51.06067538751168,52.13290023803711,5556715
2015-08-05,52.330689119177116,52.434786772130586,51.63322213696195,51.73732376098633,3601097
2015-08-06,51.83100920562313,52.23699558006306,51.52912047603989,51.851829528808594,4192542
2015-08-07,51.778953231389416,52.382726636090986,51.42501572826434,52.257808685302734,5771152
2015-08-10,52.39314521043759,52.72626243412655,50.9045258797342,51.28969192504883,4618202
2015-08-11,51.45624631192604,51.7789553332211,51.09190061939147,51.518707275390625,5055410
2015-08-12,51.40419793939914,51.820592452889024,48.11466261879889,49.655330657958984,9113502
2015-08-13,49.95722675869457,50.488131132611684,49.572056713563434,49.88435363769531,3770092
2015-08-14,50.102955138719224,50.9461562698237,49.6969688206215,50.623451232910156,5602135
2015-08-17,50.654674685629146,51.071073107961425,49.87393062205837,50.040489196777344,3256640
2015-08-18,50.238284123729635,50.685911107899514,49.56164154540723,49.925987243652344,1948172
2015-08-19,49.83231702070082,50.09256518308123,48.63517785639402,48.90583419799805,1969322
2015-08-20,48.65598736846682,49.114022602837764,48.00016103317472,48.177127838134766,2935065
2015-08-21,47.96892323829939,48.06260872554896,46.36579427197072,47.43801498413086,5129487
2015-08-24,46.57399962523579,46.57399962523579,39.724268035684055,40.61952209472656,5840122
2015-08-25,41.43148237659622,44.80429833174179,38.62080307581983,44.41912841796875,7484327
2015-08-26,43.721680292991856,47.05285672857683,42.784785555427995,44.01315689086914,9694260
2015-08-27,45.05415066436777,46.011865755671735,44.51283412946917,45.637107849121094,7013752
2015-08-28,46.71973897728335,46.990395247948925,44.55447292767567,45.76202392578125,3444002
2015-08-31,45.553817330401245,47.125717790198806,44.50241694630901,46.66768264770508,4810395
2015-09-01,45.866131677381915,47.87524755063382,45.53301438999965,46.42826461791992,8836900
2015-09-02,46.86546646973832,47.573341440364445,44.83553100900371,45.324798583984375,3911317
2015-09-03,45.74120037865048,46.27210867714728,44.9396358285594,45.80366134643555,5841160
2015-09-04,46.01185685519276,46.105546313707244,42.3579719441981,42.7847785949707,7146390
2015-09-07,43.00339352639982,44.11725497447529,41.847891433089444,43.39896774291992,3489797
2015-09-08,43.721682770520154,45.12702098542989,42.90970993266751,44.179718017578125,3161860
2015-09-09,44.970872211656236,46.63645845350353,44.606522491140936,46.324161529541016,4097312
2015-09-10,45.17905456418471,46.66767344766133,44.4191269066874,46.06389617919922,4704510
2015-09-11,46.60523111735328,46.78219792262944,45.137431964077216,45.637107849121094,2196112
2015-09-14,46.10554483550556,47.12571670047185,45.22069909544468,45.83488464355469,4500052
2015-09-15,45.92883643066101,47.15012403351696,45.74094541761811,45.918399810791016,5418637
2015-09-16,46.6490795686935,47.578097952486914,46.37768366890306,47.317138671875,3798995
2015-09-18,47.80774121885802,48.93508726503819,47.567659149450634,48.12089157104492,5792575
2015-09-21,48.01651196644441,51.31503741181889,47.598975487010485,50.96013259887695,4326042
2015-09-22,51.14801665369483,51.25239876838238,49.3943700498715,49.73883819580078,5884305
2015-09-23,48.85157524387193,49.54050756721403,48.60105657097799,49.01858901977539,3701722
2015-09-24,48.8515714205616,50.50083581271277,48.8515714205616,49.269107818603516,8459982
2015-09-28,49.269119054081685,49.801474300158944,47.4424038644425,47.88081359863281,2500082
2015-09-29,47.54679709642673,48.41318412851939,46.84742788616555,47.494606018066406,7362295
2015-09-30,48.016503000240306,48.53842151111248,47.619843817039225,48.03738021850586,6630377
2015-10-01,48.83070134043229,48.85157856157839,46.34637175288781,47.25450897216797,6003310
2015-10-05,48.068688760591506,52.95384580285094,48.068688760591506,52.45280456542969,12843220
2015-10-06,53.00604827272221,53.00604827272221,50.605223666232455,51.074951171875,6835052
2015-10-07,51.335911987581525,51.42985749151506,49.47788311192147,49.7492790222168,6322595
2015-10-08,50.23988302232588,50.60522443116879,48.47579569468311,49.10210037231445,4288415
2015-10-09,49.68663852075735,50.156365956870474,48.55929665600791,48.84113311767578,3245560
2015-10-12,49.06035640514398,50.18770267641528,48.736765386851616,49.94761657714844,4254345
2015-10-13,50.19813130153565,51.14802299793467,49.3943761765945,50.93925476074219,6659115
2015-10-14,50.521725794389354,50.667862376046656,49.27955688645586,49.801475524902344,3685777
2015-10-15,50.05197446472788,50.907920306925824,49.95802899512462,50.52170181274414,3048935
2015-10-16,50.65739772734337,50.81397483732257,49.40479677519508,50.52170181274414,3772657
2015-10-19,51.14802198523351,51.252404110801585,50.29207581342221,50.90793991088867,2561525
2015-10-20,50.93925469358231,52.35887392631201,50.78268150233658,51.18977737426758,4908155
2015-10-21,51.27328426499105,51.82652071152941,50.52172415768349,51.62818908691406,2429190
2015-10-23,51.98309966485177,52.19186793296835,51.25241271740551,51.94134521484375,4833267
2015-10-26,51.78475253607021,52.150093881512184,50.35469700715474,50.688724517822266,2906542
2015-10-27,50.7304880646921,51.6908203921823,50.25032389190853,51.24197006225586,2290545
2015-10-28,50.7618049129199,51.46117393609507,50.26076352722956,50.83487319946289,2791562
2015-10-29,50.83488634054492,51.04365463403099,48.955979663018255,49.373512268066406,7235870
2015-10-30,49.363054797457686,50.88705592699452,49.164723210542704,50.06242370605469,5769222
2015-11-02,50.02066551456519,51.325461722460844,49.8849695759279,50.688724517822266,4451387
2015-11-03,50.94969689871651,52.71378039323546,50.93925629648451,52.11879348754883,11103922
2015-11-04,52.369308692735196,53.601036866835926,51.795199047975004,52.755531311035156,9959390
2015-11-05,52.83903085922327,53.48621270337017,51.826511618788714,52.57807159423828,4832687
2015-11-06,51.5655641940741,51.5655641940741,46.66996471041811,48.454925537109375,15017050
2015-11-09,47.755549027188785,48.56974071999445,46.86828905333249,47.087493896484375,4335645
2015-11-10,46.84741501500486,48.32966193920089,46.10628757098391,47.066619873046875,8718405
2015-11-13,47.494587871701185,47.9747519802372,46.24198256001907,47.02486038208008,7894112
2015-11-16,47.097943378855405,47.48416609208838,46.00191488183405,46.3776969909668,4537462
2015-11-17,46.763902180099,46.78477940032993,45.33384644062255,45.688751220703125,5571030
2015-11-18,45.88708393208017,46.03322050799076,43.851600525798005,43.976863861083984,5840430
2015-11-19,44.20649723227571,44.968501778688065,44.08123790190096,44.582279205322266,3106920
2015-11-20,44.5718447715101,45.135517758707046,44.331762717390475,44.53009033203125,2399962
2015-11-23,44.676232345308854,45.145959892015,43.3714358166379,43.70546340942383,9424552
2015-11-24,43.84116304091689,44.018613456188056,43.340121655422884,43.44450378417969,6351955
2015-11-26,43.52801390590406,43.882918728424066,43.32968228095509,43.48625946044922,4920580
2015-11-27,43.74721878425289,44.4152739840304,43.52801391843647,43.987300872802734,4284917
2015-11-30,44.21694718716359,44.874565779121326,44.1021244508938,44.51966094970703,4930790
2015-12-01,44.749299393640236,44.92675378722727,43.99773932163759,44.540531158447266,3776197
2015-12-02,44.7597377396332,44.87456046229859,44.258696389575555,44.46746063232422,1811832
2015-12-03,44.27957748281214,45.30254156696726,44.1856359460651,44.60316848754883,4216757
2015-12-04,44.258695356518125,44.624036754723434,43.55932241748177,43.6845817565918,2859885
2015-12-07,43.8620383399911,44.04992934905395,43.03740602042895,43.25661087036133,2527295
2015-12-08,43.026965386489366,43.4236206069061,41.753482884302954,41.87874221801758,9298355
2015-12-09,41.795246066284534,43.3192475547166,41.39858678096549,42.67206954956055,10218855
2015-12-10,42.79733028823436,43.05828961926019,41.04368326518699,41.461219787597656,7390480
2015-12-11,41.44033184798133,42.99564682885744,41.377700191237494,41.98312759399414,9094372
2015-12-14,41.722167684971126,43.36099151615181,41.55515391816043,43.20441436767578,4856050
2015-12-15,43.42362178118739,43.70545827610868,42.85995277326735,43.162662506103516,4800725
2015-12-16,43.214865409185705,44.16475718403774,43.02697437838656,43.17311096191406,4420710
2015-12-17,44.00816813873144,45.19814169184518,43.67414061441609,45.0311279296875,7068327
2015-12-18,45.083327778451164,45.083327778451164,44.25869940676319,44.446590423583984,4421222
2015-12-21,44.676231401548904,45.7200686024352,44.49878098872123,45.55305480957031,3587407
2015-12-22,45.594804002365514,46.13759976214635,44.92674890784217,45.13551712036133,3884550
2015-12-23,45.46196511705412,45.66871199632034,45.04847966027559,45.2661018371582,3166415
2015-12-24,45.63605880621486,45.63605880621486,44.28678323913057,44.56969451904297,2201640
2015-12-28,44.722030853996685,44.93965714652886,44.0038669942539,44.14532470703125,3021485
2015-12-29,44.26502175428662,44.72203325737551,43.77536360749388,44.341190338134766,6958872
2015-12-30,44.569696686442995,44.65674886965017,44.177970163763796,44.275901794433594,2383135
2015-12-31,44.24324714530414,44.50439947229733,43.65565752272603,43.82975769042969,10198262
2016-01-01,43.74272306596093,44.28678677536125,43.74272306596093,44.06916046142578,2564097
2016-01-04,44.04737987927512,44.069142917092265,42.48047851431574,42.73074722290039,4801285
2016-01-05,43.274825417780455,44.23237865267646,42.89397835290492,43.895057678222656,4943495
2016-01-06,43.88417604297531,44.711150965372845,43.28570270670762,43.67742919921875,4141197
2016-01-07,42.87221335255935,43.133361556143235,40.717717843175045,41.000633239746094,5233037
2016-01-08,41.468521881601255,41.773196122486475,41.04415300297535,41.3814697265625,3813712
2016-01-11,40.674203085532405,41.5991097086166,40.16278188288205,41.044166564941406,4658500
2016-01-12,41.240023907492905,41.75144088585124,40.48921345804234,40.79389190673828,2301492
2016-01-13,41.09856459327666,41.31619086213423,39.172578962832304,39.96691131591797,4009242
2016-01-14,39.1725762059501,39.72751920914916,38.617633202751044,39.2705078125,4887075
2016-01-15,39.47725820388169,39.651358410645585,37.01809226448211,37.14866638183594,5315602
2016-01-18,37.21395124882634,37.21395124882634,34.83095001282584,35.037696838378906,7671052
2016-01-19,35.55999876922058,35.77762504882755,34.167195145699594,34.580684661865234,10575460
2016-01-20,34.254244830204605,34.254244830204605,32.8940857876256,33.5687255859375,7448837
2016-01-21,34.101908194206985,34.27600838823919,32.252091038317275,32.43707275390625,13090277
2016-01-22,33.187884198248554,34.885364359753176,32.83968377807475,34.656856536865234,8028052
2016-01-25,34.99417289070058,35.79938889811793,34.798309649730854,35.29884719848633,4519385
2016-01-27,35.690569925494586,36.78958067874188,35.13562690171551,36.35432815551758,8540755
2016-01-28,36.365207600704125,37.11601799572225,35.9517222696043,36.35432815551758,23609945
2016-01-29,36.53931835772227,38.38913152960639,35.744981740487944,38.10622024536133,9505815
2016-02-01,38.3020824189544,38.6938089175253,37.38805530591439,37.747135162353516,3243702
2016-02-02,37.85594915647311,38.236792045018646,36.69165329620399,36.81134796142578,8330817
2016-02-03,36.10406578839547,37.2465986751925,35.08122757418338,35.97349166870117,12742905
2016-02-04,36.61549350735468,37.34453696924248,35.255334077674,36.68077850341797,4383927
2016-02-05,36.778697042675965,38.780851175753774,36.51754884972599,38.530582427978516,3327205
2016-02-08,38.67203853891551,40.52185545864039,38.30207515497053,39.29227066040039,5200072
2016-02-09,38.73732972609013,39.55342519069211,37.01809077245091,37.333648681640625,25316862
2016-02-10,37.38805224087362,37.86682672716836,33.88428123631037,34.39570236206055,9830670
2016-02-11,34.71125661326705,34.798306704615314,32.306496542622575,32.730865478515625,9740312
2016-02-12,32.643820157706344,33.26405240863266,30.68519177841924,31.80596160888672,10574062
2016-02-15,32.3391429597992,34.03662306053636,32.3391429597992,33.514320373535156,5054915
2016-02-16,33.81694886989312,34.62398168078126,32.07958576695975,32.25892639160156,6583610
2016-02-17,31.855426830014842,34.0523517861972,31.440700066130166,33.884220123291016,12116527
2016-02-18,34.22047348442567,34.83695674302309,32.079592460396945,32.79695510864258,10424177
2016-02-19,32.62881864269338,34.50068839467485,32.30376240495521,34.31013870239258,7416042
2016-02-22,34.31015029222197,34.59037039682905,33.29014928248498,33.74971008300781,3714055
2016-02-23,33.82816428764869,34.444647533547624,33.42464673736762,33.95146179199219,8223307
2016-02-24,33.73850102227436,34.254104988554715,33.25652210028463,33.74971008300781,4943427
2016-02-25,33.91783317500064,35.374976496769776,33.7272834663469,35.12838363647461,13242535
2016-02-26,35.59916053775559,35.64399464050254,34.186851025717765,34.881797790527344,5928032
2016-02-29,35.016289840973016,35.46464139927501,33.87299176387129,34.57914733886719,5735130
2016-03-01,34.70244563204848,35.35255811925325,34.265303092771255,35.07233810424805,5289360
2016-03-02,35.75608112040406,37.21322679225264,35.55432232446275,36.563114166259766,4282625
2016-03-03,36.899368533086566,37.4149765964786,35.91299718533221,36.4398078918457,2860285
2016-03-04,36.473437774408154,38.468602890836515,36.226842795679055,37.67277908325195,5919425
2016-03-08,37.661565691891994,37.952996881724275,36.42859942178932,36.876953125,3271972
2016-03-09,36.76486767047824,38.28926534225775,36.41739756422918,38.0202522277832,3790722
2016-03-10,38.35652447917975,38.76004206336719,37.067510449227534,37.482234954833984,3380302
2016-03-11,37.852129822087754,38.10993178873679,36.83212887759845,37.448612213134766,3503637
2016-03-14,38.04267224457272,38.6255304585434,37.66157280758491,38.35652160644531,3571565
2016-03-15,38.53585870695285,39.129923786630336,37.71761675402142,37.89695739746094,6066692
2016-03-16,37.919374634797094,38.378935290213846,36.76486526079452,37.59431838989258,4030700
2016-03-17,38.065086564729754,38.59190157161746,37.47102148943471,38.076297760009766,5853347
2016-03-18,38.39014944307553,38.423774483084784,37.571907354905335,38.04267501831055,3622307
2016-03-21,38.31168308132328,39.08508882962633,38.098717396496795,38.950584411621094,3909787
2016-03-22,38.58069872410892,39.06267760579955,38.03146975945995,38.367733001708984,3207825
2016-03-23,38.401360281117675,38.99542979539152,38.266855831543324,38.61433029174805,2711952
2016-03-28,38.984220975777404,38.984220975777404,37.59433160178874,37.72883605957031,2723472
2016-03-29,37.549483093546876,37.86332815114156,37.000249966937965,37.145965576171875,3011547
2016-03-30,37.661568788726775,38.67036256599299,37.51585745764689,38.535858154296875,3301077
2016-03-31,38.491028415042024,38.86091667852719,37.71762257261386,38.412567138671875,6166762
2016-04-01,38.33410652318122,38.33410652318122,37.23564435924274,37.77366638183594,4208287
2016-04-04,38.311680368306384,38.311680368306384,37.13475717351233,37.67277908325195,3396537
2016-04-05,37.43740766560774,38.05389104024636,36.76487684942241,37.134769439697266,3029012
2016-04-06,37.12355387776311,38.109929726743424,36.92179508420307,37.58311462402344,3362417
2016-04-07,37.51586015413556,38.3901453067276,37.21322199920329,37.94179153442383,3866852
2016-04-08,38.0202491614778,38.222007912107415,37.52706347983766,37.67277908325195,1722285
2016-04-11,37.88575566793443,37.97542814996816,37.24685419881163,37.751251220703125,2368687
2016-04-12,37.88574955144471,38.19959891207385,37.39256380733977,37.5046501159668,3684812
2016-04-13,37.88574687107891,38.80486821941341,37.796078685684904,38.468605041503906,4829007
2016-04-18,38.55828948016583,38.670375815680536,37.54949535725501,37.72883605957031,2474060
2016-04-20,37.997835897247406,38.02024973581768,37.34772340743838,37.59431838989258,3441130
2016-04-21,37.82970961597626,40.037845145526425,37.76245525958637,39.2756462097168,11182252
2016-04-22,39.28685053395239,40.10509257475015,38.96179424661914,39.488609313964844,8807280
2016-04-25,39.56707296538297,39.858504232174205,38.78245591547746,38.89454650878906,3275420
2016-04-26,38.939383868989445,40.95696757277015,38.39015063547194,40.800045013427734,10112080
2016-04-27,40.91212191840335,41.203548850708735,39.98178942238671,40.194759368896484,6456662
2016-04-28,40.41895174516756,41.02422395619824,39.88092962657378,40.57587432861328,6028180
2016-04-29,40.80004403677187,40.97938471113008,39.230809929273356,40.20597457885742,4868097
2016-05-02,39.54465044951643,40.66553060308158,39.54465044951643,39.9033317565918,2019157
2016-05-03,40.18354791236551,40.5534403796951,38.91695653980687,39.34288787841797,3620337
2016-05-04,39.23080859340235,39.791248716165235,38.614325313526926,38.77124786376953,3854437
2016-05-05,39.006632982467984,39.10751237894289,37.52707135138195,37.77366638183594,5246560
2016-05-06,37.88574781687998,37.88574781687998,37.011462677325476,37.17959213256836,2542710
2016-05-09,37.40377773812185,38.6143306221058,37.23564824367035,38.43498992919922,3604445
2016-05-10,38.44619406022397,38.65916405721243,37.84091766218163,37.98663330078125,2603065
2016-05-11,37.41499190977812,37.84092341689097,36.54070222104071,36.619163513183594,7601822
2016-05-12,36.83213069410489,37.16839395954332,36.361358701835556,36.93301010131836,3987115
2016-05-13,37.101136829196456,39.35410866366853,36.96663238821604,39.11872482299805,10605247
2016-05-16,39.320485471187,39.51103308188368,38.23323014294108,38.9730110168457,6244600
2016-05-17,39.09631135538271,39.174772644941875,38.12114228374233,38.199607849121094,3656362
2016-05-18,38.109931087971454,39.454988334475445,37.70641348643834,39.2196044921875,3198647
2016-05-19,39.45498559017476,39.466192511296015,37.751247099882846,37.93058776855469,2999345
2016-05-20,38.1099239378034,38.36772585134328,37.45981141823631,37.639156341552734,2764752
2016-05-23,37.99784427441368,38.30047819583165,37.392567879939634,37.605533599853516,2350682
2016-05-24,37.84092132462018,38.46861590287697,37.583119339573514,38.177188873291016,4927510
2016-05-25,38.446186247323986,38.55827682186007,37.033879214715064,37.89695739746094,8067520
2016-05-26,37.66158434659501,37.81851121352093,36.93301456277149,37.515872955322266,5110277
2016-05-27,37.54948491835389,38.10992499176216,37.03388107701471,37.28047180175781,3724117
2016-05-30,37.336522333068274,38.31168694462265,37.16838858674358,37.829708099365234,4463605
2016-05-31,37.82969573887618,37.96420012649665,36.51826833898748,36.697608947753906,13037190
2016-06-01,36.85454559326172,37.45981770780767,36.72003687819015,36.85454559326172,6022717
2016-06-02,36.876948824982804,37.38134133750814,36.47343139430868,37.23563003540039,4679195
2016-06-03,37.37014034678472,37.8633260203676,36.910579705818094,37.190799713134766,4367425
2016-06-06,37.21323060172617,37.280480690044904,36.742458604397754,36.84333801269531,2497090
2016-06-07,36.98904534126332,37.13476095953384,36.66398906812851,36.832122802734375,2778955
2016-06-08,36.91058407199885,36.98904534126332,36.720032221057636,36.832122802734375,2541800
2016-06-09,36.966622626773315,37.43739445962091,36.585523248113056,36.89936828613281,4392872
2016-06-10,37.01146077029644,37.25805575626218,36.540688913072586,36.67519760131836,2521782
2016-06-13,36.18201768830671,36.495867105648244,35.643995613203266,35.89059066772461,3449835
2016-06-14,35.890580390653234,36.42860231169704,35.890580390653234,36.294097900390625,3021317
2016-06-15,36.47343419182677,36.83211542975527,36.14837798376106,36.652774810791016,3393857
2016-06-16,36.54069281304457,36.74245159112868,35.8793733239508,36.484649658203125,4349467
2016-06-17,36.74245973175851,36.809714097960246,36.394989529265146,36.59674835205078,3747447
2016-06-20,36.58553857133911,37.089935647856045,36.14839586363101,36.91059494018555,3609207
2016-06-21,37.07871949184036,37.930586572208675,36.910585749592784,37.437400817871094,5852527
2016-06-22,37.61674331548066,38.10992909387125,37.12355326127118,37.29168701171875,5774980
2016-06-23,37.426184084661415,37.493438426774944,36.95541651732084,37.39255905151367,2185470
2016-06-24,36.540697222555394,36.596744659978945,35.08355364174536,36.406192779541016,4348745
2016-06-27,36.406192779541016,36.76487414479213,36.215645174922244,36.406192779541016,4110847
2016-06-28,36.37256390402182,36.88816777774751,36.28289143425108,36.68640899658203,4461245
2016-06-29,36.78727959895288,37.49343516433666,36.78727959895288,37.31409454345703,3015285
2016-06-30,37.437403689894204,38.47982270983388,37.437403689894204,37.975425720214844,24870420
2016-07-01,38.558280302165386,39.92575122838903,38.446189717511906,39.75762176513672,7778402
2016-07-04,40.35168738676907,41.640701333062765,40.060260414780394,41.08026123046875,6810105
2016-07-05,40.99059166922909,42.32443766872126,40.766414757126306,41.98817443847656,7897640
2016-07-07,42.145096408608865,42.73916585879966,41.82004438018624,42.06663513183594,5125540
2016-07-08,42.033006423914635,44.05058987709884,40.687949363185666,43.47894287109375,14571852
2016-07-11,44.4877338704049,45.799165935839895,43.88246180833049,45.4741096496582,12469162
2016-07-12,45.619833739754476,45.69829502672876,44.27477638676482,44.554996490478516,6331705
2016-07-13,44.835207736593915,45.675867881655044,44.095426979972856,44.992130279541016,5839740
2016-07-14,45.059384787909465,47.704662737743924,44.846414813892466,47.05455017089844,16607370
2016-07-15,47.895218824625644,47.895218824625644,46.25873447209361,46.41565704345703,11770365
2016-07-18,46.583778933137886,46.74070146448189,44.96970883744348,45.104217529296875,5127892
2016-07-19,45.17147263227312,46.49411165213454,44.285976220094604,46.24751663208008,7198115
2016-07-20,46.18024970201204,47.2787114187662,45.75431417075889,46.95365524291992,7313792
2016-07-21,47.06576679803578,47.50290944130418,46.30356783383786,46.527740478515625,5954192
2016-07-22,46.53894593699119,49.02730132358268,46.48290278273307,48.63499069213867,7517672
2016-07-25,48.64620202282331,50.305104193192676,48.43323204990829,49.76708221435547,6382155
2016-07-26,50.08093297650209,50.11455801779757,48.30994002074255,48.489280700683594,5523655
2016-07-27,48.74707888538044,49.68861836851658,48.444440736249,49.41960525512695,4541240
2016-07-28,49.47565695192561,50.0360971154514,48.87038054912117,49.16181182861328,5687700
2016-07-29,49.18422616027192,49.509278180460086,48.55653168617078,48.881587982177734,4035830
2016-08-01,49.0497078069456,50.79828217790726,49.00487585575526,50.04729461669922,7944052
2016-08-02,50.43960365407486,50.8879573968828,48.50048162669416,49.17300796508789,5931647
2016-08-03,49.15059544093509,49.4532336103809,48.11938770132893,48.37718963623047,4624000
2016-08-04,48.82553756068504,48.82553756068504,47.96245939064309,48.511688232421875,4985400
2016-08-05,48.735880146855564,49.49807917449537,48.702255102518926,49.2626953125,5640602
2016-08-08,49.31873890934979,50.57412379344923,49.31873890934979,50.11456298828125,13880650
2016-08-09,50.551699977284585,51.25785576571559,49.7558759879999,50.26027297973633,8165285
2016-08-10,50.43961292358686,51.07851434522011,48.511697461356576,48.74708557128906,10308660
2016-08-11,48.8931993789344,49.4102298835608,47.713019561800365,48.98311996459961,9004520
2016-08-12,49.207913637768044,50.26445909792652,48.893200158222754,49.91602325439453,6823762
2016-08-16,50.03965736233866,51.45587217901323,49.983459144343094,51.27603530883789,7672175
2016-08-17,51.23107917757046,52.60233370132374,51.16363874355668,52.456214904785156,6029635
2016-08-18,52.57986383613487,53.92864276655541,52.57986383613487,53.77128601074219,4955392
2016-08-19,53.92863299268548,54.15343015495565,52.91705219394357,53.2879638671875,5202045
2016-08-22,53.47904624068274,54.11971540553308,52.714738414606984,53.37788772583008,5278860
2016-08-23,53.42285375607563,53.99608687702817,53.16433845575108,53.76005172729492,6111307
2016-08-24,53.5914433378697,54.52434584163362,53.38912630569929,54.33327102661133,8016560
2016-08-25,54.97395852566008,55.40107287903252,53.119386541731885,53.625179290771484,16178122
2016-08-26,53.65888039356401,53.97359385146931,51.838027218870906,52.04034423828125,4610926
2016-08-29,52.15274298860637,52.512416723343044,50.44429060478264,51.41091537475586,5531885
2016-08-30,51.65819543202216,51.92795291368495,51.11868475634631,51.59075927734375,2573218
2016-08-31,51.613232745875685,55.974282531768516,51.568276740722816,55.61460876464844,13791121
2016-09-01,55.861885654147066,56.154118979797,54.22087356843322,54.58054733276367,8825868
2016-09-02,54.67046903621313,55.45725708135754,53.68136394267015,55.254940032958984,5095812
2016-09-06,55.47972970433475,55.704526870690835,54.71542191131366,55.232452392578125,4764342
2016-09-07,55.16502558178116,56.35644347613524,54.9851843881352,55.72701644897461,4511570
2016-09-08,55.727004786919935,57.1432195893085,55.61460406441344,56.963382720947266,4098250
2016-09-09,57.07578613418422,57.39050390803226,55.749487459991585,56.13164138793945,3618265
2016-09-12,55.23245954954446,55.23245954954446,53.05193661493393,53.209293365478516,5517531
2016-09-14,53.681353399078944,54.400705145235406,53.321679669825244,53.95111083984375,6911856
2016-09-15,53.61392628188495,54.243353270234344,52.91705885007678,53.47904968261719,1649181
2016-09-16,53.68136361711229,54.5805523990526,53.00697631830694,53.209293365478516,6059375
2016-09-19,53.50151679855103,54.085987683385675,53.09688706688004,53.906150817871094,3338410
2016-09-20,53.68135963680679,54.82782138988922,53.68135963680679,54.33327102661133,3374327
2016-09-21,54.62550072143574,55.27741206784417,54.08599010077839,54.22087097167969,5040206
2016-09-22,54.71542217784254,55.52469026560681,54.71542217784254,55.18749237060547,3720050
2016-09-23,55.43478098332227,55.83941510968451,54.895270244056015,55.142547607421875,4121167
2016-09-26,54.85030003748267,55.56964755991794,54.40070997978535,54.7379035949707,3118135
2016-09-27,54.76039091041949,55.03014412282501,53.18681478333732,53.88368225097656,4716440
2016-09-28,53.95111243447945,54.28830602966511,53.209284810011326,53.52399826049805,5726986
2016-09-29,53.90615636772092,54.26583013577989,50.48925128351112,51.25355911254883,6410636
2016-09-30,51.43339013803748,54.243343810710286,51.23107741824215,54.08598709106445,5751555
2016-10-03,54.175904628631706,55.3673221749383,54.175904628631706,55.00764846801758,3209318
2016-10-04,55.389812335977574,56.7835514181187,54.89526197142405,56.5137939453125,7669617
2016-10-05,56.87346997005277,57.36802464184523,56.154122397608894,56.85099411010742,5903388
2016-10-06,57.14322427965288,57.27810087008225,55.32237530208305,55.637088775634766,6390010
2016-10-07,55.7494938644794,56.333964897170006,54.78287314758933,55.322383880615234,3336093
2016-10-10,55.70452836780495,55.99676169056739,54.62550279782574,54.82781982421875,2715846
2016-10-13,55.1425425459479,56.35644052596203,54.04104101842865,55.50221633911133,5885990
2016-10-14,55.74948776114755,55.95180479983931,54.58055011138923,54.98517990112305,1634992
2016-10-17,55.16502358962558,56.37892158934832,54.7603894938347,55.27742004394531,4366521
2016-10-18,55.52468511408148,55.95179497619748,54.603020671927446,55.56964111328125,4424871
2016-10-19,55.72700701609138,56.24403749735584,54.9851750808215,55.232452392578125,4399202
2016-10-20,55.70453629976886,56.19908671934508,55.34486248777706,55.72701644897461,1593813
2016-10-21,56.15411684540534,57.50289555420281,55.479729634831266,57.390499114990234,5699296
2016-10-24,57.952494701521005,58.626881968128714,56.87346907223913,57.2331428527832,5240168
2016-10-25,57.63778184526124,57.705222292735655,56.53628026241257,56.82851791381836,2428558
2016-10-26,56.80602528212481,57.63776917995872,55.74947994210727,56.041717529296875,2784163
2016-10-27,56.019249317572374,56.28900681800387,54.53559378432419,55.88437271118164,7197751
2016-10-28,55.90684194623598,56.513788700333144,55.299890904489644,55.79444122314453,3114741
2016-11-01,56.019248927456616,56.176605681758325,54.670470009992016,54.94022750854492,3326507
2016-11-02,54.355755624959784,54.355755624959784,53.051937026218354,53.14185333251953,1969031
2016-11-03,52.984492717000215,53.6813601187043,51.79307494757866,51.9729118347168,2853100
2016-11-04,51.97291086876202,52.040347020404475,49.7024675310599,51.18612289428711,3736872
2016-11-07,52.15276086362779,52.714751802728735,51.61324578895836,51.793087005615234,2629251
2016-11-08,51.8829891896995,52.332583533539214,51.1636416696755,51.5233154296875,2138607
2016-11-09,49.455189966756585,52.8945751761803,46.37547852317006,52.332584381103516,6066095
2016-11-10,53.23177587865129,55.47973935806967,53.23177587865129,54.60303497314453,4782946
2016-11-11,53.90614948730732,55.23244794560875,52.827128320853305,53.16432189941406,5536297
2016-11-15,53.771284210636374,54.35575520384056,51.793078323187494,52.19770812988281,6121486
2016-11-16,53.0968862707772,54.80533432372569,52.37753453185533,52.917049407958984,5439791
2016-11-17,53.27672959429083,54.80534096979083,52.602338061204506,54.378231048583984,3708558
2016-11-18,54.872771453975126,56.53626340687925,54.558058034888845,56.22154998779297,6437693
2016-11-21,56.671138435094534,56.671138435094534,53.09688163462483,53.2991943359375,4178112
2016-11-22,53.568961372680974,56.4013954392625,53.568961372680974,55.90684509277344,4395836
2016-11-23,56.64868043851412,57.30058760694413,55.299901516139975,57.07579040527344,4210932
2016-11-24,56.6936321819671,57.412984030704905,55.83940802508736,57.2331428527832,17874311
2016-11-25,57.547852163164585,59.77333496085679,57.27809472360384,59.6159782409668,9088352
2016-11-28,59.97566454476381,60.155501446297514,57.95249833059718,58.35712814331055,5054212
2016-11-29,58.424557766278866,59.66093998698064,58.40207762179529,59.21134567260742,4700256
2016-11-30,59.34624099057986,60.964777603261,59.12144376241298,60.33534622192383,6631010
2016-12-01,60.51517284045572,61.0097232280745,59.70590467194339,60.06557846069336,3127970
2016-12-02,59.34623393918249,59.90822479899984,58.559445877908196,59.098960876464844,3991458
2016-12-05,58.89663178114622,59.076468648009985,57.34553612466554,58.244720458984375,4014032
2016-12-06,58.44705623828977,59.098967769789084,57.997461782935034,58.379615783691406,1935346
2016-12-07,58.44704574734727,59.75086428866672,57.21066764852097,58.06489181518555,3261818
2016-12-08,59.0989665626242,60.1555079371811,58.62689196537935,59.63847732543945,2560871
2016-12-09,60.020615765616306,61.32443417648198,60.020615765616306,60.7849235534668,4250622
2016-12-12,60.78492148526453,60.874837775549686,58.739271213750634,59.21134567260742,2343612
2016-12-13,59.18888960085966,59.68344011768971,58.177304125922184,58.874176025390625,2823116
2016-12-14,59.076471362689055,59.323744386208716,57.09826144863592,57.48041534423828,6231271
2016-12-15,57.2331299929444,58.37959151869626,56.64866344662263,57.63776397705078,2019058
2016-12-16,57.99742979307825,58.01990993221158,56.24402181715959,56.423858642578125,2952800
2016-12-19,56.19908153825723,58.469524946920785,55.56965028147488,57.27810287475586,6064645
2016-12-20,57.840095793948734,58.58192352573015,56.1091629905755,57.795135498046875,5589726
2016-12-21,58.8966394473616,59.009035895912994,57.09826625699159,57.2331428527832,3210003
2016-12-22,57.09826996089303,57.32306716022783,55.68205489408867,56.08668899536133,1728025
2016-12-23,55.974273009523905,56.1316297199135,53.45655706799276,53.81623077392578,3971321
2016-12-26,53.27672677507359,53.41160335949384,51.74811119281301,51.995384216308594,2314211
2016-12-27,51.927964297654356,52.894589411351774,50.759022100269085,52.66979217529297,3813532
2016-12-28,52.82714485183021,55.41230214662376,52.759704399954614,53.8612060546875,5843657
2016-12-29,53.658872864145614,54.85029038054972,53.27671902417764,54.26581954956055,5994247
2016-12-30,54.53558650145631,55.52469148741665,54.445665917437445,54.82781982421875,1724520
2017-01-02,55.27741102487218,55.884362069528244,54.243345805719336,55.749481201171875,2092276
2017-01-03,55.74947895902052,56.60370727365843,55.389805233167415,56.28899383544922,1700188
2017-01-04,56.2889849807834,56.73857492355152,55.3448405270275,55.59211349487305,2315285
2017-01-05,55.81691826121459,58.04240100277378,55.74947783111318,57.772647857666016,3108820
2017-01-06,57.54784962754403,59.30125790066014,57.32305248575639,58.19975662231445,10128527
2017-01-09,58.42456307251831,58.87415742772461,58.154809889514155,58.716800689697266,3897027
2017-01-10,59.16638152095274,59.70589209038907,57.57032995565971,58.08736038208008,6173291
2017-01-11,58.24473506117694,59.97566801847333,58.24473506117694,59.50359344482422,4648492
2017-01-12,59.346227134357875,61.59419031586877,59.346227134357875,61.167076110839844,8218703
2017-01-13,61.706597277723276,61.72907313867609,60.35781837510775,61.4818000793457,5995913
2017-01-16,61.234516504070754,62.42593853293485,61.144600206455266,62.201141357421875,5087971
2017-01-17,62.31353234401062,62.71816636696671,60.94227784000833,61.59418487548828,4357211
2017-01-18,61.72906302941333,61.863943898940626,59.795817730330285,59.97565460205078,5650876
2017-01-19,60.06557182957278,60.627562598408176,59.39118462203003,59.66094207763672,4915305
2017-01-20,59.39118035202836,60.33532494729735,58.37959532579408,58.694313049316406,5117791
2017-01-23,58.986560569392424,60.47021610730195,58.73928321719083,60.11054229736328,3854250
2017-01-24,59.57104175142983,60.69502367126813,58.26722289592344,60.44774627685547,4812883
2017-01-25,60.89733359731942,62.85305950672799,60.06558518790009,62.3585090637207,13978993
2017-01-27,62.53832757288829,63.055358014001705,61.63914326494128,62.15617370605469,8715838
2017-01-30,61.774040010159716,62.58330829538507,60.335344647670524,60.7399787902832,3512373
2017-01-31,60.42526153820386,60.67253891385039,58.1323418543604,58.514495849609375,16341762
2017-02-01,58.85166264196801,61.27946212334289,58.559425097482546,60.98722457885742,10778305
2017-02-02,60.82990030110652,61.526772178514804,60.29038949410222,60.44774627685547,6025558
2017-02-03,60.470212361209235,61.72907061800908,60.470212361209235,61.18955993652344,5607458
2017-02-06,61.391865953291536,61.66162338941623,60.67251850715768,61.03219223022461,3515081
2017-02-07,61.0996309394662,62.74064279067378,58.89662837584654,59.3012580871582,8028708
2017-02-08,59.66093185651798,60.98722589911128,59.2113376034145,60.51515579223633,6077846
2017-02-09,61.03219637710332,61.908904888340444,60.155492153515475,60.89731979370117,5956872
2017-02-10,61.279473885985055,61.594187344164915,60.425245517140716,60.7849235534668,4531612
2017-02-13,60.82990030110652,61.14461815426375,58.85169400875744,60.44774627685547,7165326
2017-02-14,60.69500447323834,60.82988106041482,59.031512272563816,59.34622573852539,5106156
2017-02-15,59.25632434934832,59.75087481850302,57.098276973404055,57.34555435180664,5234213
2017-02-16,57.21067124446654,59.3012736413611,56.85099743719543,59.098960876464844,4907081
2017-02-17,59.57102847488564,59.705905074664194,58.671843996945626,58.829200744628906,4077685
2017-02-20,59.009044546947564,60.245422812871105,58.96408424587572,60.0206298828125,6351185
2017-02-21,60.42525206583966,61.50427771646071,60.42525206583966,61.18955993652344,5800326
2017-02-22,61.72905310635097,63.79717894250616,61.369379420728194,61.79649353027344,17639601
2017-02-23,62.20113936715363,62.20113936715363,60.35781030469791,60.6275634765625,12667246
2017-02-27,60.964759362526856,61.908904008218066,60.87483878310426,61.12211608886719,6715242
2017-02-28,61.144596099853516,62.13369674544128,60.78492235824902,61.144596099853516,7669990
2017-03-01,61.41436266930522,62.808101938020044,61.36940236987729,61.684120178222656,8793450
2017-03-02,62.04376976448391,62.4484037259878,60.515154482201865,60.98722457885742,6042181
2017-03-03,60.829876079022,61.43682710308668,60.04308819089916,60.807395935058594,4675808
2017-03-06,61.054672972509344,63.01040261255442,61.054672972509344,61.97633743286133,8749821
2017-03-07,62.26856876209094,62.8080792978001,61.18954340302403,61.57169723510742,7168278
2017-03-08,61.70659158651556,61.886428471101254,59.705901421894,59.818302154541016,8133928
2017-03-09,59.59349161220707,60.15548228645913,58.42454998072711,59.25629806518555,7896375
2017-03-10,59.70588998806201,60.29036082295023,58.67182917163198,58.76174545288086,5184348
2017-03-14,60.47021596843653,61.00972668210559,59.548551296628965,60.13302230834961,8057923
2017-03-15,60.200468029349764,61.36940586754703,60.02063110903862,60.7399787902832,5855812
2017-03-16,61.27948633450785,62.35850779973429,61.14460972326709,61.63916015625,7486557
2017-03-17,62.04378351826093,63.84215231510641,61.9313827886772,63.5723991394043,14907511
2017-03-20,64.26926384273827,66.53970703423147,63.325119191698015,65.52812194824219,21185976
2017-03-21,66.02268003655178,66.06763604123405,64.11191048894739,64.5615005493164,9287073
2017-03-22,63.932068904194786,65.70795744416314,63.707271746722434,64.71885681152344,21065595
2017-03-23,65.14599135490289,65.50566522795121,64.17936621321645,64.31424713134766,11797700
2017-03-24,65.05606763803345,66.69708003330176,65.01110733709864,65.25838470458984,14982080
2017-03-27,64.60646289216365,65.01109696069291,63.39256497422551,63.90959548950195,8026790
2017-03-28,63.95456007038647,66.35988020827108,63.46000538118784,64.92118072509766,11544820
2017-03-29,66.49474030020305,66.71953744059864,65.28084260230503,66.20250701904297,10685481
2017-03-30,66.22578667116645,67.22638784457423,65.85347057478559,66.41194915771484,20439322
2017-03-31,66.78428130087791,68.4829744535686,66.78428130087791,67.90122985839844,10347130
2017-04-03,68.41313463583698,69.04141959870758,67.71504319155221,68.7389144897461,6635720
2017-04-05,68.73892120439793,72.0432251725882,68.55275873348936,71.83380126953125,11142567
2017-04-06,71.67091011148881,72.92748017757872,71.08916569682297,72.113037109375,9405937
2017-04-07,71.53129253900153,72.08976664326215,70.41434433048029,70.90300750732422,6270810
2017-04-10,71.11244284309593,71.55456988349029,69.66971904149472,70.92628479003906,4533587
2017-04-11,70.74011697902766,78.60529918369784,70.60049956808348,76.23178100585938,43329332
2017-04-12,76.51102677470286,77.23238415715925,74.18404471197718,75.37080383300781,20058663
2017-04-13,74.92867594182454,76.4179400950455,74.92867594182454,75.7198486328125,8119762
2017-04-17,75.39407416788592,78.58203084121952,71.25205264110764,73.09036254882812,25907672
2017-04-18,73.20671470244596,74.83560083198483,72.04322587802038,72.43881225585938,7701935
2017-04-19,71.9035995926498,74.06768924928204,71.62436479471104,72.48534393310547,8286848
2017-04-20,73.29979983259217,73.97462551701828,71.92688259177022,72.4155502319336,6973395
2017-04-21,73.02056138081466,73.29980066957624,72.04323052768598,72.85767364501953,5458776
2017-04-24,73.02057689281447,73.95137176084627,72.53191358162076,73.741943359375,5962876
2017-04-25,74.44000523683046,75.32425468102694,73.57902609884403,74.92867279052734,10155287
2017-04-26,75.02176956627216,75.2777296725682,72.71805759587964,73.39288330078125,4331760
2017-04-27,73.39288379192496,74.50983209886634,73.13691480719996,73.53250122070312,9706518
2017-04-28,73.2997909784317,74.71924866844711,73.09036264913902,74.4632797241211,5856282
2017-05-02,74.69597751666436,76.51102608343913,74.34693620219178,76.13871002197266,9031380
2017-05-03,76.55757565356143,76.55757565356143,74.57963913338452,74.88214874267578,4866001
2017-05-04,74.88213841165455,76.79025929614893,74.74251656277146,76.51102447509766,7412046
2017-05-05,76.27831569524557,77.76757979854995,74.55635740456773,75.69657135009766,8353410
2017-05-08,75.81295547148427,77.27894537437642,75.02178251323497,76.67393493652344,6552305
2017-05-09,76.79025338590155,78.25625161783967,76.18524317406992,77.5116195678711,11451323
2017-05-10,77.86068649409658,78.37262452584129,76.86008518298675,77.41856384277344,4939620
2017-05-11,77.0229481563323,77.4650795420921,74.57962366906582,75.2079086303711,7806295
2017-05-12,75.62676846981049,76.11543161258851,74.02115275801907,74.4632797241211,6139803
2017-05-15,74.23059246164588,75.74312717513592,74.23059246164588,74.48655700683594,5603783
2017-05-16,74.97523366699325,75.62678466354527,74.57964279286055,75.02177429199219,5942470
2017-05-17,74.69598461219248,76.32487086460779,74.6727187397036,75.25446319580078,5979423
2017-05-18,74.50983170522892,74.69598531704433,72.34574159798916,72.64824676513672,6397542
2017-05-19,72.78788674123561,73.5790597609068,71.20554070189323,71.9269027709961,2973611
2017-05-22,72.50863337563742,72.99730105853392,69.5068340946039,70.04203796386719,5870455
2017-05-23,69.94895056782049,71.15898007419376,67.64524310666245,69.83260345458984,4874153
2017-05-24,69.80932908178814,70.60050183311701,67.3660043392686,68.0175552368164,4660690
2017-05-25,68.43640076507756,69.06468568959771,65.64402628167036,65.85345458984375,14858677
2017-05-26,66.0861638121207,67.76159054646712,64.34093058941492,66.80752563476562,10996522
2017-05-29,66.83079351529673,67.20310956754349,62.71204663252233,63.061092376708984,12434425
2017-05-30,60.152369926797775,64.68997343888184,56.8713319706413,63.68937683105469,66454208
2017-05-31,63.8987896659471,64.45726808121026,60.757374100642465,62.15355682373047,14760862
2017-06-01,61.89762243917911,62.595714139980416,60.38508746187043,60.80393981933594,9339873
2017-06-02,61.17623980307002,61.36239782309422,58.61656369896934,59.477542877197266,11649791
2017-06-05,59.66370308648201,59.710243702785114,58.220979487945456,58.453678131103516,8501553
2017-06-06,58.45366912821974,59.98947372282183,57.941731304447856,59.45426559448242,10391226
2017-06-07,59.849862396159764,60.036020427004836,58.70964390243901,59.17504119873047,10972616
2017-06-08,59.454287319324294,60.920285974262555,58.68638474142848,59.942955017089844,9498462
2017-06-09,60.01275530642933,60.036021177012756,59.268118735389024,59.75678634643555,6313717
2017-06-12,59.71024559731893,61.61836654271398,59.407740458465554,61.2925910949707,7702146
2017-06-13,61.64164384608461,62.060500576915146,60.33853746889038,60.710853576660156,10644465
2017-06-14,60.501434326171875,60.966831750178244,59.87314913527091,60.501434326171875,10803930
2017-06-15,60.82719871981188,61.199514815485934,60.33853550862393,60.780662536621094,6608230
2017-06-16,60.15237681915673,62.71205327838087,60.15237681915673,61.432212829589844,7747398
2017-06-19,61.455486308831276,62.36300627435451,61.15298113310958,62.06050109863281,4160548
2017-06-20,61.89760565932194,62.130304309292896,61.1297032212681,61.45547866821289,6331148
2017-06-21,61.36240462442577,61.40894080582186,60.338533181629415,60.571231842041016,7931326
2017-06-22,60.501430363705005,61.10644519994507,59.68698714421421,60.059303283691406,7131570
2017-06-23,60.03602321645888,60.08256383592195,56.61536757636268,56.94114303588867,13123221
2017-06-27,56.4757706064748,57.36002050467547,54.54437858296868,56.73173522949219,11479210
2017-06-28,56.475760435689,58.40715211136853,56.173250792475905,57.89521408081055,6613533
2017-06-29,57.91849482538526,58.50023946425288,56.56884744074675,56.73173522949219,4895228
2017-06-30,56.661918777171095,57.662520090695935,55.917286480136404,57.10404586791992,4616466
2017-07-03,57.80214269397907,58.31407633427613,56.59211288415805,58.1279182434082,4348363
2017-07-04,58.40713879162222,58.54675620522622,56.824793309585154,57.03422164916992,4007135
2017-07-05,56.80152244494374,57.84866413261799,56.80152244494374,57.662506103515625,2180370
2017-07-06,57.662507347602,59.105230994683154,57.33672746087593,58.38386917114258,5507552
2017-07-07,58.75616529415112,59.57060807698879,58.22096168539006,58.57000732421875,4514001
2017-07-10,58.872521655915726,59.57061748214631,58.7794448754324,58.96560287475586,3115918
2017-07-11,59.05869004870552,59.314659007205876,57.2436503454705,57.336727142333984,5473845
2017-07-12,57.5228814606261,59.26811456312715,57.49961115332321,58.70964050292969,8680055
2017-07-13,59.570637069040004,59.68698419248844,58.22099002059021,58.66311264038086,6046472
2017-07-14,58.54677045380406,58.54677045380406,57.057505843964414,57.685791015625,11827573
2017-07-17,57.77885855069917,58.407143621407414,57.33673152630916,58.05809783935547,12631137
2017-07-18,57.56943997588261,58.1511845242707,57.01096574203308,57.220394134521484,4614130
2017-07-19,57.45307922363281,57.755584364215004,56.941141301844716,57.45307922363281,3794993
2017-07-20,57.569443476755104,59.36121785995664,57.36001507153109,59.05870819091797,8165206
2017-07-21,59.337940192329754,60.15238339636674,59.01216468605831,59.942955017089844,10198515
2017-07-24,59.64044342235492,59.9429530439565,58.4769544372743,59.40774917602539,5001630
2017-07-25,59.40774155262433,59.570629279495996,57.87193664446622,58.03482437133789,6372452
2017-07-26,58.151186542655594,58.36061494241311,57.01096772084182,57.15058517456055,8287216
2017-07-27,57.2669252792969,57.918476225034944,56.312864733016525,56.52229309082031,3605565
2017-07-28,56.77826176814281,57.63924557276845,56.3128688356183,57.42981719970703,3017800
2017-07-31,57.68579013182423,58.058106278579906,57.2436630431674,57.89521408081055,2508906
2017-08-01,58.01155968402902,58.686380966232356,56.73171917762704,56.89461135864258,9905137
2017-08-02,57.08077773104073,57.26693581239992,56.40595191213945,56.8713493347168,3417783
2017-08-03,56.894606402588956,59.71024728235997,56.708448364574,58.779457092285156,12969982
2017-08-04,59.54736495095167,60.10583911561372,58.98889078628962,59.78006362915039,8851027
2017-08-07,60.152378997002174,63.968621294302146,60.03602744015884,63.61957550048828,11859977
2017-08-08,64.31765269128546,64.99247825484997,62.01394564174488,63.13089370727539,9900907
2017-08-09,63.27053353240359,64.3874819154888,61.89761614714362,62.409549713134766,6889245
2017-08-10,61.664914448024334,62.45608729035065,57.080769575546164,57.96501922607422,21725910
2017-08-11,54.683984683820704,56.42921823755966,53.660113089553484,54.7537956237793,17619700
2017-08-14,55.05628937728871,55.98707952482189,54.28838695077914,55.38206481933594,6191675
2017-08-16,55.382070146023196,55.987084909699895,54.125504435585384,55.149375915527344,5516340
2017-08-17,55.12609951750838,59.733514010936666,55.009747976750624,58.453678131103516,15383603
2017-08-18,57.243658655418415,58.91908118739717,56.59210322935868,57.290199279785156,8032927
2017-08-21,57.313461552301234,58.12790467411056,54.91667724667354,55.149375915527344,7551316
2017-08-22,55.84744936030306,56.26630594064237,54.032405658284866,54.33491516113281,7224632
2017-08-23,54.89342025183792,56.42922562512306,54.70726215926878,56.149986267089844,4728661
2017-08-24,56.14997700265732,56.87134337590546,55.61477312962158,56.499027252197266,4988793
2017-08-28,56.75498932068366,57.66251371592887,56.40594352483156,57.057498931884766,5554292
2017-08-29,56.19649952255872,57.243641057098294,55.94053504394882,56.1732292175293,3933766
2017-08-30,56.894608249177644,58.08136300606712,56.499021850761864,57.47635269165039,4622145
2017-08-31,57.54615660285504,57.778855257077566,56.17323942513556,56.82479476928711,14507150
2017-09-01,56.9876943964631,57.755597008908005,56.89461757835148,57.56943893432617,3130111
2017-09-04,57.010962264439314,57.66251771669908,56.17324874558511,56.91788101196289,5009515
2017-09-05,57.220389838292284,57.49962471507216,56.70845627195695,57.080772399902344,1788656
2017-09-06,56.7782529846397,58.63983774182839,56.638635570316765,58.10462951660156,5079720
2017-09-07,58.50022444481292,58.52349475699629,57.15057740668493,57.290199279785156,5094720
2017-09-08,57.98828620321758,57.98828620321758,57.104036603536464,57.47635269165039,4063465
2017-09-11,57.895215320588086,59.291403119999345,57.73232755768919,59.035438537597656,6521255
2017-09-12,59.314659269409496,59.570628229041375,58.31405817814771,59.151771545410156,2973835
2017-09-13,59.29139840146312,61.38567771473346,59.01216352681817,59.84987258911133,9388042
2017-09-14,59.849865886665185,62.502623528865925,59.849865886665185,60.87373733520508,9187051
2017-09-15,60.66430268438892,61.61836310384108,60.54795558479031,60.82719039916992,8695461
2017-09-18,61.269318425981325,61.80452219475992,60.873732066806404,61.083160400390625,2928480
2017-09-19,61.40895072873521,62.92149004663901,60.547971315953994,62.618980407714844,6658751
2017-09-20,63.410140984973154,63.456681603195484,61.827795472275135,62.03722381591797,5834041
2017-09-21,62.130292081456254,62.47933776853836,60.26870768642384,61.478736877441406,5116778
2017-09-22,61.15298023398951,61.15298023398951,58.33733469355554,58.59330368041992,4322121
2017-09-25,58.84927693292259,60.17565370943733,57.73232409732636,59.942955017089844,5995592
2017-09-26,60.10584012231173,60.47815623832226,58.034831172208385,58.82600402832031,5362310
2017-09-27,58.80272659378851,58.94234401079174,55.684576171117975,56.21977996826172,5788331
2017-09-28,56.405939382631054,57.941744322284144,55.917276191994965,56.778255462646484,8082890
2017-09-29,57.22040303408786,57.615989566052214,56.38268933384349,56.73173522949219,4188727
2017-10-03,56.77825996258474,58.17444759247579,56.77825996258474,57.96501922607422,4168536
2017-10-04,57.80211496736341,58.360588972077444,57.29018157263142,58.01154327392578,3269760
2017-10-05,58.011571101000364,58.75620346447208,57.732331745518984,58.1279182434082,2706855
2017-10-06,58.127902859270435,58.61657049244228,57.91847450767648,58.26752471923828,3522911
2017-10-09,57.871939881880905,58.22098566446869,56.82479809575963,57.31346130371094,4625772
2017-10-10,57.33672767851842,57.89520177999466,56.8713348131337,57.45307922363281,3917537
2017-10-11,57.36000542609303,58.0115608481557,56.14997583013016,56.40594482421875,4659721
2017-10-12,56.40593644665772,56.75498219870936,55.31225857333391,55.82419204711914,10348676
2017-10-13,55.568236303802465,58.50022930723536,55.382078229220625,57.56943893432617,10016287
2017-10-16,57.8952159781495,58.1511850018171,56.778267501277895,57.36001205444336,4424997
2017-10-17,57.63923590297404,59.94294318181202,57.15056830169219,59.66370391845703,9666778
2017-10-18,59.756800447002895,61.75800310457145,59.45429079774508,61.31587600708008,10464340
2017-10-19,61.38568138682316,61.45549232883964,60.29200325871642,60.61777877807617,1173478
2017-10-23,60.617765155869826,62.176840337009224,60.129101986644045,61.61836624145508,7382712
2017-10-24,61.851051560017744,61.851051560017744,60.73410360964677,61.52527618408203,4068557
2017-10-25,61.92087045091564,66.15596863727482,61.36239640376075,65.80692291259766,16823857
2017-10-26,66.29557572237356,68.50620569856655,65.89998944573975,66.85404968261719,23328630
2017-10-27,67.15657694764029,69.64644234333402,67.0867660197615,67.66851043701172,10401191
2017-10-30,67.71505400667172,68.73892546839336,66.50502450085139,67.2496566772461,5045390
2017-10-31,67.2962090163864,67.31947933074561,64.34094566814636,64.80634307861328,8904327
2017-11-01,65.27171208094556,66.22577242751971,64.2478452552875,65.15536499023438,8743845
2017-11-02,65.48115018541073,68.22698454496901,65.17864504131799,67.66851043701172,13539336
2017-11-03,68.11063827540937,68.97161753805939,64.41074338107789,66.10943603515625,29361693
2017-11-06,66.34213002199797,66.59809897099328,63.433408104714786,64.15476989746094,19576856
2017-11-07,64.64342463965968,65.15535799754633,62.8283809262054,63.2705078125,12211223
2017-11-08,63.66610374394395,65.0855569545686,63.22397679062289,63.96860885620117,14977083
2017-11-09,64.2245808212844,64.8761316902071,63.29379069542527,64.15476989746094,7269553
2017-11-10,64.13045031098326,64.13045031098326,61.08936301839613,61.648921966552734,11952177
2017-11-13,61.89222007428098,63.011338154960065,60.432497005295104,61.989532470703125,9143200
2017-11-14,62.135501141745735,62.47610145198517,60.74876136363258,60.96772003173828,5081646
2017-11-15,60.77307798365606,60.77307798365606,58.82678427221937,59.337684631347656,14023901
2017-11-16,59.55664359119336,61.308312581736274,59.55664359119336,60.94337844848633,7205607
2017-11-17,61.86789187407487,63.473585885344214,61.21101578573783,61.45430374145508,10903930
2017-11-20,61.30831613409843,62.47609243523751,60.919057367052076,61.89220428466797,6684313
2017-11-21,61.98953206514583,62.98700848368846,61.89221966936034,62.354461669921875,6133401
2017-11-22,62.52476594938181,62.743724638444625,61.600272675487346,62.25714874267578,4473630
2017-11-23,62.2084828633766,63.01132974815537,61.72191166551949,62.4517707824707,5127625
2017-11-24,62.13549478030828,62.47609505567703,61.600260472922265,61.940860748291016,2134535
2017-11-27,61.7948933913559,62.2571399631167,61.551605477780164,62.03818130493164,2333541
2017-11-28,61.86786818027013,61.989509791377245,60.38381639504724,60.505462646484375,7084305
2017-11-29,60.62710626181059,61.11368200298437,59.84858878819668,60.164859771728516,6751258
2017-11-30,59.678298148568715,60.578457380267885,58.53484636731448,58.80246353149414,15243325
2017-12-01,59.216059465404065,59.799947741045905,57.70767793974735,57.950965881347656,7211852
2017-12-04,58.19424810539876,58.94843647396282,57.58603063132074,58.753807067871094,5390181
2017-12-05,58.899779583474256,58.972767352891665,57.70767385831035,58.04827880859375,6676430
2017-12-06,58.14559185163209,58.8267971195704,57.44006196727745,57.58603286743164,4531115
2017-12-07,57.78066014941112,58.16991896234909,57.41573059232316,57.90230178833008,4803088
2017-12-08,58.60782829542482,59.07007481288246,58.340211157897166,58.85111618041992,5022901
2017-12-11,59.24038263710766,59.264711892801195,58.169918588247064,58.55917739868164,4104411
2017-12-12,58.60784350580662,58.75381441855505,56.320944217866796,56.466915130615234,11063495
2017-12-13,56.34527299693943,56.92916128329306,55.95601413937034,56.07765579223633,8290158
2017-12-14,56.41824662548891,56.904817755272504,55.883012350297385,56.58854675292969,7978836
2017-12-15,57.172441342948574,57.61035865739007,56.977811941011346,57.221099853515625,4971423
2017-12-18,57.172440986042275,58.486192921165504,54.83688817737557,57.87797546386719,9502877
2017-12-19,60.821763793006966,61.06505177624546,58.6078519621681,58.87546920776367,15209670
2017-12-20,58.87544836344409,59.16739012770508,58.46186033046545,58.82678985595703,4557216
2017-12-21,59.045759346504155,59.79994778978139,58.72948363006653,58.997100830078125,8409068
2017-12-22,59.11872867761713,59.55664594254221,58.48618667309249,58.85111618041992,5454722
2017-12-26,58.875455598366,59.994573566107306,58.77813857143306,59.483673095703125,7933696
2017-12-27,59.48366785080165,59.84859738896045,58.77813338874125,59.0700798034668,3784387
2017-12-28,59.3133714581069,59.3133714581069,58.02395326487878,58.315895080566406,7448492
2017-12-29,58.58348075300288,59.605285838708184,58.437509923710415,59.2403564453125,5920973
2018-01-01,59.0700776678848,61.06503006867077,59.02141916046791,60.23785400390625,8300966
2018-01-02,60.797406379122364,61.162335864837615,59.48365930248143,60.164859771728516,6970063
2018-01-03,60.57846105997827,60.700107342144946,59.872931184736316,60.213531494140625,3907841
2018-01-04,60.45681956637912,61.283995725815934,60.213531641780435,60.96772003173828,5464042
2018-01-05,61.06502414303826,61.502941386634326,60.529789894051866,60.846065521240234,4089391
2018-01-08,60.943387487313665,61.770563602123836,60.724428831020916,61.648921966552734,4469768
2018-01-09,61.60024464662605,62.427420508859,61.18665671550958,61.55158615112305,4669470
2018-01-10,61.55160621610964,61.91654041101623,60.383829785335486,60.724430084228516,3041788
2018-01-11,60.67577116249757,62.5734065444622,60.38382475894034,62.20847702026367,6628482
2018-01-12,62.889676239742606,62.889676239742606,60.67576541044192,61.40562438964844,5375005
2018-01-15,61.478626405168235,61.77056820844177,60.529803943700976,60.62712097167969,3586138
2018-01-16,60.602805072125555,61.06505177624546,58.486210290715015,58.87546920776367,5553340
2018-01-17,58.77813042552077,59.53231871840501,57.488707839344634,59.36201858520508,5197366
2018-01-18,59.4836793745866,59.89726750204597,57.73200982754374,58.023956298828125,5639506
2018-01-19,58.09693494688405,59.38635774822302,57.92663478526654,58.48619842529297,6650351
2018-01-22,58.87544601405049,58.87544601405049,57.9509529700105,58.38887023925781,3704308
2018-01-23,58.38889324128669,59.362040533908335,58.38889324128669,58.87546920776367,4702521
2018-01-24,58.875445393194944,59.60530440735693,58.41319887604945,59.11872863769531,6284826
2018-01-25,58.99709753739206,59.289043979322855,57.53737460840064,57.780662536621094,6722730
2018-01-29,58.096929842067645,58.29155924400487,57.0264704515784,57.221099853515625,3600098
2018-01-30,57.14810766451583,57.7806543319367,56.807507397570205,57.099449157714844,3747946
2018-01-31,56.97780758063884,57.65901275545364,55.956002138581944,56.83183670043945,6903632
2018-02-01,57.415721572890114,57.9022926924616,56.10196980535336,56.92914581298828,8729043
2018-02-02,56.004671740193295,56.68587240962628,53.54747234179057,53.985389709472656,12608063
2018-02-05,53.91239565853427,55.44510626699098,52.11207252123938,54.66658401489258,7325038
2018-02-06,52.54999532286833,53.912401285662966,51.284901751536125,52.81760787963867,9142276
2018-02-07,53.7177578497688,53.98537497706091,52.59864011805688,53.23118209838867,5548365
2018-02-08,53.669128784390324,54.471975966302644,53.206886671400035,53.59614562988281,4883460
2018-02-09,52.987900072534266,53.425812690375885,52.59864131867702,53.18252944946289,4567258
2018-02-12,53.790743612399154,54.54493182280926,53.32849712974066,54.131343841552734,5765933
2018-02-14,54.00970222837791,54.90986130266382,53.450138742915485,54.131343841552734,5863958
2018-02-15,54.25299921713438,54.37464550149742,52.64730538619245,52.96358108520508,5094240
2018-02-16,53.08521212761994,53.40148776346935,51.74713574917188,52.13639450073242,6347746
2018-02-19,52.30669933851144,52.64729961674009,51.18758148699974,51.86878204345703,3773800
2018-02-20,51.86877970204417,52.11206759279554,50.99294515147146,51.43086242675781,3801577
2018-02-21,51.72280588009283,51.77146438353998,50.26308325899046,50.8956298828125,6356511
2018-02-22,50.871320572937414,51.86879708296897,50.57937871847224,50.919979095458984,9963646
2018-02-23,51.18758229464504,52.67162970200736,50.94429438907275,52.45267105102539,7027536
2018-02-26,52.84193406626353,54.520615644487215,52.54999226851319,53.69343948364258,10103285
2018-02-27,53.7907676370328,53.961067827670966,52.087756449986834,52.258056640625,6943468
2018-02-28,51.82012807586538,51.89311584488037,51.09026894704013,51.1389274597168,8583505
2018-03-01,50.94429974825248,51.382217096283945,49.67920621845744,49.84950637817383,7416946
2018-03-05,49.362921198035004,49.703521421157724,49.19261644614363,49.50889205932617,7961811
2018-03-06,50.02902279737716,50.3014548474943,48.691611060092114,49.03834533691406,9031430
2018-03-07,48.74113524402047,48.76590264751856,47.10652440434045,47.205589294433594,9818576
2018-03-08,47.00744169794887,47.0322090945488,44.23355941332713,45.52143096923828,15511915
2018-03-09,45.57097892122021,46.80932076540499,45.521444113716996,46.11585235595703,9600277
2018-03-12,46.264444497845176,46.48734637130213,42.64848444702015,43.71345901489258,15772295
2018-03-13,44.184033744308074,45.4966776917833,42.69802270873023,44.50600051879883,15990912
2018-03-14,43.91159126036533,44.233562716308576,42.64848228283812,42.94568634033203,20508118
2018-03-15,42.79708982812225,43.96112929765382,42.72278762729737,43.61439514160156,12506991
2018-03-16,43.78776844813474,44.80320838435444,43.341964627570135,43.58963394165039,19134030
2018-03-19,43.61439567511756,43.936362434833335,41.9302502270076,43.4410285949707,15282581
2018-03-20,43.11906487120555,44.38217418460135,42.995232569929286,44.06020736694336,11838458
2018-03-21,44.332637885025264,45.199478136533166,43.63916946293841,44.08496856689453,10577816
2018-03-22,44.28309180786134,44.28309180786134,42.89615059272447,42.99522018432617,6019086
2018-03-23,42.12838649191231,42.376055784281995,41.26154633056784,42.177921295166016,8433057
2018-03-26,42.10362157148862,43.21813109088178,41.75688737607702,43.06952667236328,6580845
2018-03-27,43.83729266916857,44.60506310589398,43.58962341489963,43.787757873535156,10754098
2018-03-28,43.29241909360306,43.29241909360306,42.177914542226674,42.42557907104492,12976460
2018-04-02,42.15315683108578,43.46579614149157,42.15315683108578,43.143829345703125,5319590
2018-04-03,42.89616035163248,43.713465772691556,42.67325844371644,43.51533126831055,4448796
2018-04-04,43.81252986199274,44.30786369853318,42.40082110580965,42.62371826171875,8433386
2018-04-05,43.06951942886372,43.88682469766332,42.970454557078064,43.63916015625,5953561
2018-04-06,43.589633610934975,44.55553873223044,43.44103391317395,44.382171630859375,4011550
2018-04-09,44.58030134193774,44.85273802845272,44.01066529185978,44.43170166015625,3324437
2018-04-10,44.53076964896624,44.6298392596696,43.54009716142787,43.73823165893555,4230167
2018-04-11,43.78777255998879,44.20880901629251,43.19336898471877,43.96113967895508,4120852
2018-04-12,43.98590216410266,44.18403666702613,42.846625229368335,43.143829345703125,5892772
2018-04-13,43.1438251749794,43.4410292625834,42.598956525587234,42.77232360839844,4781212
2018-04-16,42.49988066456863,43.49055293756246,42.32651360728196,43.34195327758789,3018062
2018-04-17,43.589625884908905,43.78776035477174,42.846618079999494,43.26765441894531,2896808
2018-04-18,43.34196496858559,43.441034584556874,42.72279404046294,42.797096252441406,2435931
2018-04-19,42.797092512157114,43.04475708264191,42.45035361046042,42.54942321777344,3497992
2018-04-20,42.49989088868826,42.920927296485836,42.20269149724241,42.2769889831543,3502271
2018-04-23,42.376048999620124,42.871382781154715,42.22744461365147,42.42557907104492,3111438
2018-04-24,42.450355669071435,42.72279237849506,42.1036214744589,42.15315628051758,4515313
2018-04-25,42.202685836319006,42.57418738774395,41.90548176083994,42.12838363647461,3301971
2018-04-26,42.128383912437776,42.30175098931183,40.93957705053125,41.08817672729492,9533311
2018-04-27,41.23677275847472,42.99522021966515,41.23677275847472,42.74755096435547,6746660
2018-04-30,43.14382493148557,43.762995780258954,42.82185816863883,43.56486129760742,3890917
2018-05-02,43.787766945586576,44.65460715317278,42.252221030099655,42.450355529785156,9168692
2018-05-03,42.30175694138641,42.62372374032652,41.36061922426212,42.10362243652344,6657102
2018-05-04,41.85593989116922,42.797082034638365,41.21200177297921,41.707340240478516,7451145
2018-05-07,42.1036194326626,42.92092479739951,41.979787147420204,42.54942321777344,5570272
2018-05-08,42.598962135915066,42.94569634720273,41.70735447957612,41.806419372558594,7040067
2018-05-09,41.97978348802542,42.32651763559828,41.85594648967906,42.054080963134766,3665028
2018-05-10,42.02930988620774,42.25221173983042,41.16247459311735,41.261539459228516,6985271
2018-05-11,41.41014829504522,41.4596831010246,40.766209989010534,41.03864669799805,4082357
2018-05-14,41.112944090335446,41.3606133673173,39.18112939855526,39.42879867553711,8383621
2018-05-15,39.57739329941526,39.57739329941526,37.670348613140234,37.84371566772461,14518721
2018-05-16,37.39791857111616,38.61149281463939,36.9025800242543,37.91802215576172,8128970
2018-05-17,37.992326255935296,38.71056439513573,37.49699001544354,38.017093658447266,8276136
2018-05-18,38.14092642279225,38.314295880588716,36.55585043344995,36.729217529296875,9918370
2018-05-21,36.55584966041805,37.17502054614891,35.961446176984296,36.25864791870117,6036067
2018-05-22,36.28341479488186,36.65491876228706,35.76331113007425,36.407249450683594,4781547
2018-05-23,36.456786463116266,36.85305549609311,35.54041373386986,35.76331329345703,8835986
2018-05-24,35.4661112656637,37.596060845641084,35.193676897923446,37.397926330566406,14238983
2018-05-25,37.62082969503401,38.9334739426541,36.65492442680221,37.42269515991211,35407595
2018-05-28,38.09139922829491,40.716685240345605,37.79419743933726,39.89937973022461,28062190
2018-05-29,39.57739776908252,40.419470464075644,38.98299434742241,39.84983444213867,17366018
2018-05-30,39.42879920796505,40.14703492462274,38.933463009261835,39.25543212890625,10250135
2018-05-31,39.3792736471114,40.295648782168136,38.90870473841591,39.89937973022461,71531997
2018-06-01,40.196567867728,41.50921168606252,39.255430314662505,40.815738677978516,23314341
2018-06-04,41.162472760297995,41.48443946569581,40.02319614541022,40.61759948730469,16334615
2018-06-05,40.39470620501573,40.691910300902464,38.017092333517276,39.13159942626953,12616677
2018-06-06,39.00776960976638,40.12227920246234,38.636267986834206,39.97367477416992,7992416
2018-06-07,40.09751217990755,41.45968638494125,39.99844256010173,41.21201705932617,11736523
2018-06-08,40.86527347653417,41.38537468967338,40.41946973733006,40.815738677978516,7050343
2018-06-11,41.18724373595458,42.40082278469269,40.86527696564978,41.85594940185547,15566358
2018-06-12,41.707348827607106,41.90548331062121,41.0634105768366,41.657814025878906,6802620
2018-06-13,41.657814025878906,42.57418896225581,41.484446943728905,41.657814025878906,10797506
2018-06-14,41.509215767133234,42.004549629694466,41.28631387561608,41.68258285522461,7313176
2018-06-15,41.70735053234245,41.75688533609532,40.59284106739728,40.890045166015625,8093817
2018-06-18,40.91481725775749,40.964352067188294,39.80030766506153,39.97367477416992,4461677
2018-06-19,39.973670621201144,40.46900921624831,39.47833438810344,39.602169036865234,5784286
2018-06-20,39.67646762896524,40.989106755637216,39.304963716522,40.7166748046875,7430826
2018-06-21,41.21200922765108,41.33584622887514,39.998434959046776,40.29563903808594,11329168
2018-06-22,40.023202720217014,40.790973239135546,39.87460304130667,40.66714096069336,5206783
2018-06-25,40.66713633471332,40.79096859906931,39.72599884347283,39.92413330078125,4612245
2018-06-26,39.70124520425284,40.24611396970027,39.2306739336075,39.89937973022461,4243558
2018-06-27,39.874595369859314,40.07272981158703,37.15024325317991,37.447444915771484,8344063
2018-06-28,37.249321738422,38.09139455138619,36.35771648102145,36.555850982666016,10393936
2018-06-29,36.7292169684222,38.685796884350744,36.70444956597956,38.289527893066406,8867753
2018-07-02,38.41336312992261,38.48766297643565,36.48154822498737,36.729217529296875,9722698
2018-07-03,36.704450677924655,36.97688738914811,36.18434702062027,36.555850982666016,9021766
2018-07-04,36.45678736390564,36.67968929095011,35.664246916419785,35.936683654785156,8117526
2018-07-05,35.93668279545475,36.40725168200193,35.466111546957826,35.738548278808594,6388951
2018-07-06,35.812835121418615,37.249311026212744,35.73853529515654,36.75397491455078,6610468
2018-07-09,37.02641872623948,37.298855429315196,36.65491713725376,36.902584075927734,3638265
2018-07-10,37.150246093951026,37.794184259780614,36.927344239475474,37.49698257446289,5606337
2018-07-11,37.64558128793988,37.967550362745,36.853043480388195,37.323612213134766,7721512
2018-07-12,37.3979175012028,37.546517171450695,36.23387572849816,36.332942962646484,7340386
2018-07-13,36.654913377676955,36.654913377676955,34.72310106158194,34.970767974853516,9159222
2018-07-16,35.39180263787937,35.39180263787937,33.633357481121934,33.806724548339844,7874188
2018-07-17,33.781962866397286,35.66424047983721,33.4352263355784,35.3422737121582,7347982
2018-07-18,35.3918010162279,35.81283732756451,34.17822687741017,34.54972839355469,7196747
2018-07-19,34.94600288855789,35.98621013423397,34.32683202146257,35.19367218017578,8406251
2018-07-20,35.29274225705515,35.837613325176626,34.47543683584774,35.267974853515625,5718445
2018-07-23,35.36703210788772,35.614701349370605,34.32682507277788,35.02029800415039,5289222
2018-07-24,35.41657369871306,38.21522627205924,35.218439212277,37.89325714111328,17123378
2018-07-25,38.23999341831198,38.80963186966311,37.026419031539376,38.66102981567383,10414972
2018-07-26,38.73532882481484,40.989107955593454,38.33905750088469,39.874603271484375,22223232
2018-07-27,40.122269748539594,41.85594515502074,39.28019472028022,41.732112884521484,14106783
2018-07-30,42.05407755391946,42.84661538349327,41.55874377238487,42.42557907104492,15147112
2018-07-31,42.351294074785045,43.51533376430418,41.707355717636325,43.242897033691406,13433561
2018-08-01,43.39149633108029,43.98589980801166,42.1531545731652,42.92092514038086,9549770
2018-08-02,42.59895953302761,42.945693723129075,41.78165413928913,42.32652282714844,7010025
2018-08-03,42.59895085467502,43.44102347957171,42.15314714456523,42.42557907104492,6616347
2018-08-06,42.475118583146475,43.21812642380505,41.955017346194225,42.62371826171875,5926718
2018-08-07,42.648486375029385,42.87138825856305,41.36061459937769,41.90548324584961,9001475
2018-08-08,41.95501552287828,42.078847795657126,40.02320088979872,40.51853942871094,8571741
2018-08-09,40.51854331946998,43.24289137339518,40.51854331946998,43.09429168701172,12653900
2018-08-10,43.41626276308798,43.58962984949885,42.17792103284028,42.970458984375,12913988
2018-08-13,42.47512152693219,42.47512152693219,40.84051077765286,41.013877868652344,7766737
2018-08-14,40.617607400357564,41.60827982984945,40.617607400357564,41.236778259277344,4621026
2018-08-16,40.86527949838146,41.50921780279961,39.92414180663131,40.122276306152344,6185441
2018-08-17,40.419472566264275,41.45967978924455,40.2708728840953,40.86527633666992,7488041
2018-08-20,41.063406551208004,41.70734473885038,40.61760282715573,40.74143981933594,11192038
2018-08-21,40.86527544054003,41.58351588242086,40.51854128178301,40.66714096069336,9531722
2018-08-23,40.76619926552174,40.89003624789507,39.379258130225544,39.577392578125,8331651
2018-08-24,39.62693643900749,39.87460573653107,38.883930908386205,39.602169036865234,5845367
2018-08-27,39.9241365544606,42.524652109053974,39.7507647567757,42.054080963134766,19850763
2018-08-28,41.85595480379842,41.85595480379842,40.19657648753194,40.46901321411133,11290340
2018-08-29,40.51853956105514,43.16858988792493,40.493772161638795,41.93024826049805,17508738
2018-08-30,41.90548596752485,42.59895906399133,41.43491476906906,42.252220153808594,9532296
2018-08-31,42.37606022183033,42.99523115564364,41.36062026828846,41.806419372558594,7674401
2018-09-03,42.029315997497946,43.044755823252615,41.70734923094839,41.97978591918945,7384787
2018-09-04,42.02931349572659,42.25221536849231,40.2461032374993,40.39470291137695,7166770
2018-09-05,40.61760687261216,41.55874921132524,40.19657050506129,41.4101448059082,9291550
2018-09-06,41.60827466701142,43.49055441143835,41.26154054068741,43.11905288696289,13336675
2018-09-07,42.970458984375,43.78776433738253,42.0045492225306,42.970458984375,13437542
2018-09-10,43.292421722540006,44.92703227627241,42.64848351593355,43.76299285888672,21124878
2018-09-11,44.159259015146475,44.75366238596713,39.75076144335404,40.22133255004883,40557435
2018-09-12,40.22133009548256,41.236769715819726,39.404024919994164,40.79096603393555,24432275
2018-09-14,41.48444494243693,42.450349910046164,41.26154306931196,42.054080963134766,12818802
2018-09-17,42.0788516886586,42.72278995926024,41.311081133821546,42.177921295166016,11736475
2018-09-18,41.97979025164527,42.40082666606169,40.14704017202142,40.69191360473633,13466216
2018-09-19,41.03864187025123,41.558747824051785,40.61760551675499,41.335845947265625,10944578
2018-09-21,41.53397532598634,41.73210977837688,36.11003819643568,40.023197174072266,27608352
2018-09-24,40.12227178879387,40.24610406559011,38.36382417011622,39.15636444091797,15302813
2018-09-25,39.1811297038732,40.36993657397158,38.66102610771783,40.047969818115234,12150067
2018-09-26,40.51854399778223,41.212012361780175,39.924140518398744,41.013877868652344,10748312
2018-09-27,40.91481365655281,40.989111140260135,38.80963168003,39.18113327026367,14968613
2018-09-28,39.67647697510441,39.9736763959481,36.82828908992118,37.69512939453125,9883866
2018-10-01,37.76942523667018,39.80030505094924,36.72921792644199,39.379268646240234,8985356
2018-10-03,39.13159976869184,41.261546728188755,38.63626354112854,39.50310134887695,9704588
2018-10-04,39.00775961228274,39.60216300141164,38.14091956500792,38.83439254760742,10033468
2018-10-05,38.68579224255073,38.78485947848501,37.4226832129267,37.571285247802734,8772543
2018-10-08,37.22454363014242,38.413352660080015,35.78806772534829,36.75397491455078,10046241
2018-10-09,36.90258462514381,37.52175552396803,35.936679534625725,36.729217529296875,7201335
2018-10-10,36.90258448475018,39.28020082166768,36.90258448475018,38.38859558105469,10351332
2018-10-11,36.90258206781591,38.413360467898634,36.654915142619124,37.274085998535156,8203943
2018-10-12,37.64558152524407,39.62692841856197,37.64558152524407,38.98299026489258,6936083
2018-10-15,39.1068324561179,41.484448715799935,38.80963071890133,40.64237594604492,11204308
2018-10-16,40.64237303006213,41.013874584441226,40.29563887582811,40.84050750732422,3604237
2018-10-17,41.33584441783346,41.608276360793205,39.3544973620935,39.65169906616211,5981176
2018-10-19,39.131591132568516,40.79096653820334,39.10682373616902,40.61759948730469,7774757
2018-10-22,40.865281875786295,41.08818379120253,39.9241441292839,40.14704132080078,3964406
2018-10-23,39.874603101299186,40.71667582288913,39.67646862115441,40.419471740722656,4559382
2018-10-24,40.86527668870523,41.55874975129893,40.22133842856081,41.236778259277344,6240840
2018-10-25,40.93957969943334,42.57419042129322,37.695123295477046,41.68258285522461,86243648
2018-10-26,40.46900388505616,42.10361441991757,40.29563681679788,41.732112884521484,8423431
2018-10-29,41.73212046669053,45.769112739552604,41.261549250279884,45.42237854003906,20796442
2018-10-30,45.719569773901284,46.43781017203327,44.72889743501091,45.34806823730469,11965846
2018-10-31,45.47190437947088,47.62661608566773,45.075635451345065,47.304649353027344,12037735
2018-11-01,47.55231435089632,48.32008473982027,46.11583843424933,46.933143615722656,14268463
2018-11-02,47.1312969972063,48.047667408035956,45.86818762312513,46.363521575927734,16246896
2018-11-05,45.27376585650133,47.10651066574763,45.27376585650133,46.933143615722656,10684951
2018-11-06,46.784546409731924,49.31076453022285,46.462579656602,48.518226623535156,21990712
2018-11-07,48.69159173989453,48.98879580488675,48.394392398800655,48.66682434082031,1434068
2018-11-09,48.76588883420404,51.6140732951248,48.54298698975914,51.341636657714844,17700588
2018-11-12,51.24257642714777,51.63884535888854,49.6574959762864,49.830867767333984,9716802
2018-11-13,49.53367929587977,51.34165745644344,48.98881052422902,50.821556091308594,14249995
2018-11-14,50.7720129490526,51.8369876350273,50.6234132582349,51.49025344848633,7506577
2018-11-15,51.391178552240135,53.768792256342365,50.82154252611962,53.42205810546875,14671036
2018-11-16,53.49637035802224,53.57066784780057,48.46870060608133,50.2023811340332,30779326
2018-11-19,50.02901848684799,51.29212316469817,48.61730464449223,50.69771957397461,15945768
2018-11-20,50.32621645013144,52.55523103120583,50.27668163804319,50.871089935302734,14920036
2018-11-21,50.52433705127603,52.25801720540592,50.27666778298628,51.68838119506836,9932861
2018-11-22,51.66361239411244,51.71314246730783,48.96402736318587,49.21169662475586,9706015
2018-11-26,49.211695444779124,50.994905582309165,49.211695444779124,50.35096740722656,12147050
2018-11-27,50.22713941866513,51.366411478132115,49.583201188745235,50.42527389526367,9777718
2018-11-28,50.301436653003194,50.598640728420726,45.00133588656176,45.74433898925781,24868807
2018-11-29,46.0663134122646,47.42848742900166,44.382167899565,45.546207427978516,33932881
2018-11-30,45.868172757596284,46.710245400741,42.59895177781005,42.82185363769531,24043390
2018-12-03,42.574189383140954,48.79066534452467,42.49988717981411,48.1219596862793,49933708
2018-12-04,47.79999380447102,48.81543374959289,46.80932126336423,48.270565032958984,22019546
2018-12-05,47.23034844191191,48.0971885172216,45.34806862017892,45.71957015991211,16406088
2018-12-06,44.8279662549695,45.81863857671338,44.134493267799655,44.605064392089844,14316437
2018-12-07,42.84662239511835,46.214913445908294,42.4998882189131,44.50600051879883,56677761
2018-12-10,43.094296048626106,43.63916949367739,41.162485758424175,41.806419372558594,30605708
2018-12-11,41.26154407836488,44.53076533228212,41.212009277814964,43.61439514160156,29707068
2018-12-12,43.688697477143755,44.10973388084431,41.97978918321131,42.15315628051758,17874881
2018-12-13,42.37605275523222,44.184030429668226,42.17791828027894,42.67325210571289,25082027
2018-12-14,42.598957242879564,46.140610609412,42.30175315027117,44.92703628540039,41477863
2018-12-17,45.1003947145135,46.36350359883386,44.85273019609208,45.471900939941406,21256763
2018-12-18,45.49667755494028,48.14672811973565,45.249008262439084,47.82475662231445,29235462
2018-12-19,47.77522654293329,48.91449867498037,47.45325504551209,47.82475662231445,16567628
2018-12-20,47.75045979652339,49.53367022398317,47.478023098643824,48.765899658203125,21380645
2018-12-21,49.13740178952483,49.5336707778356,48.295329008389714,48.592533111572266,14341996
2018-12-24,49.038337392455375,50.47481380873014,48.61730095713866,49.78134536743164,19209661
2018-12-26,49.78133397166567,49.9794684415232,48.64205722706102,49.53366470336914,13445222
2018-12-27,49.78133296989182,51.24257642714777,49.13739477483849,49.830867767333984,35159348
2018-12-28,50.02900727169435,52.901959678103054,49.88040286440169,52.05988693237305,18197693
2018-12-31,52.134177967825764,53.49635652290395,51.713141647004974,53.17438507080078,12941136
2019-01-01,52.90196594225891,53.37253244937612,52.505696923686884,53.19916534423828,8808293
2019-01-02,52.87719877918296,53.347770012344874,51.267355293407235,51.53978729248047,9498025
2019-01-03,51.539787851831285,53.44683548553748,51.46549036214104,52.48093032836914,14817801
2019-01-04,52.753344040538664,53.29821730348682,52.530442200950375,52.97624588012695,10330266
2019-01-07,53.075317407442284,54.0659896619463,52.258012206989235,52.8276481628418,11310883
2019-01-08,52.852423371778336,54.23936473308696,52.778121170246244,53.94216537475586,7646556
2019-01-09,53.94217263692692,54.28890684295983,53.050564994100256,53.620201110839844,9074995
2019-01-10,53.6202021309146,54.63564208838532,53.19916570533654,53.52113723754883,11018085
2019-01-11,53.49636466888952,53.84309884804628,53.00102607818079,53.248695373535156,7401673
2019-01-14,53.248700306247315,53.44683481610529,52.654296776673405,52.9019660949707,4791166
2019-01-15,53.14962751844574,53.79356581804142,52.85242813333946,53.64496612548828,4583520
2019-01-16,53.64495815841319,53.892627425151886,52.802885485840626,53.025787353515625,7030080
2019-01-17,53.29823792536867,54.288910526901624,52.82766666817817,53.001033782958984,12878216
2019-01-18,53.32298802386424,53.37251809494024,52.01034430044031,53.14961624145508,8282263
2019-01-21,53.00102455906607,53.149624242459964,51.56454835586171,52.05988693237305,3806822
2019-01-22,51.762688879359,52.01035819650316,49.85564127841805,50.053775787353516,9825663
2019-01-23,50.053772769403245,51.34164936178201,49.92994048024719,50.499576568603516,8226257
2019-01-24,50.52434907726158,52.208494833820225,50.49958167214754,51.88652801513672,6733442
2019-01-25,51.93605310573021,52.431391712565315,50.697711312541514,51.11874771118164,5693576
2019-01-28,51.11874085363334,51.14350825304247,48.69159239831978,49.90516662597656,7068821
2019-01-29,49.97947365610904,50.722476814621125,49.3850701845196,49.80610656738281,8372933
2019-01-30,50.02900223320437,50.425271164945144,49.33552924070888,49.830867767333984,7747000
2019-01-31,50.22712935316248,51.713135267907106,49.50888906699133,51.29209899902344,17733228
2019-02-01,51.31688346100179,52.05989138937998,50.326210947063366,51.63885498046875,6360626
2019-02-04,51.29212161855014,51.316889024571175,49.58321311819561,50.004249572753906,6807846
2019-02-05,50.45005009369875,50.45005009369875,49.1374060048747,49.880409240722656,10369665
2019-02-06,49.80609834896257,51.16827215609768,49.58319649340983,50.27666473388672,10220113
2019-02-07,50.276676896887736,52.38185897311981,50.07854239111879,52.084659576416016,8542270
2019-02-08,51.762683509440656,52.010352800891326,49.830873428702795,49.97947311401367,9236003
2019-02-11,49.8804027542575,50.64817801854458,48.542996158868135,49.2859992980957,12814212
2019-02-12,49.48411801254501,50.27665570150672,49.16215134786578,49.409820556640625,10048765
2019-02-14,49.78134480569417,50.573882857606215,49.03833683910207,49.9547119140625,15506105
2019-02-15,50.251912235068794,51.61408631801674,49.26123502139859,51.11874771118164,15785443
2019-02-18,50.94536491543604,52.035106680293346,50.67292829324732,51.29209899902344,10246301
2019-02-19,51.29211543715281,53.84310126309512,51.29211543715281,53.22393035888672,14082738
2019-02-20,53.57065625039664,54.36319885301828,53.07532243814378,53.89262771606445,9809006
2019-02-21,53.991697577919794,55.47770859978614,53.37252671246705,54.709938049316406,15720488
2019-02-22,54.48704782479493,55.27958594642252,54.338448107964716,55.081451416015625,6735206
2019-02-25,55.180525840367935,55.700627256439375,54.53658737958884,55.03192138671875,11760560
2019-02-26,54.487041992579904,55.72538385604763,53.69450395578445,55.47771453857422,10781802
2019-02-27,55.25480307640526,56.22071277523839,54.759469250958645,55.626304626464844,9381767
2019-02-28,55.477722618075774,56.34456299352539,55.205290580688754,55.552024841308594,19371998
2019-03-01,55.94828026135265,56.567451132129996,55.5272438802681,56.19594955444336,7446211
2019-03-05,56.04733401230095,57.88008358281781,55.923501752300204,57.60764694213867,9966391
2019-03-06,57.95436802311629,58.746905646340934,56.29499060302836,56.79032897949219,7949420
2019-03-07,57.01325067507178,57.06278547478599,55.4281701515065,55.626304626464844,6646780
2019-03-08,55.55200567110319,55.626303144797006,52.90195536766036,53.89262771606445,15504950
2019-03-11,54.165063591147664,55.57677225746388,53.57065546690034,55.3538703918457,6447793
2019-03-12,55.47770805406706,56.4188504056808,54.53657042635208,54.883304595947266,5392962
2019-03-13,54.53656139463681,55.87396777294586,53.27345248385172,55.106197357177734,11438017
2019-03-14,55.155753636380645,55.923524351219896,54.264145887599696,55.081451416015625,6073430
2019-03-15,54.98237780003526,55.87398068362943,54.53657399628863,55.42817687988281,9376800
2019-03-18,55.57678635684968,57.310462200046096,55.35388443468308,56.86465835571289,9198203
2019-03-19,57.211389669640376,61.07501459849772,57.112320062385606,59.6385383605957,26198270
2019-03-20,59.44041598237891,59.63855051336418,56.22072867289332,56.56746292114258,23051203
2019-03-22,56.88942232988013,57.31045874370254,55.52724819781308,56.022586822509766,21306313
2019-03-25,55.452931819987704,60.23293084870355,55.25479736550768,58.96982192993164,32353131
2019-03-26,58.96982339662793,60.72827085728498,58.17728555899585,58.74692153930664,24308703
2019-03-27,59.19273360539279,59.366100691347725,57.95439187840173,58.276363372802734,12272112
2019-03-28,58.350668031686084,59.29181050536615,57.63243219809807,58.20206832885742,12963238
2019-04-01,60.87688800430123,61.42175674318141,58.945072927345066,59.39087677001953,14157311
2019-04-02,59.341321388605515,61.322670588756466,59.06888947555687,60.35676574707031,12406956
2019-04-03,60.431092914926346,61.149333593026086,58.994616282627035,59.34135055541992,8831210
2019-04-04,59.44040974824195,59.935748385703704,58.375434984428715,59.24227523803711,7586598
2019-04-05,59.440401781341365,60.67874348511931,59.440401781341365,60.282474517822266,6078672
2019-04-08,60.33199897214878,61.07500197742338,58.72215125422398,58.94505310058594,7187152
2019-04-09,58.89551778290111,59.98525479701078,58.00391047690458,59.66328811645508,6180232
2019-04-10,59.63853173025247,59.935735795076084,58.69739418545797,59.539466857910156,7741553
2019-04-11,59.53947561503659,59.8862098050802,58.32589650208584,58.99460220336914,4164153
2019-04-12,59.14319494186267,60.3072391125437,59.14319494186267,59.985267639160156,5837360
2019-04-15,59.98526853773975,60.653974170416475,59.5394695065205,60.18340301513672,4986576
2019-04-16,60.43108141315748,60.43108141315748,58.54880123186201,59.04413986206055,4269973
2019-04-18,59.44039884868421,59.81190039670879,58.54879135430644,58.82122802734375,4815810
2019-04-22,58.6726297564767,58.82122943446163,57.01325172663279,57.18661880493164,4649563
2019-04-23,57.2113789575773,58.25158601949318,57.08754197169566,57.805782318115234,4249188
2019-04-24,57.954380852253834,59.14318755025236,57.16184305358816,58.94505310058594,6446593
2019-04-25,58.771689973498106,59.78712968635599,58.177286584793364,58.40018844604492,14428070
2019-04-26,58.27636426107333,58.84600033043612,55.99781525972332,57.06278991699219,5406936
2019-04-30,56.914193969707654,57.681969367524026,56.4188600320418,57.26093292236328,9150542
2019-05-02,57.211401327819665,57.45907067252622,56.44363061073923,56.56746292114258,6794293
2019-05-03,56.56745051818462,57.03802169755982,56.22071634596017,56.61698532104492,7517650
2019-05-06,56.24547428945652,56.88941250074534,55.97304234445239,56.46837615966797,5195942
2019-05-07,56.76557771418152,56.9637121762735,54.61086130552032,54.78423309326172,3809768
2019-05-08,54.536558268653536,55.05665940710147,53.149612451663614,53.34775161743164,4788257
2019-05-09,53.347763413962895,53.91739946981369,52.67905775332131,53.71926498413086,4287453
2019-05-10,53.49636881551359,53.89263782923671,52.97626278256495,53.620201110839844,3974298
2019-05-13,53.32299955795018,54.5861087596182,52.753358740328004,53.10009765625,3923735
2019-05-14,52.62951988849346,53.29822551022407,51.911279467249805,52.802886962890625,6932230
2019-05-15,53.025790211409884,53.62019364927989,52.65428865322845,53.07532501220703,4070151
2019-05-16,53.025804880661184,54.586118470132064,52.50570350010417,54.11554718017578,4951648
2019-05-17,54.1650686402619,54.412733203903514,53.29822849582,54.01646423339844,3966542
2019-05-20,55.45294662977287,59.06890729461827,55.05667761498149,57.88010025024414,7644657
2019-05-21,58.15253839202587,58.15253839202587,54.66041437763273,55.254817962646484,9112078
2019-05-22,55.47771143445088,56.34455163515617,54.487038943887285,56.17118453979492,5600935
2019-05-23,57.01327645102761,58.22685124929736,54.88332633934158,55.1805305480957,7111942
2019-05-24,55.477711992142886,57.558126605189415,55.15574520093528,57.16185760498047,5690075
2019-05-27,56.96372242071531,59.663307904652434,56.716053117584565,58.99460220336914,5164703
2019-05-28,58.96982443639969,59.19272629765124,57.90484992684186,58.40018844604492,5657490
2019-05-29,58.35065194069472,62.06567655423798,58.05345261699418,59.96049499511719,32686300
2019-05-30,60.777817185931795,61.149318777328396,59.71284249306892,60.901649475097656,18921058
2019-05-31,61.12455445466843,61.86755767490018,60.2329468112709,61.57035827636719,11792127
2019-06-03,61.42174252677666,63.50215682846766,60.852106514715615,63.2297248840332,11676907
2019-06-04,63.204943168874124,65.08722257377885,63.08110620045434,64.22038269042969,12308047
2019-06-06,64.2946979898435,67.46485440267209,64.17086571095666,65.31014251708984,22108855
2019-06-07,65.60732977284198,66.87043862484569,64.69095974077314,66.5237045288086,11804665
2019-06-10,66.91999065526198,67.36579445008933,64.71573908349333,65.26061248779297,11844482
2019-06-11,65.5082753501618,66.47418032810349,64.98816939934036,66.07791137695312,5834275
2019-06-12,65.68163875816242,66.47417661620811,64.39376237688906,65.33489990234375,7924006
2019-06-13,65.40919772046513,66.35033990683182,64.66619470924759,66.00360107421875,7547190
2019-06-14,66.00359970072704,66.3503385261247,65.3101314977274,65.68163299560547,4262098
2019-06-17,65.23584953354137,65.53304893442487,63.056365215532324,63.72507095336914,5005806
2019-06-18,63.67552176902333,65.70640592807122,63.67552176902333,64.17086029052734,6049273
2019-06-19,64.64142129057144,65.65686084912612,63.65074912660318,64.74048614501953,6595530
2019-06-20,64.41854745019094,65.08725322285406,63.55170715865351,64.7652816772461,4956888
2019-06-21,64.31946983959938,65.38444451772922,64.04703786242355,64.64144134521484,5634406
2019-06-24,64.44331936402648,65.58259174628296,64.44331936402648,65.21109008789062,5238472
2019-06-25,65.23582828081683,66.96950820879788,64.91385685687001,66.5237045288086,8706518
2019-06-26,66.37510520572151,67.81158121509628,66.3008077359992,67.58868408203125,7573913
2019-06-27,67.68775761637865,68.4307607521247,66.77138267331972,67.29148864746094,12637262
2019-06-28,67.11813577954628,68.72797939722383,66.15222582981997,66.47419738769531,82785720
2019-07-01,66.37510732903155,66.99427812398109,63.45262514494427,63.997493743896484,9255063
2019-07-02,63.45264656547755,64.93865319588838,63.45264656547755,64.5919189453125,6743511
2019-07-03,64.6414305846908,66.42464073622294,64.22039426398067,66.12744140625,7156557
2019-07-04,66.02838092895374,66.87045368662312,65.3101451791174,65.90454864501953,3892680
2019-07-05,65.87977185949318,66.9942764278468,64.39376104445685,65.01293182373047,6637560
2019-07-08,64.5918982916277,64.5918982916277,61.941847997826265,63.15542221069336,7167445
2019-07-09,62.70962167459608,64.54236678697433,59.4404004079809,63.57646179199219,31662617
2019-07-10,62.93251432504438,64.24515800882617,61.64463803800163,61.89230728149414,6702143
2019-07-11,61.9170788486899,63.130653027256436,61.37221025542479,62.51148223876953,6691672
2019-07-12,63.081113529330544,63.42785235729334,60.62919795651889,61.76847457885742,111041472
2019-07-15,61.718939282151595,62.11520817610619,60.82733190880483,61.94184112548828,4840422
2019-07-16,61.86754172416138,63.35355250539968,61.471272812350904,62.288578033447266,5784037
2019-07-17,62.26381837185558,62.68485473345255,61.42174564866162,61.99138641357422,4009676
2019-07-18,61.917102059700014,62.164771412718814,59.09368371742569,59.93575668334961,8393537
2019-07-19,59.51471252456319,61.42175543187983,58.647872262746866,59.06890869140625,15720973
2019-07-22,59.24225421118969,60.40629345500333,56.9637057906094,59.886192321777344,8228991
2019-07-23,59.886208728100975,60.38154260155546,57.63242708555085,57.92962646484375,7772426
2019-07-24,58.05345341266387,58.32588534247358,55.27956625135137,55.50246810913086,7665703
2019-07-25,55.4777126134512,56.04734871714367,54.63563979760183,55.5767822265625,17437046
2019-07-26,55.67584037203306,56.468378285330544,55.32910621594005,55.77490997314453,7664915
2019-07-29,55.50247710364415,56.29501507134099,54.04123345424103,54.36320495605469,13960450
2019-07-30,54.93285094100635,55.774923864588395,53.223937687395754,53.76880645751953,11460268
2019-07-31,53.49636478242419,54.9823758338052,52.753356894784226,54.36320495605469,9862530
2019-08-01,54.04124136908069,54.18984107881292,52.20849586938451,52.703834533691406,8316588
2019-08-02,52.72859074800566,54.61086593551252,52.258019589179646,53.37252426147461,16002101
2019-08-05,52.901962745610724,52.901962745610724,50.871082967171944,51.61408615112305,6939347
2019-08-06,51.53977319598297,53.62018734591242,51.53977319598297,53.14961624145508,7037823
2019-08-07,53.24870885431203,53.917414703892895,52.05990160432387,52.23326873779297,9596247
2019-08-08,52.40660845584245,54.46225502170772,52.30754359878386,53.99168395996094,11331576
2019-08-09,53.991688736756124,55.72536876569244,53.793554281211804,54.14029312133789,10309882
2019-08-13,54.48704226495869,54.536577073480856,51.143518272101815,51.53978729248047,9978505
2019-08-14,51.936039858952725,53.17438133629073,51.41593870594173,52.629512786865234,7134402
2019-08-16,52.20848318637992,54.685166458454674,51.76267944158271,54.33843231201172,8327908
2019-08-19,54.437504117637104,54.759475629384475,53.42206422470905,53.64496612548828,6292745
2019-08-20,53.59543751598439,53.59543751598439,51.86176163870943,52.703834533691406,4975046
2019-08-21,52.53043403012257,52.57996881430349,49.40981820907711,50.524322509765625,9378385
2019-08-22,50.17760177121685,50.871074761909945,49.533663577837174,50.375736236572266,8640198
2019-08-23,50.276670919262685,51.56454741558888,48.39439570019969,50.450042724609375,9097621
2019-08-26,51.316887145312826,52.208494833820225,49.78134581943843,51.88652801513672,11797768
2019-08-27,52.25802947951247,52.75336340853517,51.36642179381233,52.1837272644043,10911500
2019-08-28,52.38185201765769,52.530451696277964,50.722473980719094,51.168277740478516,7849037
2019-08-29,50.895852570012885,51.04445700613911,48.889739921305576,50.004249572753906,22394177
2019-08-30,50.02900268999059,52.25801663235885,49.88039829630727,51.911277770996094,8729862
2019-09-03,51.63884859033023,52.2332520251378,50.32620471936023,50.54910659790039,4360276
2019-09-04,50.72248453973403,52.08466350299999,50.15284838319171,51.83699417114258,8214683
2019-09-05,52.13419082304846,53.54590452253421,51.04445337895682,51.53978729248047,9937307
2019-09-06,52.77811654441816,54.140295109724256,52.381847618775936,53.74402618408203,14132181
2019-09-09,54.016457006950496,54.78423216800074,53.298221365459305,54.38795852661133,6433331
2019-09-11,54.43750469055141,55.97305060942452,54.016468287303866,54.63563919067383,11376292
2019-09-12,54.83377297414333,56.02258468323974,54.5861083951515,55.304344177246094,8816205
2019-09-13,55.47769886649147,55.62629852543737,53.62018659602481,55.106197357177734,8483221
2019-09-16,54.78423356824527,55.42816703270351,54.26412764830809,54.660396575927734,5522251
2019-09-17,54.48703701392644,54.660404103146924,50.20237569156705,50.722476959228516,11427152
2019-09-18,51.24258803614256,51.36642033390387,49.68227463051368,50.12807846069336,10241845
2019-09-19,50.27667172503204,50.27667172503204,48.196257266516355,49.2859992980957,9628557
2019-09-20,49.211700050558,51.24257963379185,49.038328248661195,50.54910659790039,17632575
2019-09-23,51.51501959634704,52.67906397052607,49.31077259249208,52.28279495239258,18459098
2019-09-24,52.35708643782982,52.90195981821515,50.79677794831449,51.56454849243164,8147121
2019-09-25,51.41594989342491,51.41594989342491,49.583204675049416,49.80610656738281,6208128
2019-09-26,50.251902170042435,50.400501832770104,49.360294745880225,49.73179626464844,22098175
2019-09-27,49.83087068352023,50.62340859338243,48.815426172123416,49.63273620605469,8317538
2019-09-30,49.038315767472305,50.25189445237803,48.7906512755951,49.2364501953125,9096277
2019-10-01,49.285999892621945,50.722476109982225,46.165378167205034,47.45325469970703,16421521
2019-10-03,46.462579562888465,47.94859049687992,46.3387425627817,47.10651779174805,14159741
2019-10-04,47.37894446706183,48.5182211216574,46.58640665024648,47.08174514770508,9465651
2019-10-07,47.0569806540644,47.55231918208755,46.06630832191639,46.88361358642578,7354740
2019-10-09,46.88361978854201,47.52755807059778,46.01677961177853,46.85885238647461,11800090
2019-10-10,46.784557348078984,47.3789609170678,45.620517615963344,45.868186950683594,12134641
2019-10-11,45.892943980896206,46.21491073651132,44.80320198883985,45.32330322265625,10486337
2019-10-14,45.348068992647555,47.601850372625286,45.348068992647555,46.28921127319336,13416506
2019-10-15,46.51212254778224,46.982689059299084,45.6205148857093,46.685489654541016,6594131
2019-10-16,46.858849346494,47.67615466609976,46.61118006578648,47.55232238769531,10729671
2019-10-17,47.55232298642823,47.750457468709236,46.140609485790044,47.13128662109375,8531208
2019-10-18,47.156056847970994,48.79066760572765,47.007452434430235,48.592533111572266,9270585
2019-10-22,48.64205427576535,51.093969962947405,48.44391981792936,50.27666473388672,12453230
2019-10-23,50.202381369768666,52.33232620897183,49.28600629237121,51.73792266845703,11629276
2019-10-24,52.010359395988594,52.20849390949353,51.09398431859115,51.73792266845703,8934300
2019-10-25,52.010356669711655,52.80289468218815,51.04445155749331,52.55522537231445,6899763
2019-10-27,53.00100516352241,53.00100516352241,52.01033309693169,52.30753707885742,566785
2019-10-29,52.30756437032249,53.446836660342726,51.56455638979235,53.050567626953125,6252262
2019-10-30,53.07532794115172,53.71926621535441,52.258022578490404,52.877193450927734,5491741
2019-10-31,52.95149240122605,54.61087057434604,52.40662371896986,54.066001892089844,10109150
2019-11-01,53.99171383067563,55.527260117748895,53.57067732647007,55.03192138671875,6859872
2019-11-04,55.2795771024374,56.44362141575892,55.23004229678562,55.675846099853516,7682332
2019-11-05,55.72538099034692,56.09688258550275,54.51180659342503,55.42817687988281,5843188
2019-11-06,54.61086600215196,55.45293871943717,54.01646256475627,54.98237228393555,8319710
2019-11-07,55.00713135773894,56.963713344431916,54.88329908785384,56.14640808105469,7799758
2019-11-08,56.24548682792112,56.41885866198863,54.80901041294368,55.007144927978516,5641167
2019-11-11,54.73470179751505,56.17117792053135,54.41273032358639,55.87397384643555,3529960
2019-11-13,55.973038403000835,56.27023772642263,54.63562727590855,54.759464263916016,5295206
2019-11-14,54.759475898161945,55.84921328076584,53.54590150124005,55.42817687988281,7814433
2019-11-15,55.23003822568109,55.65107459488775,54.36320281016625,55.056671142578125,3937020
2019-11-18,55.3291073835741,59.16796475358384,54.98237322016381,58.25159454345703,17755248
2019-11-19,58.54879711396638,59.16796799621695,57.85532874914106,58.67263412475586,8947187
2019-11-20,58.895528407769355,59.390862215206354,58.15252061076636,58.424957275390625,7117238
2019-11-21,58.202064999587485,58.30113461173921,56.369319689872626,56.914188385009766,4927298
2019-11-22,56.76558114114794,58.84599548065848,56.66651154217197,58.57355880737305,6898756
2019-11-25,58.69740152691375,59.26703760484853,58.0039284381895,58.67263412475586,5003397
2019-11-26,58.92029837354078,58.99459584974896,56.96371628581749,57.855323791503906,5290918
2019-11-27,57.929653467053456,57.929653467053456,55.9730750156935,57.013282775878906,6659705
2019-11-28,56.988464868079284,58.17727133384777,56.34452685148044,57.90483474731445,4986010
2019-11-29,57.855329911694504,58.07823181169565,56.31978401434207,56.7160530090332,4221490
2019-12-02,56.91418670132526,57.038023712851455,55.675844929457085,56.27024841308594,6223376
2019-12-03,55.84920775443734,56.64175039595248,55.651073275033205,56.394081115722656,6948211
2019-12-04,55.973039943107736,57.0380144497846,55.75013808245917,56.74081039428711,4437392
2019-12-05,56.71605388460543,57.95439569310729,56.319784883796764,56.914188385009766,6360261
2019-12-06,56.864643118902386,57.31044684378304,53.10008830369537,54.41272735595703,14024118
2019-12-09,54.11553719204873,55.99781728056075,53.49636629677105,55.304344177246094,7672747
2019-12-10,55.30433989148798,55.97304554030292,54.759471246471364,55.230037689208984,3499912
2019-12-11,55.23005129406713,56.71606263840658,54.98238667326043,56.56746292114258,3649783
2019-12-12,56.592220556072064,57.35999114057949,56.121649354774405,57.21139144897461,6099033
2019-12-13,57.45906075091543,57.706725328957226,56.71605284509296,57.21139144897461,4281647
2019-12-16,56.963720384027255,57.45905897257835,56.616986206380815,56.815120697021484,3417291
2019-12-17,56.517918018553026,57.062791424423445,56.09688162487998,56.83988952636719,5191983
2019-12-18,56.815123813025814,57.26092762239197,55.675846886434634,56.12165069580078,2772648
2019-12-19,56.022575811169595,56.71604408076342,55.626302154961024,56.14640808105469,1718648
2019-12-20,56.04734848627338,56.64175671469434,55.87398138794191,56.12165069580078,2838531
2019-12-23,55.973040227548374,56.44361134951979,55.180502374058555,55.403404235839844,3620336
2019-12-24,55.42815542776693,56.047326088024775,55.304323185274264,55.45292282104492,3467688
2019-12-26,55.4529578909243,55.799696892205496,54.8833216569698,55.03192138671875,6043163
2019-12-27,55.23003952253495,57.43429102432715,55.10620723852477,56.988487243652344,6604705
2019-12-30,57.11233170037711,57.260936141540945,55.97305932818677,56.56746292114258,2268883
2019-12-31,56.66650835273243,58.84599216854803,55.77490563162443,58.40018844604492,18634758
2020-01-01,58.276363719880045,58.870767185507994,58.078229231337396,58.647865295410156,5303993
2020-01-02,58.796464254246,59.58900219862255,58.499264887054174,59.3661003112793,3532470
2020-01-03,59.217496975089766,60.05956967002467,58.49926127876204,58.82122802734375,4023042
2020-01-06,58.1029908389584,58.49926453264468,55.37864285264377,55.92351150512695,6095156
2020-01-07,56.468382798939956,58.84600145277792,56.468382798939956,57.92962646484375,6868918
2020-01-08,56.51792056443945,57.75626239880104,56.27025125278728,57.48382568359375,4670546
2020-01-09,58.05346164022293,59.39086825254413,57.7810249479043,59.19273376464844,4195928
2020-01-10,59.440396609356576,60.8273378742167,59.242262142947986,60.2577018737793,5908780
2020-01-13,60.60443986433791,62.11521821924718,60.356775308495855,61.917083740234375,7479786
2020-01-14,61.89232003397416,61.89232003397416,60.55491340178795,60.80257797241211,4173391
2020-01-15,60.87687706899134,62.16475355562094,60.034804344956505,61.743717193603516,5571898
2020-01-16,61.743715446776456,61.941849921890956,60.530141196212796,61.09977722167969,2526996
2020-01-17,60.926397805935785,61.1245322409186,60.232924921547145,60.40629196166992,2376240
2020-01-20,57.9296263091933,58.1029934006315,55.32911048982244,55.65107727050781,20355078
2020-01-21,55.52723300880143,55.79966965025176,52.604746315091155,52.8276481628418,17281817
2020-01-22,52.926727915335114,55.42817406692313,51.440716886227236,53.91740036010742,55396931
2020-01-23,53.99170224037274,57.533360652426126,53.54590314682479,56.022586822509766,117047862
2020-01-24,57.236158226358974,58.623099688619156,56.56745253559284,57.63242721557617,17205997
2020-01-27,57.18661969919707,58.79646295358734,56.963717816784715,57.3847541809082,8428286
2020-01-28,57.60765271121266,58.15252132323847,55.428168815312645,57.45905303955078,14436988
2020-01-29,57.805790713468774,59.19273208948802,57.75625591192199,58.499263763427734,14457568
2020-01-30,58.69739990685862,59.58900274043982,57.73149014495567,59.19273376464844,13260225
2020-01-31,59.44039126727007,59.539460853519834,56.83987603888615,57.78101348876953,11819966
2020-02-03,54.70993105386815,56.76557787537142,53.66972394395696,56.44361114501953,7970361
2020-02-04,56.963724380633494,57.95439690334293,56.76558987609161,57.48382568359375,5882866
2020-02-05,58.10300395143134,61.6941976149644,58.10300395143134,60.87689208984375,17587030
2020-02-06,61.24836874233696,61.669405036385164,60.28246389524315,61.273136138916016,9040215
2020-02-07,60.90164716463426,62.41242559941734,60.72828007681959,62.0904541015625,8022180
2020-02-10,62.23904323849644,63.15541804949444,61.84277432668597,62.288578033447266,7633955
2020-02-11,62.73439237337333,63.40309804685754,61.5455854364451,62.0904541015625,5772480
2020-02-12,61.66941189228658,63.0811205869499,60.25770319762327,62.7343864440918,20897085
2020-02-13,62.66009291043735,63.00683182513928,60.480613430692166,62.437191009521484,17967361
2020-02-14,62.61055417132773,64.74049855103975,62.41241970056618,62.7343864440918,17472148
2020-02-17,63.10589668064942,64.46807548821931,62.23905648017751,62.63533020019531,9984415
2020-02-18,62.437182278328414,63.52692422776141,61.00070618657971,63.2297248840332,8987817
2020-02-19,63.65077942479011,64.69098687307671,63.03160843709332,64.19564819335938,7014566
2020-02-20,64.02226690661921,66.0779139419699,63.576463138295175,65.5082778930664,10927207
2020-02-24,65.21108244442043,65.9540856741168,63.89843836646424,64.09657287597656,7594113
2020-02-25,64.39376704826961,64.8643382070832,63.13065797391649,63.82413101196289,5362185
2020-02-26,63.353558643863686,64.517598094606,62.78392261843011,63.0068244934082,8984063
2020-02-27,63.130649267256956,63.32878371881614,60.530134000055405,61.966609954833984,15337908
2020-02-28,60.03687938115174,60.03687938115174,58.24113320031045,58.66996765136719,23459037
2020-03-02,59.07197233137536,61.269748977122546,59.018366776087106,59.82242965698242,14195683
2020-03-03,60.144077446434686,61.564589339033255,59.152394799354305,60.7069206237793,21216558
2020-03-04,60.70691378434907,61.430573598355615,59.527616877683755,60.86772537231445,11307250
2020-03-05,61.10895765130328,61.91302597772865,60.41210559202089,60.5997200012207,6124545
2020-03-06,58.42873508756574,60.09047206267773,57.89269469490066,59.23280334472656,9508072
2020-03-09,57.356639074251554,58.08029884443324,55.05165607931021,55.909324645996094,7412792
2020-03-11,55.21246625111182,56.954606121828554,54.67642085453386,55.105255126953125,9161980
2020-03-12,52.532247335821474,52.98788437057506,46.36774597667837,48.458316802978516,9516838
2020-03-13,45.295668421117476,55.72171652074576,44.38439418902434,54.91764831542969,16095891
2020-03-16,51.70139180547473,52.26423495891244,49.0211746280946,49.476806640625,5490510
2020-03-17,49.63762750871318,53.17551366118531,47.86868443247712,48.37792205810547,11116787
2020-03-18,49.53040128174682,51.08492669712283,47.22541849404907,50.17365264892578,11171212
2020-03-19,48.243914573042886,50.57570602673465,45.18846828595843,47.761474609375,9594380
2020-03-20,48.99437337211598,50.81691681544982,47.25222806275493,49.18198776245117,7405203
2020-03-23,45.29566171617716,46.36774738579346,42.079402151274415,43.63393020629883,5521882
2020-03-24,45.242051252642995,46.52855902889572,42.21340892512025,42.615440368652344,8177965
2020-03-25,42.85667137167564,46.58217155314481,42.347431240731346,46.23374557495117,5846963
2020-03-26,46.12654092877138,50.49529833621329,44.49161172264793,49.530418395996094,8468902
2020-03-27,49.798430673253755,51.862198949452406,46.28734790389932,47.30582809448242,6223511
2020-03-30,47.0646060953621,49.61081412826988,45.64409444745406,47.573848724365234,4595891
2020-03-31,48.77995839259132,50.52209866830337,48.02949568534366,49.2891960144043,4086928
2020-04-01,49.10157713860577,50.495291276942076,47.06461150075467,47.65426254272461,6504887
2020-04-03,47.868679663041554,48.45832559233405,45.93892005425069,46.23374557495117,3943477
2020-04-07,47.70785459976573,48.458317106444156,46.367746267052006,47.922271728515625,4885786
2020-04-08,47.707869390641406,50.73651802432694,47.1718289586318,48.833560943603516,6132768
2020-04-09,49.04796729121438,49.77162708209492,47.761464404387645,48.61913299560547,5280382
2020-04-13,48.779949740720696,48.99436688874572,46.5553699129205,47.3326301574707,4316855
2020-04-15,47.439842944585656,49.208785755607394,46.474963188716266,47.41304016113281,9930547
2020-04-16,47.17182352060719,48.88716088466646,46.63577803828437,48.190303802490234,6243677
2020-04-17,49.235595196475934,52.425050177004444,48.86036128950694,50.200469970703125,14027352
2020-04-20,50.70971178262413,50.924128963248194,47.54705453433762,47.868682861328125,8452156
2020-04-21,47.14501781120777,47.62745769295425,46.28734918237326,46.87699508666992,4332130
2020-04-22,46.82338562612708,47.01100509617941,45.72449714778837,46.68937683105469,5905476
2020-04-23,47.171809496368034,49.584003225455255,46.9573923896071,49.20877456665039,6897475
2020-04-24,48.61912927088395,50.575691345828524,48.0294834376216,48.80674362182617,9985175
2020-04-27,49.047972964114756,49.6644268084463,48.351120987233244,49.26239013671875,4450320
2020-04-28,49.10158368123428,49.77163805485835,48.351126054525196,48.64594650268555,4802807
2020-04-29,49.31599276507114,52.21062697854834,48.99436958141163,50.84371566772461,16515952
2020-04-30,51.3797621237889,51.781793667245964,49.905644760410176,51.13854217529297,8754215
2020-05-04,49.959233958133666,49.959233958133666,48.29750258978258,48.94075393676758,4532360
2020-05-05,49.289187221507895,50.30767250766009,48.43151863029007,48.61913299560547,9370330
2020-05-06,48.619138143505054,48.99437202597446,47.3862406911146,48.190303802490234,7157601
2020-05-07,47.97588513320727,48.645939409123876,46.63577658137406,46.82339096069336,5791850
2020-05-08,47.19861988485581,47.627454167530395,44.679214640061716,45.054443359375,9141560
2020-05-11,45.51008042373024,46.18013462942275,43.9555548710079,45.054443359375,9589390
2020-05-12,44.62561570615497,44.840032879345465,43.76794701339298,44.33079528808594,5966771
2020-05-13,47.17182204780718,49.42320482389653,45.402879168323906,48.05629348754883,22941207
2020-05-14,48.243905876567865,49.69122550667685,45.724500471623465,45.992523193359375,16849561
2020-05-15,45.67090338308643,46.421360924728766,45.02764675866644,45.108055114746094,8301021
2020-05-18,45.108057494865854,45.402883037272396,43.044288922237826,43.553531646728516,7322028
2020-05-19,44.33079290257934,44.41119614313125,42.61545049725187,43.04428482055664,6274186
2020-05-20,43.25871221780964,43.74115222370648,42.776274767967585,43.41952896118164,6527758
2020-05-21,43.52673065389933,43.63394180541452,42.26703029625024,42.401039123535156,6752890
2020-05-22,41.8113815229865,42.05259887878916,40.04243635472354,40.12284469604492,12807022
2020-05-26,40.25686264038086,40.846508570392274,39.96203711932091,40.25686264038086,4742688
2020-05-27,40.68569779542849,41.35575209347677,39.74762075573919,41.22174072265625,11287075
2020-05-28,41.0073228916831,41.89179434638542,40.551685771860186,41.4361572265625,8116477
2020-05-29,41.00732385493253,42.5618496334128,39.85482963583173,40.31046676635742,33125196
2020-06-01,40.84650666236993,44.4648006521381,40.6588922894078,43.79474639892578,28628881
2020-06-02,44.22358703613281,45.134861359785475,43.633941049343605,44.22358703613281,10511178
2020-06-03,44.33079336929288,45.510085214742375,43.58033073955448,43.92875671386719,14909805
2020-06-04,44.089579323230694,44.62561974871157,43.124699400412354,43.2855110168457,6133202
2020-06-05,43.41952234608271,46.74299118778623,43.41952234608271,46.12653732299805,17661327
2020-06-08,47.037807808773216,47.94908202687178,45.53688767218492,45.885318756103516,13917910
2020-06-09,46.36776691664211,46.47497808481666,44.22359467424971,44.41120910644531,11587231
2020-06-10,44.70602089937039,45.99252384746967,43.71433834847618,45.778106689453125,12758053
2020-06-11,45.831726412098945,46.635789724968625,44.19679188220607,44.41120910644531,14394180
2020-06-12,42.88348141333171,45.027653439154555,42.561855609458284,44.813236236572266,13823545
2020-06-15,44.75963109556353,45.21526824248036,43.82155401519255,44.277191162109375,11479062
2020-06-16,45.00084170796927,46.44815609536979,43.794742125045715,44.3843879699707,15252287
2020-06-17,44.06277270077592,45.99252726637529,43.580332781348915,44.893638610839844,15890147
2020-06-18,44.70602180701566,46.01932756554397,44.27718748227615,45.885318756103516,12077582
2020-06-19,46.36775420586459,46.555373698737995,45.45647997462767,45.670902252197266,11273723
2020-06-22,46.099732921331984,48.94076141605092,45.778104642633586,48.56553268432617,26207031
2020-06-23,48.96756912648544,49.0479723701704,47.70786377959625,47.8150749206543,12371377
2020-06-24,48.24390423743682,49.28918719337338,46.63577307376732,47.145015716552734,13125765
2020-06-25,46.474968721550084,49.15518604061476,46.31415711379668,48.24391174316406,16950897
2020-06-26,48.887154098767105,49.10157123951183,47.78826561343693,48.297508239746094,6951456
2020-06-29,48.13669050355252,48.16349328457637,46.44815619591226,46.71617889404297,4544515
2020-06-30,47.01100627554829,47.43984056506756,44.437995426324726,45.02764129638672,13729605
2020-07-01,45.376075744628906,45.831712850326326,44.7864247183685,45.376075744628906,6568666
2020-07-02,45.938915093323246,46.04612622094882,45.21526043028237,45.56368637084961,5058703
2020-07-03,45.938920277227645,46.01932863202038,44.94724279532651,45.134857177734375,5710292
2020-07-06,45.32246594492477,47.43983968315854,45.188457148981726,47.01100540161133,23953883
2020-07-07,47.01101463245101,47.145023454707335,45.77811199683547,45.9121208190918,9384930
2020-07-08,46.09974554594818,46.47497438043098,45.18847113753899,45.295677185058594,11891820
2020-07-09,45.72450171387594,46.04613001111874,45.0812502314987,45.376075744628906,6154740
2020-07-10,45.37608458841911,45.48329063365558,44.33080136484414,44.813236236572266,7445855
2020-07-13,45.1080480335967,45.322465170707545,44.143168360544,44.706016540527344,5786588
2020-07-14,44.97404460474761,45.00084738909715,43.01748224409805,43.17829895019531,12342120
2020-07-15,43.63393645726249,44.06277078654348,42.3474309133653,42.64225387573242,10024746
2020-07-16,42.8566745269278,43.741146042038544,42.267028554223586,43.553531646728516,6593393
2020-07-17,43.68753983977747,44.223585343328,43.58033380633264,43.955562591552734,6437395
2020-07-20,44.384392505384355,44.84002960414717,44.169975347855285,44.35758972167969,5107735
2020-07-21,44.92043961702907,45.831713848266,44.19677976655708,45.670902252197266,12010045
2020-07-22,45.9657263021608,46.367757880245584,45.027649211890406,45.53689193725586,10436367
2020-07-23,45.56368470997566,45.88531296902054,45.242056450930775,45.4832763671875,3743685
2020-07-24,45.24206444006406,45.429683939700816,44.009166972245865,44.33079528808594,6053361
2020-07-27,44.14316770429925,44.54520430349961,43.41951307237557,43.63393020629883,4716915
2020-07-28,43.68753974292396,44.14317688629914,43.04428820735467,43.5803337097168,6185062
2020-07-29,43.79475438434935,46.12654074791956,43.25870883919502,44.86684036254883,16496266
2020-07-30,45.000842266047755,45.67089646217992,43.473114404695856,43.982357025146484,7705930
2020-07-31,44.22358277922517,44.30399113372827,43.2587029736219,43.339111328125,6449801
2020-08-03,43.41951809363568,44.08957235364791,43.17829815106262,43.44631576538086,5709331
2020-08-04,43.84835718913505,44.22358597975511,43.41952282496674,43.553531646728516,3714768
2020-08-05,43.687535465387796,44.679218014027434,43.660737793791405,44.35758972167969,7675186
2020-08-06,44.49160545976602,46.528571095651664,44.33079386306961,46.23374557495117,15970110
2020-08-07,46.50176191032414,47.11821053956915,45.536882238735245,45.80490493774414,9393202
2020-08-10,47.09141581893806,48.217107257770024,46.501769869876995,47.975887298583984,13290125
2020-08-11,48.02949004644975,48.96756704234731,47.68106407705782,48.27070999145508,17494066
2020-08-12,48.10990329662825,49.26239245862767,47.439848961645176,49.12838363647461,11384441
2020-08-13,49.342797206435414,51.80859718311812,47.78827146757732,51.11174011230469,30437287
2020-08-14,51.43336888727786,51.46017167241191,48.48512897994337,48.913963317871094,18635635
2020-08-17,49.369600211189706,50.468488836029344,48.672743137272874,50.01285171508789,8472501
2020-08-18,50.22725820755088,50.52208366788153,49.71801562482725,50.17365264892578,5412387
2020-08-19,50.173653855247316,52.55905015034207,50.173653855247316,51.942596435546875,24367345
2020-08-20,51.6745841131406,55.72171228011537,51.326153050387994,54.40840148925781,28451017
2020-08-21,54.944440564522374,55.45368315236414,53.76514382345472,54.16717529296875,10664475
2020-08-24,54.6496227478882,54.86403990243777,52.2642312645108,52.50545120239258,10314445
2020-08-25,52.82706699159883,54.810431783992826,52.04980683207793,53.06828689575195,15553061
2020-08-26,53.47032347741215,54.19397807776402,52.80026932412181,53.06828689575195,10382601
2020-08-27,53.068303454893446,53.818766181107584,51.75499751810052,52.26424026489258,10388986
2020-08-28,52.42505195494973,54.220797853137974,52.344648703100866,52.639469146728516,16920420
2020-08-31,53.06828896769138,53.55072879483347,49.93243520337549,50.41487503051758,12548590
2020-09-01,50.92412621730628,52.53225754132714,50.68290626309773,52.1838264465332,8692642
2020-09-02,52.45183989371375,52.45183989371375,50.49528293362392,51.8621940612793,8372340
2020-09-03,51.862219141557524,52.53227363922077,51.13855905717478,51.40658187866211,4289973
2020-09-04,50.76332352958137,51.78180398338481,49.42321470967137,49.58402633666992,11338607
2020-09-07,49.82523773646521,50.12006326185177,48.940766272414116,49.476806640625,6599178
2020-09-08,49.66441920052241,49.74482243286431,47.89547651949061,48.16349411010742,5909365
2020-09-09,47.70786542100968,48.243910920525686,46.85019671147107,47.895484924316406,9805421
2020-09-10,48.243897032840344,49.208776609371476,47.573842907384225,48.94075393676758,7016660
2020-09-11,48.88716911304363,49.69123747186352,48.592343536932056,49.39641189575195,6849465
2020-09-14,50.38807472749219,50.52208863723657,49.07476908464491,49.36959457397461,9517497
2020-09-15,49.36959637394553,50.03965061077317,49.36959637394553,49.825233459472656,5522826
2020-09-16,49.986043416484776,51.03133146811623,49.85203461832821,50.79011154174805,9203620
2020-09-17,50.62929937122348,51.433367568299516,50.20046504429297,50.76331329345703,8104343
2020-09-18,51.1653327389358,51.1653327389358,49.423193058660615,50.066444396972656,10443563
2020-09-21,50.38806868610691,50.38806868610691,47.091403583274996,47.43983459472656,10563632
2020-09-22,47.43984477973904,47.600656374568665,46.04613065892648,46.82339096069336,11949425
2020-09-23,47.17181164836705,47.359425986328525,45.617286275405405,46.206932067871094,8032032
2020-09-24,45.563687132444045,46.07292977296161,43.98235875829058,44.25038146972656,7115633
2020-09-25,44.625613251116484,45.965721787859366,44.38439330553409,45.751304626464844,6375402
2020-09-28,46.421355926085255,47.922275959859704,45.83171004798659,47.145015716552734,6681312
2020-09-29,47.54704802869308,47.76146517997942,46.63577385769908,47.30582809448242,5956786
2020-09-30,47.520237545708746,47.57384310287126,46.046120508490866,46.206932067871094,5310755
2020-10-01,46.5285709393299,47.68106512135054,46.44816258519761,47.52024841308594,5006875
2020-10-05,47.707870913932624,48.48513646651169,46.52857885859171,46.79659652709961,5344245
2020-10-06,47.0914099991446,47.35943271090646,46.52856690534193,46.7697868347168,4464263
2020-10-07,46.85019595739269,46.98420988616905,46.12653607832639,46.31415557861328,3409547
2020-10-08,46.608966965127664,47.94907532053313,46.01932112910803,46.55536651611328,7598538
2020-10-09,46.52857429999478,47.57385741867103,46.39456036676139,46.635780334472656,5171280
2020-10-12,46.71618395400425,47.439843783706465,45.72450139714103,46.099735260009766,3991040
2020-10-13,46.09974554594818,46.09974554594818,44.94725114048306,45.295677185058594,5905245
2020-10-14,45.02763537083241,46.367743627251315,44.75961780923447,46.206932067871094,7101011
2020-10-15,45.83171597311836,46.6357791028485,45.16166166097367,45.40288162231445,4381616
2020-10-16,45.21526350058197,45.96572099648834,45.16165793312915,45.590492248535156,4197215
2020-10-19,45.83170989960432,46.95740119931769,45.45647605829451,46.7697868347168,7858851
2020-10-20,46.796589102243416,47.27902900838754,46.42136033617956,46.93060302734375,4414866
2020-10-21,46.95741134094578,47.76147453778089,46.55537974252823,47.38624572753906,5216613
2020-10-22,47.38623248329647,48.3511121395063,47.14501256924401,48.217098236083984,5926353
2020-10-23,48.32432010309518,48.72635167853311,48.02949456212324,48.24391174316406,3089208
2020-10-26,47.97588687714992,48.592335606495325,46.74298941845909,47.09141540527344,3991893
2020-10-27,47.171811919480895,47.8150632728061,46.04612077313496,47.43983459472656,4122196
2020-10-28,47.22542566850127,47.493443278128964,45.56368888342521,45.992523193359375,6323907
2020-10-29,45.56369111341247,46.12653425570726,45.242062809166534,45.670902252197266,3929663
2020-10-30,45.8585110549686,46.87699118899917,45.45647444553574,46.68937683105469,10181063
2020-11-02,47.091417105209494,49.369602830800005,46.60897717365988,48.96757125854492,9073832
2020-11-03,48.887154424813886,49.28918592737805,48.43151735867905,49.04796600341797,4089906
2020-11-04,48.753156966625234,49.208794138728614,48.0562998144607,48.8603630065918,4146027
2020-11-05,49.262378600728724,50.36127210411365,48.833544355942756,50.17365264892578,4962071
2020-11-06,50.25406402792183,52.13021779647401,49.90563809998898,51.299346923828125,10477305
2020-11-09,52.0230123148858,53.1219008918409,51.27254970365204,52.80027770996094,9971010
2020-11-10,52.907482728159486,53.44352817058749,51.728185822082786,52.50545120239258,11297522
2020-11-11,52.61265529137003,53.30951229609051,52.103417763084614,53.14870071411133,8598577
2020-11-12,53.20231880954268,54.56923035858428,52.55906721801296,54.19399642944336,11938667
2020-11-13,55.05164420596835,55.507276060656764,52.907468139593966,55.21245574951172,14680822
2020-11-14,55.21247694330828,55.64131129877365,54.70323422915237,54.944454193115234,1336501
2020-11-17,55.266085059439476,56.096951022381376,54.48881955931618,55.74851989746094,8868313
2020-11-18,55.319675171149,56.713389185828774,55.158863588565346,56.0433349609375,7935951
2020-11-19,55.480489732197555,57.30303285964054,55.26607259296262,56.123741149902344,10325788
2020-11-20,56.23094909523327,56.60618293586612,55.105257797550735,55.480491638183594,7013365
2020-11-23,55.74851154760533,56.55257971476135,55.587699959017414,55.77531433105469,5812828
2020-11-24,56.0165369187016,56.579385173535606,55.56089980273444,56.150550842285156,8525200
2020-11-25,56.28455597484868,57.678270016369936,56.12374438916796,56.52577590942383,10749532
2020-11-26,56.60618899606928,58.80396626204895,56.311363470888594,58.482337951660156,15421326
2020-11-27,58.96476517047326,59.23278785276054,57.5442485328259,57.99988555908203,12670013
2020-12-01,58.321524852200135,58.61635036979644,57.329842273445195,58.34832763671875,5548787
2020-12-02,58.562742767336125,58.99157708052702,58.02669731979338,58.80396270751953,4898771
2020-12-03,58.80397051650974,62.18104501543457,58.750364942215164,61.35017395019531,13385242
2020-12-04,61.484190513875795,63.38714247368871,61.32337378411845,61.91302490234375,16896823
2020-12-07,62.39545487644432,63.46754067594852,61.69859782873951,63.27992630004883,6171183
2020-12-08,63.76237885881653,64.05719931719968,61.752215668242634,62.15424728393555,7265007
2020-12-09,62.529471265027865,65.85294020246185,62.31505407913241,63.46754837036133,21220306
2020-12-10,62.71708783904506,62.82429899176593,59.12559601664189,61.40378189086914,18517313
2020-12-11,61.645000881346256,63.84277835570028,61.591395305847605,62.904701232910156,9602640
2020-12-14,63.30673371083468,65.7189282140419,63.092316535263116,65.04887390136719,11986780
2020-12-15,64.64684372736056,65.1828841217705,63.199523927025204,64.80765533447266,8569621
2020-12-16,65.31688694379403,66.14775273666662,64.05718175138843,64.45921325683594,7142817
2020-12-17,64.32522024481854,64.80766021459215,63.25313426316007,63.494354248046875,4526148
2020-12-18,63.494346301775096,64.0035838842639,61.993421003183755,62.985103607177734,9869700
2020-12-21,62.690268039325865,63.01189629810278,56.686583143054605,59.07197952270508,9426968
2020-12-22,58.61634109265515,59.849238312731494,56.60617858088121,59.554412841796875,21368001
2020-12-23,60.14407067041611,61.778999557631984,59.527616877683755,60.86772537231445,8095772
2020-12-24,61.10894178277863,62.52945854544623,60.84092418901048,61.18935012817383,5620163
2020-12-28,61.64499419756328,63.06551112160532,61.35016867639587,62.63667678833008,4832227
2020-12-29,62.985102499684984,63.14591409595338,61.537782796943986,62.31504821777344,4600443
2020-12-30,62.181047411768084,62.42226739328092,60.89453913966326,61.40378189086914,4883026
2020-12-31,60.921325278130674,61.99341095179424,60.840922047673246,61.26975631713867,5647660
2021-01-01,61.53778477809285,62.181041408092405,61.16255600401697,61.67179870605469,4773375
2021-01-04,62.18103320051148,63.869567573083586,61.91301049207407,63.54793930053711,7029263
2021-01-05,63.25311441132582,64.03037458704607,62.44904634335485,63.574737548828125,7842203
2021-01-06,64.16440554516004,64.48602876816233,62.824296854396266,63.6551628112793,7309940
2021-01-07,64.3251989366172,64.91484475317748,63.62834200135094,63.94997024536133,6727071
2021-01-08,64.70045107989688,65.31690501168771,64.19121341778228,64.83446502685547,8423411
2021-01-11,65.26328605165467,65.343689291235,63.46754042747481,64.19120025634766,5247801
2021-01-12,64.13759820264761,65.50450958359761,63.789167105014634,65.10247802734375,7341978
2021-01-13,65.82612243838562,66.01373679434433,63.52113949246879,64.91484832763672,6954795
2021-01-14,65.37049851541941,65.7725352013629,64.67364140178856,64.80765533447266,3574333
2021-01-15,65.12926115221417,66.68378657136333,64.3251982193157,65.0756607055664,13860241
2021-01-18,65.45090908212015,65.45090908212015,62.341857308531225,62.93150329589844,9514675
2021-01-19,63.199516754387744,65.82612819159095,63.199516754387744,65.55810546875,9711963
2021-01-20,65.39729844213866,65.85293556912198,64.53962975890147,65.10247802734375,5340328
2021-01-21,65.37049320540602,65.6117131525344,63.25312436207829,63.628353118896484,5220681
2021-01-22,63.547941459746035,63.81596417729022,61.67179266115303,61.99341583251953,7414443
2021-01-25,62.26144213431466,62.66347367772092,60.33168765869958,61.24296188354492,6653710
2021-01-27,61.10895253401158,61.24296646658137,59.500826240044546,59.79564666748047,6376865
2021-01-28,58.9647622111454,60.01004499628685,58.37511642939254,59.018367767333984,9095290
2021-01-29,59.554435493507526,60.519315502028505,58.589560597096124,58.85757827758789,7342738
2021-02-01,59.60803352546467,62.770690830988556,58.13391602100946,62.39546203613281,8915563
2021-02-02,63.01190085054466,64.8612519698802,62.77068091706141,63.76236343383789,7340347
2021-02-03,64.45922435927305,67.5146755735816,63.6819639964805,66.97863006591797,13578550
2021-02-04,67.27344863277403,68.29192885722861,66.97862312290978,67.99710845947266,8767693
2021-02-05,68.47954827446166,70.86494508862832,67.21984801501361,67.62187957763672,15815107
2021-02-08,67.80950139013325,68.85478970192646,67.70229534734709,68.66717529296875,7555363
2021-02-09,68.61355994635605,68.88158268332437,67.11263977628538,67.5146713256836,6669290
2021-02-10,67.51465423994023,68.74755136103678,67.13942045830052,68.15790557861328,9913891
2021-02-11,68.1311105117664,68.82796748556132,67.59506511281405,68.34552764892578,7832261
2021-02-12,68.61356553635636,68.69396878552142,67.16624570607827,67.78269958496094,6086160
2021-02-15,68.1579299639348,70.75773902690301,67.88990719890192,70.27529907226562,14528595
2021-02-16,70.99895205669598,72.84830333113669,70.70412653279874,71.66900634765625,10657770
2021-02-17,71.26698239068635,71.69581677363469,69.44443370710137,69.68565368652344,8762018
2021-02-18,70.08768101470807,71.266978052077,69.63204387155021,70.22169494628906,10356158
2021-02-19,70.48968823734657,70.59689934557952,65.9333234916936,66.63018035888672,11552552
2021-02-22,66.76421209867578,67.88990356181974,64.64684310377929,65.20968627929688,7100868
2021-02-23,65.34369292692814,66.68380152365201,64.19120382791684,65.29009246826172,7744253
2021-02-24,65.82612355131295,67.38064909967748,65.61170641057673,66.68379211425781,3874747
2021-02-25,67.27343542734414,70.19487183238307,66.87140397324217,69.55162048339844,13553315
2021-02-26,68.479538241053,68.479538241053,66.17455523408206,66.46937561035156,10754685
2021-03-01,67.21984306514265,68.34553442485998,66.04054613779397,67.99710845947266,9094408
2021-03-02,68.58678068454097,70.57014143896282,68.3723634438497,69.47125244140625,9406738
2021-03-03,69.6856335154086,72.01742427082847,69.44441360580973,71.58858489990234,9553838
2021-03-04,70.97214927160455,74.34922351149729,70.7577321029816,71.66900634765625,21832872
2021-03-05,71.26698038232666,71.26698038232666,68.31874024855874,68.90838623046875,11655626
2021-03-08,69.39080526885603,72.3658472934616,69.22999370626063,71.69579315185547,11965602
2021-03-09,72.52665441616728,72.79467707882357,70.22167178638017,70.99893188476562,9034031
2021-03-10,71.61539330758161,72.60707580409245,71.2937701442486,72.04422760009766,6480653
2021-03-12,73.03592872638704,75.31411468155859,72.0978515551859,73.81319427490234,32011162
2021-03-15,74.88526686748152,75.09968403002966,72.09783864224734,73.3575439453125,20055378
2021-03-16,73.97400382000374,74.85847538809917,73.54516943014592,74.4564437866211,10440081
2021-03-17,74.77805443208955,74.99247159091564,72.36586011726891,72.7410888671875,10219120
2021-03-18,73.41114282317272,74.40282537369963,69.87325716115596,70.75772857666016,18335585
2021-03-19,70.18709762045388,71.1286316245487,68.16136964684307,70.472412109375,32894595
2021-03-22,70.47241982783875,71.01451143004788,69.07437922319757,69.3026351928711,6339217
2021-03-23,69.3311713716276,70.01592849186167,67.33398033703311,68.81761169433594,14918430
2021-03-24,68.1613753038532,68.98878684620281,66.47802566562343,66.67774963378906,10959025
2021-03-25,66.44950285066707,66.8204079285705,64.30965204865296,64.82321166992188,10610125
2021-03-26,65.05147172668856,66.56363514055413,64.90881716244132,65.36531829833984,11771360
2021-03-30,66.42096298986344,66.42096298986344,62.88307740242334,63.396636962890625,15827626
2021-03-31,63.624893225070636,65.53649343912565,63.453706689431606,64.90880584716797,8420960
2021-04-01,65.39382920102413,65.50795172721708,64.73760971013188,65.27970123291016,5493510
2021-04-05,65.0514723089142,65.25119631933981,62.59778004197929,63.596378326416016,13123485
2021-04-06,63.824607971525786,66.05004893885825,63.36810153928417,65.25117492675781,12535383
2021-04-07,65.2226465835177,66.84893213275772,65.05145462112932,66.50655364990234,8260280
2021-04-08,66.6492137762129,67.87606229995812,65.47942924006544,65.70767974853516,10589318
2021-04-09,65.73621558073631,66.64921766792625,64.59495752982718,64.99440002441406,6777983
2021-04-12,63.910208188267106,63.910208188267106,59.40225614446588,59.77316665649414,16140737
2021-04-13,60.71469859654629,62.94013982129228,59.944351045554974,62.740421295166016,7915188
2021-04-15,61.62771757463884,63.68197283175496,61.62771757463884,62.45512390136719,7988110
2021-04-16,62.39805397223045,62.768959063157894,61.91302088906553,62.255393981933594,3785395
2021-04-19,60.42938619087439,60.71470071325388,59.573442623735886,59.97288513183594,3943238
2021-04-20,60.7717554210022,61.7988854598442,59.77316281870751,60.22966384887695,3241082
2021-04-22,59.68756121989171,61.00000019768448,59.68756121989171,60.714691162109375,3407792
2021-04-23,60.45791814724538,61.970075863587574,60.31525816518921,60.94295120239258,4144846
2021-04-26,61.17118625210775,61.627687195324036,60.82880782373528,61.028526306152344,3753260
2021-04-27,61.313856232541646,62.11273580577779,60.429386112048626,61.91301727294922,8512015
2021-04-28,62.455101072538426,62.455101072538426,61.42797654038046,61.59916305541992,5183063
2021-04-29,62.36952220389241,63.0828058322373,61.00001350160933,61.14267349243164,6833430
2021-04-30,60.514969133077166,63.13985261362924,60.28671863224313,61.8559455871582,8686218
2021-05-03,61.627687195324036,61.77034169935894,60.54349337374498,61.028526306152344,5688356
2021-05-04,61.199731626966575,63.76755135467446,61.02853965437681,61.513572692871094,15577337
2021-05-05,61.99859818104303,62.76894563811734,61.770347687308536,62.283912658691406,6123853
2021-05-06,62.65482350549896,63.02573399356203,61.97007196052275,62.11273193359375,6547287
2021-05-07,62.65483481263668,63.796093035478144,62.25539769979567,63.282527923583984,6588607
2021-05-10,63.824607971525786,65.50795197213219,63.39663353141933,65.25117492675781,8595907
2021-05-11,64.42378183790535,67.02013400089432,64.08140327664498,66.76335144042969,13970076
2021-05-12,67.41958886527904,68.04728215247519,65.3368012750395,65.7647705078125,9602901
2021-05-14,66.3353711449009,66.82040418385232,64.59495751538319,64.73761749267578,5807063
2021-05-17,65.56501222563661,66.16417314253968,64.76613825899351,65.9644546508789,6512163
2021-05-18,66.50657292491863,67.47663922524644,66.19273178675819,66.42098236083984,5530185
2021-05-19,66.36389742919383,67.44808595370557,66.02151895507782,66.44949340820312,4018376
2021-05-20,67.02013400089432,67.2483845610937,65.62209863943276,66.76335144042969,6714203
2021-05-21,67.33396721958646,68.61787432557934,67.21983924114005,67.81900024414062,13717878
2021-05-24,68.16137526037214,68.7605362806434,67.90459274338757,68.10431671142578,5159137
2021-05-25,68.47522371057946,68.67494224236115,67.70487613777419,67.87606811523438,3692022
2021-05-26,68.1613829387124,68.18991493736054,67.27691274830919,67.33397674560547,3259305
2021-05-27,67.59075160283766,67.59075160283766,66.33537101473472,66.82040405273438,13366623
2021-05-28,67.56221959673948,69.530883743829,67.0771865588166,68.76053619384766,13619533
2021-05-31,69.10291680283734,69.4738273416041,68.47522916128425,68.64641571044922,5898113
2021-06-01,68.70347986677791,69.18851295880519,67.44809913883867,67.99019622802734,3864220
2021-06-02,68.16137318404009,69.53088171354709,68.16137318404009,69.38822174072266,4904852
2021-06-03,69.47382732852637,69.78766842828269,68.58935714243117,68.9031982421875,3443408
2021-06-04,69.04586203238024,70.67214794339571,68.93173403206632,69.7306137084961,8739158
2021-06-07,70.15857112362903,71.89898474466365,69.33115958513005,71.7563247680664,10492131
2021-06-08,71.98455811476565,72.44105904712237,70.90036976089851,71.18568420410156,9890256
2021-06-09,71.41395896989926,75.89337929403658,71.04304843495157,73.83911895751953,30709618
2021-06-10,74.2956178589789,75.23715193590506,73.09730126635274,74.60945892333984,13387805
2021-06-11,75.49394459612161,75.7507271648368,73.9817866269352,74.4668197631836,6998777
2021-06-14,74.69505303312256,74.69505303312256,71.89898286786337,73.9247055053711,5913466
2021-06-15,74.1814996280782,75.83631747902767,72.75493232753824,72.95465087890625,20101736
2021-06-16,73.61084956690615,75.83629588103896,73.38259908150182,73.75350952148438,23361322
2021-06-17,73.4396705140528,73.4396705140528,72.12723145030645,72.4696044921875,10192453
2021-06-18,72.58372870678348,72.95463372325784,70.21562776243485,70.95744323730469,16223613
2021-06-21,70.21563506742704,71.18570113995446,69.84472457044333,70.98597717285156,7503727
2021-06-22,71.61366254633408,72.01309955408719,70.4724100656673,70.58653259277344,6278636
2021-06-23,71.07159246720262,72.04165880327382,70.15859013723518,70.27271270751953,7615723
2021-06-24,70.47240042867143,70.67211890523679,69.35967465050398,69.90177154541016,6541807
2021-06-25,70.75772115637487,70.90038112179606,69.75912860803284,70.472412109375,3360660
2021-06-28,70.87187001418773,71.81340429574654,70.41536887415455,70.84333801269531,7278011
2021-06-29,70.98598104829179,71.52807810475181,70.47242143061183,70.78626251220703,4777448
2021-06-30,70.98597357903355,74.35267266713267,69.95884900982738,73.49673461914062,34196573
2021-07-01,75.06173361673432,75.09071564482277,70.4247141499607,70.685546875,28813646
2021-07-02,70.97537500951962,71.29417185084037,69.90306740686243,70.16389465332031,6938495
2021-07-05,70.65658445441174,71.5550109912005,70.27982904022414,71.38111877441406,7521745
2021-07-06,71.38109793687086,71.9317454071001,70.30879055183958,70.42471313476562,4169183
2021-07-07,70.8594406140433,70.8594406140433,69.90305577695437,70.56962585449219,3022717
2021-07-08,70.56961363334342,71.84479503788009,70.01896623833235,70.36674499511719,4457192
2021-07-09,70.48266806153218,70.65655467727856,69.84508011862485,70.51165008544922,5732168
2021-07-12,71.12026016854641,72.33747198318834,70.91738600501701,71.5839614868164,6308296
2021-07-13,71.8158233491805,72.22156068402262,71.58397265387693,72.01869201660156,3567562
2021-07-14,72.10562799152113,72.71423948287497,71.52600405396481,71.8158187866211,3029701
2021-07-15,71.81582831049386,73.8445206526109,71.699900190955,72.8591537475586,9950891
2021-07-16,73.17793386816356,74.22126459516575,72.30849528083222,73.93144989013672,7178616
2021-07-19,73.61265972756993,75.46747068853855,72.74322106269068,73.67062377929688,10691788
2021-07-20,73.40978452663563,74.48209727691629,72.51136391602581,73.93144989013672,8934925
2021-07-22,74.16331682183755,75.26460630929056,74.13433479219972,74.68498229980469,7174287
2021-07-23,74.94579304495582,75.20662570739461,74.27921761441488,74.45310974121094,4504678
2021-07-26,74.42414139962365,74.77191466162769,73.6706252949398,74.07636260986328,2716888
2021-07-27,74.13433923950662,74.33720793138458,71.58398128370798,71.78684997558594,4756245
2021-07-28,71.84481390557113,73.52573302799871,71.09129767444743,72.772216796875,7350438
2021-07-29,73.11998693028927,74.39516861413172,72.83017215744911,73.96044921875,4151460
2021-07-30,73.81554589425566,76.4528500682371,73.81554589425566,75.32257843017578,9487957
2021-08-02,75.93117519128135,77.67005259304976,75.40950975964826,77.43820190429688,12187708
2021-08-03,77.64107248518658,78.19171439053449,76.16302234017422,76.51079559326172,7285256
2021-08-04,77.00348979397567,77.20635847473928,75.35155279032128,75.81525421142578,4678216
2021-08-05,75.67033091355212,77.06143483351819,74.45311360164291,76.36588287353516,7951622
2021-08-06,75.93117318752509,78.65541732654198,75.93117318752509,77.40921783447266,14578285
2021-08-09,77.40924214623,78.01785383413876,75.75730482266881,76.16304779052734,3627888
2021-08-10,76.51080071676199,77.14839426971213,73.90247903291625,74.36618041992188,6318270
2021-08-11,74.54007418705349,75.03275764883632,72.48239977639157,74.7139663696289,5097753
2021-08-12,74.94580535772796,76.74264674111272,74.5690445488608,75.14867401123047,12384273
2021-08-13,75.84422496785528,75.84422496785528,73.72858685756133,74.39515686035156,8519075
2021-08-16,74.19231150417228,76.77165177649181,74.19231150417228,76.62674713134766,8823966
2021-08-17,76.59773944991889,76.59773944991889,73.96043599147403,74.51107788085938,5927247
2021-08-18,74.77192131879563,75.69932966480778,74.19229732126446,74.30821990966797,3960503
2021-08-20,73.61267675298961,74.45313911414696,71.9027755258659,72.10564422607422,5047470
2021-08-23,72.45343200023107,73.43879911765488,70.88843521570216,71.38111877441406,6366702
2021-08-24,71.38110240770139,72.85915274494032,71.20721575854296,72.59832000732422,3020803
2021-08-25,72.45341488530636,73.69961450577472,72.30851026663849,72.94609832763672,3471362
2021-08-26,72.94608606021356,73.49673346851084,71.93173731685204,72.25053405761719,3321740
2021-08-27,72.30850372297458,73.49673917734195,72.30850372297458,73.20692443847656,2852005
2021-08-30,73.84452941706604,75.81526346107299,73.61267867822743,75.23563385009766,6116966
2021-08-31,75.08815734393961,76.53329970272111,75.08815734393961,76.12039947509766,5871491
2021-09-01,76.14990255537063,76.79874344292354,75.38309417706942,76.26787567138672,5188365
2021-09-02,76.09090362156869,76.6217713067626,75.23562117063048,75.67800903320312,2914165
2021-09-03,75.7959746952608,77.12313815279825,75.44206106475768,75.8254623413086,3714065
2021-09-06,76.12039120053969,76.5627790300134,75.29460208559313,75.7074966430664,4920148
2021-09-07,75.70749203466428,75.9434325710394,74.20336900579818,75.23561096191406,3504477
2021-09-08,75.32410634187282,78.42082722504045,74.82273189528435,77.97843933105469,8769730
2021-09-09,78.33232939956089,80.75072124798223,77.97842141578829,79.74797821044922,15625476
2021-09-13,79.63001039140596,82.37282276048589,78.80421566595476,81.81246185302734,14745376
2021-09-14,81.98943074859764,82.93319873136129,81.22262805208246,81.54704284667969,10350556
2021-09-15,81.75347792592217,83.0511537859336,80.95718207173171,81.07514953613281,9185468
2021-09-16,81.16363794972668,81.63551910784288,79.74799447537806,80.42632293701172,5568547
2021-09-17,80.75072808630387,82.28434447990102,79.71849169183123,81.57652282714844,15381280
2021-09-20,80.51477302685421,81.51752159387789,78.155367942837,78.71572875976562,6118583
2021-09-21,78.71573441873105,79.33507618833622,77.18211819123368,78.68624114990234,4760286
2021-09-22,78.68625783996605,80.48530824325064,78.68625783996605,79.63002014160156,3584585
2021-09-23,79.86596544423105,82.31385116846225,79.86596544423105,81.54704284667969,7386392
2021-09-24,81.81246225815684,82.52028390122024,79.33508369480177,79.71849060058594,4513302
2021-09-27,80.39682333424977,80.75073136235085,79.36458127263275,80.07240295410156,3344686
2021-09-28,80.48531344899726,85.32209837035343,80.33784706403677,84.40782928466797,30536098
2021-09-29,84.61426239154278,87.38656246011983,82.78571890191839,85.08614349365234,18152508
2021-09-30,85.79395910243451,86.35431998118582,83.16911995371774,83.81795501708984,9363165
2021-10-01,83.6999893365081,83.81796242678634,81.51753779375986,82.5202865600586,7702117
2021-10-04,83.40507548625344,83.96543084050315,82.66776048040869,83.6705093383789,5645196
2021-10-05,83.90643135401064,85.4400419517095,83.49353121689502,84.02439880371094,7150197
2021-10-06,84.4668091908827,84.82072288523622,82.04841675948015,82.43182373046875,4937873
2021-10-07,82.9626678617365,84.23085035597911,82.69723968005574,83.1986083984375,4454902
2021-10-08,83.4640293556714,83.55250915278714,81.84193911873942,82.4612808227539,3437436
2021-10-11,82.96268022249788,84.93868462125198,82.69725200127048,83.7884750366211,7398092
2021-10-12,83.96542511888751,84.26035222618175,82.87420213474554,83.72948455810547,4525123
2021-10-13,84.93867757597316,85.9414263294968,83.90644117552219,84.171875,12481470
2021-10-14,84.6732532226405,90.24735853490095,84.14239113957166,87.85845947265625,40427121
2021-10-18,89.18560942673167,90.6897324943529,88.24184725691434,88.94966888427734,17278336
2021-10-19,89.56901544436013,89.56901544436013,84.49628539351153,85.02715301513672,8172231
2021-10-20,85.08614950985026,85.1156427839758,81.84196248451,82.84471130371094,10069256
2021-10-21,83.3165919386715,84.17188000737355,82.01891601127765,83.75897979736328,7332303
2021-10-22,84.20135897911639,84.20135897911639,80.07239668137062,80.86869812011719,8740388
2021-10-25,80.98667457146185,81.39957478477233,79.68900425896281,80.48530578613281,6132638
2021-10-26,80.48531593938675,82.57928804321118,80.07241567398874,80.92770385742188,8628077
2021-10-27,81.87146852326006,83.58203931236939,81.42908059293774,82.54979705810547,7930611
2021-10-28,82.87421051696883,82.87421051696883,78.77473512400195,79.15814208984375,14515460
2021-10-29,79.33507397625952,80.13137533663387,77.27059584320634,78.50928497314453,8765415
2021-11-01,79.1876229619718,79.95443114827373,78.56827550849984,79.71849060058594,4536018
2021-11-02,80.1019018948509,81.19313058011578,79.68900729109681,80.04291534423828,6294653
2021-11-03,80.51478510931256,81.69449345361963,79.63000947634852,80.10189056396484,5961035
2021-11-04,80.80973249050152,81.10465965064832,80.27886472729081,80.83922576904297,578295
2021-11-08,80.80971655473009,82.99216810900612,80.75073000927941,82.78572082519531,3965261
2021-11-09,83.37557569897464,83.61151625740625,81.6355119710666,82.01891326904297,4642695
2021-11-10,81.98940787800359,83.11012958386041,81.48803356228149,82.72672271728516,6480888
2021-11-11,82.90369501911903,82.93318829223678,80.21986904333743,82.28434753417969,7346925
2021-11-12,82.874208227061,83.93593801599762,80.51479682052687,81.45856475830078,5866050
2021-11-15,81.66499749097575,81.812458216521,79.51203377125897,79.65950012207031,3936215
2021-11-16,79.68900105933848,80.1608821768036,78.21437116094332,78.47980499267578,2935645
2021-11-17,78.30282694021102,79.04014171601439,77.59500543047163,77.77196502685547,4346170
2021-11-18,77.71300100659002,78.39132944676327,76.1793844785981,76.35633850097656,3888206
2021-11-22,75.85496868147773,76.62177699195729,74.17389130380872,74.35084533691406,6845670
2021-11-23,74.49828926910178,75.47154459579515,73.79046772471256,74.61625671386719,8165487
2021-11-24,75.21802332283191,76.06046724997233,74.43575519163288,74.67645263671875,8330150
2021-11-25,74.91715786919102,75.15785533929657,73.59331891427024,74.46585083007812,7078463
2021-11-26,74.01453413529522,74.3454895268399,71.42703236520633,71.63764190673828,6955746
2021-11-29,71.90843616298272,72.02878776660488,69.38110987372079,70.0731201171875,5208042
2021-11-30,70.22353890893815,72.11903035235986,69.68196828548078,69.98284149169922,6538992
2021-12-01,70.61467354394617,72.08894601460744,70.58458564797193,71.9084243774414,4936380
2021-12-02,71.90843076921378,73.35261547227103,71.36686007089735,73.14200592041016,4201202
2021-12-03,73.56321548865876,73.9844345049215,72.81103539465887,72.93138122558594,3531662
2021-12-06,72.96147171681308,73.68356394413183,72.26946738296748,72.54025268554688,3840381
2021-12-07,73.17211288979394,74.37560045600475,72.6907178633096,73.80394744873047,3346788
2021-12-08,74.61626449573228,74.61626449573228,73.89417227994272,74.1950454711914,3262947
2021-12-09,74.55610909530124,75.12776195843075,74.04462629129908,74.91715240478516,4107752
2021-12-10,74.31541265848546,74.70654387221894,73.6234024516031,74.10479736328125,5458743
2021-12-13,74.85698254094355,75.69942656098705,73.92428055571423,74.16497802734375,5443335
2021-12-14,73.98446071640248,74.61628946464316,73.41280203560325,74.52603149414062,4066806
2021-12-15,74.4658494557041,75.15785395215062,73.50305959305152,73.62340545654297,2913673
2021-12-16,74.01451967389377,74.25521706556991,72.14911058439483,72.78094482421875,3617648
2021-12-17,72.72078045119821,72.72078045119821,70.94563475706977,71.69781494140625,6007240
2021-12-20,71.24651565154478,71.24651565154478,68.02718503406251,69.2005844116211,4966325
2021-12-21,69.80233055930638,70.5845929811903,69.29084775196385,69.83241271972656,2836747
2021-12-22,70.10321995863372,70.58461501716394,69.47139109631846,70.4341812133789,4194266
2021-12-23,70.70493910623132,72.57034853532961,70.70493910623132,72.44999694824219,3937893
2021-12-24,72.81104976187319,73.05174720990088,70.88546443897187,71.03590393066406,2125032
2021-12-27,70.91555681246955,71.84825876510044,70.13328862234421,71.72791290283203,2722003
2021-12-28,72.14912868206211,72.60043568732453,71.84825543232718,72.29956817626953,2002776
2021-12-29,72.20929982248953,72.72078259244601,71.57747120360894,71.81816864013672,1301091
2021-12-30,71.78808942602812,71.81817732656818,70.73503586184707,71.00582122802734,1639168
2021-12-31,70.94563914156774,72.54026329683472,70.94563914156774,72.05886840820312,2044788
2022-01-03,72.20929827819069,74.16496562548913,72.0588645355829,73.89418029785156,4365121
2022-01-04,73.77382887085909,74.8268822054934,73.50304356370515,74.22513580322266,4755762
2022-01-05,74.46584563371619,74.82689468302006,74.07471442409363,74.49593353271484,2384675
2022-01-06,73.92426726255789,74.88705697594588,73.77383352184579,74.70653533935547,2580900
2022-01-07,74.8870647423374,75.94011825257039,74.16497238240963,74.49593353271484,5930956
2022-01-10,74.82689344597148,75.94011699711784,74.61627815646284,75.72950744628906,3473626
2022-01-11,75.819771471382,76.30116637213466,75.06759122162099,75.63924407958984,3194705
2022-01-12,75.94011455585006,76.18081199744232,74.97732478948107,75.69941711425781,3118431
2022-01-13,75.81977550295184,77.14360868107399,75.5790780397769,76.63212585449219,5889892
2022-01-14,76.72238657646294,77.14360568599534,76.18081587067559,76.57195281982422,3545718
2022-01-17,76.66221909810096,76.99318028503967,76.00030246290413,76.39143371582031,1885543
2022-01-18,76.72238912911197,77.11352035259407,74.31541451072955,74.64636993408203,2923460
2022-01-19,74.43575749968664,75.69942056024021,74.04462629129908,74.91715240478516,2277622
2022-01-20,75.00740043906262,75.60914107544522,74.55609352710599,75.21800994873047,1561897
2022-01-21,75.03750360354897,75.09767366235812,72.20930424704275,72.72078704833984,3539333
2022-01-24,72.38982820554054,72.75087726328981,70.01294151584815,70.67485809326172,5945501
2022-01-25,70.67484752471314,71.90842253464713,69.95275525587466,71.15624237060547,9751023
2022-01-27,70.94564209713904,72.02878351102329,70.34389559194112,71.57747650146484,8743302
2022-01-28,72.02877605889171,73.80392175302015,71.45711751196575,71.69781494140625,9342948
2022-01-31,72.32965528642666,73.68357628745073,71.33677185152385,73.23226928710938,14026711
2022-02-01,73.53314762289114,74.13488841876693,72.05887492577705,73.41279602050781,5127481
2022-02-02,73.83402238824405,74.82690017333064,73.6234070797999,74.04463195800781,9063503
2022-02-03,74.2853152706366,74.43574900931597,73.17208609289968,73.35260772705078,5991386
2022-02-04,73.4428672547423,73.6534767724393,71.75798537448726,72.14911651611328,6561880
2022-02-07,72.44999460789586,72.66060413981602,71.36685331381584,72.20929718017578,4971912
2022-02-08,72.32965734278544,72.63052485911355,70.28372609514618,71.06599426269531,12602340
2022-02-09,71.36685081748172,72.66060159822793,70.94563176837521,72.38981628417969,11838665
2022-02-10,72.75087632619145,74.49593431569475,72.45000307172259,74.10479736328125,9891332
2022-02-11,73.3827007099329,74.70653950907058,72.29956509125634,72.99156951904297,20292002
2022-02-14,72.6004271915047,73.0517398826337,70.22354084797375,70.5244140625,11266588
2022-02-15,71.00581493731661,72.14912636314672,69.26075703135717,72.05886840820312,8548331
2022-02-16,72.48008695403061,73.95435950667252,72.26947740917888,72.57035064697266,8549606
2022-02-17,72.81106773885013,73.17211113069298,71.36687695543498,71.60757446289062,6518530
2022-02-18,71.39694467956168,72.44999812902098,71.00581349251203,71.21642303466797,6555887
2022-02-21,70.49433793750681,71.90843482160666,70.28372837377707,71.30669403076172,6946518
2022-02-22,70.4040624812178,70.76511148638515,69.3810969950361,70.5244140625,7793698
2022-02-23,70.82528152414964,71.99868065294396,70.76510573839641,71.2765884399414,5177465
2022-02-24,69.80232283178638,70.37397563536398,66.85377217187335,67.12455749511719,14322327
2022-02-25,70.49510588060042,71.06746224182008,68.68264811333547,68.96882629394531,16108682
2022-02-28,68.68264132736095,70.04993559631755,67.98309203725552,69.85914611816406,6507098
2022-03-02,69.15959807262898,70.87666686696106,68.8734199402403,69.6683578491211,4704553
2022-03-03,70.0817447019217,71.16285492116731,69.7637682539571,69.95455169677734,5115133
2022-03-04,69.47758056100166,70.17712379899238,68.55544959443186,69.35038757324219,5757978
2022-03-07,68.52364428774347,68.58724077507108,66.39321048142703,67.41073608398438,7027891
2022-03-08,67.41074204651005,69.28679613434912,67.21995256765175,69.00061798095703,6627776
2022-03-09,69.15960794402521,70.87667698344065,69.12780969534391,70.55870056152344,6948758
2022-03-10,71.41722282342334,72.11677210395926,70.27251629463822,70.87667083740234,7067116
2022-03-11,70.59048659653304,72.02137115024298,70.3678988942764,71.51261138916016,6342863
2022-03-14,71.67159337587091,71.95776539784659,70.20890470243785,71.19462585449219,5388115
2022-03-15,71.35363642241178,71.98958318208618,70.01814034273123,70.49510192871094,6903962
2022-03-16,71.22643326543921,71.92598248559918,71.00385162807731,71.51261138916016,6626360
2022-03-17,71.95777560393434,74.3743875330956,71.67160354136962,73.9928207397461,16469111
2022-03-21,74.27899576019598,74.27899576019598,73.13428329823988,73.35686492919922,2983858
2022-03-22,73.35688523764387,74.15182331965543,72.4347602162565,74.05643463134766,5424956
2022-03-23,74.40619517058933,74.46979166580836,73.61125717503839,73.77024841308594,3629767
2022-03-24,73.45224543629648,74.27898138045003,73.32505249186052,73.92920684814453,2556066
2022-03-25,74.27901187499178,74.27901187499178,72.9753139837694,73.10250091552734,2783345
2022-03-28,73.10250398129361,73.19789873278465,71.86240253639089,72.37116241455078,3104293
2022-03-29,72.81631403427197,72.87991052499724,70.97205825750508,71.38542938232422,4159105
2022-03-30,72.18036942789675,72.18036942789675,71.0674550673107,71.76699829101562,7170965
2022-03-31,72.14856736694614,72.33935076970663,71.4172198707234,71.6080093383789,4503957
2022-04-01,71.54440006457409,74.08819852980137,71.54440006457409,73.89741516113281,4902940
2022-04-04,74.12001524998482,76.12326234762777,73.99282832745733,75.67809295654297,8400872
2022-04-05,76.15504563105183,77.01357386788565,75.51909294868415,76.50481414794922,4567358
2022-04-06,76.09145433175665,78.50806619847606,75.86887269723816,77.5223388671875,10211725
2022-04-07,77.10898836907181,79.36660944728433,77.10898836907181,77.7767333984375,10003710
2022-04-08,78.19009802920446,78.28549276752084,77.39516007125394,77.49055480957031,3327718
2022-04-11,77.39515487183684,77.87211640158574,76.44123181233903,76.79100036621094,6080396
2022-04-12,76.44123119851103,76.82279799328819,74.72416242732925,75.13752746582031,4914063
2022-04-13,75.39191607849106,75.90068197191673,74.72417107788114,75.1693344116211,2393980
2022-04-18,74.9467514735475,76.0596658539163,73.86563534003442,75.67809295654297,3597822
2022-04-19,75.93247565945796,77.14078482483826,74.46979263966628,75.48731231689453,6604865
2022-04-20,75.550910116513,75.86888653735716,74.31080874660611,74.97855377197266,4029047
2022-04-21,75.61450252772696,76.0596658539163,75.26472787720935,75.67809295654297,5186750
2022-04-22,75.29653208664527,75.93247887943289,75.23293558789773,75.58271026611328,2941617
2022-04-25,75.1057345358233,75.16932495772026,73.32506929502323,73.7066421508789,3922097
2022-04-26,74.53336433042989,75.96424862598674,73.99280642369233,75.64627838134766,6052845
2022-04-27,74.88315773420439,75.9006834763283,74.88315773420439,75.48731231689453,11106823
2022-04-28,75.80529853129127,76.44125144421379,74.88316741404329,75.55091857910156,7365985
2022-04-29,75.80528679726369,76.63202303013247,74.62877590994009,74.8831558227539,3601522
2022-05-02,74.24720977938182,74.66057486730024,73.70665170139891,74.31080627441406,2918261
2022-05-04,74.43799342972135,74.88315676653218,72.2121646158759,72.4029541015625,5710806
2022-05-05,72.8799109274553,73.64305062568734,71.86239132981257,71.98957824707031,3090858
2022-05-06,71.41723671291507,72.02139137317747,70.36791865293117,71.70341491699219,3794542
2022-05-09,71.16285155951408,72.02138610899343,70.17713007579484,71.22644805908203,4325805
2022-05-10,71.22643526112466,72.11676790041312,69.98633406685083,70.20891571044922,3424755
2022-05-11,70.33610575328618,70.68587429368405,68.04668079485452,68.71443176269531,5434203
2022-05-12,68.04669749200458,68.58725562150917,66.77479779461028,67.66513061523438,4732192
2022-05-13,68.33287051757263,68.87342860622296,66.7747927479089,66.965576171875,4867995
2022-05-16,67.82413311734767,68.04671486310076,66.29785309084282,67.21997833251953,5227531
2022-05-17,67.7287201714793,69.73196747563264,67.44254198517167,69.60477447509766,2595336
2022-05-18,69.76374445120702,70.36789282482397,69.25498473400631,69.38217163085938,2990963
2022-05-19,68.46005735247138,69.0324075728893,68.04668622868076,68.65084075927734,2681465
2022-05-20,69.06422193228721,69.70017485654833,68.71445328235052,69.22321319580078,2682913
2022-05-23,69.73194680203228,69.92273018137665,68.39645101683311,69.12779235839844,2902262
2022-05-24,69.76375899417742,69.76375899417742,68.23747345951121,68.49185943603516,2703722
2022-05-25,68.5236458008361,69.09600206963336,67.85590086383597,68.04668426513672,4257731
2022-05-26,68.55544326777246,69.9545356795337,66.4886059265834,68.84162139892578,6438652
2022-05-27,69.4457823140618,69.79555696550489,68.6190460883116,69.35038757324219,3051265
2022-05-30,70.17711898825709,70.6858787746279,69.63656095712622,70.52689361572266,3105308
2022-05-31,70.2725368834814,71.19466202586368,70.20894037300067,70.81309509277344,2722651
2022-06-01,71.09926741911532,71.09926741911532,70.14533803583461,70.59050750732422,6628637
2022-06-02,70.52691304980488,72.0849910830144,70.11354181891244,71.79881286621094,4613395
2022-06-03,72.24397623146638,72.37116924545981,70.7812929599222,70.97207641601562,4154056
2022-06-06,70.90847156711907,70.9720680666341,68.84163385204893,70.08174133300781,3598488
2022-06-07,69.6365769844867,70.20893339210957,69.38219703275391,69.73197174072266,1990100
2022-06-08,69.95454930212135,71.00386729905733,69.57297636464641,70.43151092529297,2820192
2022-06-09,70.49583899559234,70.62447784735946,69.65966498964909,69.82046508789062,2968338
2022-06-10,69.30589015536354,69.53101885711068,68.79132253391563,69.27373504638672,2523272
2022-06-13,68.43754258747728,68.66266509410622,67.0546401791816,67.40840148925781,4000275
2022-06-14,66.89385270497306,68.14811666040565,65.83255620984083,65.99336242675781,4683721
2022-06-15,66.54009918017546,66.70089928201526,65.47880255929302,65.63960266113281,3802395
2022-06-16,66.2506491230158,66.89385561628708,63.96724981645766,64.16021728515625,5276112
2022-06-17,64.12804334596895,64.48180470029408,63.19538583427309,63.61347579956055,5611563
2022-06-20,64.19235930206733,64.25668177851324,62.45569537693049,63.22754669189453,6871586
2022-06-21,63.42051404430434,66.18631945434691,63.42051404430434,65.96119689941406,4149736
2022-06-22,66.05767816347894,66.25063946993177,64.67477550995342,64.86773681640625,3505767
2022-06-23,65.15717775925107,66.15415160325362,64.73908779832395,65.67174530029297,2471647
2022-06-24,66.12199697175765,66.41144200927975,65.70391310318658,65.96119689941406,4042927
2022-06-27,66.57224397936236,67.2154503619352,66.28279896025937,67.11897277832031,3052500
2022-06-28,66.73304936867588,67.11897813633107,66.3471206010207,66.8616943359375,2513253
2022-06-29,66.5722559589217,66.99033987612106,65.92904332647471,66.79737854003906,2144728
2022-06-30,66.76521989949912,67.69787150538646,66.54009730959977,67.18330383300781,3723937
2022-07-01,67.08680131669188,68.24457508255838,66.37926642930476,68.11593627929688,3554590
2022-07-04,68.30892606507851,69.3059002094976,67.98731972148599,69.17726135253906,2089563
2022-07-05,69.27371889607025,69.78828639755307,68.7269901589787,68.85562896728516,2818668
2022-07-06,68.8556299882003,69.04859127058526,67.98729501627516,68.5661849975586,4788901
2022-07-07,69.46669637089721,69.53101885711068,68.69484493872534,69.27373504638672,3575860
2022-07-08,69.5309919888032,70.206359430678,69.17722458546257,70.07772064208984,2706067
2022-07-11,69.85260364546,71.1390285500694,69.82044240943189,71.01038360595703,2493601
2022-07-12,71.07471666782125,71.20335549697165,70.17422032725054,70.84959411621094,1965941
2022-07-13,70.88175954060758,71.10688210550505,69.75614058199037,70.04558563232422,2158862
2022-07-14,70.10989983956601,70.20638356476996,69.01644215710655,69.43453216552734,1571887
2022-07-15,69.56317112917559,69.82045492940705,68.40539709519885,69.08076477050781,1689955
2022-07-18,69.56317759002164,70.68879662087744,69.1772549208958,70.5601577758789,3286612
2022-07-19,70.56014569479497,72.42545463387823,70.56014569479497,72.2646484375,5551256
2022-07-20,73.0365024778151,73.0365024778151,71.36416091256092,71.62144470214844,2866956
2022-07-21,71.62144270374057,72.07168778942348,71.39632016089912,71.84656524658203,3503995
2022-07-22,72.16816920024412,72.32896925880883,71.4606342206497,71.58927917480469,2125152
2022-07-25,71.39632400988654,72.90786554625892,71.39632400988654,72.77922058105469,3790450
2022-07-26,73.1329613102108,73.58320625522687,72.07166527258201,72.32894897460938,4556540
2022-07-27,71.97520218480031,73.48674973420833,71.94304708020485,73.26162719726562,3484760
2022-07-28,73.55107251446398,73.96915635134609,73.19730502116667,73.74403381347656,3538605
2022-07-29,73.84051915096393,74.86966050008374,73.7440415583897,74.58021545410156,3579935
2022-08-01,74.96614819336733,75.57719960989753,74.54806425624493,75.31991577148438,4057097
2022-08-02,75.54502339696316,77.18520984220555,75.31990084971743,76.99224853515625,5682416
2022-08-03,76.63849008615739,77.12089647786802,75.60935481474,76.83145141601562,5842916
2022-08-04,76.99225740961425,77.34601882429246,75.6736770802217,76.34904479980469,2413611
2022-08-05,76.34904145525928,76.96009279439765,76.28471897027002,76.3812026977539,3030663
2022-08-08,76.63849263489317,76.76713761516366,75.12695092149642,75.70584106445312,5491468
2022-08-10,75.70581757926539,76.41334634887528,75.54501140381197,76.1239013671875,3968892
2022-08-11,76.67064426761613,77.12088937385424,76.09175419723597,76.76712799072266,3437651
2022-08-12,76.8635900777179,78.76105997722142,76.60630633545277,77.6676025390625,7927433
2022-08-16,78.02138599208443,78.3108310282822,77.0887284011962,77.2495346069336,5224048
2022-08-17,77.24952770781877,78.02137902403598,75.83446389435606,76.47767639160156,6946226
2022-08-18,76.76713389300541,77.24954027736912,75.48070868919555,76.28472137451172,4830492
2022-08-19,76.79927315313282,77.2816855720699,76.0274218706137,76.50983428955078,3745472
2022-08-22,76.2204004791088,76.2204004791088,75.28774287534335,75.77014923095703,3261968
2022-08-23,75.31989510125976,76.34903017248429,75.28773386351789,75.93094635009766,4741901
2022-08-24,76.47769423892588,76.7671393168202,75.8666428373567,76.0274429321289,7315142
2022-08-25,76.22040787788481,78.11787837706659,76.18824663317136,77.3138656616211,8296621
2022-08-26,77.8927433155579,78.37515581281116,77.37817571034215,77.50682067871094,6444737
2022-08-29,76.54200518844769,76.86361148940016,75.73799250313152,76.28472137451172,9660276
2022-08-30,76.73497141544154,77.2817002780292,76.38120387667013,76.92793273925781,10129877
2022-09-01,77.28848685218537,77.97680996278082,76.56739210694774,76.99349212646484,6629637
2022-09-02,77.35402615087484,77.81290395904958,75.84627495699303,75.97738647460938,4320083
2022-09-05,76.04296655888203,76.50184451384771,74.89576541972455,75.02687072753906,6575817
2022-09-06,75.0924136810391,76.66571461654266,74.46964638299896,76.37071990966797,27493893
2022-09-07,76.27238189494969,77.78012685206333,76.27238189494969,77.12458801269531,9377877
2022-09-08,77.48513687249148,77.74735367444566,76.17405286272054,76.46904754638672,7548788
2022-09-09,77.419585853447,77.48513536385303,75.1251841922137,76.14127349853516,9129032
2022-09-12,76.37072200878985,77.05904509433073,75.28907680443334,75.7807388305664,6201072
2022-09-13,76.07572365976054,76.30516884514209,75.35462897521616,75.71517944335938,11249168
2022-09-14,75.05964041357599,75.94462458863437,74.96131300639789,75.38741302490234,8347970
2022-09-15,76.01017061399746,77.97679977802007,75.32184759330576,77.7145767211914,13238636
2022-09-16,77.68180179856124,77.9112407118206,73.55188260466831,74.66630554199219,20940221
2022-09-19,74.79739640892318,75.1579467756068,73.74852943501475,73.9451904296875,7132998
2022-09-20,74.46962347574562,75.25627370151959,74.04352361452065,74.30574035644531,8388898
2022-09-21,74.14187096877694,74.56797090891882,73.28966483675175,73.97798156738281,5457973
2022-09-22,73.48630887862052,74.3057369409371,72.92909754617564,73.55186462402344,8272416
2022-09-23,73.65021031661921,73.84687760176429,71.84747063164669,72.24079895019531,6848580
2022-09-26,71.5197048131231,72.07691633671608,69.52029765462909,69.81529235839844,7964270
2022-09-27,70.04473754601847,70.3069543658421,69.19253131865614,69.81529235839844,5530678
2022-09-28,69.55307211602263,69.88084468760874,68.76642169526106,68.96308898925781,6655110
2022-09-29,69.71695024891491,69.71695024891491,68.0453160308295,68.66808319091797,5607362
2022-09-30,68.34033185440458,68.96309920751943,67.94700345987343,68.56977081298828,8638088
2022-10-03,68.73365638191103,69.32364586830612,67.58646154919055,68.07811737060547,4781577
2022-10-04,68.7664144570784,69.06140911528131,68.50419767775817,68.83197021484375,5904815
2022-10-06,70.11029346337355,70.11029346337355,68.86476501842768,69.25808715820312,9088675
2022-10-07,69.35639040728715,69.5858292635078,68.50418447579618,68.79917907714844,3965157
2022-10-10,68.34032440185547,68.66809698626386,67.71755711665372,68.34032440185547,4531596
2022-10-11,68.43862953630698,68.5697410281136,67.12754587694096,67.29143524169922,5082987
2022-10-12,67.42256542462309,67.5208990798564,66.89813176686339,67.25868225097656,6681196
2022-10-13,67.25866381569772,67.68476370143215,66.53756304512164,66.83255767822266,6156270
2022-10-14,67.84867998196532,67.84867998196532,66.79980628634625,66.89813995361328,3269811
2022-10-17,66.89813611398336,66.89813611398336,66.11148557622631,66.7342529296875,5176086
2022-10-18,67.09478627403834,68.4386481722924,66.53757478561045,68.27476501464844,9945991
2022-10-19,68.7336465017519,69.22530850423553,68.17643498378024,68.34032440185547,5668398
2022-10-20,68.04533440158446,69.32364069216541,67.81589545217172,69.19253540039062,4492118
2022-10-21,69.35641495059632,69.61863177217403,68.70086977078097,69.1269760131836,6880515
2022-10-24,69.81527319869492,70.011940448397,69.45472907772192,69.6513900756836,893367
2022-10-25,69.68418522171496,69.84806838534439,68.83197901700962,69.6186294555664,8853457
2022-10-27,69.8152752406836,72.73244367918308,69.42195323325619,72.04412078857422,17172982
2022-10-28,72.37190778991592,74.79741482727889,71.61803524825079,74.60075378417969,12748801
2022-10-31,74.83019015546164,75.71517419681233,74.07631763952955,75.55128479003906,10310606
2022-11-01,75.38739714881828,76.89514209095886,75.28906351060603,75.97738647460938,10103050
2022-11-02,75.94462207465654,76.4362778494996,75.0596379288936,76.10850524902344,4746558
2022-11-03,75.84628190305358,76.73126597278774,75.51851558247812,76.5673828125,3795318
2022-11-04,76.76404409674592,77.0262609050765,76.14127683255758,76.66571044921875,4225950
2022-11-07,77.05903373724365,78.14067878218553,76.76403906573755,78.00956726074219,8162465
2022-11-09,78.4684458983587,78.66510691515911,77.09180627727378,77.51790618896484,4078612
2022-11-10,77.35403323501642,77.51791639530416,76.30516600499453,76.5673828125,10101016
2022-11-11,77.68180575221093,79.77954021076617,77.25569953297826,78.86177825927734,17573801
2022-11-14,79.32065820214875,79.71398026663526,78.69789097301336,79.15676879882812,4543771
2022-11-15,79.35342983107138,79.97619706020676,78.33734053744948,79.15676879882812,6537251
2022-11-16,79.18954279750498,79.7467542379968,78.53399771984125,78.99288177490234,6465222
2022-11-17,78.89455221358435,81.81171483123804,78.76344694232316,80.66452026367188,17078585
2022-11-18,80.95951230673742,82.20504047606418,80.27118933683322,81.84449005126953,15120156
2022-11-21,82.20504010129737,82.82780730899225,81.02506144497892,81.97560119628906,9337696
2022-11-22,82.36893439480193,82.53282381466052,81.54950605073539,82.2706069946289,10895381
2022-11-23,82.20504010129737,82.72947367038529,81.77894017081641,81.97560119628906,7379707
2022-11-24,82.24427295700988,87.31527631143886,82.04277795903688,86.71078491210938,19050102
2022-11-25,87.24810223812017,91.98327594906459,86.00554237646213,91.6810302734375,30599963
2022-11-28,91.51312403937328,93.46092605628849,89.86756771520444,90.40489196777344,11799066
2022-11-29,90.6735443721267,91.14370144136218,88.72574256405295,90.33771514892578,8619105
2022-11-30,90.6735542676469,91.61387491414801,90.06906288099694,91.27804565429688,7625332
2022-12-01,91.78177915540857,93.42733535389061,90.43846862658751,93.02434539794922,8592753
2022-12-02,93.6959886040829,93.83032284697349,92.01684900040611,93.56166076660156,6577405
2022-12-05,93.6959978772823,94.63631845435322,92.587765885389,92.78926086425781,8541500
2022-12-06,92.55419466795578,93.36018109635849,91.71462467102663,92.65494537353516,4243621
2022-12-07,92.28551990663979,96.181123647299,92.28551990663979,95.37513732910156,17939875
2022-12-08,95.91246853504126,97.32294629608937,95.274399989989,97.0878677368164,11325155
2022-12-09,97.759524836197,98.66625549375838,94.60274010144964,95.30797576904297,9022553
2022-12-12,95.47589174356905,97.79310650211748,94.43482684264849,97.55802154541016,7145238
2022-12-13,98.02817342490016,98.06175698616023,96.08037170968099,97.39009857177734,6940876
2022-12-14,97.59160039498686,99.27074014358462,97.59160039498686,98.22967529296875,8174452
2022-12-15,98.4647514152447,98.86774776339348,95.97962541698794,96.38262176513672,6736632
2022-12-16,96.31547397055292,96.38264110962677,93.39376747494939,95.10649108886719,8429702
2022-12-19,95.27441113849187,97.3229576843022,94.66991968367826,96.91996765136719,5322128
2022-12-20,96.91995196062963,97.15503050935249,94.43482580848656,95.17364501953125,7110931
2022-12-21,95.54303839023764,96.0131953920334,91.71459604355778,92.41983795166016,6608451
2022-12-22,93.49448780671179,93.72956631168113,91.17727350482616,92.18476104736328,8076792
2022-12-23,91.54672003645904,91.81538219922368,88.02052194408536,88.5242691040039,10022860
2022-12-26,88.49068045461948,92.1176226465025,87.65111044348535,91.54671478271484,6778067
2022-12-27,92.08402664274362,92.5541837357591,90.70713252284688,91.6810302734375,3590696
2022-12-28,91.68102966662478,93.36016945103482,91.54670181468514,92.48702239990234,3596935
2022-12-29,92.01686320868978,93.32659665747134,91.47953896497796,92.95718383789062,4492741
2022-12-30,93.59526099150135,96.18113157345414,92.85643533487736,94.80423736572266,6596933
2023-01-02,95.67738967013204,101.11780570405577,94.80423616318575,100.5468978881836,17071628
2023-01-03,101.3528663918534,105.98728882882271,100.51329659921765,104.77831268310547,38370371
2023-01-04,105.4499756362957,105.5171427639873,101.89020113896905,103.77083587646484,17767510
2023-01-05,103.77083980680693,106.12163812177104,102.49469635938162,105.3828125,14238477
2023-01-06,105.88655708211115,108.00227039151329,103.56934238673931,105.55072784423828,26643681
2023-01-09,106.86047010580285,108.67394440637621,106.02090009377686,106.99480438232422,19991886
2023-01-10,107.46494825748148,107.46494825748148,103.19993158621426,104.17383575439453,13101983
2023-01-11,103.83801719668855,104.27459077553492,100.88273363383979,101.95738220214844,13945553
2023-01-12,102.326789439763,102.72978585871759,98.96850943498089,100.24465942382812,12366553
2023-01-13,100.2446368363838,103.26708687857737,99.0692378184726,102.59542846679688,12919452
2023-01-16,102.93127993947395,104.07309564326044,100.64764853190096,101.084228515625,9237775
2023-01-17,101.4200553408354,102.36036961150602,99.74091539416867,100.71481323242188,9592017
2023-01-18,100.9498696547087,102.0916850803948,100.61404045796412,101.89019012451172,7077216
2023-01-19,101.75587708307022,102.5954470471398,100.9834742534247,102.12528991699219,6111051
2023-01-20,102.42752940712464,102.56186366782919,100.74838958077834,101.01705169677734,5755195
2023-01-23,101.3193008757005,102.09170368518629,101.08422231676225,101.42005157470703,3157921
2023-01-24,101.68871519685922,101.95737732608775,99.97599172099845,100.31182098388672,3337365
2023-01-25,100.31179991903727,100.34537707340573,95.64378759650562,96.34902954101562,20025671
2023-01-27,96.48336370687073,96.71844223533246,89.3638151074177,91.41236114501953,21800482
2023-01-30,91.64746304890308,93.89750446961666,90.06906737054966,91.17729949951172,9150842
2023-01-31,91.91611229385069,95.37513606284784,90.37130040042464,95.00572967529297,11876770
2023-02-01,95.37513716081216,96.88636550814697,90.47205213241011,91.58028411865234,9818522
2023-02-02,91.27805247368262,94.06542464949408,90.1362367481299,92.99077606201172,6125063
2023-02-03,93.36018938585855,95.2744145293671,91.11014133808902,95.0393295288086,7357431
2023-02-06,95.14005352463006,96.5841146668893,94.97214211965506,96.3154525756836,3597581
2023-02-07,96.21470745160663,97.96101434810214,95.47588825943232,96.248291015625,6830677
2023-02-08,96.44977569580078,96.71843777385112,95.2072159868464,96.44977569580078,2894798
2023-02-09,96.44978401064009,97.96101233333547,94.70348355547065,97.62518310546875,5719365
2023-02-10,97.42368855791567,98.43116984052183,97.2221935824764,97.92742919921875,2816965
2023-02-13,97.72593214074088,98.36400702234269,93.72957784815421,94.93856048583984,9662873
2023-02-14,95.97961866056498,96.95352269687822,91.81535324808011,96.44977569580078,13028332
2023-02-15,96.41620774303337,100.24465098175303,96.01321776342724,99.6401596069336,8034723
2023-02-16,99.74089765392407,101.58794870457066,99.23715063519369,100.91629028320312,7753257
2023-02-17,100.47971727504466,101.15137569963377,99.1699903930463,99.74089813232422,3626445
2023-02-20,100.27822305631628,100.34538377494758,98.59908338775323,98.90132904052734,4501741
2023-02-21,99.06925849335906,102.0245420300345,98.73342921738417,100.479736328125,7102333
2023-02-22,100.17747924679125,100.17747924679125,97.25577320455514,98.29684448242188,6770372
2023-02-23,98.29684266679259,99.80806460107564,97.42368922668224,99.10282897949219,5847310
2023-02-24,99.75642433431457,100.44440229896888,98.27727630303872,99.55003356933594,5354430
2023-02-27,99.06842873430934,99.75640657649545,96.24773139122358,98.65564727783203,4602553
2023-02-28,98.38046943249634,100.4443966493265,97.79569016374519,100.03160858154297,7016653
2023-03-01,100.20356506631477,103.2306590185204,99.34359623733114,102.81787109375,5703165
2023-03-02,103.09309143746034,104.29704946738016,102.16432981304762,103.43708038330078,5360617
2023-03-03,103.98745963004521,106.98015491677481,103.67787023620961,106.73936462402344,10126691
2023-03-06,107.4961251635839,111.45198781843801,106.73935480440767,111.27998352050781,14983856
2023-03-08,110.93600245101092,116.6805891475474,110.7296051643605,115.85502624511719,24643768
2023-03-09,116.57741419236483,117.36858422429846,114.58229261663823,115.68305206298828,16279688
2023-03-10,114.89186891399699,115.92382913687163,113.20632382303567,114.92626190185547,9978958
2023-03-13,115.5110397782013,115.75183004301374,111.86476657633587,112.44953918457031,9129677
2023-03-14,112.1743565037504,113.17192367565815,110.48881151942058,110.79840087890625,10418103
2023-03-15,111.83036311476226,113.17192577885544,110.28242941065233,110.66080474853516,7583436
2023-03-16,110.14483990016589,110.3512372006171,106.7049636251654,108.80328369140625,10848187
2023-03-17,109.45686702263642,110.07604583019825,105.29461968898298,107.2553482055664,18491806
2023-03-20,106.01698514847632,106.70496302401787,102.92109783062597,103.78106689453125,11097073
2023-03-21,104.57222109664481,106.42975714399711,103.0586739352143,106.0513687133789,8820185
2023-03-22,106.29217286474135,107.56492994077416,105.60420156397598,106.01698303222656,5507520
2023-03-23,106.63617095527997,106.77376916387809,104.26265434531214,104.81303405761719,7369057
2023-03-24,103.88427333197691,104.64104380297015,101.33875893827185,101.92353820800781,5821246
2023-03-27,100.78839114020474,103.40269838695374,100.58200036207955,102.43953704833984,8986618
2023-03-28,102.50831194638694,103.19628983638017,100.03160335228945,100.92597198486328,4765107
2023-03-29,100.78837131889073,104.26264711245281,100.23799164476635,103.98745727539062,5628897
2023-03-31,104.26264746698331,105.63859665697294,103.64346869122716,104.4002456665039,7727412
2023-04-03,104.8818255288084,107.32414106532802,104.33144585655899,106.67056274414062,7675828
2023-04-05,107.32412931861911,108.32168990499619,105.12260430953683,107.80570983886719,6330727
2023-04-06,107.32413760361001,108.76888583692549,105.87938937029455,108.25289916992188,9854273
2023-04-10,108.70008622590565,114.78866194512196,107.8401171996897,114.47907257080078,16722371
2023-04-11,114.89186996731516,116.61180806190319,113.75670452628565,116.40541076660156,10391460
2023-04-12,115.95822388105981,117.02459023003053,113.79111131682532,114.13509368896484,8579281
2023-04-13,113.51591278789928,113.72231008055556,109.66324861854194,111.17679595947266,12129911
2023-04-17,110.55761526005935,114.13508953736174,109.97283606323273,113.79110717773438,11241922
2023-04-18,114.47906925514292,115.71742671656109,110.45442062761941,111.27998352050781,23685972
2023-04-19,111.41760121281784,113.2751377300927,110.76402938137132,111.14241790771484,8270541
2023-04-20,111.14240855781736,112.139962717245,109.86965143330644,110.07604217529297,4857083
2023-04-21,110.21362556219256,110.248018547031,107.56491957874314,107.80570983886719,6926976
2023-04-24,108.01209744622382,111.03918522520661,107.18652805195578,110.62640380859375,8223696
2023-04-25,111.10799616344033,113.10313061365022,110.79840678744522,111.5895767211914,8897916
2023-04-26,111.58958801587328,114.0319102835202,111.10800740937842,113.7567138671875,11517041
2023-04-27,114.1350982395026,114.51348673719416,112.34636096447053,113.41272735595703,10998576
2023-04-28,113.48153808307124,117.1622051015372,113.412738974435,116.88700866699219,18511696
2023-05-02,117.71257221098652,120.63646184263487,116.92140222974152,119.43251037597656,26929266
2023-05-03,119.67328126557172,120.56764319263715,116.99016924020597,117.26536560058594,13017456
2023-05-04,117.64377036841874,122.08121387999326,117.60936425755204,119.9828872680664,12978156
2023-05-05,119.98287620105536,121.29001960751779,115.82061634990141,116.16461181640625,12554473
2023-05-08,116.13020857092853,118.98531196390334,115.85502531302765,117.47177124023438,7231975
2023-05-09,117.91895939462904,118.64134341510129,114.34149789316076,114.54788208007812,11499542
2023-05-10,115.40782944721629,115.54542762730246,112.99991378404694,113.72229766845703,11856128
2023-05-11,114.20388925883894,115.99262640728139,112.5871432911516,113.24071502685547,12099816
2023-05-12,111.55520053422109,113.65352738508163,109.14728426074034,113.27513885498047,28062578
2023-05-15,113.6878937076451,118.3317339575461,113.03432202303013,117.7469482421875,15177651
2023-05-16,118.46932835157298,119.94847612673114,114.6510768969524,115.09825134277344,23255306
2023-05-17,115.57982580660922,116.13020542960888,112.13994988234008,113.06871795654297,14492755
2023-05-18,113.96310704657559,115.99263461612284,112.93114676692664,113.41272735595703,11886627
2023-05-19,113.51590906029145,114.58227535420261,112.34635068448381,113.96309661865234,7935136
2023-05-22,113.96308105691566,114.85744292942604,112.89671490861753,114.4102554321289,8302832
2023-05-23,114.68547023664884,115.373448084292,113.72230912320003,114.03189849853516,7500411
2023-05-24,114.03190849069756,114.82307849208416,113.30952447022531,114.54788208007812,5348983
2023-05-25,114.51350042294416,117.64378774783579,114.23830398370212,117.36859130859375,11829380
2023-05-26,118.19413363374122,119.01969647071168,116.09580731314054,117.26536560058594,4819450
2023-05-29,119.57007468290841,121.9091912306759,118.43492251471555,119.91407012939453,16154211
2023-05-30,120.36125525081506,124.97068916521862,119.53567931778093,124.62669372558594,19369441
2023-05-31,124.45471886725808,126.20904991186309,123.52595074173097,125.48667907714844,13788165
2023-06-01,125.21148548882674,126.51862885661782,125.07388730629559,126.03704833984375,8004016
2023-06-02,126.58744356646878,131.40327557256538,126.14025597911022,131.02488708496094,24211463
2023-06-05,131.7816681388175,135.8751162852314,131.02489114018636,133.22640991210938,19494456
2023-06-06,133.7424038973002,135.6687263665752,131.8504744197961,133.8112030029297,13209340
2023-06-07,134.46476260681294,135.70312015146047,134.15517322065105,135.15274047851562,7872700
2023-06-08,134.9807126215391,137.0102395745625,134.05194471536745,135.42788696289062,10582053
2023-06-09,136.21912032160512,137.25109389177968,134.60238709770377,136.70071411132812,7904078
2023-06-12,137.21665203640765,139.65896085593434,136.7694644806074,139.07418823242188,8456271
2023-06-13,139.34940958283704,140.4501822800443,136.21912208070344,139.6934051513672,14186832
2023-06-14,140.6221060894625,140.6221060894625,137.42302100725433,138.3173828125,13047692
2023-06-15,137.93902176222235,139.86535703794848,137.11345887411508,138.21421813964844,10540327
2023-06-16,138.53088572998243,139.6216849675901,136.7011644714518,138.70681762695312,12326310
2023-06-19,138.7068233077758,140.4309881832869,137.75678834067608,138.81239318847656,9246936
2023-06-20,139.16425176052277,143.91449353100435,138.28457884999767,143.52743530273438,9726607
2023-06-21,144.09043518409007,149.12216564678246,143.7033769296146,146.94056701660156,20756190
2023-06-22,147.04618962604815,147.36287254573898,141.45146699334265,143.03488159179688,11657516
2023-06-23,142.82371338196697,143.5626355041263,139.9383869235632,140.85324096679688,9072837
2023-06-26,140.92359344581956,143.31630476604724,139.41055501030078,140.64210510253906,9280932
2023-06-27,141.59216527427813,147.04613493120095,141.3810389320978,146.2720184326172,19047221
2023-06-28,146.90539349660693,154.32983589042195,146.37758431853908,153.27423095703125,32094496
2023-06-30,154.82244483751668,154.99837674937405,150.81113818709287,151.93711853027344,16951743
2023-07-03,152.67605761994272,157.1799794943461,151.6556336256651,154.6465301513672,12784213
2023-07-04,154.71688847468985,157.4966448984151,152.39455233753978,155.70211791992188,14872598
2023-07-05,156.22995176773313,158.5874692907401,155.59658604635138,157.14480590820312,9635371
2023-07-06,157.1095791677126,159.50229043600143,156.33546275069486,157.3910675048828,8983942
2023-07-07,157.2855377846348,157.81333354004852,154.01315309463894,155.7373046875,9032541
2023-07-10,155.73731400163032,158.65783502935037,153.133489237942,157.98928833007812,11836860
2023-07-11,158.0244127001408,162.14128816109167,157.98923169605175,159.81893920898438,27521285
2023-07-12,160.24125866558603,161.89503500273716,158.76340084503465,159.92457580566406,11875910
2023-07-13,160.59310148426167,160.90978430265417,156.22993090057025,158.09483337402344,10619100
2023-07-14,159.04487419242773,159.32636256040232,156.86328900533402,158.05963134765625,7757530
2023-07-17,158.34114458334338,159.6782513404158,156.58179853241734,157.2151641845703,7938596
2023-07-18,157.21516998257448,159.2208234807779,154.85763920756176,156.01881408691406,14288727
2023-07-19,156.22994589082234,159.7486382449152,155.27989734448772,159.32638549804688,9563980
2023-07-20,159.74861332085231,160.8042181778349,158.3763122417565,159.1856231689453,6992561
2023-07-21,158.97451015170648,160.69866176396798,158.23558803216585,159.74862670898438,7056545
2023-07-24,161.8598309202092,171.71216576993385,161.26165972711715,168.72128295898438,27932963
2023-07-25,170.26948901098982,171.32509383517407,165.6600114800784,167.66566467285156,14752168
2023-07-26,167.8416156083093,172.0640488066636,166.71563521178084,170.7973175048828,12038222
2023-07-27,172.380709391317,179.5588301373689,171.07878381982675,178.29209899902344,26304320
2023-07-28,178.96065160490366,183.07751421163317,177.4124187563617,180.0514373779297,16384307
2023-07-31,180.157033956895,184.37946706188959,178.74955178098188,183.95721435546875,14236327
2023-08-01,184.48500997392006,185.18875101017622,180.54407896272676,182.1626739501953,11212380
2023-08-02,181.56450463912452,186.03324515897103,175.61791989933798,180.36814880371094,16122036
2023-08-03,179.45331156494825,184.3442918305496,178.22177459977746,183.0775604248047,13853421
2023-08-04,183.07752595530013,185.01281714011853,180.96631629171748,181.9867401123047,10243822
2023-08-07,181.95155912832908,188.56670381142396,181.35338793443617,187.79258728027344,19592147
2023-08-08,190.0093746541158,194.79479808934016,183.0071714228914,189.30563354492188,38293583
2023-08-09,189.9741783804761,190.81865690548548,186.73697490728907,190.04454040527344,12734777
2023-08-10,190.04451326679336,190.64269777410266,185.4702172117632,187.9333038330078,12885501
2023-08-11,191.06497182935888,191.8038939236998,184.09796331969162,185.82212829589844,24759160
2023-08-14,185.0128307512282,188.95376201045778,181.5293197850222,185.82212829589844,16369013
2023-08-16,185.08318141050745,187.8629511254239,183.39421097457873,185.92767333984375,10764313
2023-08-17,185.8925094336911,191.31128504739235,185.54063217127862,190.6075439453125,22827203
2023-08-18,190.5371338170555,193.10577678189455,186.63138443807364,188.95372009277344,15978257
2023-08-21,189.79823305025033,191.38164706307313,187.61664786744126,190.04454040527344,14616437
2023-08-22,190.99459269926828,195.07627478051756,190.07973870810224,192.19094848632812,15832807
2023-08-23,192.82433133082912,193.70400438746864,191.17055511181388,192.3668975830078,10786048
2023-08-24,193.84475926963555,194.61887587061761,190.15013504060036,190.5019989013672,10437083
2023-08-25,191.06496426050856,193.10581197097886,185.9980528422198,190.04454040527344,18390451
2023-08-28,190.99462310498842,192.08542260361202,188.8130375304878,191.45205688476562,20674040
2023-08-29,192.12060959400887,192.6835998701777,188.95379432408933,190.0093994140625,21612353
2023-08-30,191.90944293700792,193.03542317431746,190.7834626996984,192.01499938964844,19494892
2023-08-31,192.82429972212648,194.79477187817795,180.40332249376272,183.1127166748047,205689248
2023-09-01,180.7200184201241,184.203515889948,176.32165353810294,181.1422576904297,31886045
2023-09-04,182.23304967232815,186.31473158150854,180.79038658605086,185.92767333984375,17449756
2023-09-05,185.89249033633598,186.52584249812188,183.35902799821753,184.44981384277344,18024101
2023-09-06,184.44983683302274,184.44983683302274,179.31254949395372,181.212646484375,13072843
2023-09-07,182.19786652687563,192.12057684197984,180.86077323813439,191.311279296875,24056615
2023-09-08,192.29653602636708,215.97733315897557,190.7131218359484,214.71060180664062,82791157
2023-09-11,218.08851989450136,220.90347069824205,213.0919838957047,215.4846954345703,32528622
2023-09-12,217.3144130019452,217.3144130019452,198.45423507130883,199.0876007080078,32072173
2023-09-13,199.75613962049943,202.60628487523297,193.95029264991993,195.78001403808594,22854207
2023-09-14,198.45426781740576,199.47467846913239,193.38734188774197,196.7301025390625,20229285
2023-09-15,197.82085217794696,201.02286109627073,194.37253591380932,196.62449645996094,16840451
2023-09-18,197.11710794116894,203.16926187743857,196.2022405949804,202.25439453125,21777587
2023-09-20,203.38038624836176,206.40646338704414,200.77656179606123,201.9025421142578,24146948
2023-09-21,201.9729233232456,207.82274332172216,198.14634045806525,202.06088256835938,19969152
2023-09-22,203.20446029008852,210.76965335829786,202.67665112802942,209.7140350341797,19853464
2023-09-25,210.54974850960937,212.13314925105757,208.0866613011688,209.53811645507812,10640362
2023-09-26,209.53813406883597,210.37382084656926,204.87586385786793,206.19537353515625,10324176
2023-09-27,207.7347953363814,223.52493807823436,207.11902685644267,219.61038208007812,41395652
2023-09-28,219.69831919979396,220.2261283387409,214.15637693182694,215.43190002441406,17882450
2023-09-29,218.59874720432205,223.65686710945224,217.45516958470012,221.58963012695312,20556307
2023-10-03,220.79793836397687,223.43695754761006,217.71908264973817,220.7539520263672,20505684
2023-10-04,220.7539436237811,221.85353490844108,211.78128142550503,214.55224609375,11248912
2023-10-05,216.83941407646267,217.14730502335726,210.98959346743337,211.60536193847656,6991188
2023-10-06,213.4086799193277,218.37882711085953,209.5820969150545,216.66346740722656,10502776
2023-10-09,213.76054676067818,215.7398110825363,210.2418546329304,211.34144592285156,12865038
2023-10-10,213.1447743774712,221.01784518302395,211.2094964275818,219.874267578125,21120310
2023-10-11,222.55726232910155,224.7564447631836,218.07092479447647,219.91824340820312,16901311
2023-10-12,220.92987831403272,223.2610199203787,218.15891361105494,218.5547637939453,8856652
2023-10-13,218.1589097849618,222.16142472564619,217.1472911772344,220.05020141601562,6963745
2023-10-16,220.79792977176996,227.13158630421606,220.35809325828038,221.58963012695312,15828545
2023-10-17,223.3929490414727,224.09669010515452,220.35807996601065,221.1497802734375,7959854
2023-10-18,220.88587622729986,223.0410722030562,214.72816576928545,216.26759338378906,8849737
2023-10-19,215.08005043702138,220.57800673653625,213.05679983425097,219.0825653076172,10354590
2023-10-20,218.86266337346964,220.22615932195703,214.90413454268128,217.71908569335938,9772348
2023-10-23,217.71906565585547,220.7539347956003,211.64932737636582,214.77215576171875,16263512
2023-10-25,216.3116160258596,217.80707107626282,206.23936143113983,208.65846252441406,12354938
2023-10-26,206.7231647025765,207.60283774386406,198.36627081034467,202.6326904296875,19102624
2023-10-27,206.283303454884,212.0011775378552,204.26005301789928,208.96630859375,8633736
2023-10-30,209.49410442534656,210.76964092126548,205.27168506900736,210.19784545898438,8589899
2023-10-31,211.91320639677744,217.89498508800096,210.90158788239322,216.92735290527344,11247490
2023-11-01,217.23523987066451,219.21450407697847,209.23022380099698,213.05679321289062,11485017
2023-11-02,215.65183797735313,228.539042500262,215.51989239192554,226.6477508544922,31788640
2023-11-03,228.58303354707144,231.22205253700378,225.85604188837678,230.21043395996094,13074986
2023-11-06,232.1897204566322,232.80547550600647,226.77970953235692,229.374755859375,15066704
2023-11-07,230.2104274420834,234.30090139156832,228.45108149860698,231.39796447753906,12712137
2023-11-08,233.06936269904395,233.90503590808532,228.71497078626393,231.83779907226562,7008956
2023-11-09,234.87268298056713,246.74826807509018,233.50920061531733,243.9333038330078,46645094
2023-11-10,243.09764550757168,254.13753121858073,242.83372749312522,253.08193969726562,26451061
2023-11-13,261.2628840748857,281.3194179727416,258.4039467912379,270.49945068359375,56941773
2023-11-15,271.81896970333946,279.69205415948034,265.6612584155615,273.0505065917969,29545189
2023-11-16,272.69866373718884,277.7567841129593,269.1799713018703,272.9625549316406,16593003
2023-11-17,273.79816904181075,279.6919877561656,272.74255090490163,278.196533203125,15707486
2023-11-20,278.81237592908883,286.3335695524076,277.492866391981,285.2339782714844,19353142
2023-11-21,287.30113547932274,289.1044539411479,277.62473489385894,281.09942626953125,22453701
2023-11-22,281.49532788725656,284.66215569508546,279.03225450643765,281.45135498046875,9908872
2023-11-23,282.814814435999,284.13432367909076,279.29612312108765,282.1550598144531,7050700
2023-11-24,282.6011702974783,284.0732782884181,278.497091029194,280.9952392578125,8179159
2023-11-28,280.99533347099464,287.28526391732044,276.1774842816967,285.9915771484375,12393794
2023-11-29,287.32977332527327,294.2442456981223,284.2517342183624,292.7275390625,13325273
2023-11-30,292.72758221944105,301.7833064425078,290.5863313886269,298.7944641113281,42144243
2023-12-01,303.34459958371065,328.63819149449506,300.6680295873838,325.7831726074219,51298211
2023-12-04,340.81662244888406,344.6084304211557,330.9579326119704,331.6270751953125,33279982
2023-12-05,332.7869271998219,338.49693873577,329.8427105847576,336.5787353515625,16714263
2023-12-06,338.22929820909866,346.0805607982418,335.28505431755764,337.783203125,15204248
2023-12-07,339.0322310453351,340.72738675506565,334.1251855959947,336.44488525390625,9186451
2023-12-08,337.8723457149984,348.57862513904934,337.33702629830054,343.1362609863281,22241955
2023-12-11,344.38537885590455,350.6307095605453,340.10287726371473,347.5526428222656,11743284
2023-12-12,349.1585704928853,350.40763107796664,343.58238285638043,347.68646240234375,9651220
2023-12-13,349.7832046358976,378.28869629741746,349.11406189480545,376.32586669921875,47230397
2023-12-14,379.71607071055604,382.5264637744235,370.74954484419635,377.485595703125,22525232
2023-12-15,377.66409823773733,380.34066881979777,365.79797954826284,367.8500061035156,19759589
2023-12-18,367.8499646756764,371.7756228692385,362.0061304539797,367.40386962890625,14104514
2023-12-19,369.27748237733675,370.0358494189901,358.7050240912979,364.6827087402344,10528820
2023-12-20,365.9763298901068,367.5822609157383,336.3110139302808,340.6827392578125,22211254
2023-12-21,335.4634236805886,349.6046399381513,328.6381759581145,346.9280700683594,23330278
2023-12-22,349.73849866291357,353.7533538771562,340.4151017744028,345.1883239746094,13356416
2023-12-26,346.1698005048996,355.98389278725506,343.6716788149302,349.96160888671875,13629896
2023-12-27,352.0581755042292,352.9949641027507,341.307269788098,343.314697265625,11269286
2023-12-28,345.00991968474085,350.6753049905252,342.4225466343262,343.4039611816406,12371827
2023-12-29,346.169780626794,347.06197078304865,338.58616429862974,341.3519592285156,10589854
2024-01-01,342.5118018178185,356.87606904226635,339.9244557627587,352.459716796875,15293334
2024-01-02,352.41509882753445,352.63814635843795,341.48576981326283,347.6418762207031,11799148
2024-01-03,347.06195526298563,358.0358828031877,343.4931947975565,350.7199401855469,13107047
2024-01-04,354.9131819088005,364.9057211038586,354.2886652262836,362.006103515625,19291259
2024-01-05,363.74590790081345,364.3258260095395,355.1808776544974,360.4447937011719,7735119
2024-01-08,362.0507021259909,368.2068350953007,358.12507145203193,362.006103515625,8020666
2024-01-09,365.2626229658584,367.4038737689876,348.89092911941356,351.3444519042969,12629573
2024-01-10,353.30728364326586,353.30728364326586,339.7459830770772,348.4002380371094,12513678
2024-01-11,350.1846053054752,358.83885994541794,349.42623829434945,352.8611755371094,8305839
2024-01-12,354.19946260806665,359.32955558034973,350.7199267332316,358.4819641113281,8217329
2024-01-15,359.55260164775547,367.89458432751087,356.4745349858334,365.3518371582031,10263830
2024-01-16,365.61954474503744,369.3221559752673,352.14749407679585,357.277587890625,11079183
2024-01-17,352.41506348635994,359.06189013171456,347.9541133156465,350.22918701171875,8845319
2024-01-18,350.6753123839483,353.75337915917584,338.31850112342505,350.3630676269531,11680203
2024-01-19,354.1994982195304,369.0098605175314,353.4411311279718,367.8946228027344,16111152
2024-01-23,383.6417196869902,383.9093658097335,341.2626925122645,352.90576171875,28172910
2024-01-24,355.9838634190223,377.3518280164953,347.9987508297832,376.28118896484375,26232960
2024-01-25,379.1362094401042,379.76072619923644,369.50053962831095,373.8276672363281,12426317
2024-01-29,377.3518523527388,400.10270223398834,376.1473901488229,398.5859680175781,38320305
2024-01-30,401.48556952050495,404.7866839831111,393.23281059147234,396.9353942871094,18743455
2024-01-31,394.61566536063805,397.2922356268711,389.9762932356558,395.4632568359375,12612238
2024-02-01,398.8089325755617,401.0394075899664,392.07290892305076,397.6936950683594,12778899
2024-02-02,399.79035255520074,411.7456933522179,399.79035255520074,402.1992492675781,13316207
2024-02-05,405.76802433847683,414.4222787249081,399.52269398094325,408.7568664550781,15932526
2024-02-06,411.5672673752761,411.5672673752761,397.11380461375086,405.0542907714844,9403608
2024-02-07,402.37771287604943,419.2400993892172,402.37771287604943,418.4371337890625,11983832
2024-02-08,420.1769224716235,426.2884026417094,414.11001368636533,418.03564453125,14788511
2024-02-09,413.083975606717,413.083975606717,362.8982874255554,382.6156921386719,56589108
2024-02-12,382.74958260025306,388.3257711579491,368.4299412750831,378.4224548339844,30349202
2024-02-13,374.6306045852872,380.6975133919094,369.9020081098511,375.1659240722656,14073386
2024-02-14,371.1511071610065,390.73469209571147,366.7347549708619,387.745849609375,11114379
2024-02-15,389.9316938827564,391.1361560298764,383.6863628373011,388.50421142578125,6467934
2024-02-16,390.60082885253286,390.60082885253286,381.05441077774816,386.94287109375,8544311
2024-02-19,386.98742412455107,395.1955832621037,383.6417115240506,384.667724609375,5880131
2024-02-20,383.6332897998882,387.5010939338061,379.6755309872089,383.27349853515625,6734331
2024-02-21,383.1836288730925,386.78159721931877,369.6912475747442,370.9505310058594,7818084
2024-02-22,370.5906506801359,375.26801938729216,359.481920588375,373.8288269042969,12734235
2024-02-23,375.53796840584346,377.3369526856319,369.9161425315045,371.4002990722656,6086377
2024-02-26,370.4558301714968,374.63846298365115,364.878968121744,370.0960388183594,14668409
2024-02-27,366.3630381082539,369.6462054875393,354.5347251708377,361.14599609375,16060760
2024-02-28,361.01109683156415,361.1460151329579,348.46317324594656,350.35211181640625,11522019
2024-02-29,349.90241496319385,362.90008634491073,349.31775060820354,360.4264831542969,18634970
2024-03-01,361.14608600337215,374.0987670349731,361.14608600337215,371.7151184082031,10009056
2024-03-04,375.0431153139754,380.1252384712,369.2863458594546,379.1807556152344,10217240
2024-03-05,377.69667819581065,382.8687570983917,374.6384109434783,375.4029846191406,7545389
2024-03-06,382.19414208465247,388.85037733841796,372.3896848574544,381.56451416015625,19232334
2024-03-07,381.8343383362988,389.79484769980434,381.8343383362988,386.5566711425781,12256331
2024-03-11,386.5566593900943,390.28954543340853,381.69940842708814,389.0752258300781,16623737
2024-03-12,390.3795288606462,391.3239844826014,380.79994452959016,385.9270324707031,15842050
2024-03-13,386.64664851814416,386.7366032097962,352.9156979224642,357.6380310058594,18357786
2024-03-14,357.09832691147295,366.45303829767977,351.52146548587706,359.5719299316406,18459269
2024-03-15,359.5719263872762,360.69629138536027,333.0818760522893,342.7064514160156,29682116
2024-03-18,339.1533956559112,348.77796956139275,334.0712721246408,337.1745300292969,12079910
2024-03-19,337.3994502477317,338.9285701574083,323.9070704253776,326.1108093261719,15002148
2024-03-20,328.22461856545345,330.1135572167023,316.35134087962047,325.1663513183594,13037554
2024-03-21,331.55273621952443,349.4526204242965,331.0130355627828,347.8785095214844,22051088
2024-03-22,348.42245636843495,357.89561424907725,343.5725481114516,355.0400695800781,13733411
2024-03-26,349.51026963702,358.9834552156197,349.51026963702,358.0316162109375,10930109
2024-03-27,359.8899584548216,362.7455029700325,344.7056843890325,348.55841064453125,28752085
2024-03-28,348.6037680815469,357.3517461848051,348.6037680815469,353.7709655761719,12411711
2024-04-01,358.0768985896042,366.96082070383767,356.3091661255393,363.6973571777344,9276678
2024-04-02,365.2838086688584,370.26969001099985,358.39422164491657,369.45379638671875,8003458
2024-04-03,367.1421237074736,379.1082484350144,365.19310315163807,378.2470397949219,10346790
2024-04-04,380.8307055179815,386.9950571273263,373.4878562099962,376.2074279785156,14146848
2024-04-05,376.2074099288445,379.51621655547706,369.86174277341826,377.8391418457031,7609006
2024-04-08,379.8335223189581,381.14799306836665,370.9949141027055,371.9920959472656,9705827
2024-04-09,373.487792362566,375.6181287500432,362.9267959998589,365.1024475097656,8624425
2024-04-10,365.3291327416733,372.49066603911035,365.3291327416733,368.637939453125,6580214
2024-04-12,367.95804585983035,371.67479938668,364.422608179135,365.3291320800781,7368214
2024-04-15,358.0769383620351,362.47358478376685,351.36866707507085,355.719970703125,7965565
2024-04-16,351.91254318233956,362.065592940177,349.0116560144372,359.48199462890625,10543004
2024-04-18,361.0231804323873,369.1818963743621,356.30924459994617,358.48492431640625,7589176
2024-04-19,356.21860270937833,362.9721896420319,349.1023840592027,361.3857727050781,8788592
2024-04-22,364.60386641679673,370.0883240849764,362.836134023299,366.5528869628906,7457201
2024-04-23,368.68322628355287,368.81919931531803,360.84177358454326,361.79364013671875,7401920
2024-04-24,363.5160869882698,367.5501294435068,361.0231462420909,364.4679260253906,6066000
2024-04-25,362.88151287719484,369.8617581034462,361.70304285116435,369.00054931640625,7978814
2024-04-26,371.2214608043161,373.4877700888357,367.23276199654316,368.1846008300781,10419494
2024-04-29,371.4934477280337,377.3405373914147,368.1846413415477,376.66064453125,9486965
2024-04-30,380.19610603466924,405.62411721986564,377.5671923412661,400.2756042480469,53552269
2024-05-02,406.2586566419003,432.18524420813424,401.72603740531787,424.1171875,55752960
2024-05-03,426.97273667811993,440.117332605578,424.38913815249913,435.5393981933594,28996180
2024-05-06,413.8281043341514,415.9584407437715,377.61246836534104,396.8760986328125,66897875
2024-05-07,398.87042317757823,399.7769468666182,376.47927699232844,382.1450500488281,25818752
2024-05-08,381.6465221346579,403.8110402462099,381.6465221346579,399.68634033203125,29249669
2024-05-09,398.5078958948296,400.0943126558242,377.5671891167181,378.9722900390625,15867846
2024-05-10,383.45961921164326,385.54461316739554,369.58981426357093,378.6097106933594,14527463
2024-05-13,379.8335094291623,381.9185033075574,365.28381207904647,377.56719970703125,13617829
2024-05-14,380.46807042525944,386.3604754427372,377.65784096086446,382.1904602050781,12097891
2024-05-15,384.0034839288012,400.1395963648331,383.187618048761,395.7429504394531,29319985
2024-05-16,401.5901073792016,414.28144260111765,398.0093267327663,412.2870788574219,35263613
2024-05-17,414.55333705653925,425.43162303395025,411.56181947871596,424.34381103515625,16122079
2024-05-21,421.6242706178618,427.0634140074754,417.1823090493268,425.2503662109375,10578500
2024-05-22,427.3353721233551,427.3353721233551,415.18795707807135,421.1710205078125,8295209
2024-05-23,421.5336243949388,430.59886362923856,418.4514485882598,423.57330322265625,12732877
2024-05-24,425.61291702676044,452.7179726633207,421.8961639755468,445.6924133300781,33498606
2024-05-27,452.35540793235805,472.5708790244923,449.6358363415823,465.2280578613281,33290103
2024-05-28,469.1260991107503,472.5708787242458,453.533877600911,468.808837890625,21588367
2024-05-29,465.00141463822655,475.3357532128708,461.1033455285848,462.4178161621094,18529334
2024-05-30,462.3271523322576,467.7662953008724,450.58765769236595,453.66986083984375,14291676
2024-05-31,457.7945576770128,464.36685578227684,434.6781988240151,446.4176940917969,31653901
2024-06-03,485.80609602671296,506.7467723589946,471.39234638046,502.9393615722656,44287988
2024-06-04,493.9649284617396,493.9649284617396,377.20462569050324,386.8591003417969,108815947
2024-06-05,403.13114510436986,408.70626094385494,358.25821698451136,405.35211181640625,52169722
2024-06-06,412.4683332465341,444.9672173441059,411.5618094372011,428.15118408203125,48961426
2024-06-07,428.785763693024,440.25328439834357,417.9527930580708,438.3495788574219,32944221
2024-06-10,440.5706285955368,449.3639217548704,432.411913251175,440.3893127441406,20853211
2024-06-11,440.3892834971319,443.1995130176517,431.59601858668884,440.9785461425781,20122639
2024-06-12,441.47705888066196,451.6754508979257,438.80280279683814,446.05499267578125,23440337
2024-06-13,450.0890598767564,458.5650628112444,446.55362264333496,456.48004150390625,22583735
2024-06-14,458.79180536590707,464.00431840490984,453.5339495276148,462.37255859375,13048015
2024-06-18,464.5934637868892,464.68409403813763,457.3412731326548,460.2874755859375,12494967
2024-06-19,461.3753236442073,464.0495523976635,448.1853850528963,452.58203125,8911856
2024-06-20,448.7292999875673,448.7292999875673,433.1370789018324,436.3552551269531,25848843
2024-06-21,441.47710371661464,447.2335355506247,436.03796075501367,437.2164306640625,14067512
2024-06-24,436.0379768813469,443.6981145682005,428.42318198646393,442.1570129394531,14749233
2024-06-25,442.38363717786666,444.6952619209254,435.13144640445904,438.485595703125,13567964
2024-06-26,436.53654357089533,440.8878745967078,434.3608918904452,435.1767578125,10636903
2024-06-27,433.31836853504427,445.7830705588034,431.91326773651195,434.90478515625,15956471
2024-06-28,436.03791634459435,442.9275022605676,434.90476167633915,439.7546691894531,8405233
2024-07-01,446.961573918108,455.98149730653836,441.0691688833317,454.39508056640625,16866460
2024-07-02,455.34695669857064,459.4263143631942,449.27326299685774,455.66424560546875,26068619
2024-07-03,465.4999726746846,483.4038177775571,462.78040126665337,481.4094543457031,33571765
2024-07-04,486.62202714788475,493.82890334760634,481.09225339102255,483.7665100097656,17103459
2024-07-05,484.0837633117762,489.02432964000616,479.8684050386469,484.3103942871094,10395660
2024-07-08,487.7098554651972,507.426750179636,486.25943936526147,498.36151123046875,20739673
2024-07-09,500.854399373706,504.4804945727916,490.92795270024465,498.7240905761719,13179449
2024-07-10,500.401201678641,514.5429526376275,484.9902951052046,508.37860107421875,23340064
2024-07-11,512.9564631799489,520.1633383587158,507.4720053298808,517.262451171875,10824586
2024-07-12,519.9820969153682,525.7838721189571,496.8204218905764,503.25677490234375,13831121
2024-07-15,508.4692120991487,513.4097224534439,501.7155988487385,505.84027099609375,12094299
2024-07-16,506.7467441899983,509.14905410744046,494.9619361855797,498.1800842285156,7358534
2024-07-18,496.7751072852306,504.7978218311718,484.1290875575331,496.4124755859375,12703877
2024-07-19,493.1488895249974,500.4010790768356,482.2706051972401,483.81170654296875,10053221
2024-07-22,478.64465635277827,496.50318963493737,477.0129242720875,493.69293212890625,8561902
2024-07-23,495.4152673929798,500.26514769573026,457.7945288809786,474.61053466796875,22524978
2024-07-24,474.61052417669663,487.02991129618874,471.4376908783501,476.015625,9022966
2024-07-25,472.29892638338123,478.01001557886593,466.6331523144827,475.9703369140625,6448853
2024-07-26,482.7107299402146,493.09451051794537,474.6495778712212,490.9084777832031,9126406
2024-07-29,490.9540559869656,505.3911799224209,489.1323340723572,503.5694580078125,11024457
2024-07-30,504.4347805478733,512.3592818933992,498.46865247317817,505.25457763671875,10069484
2024-07-31,505.7554742003139,508.89795517242374,501.8843156854984,507.16729736328125,6337213
2024-08-01,502.84068472688034,509.62660868710714,493.23111457384897,494.46075439453125,10651189
2024-08-02,487.3105167415274,491.68263736161083,478.52068798678886,479.3860168457031,11584967
2024-08-05,460.0758834185509,477.4278016475288,446.95949095549275,453.654296875,23854293
2024-08-06,460.8955946662959,480.5701669834068,429.3342714605574,431.7935791015625,27196447
2024-08-07,450.4207205457506,456.9789302246772,435.39151551237364,448.553466796875,24072515
2024-08-08,450.8761102889103,458.5273356919355,442.9971696786685,448.2801513671875,13999802
2024-08-09,455.066098655349,463.49156174809724,450.921664996231,456.0224914550781,10489233
2024-08-12,455.3393260352209,458.57289867909617,446.95942302830184,452.3790283203125,5783366
2024-08-13,447.2326772986584,453.5176116034835,438.1240687997041,439.6269836425781,10669859
2024-08-14,441.76753734381265,444.72783527446705,436.16574835756654,441.44873046875,7413761
2024-08-16,449.5098207593851,460.1213438966832,445.45647893656906,459.30157470703125,10378455
2024-08-19,461.80646265529697,467.226095969074,458.299642734457,459.939208984375,5700618
2024-08-20,463.5370570663396,476.06142090429046,459.2104682522848,474.74066162109375,12169319
2024-08-21,474.74069145994156,477.5643378887761,465.99642164247973,469.6854248046875,7836483
2024-08-22,472.5545913682612,472.7823065776324,468.4101856766116,471.3704833984375,4109631
2024-08-23,474.1030813921849,476.38023356025496,467.72705532158875,468.9111633300781,5850297
2024-08-26,473.7842635224457,475.0594352754042,465.90529542841483,468.54681396484375,4077934
2024-08-27,469.09342855780795,490.04323216330226,466.5885607354119,488.63140869140625,19377943
2024-08-28,490.4985560389321,496.8745818370241,484.1680621633485,491.18170166015625,11607989
2024-08-29,497.33003941278116,506.89407863225773,492.27477265853645,505.0268249511719,19514561
2024-08-30,508.32519926215855,513.0896140052447,501.27020588512045,503.5149841308594,10222982
2024-09-02,506.3094873240725,507.6380341383882,494.85659396330055,501.3160705566406,5741792
2024-09-03,501.17868857794474,514.7389051648728,494.9025244445789,512.0360107421875,9786096
2024-09-04,502.5529623704459,509.79121336786795,500.2623836905442,508.7833251953125,6377748
2024-09-05,510.3410080919552,518.9536076172005,508.8292035626033,511.4862976074219,8554799
2024-09-06,508.50855169380117,512.0360210798581,496.1852251574743,499.62109375,9565966
2024-09-09,495.68125081743517,498.84226073632,470.2100258231132,479.7388000488281,20183113
2024-09-10,484.22831808978066,484.22831808978066,465.94948959993894,467.9652099609375,14833993
2024-09-11,468.19429600042605,472.3173377460267,457.47437627739794,459.3984680175781,7623569
2024-09-12,463.109226076804,466.7741521022652,452.61836414445474,463.88800048828125,12346929
2024-09-13,467.9194582316118,468.46917478617155,455.3670749607029,457.65765380859375,7734239
2024-09-16,460.8644439038984,461.04770138812796,447.3958296868527,449.91546630859375,7632924
2024-09-17,448.9534251608048,449.3657405112351,436.9049867920898,442.035888671875,14392518
2024-09-18,448.0371703552592,458.57383182578167,445.6091626521108,450.8316650390625,15330542
2024-09-19,454.2217680666661,459.03198346222837,423.94032804668825,440.4324951171875,15783626
2024-09-20,443.1811547406369,447.39579695793327,436.81333510524,441.53192138671875,13890094
2024-09-23,444.37224094571684,453.07643947970513,441.99003364944514,450.0528869628906,6327029
2024-09-24,448.953454201086,452.2060649807289,445.3343284368347,448.90765380859375,8389458
2024-09-25,449.8696543739967,450.19034098258606,440.1575951435469,442.9521179199219,9526068
2024-09-26,444.3722722672238,444.3722722672238,435.3473865062645,440.20343017578125,8617212
2024-09-27,438.69159623756246,454.4049875857916,438.50836672878813,452.48089599609375,11361968
2024-09-30,450.7858734593172,457.06206448487603,445.3801134958388,447.166748046875,8142211
2024-10-01,448.9534366986318,462.74270964133746,448.03720519516514,452.7099914550781,12786542
2024-10-03,446.98351787217257,450.5568149301226,425.58950795128,428.3840026855469,19202233
2024-10-04,428.3839827658949,430.30807431106473,419.31329743713826,424.53582763671875,11408576
2024-10-07,427.88010609389397,430.4455430830098,400.39316137694146,401.9049377441406,16775124
2024-10-08,399.93507522089953,429.7126008673582,396.1785202394203,426.82647705078125,18224193
2024-10-09,428.2924326836992,437.5005482209509,428.2924326836992,431.3617858886719,9023720
2024-10-10,435.1641608003246,441.0280367904505,431.5450352017458,432.41546630859375,7209670
2024-10-11,430.26231012497897,433.01100457471966,423.9861188725045,428.6589050292969,5568364
2024-10-14,430.5830066947871,438.829090234723,427.6968550868763,433.92724609375,5758201
2024-10-15,437.9586438327543,441.62356972256816,434.2937179429405,436.8133544921875,6280066
2024-10-16,436.9507868076164,442.7230619028712,436.446870678558,439.0581359863281,5929705
2024-10-17,439.79107762119304,440.6615086467838,428.2923845886877,430.1248474121094,5208293
2024-10-18,429.52927521812353,434.0646318968143,418.99261396891325,433.10260009765625,7642993
2024-10-21,433.83560116305546,434.7060322442585,421.5581050539476,425.0856018066406,4850471
2024-10-22,423.2989000220259,426.2308516395441,404.10384131491696,405.34075927734375,10178704
2024-10-23,404.97430515335964,408.8682888567573,390.81851791771845,401.63006591796875,10169698
2024-10-24,400.3931679017047,417.52670823894454,399.52273678701704,415.1445007324219,9477665
2024-10-25,415.9691069606617,419.63403301317857,394.8957821586899,401.4010314941406,8904455
2024-10-28,404.0580610052252,419.6339953296897,403.59994528979985,412.8996887207031,11251735
2024-10-29,415.05286634813075,434.29372770201763,408.8225033799101,432.59869384765625,13329768
2024-10-30,432.5986977414263,434.5227894863667,423.98612722154184,424.81072998046875,9061400
2024-10-31,425.49790960680133,426.91808523052663,411.5253790151018,416.83953857421875,6917895
2024-11-01,421.4665095342669,422.1536831911163,417.89321211088384,420.64190673828125,901996
2024-11-04,424.2151823889652,424.2151823889652,405.7989237383773,413.2662048339844,9325508
2024-11-05,412.30418824167964,425.9102320458885,400.0724917316097,422.8408508300781,9875420
2024-11-06,425.13139222689756,430.07903645799485,420.8709215823739,428.3840026855469,7221536
2024-11-07,428.33825429280597,430.07908866454306,421.97043376644564,423.2989807128906,5072697
2024-11-08,423.20728728056804,423.3905447490227,410.1051891598138,411.75439453125,5816760
2024-11-11,416.1981505340877,448.40368152143225,416.1981505340877,441.48614501953125,29014155
2024-11-12,444.37231746303837,445.88409398176134,426.50580160627703,428.017578125,12030749
2024-11-13,429.80420944554953,432.4612752478474,415.3277347262308,422.7950439453125,12532360
2024-11-14,424.3526441046376,428.4756861507046,413.9534102406572,416.6105041503906,8930823
2024-11-18,423.25312645956336,429.16280249274524,417.93896731118895,420.7334899902344,9440643
2024-11-19,430.62878058838595,439.33297934495965,427.92588663214184,431.9114990234375,16795032
2024-11-21,431.49921433473355,431.49921433473355,396.54496200469595,415.37353515625,29932392
2024-11-22,420.09215781587756,439.3330200059177,416.5188604299607,437.9128723144531,16196571
2024-11-25,452.26534105659397,466.4332507415476,443.03543613707166,444.419921875,22624407
2024-11-26,447.6503880627631,454.3882073790021,445.06602595535395,447.0965881347656,8322135
2024-11-27,450.00400647684444,456.74185401935193,444.696811108109,453.2806396484375,6332307
2024-11-28,454.48051547825236,462.5105440759982,453.4652202971966,455.9573059082031,9185839
2024-11-29,457.5264147890959,460.9414628332218,452.72685278918846,457.1571960449219,7808841
2024-12-02,455.95730690852713,459.1416353998622,452.2653449092678,457.5725402832031,5868905
2024-12-03,458.5417174462147,465.4180086626931,456.095797996993,462.5567321777344,6421930
2024-12-04,464.17189036380387,476.90917543837907,463.80269981833067,470.7251281738281,10064890
2024-12-05,472.5250201863054,474.5556106497297,462.7874530483227,472.7557678222656,6481631
2024-12-06,475.2479242195323,483.5548403492084,472.57122871046226,474.18646240234375,10442708
2024-12-09,475.34009232433874,481.7548873615145,474.41710185380606,475.6631164550781,8490785
2024-12-10,477.8321879458919,480.9703218110095,474.27864075842666,477.3245544433594,5999627
2024-12-11,477.18610273513644,479.95507431773876,471.8789072018153,473.494140625,5559349
2024-12-12,474.7863470046524,474.7863470046524,468.04849929424535,468.6484375,3709754
2024-12-13,467.9561926747645,468.2792449895852,452.7268491261775,465.41796875,4617836
2024-12-16,466.84858787028907,473.77101668311917,466.2025114148859,468.0484924316406,3621956
2024-12-17,467.49469187624385,473.7248777995699,458.3109250630337,460.0184631347656,7148005
2024-12-18,458.08014879900634,460.01843437635466,445.8043870881889,449.5886535644531,5353446
2024-12-19,442.9431439786739,446.49666310665316,433.5747958539542,443.4508056640625,6612923
2024-12-20,443.95845085148284,445.34293666494904,416.2687345821596,418.3916015625,18725117
2024-12-23,424.52951297742953,425.03714651084806,414.60736460611224,421.3451843261719,5194191
2024-12-24,423.0065488555614,424.391034651293,406.1158334146098,416.4533386230469,3378648
2024-12-26,418.11469530248667,428.4983383977471,416.8686524975685,427.5753479003906,5751347
2024-12-27,429.19059252507327,430.80582593780207,416.0841158519571,417.23785400390625,3933285
2024-12-30,418.9915610818178,420.4221851319777,402.423869851904,406.53118896484375,31939693
2024-12-31,407.7772250693155,415.2534543658267,407.2234532578559,413.9612731933594,6078911
2025-01-01,415.34573700804106,415.76109401202325,409.3924368439516,413.7766418457031,2624150
2025-01-02,413.9612848634343,425.1294767775184,412.576798960881,423.9757385253906,7550076
2025-01-03,427.8060746068137,438.282021873067,424.8524938927168,429.0059509277344,12857999
2025-01-06,432.2364788574958,432.2364788574958,409.3924619226663,412.11529541015625,6541592
2025-01-07,414.2843068246916,417.00711199956504,408.5156159871177,411.9306640625,4817004
2025-01-08,411.93062425581104,413.40741460100827,397.0705006281692,401.4085388183594,7504204
2025-01-09,401.9623506974816,403.25453172524965,387.8867459945273,389.4558410644531,6771171
2025-01-10,388.5789823135465,389.87116331958225,370.48836372674504,373.07275390625,9418630
2025-01-13,366.519470973026,376.90311233557907,357.19726287182567,359.32012939453125,11102746
2025-01-14,364.9966301071707,387.10223723306524,363.28909192885,385.2562561035156,16819358
2025-01-15,391.6248536612437,399.51643925163194,387.1483723184487,394.62457275390625,11942821
2025-01-16,401.03937033978735,406.8080609373102,399.3779987146746,401.87005615234375,11304640
2025-01-17,402.37775845442235,405.192868483288,396.7013437993512,400.0702819824219,5109364
2025-01-20,403.2545471191406,407.9618043411797,397.99351812651395,403.2545471191406,4692710
2025-01-21,403.3007128146838,405.6081890794035,392.82476493936935,394.9476318359375,5673560
2025-01-22,394.11697287396566,395.03996344275714,380.5951666746577,388.2098388671875,7990557
2025-01-23,386.40997245181296,391.20953438412454,383.5025579707205,388.80975341796875,5201731
2025-01-24,388.8558819845689,391.07108169345986,375.7494339332804,376.9493103027344,5521223
2025-01-27,373.07281701245535,373.71889354104206,357.19736720311926,359.689453125,6919950
2025-01-28,369.19622774778065,369.88847067480776,350.413364027625,356.597412109375,12499818
2025-01-29,357.6588137494113,372.70354742209025,356.0435803969946,368.3655090332031,8257720
2025-01-30,371.9651767666299,384.84090569091035,370.6729956818209,381.8411865234375,12173193
2025-01-31,383.82558951601607,391.71714670448483,375.7032565444576,389.9634704589844,7617498
2025-02-01,392.2709897574833,398.3165666855945,370.81145914133856,372.934326171875,10136985
2025-02-03,369.19622944718026,369.19622944718026,349.0750462092837,355.5359802246094,12764889
2025-02-04,365.5042533638454,374.54954937708743,362.08917710331997,373.9034729003906,10384731
2025-02-05,375.6110063707743,382.9487641627204,375.0572064208791,380.8258972167969,7661250
2025-02-06,382.9025839682102,385.25619828820487,370.58065614412817,374.3187561035156,9100754
2025-02-07,372.8881670985117,387.4714059309349,367.3502240227912,378.1030578613281,16988216
2025-02-10,377.1800620161862,380.36439050667985,363.51981388950986,366.0118713378906,7130175
2025-02-11,367.3963397774999,369.0577394989122,345.1984305756387,346.5829162597656,13932310
2025-02-12,346.99828320556924,354.6590929442887,334.35330232678876,345.05999755859375,18493994
2025-02-13,347.96740309934773,360.24316493906224,347.13671731959994,354.88983154296875,15685551
2025-02-14,356.04355209086924,359.64320907087443,339.52202931884284,342.7063293457031,9111445
2025-02-17,342.33718954418634,349.62880925958996,329.73837416345077,343.675537109375,9524354
2025-02-18,345.1984305756387,347.8750972647974,333.43030226056015,346.5829162597656,9358375
2025-02-19,345.0600439358451,355.8590171333831,341.0450291633572,354.84375,10253709
2025-02-20,352.58235125739117,364.4889224072039,349.62877055580105,361.5353698730469,8995688
2025-02-21,361.5354343508559,366.38113506872764,355.39752424093444,359.689453125,6385575
2025-02-24,353.96685102360425,357.6588129638765,351.56707012894043,353.3669128417969,8201863
2025-02-25,355.582112457132,357.6127029516359,351.7055408466922,352.5362548828125,6037957
2025-02-27,352.5824153375324,357.75116842099436,347.9674622571982,348.9827575683594,9653923
2025-02-28,347.95794806599974,349.44853666217745,335.98669838349673,339.3870849609375,23690515
2025-03-03,342.46143900758767,355.8766798933613,338.64181450585556,353.7339782714844,11923586
2025-03-04,349.16907643000536,360.44161670099317,346.0947601881978,357.0877990722656,9721898
2025-03-05,355.4108960747493,370.782533781783,355.4108960747493,368.6864013671875,10048929
2025-03-06,377.30379171600623,380.8439146857881,372.73888732951525,378.00250244140625,7589546
2025-03-07,376.8380154216101,380.09866574046214,370.78252197231353,373.6705322265625,8363854
2025-03-10,373.1115608481418,379.1670543450529,366.1244529670904,367.2889709472656,7710492
2025-03-11,361.46633404492627,374.18286304878666,358.3920183492628,372.08673095703125,5838218
2025-03-12,374.5089392002176,376.2324312980822,362.3047864904066,369.0124206542969,6139396
2025-03-13,369.8974467928986,371.71410605186315,361.28001450974136,361.79241943359375,7418570
2025-03-17,361.7924552639906,369.2453704091507,359.9292264777005,363.0501403808594,6963936
2025-03-18,363.0501403808594,363.0501403808594,363.0501403808594,363.0501403808594,0
2025-03-19,376.91593546318944,381.4751898073528,374.80080682128215,379.6890869140625,6805771
2025-03-20,381.6632590285118,386.3165540806459,374.2368121890104,378.2320556640625,5519039
2025-03-21,376.9629986701879,386.31658081075517,376.02294131689564,383.3553771972656,7418546
2025-03-24,387.0215758558507,402.7205144970423,386.4575357761313,399.9943542480469,11643524
2025-03-25,404.22460311498395,406.9037719197953,392.0038592998798,394.1189880371094,7814328
2025-03-26,396.7041518180002,398.0202262048609,384.1543820358668,385.89349365234375,5336807
2025-03-27,385.42349917305336,397.87925859754836,384.5774533271573,395.7641296386719,7153843
2025-03-28,395.7171269965526,402.767556659005,387.86764290136796,389.4187316894531,8470283
2025-04-01,385.4234847348017,392.66193726488586,377.6210207874302,380.4411926269531,6298784
2025-04-02,383.54336574573813,391.4868611439669,374.98883886032354,390.9228210449219,6384707
2025-04-03,385.4234541146654,398.91328074633253,385.4234541146654,396.0931091308594,5378877
2025-04-04,395.764084010237,397.31517266359714,379.26609150839585,382.4622802734375,6089301
2025-04-07,351.5814051110707,372.92071577360144,349.60727918429035,371.3695983886719,11041175
2025-04-08,376.0229150991838,388.525665550923,371.4166401268732,374.6598205566406,12900567
2025-04-09,375.92891239658985,375.92891239658985,365.68229345891734,370.2415771484375,6339983
2025-04-11,376.9629195624415,381.05217392876494,374.2367595476485,376.7279052734375,5867624
2025-04-15,386.55152324108724,401.4044151847957,383.26132311662167,400.04132080078125,9433755
2025-04-16,400.4644082794091,404.60065464604907,395.29409314904115,398.3962707519531,5962450
2025-04-17,397.6442250472889,400.9344254909426,392.00388142959685,398.3022766113281,6171410
2025-04-21,399.5243315163861,412.59112156244436,398.6782857284761,410.0999755859375,7625622
2025-04-22,410.0999748455472,417.47942998729883,404.74163705134015,411.8860778808594,8222555
2025-04-23,413.3432084124743,414.56527143345454,398.11426859879367,407.1388244628906,7558664
2025-04-24,406.6217950204785,410.2880416338729,402.7675828384359,408.17291259765625,6093751
2025-04-25,407.98484201665866,410.523008039075,386.12851119433765,390.1707458496094,8782826
2025-04-28,390.1707132340903,400.0883334965249,387.5855560410995,394.4009704589844,6646961
2025-04-29,395.43508787566236,402.2505031346581,388.14964397811525,388.71368408203125,5520460
2025-04-30,388.7136948869872,390.26478369966776,380.7232078095038,382.9793395996094,5430500
2025-05-02,382.6033128952788,391.5338570537681,379.50113534711215,380.4411926269531,5838633
2025-05-05,385.6114747671743,388.9486663505847,382.60328025302226,385.7994689941406,3849153
2025-05-06,385.79946629434386,387.20955208393445,369.81849401231665,371.6986083984375,5473528
2025-05-07,369.81847680422305,381.38119695380044,368.6904254380014,380.0650939941406,5827411
2025-05-08,381.1932088417316,385.04744924338337,363.8021499919855,366.9043273925781,8406346
2025-05-09,364.17818283725705,368.173426258639,358.25583347616407,362.7680969238281,8952332
2025-05-12,376.96293605411967,390.1237368141139,376.02287885697723,389.1366882324219,6534063
2025-05-13,387.3035731135959,391.34580766835717,384.5303928502174,387.6325988769531,5902455
2025-05-14,388.4786814208683,394.58905390540707,378.98409689954593,381.1932373046875,12063302
2025-05-15,381.00517595067066,384.43640771970416,377.47996141120007,382.6972961425781,9174908
2025-05-16,383.54333518009423,397.8322160052484,383.07330658305983,392.7088928222656,13040115
2025-05-19,393.8840290569268,399.0543444741418,392.94397170834225,394.0720520019531,6144525
2025-05-20,395.0120643899716,397.1741845703125,380.7701742293193,381.89825439453125,7787229
2025-05-21,382.60333168827793,395.7171428615023,377.66803072669694,387.961669921875,16780984
2025-05-22,388.2435937667585,388.9956279936634,378.843022489113,382.22723388671875,11486658
2025-05-23,382.6973113618078,385.14146594402786,378.37304228376775,381.4752197265625,6801449
2025-05-26,383.54336292613635,389.7007265174118,382.79132859178566,387.77362060546875,4774997
2025-05-27,387.6325731014571,389.74770169747643,383.8253244156618,388.3376159667969,5189625
2025-05-28,388.3376560242192,392.70891650257215,385.70547850914505,387.0685729980469,3574669
2025-05-29,389.18371272058266,390.17076138623213,384.01339769651696,388.71368408203125,3763771
2025-05-30,387.30357618343476,390.96979361839095,380.25314700533823,381.6162414550781,10039873
2025-06-02,381.66327172438145,387.0216099209441,379.8771685549514,384.8124694824219,4041431
2025-06-03,385.42347532755906,390.78181316717735,380.7231890430767,382.83831787109375,4671387
2025-06-04,383.54332011055686,385.3294229714574,378.137991457038,380.5351257324219,4366667
2025-06-05,382.60329504558075,387.1625783777583,382.13326642758864,383.4493408203125,3695619
2025-06-06,383.44934519852586,396.2341294915417,379.9711505986324,393.3199462890625,11031104
2025-06-09,397.5502034245867,406.668770182169,396.04610609398014,405.1646728515625,9586201
2025-06-10,408.5018927486576,408.5018927486576,402.06252312319873,405.5877380371094,4964863
2025-06-11,405.587744127794,410.05301641913553,399.94740018083627,402.95556640625,4662364
2025-06-12,401.4044403057821,403.4725777030403,388.9486819122186,390.82879638671875,7636464
2025-06-13,378.83090341489026,385.4911359452501,378.83090341489026,383.9796142578125,7340189
2025-06-16,384.16857400110797,385.68012465254395,375.241029320269,384.0740966796875,4875821
2025-06-17,384.0741012531028,388.79767907606765,379.9646116114682,380.8148498535156,4437622
2025-06-18,380.72031140305234,383.5544576417847,372.40682730160785,375.0992431640625,4637176
2025-06-19,373.4459771400115,376.79973402791063,367.11640140992466,368.7696533203125,5562987
2025-06-20,376.4691153595076,392.0569206378812,375.3826983334642,386.43585205078125,40786410
2025-06-23,381.94846567482153,391.3011722028038,381.1927048058911,388.18359375,5128511
2025-06-24,393.94634586499,397.53625307211615,390.0730067222942,390.82879638671875,5682297
2025-06-25,394.84389008211394,394.84389008211394,387.852971692324,390.07305908203125,5208380
2025-06-26,392.0569668235983,397.72526031984313,390.73437077389417,397.0167236328125,4936949
2025-06-27,400.55934585021015,404.1492529836779,396.1664248280798,398.2447814941406,5893639
2025-06-30,400.9372463651644,406.1331815365166,398.9533380791078,403.7713928222656,8309295
2025-07-01,405.89699148859296,405.89699148859296,395.0327637021882,400.22869873046875,5986456
2025-07-02,399.61464839395046,401.6457809116638,393.4739977685115,395.2689514160156,5958682
2025-07-03,396.3081418060617,399.09506398978937,391.91522061291454,392.4820556640625,4471741
2025-07-04,392.718281765567,396.4498910427756,389.41177720502606,390.4037170410156,4544818
2025-07-07,390.78152912273725,391.7734976155618,387.09714473756816,388.7503967285156,3269596
2025-07-08,388.7503957544072,397.67796801532427,388.3252622827724,396.5915222167969,4918959
2025-07-09,396.78048645786583,398.4809627248,392.34031233914254,394.6548767089844,3945567
2025-07-10,402.21261008747877,408.5422152487424,398.9533301940584,405.70806884765625,26178377
2025-07-11,407.9281376913103,414.1160414587983,404.0548272405624,407.1251525878906,14700458
2025-07-14,406.08594478877956,408.11707725439993,397.81968454346475,401.6930236816406,4986863
2025-07-15,401.69301857030973,406.65277465438834,400.2759454034301,401.5985412597656,3974226
2025-07-16,401.5040754920262,403.2990291222578,398.33927289559165,400.32318115234375,3701435
2025-07-17,400.323152436272,401.3623451467345,397.01664852234404,400.65380859375,4052726
2025-07-18,400.65383311085094,403.251800630771,394.98554034011624,397.20562744140625,5218834
2025-07-21,395.8829856510233,397.347311851878,391.34836316224346,396.5915222167969,4051980
2025-07-22,396.9694642983652,400.27596854558476,391.25391822991384,391.7735290527344,3407343
2025-07-23,393.7101666966758,396.7804919318628,388.5614559239603,395.97747802734375,3652329
2025-07-24,395.9775292875618,399.9453462526948,393.2378598737469,398.8116760253906,2781973
2025-07-25,398.81166127809865,399.99255570852677,390.8288322266628,392.15142822265625,4213376
2025-07-28,391.9152476338086,393.9463802792341,382.04295870614965,382.7514953613281,3493261
2025-07-29,380.72036363039064,388.75044574170164,379.1615887513399,387.90020751953125,4343591
2025-07-30,387.99468506261445,391.3011894632878,386.01077665612434,389.1283264160156,2147122
2025-07-31,384.1212998364223,389.78959241985075,381.05097468706515,387.2861022949219,3924392
2025-08-01,385.5383866697369,386.57757944634443,380.72033203668576,381.5233459472656,2424645
2025-08-04,381.6650614850831,391.49009690574195,380.814823302316,390.87603759765625,3031304
2025-08-05,392.05693532074235,393.4740085809378,387.9946701736871,390.6398620605469,3014252
2025-08-06,390.68708676254346,396.5915586869588,383.0821384560682,392.7654724121094,10816716
2025-08-07,393.7573934670848,393.7573934670848,381.2871666530811,386.3414001464844,8387797
2025-08-08,386.3886627252118,387.00272207103615,381.14550291722543,382.2791442871094,6103086
2025-08-11,383.46002607188115,396.6860434301752,383.0349213836225,395.6468505859375,9713008
2025-08-12,395.8358114702337,401.40962739310794,391.63181578282877,392.71826171875,6429327
2025-08-13,393.9463401260239,396.44983028639876,392.2930880991161,394.6548767089844,3883695
2025-08-14,395.8358184338188,396.5915793473435,391.01776332641407,393.4740295410156,3680607
2025-08-18,400.14625773065563,400.14625773065563,388.42211711939757,389.5659484863281,6119780
2025-08-19,390.3761401834602,393.8076052773812,387.46894326558925,390.8050842285156,5315976
2025-08-20,390.7574355547362,392.0442095084251,384.1328011695026,384.5140686035156,7517853
2025-08-21,385.8008595930644,389.0416763141881,380.606000064305,381.51153564453125,6814781
2025-08-22,381.51154697443997,383.8468572735299,375.93541985798237,381.1302795410156,6199157
2025-08-25,381.13031680894267,382.46476750083417,379.74818950268576,380.6060485839844,3576487
2025-08-26,379.7481741312514,380.79668144988307,369.50145491826953,370.35931396484375,8672494
2025-08-28,370.64526097989534,371.45547244736844,363.16276769132185,363.8776550292969,6429323
2025-08-29,363.87765879468026,365.64105339770094,358.39685581348994,361.92364501953125,7398515
2025-09-01,362.20961217174704,372.69462726092917,361.9713163742656,371.3125,3520775
2025-09-02,373.5524771270905,377.22223813582013,370.0257168644069,374.2673645019531,4362539
2025-09-03,374.267371969892,377.3175697990378,373.3618653969698,375.8401184082031,3271472
2025-09-04,378.4136967870986,379.3192323822008,371.0265276432699,371.7890625,2108026
2025-09-05,372.21801637441416,377.7464669539139,372.21801637441416,375.9354248046875,2886182
2025-09-08,376.7933012497702,380.1771190085217,375.07758315296826,376.65032958984375,2699778
2025-09-09,376.1737162285299,379.0332656169472,374.12437831793227,374.5056457519531,2829816
2025-09-10,375.60176714438126,382.17875342415977,375.5541196276794,379.3668518066406,4562765
2025-09-11,379.3669075331485,383.8945276607426,378.89031594077017,380.8443298339844,2141209
2025-09-12,381.2732362004946,382.2264192909958,376.31667249435236,377.174560546875,2713735
2025-09-15,377.2222586789416,385.80090764447664,377.2222586789416,383.03668212890625,4377204
2025-09-16,383.65621135140367,385.3242818355402,381.89281673611976,384.1804504394531,3484057
2025-09-17,385.3242716679712,387.5642577910446,383.89449700501024,385.8485107421875,5034405
2025-09-18,386.9923459221335,392.37782472126213,386.7540501426248,388.8987121582031,4572862
2025-09-19,387.9455750221049,391.2340688046357,387.9455750221049,389.947265625,4772377
2025-09-22,388.89877278060476,392.42556250263345,388.0409136584165,389.708984375,3096650
2025-09-23,389.94719095363,395.5709651219332,389.94719095363,393.56927490234375,4410834
2025-09-24,392.7114163677945,395.33266975374465,390.42378286691485,391.4722900390625,2610791
2025-09-25,391.7582411576746,393.5692831700762,385.0859596781035,386.42041015625,2866572
2025-09-26,386.03919884326626,387.5166211786107,376.50736677306213,378.6996765136719,4214115
2025-09-29,380.3200692057111,388.5650974697209,379.8434776402904,387.4212951660156,3646754
2025-09-30,387.13530896370463,391.85357692859736,385.562562671687,391.0433654785156,4126060
2025-10-01,390.80509031577736,406.4372881106402,389.23234394081135,391.9012451171875,13392846
2025-10-03,391.7582986413681,395.0467923457927,387.373650065083,392.9021301269531,6422810
2025-10-06,391.13867948049597,394.52246775114463,384.8000178683694,386.8970031738281,3131710
2025-10-07,387.4212674391384,390.32846414460676,386.89699930139193,389.6612243652344,1919745
2025-10-08,390.32852542877197,390.32852542877197,379.70053842961556,381.2732849121094,4838089
2025-10-09,381.65452585858236,384.7047235614623,379.46221625821573,383.51324462890625,2638307
2025-10-10,385.84849963790765,389.7565560886328,384.13278172726694,384.9429931640625,2216904
2025-10-13,383.17964208809275,385.3719517878857,381.749867304182,384.2281494140625,2604983
2025-10-14,384.13276703034217,385.467217475211,377.0315417114917,379.3668518066406,6584385
2025-10-15,380.79664702238864,388.13616850040853,379.8434639259621,386.0391540527344,5923684
2025-10-16,386.9923479194011,389.327658206175,382.0357840445031,382.75067138671875,4441896
2025-10-17,382.70302852602526,382.70302852602526,375.07756344954157,377.88946533203125,7566342
2025-10-20,380.22472032925066,382.2264105915126,377.93708678188216,379.3192138671875,4927347
2025-10-21,382.22647350994646,382.7030651228018,378.366093081356,379.7958679199219,661678
2025-10-23,384.1328064806223,384.8953413591914,377.07925704291506,378.0324401855469,7783176
2025-10-24,377.8417831821804,378.842642912099,373.838431529027,375.1728820800781,3294561
2025-10-27,377.4605004190881,380.7966412056204,375.6494583813098,378.318359375,3263341
2025-10-28,378.4137325077862,383.0843243960331,374.83929548787637,376.1260986328125,5914973
2025-10-29,377.6511410472404,391.758238738543,374.83923937696363,389.6612243652344,10111788
2025-10-30,391.42462301749816,391.8535670357827,383.9421300784426,386.0867919921875,5311440
2025-10-31,386.08684238698623,389.6136318521328,383.65623686968434,384.3711242675781,4200882
2025-11-03,384.3710969518658,387.9455336873141,382.79835060603676,384.5140686035156,3659563
2025-11-04,383.6562264253257,387.08769165956903,377.07926836151705,377.65118408203125,5105933
2025-11-06,377.65120421204375,379.31927485063255,367.4044845749982,368.0240478515625,6401150
2025-11-07,368.0240339502805,376.22141516804794,356.6811598540969,362.4479064941406,16021457
2025-11-10,360.3032261602544,363.78233879615004,356.7764369141547,359.635986328125,7558172
2025-11-11,360.35089215271176,360.6845120858774,352.2011875406901,357.4436950683594,8888268
2025-11-12,358.3968540791343,362.6385306100219,356.15686792337164,357.7296142578125,5333409
2025-11-13,357.4436764900971,359.77898681203544,354.77477534117406,355.4419860839844,5884580
2025-11-14,355.7756358039129,357.872650517196,353.77394523011424,357.06243896484375,4954031
2025-11-17,358.0155718584485,362.40021985882316,357.9202477323631,358.7781066894531,5325450
2025-11-18,361.59005924634033,361.59005924634033,355.68031166442853,357.06243896484375,5223085
2025-11-19,357.0624265294402,359.35006035317735,354.584144433374,356.1568908691406,5830083
2025-11-20,356.68113840264937,358.7781238325295,354.82241966610866,355.29901123046875,4429516
2025-11-21,355.2990120997199,355.96625192699275,351.724575358274,352.3918151855469,3904024
2025-11-24,352.6777460666489,353.53560503661066,345.05228128682944,345.6718444824219,11744103
2025-11-25,346.7680108903887,349.81820854044656,344.09910976321856,344.4803771972656,6113266
2025-11-26,345.6840041151574,351.1725919793129,344.28777563119525,348.9578857421875,5145168
2025-11-27,348.9578986521218,354.0131663087955,348.33201424794413,351.60589599609375,5016640
2025-11-28,350.49856448750245,351.6059029762034,347.6579737078731,349.2467956542969,3452880
2025-12-01,350.6911580128769,352.2799505743207,346.6469320513612,347.56170654296875,3010315
2025-12-02,343.18042496028374,349.8244846633449,343.18042496028374,346.9357604980469,4957405
2025-12-03,347.6098454151839,348.3801601881697,337.6437400919449,338.8955383300781,7313684
2025-12-04,339.08808746029086,341.49535775233556,337.5955916334727,338.9917907714844,3426935
2025-12-05,338.89550103718295,340.82131714335105,335.8623171614708,339.56951904296875,5225025
2025-12-08,340.00282832301815,340.3398520077211,327.48502404152106,329.74786376953125,7187288
2025-12-09,329.12197309121166,331.24038264142337,322.4297795035217,329.7960205078125,8160700
2025-12-10,331.86626197091016,336.0067843222794,329.892312172603,331.095947265625,7421279
2025-12-11,331.33670252000417,331.721859905469,327.8220936259972,329.84417724609375,4526067
2025-12-12,331.24039002208224,332.20329813261156,327.1961642036097,331.4329833984375,3751220
2025-12-15,331.24038137311567,331.24038137311567,325.1740721894269,328.54425048828125,4861434
2025-12-16,328.2553934555826,328.9775745922782,322.57424105736897,323.68157958984375,8021854
2025-12-17,324.40370827540403,326.18509400168875,321.8520078821091,323.2000732421875,4746519
2025-12-18,322.0927877410142,324.78891890357954,317.6634042148347,322.62237548828125,5409972
2025-12-19,323.4889960667553,326.66658112224314,322.62235524650964,326.1369934082031,8110376
2025-12-22,327.72580053612216,331.81816024612874,326.7147293293337,330.66265869140625,5485124
2025-12-23,331.72184546995396,343.75819690210034,329.7478955893314,341.736083984375,9432271
2025-12-24,342.79528516828327,343.7581932726886,338.0288782972278,339.2325134277344,4097578
2025-12-26,339.23255905560865,344.62485104268364,337.4512023313593,341.447265625,4086038
2025-12-29,341.4472329225319,342.89159513507593,337.2104429761943,338.5103454589844,3835579
2025-12-30,338.5103480701345,338.94366849149,335.8142170068384,336.3919677734375,3196377
2025-12-31,336.58451109344793,345.2506839031441,336.58451109344793,342.217529296875,4910584
2026-01-01,345.5877246444623,350.45042836982964,343.0360239574127,349.6800842285156,7388994
2026-01-02,351.65404803765557,364.74957462076264,350.065226172455,362.00531005859375,19990998
2026-01-05,364.1718559045815,364.8458739445593,357.9129532420295,361.138671875,6164496
2026-01-06,362.0534624169435,367.34945721293604,359.16473798276576,362.294189453125,6800656
2026-01-07,362.14975341390016,363.6422492605067,358.8277086125836,362.9682312011719,5966190
2026-01-08,362.96821849315154,365.4236223833756,349.63193548820146,351.894775390625,7774241
2026-01-09,350.161551867125,353.48359682422864,344.33596916419737,345.5877380371094,5369561
2026-01-12,343.9026186593045,359.0202874350347,341.8323721417677,358.00921630859375,8700735
2026-01-13,359.9350413705343,360.99424617338735,352.42436983325535,355.8426818847656,5638105
2026-01-14,355.7945635214946,359.4536027588053,353.8687472101468,358.0574035644531,4944952
2026-01-15,358.0574035644531,358.0574035644531,358.0574035644531,358.0574035644531,0
2026-01-16,360.031353208377,365.0866210211582,356.5648779739164,361.4275817871094,6139589
2026-01-19,360.1276383477915,361.86086121660617,356.9018902555194,358.34625244140625,4895367
2026-01-20,356.99816458565846,357.52775226639847,344.72108677455356,347.12835693359375,4993397
2026-01-21,345.7802615285076,348.7652821439197,338.365858327544,344.384033203125,6225235
2026-01-22,346.83952082877295,352.7613999622209,346.83952082877295,351.172607421875,3365970
2026-01-23,351.4614261294631,357.33517090902484,344.3840463289101,345.3469543457031,6728741
2026-01-27,344.91370237123124,350.69115112528453,343.3248804553674,348.2357177734375,5750519
2026-01-28,349.0060365083434,369.9011236836026,348.71714646028875,368.8419189453125,12905737
2026-01-29,370.71962747408963,376.25634918311823,368.793811227471,372.4528503417969,11535966
2026-01-30,369.75672225368146,370.1900426668222,362.0534572067298,365.2792053222656,17579735
2026-02-02,368.7938193139357,376.4970844693182,359.5498952503519,371.34552001953125,14731376
2026-02-03,389.0148660091007,389.0148660091007,372.5009982425221,378.0377197265625,10172106
2026-02-04,378.1339994661023,400.4734483865884,375.53413600107706,399.2216796875,22538378
2026-02-05,400.2809200014964,404.80657056536387,390.55554204523474,399.60687255859375,21560718
2026-02-06,397.58472373000706,404.80653402802955,390.84436745185275,403.65106201171875,10129279
2026-02-09,409.2359569531639,414.43565499967923,390.45924834001875,399.7994689941406,19537837
2026-02-10,400.5697500756201,403.02515385669074,392.96278233351995,397.9217529296875,8675871
2026-02-11,397.921786974612,401.5326924825486,397.00701249168503,400.42535400390625,3387714
2026-02-12,402.49560741615454,405.3843318712944,392.96282259131794,395.3219299316406,6977349
2026-02-13,392.3369301964672,392.866517914897,384.5855021013307,385.6928405761719,7060981
2026-02-16,385.259536091677,397.9217717099819,382.5152421337939,396.5255432128906,4725398
2026-02-17,395.7552128735503,402.4955692971874,394.1182574164182,401.4845275878906,5584350
2026-02-18,403.4584773685073,408.27301767123413,402.1585456096467,404.8547058105469,5455712
2026-02-19,405.1435914872385,405.62504554723523,391.90360483732877,394.3590087890625,4478620
2026-02-20,393.82420409286783,399.6586367460955,393.58110273231665,398.7834777832031,7321729
2026-02-23,401.1172496428376,405.9792769112356,396.3524688548994,400.4365539550781,9008749
2026-02-24,399.61003494464575,408.6533938363368,396.0121228788773,407.82684326171875,8723019
2026-02-25,409.3826896316962,413.51541274555535,405.4930678774758,411.91094970703125,7232299
2026-02-26,412.2026700559548,415.1198864465496,405.34722340824084,408.9937438964844,5228533
2026-02-27,408.41027308144504,410.4036923060641,399.2696681428091,402.38134765625,6922370
2026-03-02,388.9621935150975,398.5890018695041,387.6980782563576,394.9911193847656,6388337
2026-03-04,388.96217143868586,392.8517931530727,380.21052258131544,385.60736083984375,10651800
2026-03-05,387.0173649559338,404.3748079876673,386.1422059953966,402.2355041503906,9973521
2026-03-06,402.5758688231274,413.4181839928128,394.5535236110723,396.5955810546875,8236742
2026-03-09,384.1001191024662,388.57318971571283,373.6467614306902,381.9608154296875,9226515
2026-03-10,387.0173258248909,403.45097015723854,385.510109416107,400.77685546875,10244278
2026-03-11,398.78346209249116,405.4444450445986,394.26178289924354,395.6717529296875,5629884
2026-03-12,392.75453605138046,409.72302219159064,387.0173501129385,404.42340087890625,8640995
2026-03-13,402.86753218938196,406.708545264091,390.955566428509,394.4076232910156,11202358
2026-03-16,393.0462841207844,398.6862237079327,385.6073588892817,395.0397033691406,6317752
2026-03-17,395.67178395212466,407.77824405061017,393.14352376855203,406.51409912109375,8563553
2026-03-18,409.3340659325758,422.94774156358545,406.951660826966,420.3222351074219,15012423
2026-03-19,411.32751403597393,414.87678806833185,397.8110839306403,400.4851989746094,6730692
2026-03-20,403.54827694511397,416.67575101441287,399.70726340280163,401.4576110839844,12199222
2026-03-23,394.9397762881536,394.9397762881536,378.71875548874493,390.0881652832031,10830695
2026-03-24,400.3304589521782,401.5065862777161,387.68687334846834,390.8232727050781,12403753
2026-03-25,394.15566480694633,401.0655359900105,392.881519436922,395.4298400878906,9329612
2026-03-27,394.0086558948864,395.91990387665504,386.9027783942945,388.1279296875,9033117
2026-03-30,384.01140937796146,387.0988145655755,355.9309477198756,371.9559326171875,9142669
2026-04-01,385.18754781560295,392.14641280412457,379.4048399756186,389.79412841796875,10351420
2026-04-02,383.27632489522153,395.91991037743907,374.6512716138044,394.2536926269531,9147188
2026-04-06,394.5967283235702,399.44830942219926,390.92127450146336,397.83111572265625,7162794
2026-04-07,396.9490459061837,401.01654249316135,394.35173097071043,399.30133056640625,5054496
2026-04-08,414.59118756966745,417.335514435548,405.5250682197397,409.3475341796875,14645774
2026-04-09,410.2296520599369,424.1963769729613,405.23105865138047,419.5408020019531,11760659
2026-04-10,422.4321423150681,430.0770739935256,417.9235798255774,426.2546081542969,10459717
2026-04-13,413.6600657560326,425.5685601131606,411.6998237102068,424.93145751953125,8965276
2026-04-15,430.07708157923133,437.6240252215518,429.2929967458896,435.9088134765625,13577979
2026-04-16,438.89820740907334,457.716544098699,437.62406197016935,449.7775573730469,23065922
2026-04-17,450.85566009648636,457.91254326236424,446.3961215098996,455.6092529296875,10255394
2026-04-20,455.6092577455203,465.75351618710084,447.5232594083201,463.4502258300781,10992233
2026-04-21,464.5773608287359,469.477965900769,460.01980409392905,461.7350158691406,5478143
2026-04-22,459.6767518732005,466.29256866455256,459.578733790404,460.9508972167969,5219754
2026-04-23,458.20657955233867,462.91114851171665,456.8344160984301,460.4608459472656,6711033
2026-04-24,460.2158426958868,461.78404241134007,453.1099648420121,460.01983642578125,8149142
2026-04-27,461.637006609186,468.8409021849529,461.5880125218971,465.45947265625,6021520
2026-04-28,462.27408111970146,476.82888450136187,460.8529235626011,471.83026123046875,10746434
2026-04-29,467.51771260590374,468.3998155154292,452.7178796628203,455.51123046875,10926068
2026-04-30,454.7761612520538,455.46225794244873,438.11410361997423,439.48626708984375,9436314
2026-05-01,439.48626708984375,439.48626708984375,439.48626708984375,439.48626708984375,0
2026-05-04,443.3577662329587,447.0822142861717,437.18298562567907,439.3392639160156,8092056
2026-05-05,439.33928029811443,451.10073342377507,435.173765649443,447.81732177734375,7671690
2026-05-06,450.1695986848782,455.6092886085775,445.5630475697036,454.67816162109375,5229630
2026-05-07,455.2172044431499,458.1085434086719,446.93517013742013,448.454345703125,3830694
2026-05-08,448.8954519449193,457.96157188048807,446.4941433489676,452.1788635253906,8789899
2026-05-11,447.91531844973696,450.3166269790984,438.50615041696756,439.58428955078125,5034155
2026-05-12,439.0942333204855,447.71928665348383,430.7142102516169,431.9393615722656,4928790
2026-05-13,431.3022401713152,444.87692219503805,428.4109011270699,437.13397216796875,12771382
2026-05-14,440.80942927229523,443.9458285044149,430.37114637899293,442.47564697265625,6275043
2026-05-15,442.4756483354606,443.35775127504866,434.1936137166775,436.8889465332031,3410695
2026-05-18,434.97770655335506,434.97770655335506,418.90372744385223,421.2560119628906,4593536
2026-05-19,421.15803960398887,425.813614729165,417.6295977374605,423.020263671875,3990614
2026-05-20,421.4520446137346,423.85335311136697,413.9541246859301,420.8149719238281,4861888
2026-05-21,426.7446859276415,432.87044229979676,421.4520384042833,422.4321594238281,6959709
2026-05-22,423.41227629597466,425.5685544822201,420.177888927526,421.9910888671875,3609645
2026-05-25,429.29300692712184,434.83068471009364,426.5486800344214,430.17510986328125,4616153
2026-05-26,431.5472968877272,432.1353755142705,421.9911164168938,425.0785217285156,4643484
2026-05-27,423.41229522599485,426.9897310900488,420.7169623281442,424.8824768066406,3288554
2026-05-28,424.8824768066406,424.8824768066406,424.8824768066406,424.8824768066406,0
2026-05-29,427.28379083938347,430.51817839396796,416.69846537625733,420.07989501953125,16317068
2026-06-01,422.4321656428313,423.31426859122394,411.699828356447,412.7289733886719,2620603
2026-06-02,407.82834567516227,409.69056955459035,401.6045714712761,404.8389587402344,6066023
2026-06-03,404.7899787776106,410.2296384408838,400.3304401283268,408.31842041015625,5373519
2026-06-04,407.7303553297157,420.3739108469386,407.7303553297157,416.01239013671875,6886255
2026-06-05,416.6984618798904,429.7830839880505,416.6984618798904,423.1672668457031,10804549
2026-06-08,417.727601743145,426.7446974192223,416.747480697207,419.88385009765625,6618546
2026-06-09,421.74607535779904,429.29301939834835,421.15802665722276,426.94073486328125,5861502
2026-06-10,426.94073474451767,431.8903340754886,421.3540328032318,422.7261962890625,4359935
2026-06-11,421.3540253711878,421.3540253711878,404.2999254088529,405.32904052734375,9264298
2026-06-12,409.7886229650774,413.21904669011957,405.9661567965004,412.6799621582031,5544060
2026-06-15,418.0216435408845,425.0785273305624,414.78725591865316,416.0614013671875,5820085
2026-06-16,418.02161847387833,425.32353209740324,416.404424759739,419.0017395019531,5312213
2026-06-17,420.47193393585786,424.8824786974228,416.64946779135244,423.1672668457031,6800575
2026-06-18,423.5103176183459,427.96985649393235,414.2481616017633,420.7659606933594,4496589
2026-06-19,420.76594172623396,423.412280443373,417.1885059870793,422.4321594238281,3496218
2026-06-22,424.3924129268014,435.957829305473,421.99110439968337,432.18438720703125,10050117
2026-06-23,434.19360715866327,434.19360715866327,421.10898570115626,422.3341369628906,6123525
2026-06-24,422.43217477083715,430.27314321205915,421.59906589177314,428.4109191894531,5505436
2026-06-25,431.2532422943379,433.9485750586775,423.1182499154261,424.0493469238281,8674187
2026-06-26,424.0493469238281,424.0493469238281,424.0493469238281,424.0493469238281,0
2026-06-29,421.55006806706564,423.85335850844405,413.807117782171,416.01239013671875,8257412
2026-06-30,416.99251960023645,420.0308709768731,414.3951748459382,415.8653564453125,7095981
2026-07-01,417.92360132520133,425.1764909670198,414.88522014917845,422.1871337890625,4626021
2026-07-02,423.75533391647355,423.75533391647355,419.0017409319042,421.50103759765625,3255339
2026-07-03,424.3923934253467,424.3923934253467,415.37526825194163,417.33551025390625,3916062
2026-07-06,414.10113685405156,419.29576636974616,411.65083426911633,412.7289733886719,6277060
2026-07-07,412.72895503921166,414.0521243584341,403.1237513867499,404.9369812011719,5865910
2026-07-08,400.7714726194063,407.63231964853605,394.00864367287664,395.57684326171875,6394399
2026-07-09,395.5278405210168,398.1741793388372,391.0683016767902,396.0669250488281,6397782
2026-07-10,398.2231532873043,401.65357681273093,396.1649231007838,398.419189453125,3420598
2026-07-13,394.9887674823496,397.92913051571696,391.9994103627939,397.0470275878906,4979432
2026-07-14,396.9490137522659,401.800624773606,392.19542081527084,401.0165100097656,4321273
2026-07-15,404.54495538746045,404.6429734727062,396.60596905727294,397.5860900878906,6011087
2026-07-16,399.3503263064434,400.4774595106463,392.8324975172954,393.37158203125,3414601
2026-07-17,394.0086813594776,399.4483414885045,391.80340888918204,396.8020324707031,12783074
2026-07-20,395.23381866003314,406.7502411504371,393.469612710978,405.62310791015625,4574238
2026-07-21,406.65223505702426,410.0336647885304,401.89864177900915,406.6032409667969,5594822
2026-07-22,405.7701301663937,406.0641545282325,400.96754282052177,404.1039123535156,2654166
2026-07-23,401.8495960039647,405.4270315471822,398.9092331063747,401.8985900878906,4168118
2026-07-24,397.9291448358056,405.91712538172936,397.2430481389618,403.71185302734375,4851080
2026-07-27,404.0058903719067,412.3369189174284,402.82973320111233,411.74884033203125,4447916
2026-07-28,411.65084401563655,415.08126771576684,409.00450519688195,411.5528259277344,4699114
2026-07-29,411.5528270972409,422.8242192868417,410.76874221363704,418.6097106933594,6586258
2026-07-30,418.60968965182514,420.56993167322355,414.98322994787014,417.7765808105469,7767894
2026-07-31,419.1615949083614,422.52517013439353,415.84747203640774,419.80462646484375,10382221
2026-08-03,420.94232308058554,424.65215554016766,412.83014402602174,416.98516845703125,5985708
2026-08-04,415.501220703125,417.281928144147,411.79138837541853,415.501220703125,8639728
2026-08-05,417.578733431768,419.45837577564293,409.96119896522566,413.52264404296875,5129023
2026-08-06,411.54406679874404,413.52264404296875,408.5267485775784,413.52264404296875,3704243
2026-08-07,412.5333548409598,416.63889657881646,410.0601332891555,415.501220703125,4422078
2026-08-10,407.68584597674686,410.20851987922117,379.0954109223695,381.0245056152344,27986683
2026-08-11,381.86541908244135,382.854707732914,376.07807443903766,376.9189758300781,10884187
2026-08-12,376.9189618479208,377.5619934087355,371.2800046731316,372.4671630859375,12028949
2026-08-13,373.85215902269454,374.89093017578125,369.9939394886254,374.89093017578125,8785489
2026-08-14,372.9123704779616,375.7318189913962,370.9337931684952,371.9725341796875,5851335
2026-08-17,371.9725162469019,372.9618048539415,368.1637490716608,370.3896484375,7164194
2026-08-18,370.98324463173446,372.5166299666015,369.5982465565814,370.43914794921875,7433916
2026-08-19,370.9337922753944,372.36824270688754,367.17447728204326,370.43914794921875,7426828
2026-08-20,370.43914650109656,371.08217808447245,359.309649205652,359.9031982421875,13375984
2026-08-21,359.9032047454822,361.0409108643515,357.72678779390674,359.1117858886719,9594279
2026-08-24,359.1117855533139,361.83232938326324,357.3310780318065,360.10107421875,6817108
2026-08-25,360.10107322090005,363.0689392089844,358.2214307999188,363.0689392089844,6349108
2026-08-26,362.8710427682777,365.1958769931246,359.4580152468866,360.1999816894531,4908282
2026-08-27,361.75,362.29998779296875,352.3500061035156,355.8500061035156,12745960
2026-08-28,356.0,356.0,350.20001220703125,352.0,6299577
2026-08-31,352.0,352.29998779296875,336.29998779296875,336.29998779296875,13232527
2026-09-01,343.29998779296875,347.75,343.20001220703125,345.79998779296875,8352858
2026-09-02,343.3999938964844,347.29998779296875,340.5,346.5,11746142
2026-09-03,349.20001220703125,351.75,345.79998779296875,346.1000061035156,5249433
