,Open,High,Low,Close,Volume
2002-07-01,1.7695624282630766,1.7933835202414325,1.7465922692234233,1.790831208229065,11400
2002-07-02,1.7865779015325622,1.9014293705132452,1.778921126115987,1.8767575025558472,46640
2002-07-03,1.8793094286225525,1.9439665398053065,1.8673989636542265,1.8861154317855835,53640
2002-07-04,1.940563454313348,1.9482202281442926,1.8971751233606344,1.909085750579834,23160
2002-07-05,1.914190053809367,1.9652351543645306,1.905682510005523,1.9499216079711914,27840
2002-07-08,1.9737432546686922,2.0418032997532896,1.9567281622635693,2.0205345153808594,40680
2002-07-09,1.9992656189760722,2.0426539561366415,1.9567280526148791,1.9975640773773193,51120
2002-07-10,2.0247885519622435,2.0247885519622435,1.931206014610389,1.9346089363098145,12840
2002-07-11,2.016280840455781,2.016280840455781,1.8971755171490996,1.919295072555542,12240
2002-07-12,1.8299661693149099,1.914190533308323,1.8299661693149099,1.901429295539856,8640
2002-07-15,1.8903690461563085,1.8903690461563085,1.8291150201761586,1.835070252418518,5960
2002-07-16,1.8291147440329365,1.8682492141562195,1.8291147440329365,1.8503835201263428,4720
2002-07-17,1.829965927424844,1.83166746884051,1.7865775949328948,1.7933835983276367,17000
2002-07-18,1.7865780407067497,1.846130706970826,1.7865780407067497,1.8325186967849731,14040
2002-07-19,1.83762283756945,1.8801604025026877,1.83762283756945,1.868249773979187,4680
2002-07-22,1.803592619319787,1.8291150905599696,1.77806998581169,1.7848759889602661,10800
2002-07-23,1.7610551828255632,1.9397128185971462,1.7610551828255632,1.9031306505203247,25440
2002-07-24,1.889518487568437,1.9737430058618475,1.882712483917931,1.9456682205200195,43280
2002-07-25,1.956727745528975,1.997563763882672,1.9141901858435626,1.9337574243545532,30800
2002-07-26,1.9312055369938597,1.9312055369938597,1.7950852950539866,1.8138017654418945,19240
2002-07-29,1.7780699447970487,1.8333687393871465,1.7695624004905928,1.80018949508667,11720
2002-07-30,1.8376229048665769,1.8376229048665769,1.7721150135260677,1.7984882593154907,16720
2002-07-31,1.7865773957396913,1.8291149527811126,1.769562308015962,1.8240104913711548,8560
2002-08-01,1.8206076486625884,1.8605930613983868,1.8206076486625884,1.8265628814697266,21120
2002-08-02,1.791681652673534,1.8631447533288097,1.791681652673534,1.8503835201263428,9160
2002-08-05,1.8716525920956322,1.8844138273154294,1.8291150331843677,1.8546375036239624,40320
2002-08-06,1.8631453149721307,1.9209964293482185,1.8631453149721307,1.9082351922988892,19320
2002-08-07,1.916742549961452,1.944817333626521,1.8997274607174457,1.9226977825164795,10880
2002-08-08,1.9056828644730393,1.9388622752527946,1.9056828644730393,1.9269516468048096,12600
2002-08-09,1.905682744787582,1.9278022964955674,1.905682744787582,1.9243993759155273,4880
2002-08-12,1.9269514731340678,1.938862100508581,1.9226977819582596,1.935459017753601,4480
2002-08-13,1.914190944406434,1.9822510019670276,1.910787860394416,1.9677882194519043,7640
2002-08-14,1.9822504138611858,1.9907579590991853,1.940563620689711,1.9745936393737793,4280
2002-08-15,1.9745936393737795,1.9745936393737795,1.9745936393737795,1.9745936393737793,0
2002-08-16,1.9567279815673828,1.9737430724012286,1.9439667445759645,1.9567279815673828,5680
2002-08-19,1.973743616472936,1.9822510019670276,1.9660868397138722,1.9677882194519043,2960
2002-08-20,2.07283242080007,2.0827936631558748,2.049287776055106,2.066493511199951,11840
2002-08-21,2.0737381707664353,2.0737381707664353,2.03570453738459,2.042043447494507,2120
2002-08-22,2.0420432893606595,2.059249024556856,2.0293654701225847,2.030271053314209,2440
2002-08-23,2.0203100656561195,2.0465714633573513,2.0203100656561195,2.0438547134399414,4080
2002-08-26,2.0818885506785074,2.0818885506785074,2.046571661937138,2.0474772453308105,7520
2002-08-27,2.0384216068122156,2.0719273291392923,2.0384216068122156,2.0556273460388184,2760
2002-08-28,2.046571678069734,2.0728329058037605,2.046571678069734,2.061060667037964,3640
2002-08-29,2.046571297732022,2.0773604367482057,2.046571297732022,2.0683047771453857,7320
2002-08-30,2.0465717472479708,2.064682897709265,2.0465717472479708,2.060155153274536,4840
2002-09-02,2.0556272928688286,2.0737384423083576,2.0538161261081647,2.0701162815093994,3600
2002-09-03,2.0384214614590848,2.0384214614590848,2.010349068833916,2.012160062789917,3320
2002-09-04,2.0375161170959473,2.0375161170959473,2.0148770491282146,2.0375161170959473,1160
2002-09-05,2.028460426083204,2.0465717492849027,2.0040101915776245,2.034799337387085,3560
2002-09-06,2.004009678850811,2.0556268849526522,1.992237442687304,2.0130653381347656,43120
2002-09-09,1.9931436360550716,2.036610606657929,1.9840879739988795,2.0112547874450684,8400
2002-09-10,2.0112547874450684,2.0112547874450684,2.0112547874450684,2.0112547874450684,0
2002-09-11,1.9840878141186826,2.0103492146932256,1.9840878141186826,2.004915714263916,4400
2002-09-12,1.992237835890967,2.006726824516021,1.982276591440354,1.9949545860290527,4200
2002-09-13,1.978654119614805,2.001293182373047,1.9578262233305845,2.001293182373047,2240
2002-09-16,1.9831821683214363,2.0157824789821706,1.9822765849450417,2.0003879070281982,3040
2002-09-17,1.9877103079103113,2.0284605280795946,1.9831823905210215,2.0112547874450684,8240
2002-09-18,1.991331963566531,2.0194043533639334,1.9849930535531508,2.0094432830810547,12520
2002-09-19,1.9804655974039989,2.0194046463823505,1.9804655974039989,1.9949545860290527,6960
2002-09-20,1.9786547564656198,1.9940493310050236,1.9786547564656198,1.992238163948059,3440
2002-09-23,1.978654099147878,2.0194043080577937,1.9777485159202346,2.0184988975524902,2720
2002-09-24,2.0012938466067114,2.0094439257224943,1.9505823775592612,1.956015706062317,12760
2002-09-25,1.9469594800876615,1.9922376075315607,1.9469594800876615,1.9886152744293213,1680
2002-09-26,1.9913319292562353,2.010348831691062,1.9849930193520733,1.9967652559280396,1360
2002-09-27,1.9922379750595756,1.9931435585021973,1.987710230568847,1.9931435585021973,1920
2002-09-30,2.0012936761299494,2.014877082591709,1.9569211229029306,1.965071201324463,3240
2002-10-01,1.95601489668138,1.9813705343519763,1.95601489668138,1.9795595407485962,1520
2002-10-02,1.979559540748596,1.979559540748596,1.979559540748596,1.9795595407485962,0
2002-10-03,1.9750319024048069,1.9831819792931606,1.9741263191147285,1.9759374856948853,1800
2002-10-04,1.9659767368570227,2.010349465623078,1.9659767368570227,1.9741268157958984,3440
2002-10-07,1.983182003101943,1.984087586402893,1.976843092717645,1.984087586402893,2000
2002-10-08,2.0239333186307173,2.0239333186307173,1.9605438401967614,1.9877108335494995,1640
2002-10-09,1.983182430267334,1.992238092505017,1.9786546855096883,1.983182430267334,1880
2002-10-10,2.0012937547427,2.004915916004338,1.9659766892879758,1.983182430267334,2280
2002-10-11,2.019404878584782,2.0266493737303213,1.9741267407445637,1.9904268980026245,6320
2002-10-14,1.9759380058801732,2.021216145969902,1.9759380058801732,1.992238163948059,2440
2002-10-15,1.992238163948059,1.992238163948059,1.992238163948059,1.992238163948059,0
2002-10-16,2.0094434208004524,2.0094434208004524,1.9596373750831722,1.982276439666748,680
2002-10-17,1.9016818615863298,1.9994826361304452,1.9016818615863298,1.9741268157958984,1040
2002-10-18,1.9324705473052068,1.9922376633890913,1.9324705473052068,1.984087586402893,2720
2002-10-21,2.017593770470401,2.017593770470401,1.9786545464898992,1.9849934577941895,960
2002-10-22,2.001293826510484,2.001293826510484,1.9560156864207556,1.992238163948059,4160
2002-10-23,1.9659766251276858,1.9868046994113424,1.8219923084093073,1.8491591215133667,12280
2002-10-24,1.901681804932864,1.9469599431455513,1.901681804932864,1.9442431926727295,4080
2002-10-25,1.9016818615863298,1.9813713112168554,1.9016818615863298,1.9741268157958984,4480
2002-10-28,1.9677877156222063,1.9777489606438652,1.9650711380507566,1.9750322103500366,2720
2002-10-29,1.9732214280171236,2.009443905544427,1.9514877687783445,1.992238163948059,8160
2002-10-30,2.0194043185699555,2.0194043185699555,1.9831818528873584,1.9967652559280396,3120
2002-10-31,2.0012935533667497,2.0148769589952766,2.0012935533667497,2.004915714263916,960
2002-11-01,2.036609983184114,2.036609983184114,2.0031042683725166,2.0130653381347656,2480
2002-11-04,1.9922375592544685,2.036610102347546,1.9922375592544685,2.0284600257873535,22520
2002-11-05,2.036610102347546,2.036610102347546,2.0221211157343917,2.0284600257873535,480
2002-11-06,2.0284600257873535,2.0284600257873535,2.0284600257873535,2.0284600257873535,0
2002-11-07,2.037516161583712,2.0737386365785007,2.013065926191335,2.053816318511963,7480
2002-11-08,2.073738643735486,2.073738643735486,2.0194048446945905,2.0483829975128174,2480
2002-11-11,2.019405008569323,2.0402330845854952,2.019405008569323,2.0293662548065186,920
2002-11-12,2.037515872379097,2.0827940028764105,2.029365795071792,2.0429491996765137,4240
2002-11-13,2.021215822397359,2.0646827884715804,2.021215822397359,2.0393271446228027,2480
2002-11-14,2.0465717788275164,2.055627440559086,2.0329883725913533,2.0375161170959473,2720
2002-11-15,2.064683044750646,2.064683044750646,2.0375162307627654,2.052910804748535,2360
2002-11-18,2.0293660388097727,2.055627440559086,2.0293660388097727,2.0375161170959473,2160
2002-11-19,2.0375161170959473,2.0375161170959473,2.0375161170959473,2.0375161170959473,0
2002-11-20,2.0420435032294897,2.08279388750882,2.037515759519498,2.078266143798828,3720
2002-11-21,2.065588213511566,2.0918496114530805,2.0556271425012986,2.082793951034546,2760
2002-11-22,2.082794310654015,2.096377717265977,2.0646829866898084,2.0927555561065674,15160
2002-11-25,2.0827941734632134,2.0827941734632134,2.046571700643111,2.0692107677459717,10760
2002-11-26,2.0827937634209617,2.0827937634209617,2.060154700775082,2.0683047771453857,9640
2002-11-27,2.0737385912998434,2.0737385912998434,2.0375161170959473,2.0375161170959473,5200
2002-11-28,2.0375157914984796,2.0556271120674077,2.0203100542302335,2.0248379707336426,6640
2002-11-29,2.0601551464255943,2.1009055370921947,2.011254677625674,2.0655884742736816,6600
2002-12-02,2.0719271239878334,2.146183401241931,2.0474770653968535,2.082793951034546,9480
2002-12-03,2.0827942505916086,2.0827942505916086,2.0556274381511055,2.0628719329833984,4280
2002-12-04,2.0510990677098504,2.069210387149819,2.0375156644910453,2.045665740966797,2640
2002-12-05,2.078266514619879,2.0827942591377475,2.0619663579997414,2.0818886756896973,5200
2002-12-06,2.0474774764954375,2.092755614956832,2.0465718929995225,2.052910804748535,3800
2002-12-09,2.019404221710024,2.145277521412804,1.8681752836067693,2.066493511199951,14400
2002-12-10,2.10905570810938,2.1099611188552876,2.0420439132347648,2.0483829975128174,4560
2002-12-11,2.024838338516132,2.100905622366381,2.024838338516132,2.053816318511963,4920
2002-12-12,2.064682929568274,2.0827942530314125,2.0266492884735876,2.0375161170959473,15760
2002-12-13,2.0230265298912706,2.1072438654923022,2.0212153635354286,2.08913254737854,10080
2002-12-16,2.064682295012475,2.0809824465751636,2.0375154908895454,2.0501933097839355,6560
2002-12-17,2.0357044531728166,2.0619658485102152,2.028459960100834,2.0547213554382324,1400
2002-12-18,2.091849212520602,2.091849212520602,2.060154493461347,2.071021318435669,3840
2002-12-19,2.046572047450788,2.0873222715079582,2.039327551659131,2.0402331352233887,6320
2002-12-20,2.0737384728578268,2.087321878318171,2.0429493283624485,2.0474772453308105,2000
2002-12-23,2.0864165546186237,2.0873219653276665,2.023027096198148,2.060155153274536,1920
2002-12-24,2.0456661549834156,2.0465717384109268,2.0293659987329695,2.0411384105682373,3200
2002-12-25,2.0411384105682373,2.0411384105682373,2.0411384105682373,2.0411384105682373,0
2002-12-26,2.0800777254745593,2.0972834673350627,2.0601554057093026,2.0737388134002686,33520
2002-12-27,2.083699663519746,2.098188651998649,2.0592494306907096,2.0619661808013916,27680
2002-12-30,2.0574380736547533,2.08279388750882,2.037515759519498,2.078266143798828,14560
2002-12-31,2.0673996884696266,2.0827942616603594,2.0547218656263344,2.056532859802246,6800
2003-01-01,2.0737382844957404,2.1009052656711655,2.0737382844957404,2.0882272720336914,4240
2003-01-02,2.0646826697043026,2.082793990887924,2.060154925769577,2.079171657562256,480
2003-01-03,2.08279412054269,2.2421731696239453,2.08279412054269,2.1842172145843506,99720
2003-01-06,2.2005172367489836,2.30918482711388,2.195989492451435,2.2811124324798584,68440
2003-01-07,2.3272955924282948,2.3363510788548623,2.2639061511083285,2.282017469406128,67600
2003-01-08,2.278395467667387,2.307373442975978,2.2675288132878446,2.289262294769287,22240
2003-01-09,2.295600911341116,2.295600911341116,2.2756784263256358,2.278395175933838,10120
2003-01-10,2.2820178532920434,2.2901679306248437,2.274773359298706,2.274773359298706,12400
2003-01-13,2.3363521850457634,2.3363521850457634,2.25485155956229,2.2666239738464355,6000
2003-01-14,2.269340291192707,2.2910737773093235,2.269340291192707,2.282923698425293,3560
2003-01-15,2.3073736205932076,2.3073736205932076,2.245795331961095,2.2593789100646973,4600
2003-01-16,2.272962015429908,2.289262168824822,2.2485117853375383,2.2539451122283936,8400
2003-01-17,2.2729624239856725,2.2910735744513784,2.254851100797588,2.2802069187164307,6160
2003-01-20,2.263906268290191,2.300128734038366,2.263906268290191,2.297412157058716,8520
2003-01-21,2.2820176104193877,2.398835085219495,2.2820176104193877,2.36623477935791,45920
2003-01-22,2.3725741318797176,2.3725741318797176,2.254850887726147,2.263000965118408,42800
2003-01-23,2.2231565543116476,2.263906948473121,2.1923674059946214,2.2448902130126953,18920
2003-01-24,2.2729619725314185,2.2729619725314185,2.2276838462766984,2.2322115898132324,9920
2003-01-27,2.2258729834778963,2.2258729834778963,2.2014227505109223,2.2068562507629395,12960
2003-01-28,2.2177223405347704,2.2177223405347704,2.1842166277996253,2.193272113800049,6480
2003-01-29,2.1923674990207953,2.2050454959214227,2.1733507627534547,2.182406425476074,8120
2003-01-30,2.222250728454075,2.222250728454075,2.1733502645939775,2.174255847930908,2880
2003-01-31,2.1733508456895927,2.207762158081819,2.1733508456895927,2.1950843334198,5400
2003-02-03,2.1733503866532415,2.18874495880093,2.1733503866532415,2.1842172145843506,6480
2003-02-04,2.183311794144676,2.236740008955224,2.173350548857915,2.2150063514709473,47760
2003-02-05,2.1896507376089116,2.213195389625634,2.1896507376089116,2.1923673152923584,37760
2003-02-06,2.2131954119665074,2.2131954119665074,2.1733506025573543,2.200517416000366,47200
2003-02-07,2.186934133825008,2.209573203890945,2.1851229667663574,2.1851229667663574,46520
2003-02-10,2.1824059550131154,2.1851225323386063,2.1733502942426317,2.1769726276397705,54680
2003-02-11,2.2068562684927917,2.2068562684927917,2.1661058798871133,2.1697280406951904,30520
2003-02-12,2.1688223521383634,2.1959891592462855,2.164294435805478,2.1733500957489014,30160
2003-02-13,2.1733500957489014,2.1733500957489014,2.1733500957489014,2.1733500957489014,0
2003-02-14,2.164294585988193,2.164294585988193,2.1280721164233314,2.1353166103363037,7640
2003-02-17,2.0954716803305455,2.12807198732238,2.0954716803305455,2.100905179977417,3640
2003-02-18,2.1280719293819206,2.1280719293819206,2.0646824836730957,2.0646824836730957,6160
2003-02-19,2.1009055440766105,2.1009055440766105,2.0393272525189774,2.060155153274536,46640
2003-02-20,2.052005035090343,2.072832935439659,2.046571707330168,2.063777446746826,1880
2003-02-21,2.0556273393554707,2.0692107449228896,2.046571678069734,2.061060667037964,2040
2003-02-24,2.1009054962344518,2.1824061032602766,2.046571700643111,2.0692107677459717,7400
2003-02-25,2.05109915746834,2.091849541630382,2.037515753655109,2.0836994647979736,10080
2003-02-26,2.049288532995916,2.0837000159960932,2.049288532995916,2.057438611984253,3720
2003-02-27,2.066493931860262,2.081888503761019,2.0103491444968205,2.031177043914795,9080
2003-02-28,2.0465714694951136,2.0583437070611525,2.012159994660805,2.038421392440796,5560
2003-03-03,2.071927361475837,2.071927361475837,1.949676536341261,1.9578266143798828,19680
2003-03-04,1.983182521299994,1.986804855450297,1.9542045389871654,1.956015706062317,6280
2003-03-05,1.9831816802350763,1.9831816802350763,1.9288479000802128,1.9351869821548462,5120
2003-03-06,1.9225092455151203,1.9695985394048292,1.919792668416865,1.9487706422805786,6120
2003-03-07,1.9741263191147285,1.9922376394715926,1.9388094344134301,1.9759374856948853,7440
2003-03-10,1.9469591531960349,1.9777482885062228,1.9469591531960349,1.9659758806228638,800
2003-03-11,1.9469601808991002,2.0239330598047096,1.9424324356138807,1.9985772371292114,4600
2003-03-12,1.9967659088680731,1.9967659088680731,1.992238163948059,1.992238163948059,2200
2003-03-13,2.001293082071562,2.041137878891368,1.9922374228776516,2.030271053314209,8840
2003-03-14,2.030271053314209,2.030271053314209,2.030271053314209,2.030271053314209,0
2003-03-17,2.02845976505394,2.02845976505394,1.9514869256140004,1.9532980918884277,7120
2003-03-18,1.9532980918884277,1.9532980918884277,1.9532980918884277,1.9532980918884277,0
2003-03-19,1.9560152055474516,1.9741263534973996,1.9469595452113002,1.9478651285171509,2080
2003-03-20,1.9469599098006416,1.9813712182550818,1.906209517018185,1.942432165145874,6280
2003-03-21,1.9569209870608497,2.009443615063478,1.9569209870608497,1.9913322925567627,6720
2003-03-24,1.9650704557103424,1.9741259414339687,1.9560147972643975,1.9623537063598633,3120
2003-03-25,1.9197922560695366,1.9560147156190482,1.9197922560695366,1.9433367252349854,16720
2003-03-26,1.9460544986660249,1.9469600822216535,1.8880985328850142,1.898059606552124,5360
2003-03-27,1.904397845824501,1.9469592177059425,1.904397845824501,1.9351869821548462,2760
2003-03-28,1.9922380347306363,2.0003881132359616,1.9560155595527384,1.9632600545883179,11000
2003-03-31,1.9732218395170125,2.0003886601473173,1.92160460396354,1.9877108335494995,6120
2003-04-01,1.9650710649166345,1.9985767870149744,1.9650710649166345,1.9913322925567627,2640
2003-04-02,2.0510994938566154,2.0510994938566154,1.9849934577941895,1.9849934577941895,400
2003-04-03,1.9922378061313721,2.0175936222076416,1.9877100620245656,2.0175936222076416,1120
2003-04-04,2.013065688616389,2.013065688616389,1.9750320511798607,1.978654384613037,640
2003-04-07,1.9831821451953926,2.060155004067669,1.9795599844544205,2.0175936222076416,5320
2003-04-08,2.0021987448995877,2.046571286720077,1.9922375021178498,2.0184988975524902,1920
2003-04-09,2.002199536142802,2.117205887945096,2.002199536142802,2.075550079345703,9120
2003-04-10,2.04023238782675,2.0827937634209617,2.0375156381292014,2.0683047771453857,9200
2003-04-11,2.047476904962597,2.0827937878329625,2.037515662010507,2.0764548778533936,4720
2003-04-15,2.0384216068122156,2.218628558822546,2.0375160234084606,2.0556273460388184,9560
2003-04-16,2.046571460307692,2.0999996662139893,2.046571460307692,2.0999996662139893,2160
2003-04-17,2.0474771793327013,2.1009053887805798,2.0474771793327013,2.098188638687134,8920
2003-04-18,2.098188638687134,2.098188638687134,2.098188638687134,2.098188638687134,0
2003-04-21,2.0827940736012676,2.0918497345527025,2.066493918433157,2.067399501800537,1360
2003-04-22,2.0746441268368474,2.096377610857308,2.046571731567383,2.046571731567383,1600
2003-04-23,2.052910690222901,2.052910690222901,2.0375161170959473,2.0375161170959473,3920
2003-04-24,1.9469597340239944,2.0547217397578192,1.9469597340239944,2.0474772453308105,2160
2003-04-25,2.037515721557123,2.046571381530735,2.0166878245234576,2.0257434844970703,3720
2003-04-28,1.993143784161868,2.0556276669980282,1.993143784161868,2.023932933807373,1520
2003-04-29,2.0194043418365544,2.0447601544676806,2.0194043418365544,2.0203099250793457,120
2003-04-30,2.0239327906228275,2.0284605353058596,1.9976713878385546,2.005821466445923,1880
2003-05-01,2.005821466445923,2.005821466445923,2.005821466445923,2.005821466445923,0
2003-05-02,2.0012931951477584,2.0375156612476935,1.9868042087077846,2.0203099250793457,5400
2003-05-05,2.037516292636316,2.0664942744960046,2.037516292636316,2.057438611984253,4640
2003-05-06,2.082794080149519,2.118110967976549,2.0610605974311644,2.0619661808013916,4920
2003-05-07,2.0646828574382092,2.080983013441109,2.0628718633330676,2.063777446746826,1600
2003-05-08,2.0800779018570945,2.0809834854762688,2.0465721715597156,2.049288749694824,2240
2003-05-09,2.029366009515527,2.0465717492849027,2.0239326816439687,2.034799337387085,4880
2003-05-12,2.0465713368436775,2.068304816672386,2.037515677067796,2.0646824836730957,24160
2003-05-13,2.0782666026768744,2.146183809656872,2.0737386852447743,2.1144890785217285,5560
2003-05-14,2.1099608933042004,2.1606725257733244,2.1099608933042004,2.1371278762817383,4080
2003-05-15,2.1579554324794024,2.173350001901767,2.1534276890643764,2.1661055088043213,6280
2003-05-16,2.1824063889007794,2.187839717354333,2.1688229814056967,2.1851229667663574,12880
2003-05-19,2.214100882707966,2.3544630328872955,2.200517303955713,2.2802069187164307,26840
2003-05-20,2.2774899240092346,2.3454071195923474,2.253039692145948,2.285640001296997,15400
2003-05-21,2.286545839062162,2.336351718942881,2.246701031524159,2.249417781829834,11880
2003-05-22,2.2557569816272505,2.3001295392934997,2.2557569816272505,2.2847349643707275,6040
2003-05-23,2.2566621004356757,2.309184726522188,2.2566621004356757,2.304656982421875,7600
2003-05-26,2.2657172821248053,2.331823299252188,2.2657172821248053,2.315523147583008,6920
2003-05-27,2.327296311574942,2.349935380081615,2.3091849876806494,2.312807321548462,23240
2003-05-28,2.2729617032934386,2.2992229235948503,2.1742553859323706,2.193272113800049,13680
2003-05-29,2.200517050345602,2.2639065014758697,2.1552389203160844,2.2467007637023926,38520
2003-05-30,2.1968955899246945,2.282018549871724,2.1968955899246945,2.2666239738464355,17400
2003-06-02,2.2421734912330264,2.2820183023991256,2.236740162849321,2.272057056427002,12640
2003-06-03,2.3082789846253196,2.3091845679276597,2.264812022447105,2.267528772354126,15920
2003-06-04,2.2729624239856725,2.303751569771989,2.2729624239856725,2.2802069187164307,5800
2003-06-05,2.269339666736885,2.2983176402518173,2.263906339883422,2.2657175064086914,113840
2003-06-06,2.2820182186231817,2.381629983797955,2.272962556501187,2.353557586669922,45480
2003-06-09,2.3544628620147705,2.3988354106106726,2.3182403909897857,2.3544628620147705,44680
2003-06-10,2.345406869085269,2.345406869085269,2.2820175969448973,2.2910730838775635,28800
2003-06-11,2.335446520885687,2.335446520885687,2.266623728043296,2.272057056427002,3280
2003-06-12,2.2811123563484736,2.2910734280151073,2.2729622787069936,2.2874512672424316,2640
2003-06-13,2.3046568657422704,2.336351418284568,2.273867723796304,2.289262294769287,13160
2003-06-16,2.3091850428989855,2.3354464459014466,2.300129380735296,2.322768449783325,16600
2003-06-17,2.3182402540317684,2.3662349605335335,2.3182402540317684,2.356273889541626,10040
2003-06-18,2.372574509317873,2.3906856609533618,2.354463184959994,2.367141008377075,32400
2003-06-19,2.2910728472060686,2.390684747676403,2.2910728472060686,2.3526511192321777,40600
2003-06-20,2.352651545475853,2.3997408411710657,2.352651545475853,2.392496347427368,6840
2003-06-23,2.3979299970882746,2.425096981823004,2.34631295063138,2.3807244300842285,15000
2003-06-24,2.3336343913712274,2.3997404063959467,2.3336343913712274,2.3526511192321777,3800
2003-06-25,2.367140438048554,2.38072401440539,2.355368200957957,2.359895944595337,4520
2003-06-26,2.372574108054882,2.3906852566273127,2.3445015427757196,2.386157512664795,8120
2003-06-27,2.3617073097899715,2.3707629705487805,2.3562739824236316,2.363518476486206,560
2003-06-30,2.397929330136454,2.466752097177645,2.3644236161552104,2.4269073009490967,26400
2003-07-01,2.4087969853112408,2.4087969853112408,2.3635188471389332,2.367141008377075,6840
2003-07-02,2.374385383887523,2.425097020444351,2.374385383887523,2.4024579524993896,14000
2003-07-03,2.399740722687063,2.445018849530215,2.399740722687063,2.433246612548828,14720
2003-07-04,2.4151353896838663,2.431435543637384,2.4087964793069103,2.4097020626068115,2680
2003-07-07,2.4087964182339365,2.473996859672553,2.4087964182339365,2.4604134559631348,6520
2003-07-08,2.418757675959239,2.580853467902667,2.418757675959239,2.5247085094451904,77040
2003-07-09,2.5536875570418696,2.5717987121882233,2.476714672683202,2.4812424182891846,11920
2003-07-10,2.454979574677958,2.490296450892199,2.454979574677958,2.4721851348876953,7440
2003-07-11,2.42962535840232,2.507503826426669,2.42962535840232,2.4812424182891846,14160
2003-07-14,2.472185972915047,2.4902972950589684,2.4278134236570437,2.456791400909424,6680
2003-07-15,2.4450191624215325,2.4803360506075744,2.426907840277611,2.456791400909424,5600
2003-07-16,2.454980193963142,2.4902970790863037,2.4540746106622464,2.4902970790863037,4960
2003-07-17,2.490297331717835,2.5038807371645486,2.445019198413874,2.4540748596191406,9760
2003-07-18,2.575820661277794,2.597868951358669,2.5595240592956543,2.5595240592956543,11560
2003-07-21,2.540351252216353,2.5786961402095394,2.5230960069087067,2.5288476943969727,6600
2003-07-22,2.5269296368753946,2.5403502969154474,2.492419159237797,2.5211777687072754,5400
2003-07-23,2.511592181749055,2.5681509499673596,2.511592181749055,2.5202198028564453,2160
2003-07-24,2.5211790843428967,2.5595241607689845,2.5211790843428967,2.548020601272583,5520
2003-07-25,2.5863641167577875,2.5863641167577875,2.540350268975591,2.549936532974243,7400
2003-07-28,2.5499372120628583,2.559523478614485,2.4972128374503257,2.548978567123413,11680
2003-07-29,2.5403512136184694,2.559523748745181,2.524054613613618,2.5576064586639404,5840
2003-07-30,2.5595234377287546,2.569109521284427,2.524054306907167,2.5556888580322266,7400
2003-07-31,2.559523496008863,2.5882821130163576,2.5413096077212742,2.580613136291504,10640
2003-08-01,2.5595236034843594,2.597868488718747,2.5499373364650535,2.583489179611206,9440
2003-08-04,2.6122474509879887,2.6649716383295208,2.6084128715522645,2.642923355102539,20640
2003-08-05,2.703316638889843,2.8739513972973914,2.5997853734725997,2.6179990768432617,29040
2003-08-06,2.759875548161138,2.759875548161138,2.607454485182529,2.637171745300293,12480
2003-08-07,2.6544266744561864,2.66017836025535,2.6266265245484357,2.635254144668579,20360
2003-08-08,2.645799424049855,2.6553856902832065,2.617040625349801,2.632378578186035,11360
2003-08-11,2.6505923152162896,2.69373041939512,2.6362130081042827,2.6735992431640625,29360
2003-08-12,2.6266263783435306,2.7608335308580734,2.6074540324659017,2.6841437816619873,25280
2003-08-13,2.720571800851672,2.7215304457249108,2.6649716781035293,2.7061924934387207,29600
2003-08-14,2.706192204899336,2.7129025354537237,2.685102568465145,2.6956474781036377,20080
2003-08-15,2.6956474781036377,2.6956474781036377,2.6956474781036377,2.6956474781036377,0
2003-08-18,2.6994817114563383,2.7502887841982204,2.6994817114563383,2.7378265857696533,19200
2003-08-19,2.741662339954368,2.8087658530587927,2.7378277594577862,2.7608346939086914,324280
2003-08-20,2.7953443201993315,2.7953443201993315,2.780006368654867,2.7867166996002197,13360
2003-08-21,2.780006719427443,2.8250619349188835,2.7320755690924874,2.78192400932312,17800
2003-08-22,2.7617920822432858,2.8125991536454023,2.7617920822432858,2.7886335849761963,24840
2003-08-25,2.799179468107011,2.799179468107011,2.696606644908826,2.7109861373901367,18080
2003-08-26,2.708109832342484,2.80780670685522,2.708109832342484,2.783841133117676,15600
2003-08-27,2.7809650134817465,2.7963029650262112,2.7617924826297635,2.7867166996002197,51600
2003-08-28,2.7809657926649374,2.7991796837932887,2.742620903060137,2.74933123588562,19880
2003-08-29,2.770419701591622,2.8183508389300336,2.770419701591622,2.7886335849761963,14400
2003-09-01,2.869159068610387,2.870117713685293,2.7522069292717584,2.779048442840576,10880
2003-09-02,2.7800063142228093,2.7943856206588498,2.73207517087414,2.7464544773101807,13200
2003-09-03,2.796303094739527,2.832730685636711,2.717696043717066,2.7512478828430176,18400
2003-09-04,2.732075520567787,2.7800066700514323,2.6956479274110596,2.741661787033081,4960
2003-09-05,2.732075498038324,2.741661764424567,2.717696189880371,2.717696189880371,6800
2003-09-08,2.694689606900221,2.827938159997156,2.693730961853996,2.792469024658203,27480
2003-09-09,2.7895926854514785,3.105938353277907,2.7895926854514785,3.011993169784546,85240
2003-09-10,3.0100756592640807,3.029248189062553,2.9046271110580726,2.9285926818847656,23160
2003-09-11,2.8758684358585875,2.914213311768144,2.8480682865474147,2.8634064197540283,13960
2003-09-12,2.875868856860924,2.981317418181055,2.8566963246780572,2.9007930755615234,61040
2003-09-15,2.861489787856808,2.885455363663242,2.794386102461659,2.808765411376953,9280
2003-09-16,2.789592895531971,2.837524044311411,2.789592895531971,2.810682535171509,3720
2003-09-17,2.8758687651030317,2.8758687651030317,2.799179004504076,2.867241144180298,4760
2003-09-18,2.8940824657293858,2.895041110530586,2.789592559354979,2.829854726791382,46960
2003-09-19,2.827937721891292,2.9036690232251368,2.7800065740626256,2.877786159515381,36000
2003-09-22,2.9142136495243083,2.923799915323439,2.854779130686757,2.859572172164917,21680
2003-09-23,3.0867655991400023,3.0867655991400023,2.7895924839811035,2.9209237098693848,10080
2003-09-24,2.875868728738086,2.912296318851266,2.859572131961525,2.8662824630737305,18320
2003-09-25,2.8758686521767585,2.8758686521767585,2.8384824182081583,2.8720340728759766,2640
2003-09-26,2.8576554726501184,2.8854556309250983,2.8471107426517213,2.8547797203063965,9320
2003-09-29,2.8279376466298043,2.9237999397358996,2.8279376466298043,2.883537769317627,11120
2003-09-30,2.874910718083851,2.904627983640362,2.8375244748726645,2.8547797203063965,9520
2003-10-01,2.792468714674046,2.8739517061295374,2.792468714674046,2.8202688694000244,7360
2003-10-02,2.8202688694000244,2.8202688694000244,2.8202688694000244,2.8202688694000244,0
2003-10-03,2.827938038727333,2.8288966837324487,2.7608343511119213,2.7800068855285645,10640
2003-10-06,2.8749101483106534,2.8950413249411966,2.818351380750632,2.883537769317627,19800
2003-10-07,2.848068564922067,2.904627330982851,2.828896216514749,2.889289379119873,15160
2003-10-08,2.875868440292599,2.9228409362095764,2.875868440292599,2.8959994316101074,23080
2003-10-09,2.9324273879732274,2.981317176518037,2.899834195610021,2.9707722663879395,19640
2003-10-10,2.962145514990905,3.019662940910146,2.962145514990905,3.006242275238037,11480
2003-10-13,3.0004897035102815,3.0570484711160444,2.962144822805395,3.0158276557922363,27200
2003-10-14,3.0867654640041398,3.0963515456518573,3.0225377296133815,3.0618412494659424,31040
2003-10-15,3.1155247948341844,3.120317836766028,2.9909038761779487,3.014869451522827,12440
2003-10-16,3.067592867789332,3.077178949226947,3.0196617292301235,3.044585943222046,17000
2003-10-17,3.0196623148707333,3.0292485810103154,2.9238000191605513,2.940096616744995,17400
2003-10-20,2.9429722728480647,2.971730885701605,2.914213477151723,2.9468066692352295,69520
2003-10-21,2.888330325093715,2.8998338787826854,2.7943853375311223,2.8058888912200928,13840
2003-10-22,2.7838414552007644,2.8566966468903723,2.7320757221739584,2.7407033443450928,13520
2003-10-23,2.725364913906129,2.74933048622983,2.650592262432771,2.6707234382629395,15880
2003-10-24,2.645799047685884,2.6649713945825066,2.5691091115710094,2.650592088699341,30280
2003-10-27,2.727283157541125,2.727283157541125,2.684145039132209,2.6937313079833984,6160
2003-10-28,2.694688311041837,3.0004888028592114,2.6937296664566173,2.7330331802368164,8480
2003-10-29,2.6323782568464726,2.7895925284906484,2.6314197948986773,2.7761716842651367,7080
2003-10-30,2.77904771697504,2.849985788403961,2.77904771697504,2.8394410610198975,4320
2003-10-31,2.842316522779825,2.878744291025154,2.842316522779825,2.8768270015716553,8800
2003-11-03,2.7905514915708,2.8375239946107658,2.7617926931011674,2.832730770111084,20800
2003-11-04,2.7426206947346414,2.827938090480094,2.7426206947346414,2.8126001358032227,10640
2003-11-05,2.782882702287765,2.8384828303219445,2.782882702287765,2.822186231613159,21360
2003-11-06,2.8269789064469104,2.8662824306678782,2.8269789064469104,2.8576548099517822,5600
2003-11-07,2.8183509947794128,2.8950409284673437,2.8183509947794128,2.862447738647461,15880
2003-11-10,2.827937459029545,2.895041132889401,2.827937459029545,2.8614892959594727,560
2003-11-11,2.9046271312238403,2.909420355128134,2.869158188546052,2.8825788497924805,10440
2003-11-12,2.8950408265298777,3.009116804039942,2.8950408265298777,2.9372200965881348,17640
2003-11-13,2.933385952522424,2.971730829887902,2.885454810104877,2.9065444469451904,15240
2003-11-14,2.904627285081283,2.921882526365152,2.868199695693075,2.8710756301879883,10440
2003-11-17,2.8288961288049994,2.8854548931121826,2.8288961288049994,2.8854548931121826,6520
2003-11-18,2.875868635155747,2.8768272799752688,2.869158304261899,2.870116949081421,6640
2003-11-19,2.8662828670111393,2.9238002862602355,2.8662828670111393,2.894083023071289,33480
2003-11-20,2.875868356844906,2.914213231700948,2.8691580266004473,2.8768270015716553,13760
2003-11-21,2.866282571732259,2.893124080041433,2.80493076170308,2.8691585063934326,6400
2003-11-24,2.8691585382787954,2.885455135854255,2.837523988025589,2.877786159515381,4800
2003-11-25,2.885454621269613,2.9132545869741984,2.8701166713271964,2.8768270015716553,7120
2003-11-26,1.150731086730957,1.150731086730957,1.150731086730957,1.150731086730957,0
2003-11-27,2.875868591603381,2.9506412408084772,2.866282326396143,2.8844962120056152,10480
2003-11-28,2.886413537929247,2.909420465010385,2.8758686277843406,2.8854548931121826,15240
2003-12-01,2.923799577965014,2.9726893633409737,2.876827082096219,2.948723793029785,30600
2003-12-02,2.924758568070898,2.9525585378362154,2.9046273915541807,2.9142136573791504,13520
2003-12-03,3.005283240721254,3.005283240721254,2.923800246464337,2.955434799194336,27840
2003-12-04,2.9717307519312293,2.972689396695568,2.9353031651003203,2.9573514461517334,9080
2003-12-05,2.9717305906709153,3.24973134058855,2.9439304425420385,3.044585943222046,75200
2003-12-08,3.2104284693967178,3.2478147065069933,3.0781383978878933,3.220973014831543,49200
2003-12-09,3.3264217675380894,3.3264217675380894,3.2027593170710213,3.210428476333618,30600
2003-12-10,3.2296003792832875,3.297662882278866,3.054172580867466,3.071427822113037,63840
2003-12-11,3.173042336396988,3.1893391193648517,3.1442837163377106,3.1711254119873047,49080
2003-12-12,3.1826280803263867,3.2248073560037613,3.0886830806229533,3.110731363296509,16960
2003-12-15,3.1538694761433135,3.185503841575146,3.088683089918526,3.165372848510742,36120
2003-12-16,3.0733452814860107,3.2976630643799263,3.0733452814860107,3.264111042022705,54640
2003-12-17,3.355180676848243,3.470215516048746,3.260276833944268,3.3130013942718506,57640
2003-12-18,3.279448861561861,3.4031113037441543,3.279448861561861,3.344635248184204,65920
2003-12-19,3.374353621594675,3.498974560190338,3.374353621594675,3.4299535751342773,50880
2003-12-22,3.498015820972381,3.5555330601747404,3.407905016353479,3.426119089126587,42440
2003-12-23,3.55648979934526,3.55648979934526,3.4146136944534837,3.466379404067993,29680
2003-12-24,3.5219810142540497,3.594836200346044,3.479801368797841,3.5612845420837402,31720
2003-12-25,1.424513578414917,1.424513578414917,1.424513578414917,1.424513578414917,0
2003-12-26,3.6197603045048012,3.8824231686695665,3.5286914116153976,3.812443733215332,121640
2003-12-29,3.8344924281472856,3.882423583499127,3.738630117443604,3.755885362625122,33440
2003-12-30,3.739587403037471,3.786560081404652,3.5948355203208724,3.6398909091949463,32440
2003-12-31,3.642766847583964,3.685904949179315,3.5469045621212283,3.5919599533081055,20160
2004-01-01,3.622636445863421,3.6906985918710298,3.585250206948978,3.652353525161743,23120
2004-01-02,3.4031116774207666,3.7520503937226555,3.4031116774207666,3.6427674293518066,36360
2004-01-05,3.6331804886461514,3.6619390989578915,3.519104143593598,3.5382766723632812,26800
2004-01-06,3.498972937029023,3.545945611331876,3.4031106647816527,3.4165313243865967,19000
2004-01-07,3.364766934299549,3.4989743145568277,3.364766934299549,3.4596707820892334,23200
2004-01-08,3.4989732397789823,3.6715252716172686,3.4989732397789823,3.6398909091949463,24840
2004-01-09,3.6456424119886885,3.688780511369655,3.61496651147013,3.6398909091949463,28280
2004-01-12,3.6427673172684423,3.6427673172684423,3.5286913145060788,3.552656888961792,9880
2004-01-13,3.593877541186123,3.593877541186123,3.451042563089892,3.4798011779785156,23440
2004-01-14,3.5469048747749903,3.556490957892022,3.4903461067389907,3.5488221645355225,16960
2004-01-15,3.4510429630003325,3.55649135170663,3.4510429630003325,3.5373191833496094,15200
2004-01-16,3.5181467986256405,3.5469054180674284,3.4510431094710112,3.4520015716552734,17800
2004-01-19,3.3935254711367357,3.477884029478072,3.3551804059374786,3.458711862564087,11480
2004-01-20,3.498973437127656,3.5085595194482866,3.451042294153305,3.4711732864379883,21520
2004-01-21,3.3503866197529404,3.4031107984223716,3.212344708257048,3.2449378967285156,15040
2004-01-22,3.2727385370601363,3.4031113105661728,3.1346969704755416,3.2593178749084473,29520
2004-01-23,3.197007227020421,3.2679454825619136,3.134696957896812,3.2497317790985107,29440
2004-01-26,3.2497317790985107,3.2497317790985107,3.2497317790985107,3.2497317790985107,0
2004-01-27,3.604422123625089,3.604422123625089,3.040751912932095,3.079096794128418,30840
2004-01-28,3.0829307252313587,3.2574000351103134,3.0733446440806467,3.096351385116577,18560
2004-01-29,2.9966550599603616,3.0675931291303655,2.93530325588745,2.99857234954834,22520
2004-01-30,2.9813174331552244,2.9813174331552244,2.9151723979192092,2.940096616744995,17560
2004-02-02,2.940096616744995,2.940096616744995,2.940096616744995,2.940096616744995,0
2004-02-03,2.9238004041806005,2.9238004041806005,2.742620699939447,2.804931163787842,15880
2004-02-04,2.78000643778015,2.875868728738086,2.78000643778015,2.8662824630737305,13960
2004-02-05,2.87586819135146,2.9036683382990565,2.8336887400156616,2.878744125366211,21400
2004-02-06,2.8758686635126955,2.8758686635126955,2.84231682586982,2.849027156829834,4640
2004-02-09,2.895041187305956,2.904627269886576,2.8758686564591067,2.9017515182495117,3400
2004-02-10,2.885455580837068,3.0187041338400884,2.885455580837068,2.923800468444824,7080
2004-02-11,3.000489771288855,3.0388348357027386,2.9017517240987134,3.025413990020752,24080
2004-02-12,3.0474627538502177,3.1155249024153457,3.0196625977256426,3.0800559520721436,9640
2004-02-13,3.083889398486972,3.173041348905478,3.039792837073787,3.16249680519104,11440
2004-02-16,3.001448163109951,3.6427669161170733,2.9985724115113577,3.293828248977661,22680
2004-02-17,3.32642162532419,3.32642162532419,3.2018007181200128,3.261235237121582,11760
2004-02-18,3.249731917314437,3.28807661555545,3.244938510059383,3.264111042022705,7600
2004-02-19,3.2018007261623014,3.2593179555746628,3.19796614668531,3.2458972930908203,14800
2004-02-20,3.106896609564871,3.264110696802642,3.106896609564871,3.25835919380188,14600
2004-02-23,3.1855040296233934,3.2593180409025813,3.1855040296233934,3.2574007511138916,12600
2004-02-24,3.220972550665869,3.248772700398048,3.163455327351888,3.235352039337158,26560
2004-02-25,3.2478142990058254,3.2478142990058254,3.1634553863122004,3.1826279163360596,3960
2004-02-26,3.2018006249140023,3.240145321414487,3.1950902938842773,3.1950902938842773,8480
2004-02-27,3.1164830599731115,3.2593180409025813,3.115524597921585,3.2574007511138916,21120
2004-03-01,3.2593173443958428,3.2593173443958428,3.220972288187551,3.256441593170166,11000
2004-03-02,3.256441593170166,3.256441593170166,3.256441593170166,3.256441593170166,0
2004-03-03,3.249731501201183,3.2593175831125745,3.2018003602730567,3.2113864421844482,5680
2004-03-04,3.162497890615191,3.2113875097120825,3.151952977595976,3.206594467163086,8000
2004-03-05,3.201801177445389,3.230559796205,3.1807113530350244,3.1922147274017334,13640
2004-03-08,3.1596214240513034,3.238228483379248,3.1519526299558693,3.1864631175994873,47040
2004-03-09,3.1845451669669194,3.2113864892607547,3.1270275775986565,3.144282817840576,166080
2004-03-10,3.1529110787613654,3.209469852008127,3.0560901310481436,3.062800645828247,17120
2004-03-11,2.9918619898727763,3.067593286907862,2.9746069312218784,3.0196621417999268,4040
2004-03-12,2.972689819207738,3.067593470252538,2.972689819207738,3.0570485591888428,2720
2004-03-15,3.0349998803933094,3.0493791863469584,3.0292481945804086,3.0436275005340576,560
2004-03-16,2.952558399038596,3.0484206870962494,2.907503189474909,2.932427406311035,3160
2004-03-17,2.9621443442320827,3.0004892187418513,2.926675403876591,2.945847749710083,8840
2004-03-18,2.960227405416636,2.960227405416636,2.864365116366524,2.8710756301879883,13480
2004-03-19,2.9142139271627836,2.9238001938752025,2.8643654865324684,2.9228415489196777,3000
2004-03-22,2.8768276268031934,2.8768276268031934,2.837524098678422,2.843275785446167,8360
2004-03-23,2.904627010190895,2.904627010190895,2.797261359007696,2.862447738647461,10960
2004-03-24,2.8940828423837424,2.8940828423837424,2.818351538817984,2.826979160308838,12640
2004-03-25,2.842316960408012,2.842316960408012,2.741661625557772,2.768502950668335,15160
2004-03-26,2.873952111142066,2.873952111142066,2.76850352985946,2.779048442840576,9000
2004-03-29,2.8279375153851993,2.9717309483708876,2.8279375153851993,2.856696128845215,11800
2004-03-30,2.8768268849925844,2.877785529680486,2.7512473563619246,2.7886335849761963,9320
2004-03-31,2.969814527052665,2.969814527052665,2.772338205875328,2.8442349433898926,1800
2004-04-01,2.870117457696799,2.9333865642547607,2.870117457696799,2.9333865642547607,3600
2004-04-02,2.827937853584706,2.9717313037669792,2.827937853584706,2.9592692852020264,7040
2004-04-05,2.957352012563361,3.000489938163909,2.93434508234117,2.990903854370117,10440
2004-04-06,2.9717312434289322,3.0196623925164956,2.904627561569214,2.904627561569214,3760
2004-04-07,2.999531141941923,3.000489603940277,2.8595721034600525,2.8873722553253174,12880
2004-04-08,2.9084617728532187,2.9084617728532187,2.907503128051758,2.907503128051758,200
2004-04-09,2.907503128051758,2.907503128051758,2.907503128051758,2.907503128051758,0
2004-04-12,2.926675621838815,2.962144564835833,2.8758685450528083,2.9065444469451904,31680
2004-04-13,2.969813441987153,2.969813441987153,2.878744384114521,2.9180479049682617,51200
2004-04-14,2.9180479049682617,2.9180479049682617,2.9180479049682617,2.9180479049682617,0
2004-04-15,2.9717310279385156,3.019662173550427,2.898875664667273,2.95831036567688,10040
2004-04-16,2.962145244501913,3.0196626651689367,2.952558977250269,3.0052833557128906,9120
2004-04-19,3.0215795529151666,3.0580071442102827,3.0100759971761315,3.0321242809295654,7560
2004-04-20,3.0292492270639695,3.034042269734572,2.9257179329303726,2.9832353591918945,20880
2004-04-21,2.9429726868676553,3.0100761872470203,2.9238001537062215,2.9592692852020264,10480
2004-04-22,3.0100765508623226,3.0100765508623226,2.90462797142197,2.971731662750244,13280
2004-04-23,3.019662352046819,3.0378762396519803,2.923800055156444,2.9410552978515625,12120
2004-04-27,2.9650207136286286,2.990903576288172,2.8768273978886674,2.8902480602264404,6160
2004-04-28,2.9592687024764013,2.989944603219876,2.923799577965014,2.948723793029785,4120
2004-04-29,2.9238004574899517,2.942972992643418,2.8758693024491326,2.939138412475586,8600
2004-04-30,2.933386251083786,2.933386251083786,2.8624481750268433,2.8691585063934326,3760
2004-05-03,2.848068765262041,2.875868919245973,2.827937770591874,2.8557379245758057,12840
2004-05-04,2.883538454508499,2.883538454508499,2.8394418769659486,2.874910831451416,4520
2004-05-05,2.9237993278739847,2.9237993278739847,2.8624475316348414,2.878744125366211,33920
2004-05-06,2.904627010190895,2.904627010190895,2.8471097884784324,2.862447738647461,10480
2004-05-07,2.8835377486566376,3.163455649834493,2.8566962409558414,2.9918620586395264,61040
2004-05-10,2.8720341183405957,3.0196621325871833,2.8566961665802757,2.9650206565856934,12200
2004-05-11,2.8758689772051316,2.903669131749337,2.8423171359025066,2.850944757461548,4000
2004-05-12,2.914213814164843,2.914213814164843,2.837524049124777,2.865324020385742,4480
2004-05-13,2.827937623017753,2.875868769170596,2.7512478623103283,2.859572172164917,5680
2004-05-14,2.858613702376826,2.858613702376826,2.6457994662477837,2.717696189880371,15280
2004-05-17,2.472289361286221,2.778090035476271,2.415730576927199,2.5595240592956543,5840
2004-05-18,2.588281705387626,2.6822267011823864,2.4981711059299987,2.6678473949432373,7120
2004-05-19,2.712902978607395,2.7608341279315027,2.712902978607395,2.7569997310638428,3280
2004-05-20,2.7800063289907766,2.7895925942799953,2.7129026548090507,2.7157785892486572,7400
2004-05-21,2.7129026096557234,2.7752132415771484,2.685102641906773,2.7752132415771484,10520
2004-05-24,3.0532142334991126,3.0532142334991126,2.5115922853688515,2.717696189880371,22000
2004-05-25,2.760833470883969,2.760833470883969,2.7282402824729646,2.744536876678467,4200
2004-05-26,2.7800069703510792,2.7800069703510792,2.6870205961317257,2.711944818496704,9960
2004-05-27,2.7224884810375354,2.7224884810375354,2.686060898224612,2.7090678215026855,2800
2004-05-28,2.687020175518614,2.6937305068659274,2.541309444275057,2.5825302600860596,8320
2004-05-31,2.5595234014784327,2.641006207604555,2.54035086895298,2.554730176925659,8640
2004-06-01,2.5978680154212657,2.664971506645359,2.5115919936515443,2.53076434135437,10440
2004-06-02,2.540350822504905,2.540350822504905,2.4933783198035,2.5067989826202393,11600
2004-06-03,2.559523442497505,2.559523442497505,2.4732472275931205,2.4857094287872314,14240
2004-06-04,2.4924196139302928,2.525971452994071,2.4924196139302928,2.519261121749878,4680
2004-06-07,2.5489778847656632,2.5499365294484804,2.483791509076294,2.5048811435699463,4600
2004-06-08,2.5691092383334975,2.5691092383334975,2.458867643999401,2.492419481277466,4480
2004-06-09,2.539391805055498,2.539391805055498,2.4943365987502344,2.509674549102783,5600
2004-06-10,2.5384339621059815,2.5384339621059815,2.5020063642231665,2.5288476943969727,2880
2004-06-11,2.523095170330115,2.53939176517914,2.4924192701067245,2.5163848400115967,5800
2004-06-14,2.4483235210327052,2.5691098725005306,2.4473648759775197,2.5288476943969727,13360
2004-06-15,2.530764212193208,2.530764212193208,2.4828330711181743,2.4885847568511963,36960
2004-06-16,2.474205595410607,2.5020057466201706,2.474205595410607,2.492419481277466,6160
2004-06-17,2.476123113171372,2.5403508591891115,2.476123113171372,2.5077576637268066,8640
2004-06-18,2.5211779204457994,2.5211779204457994,2.506798614845634,2.509674549102783,25640
2004-06-21,2.4962542905300054,2.5202198646732987,2.482833444676643,2.5077576637268066,9040
2004-06-22,2.5307645308877316,2.5681509499673596,2.5135092886729518,2.5202198028564453,3240
2004-06-23,2.521178747070783,2.5403512827190102,2.5183029947135442,2.537475347518921,2960
2004-06-24,2.492419332499933,2.5777367049873523,2.445446836251646,2.541309118270874,7760
2004-06-25,2.780006611307035,2.780006611307035,2.5163852947175744,2.554730176925659,3440
2004-06-28,2.5403510547343107,2.6266270917227583,2.5403510547343107,2.6064960956573486,3400
2004-06-29,2.6122474707121146,2.684144190089512,2.6074544292240796,2.67455792427063,6760
2004-06-30,2.626626897687148,2.6841443123781,2.626626897687148,2.6544270515441895,2120
2004-07-01,2.68126784750109,2.6841437816619873,2.664971252941574,2.6841437816619873,36760
2004-07-02,2.5739021986265698,2.711943930022309,2.5739021986265698,2.6841437816619873,10640
2004-07-05,2.6390888690948486,2.6831854340547796,2.637171579441946,2.6390888690948486,4840
2004-07-06,2.6410058238296323,2.684143924321924,2.6410058238296323,2.650592088699341,680
2004-07-07,2.684144190089512,2.684144190089512,2.67455792427063,2.67455792427063,7520
2004-07-08,2.6822269510970926,2.684144240865701,2.5700680594329204,2.5825302600860596,17760
2004-07-09,2.589240856659781,2.636213363745377,2.570068322695408,2.5988271236419678,6440
2004-07-12,2.6841445262068278,2.6841445262068278,2.560482065627738,2.583489179611206,71880
2004-07-13,2.655385754545738,2.655385754545738,2.5643164973891794,2.5873234272003174,14960
2004-07-14,2.5930750050528504,2.621833803241239,2.5786956973800645,2.5844473838806152,36600
2004-07-15,2.5882820675546676,2.6218339087026448,2.5786958011062704,2.5949923992156982,65600
2004-07-16,2.71827218530859,2.8018172504100245,2.648990854933114,2.7987606525421143,99360
2004-07-19,2.781440656250575,2.801817589176117,2.745781315124128,2.760045051574707,36960
2004-07-20,2.799779500505687,2.799779500505687,2.730498170575438,2.7366113662719727,20520
2004-07-21,2.750875485502086,2.761063952091935,2.7203102800613754,2.7304985523223877,18200
2004-07-22,2.730498240462345,2.7712521021670966,2.730498240462345,2.7467997074127197,83720
2004-07-23,2.750874986591681,2.8018171159730083,2.747818388870433,2.784496784210205,18760
2004-07-26,2.801817425135706,2.8639668920239396,2.7865348235007303,2.8262696266174316,32520
2004-07-27,2.7620822373915743,2.8812868244709393,2.7620822373915743,2.8344199657440186,35040
2004-07-28,2.85174062167482,2.88230601849713,2.812005819567517,2.8293261528015137,21400
2004-07-29,2.831363812176131,2.8364579476847966,2.792647682726542,2.8007984161376953,6720
2004-07-30,2.830344935216169,2.8731363340407357,2.7814403406103705,2.789591073989868,21280
2004-08-02,2.862948321800499,2.862948321800499,2.813025047659533,2.8191380500793457,10240
2004-08-03,2.851740410993829,2.851740410993829,2.786534546849625,2.7997794151306152,13240
2004-08-04,2.821174768459966,2.821174768459966,2.7794022440005026,2.781439781188965,14520
2004-08-05,2.812006181534757,2.832382921043748,2.7936669799464746,2.8191380500793457,7280
2004-08-06,2.831364266301294,2.8323829381033625,2.776346661205073,2.7855162620544434,24960
2004-08-09,2.7549506044052667,2.8007984068171266,2.750875140548846,2.776346206665039,12440
2004-08-10,2.804873881612579,2.804873881612579,2.750875151277282,2.787553548812866,21920
2004-08-11,2.8018167077037743,2.8018167077037743,2.7712515122603336,2.781439781188965,15240
2004-08-12,2.791628660966732,2.791628660966732,2.740686531407745,2.7508749961853027,8880
2004-08-13,2.776346208223387,2.7855158075766684,2.750875142092897,2.76310133934021,8520
2004-08-16,2.7702330598297826,2.784496793921082,2.740686531407745,2.7508749961853027,8840
2004-08-17,2.7559693068634075,2.7885724350929713,2.7427244378395335,2.7467997074127197,6160
2004-08-18,2.7508752116775144,2.7804217424141053,2.7406867461018343,2.773289680480957,9520
2004-08-19,2.7814404987412518,2.8018174305128745,2.761063761298452,2.768195629119873,17560
2004-08-20,2.7916288090359185,2.7977418104951686,2.7569881435521473,2.76310133934021,3520
2004-08-23,2.751893965494639,2.770233163917553,2.710121433233027,2.7498562335968018,4480
2004-08-24,2.791629130003498,2.9342670778682773,2.753932056620287,2.853778600692749,89040
2004-08-25,2.9953975992375876,3.020868667588807,2.8986076561002534,2.9974353313446045,81080
2004-08-26,2.9974348256999788,3.1064509487603864,2.9974348256999788,3.0402262210845947,62400
2004-08-27,3.0310569138721863,3.0463395149082997,2.9750206452968317,2.9882655143737793,27600
2004-08-30,3.005585742672843,3.1380352061438517,3.005585742672843,3.0921874046325684,92360
2004-08-31,3.0870935894632145,3.088112455577129,3.0361514497405286,3.049396514892578,15400
2004-09-01,3.0565280196367346,3.097281687699461,3.0463395540388487,3.059584617614746,159680
2004-09-02,3.0575469574472662,3.0870932946134415,3.046339625593464,3.056528091430664,21440
2004-09-03,3.0565283392346485,3.0769052725610813,3.0361514059082153,3.0677356719970703,6960
2004-09-06,3.0565280307025033,3.3081822962674536,3.0565280307025033,3.2113921642303467,97600
2004-09-07,3.19203397443642,3.258258706985794,3.1716570439617766,3.1899962425231934,31080
2004-09-08,3.2093543661919024,3.309200899834513,3.1961094971694397,3.265390634536743,109600
2004-09-09,3.290861628819869,3.310219887599284,3.1991658306609794,3.2236180305480957,21440
2004-09-10,3.229731738949889,3.260296945078463,3.209354805311612,3.212411403656006,32400
2004-09-13,3.311238866129487,3.311238866129487,3.224637195380335,3.240938663482666,11280
2004-09-14,3.226674824504041,3.260296625683247,3.209354490906946,3.241957426071167,19200
2004-09-15,3.260296498988599,3.2704847700848867,3.2348254325902506,3.265390634536743,25000
2004-09-16,3.26029599575722,3.2796538633153034,3.2399190680522234,3.268446922302246,15640
2004-09-17,3.2582580983561,3.3418031479043937,3.2582580983561,3.278635025024414,14720
2004-09-20,3.2806729234622165,3.29086119298593,3.250107531904722,3.268446922302246,12200
2004-09-21,3.262334230939383,3.285767565386948,3.260296498988599,3.265390634536743,10120
2004-09-22,3.2602962408021168,3.275579034893916,3.23482517642085,3.27455997467041,9040
2004-09-23,3.2908612924053977,3.2908612924053977,3.2348250310169355,3.2358438968658447,8040
2004-09-24,3.290861871153677,3.290861871153677,3.2358444659384733,3.255202531814575,4600
2004-09-27,3.2521455471657656,3.2602962800928457,3.1920338189552497,3.1981468200683594,5280
2004-09-28,3.2103734619938664,3.2592778663407844,3.199166129791054,3.227693796157837,15320
2004-09-29,3.227693172138336,3.227693172138336,3.17878877724625,3.2022221088409424,11920
2004-09-30,3.2195428646045072,3.2704848035943415,3.2195428646045072,3.254183530807495,7720
2004-10-01,3.1686005700005264,3.257239768639007,3.1686005700005264,3.237881898880005,13200
2004-10-04,3.260296773324423,3.331615842972427,3.199166169958824,3.222599506378174,20200
2004-10-05,3.2908617256876216,3.2908617256876216,3.2215805877992136,3.229731321334839,18360
2004-10-06,3.250107585421229,3.2704843191329656,3.1828639949478013,3.1961090564727783,27520
2004-10-07,3.1961091398733825,3.2297309359874373,3.1920336764274158,3.2042598724365234,27640
2004-10-08,3.2297316221841497,3.239919894306106,3.1889777563809862,3.215467691421509,6880
2004-10-11,3.311238228661181,3.341803426886537,3.191014778804876,3.2022221088409424,16800
2004-10-12,3.2052790341935435,3.2195429641072,3.1584123633697625,3.1706385612487793,15360
2004-10-14,3.239919362220058,3.239919362220058,3.1594308985678357,3.2093541622161865,8000
2004-10-15,3.0565274540749847,3.239919023587971,3.0565274540749847,3.176750898361206,4800
2004-10-18,3.1716573728498276,3.173695104974359,3.1095080976822778,3.12682843208313,10360
2004-10-19,3.1584118200100564,3.17878874819325,3.1013566931574195,3.1084885597229004,14680
2004-10-20,3.148223989935893,3.14924285598312,3.0667166494460223,3.0758862495422363,10240
2004-10-21,3.362181145714361,3.362181145714361,3.118677785528155,3.1594314575195312,7120
2004-10-22,3.1594314575195312,3.1594314575195312,3.1594314575195312,3.1594314575195312,0
2004-10-25,3.1686008049999748,3.1686008049999748,3.0565280702259265,3.06569766998291,11560
2004-10-26,3.000491911006899,3.148223989935893,2.996416446817991,3.0758862495422363,7560
2004-10-27,3.0769050661838193,3.1268283357233546,3.0259629306134173,3.038188934326172,9800
2004-10-28,3.096263142542519,3.096263142542519,3.0055861974158784,3.0116991996765137,16160
2004-10-29,3.0565282141713657,3.0565282141713657,2.9607569423819236,2.9770584106445312,10840
2004-11-01,3.1482230523444703,3.1482230523444703,2.9770574939627674,3.0575461387634277,11400
2004-11-02,3.1033950679807316,3.1033950679807316,3.0473587918484397,3.0606038570404053,6360
2004-11-03,3.0758860934791032,3.0758860934791032,3.046339562595128,3.052452564239502,6440
2004-11-04,3.066715962758335,3.1064507580587755,3.0392071686293605,3.0463390350341797,9440
2004-11-05,3.04735787502674,3.1166391955071644,3.0157738122178817,3.089130401611328,6000
2004-11-08,3.0819989587564565,3.106451158580852,3.0575467589320606,3.0962626934051514,38320
2004-11-09,3.117658548480322,3.2806734113782188,3.117658548480322,3.2164862155914307,33920
2004-11-10,3.2093548376285406,3.4436886051841666,3.2093548376285406,3.3774640560150146,123280
2004-11-11,3.50481900184923,3.5659494076603506,3.372369141495732,3.4049720764160156,66240
2004-11-12,3.464065442107818,3.50481930865451,3.4029350309454562,3.4406321048736572,26480
2004-11-15,3.4406321048736572,3.4406321048736572,3.4406321048736572,3.4406321048736572,0
2004-11-16,3.483422514596229,3.520100908329401,3.280673066187713,3.3988587856292725,49880
2004-11-17,3.3214271458293796,3.4436883512158474,3.3214271458293796,3.430443286895752,89640
2004-11-18,3.413122622152066,3.484441680047957,3.4029343518773376,3.4110848903656006,39720
2004-11-19,3.402934552782744,3.413122823658976,3.343841493459259,3.344860553741455,35760
2004-11-22,3.3010502267661224,3.3468978334970187,3.2256557022763936,3.340785026550293,29800
2004-11-23,3.3418039738026706,3.616891580166588,3.3418039738026706,3.507875442504883,113080
2004-11-24,3.5150069136490023,3.5710431780191327,3.4640647844656836,3.4711966514587402,18680
2004-11-25,3.4161798063847355,3.5251959556055135,3.403953801528881,3.4528582096099854,34720
2004-11-26,3.4528582096099854,3.4528582096099854,3.4528582096099854,3.4528582096099854,0
2004-11-29,3.4854605501386016,3.5068561521287487,3.3845953472378403,3.45591402053833,30320
2004-11-30,3.520100654753419,3.525194789369932,3.413122273176416,3.4192354679107666,22240
2004-12-01,3.413122808325614,3.515007071260707,3.3733880079661467,3.4182169437408447,21000
2004-12-02,3.464064921505578,3.464064921505578,3.3927458600959985,3.4008967876434326,31040
2004-12-03,3.4049715761910493,3.496667560094299,3.402934233133274,3.466102361679077,142000
2004-12-06,3.5150071942081693,3.535384125239453,3.4039533281781855,3.5109317302703857,41280
2004-12-07,3.515006840795396,3.515006840795396,3.474252982830383,3.4874980449676514,10000
2004-12-08,3.4946300871305733,3.5048187464617655,3.464064886452223,3.4834227561950684,27640
2004-12-09,3.362180885162253,3.565949423656935,3.362180885162253,3.517045021057129,27680
2004-12-10,3.5598357560735594,3.565948951335439,3.5170445552131784,3.554741621017456,28560
2004-12-13,3.6168914157767587,3.6678335483933324,3.556779683742896,3.618929147720337,28560
2004-12-14,3.4131228853104623,3.7493408828483257,3.4131228853104623,3.618929147720337,27040
2004-12-15,3.6168913831307985,3.6678335152875703,3.5761375219423313,3.5853071212768555,21000
2004-12-16,3.571043180649492,3.6036461122582226,3.525195186619214,3.5873446464538574,32160
2004-12-17,3.606702317146307,3.6505125722367575,3.606702317146307,3.6219847202301025,25160
2004-12-20,3.871601787722118,3.9021669872620883,3.678021542872972,3.7850003242492676,29400
2004-12-21,3.8104710066261043,3.864469533355055,3.790094079423132,3.8176028728485107,24760
2004-12-22,3.8716014065607194,3.897072468445987,3.718775035249112,3.745264768600464,25240
2004-12-23,3.6607017958996204,3.8186223342396444,3.6586640638920387,3.738133668899536,8800
2004-12-24,3.8196412458263835,3.8196412458263835,3.7697177852288624,3.802320718765259,39360
2004-12-27,3.864469470282998,3.8716013363890047,3.820659213541781,3.840017080307007,51320
2004-12-28,3.831866587482644,3.871601381582093,3.831866587482644,3.853262186050415,11440
2004-12-29,3.972466527555597,3.9734851989049833,3.830847113224875,3.877714157104492,47160
2004-12-30,3.871602804516683,3.942921881278793,3.8226983946775013,3.8359434604644775,15720
2004-12-31,3.708587932013427,3.8716026238712486,3.708587932013427,3.8349242210388184,21520
2005-01-03,3.9327324530020173,4.177254843188284,3.9082804471779657,4.103898048400879,87360
2005-01-04,4.075369579469825,4.09574650509868,3.9734853399830796,4.037672519683838,18960
2005-01-05,3.9948814537555064,4.024427980306462,3.7707360201588203,3.8624320030212402,24720
2005-01-06,3.862432054754111,3.902166851640835,3.7697173991325594,3.855300188064575,19720
2005-01-07,3.7289629386778,3.971447532858604,3.7289629386778,3.9286563396453857,31200
2005-01-10,3.922544384662591,4.054993857582006,3.922544384662591,4.043786525726318,29400
2005-01-11,4.0142401365511775,4.095747469603169,3.9734862756963714,4.0641632080078125,53600
2005-01-12,3.646437847124202,4.093709697187812,3.646437847124202,4.024428367614746,42400
2005-01-13,4.044805169277386,4.044805169277386,3.9225439804663926,3.9582033157348633,12440
2005-01-14,3.954128609702579,3.99386341232582,3.8868850078807156,3.908280611038208,5680
2005-01-17,3.884847689040223,3.888922764843406,3.820660484083469,3.8349242210388184,6840
2005-01-18,3.871602276398958,3.881790547979054,3.8308484127632783,3.8491876125335693,6480
2005-01-19,3.8716021676973202,3.8716021676973202,3.782962963734704,3.799264430999756,5760
2005-01-20,3.786020662623964,3.8002844027784364,3.7187770385687573,3.7310030460357666,12480
2005-01-24,3.759529712348704,3.8512253220049866,3.7187758489519265,3.794170379638672,11160
2005-01-25,3.8257541306882215,3.8919790593995525,3.824735459032222,3.8817903995513916,9240
2005-01-27,3.881790521306934,4.075370789259835,3.769717980065347,4.043786525726318,60400
2005-01-28,4.0448053771114,4.126312710954281,4.0448053771114,4.103898048400879,47160
2005-01-31,4.175217960655847,4.218009562539791,4.075371407803584,4.181331157684326,56800
2005-02-01,4.126313206685263,4.177255345039403,4.0702769322272445,4.157897472381592,12840
2005-02-02,4.058049984026211,4.206800900146008,4.014239724138417,4.036653995513916,15600
2005-02-03,4.005071062891292,4.1059362793245215,4.005071062891292,4.094728946685791,11600
2005-02-04,4.024429488209031,4.136502052670749,4.024429488209031,4.089635372161865,33440
2005-02-07,4.034617204969874,4.141596006513551,4.034617204969874,4.126313209533691,14080
2005-02-08,4.126313398617784,4.126313398617784,3.9734869764467544,4.101861000061035,40400
2005-02-09,4.126312465315621,4.1976315239291395,4.126312465315621,4.155858993530273,16640
2005-02-10,4.156878070145045,4.299516201270532,4.137520199079037,4.267931938171387,42880
2005-02-11,4.258761327775223,4.4319646205632255,4.258761327775223,4.394267559051514,33520
2005-02-14,4.4024183625866655,4.442153158022077,4.330080638144885,4.391211032867432,13160
2005-02-15,4.324986810530927,4.370834804157846,4.22819668813134,4.348420143127441,8720
2005-02-16,4.28015634693242,4.396304696029176,4.28015634693242,4.350456714630127,30480
2005-02-17,4.32804507378563,4.395288697115972,4.279140655786996,4.2862725257873535,13880
2005-02-18,4.381023801022151,4.381023801022151,4.156878319517392,4.221065521240234,12320
2005-02-21,4.233291972124432,4.279139978193763,4.146690485171687,4.181331157684326,12600
2005-02-22,4.236348025694905,4.381023498869344,4.159934825133231,4.19661283493042,9320
2005-02-23,4.177253876430087,4.279138117318626,4.177253876430087,4.229214668273926,7240
2005-02-24,4.2781195082073,4.330080300807674,4.147707413684082,4.20680046081543,9760
2005-02-25,4.1976313784252905,4.280157376130113,4.1976313784252905,4.214951515197754,10520
2005-02-28,4.105935044863246,4.340268733433669,4.105935044863246,4.316835403442383,19760
2005-03-01,4.3810235970339635,4.391211868540752,4.2995162590067215,4.361665725708008,26000
2005-03-02,4.330081806996258,4.564415568231579,4.330081806996258,4.523662090301514,23360
2005-03-03,4.5338501782225915,4.686676588724477,4.532831506495283,4.649998188018799,30320
2005-03-04,4.615357153813591,4.696864488559683,4.60516888271694,4.609244346618652,16160
2005-03-07,4.533849856442453,4.605168920679816,4.533849856442453,4.585810661315918,19440
2005-03-08,4.518566778905823,4.605168633164955,4.509397179952682,4.598036766052246,16120
2005-03-09,4.60516984758013,4.60516984758013,4.511436101490052,4.546076774597168,5160
2005-03-10,4.483925972292715,4.5847915575685665,4.482907300733709,4.57256555557251,8640
2005-03-11,4.569508640591127,4.5847914341680545,4.178273089329149,4.349438667297363,20720
2005-03-14,4.388155049699797,4.582753970868457,4.388155049699797,4.481888771057129,40680
2005-03-15,4.890444951849643,4.890444951849643,4.482907872528839,4.5267181396484375,30040
2005-03-16,4.4829078260059,4.676488092137394,4.4829078260059,4.603131294250488,12760
2005-03-17,4.625545323774323,4.645921863809976,4.482907211579222,4.488001346588135,14560
2005-03-18,4.503284831897722,4.503284831897722,4.381023629618694,4.427890300750732,15040
2005-03-21,4.864972701179148,4.864972701179148,4.471699453097574,4.527735710144043,13800
2005-03-22,4.635734343047537,4.635734343047537,4.444191804224947,4.499209403991699,15520
2005-03-23,4.482907418471922,4.523661277739254,4.299515829084137,4.343326091766357,11400
2005-03-24,4.431966140841615,4.437060277065069,4.285252918854658,4.308686256408691,11640
2005-03-28,4.279138704590739,4.381022959461948,4.156877521013772,4.214951515197754,10280
2005-03-29,4.218009017935223,4.3178555578958875,4.075370881615616,4.177255153656006,10480
2005-03-30,4.178272974889575,4.238384698704114,4.172160168552297,4.189480304718018,7200
2005-03-31,4.238385098248814,4.284233093388276,4.197631627080766,4.22615909576416,14400
2005-04-01,4.289326965407751,4.381022950058047,4.248573496741298,4.371853351593018,24200
2005-04-04,4.381024133265166,4.381024133265166,4.251631048271666,4.285253047943115,25160
2005-04-05,4.268949801142076,4.33008018953127,4.268949801142076,4.2883076667785645,3920
2005-04-06,3.7799061221954102,4.482907714743191,3.7799061221954102,4.331099987030029,266040
2005-04-07,4.418720309674415,4.462530573184695,4.290346311273847,4.306647777557373,24040
2005-04-08,4.391212682288998,4.421778279788852,4.2383862494205955,4.287291049957275,4960
2005-04-11,4.279138704590739,4.279138704590739,4.132425517492932,4.214951515197754,25160
2005-04-12,4.128349777299113,4.409550130885594,4.128349777299113,4.280157089233398,15400
2005-04-13,4.268950666808672,4.430946656413199,4.177254676973048,4.235328674316406,15720
2005-04-15,4.289327502765073,4.289327502765073,4.167066692791568,4.22819709777832,7760
2005-04-18,4.228195971891589,4.228195971891589,4.1365000001706855,4.1854047775268555,10000
2005-04-19,4.146689476580377,4.360646267986684,4.136500817344413,4.235328674316406,6840
2005-04-20,4.228196448872828,4.238384718587804,4.11714259888625,4.1803107261657715,14720
2005-04-21,4.329061518143047,4.329061518143047,4.1477073070943815,4.2883076667785645,92360
2005-04-22,4.3810239441061025,4.3810239441061025,4.240423531959478,4.278120994567871,5960
2005-04-25,4.233290549685769,4.279138540349601,4.126312163908544,4.256723880767822,7080
2005-04-26,4.309704894138942,4.309704894138942,4.197632343477722,4.268951416015625,10520
2005-04-27,4.318873165623439,4.318873165623439,4.221064381838354,4.240422248840332,14480
2005-04-28,4.330080690577159,4.421776672428882,4.228196439034167,4.252648830413818,12840
2005-04-29,4.24857422181581,4.24857422181581,4.156878221516397,4.177255153656006,4440
2005-05-02,4.16706681346483,4.258762423600354,4.16706681346483,4.231253623962402,7120
2005-05-03,4.319891974470504,4.319891974470504,4.231252404954614,4.234309196472168,5200
2005-05-04,4.229215769474978,4.30970443401233,3.9286574915206054,4.259781360626221,41640
2005-05-05,4.197632230445475,4.4625311914158114,4.197632230445475,4.341289043426514,24880
2005-05-06,4.503284923155406,4.513473194944434,4.360646786163081,4.39630651473999,12760
2005-05-09,4.361665797984161,4.512454472997655,4.361665797984161,4.472719669342041,12600
2005-05-10,4.442153208085377,4.488001198972781,4.431964938402654,4.462530136108398,9040
2005-05-11,4.513472643633547,4.6357338334562215,4.503284373088994,4.598036766052246,25440
2005-05-12,4.666297554309386,4.737616591482556,4.62554409639435,4.710107803344727,28880
2005-05-13,4.7376183419416575,4.819125676544611,4.686676209232607,4.783466339111328,27960
2005-05-16,4.747806484907289,4.992328870775675,4.747806484907289,4.891463279724121,40560
2005-05-17,5.038176741999338,5.038176741999338,4.698901969154266,4.803843021392822,87640
2005-05-18,4.788560921190461,4.788560921190461,4.606187975807709,4.680563449859619,38640
2005-05-19,4.737619725184329,4.757996661948928,4.686677577601701,4.689733982086182,20840
2005-05-20,4.71724189240105,4.788560963201544,4.666299754494651,4.693808555603027,9360
2005-05-23,4.625544727673215,4.787540687488552,4.3830601236539435,4.699920177459717,12840
2005-05-24,5.093194308308298,5.093194308308298,4.533849552106488,4.691770076751709,8960
2005-05-25,4.717242136868767,4.778372938719107,4.687695602073986,4.736600399017334,11600
2005-05-26,4.77837171061758,4.859879036811939,4.740674256468398,4.850709438323975,26600
2005-05-27,4.839503666070523,4.887389405663162,4.798749795524738,4.827277660369873,14040
2005-05-30,4.788561166494744,4.8904454466329295,4.686676886356558,4.861917972564697,32000
2005-05-31,4.890445940554542,4.890445940554542,4.779392048441474,4.798749923706055,6320
2005-06-01,4.788559650514358,4.85987870176417,4.788559650514358,4.844595909118652,13080
2005-06-02,4.61332026818304,4.879238312359541,4.61332026818304,4.810976028442383,1680
2005-06-03,4.819125258162182,4.852747249386853,4.819125258162182,4.840520858764648,4040
2005-06-06,4.849691560781273,4.890445428145559,4.813013546542635,4.839503288269043,7200
2005-06-07,4.839503288269043,4.8975772966356566,4.839503288269043,4.839503288269043,11480
2005-06-08,4.890445282476479,4.910822215551666,4.83950314411735,4.845616340637207,8840
2005-06-09,4.839502996270685,5.043271543482083,4.839502996270685,5.011687278747559,25480
2005-06-10,5.0738370440416345,5.145156117460745,5.013725303558656,5.111534118652344,38640
2005-06-13,5.094213962554932,5.129873304829744,5.0534600953914195,5.094213962554932,15240
2005-06-14,5.0942137452007135,5.206286292132064,5.006593206598035,5.185909748077393,17720
2005-06-15,5.176739400392919,5.348923660204673,5.008630215609157,5.268435001373291,35320
2005-06-16,5.196096932710106,5.206285202605328,5.094212679127556,5.119683742523193,9040
2005-06-17,5.005573872254237,5.094213070863123,4.95157494941591,5.008630275726318,10640
2005-06-20,5.043271691998956,5.073836897249233,4.849691410984412,5.010668754577637,11120
2005-06-21,4.61331926902762,5.094213111084427,4.61331926902762,4.958706855773926,16640
2005-06-22,5.012705573137691,5.012705573137691,4.890444385762118,4.992328643798828,16760
2005-06-23,4.910822084774941,5.0942137002524985,4.910822084774941,5.034101963043213,7640
2005-06-24,4.992328254998985,5.527220568034591,4.992328254998985,5.228699684143066,118520
2005-06-27,5.297981757634864,5.445714018992747,5.26232242049845,5.346886157989502,65720
2005-06-28,5.420243479947618,5.449790012824003,5.104401995872007,5.195079326629639,17640
2005-06-29,5.24703950507968,5.24703950507968,5.165532173023559,5.196097373962402,11360
2005-06-30,5.196096607451589,5.277603927484024,5.145154483849122,5.20322847366333,25040
2005-07-01,5.257228644275146,5.337717318014097,5.227682498726222,5.259266376495361,12920
2005-07-04,5.4976748631222785,5.7055188576428115,5.348923929040136,5.386620998382568,117480
2005-07-05,5.593446556787925,5.795177363967282,5.386621225202194,5.438582420349121,42480
2005-07-06,5.807403099647497,5.807403099647497,5.410054311050671,5.517033100128174,14080
2005-07-07,5.542505504386429,5.592428588594216,5.3998673436201665,5.424319744110107,21040
2005-07-08,5.348924714435202,5.500732463054269,5.348924714435202,5.477298736572266,9520
2005-07-11,5.5526920975401115,5.5526920975401115,5.389677439130415,5.421261310577393,15240
2005-07-12,5.581218715945889,5.581218715945889,5.389676618638125,5.4294114112854,9960
2005-07-13,5.450807255038271,5.450807255038271,5.360130336719106,5.409034729003906,9080
2005-07-14,5.5516728511623645,5.5516728511623645,5.370318625218544,5.39986515045166,51400
2005-07-15,5.498693777137279,5.498693777137279,5.360131117809891,5.392734050750732,29840
2005-07-18,5.399865356953927,5.439600153055734,5.379488428818812,5.397827625274658,15360
2005-07-19,5.399866167281096,5.439600969345679,5.3417921660086085,5.372357368469238,59200
2005-07-20,5.379488223095802,5.39986515045166,5.328546099034937,5.39986515045166,27360
2005-07-21,5.39986515045166,5.410053419800808,5.3805072832252545,5.39986515045166,90480
2005-07-22,5.5480984945715,5.6508015669243035,5.5480984945715,5.605273246765137,8640
2005-07-25,5.675153255689986,5.877383519887507,5.675153255689986,5.734446048736572,22840
2005-07-26,5.759857046784328,5.759857046784328,5.664565135285314,5.7132697105407715,5920
2005-07-27,5.559743984621091,5.694211279064369,5.558685365124284,5.664565086364746,4080
2005-07-28,22.658260345458984,22.658260345458984,22.658260345458984,22.658260345458984,0
2005-07-29,5.51951079381739,5.717505788589756,5.51951079381739,5.675153732299805,13560
2005-08-01,5.622211999994808,5.706916084493366,5.5639782448263055,5.614800453186035,5600
2005-08-02,5.611625211270568,5.876324513688991,5.611625211270568,5.779973983764648,13240
2005-08-03,5.675153489061301,5.864678306792082,5.675153489061301,5.814914703369141,14360
2005-08-04,5.717504111137716,5.854089028506216,5.717504111137716,5.821266174316406,6760
2005-08-05,5.865737294462261,5.982204837707537,5.823385240246275,5.932441234588623,25360
2005-08-08,5.929263865892046,6.035143577782975,5.929263865892046,5.951498508453369,12600
2005-08-09,5.908087780172322,5.982203658490957,5.824442711728449,5.904911518096924,30400
2005-08-10,5.929263776434013,5.971615822111016,5.898558563513139,5.911264419555664,3280
2005-08-11,5.982204396224402,6.035144258137892,5.781032759393502,5.98326301574707,13160
2005-08-12,6.035143920224917,6.087025159710863,5.8339722946577925,6.0277323722839355,7120
2005-08-16,6.141025409034963,6.141025409034963,5.653978727809106,6.048910140991211,6760
2005-08-17,6.088084028514158,6.297725830071625,6.056320192623467,6.16749382019043,34200
2005-08-18,6.342195199020337,6.352783009142615,6.077495906972728,6.0944366455078125,24920
2005-08-19,6.321019386650011,6.321019386650011,6.088083921064259,6.124083042144775,9520
2005-08-22,6.51160296076567,6.51160296076567,6.119847905110518,6.166435241699219,29640
2005-08-23,6.479839203755815,6.755126325198426,6.088084143318951,6.097613334655762,14640
2005-08-24,6.098670674578331,6.183374759310565,5.983261783224622,6.132552146911621,12680
2005-08-25,6.119847824593505,6.167493780069134,6.057378772725253,6.116671562194824,5240
2005-08-26,5.770443755063046,6.5116016685573825,5.770443755063046,6.3136067390441895,22640
2005-08-29,6.299843459389107,6.416310992036667,6.151611687020318,6.394076347351074,21120
2005-08-30,6.553954752264308,6.670422281331094,6.45866284382852,6.648187637329102,52240
2005-08-31,6.881123445857031,7.210409471706402,6.643953076173929,7.181822299957275,64480
2005-09-01,7.199820457757116,7.406285574235323,7.189232648055329,7.372404098510742,65560
2005-09-02,7.813924603279333,7.813924603279333,7.210409641677451,7.319465637207031,65800
2005-09-05,7.305702330843672,7.506874005861354,7.284526705177954,7.35228967666626,31040
2005-09-06,7.5153427543948625,7.516400969962358,7.25276069778828,7.332170486450195,29440
2005-09-08,7.4009925377964665,7.4221681585291,7.305700628903315,7.315229415893555,31920
2005-09-09,7.406285443159312,7.406285443159312,7.210408139849519,7.227349281311035,29680
2005-09-12,7.252759918965684,7.305699772388791,7.211466897919505,7.24746561050415,17600
2005-09-13,7.252761727939669,7.305701594566966,7.179704453498557,7.211468696594238,18880
2005-09-14,6.776302101055732,7.305700702700711,6.776302101055732,7.038884162902832,46720
2005-09-15,6.776302558470583,7.305701195851097,6.776302558470583,7.251702308654785,27920
2005-09-16,7.358640345056005,7.504754063977846,7.19982076926343,7.400992393493652,64840
2005-09-19,7.485694299160923,7.9303895138761575,7.475106490957748,7.8488616943359375,158680
2005-09-20,16.07254120014199,16.877226071794603,15.574906858425887,16.760759353637695,2546144
2005-09-21,16.940757409179493,17.967790503991697,16.72899794156475,17.756031036376953,3560268
2005-09-22,17.999553393096786,21.175945168349163,17.988964774274052,19.259521484375,8424440
2005-09-23,19.27010732698053,20.752423275209804,19.27010732698053,19.714801788330078,3715664
2005-09-26,20.11715170793078,20.223031453761994,19.058354249618635,19.39716911315918,2097788
2005-09-27,19.683041170644287,20.074797464318163,18.528952759303404,18.84659194946289,2047336
2005-09-28,18.899528436493455,19.047759385835324,18.010139509249882,18.105430603027344,868832
2005-09-29,17.978374633731498,18.846587911006978,17.978374633731498,18.190134048461914,949924
2005-09-30,18.592478647923446,18.592478647923446,17.36427330453492,17.692501068115234,675772
2005-10-03,17.93602419733762,17.978377055346133,17.025459560705134,17.09957504272461,711256
2005-10-04,17.321928790421225,17.470159803118026,16.549006245709357,16.676061630249023,1359876
2005-10-05,16.898402509112177,17.173688788147153,16.538410522625583,16.633703231811523,1231660
2005-10-06,16.633707454600216,16.930169427962618,16.305479621181945,16.47488784790039,622504
2005-10-07,16.517236946757503,16.81370049712627,16.30547749872215,16.496061325073242,482808
2005-10-10,16.623112775458665,16.728992474665407,16.0725386627028,16.14665412902832,276616
2005-10-11,16.30547667420537,16.30547667420537,15.670198362223342,15.913722038269043,302000
2005-10-13,15.67020027029257,15.881959733404631,15.331385452432569,15.469029426574707,367696
2005-10-14,15.564321357921274,15.564321357921274,15.056098296584121,15.15139102935791,374768
2005-10-17,15.543144919511962,15.543144919511962,14.929042153210936,15.01374626159668,281388
2005-10-18,15.246680461468912,16.24194923424291,15.034921010615179,15.574908256530762,945100
2005-10-19,15.670197269834322,16.08312749759824,14.897275054351637,15.352558135986328,883292
2005-10-20,15.74431337026471,15.88195732352114,15.013743979621234,15.172563552856445,484644
2005-10-21,15.246682022171584,15.659612347366773,15.034922549641424,15.47961711883545,325948
2005-10-24,15.606670763429525,15.839607450080782,15.310208826957712,15.36314868927002,198836
2005-10-25,15.278445719799844,15.458440941894382,15.246681476936924,15.320796966552734,119520
2005-10-26,15.416087323942829,15.416087323942829,14.844335887142744,14.939628601074219,194320
2005-10-27,15.034920146940177,15.151388484457813,14.844336329000548,14.886689186096191,161020
2005-10-28,14.823159964636153,15.11962348704812,14.6325761562573,14.854924201965332,382532
2005-10-31,14.854925002483084,15.458439081875396,14.82316076344216,15.426674842834473,374292
2005-11-02,15.62784712099639,16.030188759441305,15.521967402332718,15.913722038269043,582440
2005-11-04,15.913722038269045,15.913722038269045,15.913722038269045,15.913722038269043,0
2005-11-07,16.07254452114152,17.025462161340464,15.479617343223543,16.47488784790039,773588
2005-11-08,16.517234238984212,17.02545715407218,16.220770737216554,16.369003295898438,1001596
2005-11-09,16.517240649328517,16.623120397080623,15.299623550179302,15.416091918945312,677564
2005-11-10,15.627851461316657,15.966666332020138,15.416091965177388,15.617262840270996,740920
2005-11-11,15.469025584413238,15.881955788680495,15.469025584413238,15.79725170135498,393260
2005-11-14,15.987837518214356,16.009013138827832,15.680786980328225,15.913722038269043,387744
2005-11-16,15.881962375813492,16.305481372501852,15.776082626641402,16.05137062072754,350184
2005-11-17,16.093716035253582,16.411355167528324,15.881956613737087,15.934896469116211,359224
2005-11-18,15.987835778624788,15.987835778624788,15.776076364338367,15.871367454528809,224408
2005-11-21,15.881957639870947,15.945486116668942,15.617258345873099,15.691373825073242,352312
2005-11-22,15.670198099336904,15.818429056740774,15.363147566601917,15.490202903747559,189480
2005-11-23,15.564318487073528,15.776077922271808,15.500790010275534,15.691373825073242,158176
2005-11-24,15.352564440554962,15.924314470033444,15.352564440554962,15.818434715270996,273824
2005-11-25,15.881961822509767,15.987841567993165,15.776082077026368,15.881961822509766,151024
2005-11-28,16.411358036720966,16.72899722452847,16.19959857818263,16.273714065551758,568936
2005-11-29,16.284304316708425,16.30547994156516,15.79725686702043,16.10430908203125,152996
2005-11-30,16.189008337436814,16.263125432978416,15.860782178937209,15.913722038269043,217732
2005-12-01,16.061958474343996,16.061958474343996,15.70196795439041,15.818434715270996,115220
2005-12-02,15.733729384213268,15.998428723681211,15.733729384213268,15.829020500183105,145396
2005-12-05,15.881963214367202,16.199602478654548,15.670203704842306,15.818434715270996,144164
2005-12-06,15.701965660915961,16.093720373196824,15.670201416007435,15.892549514770508,307520
2005-12-07,15.987838900311178,16.03019014519926,15.776079444677919,15.850194931030273,73476
2005-12-08,16.30547768336458,16.30547768336458,15.881958782497966,16.009014129638672,139476
2005-12-09,16.093710989680947,16.877219957413992,16.093710989680947,16.432525634765625,822104
2005-12-12,16.72899712919644,17.554859335908972,16.57017753619774,16.97252082824707,1382772
2005-12-13,17.08898775355002,17.978378453751915,16.76076156033451,17.840734481811523,2111588
2005-12-14,17.999554317344185,18.29601788804327,17.427804414678906,17.81955909729004,992760
2005-12-15,17.427804871028666,17.988966169021598,17.184281159592125,17.311336517333984,334716
2005-12-16,17.45956943527518,17.50192230295101,17.1525188187098,17.40662956237793,227016
2005-12-19,17.385446712126484,17.78778990207842,17.385446712126484,17.597206115722656,461636
2005-12-20,17.734852724963122,17.734852724963122,17.47015343056069,17.62897300720215,323780
2005-12-21,17.628974448045884,17.830145281995232,17.173691301343435,17.22663116455078,176232
2005-12-22,17.406625984846578,18.041904329046766,17.2901592577677,17.38545036315918,712408
2005-12-23,17.576035812023726,17.89367501344584,17.470156078216352,17.756031036376953,645836
2005-12-26,18.21130972616117,18.21130972616117,17.470151772189492,17.60779571533203,309024
2005-12-27,17.17369091509245,17.72426515694667,17.17369091509245,17.38545036315918,128296
2005-12-28,17.470154402728337,17.893673297339934,17.470154402728337,17.639562606811523,223676
2005-12-29,17.787791413821004,17.999550835414112,17.597207611267976,17.660736083984375,83948
2005-12-30,17.681919933693113,17.787799693775106,17.152521133283138,17.247812271118164,257992
2006-01-02,17.56544455709804,18.211311482663575,17.417213598245105,18.073667526245117,460692
2006-01-03,18.15836960777427,18.783059227925733,17.9995500485226,18.560712814331055,790048
2006-01-04,18.63482934987378,19.270107623164932,18.317190213228205,18.4124813079834,484956
2006-01-05,18.423070907592773,18.846589779031685,18.274839948827665,18.423070907592773,462720
2006-01-06,18.528953959000557,18.73012481288822,18.243078992466717,18.370134353637695,247876
2006-01-09,18.740710681907466,19.481868731474428,18.634830960540757,19.037174224853516,887080
2006-01-10,19.047761798938303,19.206581385751896,18.65600714125072,18.836002349853516,371392
2006-01-12,18.82541706648642,19.058352158639373,18.68777308888805,18.87835693359375,321264
2006-01-13,19.058350651514246,19.683040387741983,18.825415577781683,19.259521484375,786084
2006-01-16,19.27010943842869,19.534808743901614,18.846590549672015,18.8995304107666,332412
2006-01-17,19.037175191529524,19.153641921589088,18.63483190678644,18.677183151245117,259684
2006-01-18,18.677183655097753,19.005411463094514,18.264253355898628,18.73012351989746,213580
2006-01-19,19.058350083167195,19.270109528535716,18.84659063779867,19.01599884033203,215152
2006-01-20,20.117148320848024,20.117148320848024,18.634832128785536,19.1007022857666,187256
2006-01-23,18.63483397077385,19.164232663125382,17.999555539952016,19.005413055419922,318628
2006-01-24,19.00541152083817,19.375990575562035,19.00541152083817,19.29128646850586,343668
2006-01-25,19.291286119293922,19.481869952821246,19.090115282324017,19.1007022857666,187892
2006-01-27,19.058352853008763,19.16423259108103,18.84659337686422,18.888944625854492,182964
2006-01-30,18.846592732679873,18.984236710588416,18.11602321119101,18.43366241455078,256976
2006-01-31,18.476014069602,18.57130518647307,18.23249035186902,18.274843215942383,95816
2006-02-01,18.42307541131935,18.42307541131935,17.61838871263225,17.77720832824707,187736
2006-02-02,19.037174295593815,19.058349916826575,17.830144498170327,17.988964080810547,163172
2006-02-03,18.21131134033203,18.317191057426985,17.808968092251952,18.21131134033203,181024
2006-02-06,18.211312503826917,18.613655777612134,17.999553056108,18.179548263549805,744172
2006-02-07,18.21131380611111,18.31719353754199,17.734855014672156,17.91485023498535,178820
2006-02-08,17.999552373301817,18.317191532830673,17.78779293361591,18.168960571289062,211288
2006-02-10,18.28542832975022,19.90538845824821,18.10543311893853,19.259521484375,672676
2006-02-13,19.439517858324788,19.905387994946697,19.037174586371485,19.672452926635742,618568
2006-02-14,19.704219783282273,20.371260836658717,19.651279914563723,20.244205474853516,842536
2006-02-15,20.244205474853516,20.540669062796702,20.053621624347425,20.244205474853516,556732
2006-02-16,20.508899258750006,20.519487875861913,20.06420480518441,20.223024368286133,319740
2006-02-17,20.223028553999203,20.297144042334356,19.735981146774243,19.968917846679688,285196
2006-02-20,19.905387730821424,20.223026896738787,19.714803908151737,20.043031692504883,525332
2006-02-21,19.926560275035133,19.99008874464707,19.270106423294855,19.72538948059082,238368
2006-02-22,19.725391623723947,19.905386819719176,19.58774766834068,19.70421600341797,146668
2006-02-23,19.704219838090737,20.000681811261966,19.598340100359128,19.799510955810547,257820
2006-02-24,19.85244789431172,19.947738997965878,19.587748589054232,19.693628311157227,225880
2006-02-27,19.725390405627326,19.863034352510706,19.69362616933175,19.714801788330078,120388
2006-02-28,19.799507102593008,19.873622581462072,19.651276144854886,19.70421600341797,118404
2006-03-01,19.3865781454839,20.286555801101517,19.3865781454839,19.979503631591797,328460
2006-03-02,20.2230281007604,20.62537139132937,19.926564538467662,20.10655975341797,353904
2006-03-03,20.32890221477474,20.731245394228022,19.968911884293167,20.318313598632812,719664
2006-03-06,20.424197014103612,21.578286912946762,20.424197014103612,20.90065574645996,884152
2006-03-07,20.77360064244021,20.98536008143674,20.33949476185511,20.879480361938477,226160
2006-03-08,21.04888855937422,21.17594389965288,20.678309541130297,20.879480361938477,353020
2006-03-09,20.752425256719444,21.059475800503805,20.54066581532435,20.858304977416992,209156
2006-03-10,20.964181900024414,21.175941313155974,20.752422486892854,20.964181900024414,295140
2006-03-13,20.964187220523232,21.55711437400896,20.964187220523232,21.12300682067871,174104
2006-03-14,20.98536374620678,21.2500630911781,20.858308383739864,21.017127990722656,85356
2006-03-16,21.15476941896433,21.980631598678162,20.868894484031653,21.641815185546875,353456
2006-03-17,22.340620684941232,22.340620684941232,21.281823496081458,21.46181869506836,156584
2006-03-20,22.02298284252138,22.19239104908702,21.430055735138016,21.641815185546875,241196
2006-03-21,21.62063620103957,22.107683507469655,21.19711736609033,21.250057220458984,170672
2006-03-22,21.197119740466384,21.50417189955644,21.091240019869055,21.20770835876465,133860
2006-03-23,21.493578010443912,21.980625251992834,21.175938926545726,21.260643005371094,142768
2006-03-24,21.578287542794396,21.652403024649477,21.281823999777725,21.514759063720703,81320
2006-03-27,21.62064101998903,21.800636241841737,21.197122090643127,21.61005401611328,227852
2006-03-28,21.705346321591918,21.811226059746023,21.324178617998495,21.673582077026367,245644
2006-03-29,22.001804765164895,22.753549760862626,21.55711029205415,21.938276290893555,501716
2006-03-30,22.23474122916745,22.44650066944524,21.620638529242612,21.885337829589844,134484
2006-03-31,21.811224513443996,22.255919059045404,21.493585321500635,21.959455490112305,643700
2006-04-03,22.40414710129997,22.552378047864373,21.811220083850053,22.04415512084961,496908
2006-04-04,22.31944518123013,22.34062080199902,21.705342485354496,22.022981643676758,389844
2006-04-05,22.21356781302488,22.57355825098876,21.39829421015622,21.959455490112305,411272
2006-04-07,22.435913817531045,22.552382165091693,21.800635446683394,21.927692413330078,981996
2006-04-10,22.022981643676758,22.34062080199902,21.620638386682632,22.022981643676758,447044
2006-04-12,21.811225837558357,22.57355962138283,21.811225837558357,22.25592041015625,1490112
2006-04-13,22.435912624984255,26.02523619884633,22.234741797814003,24.087636947631836,1775992
2006-04-17,24.775854383300135,25.622892139994157,24.415863982943698,24.8499698638916,1846524
2006-04-18,24.98761223469791,25.30525137327458,24.458213670403463,24.595857620239258,488672
2006-04-19,24.839383368851585,25.093494054813696,24.66997516781262,24.902910232543945,435700
2006-04-20,24.98761534775795,25.62289370405688,24.881735621708128,25.008790969848633,222716
2006-04-21,25.18878918791091,25.41113728539677,24.564099375883544,24.765270233154297,169100
2006-04-24,24.881731186235,25.411129722112342,24.458212357533128,25.093490600585938,397356
2006-04-25,24.775852038582922,25.305250586415887,23.505295523783797,24.214689254760742,188476
2006-04-26,24.309984370196858,24.966438311400513,24.140576171875,24.617034912109375,306324
2006-04-27,24.765268352365663,25.358195490233943,24.14057858778012,24.320573806762695,180048
2006-04-28,22.372388482644567,24.405279085520924,21.17594714578822,24.28881072998047,201264
2006-05-02,24.712324329120907,25.02996346762167,24.077046052119382,24.2464542388916,181176
2006-05-03,24.489977901528096,24.722912946642747,24.034694813224426,24.2464542388916,132396
2006-05-04,24.246462373176215,24.564101618239658,24.140582624821732,24.39469337463379,183080
2006-05-05,24.39469337463379,24.627630113491048,24.09823137171864,24.39469337463379,172984
2006-05-08,24.75467952468553,25.771123894656352,23.886466120461584,24.087636947631836,1193700
2006-05-09,24.23587026026664,24.5640980791141,23.92881968051632,24.024110794067383,112020
2006-05-10,24.1935184531042,24.564097510372754,24.055874480142297,24.320573806762695,215728
2006-05-11,24.39468604332732,24.39468604332732,23.9288159368137,24.045284271240234,131596
2006-05-12,23.971169847233863,24.35233751545345,23.918229983069832,24.17234230041504,137644
2006-05-15,24.14057600450028,24.564094881772213,23.29353824995641,23.515886306762695,244684
2006-05-16,23.357074741402887,24.119408658923504,23.08178673048859,23.45236587524414,265288
2006-05-17,22.87001978342596,25.728772256354205,22.87001978342596,24.691150665283203,527008
2006-05-18,24.617033319943204,24.617033319943204,23.272361285370923,23.314712524414062,216808
2006-05-19,23.71705541070902,24.066458782289597,22.234739447539706,22.44649887084961,245280
2006-05-22,21.5994652566602,23.706471270262476,17.978378757339406,22.38297462463379,312332
2006-05-23,22.637088464810905,23.050018799641478,21.197123371766814,22.54179573059082,274040
2006-05-24,22.022981420022123,22.84884354639221,21.175943673098196,21.694753646850586,220132
2006-05-25,21.59946272398732,21.59946272398732,20.657133869032275,21.13359260559082,158460
2006-05-26,21.57828493701628,21.86415982713318,21.186530338293412,21.504169464111328,163768
2006-05-29,21.726518958497238,22.552381125654566,21.705343336897588,22.26650619506836,177224
2006-05-30,22.351211327228512,22.446502436617084,21.81122406576943,21.927692413330078,84388
2006-05-31,21.28182275589118,21.588873283742657,20.964183610280866,21.4300537109375,96536
2006-06-01,21.59946590236695,22.02298484162905,19.693630675687515,20.191265106201172,111776
2006-06-02,20.328903480595564,20.73124668510157,19.375986129942646,20.403018951416016,285256
2006-06-05,20.752422065870824,21.387700292377076,20.25478777822681,20.4241943359375,108808
2006-06-06,20.11714719956921,20.11714719956921,19.312460665347903,19.693628311157227,148468
2006-06-07,19.428930268116737,19.608925484266102,16.940756637050015,18.51836395263672,195168
2006-06-08,17.999555012376472,18.10543474774339,16.517238717239586,17.83014678955078,727744
2006-06-09,17.184276348950792,19.058346793898234,16.993692557892594,18.814823150634766,165836
2006-06-12,19.047763114640684,19.047763114640684,17.999554415505713,18.571304321289062,147020
2006-06-13,17.99955292600282,17.99955292600282,16.951344313609436,17.078399658203125,147588
2006-06-14,17.364275027694752,17.988964763550086,15.670199415236727,16.1254825592041,168100
2006-06-15,16.940751964804313,17.43838623065124,15.860779350167238,17.173686981201172,182280
2006-06-16,18.37013253057482,18.846591299379355,17.576034582567264,18.486600875854492,331292
2006-06-19,18.825420196053493,18.825420196053493,17.08899129690846,18.285432815551758,55756
2006-06-20,17.999554523956345,18.62424429943152,17.787795058968623,18.243078231811523,69136
2006-06-21,18.52895372260465,19.04776378059896,18.105434780373688,18.857181549072266,124132
2006-06-22,19.05835180023204,20.75242751580822,19.05835180023204,19.598339080810547,226556
2006-06-23,18.528952448340682,20.434787557312866,18.444248342600407,20.10655975341797,113696
2006-06-26,20.11714612290465,20.11714612290465,18.8571781435507,19.14305305480957,200748
2006-06-27,18.952466567794534,19.47127645888681,18.020724871510012,18.761882781982422,49448
2006-06-28,17.999555274457684,18.63483369590913,17.597211951085786,18.370134353637695,44960
2006-06-29,18.26425210224225,19.04776140125932,18.26425210224225,18.550127029418945,77040
2006-06-30,19.005412795040584,19.16423240057017,18.656009339756178,18.931297302246094,66056
2006-07-03,19.12188134209076,19.12188134209076,18.66659814526068,18.888944625854492,33072
2006-07-04,18.984235653403218,19.100702385458135,18.634832226045575,18.772476196289062,33788
2006-07-05,18.64541931212456,19.0583495733077,18.4760111141233,18.963058471679688,25652
2006-07-06,18.846586523848114,18.973641840215528,18.44424334235463,18.59247589111328,41772
2006-07-07,18.804237535656565,19.05834819873455,18.296014593904406,18.4124813079834,77504
2006-07-10,18.666597161786967,18.836003764419242,18.105434256450206,18.243078231811523,35168
2006-07-11,18.52894907412322,18.52894907412322,17.99955052914827,18.264249801635742,44952
2006-07-12,18.296013236348013,18.41247994178523,17.830141567810934,18.13719367980957,50944
2006-07-13,18.370136940124137,18.401901188788383,18.105437560583447,18.285432815551758,35328
2006-07-14,17.999551767576158,18.476010490835524,17.999551767576158,18.348955154418945,31036
2006-07-17,18.338367671956373,18.95247038752044,18.327780669030656,18.666595458984375,71460
2006-07-18,18.666590547909088,19.52421510788107,18.634826316296213,18.79364585876465,85724
2006-07-19,19.047763705169743,19.185407683969046,18.539542268982387,18.740713119506836,4794296
2006-07-20,19.05834984600759,19.439517489166278,18.793650542590818,19.037174224853516,112376
2006-07-21,19.38076676898037,19.38076676898037,18.468099081798467,18.747268676757812,50684
2006-07-24,18.264091665896807,18.96201401491826,17.909761530256688,18.747268676757812,70964
2006-07-25,18.897592295233395,19.198236136696625,18.48957577027452,18.833168029785156,412504
2006-07-26,19.112338259790352,19.627727484359013,18.897592886084844,19.445194244384766,125300
2006-07-27,19.649198596572717,19.86394393642597,19.21970791686621,19.767309188842773,133244
2006-07-28,19.863943030118477,19.906891440778807,18.811690585171966,19.745832443237305,50436
2006-07-31,19.75657005720241,20.078688047265494,19.75657005720241,19.971315383911133,39436
2006-08-01,19.97132021204977,19.97132021204977,19.43445676548929,19.70288848876953,19956
2006-08-02,19.42371527064761,20.07868921040186,19.42371527064761,19.649198532104492,40336
2006-08-03,19.853208964903416,20.046480127172995,19.541828831185935,19.681413650512695,44148
2006-08-04,19.91762606302897,20.40080297560919,19.595508121308825,20.29343032836914,160592
2006-08-07,20.59407434253783,20.722921193266238,19.681406828844757,20.35785484313965,78040
2006-08-08,20.916194899099956,20.916194899099956,20.186060469342014,20.379331588745117,65840
2006-08-09,20.29343482586516,20.765873923074206,20.20753636136071,20.4974422454834,47684
2006-08-10,20.669239566893037,20.765874317309542,20.250486797252226,20.39006996154785,58016
2006-08-11,20.572606358545663,20.637028984193297,20.32564886428701,20.433021545410156,46136
2006-08-14,20.615552662037036,22.333515383873458,20.615552662037036,21.742965698242188,332072
2006-08-16,22.10803122096941,23.364292720854703,21.92549801688303,22.129507064819336,336500
2006-08-17,21.74296371586376,22.494572338140532,21.291998870173053,21.624853134155273,81060
2006-08-18,20.851770855974664,21.67854003455113,20.508178661571346,21.463794708251953,64216
2006-08-21,21.61411730212026,22.290565403958578,21.474532513109683,21.635591506958008,135396
2006-08-22,22.097296691345612,22.226143572787826,21.517483267290174,21.646331787109375,87172
2006-08-23,21.517480850219727,21.818124632064734,21.367159778485625,21.517480850219727,64596
2006-08-24,21.270523754477495,21.90402176790444,21.270523754477495,21.828861236572266,109628
2006-08-25,21.796650427299408,22.075820004379086,21.47453244068907,21.517480850219727,60684
2006-08-28,21.67853901598091,21.9040222533514,21.367158962828082,21.549692153930664,91152
2006-08-29,21.78591250572834,21.90402308950285,21.47453244068907,21.517480850219727,37012
2006-08-30,21.678539245299,21.796649825814214,21.066515415303705,21.14167594909668,70720
2006-08-31,21.4101112203458,21.88255198397917,20.948410018181356,21.012832641601562,65596
2006-09-01,20.87324824339858,21.15241786550223,20.722927147420965,20.84103775024414,53344
2006-09-04,21.141677795914305,21.904024398466596,21.141677795914305,21.43158531188965,490336
2006-09-05,21.68927678349343,22.011394755525508,21.152413496773296,21.249048233032227,249360
2006-09-06,21.33494828835246,21.453058875649003,20.615551757812497,20.93766975402832,99352
2006-09-07,21.02356308328387,21.152409922650104,20.443749848571144,20.604808807373047,144684
2006-09-08,20.615552823262675,21.120204049073404,20.615552823262675,20.96988296508789,62436
2006-09-11,21.173887010039678,21.43158236228737,20.6155495377347,20.690710067749023,111184
2006-09-12,20.61554637303556,20.83029164775468,20.014258948471454,20.712181091308594,45948
2006-09-13,20.92692976607851,21.19536140309017,20.29343175808166,20.63702392578125,163244
2006-09-14,20.88398444919793,20.959144991005516,20.61555277247302,20.787349700927734,77368
2006-09-15,20.25048460135622,20.959143183778906,20.25048460135622,20.615550994873047,144188
2006-09-18,20.88398342132568,21.68927841186523,20.57260334700113,20.93766975402832,486160
2006-09-19,21.152412808851462,21.173887011946537,20.615549539591274,20.62628746032715,124288
2006-09-20,20.647762481253636,20.830295672356673,20.529651901987517,20.658498764038086,117288
2006-09-21,20.830295821960572,21.388633320440867,20.722923163084488,20.959142684936523,198224
2006-09-22,20.74439321019175,21.066511122270427,20.59407217323893,20.712181091308594,57856
2006-09-25,20.85177280589444,21.15241661850287,20.518918502030477,21.0450439453125,134584
2006-09-26,21.163149968843857,21.431581593824745,21.04503939850162,21.259784698486328,204756
2006-09-27,21.399373172952554,21.904024387539103,21.367161044707263,21.496007919311523,271692
2006-09-28,21.603386158757026,21.689284643436196,21.377904479648684,21.48527717590332,140060
2006-09-29,21.474529449388754,22.32277270728898,21.474529449388754,21.839595794677734,285108
2006-10-03,21.89328739145501,22.31204179960401,21.635593631345603,22.236881256103516,134312
2006-10-04,22.505312938874553,22.54826135276713,22.1295085829951,22.236881256103516,163816
2006-10-05,22.236875478982682,24.65275999627733,22.226137559110754,24.01926040649414,925496
2006-10-06,24.45948853660128,24.45948853660128,23.417974221490887,24.062210083007812,570396
2006-10-09,23.192496980002446,24.019266220595664,22.677107830549225,23.600513458251953,139732
2006-10-10,23.987057571840722,23.987057571840722,22.516052090597068,22.687849044799805,222012
2006-10-11,23.815256990045743,23.815256990045743,22.612683491668136,22.827428817749023,146320
2006-10-12,22.92406182999997,23.289128201450232,22.54825753770489,22.773740768432617,78852
2006-10-13,22.96700978061741,23.085120354058606,22.60194341641552,22.763002395629883,91000
2006-10-16,22.87037862224824,23.39650404787877,22.548260613484178,22.69858169555664,93660
2006-10-17,22.78447643156571,23.063645982175686,22.23687688927535,22.39793586730957,131552
2006-10-18,22.333513373249655,22.870376675491237,22.118768052353026,22.16171646118164,96296
2006-10-19,22.19393028807402,22.967013174880478,22.19393028807402,22.752267837524414,90932
2006-10-20,22.934801004671936,23.858204904624156,22.934801004671936,23.707883834838867,510692
2006-10-23,23.62198993861764,23.825997378191225,22.827432750578613,23.310609817504883,192408
2006-10-26,23.25691979042451,23.62198619444243,22.977750207321275,23.138809204101562,49892
2006-10-27,23.074387890209387,23.192498491582153,22.881118380147843,22.98849105834961,55632
2006-10-30,22.97775078732431,22.97775078732431,22.35498898971211,22.440887451171875,64480
2006-10-31,22.977752400675115,23.621988449292175,22.333516352058055,22.666372299194336,115600
2006-11-01,22.902588801301086,22.902588801301086,22.032869596319017,22.16171646118164,359596
2006-11-02,22.18319895748365,22.68785028527782,22.118774686540874,22.54826545715332,93360
2006-11-03,22.354987768023264,22.698579956708308,22.0221335008252,22.108030319213867,81504
2006-11-06,22.333517272213857,22.54826263060053,22.01139923463385,22.279830932617188,56124
2006-11-07,22.33351478394139,22.763005452863336,22.140243655251133,22.440887451171875,1646620
2006-11-08,22.601945623158947,22.80595302806476,22.440886628219573,22.473098754882812,112508
2006-11-09,22.548263412076487,23.332084325028855,22.440890729161836,22.967016220092773,91028
2006-11-10,22.977748609446063,23.181756002496996,22.54825798123212,22.848901748657227,79136
2006-11-13,23.35355769232824,23.35355769232824,22.816694297102302,22.99922752380371,178012
2006-11-14,23.17102535102492,23.57904187466294,22.80595724529527,23.085126876831055,194820
2006-11-15,22.881116033079934,23.085123445386085,22.8703781110104,22.977750778198242,199916
2006-11-16,23.08512742722589,23.08512742722589,22.4623655224439,22.559001922607422,74748
2006-11-17,22.54825888615135,22.859638948752245,22.032869783935386,22.108030319213867,95212
2006-11-20,22.022134892846015,22.537522389262868,21.560432092127098,22.3872013092041,53856
2006-11-21,22.52678333439194,23.052908688254377,22.333512227821988,22.773740768432617,134120
2006-11-22,22.451629236899393,22.82743363687749,21.90402788443759,22.559001922607422,51488
2006-11-23,22.161715457619895,22.720054577368966,22.118767050736135,22.183191299438477,54832
2006-11-24,22.48383405038687,26.284827146990335,22.37646139181124,24.942668914794922,1849068
2006-11-27,25.178889993751422,29.93549775223198,25.125203661142145,29.81739044189453,5155240
2006-11-28,29.80665073455706,30.214665527245373,27.927629205788648,28.68997573852539,4343560
2006-11-29,28.969142398448938,30.92332612392625,28.56112760057077,28.711448669433594,2830220
2006-11-30,29.602646666212962,29.602646666212962,27.240446268963154,27.65920066833496,912756
2006-12-01,27.86320847890927,28.775876194018053,27.111599772349102,27.551828384399414,804636
2006-12-04,28.00278756039171,28.88324465615046,26.521046208435553,26.77873992919922,2109904
2006-12-05,27.272656888006555,27.32634322046326,26.33851503093524,26.478099822998047,304268
2006-12-06,26.735792488611047,26.9290636053607,25.339947900852238,25.5546932220459,378704
2006-12-07,25.833868635217346,26.71432432348084,25.415114181195715,25.91976547241211,539952
2006-12-08,25.404377593149626,26.306307479969142,25.31847911860083,25.49027442932129,239804
2006-12-11,25.3399463427044,25.3399463427044,24.072948697893843,24.55612564086914,276224
2006-12-12,24.051478064197305,24.96414575859765,23.192496704761687,24.072952270507812,371832
2006-12-13,24.276960553168678,26.19893062833956,23.407241299090263,25.297000885009766,230860
2006-12-14,26.39220522366774,26.80022173769292,24.974886167180838,26.00566291809082,625980
2006-12-15,26.41367479675306,26.73579278207932,26.08081888989854,26.155981063842773,181632
2006-12-18,26.005659114352927,26.628420898526084,24.738661340699302,26.478099822998047,145924
2006-12-19,26.091558789421157,26.198931459336467,25.55469543984459,25.801652908325195,92240
2006-12-20,26.821696901505398,26.821696901505398,25.586911030412345,26.209672927856445,173036
2006-12-21,26.134507854232776,26.725057553504385,25.88755201796622,26.542524337768555,103588
2006-12-22,26.62842402829311,27.05791473842687,26.19893331815935,26.40294075012207,108180
2006-12-26,26.02713637875503,26.93980413778927,25.898289493390312,26.40294075012207,100572
2006-12-27,26.198932706562974,26.821694549394376,25.91976309614224,26.31704330444336,199516
2006-12-28,26.810954810795472,26.810954810795472,25.98418559675589,26.145244598388672,85176
2006-12-29,26.198932706562974,26.628423406670564,26.00566156383916,26.31704330444336,150972
2007-01-02,26.69285042174962,26.69285042174962,26.23114754381065,26.34925651550293,26220
2007-01-03,26.317041196441544,26.596209146123854,26.306303274448165,26.435150146484375,60432
2007-01-04,25.33995170939933,26.628423830216246,24.91046100246036,26.456626892089844,69036
2007-01-05,26.735796705826548,26.78948304459327,26.28483178786151,26.40294075012207,55884
2007-01-08,26.413675940874484,26.62842127372712,26.241879019241626,26.435150146484375,44768
2007-01-09,26.220405451507098,27.455191145448943,26.198931245374798,26.392202377319336,242436
2007-01-10,26.62842402829311,26.78948304459327,26.19893331815935,26.40294075012207,39628
2007-01-11,25.984189270190306,26.82169652475616,25.84460445469981,26.49957847595215,160508
2007-01-12,26.628423531250938,28.024268313131028,26.306305504663225,27.58403968811035,305652
2007-01-15,27.91689450344583,28.53965468551345,27.11159946969258,27.30487060546875,104260
2007-01-16,28.2390135280859,28.2390135280859,26.843168752933362,27.036439895629883,60860
2007-01-17,26.864641662135377,27.111599130404546,26.198931436905777,26.338516235351562,158812
2007-01-18,27.44445380721875,27.465928012526064,26.30630290378585,26.478099822998047,138548
2007-01-19,26.317043918796948,26.735796705826548,26.317043918796948,26.40294075012207,42988
2007-01-22,26.41367549857394,26.84316615708734,26.005659045310846,26.359989166259766,116548
2007-01-23,26.19893054923153,26.84316654634378,26.048609471922752,26.25261688232422,46712
2007-01-24,25.994924545288086,26.37072889726983,25.89828815746661,25.994924545288086,81780
2007-01-25,26.31704358143531,26.62842368693985,23.76157356122294,25.97344970703125,257836
2007-01-29,26.413678492408703,26.821694991918065,25.55469707802143,25.73723030090332,69468
2007-01-31,25.984183483043974,26.39219991499853,24.52391466500981,25.662065505981445,114252
2007-02-01,25.898282369990998,26.198926112067085,25.211098078139873,25.45805549621582,65044
2007-02-02,25.74796794141153,25.89828903192908,25.178892432948803,25.42584991455078,94144
2007-02-05,25.76944354019572,25.76944354019572,25.017834770273346,25.114469528198242,75276
2007-02-06,25.31847837065799,26.295568779451678,24.50244534411688,24.98562240600586,3321116
2007-02-07,25.125201914187027,25.747963656829402,24.985617131432864,25.06077766418457,243824
2007-02-08,25.286261155020892,27.48740066108428,24.91045684910763,26.907588958740234,962048
2007-02-09,27.380031563461213,28.09942978190863,25.683543005579203,25.941238403320312,477216
2007-02-12,25.028571001382502,25.543958526635233,24.695715056144543,24.99635887145996,124664
2007-02-13,25.769440088516625,25.769440088516625,23.879680493341322,25.12520408630371,184480
2007-02-14,23.62198923069135,25.12520672718989,23.62198923069135,24.79235076904297,166332
2007-02-15,25.554692058239954,25.554692058239954,24.803083468291717,25.339946746826172,143744
2007-02-19,25.543956707280323,25.72649155104812,25.232576629753265,25.297000885009766,104224
2007-02-20,25.339946746826172,25.44731940253306,25.178887763265834,25.339946746826172,92476
2007-02-21,25.157419489631273,25.769443443744795,24.93193620414767,25.404376983642578,102024
2007-02-22,25.28626296300806,25.55469462928203,25.017831296734087,25.297000885009766,113380
2007-02-23,25.039304544044057,25.33994832643989,24.803085014439045,25.09299087524414,107608
2007-02-26,24.276961748267357,25.12520520009942,24.266223825737047,24.620553970336914,97264
2007-02-27,24.695714856067067,24.910460202641563,24.158851489630827,24.33064842224121,148264
2007-02-28,23.621986508607282,24.373595170244787,23.621986508607282,23.98705291748047,68160
2007-03-01,23.632722854614258,24.480966203689647,23.40723961580852,23.632722854614258,120036
2007-03-02,24.030003293701927,24.266222834325294,23.62198682987418,23.697147369384766,51472
2007-03-05,22.85963980943197,24.030002845375563,21.90402374267578,23.621986389160156,207612
2007-03-06,23.66493460932317,23.944104192478587,23.621986198857797,23.67567253112793,109072
2007-03-07,24.051477050781248,24.051477050781248,23.621986389160156,23.621986389160156,94508
2007-03-08,23.64345957775916,25.876811249817067,23.621985373276992,25.200363159179688,101280
2007-03-09,26.19893258890425,26.19893258890425,24.072953305244,25.361425399780273,98300
2007-03-12,24.717188018919714,25.10373028177587,24.319909472214547,24.480968475341797,30056
2007-03-13,24.695713551724143,24.695713551724143,24.287697087107237,24.41654396057129,33284
2007-03-14,23.24618254966688,24.3306471484432,23.24618254966688,23.879680633544922,38632
2007-03-15,24.25548555899951,24.427282486784808,23.62198745974795,23.7186222076416,25936
2007-03-16,24.030002845375563,24.266222381591795,23.621986389160156,23.621986389160156,58004
2007-03-19,23.7293594972827,24.14811224482517,23.62198682987418,23.697147369384766,33016
2007-03-20,23.976317828954027,24.37359638508845,23.84747095106948,24.319910049438477,27788
2007-03-21,24.4809611319625,25.46878906048921,24.3735884954188,24.60980796813965,131580
2007-03-22,24.26622091441185,25.296999095330488,23.99778926712853,24.2340087890625,36552
2007-03-23,24.26622245100282,24.352120911248115,23.858205993620324,24.276960372924805,113024
2007-03-26,24.298433486224557,24.37359402116955,24.15884869939713,24.30916976928711,26124
2007-03-28,23.87968566375152,25.125209526393725,23.87968566375152,24.69571876525879,7091032
2007-03-29,25.017831110989636,25.017831110989636,24.26622245100282,24.276960372924805,18368
2007-03-30,24.33065262017636,24.480973733363655,24.266228349737656,24.287702560424805,63228
2007-04-02,24.08369333072294,24.15885388179086,23.62199046219551,23.93337059020996,30764
2007-04-03,23.868943083297193,24.158848942937077,23.63272355464161,23.83673095703125,26444
2007-04-04,24.266224646849643,24.266224646849643,23.836733945135492,23.868946075439453,14836
2007-04-05,24.15885123531375,24.438020838272603,23.8367332188429,24.266223907470703,17376
2007-04-09,24.2662217024382,25.76943897604057,24.15884904003803,25.09299087524414,169484
2007-04-10,25.125199912580545,25.125199912580545,24.717183517948786,24.813819885253906,30496
2007-04-11,24.480970673641405,25.12520674400039,24.480970673641405,24.727928161621094,19588
2007-04-12,24.244750375112226,24.695715283040165,24.05147923217825,24.470232009887695,16960
2007-04-13,24.58834172768835,24.695714398988297,24.266223713788502,24.319910049438477,44532
2007-04-16,24.87824830467877,24.87824830467877,24.438021323127266,24.52391815185547,29780
2007-04-17,24.781610801505902,24.9211955902557,24.26622169447878,24.4917049407959,101032
2007-04-18,24.588346074975053,24.824565665923824,24.43802496392872,24.69571876525879,34284
2007-04-19,24.502440748534987,26.091556448374728,24.37359388387269,25.436582565307617,145104
2007-04-20,25.747966388809942,26.31704186295744,25.232577249235288,25.382898330688477,226980
2007-04-23,26.145242011330723,26.413673654157527,25.554692397111754,25.65132713317871,149088
2007-04-24,25.33994783211871,25.87681113364665,25.30773570635168,25.372159957885742,39036
2007-04-25,24.051475878281842,25.554693120674457,24.051475878281842,24.89971923828125,56020
2007-04-26,25.12520721822698,25.533223731497536,24.738664913364964,24.98562240600586,50864
2007-04-27,24.97488841534739,25.20037008191689,24.29844013888442,24.69571876525879,233592
2007-04-30,24.266223825737047,25.017832528304123,24.15885115394175,24.620553970336914,33488
2007-05-03,24.803088076102163,24.974885012499563,24.684977477531827,24.706453323364258,43592
2007-05-04,24.695716659314204,24.899724098105526,24.695716659314204,24.74940299987793,33716
2007-05-07,24.695716068662446,25.726494438183526,24.695716068662446,24.91046142578125,89236
2007-05-08,25.533227373230766,25.533227373230766,24.69572001882977,24.73866844177246,54528
2007-05-09,24.73866444643418,24.803088708820898,24.513182804834763,24.727928161621094,552880
2007-05-10,24.88898041201793,25.125199912580545,20.594074444055444,24.813819885253906,40488
2007-05-11,24.191067448600684,25.007098911730722,24.191067448600684,24.69571876525879,48400
2007-05-14,25.769438589029445,26.628419875330426,24.74939831154703,25.200363159179688,71796
2007-05-15,25.178889149897348,25.30773601616603,24.91045749584727,25.08225440979004,51440
2007-05-16,25.42584587838527,25.42584587838527,24.91045678954688,24.942668914794922,45856
2007-05-17,24.910459198937712,25.307737746417803,24.910459198937712,25.135942459106445,124924
2007-05-18,24.910459133688473,25.12520447104786,24.717188002389648,25.017831802368164,26180
2007-05-21,25.33995392144049,27.165289585273065,25.243319159294337,26.34925651550293,701196
2007-05-22,26.800218503908447,27.48740292159763,26.252617243478987,27.218971252441406,627324
2007-05-23,27.48739917174879,27.895413942503108,26.735790600646286,27.047170639038086,417340
2007-05-24,26.72506208589974,26.929071181454717,26.19893655630838,26.864646911621094,115828
2007-05-25,26.456625628868608,26.939802651104756,26.220406079006324,26.413677215576172,91496
2007-05-28,26.628422169550227,26.929065973333437,26.435151035805525,26.52104949951172,143756
2007-05-29,26.843166601498922,27.20823301192856,25.984185270250958,26.972013473510742,130996
2007-05-30,26.11303096178171,27.057910711115056,26.11303096178171,26.57473373413086,65860
2007-05-31,26.98275056067367,26.98275056067367,26.413675118653334,26.467361450195312,38456
2007-06-01,26.478100822363924,27.036438373311693,26.02713430200524,26.929065704345703,101008
2007-06-04,27.272660048266054,27.272660048266054,26.231145405594294,26.875381469726562,58200
2007-06-05,26.789481700160042,26.789481700160042,26.198932003362927,26.241880416870117,25440
2007-06-06,26.30630675149764,26.67137321024922,25.984188709642567,26.00566291809082,44560
2007-06-07,26.950541371204814,26.950541371204814,25.984187298133726,26.198932647705078,37672
2007-06-08,25.898290237472462,26.198934070879282,25.898290237472462,26.00566291809082,32960
2007-06-11,26.19893543145005,26.510315566063134,25.876817372866647,26.284833908081055,54284
2007-06-12,26.102295805015437,26.402937959632997,26.102295805015437,26.25261688232422,214464
2007-06-13,25.769439697265625,26.585472609696442,25.769439697265625,26.306303024291992,32292
2007-06-14,26.198929466590343,26.628420113583626,25.951972016893844,26.22040367126465,106924
2007-06-15,26.413675689697264,26.521048355102536,25.98418502807617,26.306303024291992,76500
2007-06-18,26.843165638136856,26.843165638136856,26.03787066899275,26.102294921875,29804
2007-06-19,26.198929418698707,26.735792726458925,26.091556757146662,26.57473373413086,122152
2007-06-20,26.843167259605323,26.843167259605323,26.198931245374798,26.392202377319336,40304
2007-06-21,26.31703721614616,26.585468841613274,25.9841813452163,26.424409866333008,52076
2007-06-22,26.09155680484202,26.682106444457787,25.984184143093703,26.22040367126465,35552
2007-06-25,26.3063015975543,27.27265553379099,26.220403142213463,26.85390281677246,196896
2007-06-26,26.725054689917513,27.014962185561586,26.649894154829962,26.746530532836914,65524
2007-06-27,26.531787421866337,26.68210850456948,26.413676829473207,26.52104949951172,24572
2007-06-28,26.82169375866497,26.82169375866497,26.45662569130988,26.531787872314453,28400
2007-06-29,26.41367588160228,26.939801290559874,26.091557883046153,26.25261688232422,144684
2007-07-02,26.62842246587166,26.950540479571725,26.19893178093825,26.832429885864258,70012
2007-07-03,27.3263474313434,27.3263474313434,26.54252652901648,26.78948402404785,66356
2007-07-04,26.52105081968864,26.843168845838704,26.198932793538575,26.682109832763672,52936
2007-07-05,26.853906557257794,29.849603521511977,26.853906557257794,27.519615173339844,199680
2007-07-06,27.70214696763678,28.153113461532314,26.950538328979967,27.176021575927734,116356
2007-07-09,27.090123433469557,27.616250469679926,26.950538642704487,27.487401962280273,95712
2007-07-10,27.852470787269727,28.990621779134692,27.51961484482517,27.745098114013672,238512
2007-07-11,27.702145154875524,28.34638108870984,27.48739984359742,27.83099365234375,56440
2007-07-12,28.11016167285269,28.775873489658167,27.626984692615892,28.550390243530273,172784
2007-07-13,28.96914059763279,29.84959766685281,28.47522901303718,29.656328201293945,353456
2007-07-16,30.064345471213613,33.67206758310997,30.064345471213613,32.19032287597656,1252224
2007-07-17,32.42655205170837,34.26262568747056,31.352825162578956,31.599781036376953,1634020
2007-07-18,31.93263040332675,33.715017324898234,31.56756399210217,33.17815399169922,1488028
2007-07-19,33.800912826673645,33.81165074826877,31.846732336244788,32.06147766113281,664436
2007-07-20,33.28552716819154,33.28552716819154,30.82669371982751,31.041439056396484,334068
2007-07-23,31.191754939237022,31.803780357179804,30.740788496884104,30.880374908447266,252692
2007-07-24,31.33133916540595,31.889678277600638,29.52747988666726,29.731487274169922,385296
2007-07-25,30.064343752926344,32.42654219065627,29.892546847558936,31.352815628051758,649696
2007-07-26,31.84673455014921,31.997055632670047,31.13807427340374,31.835996627807617,319428
2007-07-27,31.138066867513256,31.997048022479138,29.430842477369175,30.536779403686523,223980
2007-07-30,30.064350128173828,30.815958881378172,29.03357175414276,30.064350128173828,152316
2007-07-31,30.644156490433183,30.644156490433183,29.441584665200164,29.956972122192383,109640
2007-08-01,29.849601108297495,30.01066010708327,28.77587444972564,28.818822860717773,138948
2007-08-02,28.990618915764436,30.042869699042583,28.400069271184048,29.74222755432129,229408
2007-08-03,30.064345160834225,30.493835805989,29.03356695711205,29.849599838256836,79376
2007-08-06,29.420111388609566,30.064347404418534,28.23901202629312,29.62411880493164,135748
2007-08-07,30.279089609037392,30.279089609037392,29.237573513911663,29.40937042236328,63520
2007-08-08,30.25761875916964,30.25761875916964,28.77587714238998,29.25905418395996,127196
2007-08-09,29.22683963112764,30.322038807134085,28.990618466256713,29.065780639648438,79556
2007-08-10,28.883245919450605,28.990618580861202,28.17458569878995,28.893983840942383,64360
2007-08-13,29.205363575914845,30.246879690610285,29.04430458560649,30.075082778930664,169848
2007-08-14,30.422398981084463,31.149585757457036,27.83926392608965,30.8239803314209,180576
2007-08-16,29.304481710897694,29.95569241558431,29.10911982438328,29.49984359741211,97732
2007-08-17,29.5106997317694,30.3681265541132,28.327667535454854,29.5866756439209,186676
2007-08-20,29.63008389537661,30.606899847971444,29.52154878953274,29.608375549316406,54492
2007-08-21,29.521560599928794,29.56497399718859,28.47962250454415,28.588157653808594,77648
2007-08-22,29.19594935913089,29.19594935913089,28.08888973140226,28.67498207092285,47752
2007-08-23,29.630093469418966,30.368131102739742,28.761812342109984,29.282779693603516,137336
2007-08-24,29.41301787862068,30.823974455823883,29.011436604832763,30.639463424682617,228324
2007-08-27,31.25812208456332,32.71249238021857,30.802273145938184,32.527984619140625,344616
2007-08-28,32.12640256434916,33.74357554450052,31.80079713295373,33.4071159362793,519696
2007-08-29,32.994684576790526,32.994684576790526,31.692262817180374,32.72334671020508,352324
2007-08-30,32.72334352603629,33.211751638365186,32.452005685853564,32.831878662109375,187744
2007-08-31,32.777605461152106,33.211745930836244,31.7356676714644,32.36517333984375,235264
2007-09-03,31.909335852381165,32.560546788144045,31.909335852381165,31.952749252319336,57328
2007-09-04,32.01786565233692,32.49541959623095,31.518603355990166,31.76823616027832,55700
2007-09-05,32.51713283668657,32.51713283668657,30.84569212569031,31.095321655273438,101936
2007-09-06,32.12640537492319,32.12640537492319,30.606913228811955,31.138734817504883,95188
2007-09-07,31.670548962101236,31.681403137325354,30.737149512953376,30.867389678955078,83788
2007-09-10,30.82397418662179,31.21470128241914,30.389833705120076,30.672025680541992,56308
2007-09-11,31.258119081339544,31.909329895534118,31.04104880994135,31.334095001220703,76872
2007-09-12,31.47519297521307,32.90785825621816,31.36665782702268,32.63652038574219,468508
2007-09-13,32.777606386535915,32.92955489276942,31.920179597148497,32.44114685058594,100948
2007-09-14,32.7776012453483,32.7776012453483,31.366644900349865,31.529447555541992,91068
2007-09-17,31.258124287557035,32.31091660407858,30.748007739916694,30.910810470581055,71120
2007-09-18,31.041054078213623,31.909335311170647,30.726302793712712,31.095321655273438,85592
2007-09-19,32.34347036477281,32.34347036477281,31.36665414570249,31.898475646972656,145912
2007-09-20,32.12640753650444,32.452013018293336,31.86592381351937,31.941896438598633,80036
2007-09-21,31.80080106639087,33.81955565318799,31.80080106639087,33.03810119628906,358076
2007-09-24,34.731245571918066,34.731245571918066,33.027242511153965,33.580772399902344,277416
2007-09-25,33.103221012906296,33.63504258968405,32.886150711182324,33.45053482055664,118472
2007-09-26,34.06917797450954,34.06917797450954,32.79931889127575,33.146629333496094,102852
2007-09-27,32.99468088360282,33.64589169051603,32.61480791290344,33.569915771484375,151912
2007-09-28,33.75441939759267,35.92512160965651,33.64588428698948,34.87232971191406,873388
2007-10-01,35.27391485899051,35.925125594848794,34.75294759519551,34.959163665771484,120516
2007-10-03,36.68487431326995,36.68487431326995,34.08003116676558,34.28624725341797,218888
2007-10-04,33.88466812390533,34.73124079335158,33.439673438794664,33.92808151245117,52764
2007-10-05,34.24283223457475,34.94831055319515,32.82102142229395,33.36369705200195,136600
2007-10-08,33.03809781859944,33.645895299356354,32.18067082664245,32.527984619140625,87216
2007-10-09,32.343462278840775,33.38539998114178,31.475181412294713,32.86442947387695,120504
2007-10-10,33.97150421085441,34.297109682523946,32.99468779584582,33.03810119628906,110524
2007-10-11,33.40710960129279,33.40710960129279,32.57139113985956,33.05979919433594,60436
2007-10-12,34.02575966954855,34.02575966954855,32.77760580607229,32.983821868896484,73388
2007-10-15,33.64588827777863,35.328182691667564,33.1032126603951,34.92660140991211,224164
2007-10-16,35.59952528421481,35.59952528421481,34.3188119799794,35.4041633605957,206352
2007-10-17,30.823973863414675,34.7312381559602,30.823973863414675,34.058319091796875,58684
2007-10-18,34.29709761819722,37.553151189545055,34.29709761819722,35.16537857055664,377456
2007-10-19,35.16537896658136,36.03365992871917,33.42881704230573,34.112586975097656,107520
2007-10-22,34.080043446786725,35.165395148913696,33.14664032051143,34.535892486572266,54148
2007-10-23,35.70805190170665,35.81658701386989,34.75294423956163,35.66463851928711,126940
2007-10-24,36.446094211004684,42.654304781439166,35.81659180120846,39.22459411621094,1181732
2007-10-25,39.70215674104469,42.11163840782785,39.53935401524123,40.74409484863281,300636
2007-10-26,40.37506440619194,41.89455607739271,39.723853689963036,41.341026306152344,384280
2007-10-29,41.46042349350518,44.39087227445973,41.46042349350518,43.85905075073242,530832
2007-10-30,43.859050806865895,45.584758873190765,42.54577494831138,43.20783996582031,228800
2007-10-31,44.04355177790575,46.19254920988439,42.11162790508967,44.90098190307617,355508
2007-11-01,45.584760765356855,46.420482704280296,42.54577671433306,43.02333068847656,224880
2007-11-02,41.52553507746464,43.40319121566728,41.286756502931084,42.632591247558594,123328
2007-11-05,42.54577251472095,48.623740016823945,41.78602657695808,43.84819412231445,638776
2007-11-06,44.48854993236888,47.10424727531009,42.54577173253814,42.89308547973633,372220
2007-11-07,43.64198043101346,45.12890986080917,42.350412928212045,42.697723388671875,92632
2007-11-08,41.286762619444,43.40319764572384,41.286762619444,42.730281829833984,54656
2007-11-12,43.63112700882762,43.82648893919916,41.72090785047281,42.57833480834961,70684
2007-11-13,42.54577463402915,43.262107216333725,41.254207137942046,42.07907485961914,197352
2007-11-14,43.16442895588717,43.848199051853356,42.22017185933405,42.708580017089844,75280
2007-11-15,44.70562433928365,44.70562433928365,41.98139161191076,43.08845138549805,90504
2007-11-16,42.5457764427075,43.97844166822117,42.5457764427075,43.05589294433594,71356
2007-11-19,43.19698854231242,44.82501574868098,43.19698854231242,43.60942077636719,91200
2007-11-20,43.848195031081104,44.0652653035122,42.676016884845,42.936500549316406,3062116
2007-11-21,43.848197641690156,44.49940849775486,41.24335421743133,41.55810546875,89984
2007-11-22,40.37506405376152,42.979906895939685,39.333126254444466,42.95819854736328,79844
2007-11-23,42.76283227770332,42.97990249231095,41.47126516323363,41.916259765625,41788
2007-11-26,42.762841542561844,43.40319815194622,42.32870101928711,42.32870101928711,28868
2007-11-27,42.328703124063445,43.13186246961259,42.220167987847894,42.936500549316406,23772
2007-11-28,43.142709368981684,43.848187635392705,42.70856889734413,42.76283645629883,116432
2007-11-29,43.1969797138248,43.414049963643016,42.545768964370154,43.39234161376953,66796
2007-11-30,43.19698100214381,43.41405125843599,42.32869997697509,42.393821716308594,39588
2007-12-03,43.41405601516001,43.41405601516001,42.37211800835024,42.78455352783203,49596
2007-12-04,42.87137911432702,43.370641406965085,41.67749260734576,42.25272750854492,36864
2007-12-05,42.437238217841404,43.19698417059048,42.328703081734396,42.84967041015625,35972
2007-12-06,43.3706378696234,44.93354305248125,42.220164848829,42.393821716308594,141560
2007-12-07,43.631120020572936,43.631120020572936,41.35188240755793,41.66663360595703,94240
2007-12-10,41.89456355097246,43.38149627650761,41.4604229960401,41.710052490234375,87096
2007-12-11,41.8945652280833,42.32870580039505,41.28676776440092,41.41701126098633,70076
2007-12-12,41.24335175167607,43.631124747825744,41.24335175167607,42.19845962524414,439972
2007-12-13,42.32870101928711,44.021849722504456,41.677490234375,42.32870101928711,368552
2007-12-14,41.63407866397233,42.32870286912229,41.46042178462748,41.579811096191406,130536
2007-12-17,41.460413581446595,48.84080133940044,40.809202896921256,41.243343353271484,189720
2007-12-18,41.24335370838404,41.46042399105975,40.15800229500552,41.22164535522461,93612
2007-12-19,41.24335381171958,41.89456466137831,40.37507267884128,40.657264709472656,56984
2007-12-20,41.02627622793571,41.33017324547323,40.26653037186283,40.48360061645508,70184
2007-12-24,42.328702381443435,44.4994050676713,40.64640779961683,42.317848205566406,344640
2007-12-26,44.47769696988228,44.47769696988228,41.026281003964364,41.948829650878906,772492
2007-12-27,42.328698413310526,44.23891726056216,41.89455791676375,42.7736930847168,376136
2007-12-28,42.741129465969784,43.62026461141706,42.00309196562561,42.18760299682617,314788
2007-12-31,42.545775581641344,42.9582077955511,41.93797812517196,42.241878509521484,340884
2008-01-01,42.241877677892525,42.545774744029465,41.503836740913435,41.85115051269531,130640
2008-01-02,42.2961426273186,42.97991263987947,41.786026177660595,41.981388092041016,117944
2008-01-03,42.2201704303575,42.32870557285199,41.59066792878132,42.20931625366211,177540
2008-01-04,43.19698493507543,43.41405521113108,39.506790242129284,41.004573822021484,273852
2008-01-07,41.13481699684374,41.46042240842825,40.71153062422977,40.9503059387207,124032
2008-01-08,41.460418523159575,41.460418523159575,39.940926744823884,40.29909133911133,180932
2008-01-09,40.78750291906029,41.24335181666257,39.74556825979136,40.89603805541992,131880
2008-01-10,40.559576009175935,41.24334594602099,39.61531913236226,40.7983512878418,191920
2008-01-11,40.060324567069685,40.67897293534364,39.76727833688786,40.12544631958008,92368
2008-01-14,40.157999208725094,41.232496362945106,39.940928942731986,40.6789665222168,73272
2008-01-15,40.87433368753911,41.243352494783366,39.940930837053365,40.353363037109375,90764
2008-01-16,39.0726475510409,40.787501313111505,38.52997189060978,38.98582077026367,81536
2008-01-17,38.42143708366199,39.50678841370894,37.98729655164321,38.388877868652344,138944
2008-01-18,38.8121607526045,38.85557413947652,36.467801426994725,36.684871673583984,101772
2008-01-21,37.98729715171767,38.63850796003283,34.31881092310072,35.38245391845703,99716
2008-01-22,31.71396263531755,34.70952922635493,28.653270999152838,32.36517333984375,172096
2008-01-23,30.3898373052979,38.812164306640625,30.3898373052979,38.812164306640625,174576
2008-01-24,39.72385884518445,43.84819391654241,37.87876157641906,39.235450744628906,658516
2008-01-25,39.289717173966714,39.52849578555106,37.987295610188816,38.87728500366211,43688
2008-01-28,38.63850519834755,39.88665915840654,37.58571314192786,39.64788055419922,30512
2008-01-29,39.506784340742584,40.331651928984115,38.681916752501046,39.40910339355469,69824
2008-01-30,38.63850713422437,39.409107236706745,37.119015280631274,37.455474853515625,54012
2008-01-31,38.595095812723336,38.85557948200033,36.90194699407853,38.627655029296875,69120
2008-02-01,38.63850121747878,38.90983900692737,37.390347386015286,38.00899887084961,38224
2008-02-04,39.37654074452013,40.15799494399764,38.63850324341395,39.55019760131836,63972
2008-02-05,39.72385518817142,39.72385518817142,38.638503953521926,38.86642837524414,20020
2008-02-06,37.03218303001962,38.855571660128504,37.03218303001962,38.20436096191406,24128
2008-02-07,38.627654903777014,38.63850908000945,37.11901714989671,37.78108215332031,79612
2008-02-08,37.98728583663275,45.15060259439779,36.6848646079482,36.93449401855469,60372
2008-02-11,36.90193835578417,37.83534098840564,35.59951700205061,35.86000061035156,17368
2008-02-12,35.81659184226507,37.44461874418621,33.8629595599597,34.29710006713867,64912
2008-02-13,36.2507339351291,36.2507339351291,33.64589077811383,34.1451530456543,25764
2008-02-14,35.16537594795227,36.663159154177265,34.29709506034851,34.73123550415039,36744
2008-02-15,34.73124113915891,40.80920833851172,33.059800821782744,37.151573181152344,4444232
2008-02-18,38.2043722310877,38.2043722310877,35.21965565053397,35.91427993774414,106236
2008-02-19,35.9251275261543,36.793408553976754,35.61037631601451,35.849151611328125,120496
2008-02-20,35.20880218035171,36.03366998708026,34.51417787919134,34.94831848144531,81460
2008-02-21,35.15452106410214,35.59951567245354,34.535872931521695,34.850624084472656,59552
2008-02-22,35.19793922781195,35.27391513915717,33.86295853359088,34.362220764160156,37708
2008-02-25,34.752949420284004,35.143673232534994,33.86296004298063,33.8955192565918,58080
2008-02-26,34.915740966796875,35.38244054479709,34.30794377965533,34.915740966796875,60732
2008-02-27,35.32818393034989,35.8165920031197,34.51417047573353,34.80721664428711,21992
2008-02-28,34.73125277257492,35.1436850743571,34.29711211291774,34.40564727783203,24580
2008-02-29,35.002583441406486,35.241362079697105,33.895523663484084,34.74209976196289,78516
2008-03-03,33.66759961552216,34.7529509466192,33.6567454397653,34.39478302001953,49676
2008-03-04,34.74209139990502,34.74209139990502,31.909324201227797,32.31090545654297,87824
2008-03-05,31.90932836923891,33.396260982084975,31.47518784720845,31.486042022705078,1429536
2008-03-07,33.157486304782076,33.157486304782076,30.3898401484091,30.975929260253906,346336
2008-03-10,30.389833328234413,31.21470089530371,28.436201185705055,30.530927658081055,131340
2008-03-11,32.5605419710366,32.972974177777886,30.606909452774403,32.53883361816406,126124
2008-03-12,33.26600825296689,34.29709170615836,31.475179097423812,31.692249298095703,64868
2008-03-13,30.823978580421116,32.1155460345492,30.823978580421116,31.344945907592773,227484
2008-03-14,31.21470366183425,32.03957130201081,30.41154437227915,31.800792694091797,248712
2008-03-17,29.73862639773838,31.475188523153758,28.653275069353768,29.315340042114258,179812
2008-03-18,29.087417508073308,30.17276890762828,28.002066108518335,28.577301025390625,62316
2008-03-19,30.346421725906687,30.346421725906687,28.00206235469564,28.251691818237305,50052
2008-03-24,28.968030448053714,29.738630664207246,27.253176428075317,27.459392547607422,155208
2008-03-25,28.078039454613517,30.932512048591846,28.023771889615986,29.999109268188477,914728
2008-03-26,28.761809173604085,31.04104688170101,28.653274044647087,29.054855346679688,139264
2008-03-27,29.304480854020245,29.60837784909633,28.87034039692365,29.195945739746094,43624
2008-03-28,29.304485230501836,29.60838227096346,28.219133925668437,29.206804275512695,411328
2008-03-31,29.83630679961061,30.38983662923177,28.55559358084186,28.978879928588867,102036
2008-04-01,30.053382416328585,30.053382416328585,28.219139041102885,28.54474449157715,195996
2008-04-02,29.955696199979652,29.955696199979652,28.457912714872407,28.75095558166504,36188
2008-04-03,28.761814795090473,29.93399309203615,28.219139044239707,29.803752899169922,147184
2008-04-04,29.9556983162333,29.9556983162333,28.653276650310115,28.935468673706055,22484
2008-04-07,29.3044882843559,29.955699135119364,29.08741800076808,29.65180206298828,32960
2008-04-08,29.304482894220527,29.792890942457536,28.826929020612372,29.619234085083008,22616
2008-04-09,29.119971698791907,30.813120252290503,28.262544903589188,30.313858032226562,164644
2008-04-10,30.823979264130735,31.051903716910008,30.23789018000515,30.476665496826172,42096
2008-04-11,31.247256566988145,31.247256566988145,30.411538232454376,30.899946212768555,37836
2008-04-15,30.823980684827585,31.475191544366197,30.389840111801846,31.30153465270996,19548
2008-04-16,31.14959308010561,32.56055025795012,31.106179675541103,32.224090576171875,43004
2008-04-17,32.560530186097076,32.95125721077592,32.12638978361578,32.484554290771484,42984
2008-04-21,33.428823239591395,33.53735837997968,32.77761239726169,33.47223663330078,39080
2008-04-22,33.42882393358715,33.86296450415322,32.65822375838644,32.929561614990234,50924
2008-04-23,33.200903945088776,33.48309601642526,32.23494170787132,32.61481475830078,27716
2008-04-24,33.86295818808853,33.86295818808853,32.77760696411133,32.77760696411133,20312
2008-04-25,32.77761749419912,33.35285250281453,32.560547179668,32.61481475830078,19876
2008-04-28,33.428818812238134,33.428818812238134,32.34346755210053,32.79931640625,58060
2008-04-29,33.645888197261776,33.86295844369572,32.669072088309015,33.05979919433594,58984
2008-04-30,33.64589593902087,33.64589593902087,32.1806714384506,32.63652038574219,31616
2008-05-02,33.53735660176437,33.53735660176437,31.93103793407974,32.267494201660156,353632
2008-05-05,32.99468074998678,33.10321588403279,31.931037761227664,32.0721321105957,47148
2008-05-06,32.56054191546641,32.92956072806244,31.822504290274345,32.11554718017578,40776
2008-05-07,31.9310455723232,32.452013018293336,31.800802054715543,31.941896438598633,41120
2008-05-08,32.517127992484724,32.517127992484724,30.954222668440114,31.11702537536621,37072
2008-05-09,31.051898601855996,31.627133414954162,30.606903945870933,30.672025680541992,34812
2008-05-12,30.541782748019376,31.4100637262842,29.304483016437818,30.04252052307129,65304
2008-05-13,29.738621663981938,31.095310608506665,29.738621663981938,30.682878494262695,48268
2008-05-14,30.823972410363183,32.34346400805714,30.715437296242182,31.887615203857422,75372
2008-05-15,32.10469321118229,32.169814957879886,31.258120440802404,31.3232421875,37628
2008-05-16,31.52945337442315,31.86591291969414,31.475185812677154,31.627134323120117,13080
2008-05-20,33.21175168766886,36.46780577469522,31.746527348506998,31.85506248474121,347964
2008-05-21,31.475190912228264,32.77761260514806,31.475190912228264,32.679931640625,60356
2008-05-22,32.01786882050135,32.7342014633382,31.909333671957278,31.985309600830078,19536
2008-05-23,32.517128909191435,32.517128909191435,31.518604287002983,31.931039810180664,245500
2008-05-26,31.692249298095703,32.560530100783254,31.692249298095703,31.692249298095703,34124
2008-05-27,32.12639991942774,32.56054045887947,31.50774832581725,31.703113555908203,25972
2008-05-28,32.343473368734564,32.430300160268786,31.475192204473235,31.49690055847168,63484
2008-05-29,32.03957194256751,32.30005559408649,31.399212020953804,31.90932846069336,59508
2008-05-30,32.12639793666382,32.45200332115703,31.25811691134858,31.616281509399414,35300
2008-06-02,32.10468135448093,32.10468135448093,31.692249298095703,31.692249298095703,44904
2008-06-03,30.823980528167056,31.583726527100747,30.411548310780642,31.106172561645508,32868
2008-06-04,31.9093349963635,31.9093349963635,30.791424244852294,31.041053771972656,20240
2008-06-05,31.64885129149225,31.64885129149225,31.041053771972656,31.041053771972656,35504
2008-06-06,31.149589687904005,31.149589687904005,30.281308442248143,30.49837875366211,11724
2008-06-09,29.304486018896565,30.82397788654305,26.764764559704744,30.487518310546875,48260
2008-06-10,30.606913159777235,31.258124078070367,30.606913159777235,31.041053771972656,43664
2008-06-11,31.800790005117335,31.800790005117335,31.25811440776038,31.26896858215332,25964
2008-06-12,30.194473076723924,31.692256475683035,30.194473076723924,30.889097213745117,18364
2008-06-13,31.2581219134079,31.800797641071235,31.041051622342568,31.49690055847168,108756
2008-06-16,31.095319195108903,31.692262495538568,31.041051622342568,31.49690055847168,25788
2008-06-17,30.823973053792603,31.833348311296366,30.823973053792603,31.757375717163086,37432
2008-06-18,31.49689628847409,32.234933853149414,31.475187937418617,31.90932846069336,20980
2008-06-19,31.963608213533544,31.963608213533544,31.04105924981526,31.08447265625,20680
2008-06-20,31.11702007733917,31.475184646703163,30.606903690932043,31.26896858215332,50204
2008-06-23,30.71544192885511,30.997633930576676,29.521555493457914,29.858015060424805,46224
2008-06-24,30.389830047014524,30.71543536894682,29.95568961777146,29.988248825073242,35024
2008-06-25,32.126399062641276,32.126399062641276,29.304485631463326,30.009963989257812,25992
2008-06-26,31.149580675353864,31.149580675353864,29.30448356217959,29.488994598388672,21728
2008-06-27,29.49984997543076,29.49984997543076,29.08741776485085,29.282779693603516,30660
2008-06-30,31.258117828163837,31.258117828163837,27.67645849368673,28.186574935913086,39992
2008-07-01,27.82840356912937,28.436200891859173,27.79584435864859,28.2408390045166,59896
2008-07-02,28.002063839111415,29.304485413023574,28.002063839111415,28.75095558166504,51148
2008-07-03,28.653272404363925,29.174239668642542,28.653272404363925,28.696685791015625,17268
2008-07-04,27.78499485224858,30.161913671303633,27.622192148036188,28.729251861572266,18904
2008-07-07,28.761812128200635,29.293633652276156,28.653276988094216,28.66413116455078,29080
2008-07-08,28.66413198794117,29.716920889877496,28.653277811172813,29.391315460205078,15288
2008-07-09,30.27044118616112,30.38983046830376,29.304479380150052,29.34789276123047,16936
2008-07-10,28.870346656212437,29.738627758654918,28.00206555376996,29.63009262084961,29132
2008-07-11,29.33704835433444,29.955700005425346,29.304489135742188,29.304489135742188,35180
2008-07-14,29.34789766778254,30.823976056896676,29.304484279444022,29.369606018066406,41724
2008-07-15,30.12935279297107,30.12935279297107,28.870344620748217,29.434728622436523,24756
2008-07-16,28.447058539310603,29.955696199979652,28.4362043637488,28.75095558166504,38772
2008-07-17,28.653273720485334,30.16191133347413,28.653273720485334,28.67498207092285,35924
2008-07-18,29.304488108671272,29.304488108671272,28.32767183838223,28.631568908691406,16784
2008-07-21,29.087414535186856,30.444103645969825,28.65327401973631,30.27044677734375,88696
2008-07-22,30.606914138123525,31.41007363391195,30.172773512050853,30.878252029418945,47272
2008-07-23,32.01787070963234,32.28920859700211,30.389843385413748,31.051908493041992,66404
2008-07-24,31.9418857578841,32.017861669788815,29.065704963818327,29.488994598388672,290928
2008-07-25,29.08741568126818,29.95569674638066,29.08741568126818,29.73862648010254,34488
2008-07-28,29.738623182777324,30.389833909407486,29.19594757725219,29.423871994018555,31920
2008-07-29,29.434730510891654,30.389838392625208,29.304487021460023,29.76033592224121,455196
2008-07-30,30.368123798880294,30.37897797280704,29.630086343065443,30.172761917114258,16156
2008-07-31,32.34346339686833,32.34346339686833,29.955690931327712,29.96654510498047,19516
2008-08-01,29.955691145502637,30.975920543809504,29.554109903080832,30.715436935424805,122280
2008-08-04,31.25812251984127,31.475192815117946,30.389841338734566,30.76971435546875,25440
2008-08-05,31.47519048934989,31.909331047823684,30.62861772521784,31.366655349731445,48500
2008-08-06,32.10468511119324,32.310904475744906,31.47518278047525,31.594572067260742,42248
2008-08-07,31.594573042583196,32.75589680058241,31.301526903447837,31.757375717163086,56980
2008-08-08,31.475183095089164,32.23492889393614,31.475183095089164,31.887615203857422,28496
2008-08-11,32.73341672280616,32.95310408336191,31.261512077515277,31.656949996948242,38912
2008-08-12,32.29404678568804,32.49176409861253,31.48120410165106,31.700891494750977,25248
2008-08-13,31.843680032143578,31.843680032143578,30.9759156886046,31.18461799621582,22700
2008-08-14,30.756237878482104,31.634987532153023,30.756237878482104,31.36037826538086,22720
2008-08-18,31.634978907572226,31.832696184879357,30.756229493472997,31.05280876159668,13728
2008-08-19,30.975926763255128,31.580067178850527,30.975926763255128,31.39333152770996,28996
2008-08-20,30.97591784515419,31.514151208201202,30.97591784515419,31.23954200744629,23740
2008-08-21,31.19560279741201,31.206587835026767,30.547525804095528,30.745243072509766,22932
2008-08-22,30.470637320481497,31.1736362287866,30.382763714004565,30.811153411865234,14600
2008-08-25,30.866069662006435,31.305444319116848,30.756225997728833,30.953943252563477,19632
2008-08-26,31.08576506724747,31.08576506724747,30.4376879500591,30.65737533569336,116080
2008-08-27,30.39374434334839,30.888040850436123,30.39374434334839,30.404726028442383,5560
2008-08-28,30.931979101435605,30.931979101435605,30.22898026207266,30.327838897705078,16412
2008-08-29,30.745251598289517,30.756236638950465,30.42670553210457,30.525564193725586,23244
2008-09-01,30.866078780476585,31.415297264114958,30.349812064991074,30.45965576171875,17312
2008-09-02,31.085763913799145,31.085763913799145,30.316858092609767,30.558515548706055,31596
2008-09-04,30.536541518344674,30.86607254192393,30.360790968669818,30.646385192871094,13188
2008-09-05,30.64638014757303,30.83311570439093,30.426692834687202,30.668350219726562,11808
2008-09-08,31.810730698606637,31.810730698606637,30.404729570041404,30.767215728759766,257616
2008-09-09,31.17363348973274,31.17363348973274,30.470634643196238,30.646385192871094,20532
2008-09-10,30.756232847575127,30.756232847575127,30.525560430785642,30.558515548706055,10376
2008-09-11,30.207012057174573,30.73426038130729,29.932402856654804,30.06421661376953,24388
2008-09-12,30.613438741224673,30.613438741224673,29.87748465338257,30.1520938873291,20608
2008-09-15,29.657793253877735,31.195604755930656,28.768058785828796,30.09716796875,49832
2008-09-16,29.65779459640391,30.08618429236377,29.438107229023142,29.72370147705078,49280
2008-09-17,29.60287977397418,30.294893804448236,29.54795791910595,30.14111328125,32492
2008-09-18,29.657793835381774,30.097168558868912,28.570342065183734,29.822559356689453,58260
2008-09-19,30.316863974222365,31.415301074737666,30.207020264170833,30.87706756591797,77948
2008-09-22,31.00888017636132,31.00888017636132,30.097178660007803,30.228992462158203,14696
2008-09-23,30.316859382042818,30.415718035681998,29.24039252745887,29.591890335083008,17808
2008-09-24,29.65779502226653,30.316857133872453,29.65779502226653,29.954374313354492,11596
2008-09-25,30.71229396361282,30.71229396361282,29.657793952641818,29.965354919433594,48868
2008-09-26,29.965357701612888,30.097171472283886,29.438109323255773,29.745670318603516,29084
2008-09-29,29.449088951825615,29.822556763887405,27.52682470369291,28.119979858398438,55372
2008-09-30,26.8018574337799,29.416135629488306,26.582170077765312,28.592308044433594,59588
2008-10-01,28.55935395218944,29.19644589179626,28.55935395218944,28.779041290283203,31364
2008-10-03,28.559362804843296,29.17448821261114,27.460925773887784,28.22983169555664,42868
2008-10-06,27.900299460259543,28.119986857584422,25.483738089685882,25.659488677978516,47208
2008-10-07,26.56020627204727,27.010564424136017,25.044362918103587,26.252643585205078,127152
2008-10-08,25.703416994406947,26.252635306253246,24.813682658783428,25.2860107421875,137976
2008-10-10,25.264047300502774,25.264047300502774,22.001690223436782,23.056188583374023,127256
2008-10-13,24.165610147652725,25.1981400926198,23.50654805271674,24.33037567138672,61508
2008-10-14,25.154206955494466,25.923112844963732,24.385301066025203,24.539081573486328,35048
2008-10-15,24.385299299439684,25.00042463688526,22.199410528165835,22.946346282958984,47720
2008-10-16,21.968736852213823,23.923954767277177,21.968736852213823,23.352767944335938,71208
2008-10-17,23.111107065831092,23.945919612668597,22.85846797041573,23.28685760498047,140956
2008-10-20,23.045205220631463,23.506548357859103,22.737642570452497,23.056188583374023,220048
2008-10-21,22.814531466519185,23.48457856926082,22.298266517825244,22.517953872680664,47688
2008-10-22,23.06717720584593,23.06717720584593,22.408114999964617,22.737646102905273,25420
2008-10-23,21.968740087640864,22.408114889393683,20.749474342344055,21.474443435668945,131028
2008-10-24,21.035063421650296,21.111953657688083,17.179549821192,17.24545669555664,188720
2008-10-27,17.574992041418533,20.21124084763131,16.58639873908874,19.47528839111328,124072
2008-10-29,20.65061005068497,20.65061005068497,19.332486004896566,19.497251510620117,36712
2008-10-31,19.991550630138768,20.595690896434167,19.991550630138768,20.430925369262695,2035904
2008-11-03,21.69412854692914,21.749050391351744,20.683566944769535,21.540348052978516,61792
2008-11-04,21.52935988638936,23.111108105569066,20.87029784905091,22.649765014648438,60108
2008-11-05,22.62780207995313,23.94592647296011,21.309677686946152,21.771020889282227,54032
2008-11-06,20.738485459742265,25.2201075803434,20.2551723007676,20.44190788269043,29216
2008-11-07,20.518802155152674,20.8703016369802,19.552177323065663,20.200254440307617,100732
2008-11-10,20.870300108386626,21.25475300512006,19.793831662316677,20.430925369262695,42448
2008-11-11,20.43092698830339,21.50739551967766,20.013520617842133,20.84833335876465,1896792
2008-11-12,20.87030160837531,21.00211370436975,20.21123945232135,20.672582626342773,24272
2008-11-14,20.650611260093637,21.52936067541677,20.222221590556206,20.661596298217773,43736
2008-11-17,20.8703016369802,20.8703016369802,19.574145726414557,20.200254440307617,34024
2008-11-18,19.991548889111332,20.408955190144233,19.771861538681534,19.925642013549805,158924
2008-11-19,20.002533707029418,20.376001528219184,19.44233029916332,19.694971084594727,20148
2008-11-20,19.497257484478897,20.211241561375306,18.267008333350695,19.55217933654785,30156
2008-11-21,19.782851027258165,20.09041204618786,19.332491187125346,19.947616577148438,83472
2008-11-24,20.211239848771815,20.529785893346922,19.771865069450687,19.870723724365234,14300
2008-11-25,19.947612939306783,21.089986539778856,19.826784220990017,19.91465950012207,31500
2008-11-26,19.991549831505537,19.991549831505537,19.771862470719764,19.79383087158203,27892
2008-11-27,19.79383087158203,19.79383087158203,19.79383087158203,19.79383087158203,0
2008-11-28,19.332486837821946,20.10139256432623,18.97000237439649,19.925642013549805,16932
2008-12-01,21.089987471333085,21.089987471333085,19.881706939121294,19.95859718322754,35704
2008-12-02,19.233632585760144,19.969585042278176,19.233632585760144,19.47528839111328,20940
2008-12-03,19.99155415309949,19.99155415309949,19.23363326498068,19.55217933654785,11936
2008-12-04,19.409381231672267,19.980568129890088,19.409381231672267,19.683990478515625,6480
2008-12-05,19.552176400331795,20.32108221382799,19.39839590806522,19.596113204956055,35456
2008-12-08,20.211240920763792,20.211240920763792,19.33249131551319,19.56316375732422,12396
2008-12-10,19.530207362144054,19.760878093033607,19.112801027477083,19.343473434448242,20296
2008-12-11,19.343472222339017,20.32108027883411,17.662863626224542,20.277143478393555,44324
2008-12-12,20.200254440307617,20.29911476950025,19.90367680489319,20.200254440307617,33588
2008-12-15,20.266159582009532,20.573722230665563,19.727926203922678,20.37600326538086,30292
2008-12-16,20.430923858326448,21.298688233489436,19.99154915169577,21.046049118041992,33892
2008-12-17,21.089990288111657,22.36417787178447,21.089990288111657,21.771020889282227,77544
2008-12-18,21.95775274661716,22.188425163802233,21.089988274505092,22.067596435546875,37944
2008-12-19,21.968739068330223,22.40811384969683,21.52936428696362,22.078582763671875,32424
2008-12-22,23.72623626018676,25.92310998798183,22.51795570989947,24.583017349243164,359416
2008-12-23,24.73679792649677,24.73679792649677,22.946345496849165,23.72623634338379,158620
2008-12-24,23.06717491702135,24.165611817831895,23.056189877580568,23.330799102783203,61764
2008-12-26,23.06717872619629,24.154630767141324,23.023241913341085,23.06717872619629,35964
2008-12-29,23.067174734282162,24.37431396545881,22.408112599016956,24.09970474243164,56604
2008-12-30,24.385296956718463,24.385296956718463,23.572454395260465,23.74820327758789,66004
2008-12-31,24.132656157536154,24.165609596748027,23.177016476881064,23.74820327758789,92272
2009-01-02,24.38530230583641,24.561052902797726,23.75919352779483,24.19856834411621,36820
2009-01-05,24.385297690907837,24.780735621193035,24.165610324323083,24.297422409057617,36224
2009-01-06,24.23151813837974,24.23151813837974,23.177018067710033,23.901987075805664,18696
2009-01-07,24.110689148674858,24.14364258978915,23.198986216948274,23.847064971923828,46540
2009-01-09,22.320237305305156,24.154626579324592,22.320237305305156,23.83608055114746,32692
2009-01-12,23.122096140527365,23.945923793990335,22.40811217419279,22.605831146240234,14176
2009-01-13,22.847489553480294,23.726239151691072,21.595272046462668,21.858896255493164,25548
2009-01-14,22.616812744530698,22.616812744530698,21.9687357114748,22.100547790527344,7016
2009-01-15,21.7490544186267,22.605835685485964,21.7490544186267,22.41910171508789,41772
2009-01-16,23.912969719538776,23.912969719538776,22.693705830342626,22.88043975830078,52948
2009-01-19,22.46303114155542,22.957327670342703,21.979719650507096,22.26531219482422,39864
2009-01-20,22.1884222246669,22.506968209934982,21.990703275567437,22.320234298706055,50376
2009-01-21,22.814535440995048,22.814535440995048,22.287285362274524,22.39712905883789,34952
2009-01-22,22.408109397794455,22.748625456134693,22.188422050757257,22.353187561035156,89656
2009-01-23,21.96873641026716,21.96873641026716,20.167300695057882,20.79340934753418,87024
2009-01-27,20.233209116010975,20.870302908432116,19.771865913251478,20.683568954467773,41220
2009-01-28,21.463454646985156,21.463454646985156,20.88128447719373,21.08998680114746,17052
2009-01-29,21.089989657668433,21.48542763418243,21.089989657668433,21.2218017578125,42524
2009-01-30,20.87030013254638,21.309674872178935,20.87030013254638,21.16687774658203,14492
2009-02-02,20.991132024742853,21.309678088624597,20.870303282673575,21.177865982055664,14908
2009-02-03,21.089992831605727,21.309680256934953,21.089992831605727,21.232789993286133,11372
2009-02-04,21.309674712905952,21.73806441041317,21.309674712905952,21.463455200195312,16996
2009-02-05,20.969158778531057,21.375581753556464,20.91423693607699,21.16687774658203,17772
2009-02-06,20.92522708040287,21.3096800713814,20.870305224548794,20.96916389465332,7272
2009-02-09,20.98014502011664,21.529363476140638,20.540770255297446,21.353612899780273,29036
2009-02-10,21.441486958852376,21.617237525138048,21.089987502362657,21.16687774658203,17948
2009-02-11,20.980145425059852,21.529363891684454,20.870301731734934,21.320661544799805,28448
2009-02-12,22.627796492212582,22.627796492212582,21.089985080120464,21.265735626220703,5368
2009-02-13,21.22180348075836,21.52936619011931,21.046054558324908,21.254756927490234,5208
2009-02-16,21.24377329775598,21.518382578627087,20.95818065129925,21.144914627075195,14356
2009-02-17,20.782427613601296,21.529365105540496,20.430928110359858,20.683568954467773,17168
2009-02-18,20.452891730965295,21.046048575268195,20.452891730965295,20.727500915527344,8728
2009-02-19,20.694549254473458,20.83734637791896,19.991550352085504,20.11237907409668,13108
2009-02-20,20.035490196224437,20.29911608169798,19.81580279637074,19.947616577148438,8448
2009-02-24,20.21123974598365,20.21123974598365,19.40938044258425,19.727928161621094,12724
2009-02-25,19.66201884836301,19.782847567584458,19.5521751676459,19.61808204650879,16328
2009-02-26,19.55217656029595,19.77186393737793,19.112801806131998,19.77186393737793,81520
2009-02-27,20.167302077734032,20.167302077734032,16.630333932320184,19.002958297729492,36144
2009-03-02,18.893113345358667,19.112800709839583,17.827629962842547,18.080270767211914,41044
2009-03-03,17.62990754662156,18.420781568636933,16.630329563576872,18.135189056396484,9724
2009-03-04,18.146176673564444,18.43177092888106,18.014364584988176,18.157161712646484,6032
2009-03-05,18.02534608092562,18.332907001787447,17.904517379100394,18.003376007080078,10868
2009-03-06,18.003383883875944,18.234056351526874,17.57499407376084,18.058305740356445,23272
2009-03-09,18.16814455088713,18.43177039650687,18.014364064670147,18.047317504882812,16612
2009-03-12,18.12420361849188,18.420781160669144,17.816641040052748,18.168140411376953,3600
2009-03-13,18.23405425119471,18.728350902582516,18.157163996195198,18.651460647583008,22092
2009-03-16,18.673424967181887,19.00295599601451,18.310940500249707,18.596534729003906,11780
2009-03-17,18.453741328298868,19.068866709674893,18.453741328298868,18.508663177490234,609460
2009-03-18,18.234051184748253,19.06886383713321,18.234051184748253,18.464723587036133,26184
2009-03-19,18.453742293194388,18.871148704090167,18.256023290550925,18.37685203552246,21216
2009-03-20,18.739334987683375,18.739334987683375,18.43177230728354,18.5196475982666,12628
2009-03-23,18.036334646739217,19.090834804545707,18.036334646739217,18.926069259643555,33912
2009-03-24,18.893113745022678,19.771863221535362,18.673426375894508,18.750316619873047,42676
2009-03-25,19.48626830499422,19.48626830499422,18.23405101421001,18.288972854614258,27616
2009-03-26,19.06886684068013,19.06886684068013,17.92649136400238,18.124210357666016,67852
2009-03-27,18.23404973784893,18.662439392582687,18.12420606472936,18.486690521240234,51980
2009-03-30,18.67342443032722,18.871143377158738,18.25601813725656,18.486690521240234,30952
2009-03-31,18.67342794383396,18.893115331408477,18.475708959800546,18.607521057128906,13064
2009-04-01,18.46472960724891,19.33249430624406,18.387837664028837,18.959026336669922,41100
2009-04-02,19.54119254049388,21.08998930015685,19.112802803267147,19.727928161621094,5259224
2009-04-06,20.21123852009955,20.518801180621743,19.859739054966326,20.06844139099121,98284
2009-04-08,19.85974108483438,20.518803277852676,19.45331973435613,20.24419403076172,43744
2009-04-09,20.84833342406099,20.84833342406099,19.760879849499595,19.903676986694336,92468
2009-04-13,20.101395733671612,21.30967635154258,19.881708348604164,20.88128662109375,86764
2009-04-15,21.089987324927137,21.50739365928264,20.661597627822196,21.199831008911133,105392
2009-04-16,21.705111228913996,22.188422736909118,20.47486070659641,20.661596298217773,115588
2009-04-17,20.672582549160623,21.309676299517175,20.45289516462952,20.584707260131836,56388
2009-04-20,20.870300170278252,21.079002501548384,19.640051232299225,19.782848358154297,66424
2009-04-21,19.376422946322716,20.211235518610952,19.112798805642964,19.848751068115234,32176
2009-04-22,20.5847033305875,20.5847033305875,19.574141889873236,19.848751068115234,52984
2009-04-23,20.848329891003825,20.848329891003825,18.98098741235057,19.925642013549805,23004
2009-04-24,19.925642543178906,20.266158615828687,19.85973734194707,20.035486221313477,51636
2009-04-27,20.101396153941533,20.408958834682675,19.782850109366425,19.870723724365234,15348
2009-04-28,19.88170752668603,21.309675470591657,19.55217646270781,19.89269256591797,211604
2009-04-29,20.60667855355841,20.60667855355841,19.55217837524718,19.683990478515625,76908
2009-04-30,19.61808204650879,19.61808204650879,19.61808204650879,19.61808204650879,0
2009-05-04,19.991548351839267,20.321079368627828,19.66201733505071,19.815797805786133,65404
2009-05-05,20.013519125640876,20.529784111313845,19.826785195854693,20.310096740722656,65228
2009-05-06,20.430927983567205,20.76045908007635,20.068443442190773,20.24419403076172,59884
2009-05-07,20.23320469198518,21.002110420489036,20.23320469198518,20.606674194335938,73836
2009-05-08,20.85931785325441,21.08999029251149,19.991553298109853,20.12336540222168,74500
2009-05-11,20.233204284222804,20.419938193594174,19.80481462883664,19.991548538208008,23328
2009-05-12,19.991556713588963,20.343056276633444,19.7718692771759,20.18927574157715,42052
2009-05-13,20.21124415000203,20.32108786820856,19.991556713588963,20.18927574157715,23524
2009-05-14,20.650611079729913,20.650611079729913,19.662017996125822,20.4858455657959,48520
2009-05-15,20.52978549064807,20.859316568675048,20.52978549064807,20.672582626342773,53024
2009-05-18,20.672582626342773,20.672582626342773,20.672582626342773,20.672582626342773,0
2009-05-19,23.06717246182939,23.06717246182939,21.089986250815443,21.628219604492188,144804
2009-05-20,21.979720523717486,23.72623432438548,21.979720523717486,22.517953872680664,243612
2009-05-21,23.034220880046618,26.472328626029427,23.034220880046618,24.813688278198242,771228
2009-05-22,25.066329423111604,27.351078483013396,25.066329423111604,26.900718688964844,765232
2009-05-25,27.46092198529833,28.31770141037431,25.736376419837928,26.19771957397461,214232
2009-05-26,26.746935739773892,28.01013804370572,25.264046078636532,26.52724838256836,319312
2009-05-27,27.90029757914938,29.13054826208748,27.460922814123407,28.130970001220703,1047692
2009-05-28,28.119982673651002,28.22982635596995,26.823826887071085,27.043514251708984,223116
2009-05-29,27.6806118116186,27.6806118116186,26.966627776795104,27.252222061157227,147160
2009-06-01,27.57076881495955,29.218424321829644,27.515846964730546,29.031688690185547,5483980
2009-06-02,30.49261007739798,30.756234272155183,28.77904778323092,28.94381332397461,432024
2009-06-03,29.438108360012297,29.844531346146454,28.13096914431009,28.614280700683594,187912
2009-06-04,28.548369806129635,30.97591563828604,27.76848073719753,29.47105598449707,623092
2009-06-05,29.240387032642804,30.31685368493852,28.11998022950819,28.471481323242188,253512
2009-06-08,28.779043641003668,29.17448155230503,26.582170080621708,27.032529830932617,148700
2009-06-09,25.945076837674623,26.801857875467345,25.28601475876969,25.934093475341797,513640
2009-06-10,26.472329157038793,27.460922362073436,25.945079112470644,26.131813049316406,157228
2009-06-11,26.142800576027252,27.021550175221446,25.923113176228703,26.32953453063965,177428
2009-06-12,26.38445378176039,26.955640629759202,25.49472090586272,25.78031349182129,95604
2009-06-15,25.5716078066657,25.923107230507128,24.84663888317656,25.15420150756836,65172
2009-06-16,24.857625971920044,25.48373463418146,24.451204677194678,25.329954147338867,62296
2009-06-17,25.04436127892856,26.14279817712718,25.04436127892856,25.483736038208008,116276
2009-06-18,25.59357661671342,25.890154207956893,24.198562260804138,24.912546157836914,139552
2009-06-19,25.286019580903805,26.131815741578507,24.396286610355816,24.64892578125,81540
2009-06-22,25.264048931786792,25.3629075832611,24.16561202170911,24.802705764770508,95372
2009-06-23,24.802706201606274,25.483736762632695,24.00084690791053,25.088298797607422,85688
2009-06-24,25.43979665667172,26.032951851203237,25.08829554397591,25.87917137145996,73144
2009-06-25,25.74735882558986,26.790873822228995,25.264047287052794,25.593578338623047,77320
2009-06-26,26.362482944802892,26.362482944802892,25.286014556007135,25.494718551635742,309368
2009-06-29,26.14279844574711,26.14279844574711,25.593579991004525,25.802282333374023,37500
2009-06-30,26.362484747830802,26.362484747830802,25.264047883337852,25.3189697265625,59468
2009-07-01,25.318967784757024,25.63751378059685,24.165609165494775,25.055343627929688,33616
2009-07-02,25.044358589694582,25.615545380208157,24.648920678372065,25.055343627929688,35176
2009-07-03,24.736802647535892,25.483740195375358,24.71483424120455,25.066333770751953,25416
2009-07-06,25.253063540452988,25.373892269310954,24.18758008773722,24.396284103393555,59736
2009-07-07,24.8246689793772,25.01140287984651,24.077731701418607,24.319387435913086,42368
2009-07-08,23.9459242479691,24.38529900481257,22.254332104554415,24.09970474243164,1076540
2009-07-09,23.72623411678154,25.264045587313678,23.627375478394214,24.912546157836914,204952
2009-07-10,25.264045684213503,25.264045684213503,23.506546854007347,23.9349365234375,27424
2009-07-13,23.067178356545867,23.945928008223806,22.506974783168403,23.133085250854492,45480
2009-07-14,23.94592430610298,25.24208017715425,23.30883057191693,24.396284103393555,54332
2009-07-15,24.681871992367924,24.989434599579017,23.96788814666567,24.615966796875,34596
2009-07-16,25.26405114428015,25.26405114428015,24.033802032470703,24.033802032470703,61224
2009-07-17,25.518469916191474,25.518469916191474,24.7593900007355,24.89334487915039,53360
2009-07-20,25.071949718897518,26.121264803163275,25.071949718897518,25.697072982788086,216116
2009-07-21,25.99847351848809,25.99847351848809,25.284046398708135,25.42916488647461,38640
2009-07-22,25.45149197123796,25.808705552975557,25.004974568233784,25.17241859436035,82748
2009-07-23,25.451492523160187,25.89800993584721,25.284048493402555,25.59661102294922,72340
2009-07-24,25.898014706042364,26.76872416182512,25.674755958576483,26.612442016601562,128856
2009-07-27,26.791044182241663,28.465484443631766,26.791044182241663,28.253389358520508,418436
2009-07-28,29.02363221569878,31.233892075615895,29.02363221569878,30.854352951049805,661292
2009-07-29,30.809699856231774,31.144587898147336,29.525962362222117,30.552953720092773,208556
2009-07-30,31.032966130714662,35.46465366384329,30.419004570574625,30.631099700927734,295336
2009-07-31,31.133431312142857,32.69624252730472,31.133431312142857,31.87018585205078,477036
2009-08-03,32.02645542196771,33.01995581877979,31.94831693172587,32.27204132080078,175956
2009-08-04,32.57344402634286,33.26554738150703,31.747387490818152,32.149253845214844,213432
2009-08-05,31.256213969951435,32.75204638575343,31.05528252852168,31.18923568725586,125328
2009-08-06,31.055289373150238,31.66925085430653,30.285044062373448,30.519466400146484,126680
2009-08-07,29.916667159259575,30.765050939137254,29.24689102882839,29.39200782775879,172484
2009-08-10,30.809703952939394,32.774381408081574,30.419001185420235,30.776216506958008,643052
2009-08-11,31.032954515924335,31.925989178253094,30.39666595635234,30.675739288330078,222504
2009-08-12,30.564113431415265,30.809699354147465,30.139923281231216,30.352018356323242,89596
2009-08-13,31.14458499798619,31.59110234562757,30.363179639613776,31.278541564941406,171396
2009-08-14,31.591111097419464,31.591111097419464,30.419002735147714,30.686912536621094,126992
2009-08-17,30.13992545784774,31.010633052855887,29.983645044212622,30.38551139831543,60308
2009-08-18,30.586446152786607,30.698075518307725,29.470152497575416,30.173416137695312,80284
2009-08-19,30.206901148574733,30.519461948913623,29.693405485168938,29.827362060546875,62632
2009-08-20,29.972478987305735,30.564113150276807,29.738056682609884,29.93899154663086,47540
2009-08-21,30.095271470600633,32.0152941208772,29.693405155584593,31.245052337646484,165828
2009-08-24,31.89250269889523,32.048783088164896,31.122257554178656,31.300865173339844,137452
2009-08-25,31.233887008429633,31.57993863311481,30.85434794543754,31.267377853393555,88684
2009-08-26,31.479472005651733,33.93531733942598,30.363178672117982,32.182735443115234,459440
2009-08-27,31.702739038009007,33.979977357999225,31.702739038009007,32.964149475097656,510592
2009-08-28,32.81902617329984,33.46647498684494,31.70273276604474,32.350181579589844,78268
2009-08-31,32.350183808791584,35.14091751923453,31.780876857187117,34.09160232543945,1226816
2009-09-01,34.169735920567895,35.15207258503786,32.13808091088109,32.40599060058594,409932
2009-09-02,31.925991896977497,33.93532005832573,31.925991896977497,32.640419006347656,316436
2009-09-03,32.640422719127905,33.4664792647574,32.372512948472064,32.4841423034668,112816
2009-09-04,32.819024379121416,32.96414115146836,32.037619036761384,32.27204132080078,94320
2009-09-07,32.819028595169584,33.67857594484889,32.4506531062541,32.74088668823242,149876
2009-09-08,33.04228487875062,33.43298757157369,32.037620811491315,32.3055305480957,121452
2009-09-09,32.37251570261501,34.54928831020464,31.747390580129494,33.12043380737305,656348
2009-09-10,33.935323354418664,34.68324138311655,33.48880594186053,33.70090103149414,573560
2009-09-11,33.700896923695,34.27020723664495,33.04228450178145,33.477638244628906,116500
2009-09-14,33.890679532805684,33.890679532805684,32.841364070514615,33.00880813598633,62592
2009-09-15,33.13159204636458,33.801368193447345,32.841358441288165,33.06461715698242,75308
2009-09-16,33.5222969168713,33.80137032912183,32.595774550862664,33.23206329345703,192308
2009-09-17,32.84135176291565,34.605093895575756,32.84135176291565,33.7343864440918,505692
2009-09-18,33.511133231841825,34.15858211848341,33.086939645199486,33.61159896850586,107836
2009-09-22,33.84601879812813,34.002299199941966,33.17624272750547,33.3548469543457,70820
2009-09-23,33.901838848026976,33.901838848026976,32.72973053852312,32.964149475097656,113664
2009-09-24,32.417168280532806,33.26555217161017,32.26088784427966,32.9306640625,61348
2009-09-25,32.81902728014991,33.488803347091746,32.81902728014991,32.95298385620117,51632
2009-09-29,33.68973225138225,33.68973225138225,32.49530039984867,32.696231842041016,71160
2009-09-30,32.595760345458984,33.01995038455241,32.48413102920741,32.595760345458984,77144
2009-10-01,32.595759281919776,35.67672899126811,32.19389307519499,34.47113037109375,2007488
2009-10-05,34.15857666417172,35.33068468696193,33.48880065114874,33.93531799316406,594740
2009-10-06,33.935319045844885,34.44881468642264,33.0534479493402,33.41065979003906,141168
2009-10-07,33.71206791887334,34.15858537475245,32.8190330071151,33.0534553527832,122016
2009-10-08,33.48880381234367,34.71672661879627,33.37717446630252,33.57810592651367,252132
2009-10-09,34.22555822985441,34.22555822985441,33.26554517110189,33.48880386352539,149892
2009-10-12,33.71206843064938,33.91299992618215,33.43299501648838,33.74555587768555,84836
2009-10-13,33.71206283569336,33.71206283569336,33.71206283569336,33.71206283569336,0
2009-10-14,33.745544960179934,34.33718245078686,33.54461352965338,33.94647979736328,183244
2009-10-15,33.957646298525745,35.20789285177563,33.93531906805498,34.62742233276367,318140
2009-10-16,34.660909726305405,35.05161241243123,34.49346571796577,34.71672439575195,156560
2009-10-20,35.14091868177201,35.27487526696779,34.60509915430384,34.89533615112305,142816
2009-10-21,35.05161725359125,36.54744992002446,35.05161725359125,35.40883255004883,657568
2009-10-22,36.167902090270445,37.284195364661514,35.76603583015832,36.1790657043457,1193232
2009-10-23,37.15023842745846,37.88699266231984,36.82651406254175,37.19489288330078,724128
2009-10-26,37.50746070717348,39.07027156997238,37.50746070717348,38.30002975463867,754196
2009-10-27,38.199554417485004,38.36699839639276,36.61441672116234,36.96046829223633,334428
2009-10-28,37.21722447510535,37.797698455685136,35.94465057100377,37.3065299987793,236992
2009-10-29,36.8823398558529,37.6190943130483,35.96698114801668,37.217227935791016,201156
2009-10-30,37.50746628840808,38.40050120003685,36.61443137677932,36.75954818725586,95140
2009-11-03,37.060947230803045,37.060947230803045,34.75021813417122,35.21906280517578,98460
2009-11-04,35.219058170419196,36.167907598148396,35.02928692221046,36.011627197265625,68308
2009-11-05,36.42465991675526,36.83768992402104,36.201401189943006,36.44698715209961,64304
2009-11-06,37.083270531955776,37.418158573821756,36.67024058432481,36.8823356628418,102488
2009-11-09,37.06093993774048,37.284198612064216,36.16790524044553,37.172569274902344,77816
2009-11-10,37.21722384434074,37.909327162790014,36.61442604805183,36.99396514892578,116004
2009-11-11,37.4851358345324,37.61909242243852,36.16791081563822,37.317691802978516,107888
2009-11-12,37.78653323865573,40.18656415337094,36.89349847969193,39.13724899291992,948124
2009-11-13,38.847018517418974,40.56611003484676,38.847018517418974,39.81819534301758,683296
2009-11-16,40.16423715812052,40.44331052193919,39.271202393900765,39.44981002807617,180412
2009-11-17,39.62841863140515,41.25820779729581,38.22188816202943,40.23121643066406,334552
2009-11-18,39.103765016805525,40.56611037290455,39.103765016805525,40.19773483276367,92468
2009-11-19,40.186568699525985,40.53262038910343,39.52795617161528,39.74005126953125,97656
2009-11-20,39.19306380022454,41.168901167236754,39.19306380022454,40.75587463378906,242980
2009-11-23,40.811693944816675,43.74754469602029,40.63308629077842,43.2005615234375,841040
2009-11-24,42.89916035206448,46.75037315237179,42.89916035206448,45.9466438293457,4055084
2009-11-25,46.43781318028924,46.75037402172427,44.76337280119227,44.95314407348633,429852
2009-11-26,45.27686514714134,45.27686514714134,43.08892920069676,43.82568359375,192096
2009-11-27,42.441473074416926,44.31684447545085,41.537274810588954,43.981956481933594,216008
2009-11-30,43.53544966491101,45.23221727092446,42.910324578134606,43.401493072509766,189936
2009-12-01,44.361490807802866,44.361490807802866,42.999615156357805,43.51310729980469,103612
2009-12-02,43.98196046512005,44.52894355607058,43.758701782555995,44.0489387512207,124444
2009-12-03,42.642413817431084,44.4284835061193,42.642413817431084,44.03778076171875,66328
2009-12-04,43.9819577485047,44.98662175798831,43.17822517825504,43.390323638916016,408228
2009-12-07,43.98196915831498,44.651745338390846,43.14474893322016,43.36800765991211,118004
2009-12-08,43.75871043162303,44.629418103058526,43.312192978239125,43.36800765991211,68668
2009-12-09,43.959637814998544,43.959637814998544,42.73171493294096,43.100093841552734,63608
2009-12-10,43.31218893075845,44.20522375407306,42.56427090356947,43.100093841552734,594796
2009-12-11,43.981962550935265,44.428479937239175,42.530781045447554,42.79869079589844,199128
2009-12-14,43.524285253918244,43.524285253918244,42.41915531006645,42.44148254394531,76952
2009-12-15,42.56425333672959,43.088912441556054,41.35865818548321,41.62656784057617,337656
2009-12-16,41.749374340773876,42.41915039971678,40.85633959551669,41.83867645263672,96584
2009-12-17,42.0842663692788,42.419154430572796,41.39216301327487,41.90565872192383,69312
2009-12-18,41.8498445391801,42.66474087527849,41.52612009077172,42.396827697753906,321632
2009-12-21,41.97263725034835,42.53078402229447,41.76054215834033,42.17356872558594,194240
2009-12-22,41.74936888527055,42.62007628545573,41.74936888527055,41.961463928222656,73452
2009-12-23,42.195897835017064,42.854510373861714,41.97263911631327,42.07310485839844,121640
2009-12-24,42.407995108883355,42.9214908695384,41.99496850211789,42.151248931884766,176492
2009-12-29,42.40799516356416,43.02195667224256,42.01729238531426,42.35218048095703,124520
2009-12-30,42.419151306152344,42.64240999723736,42.21821984683874,42.419151306152344,197208
2009-12-31,42.41914893633653,44.20521836523491,42.41914893633653,43.58009338378906,603628
2010-01-04,43.92615047823998,44.42848256757183,43.14474500594601,43.25637435913086,283028
2010-01-05,44.1605713694091,44.205222427903784,43.2228855143911,43.60242462158203,251932
2010-01-06,43.31218197007408,51.05925713596728,42.865664630176404,49.19504928588867,4515796
2010-01-07,50.166223302742296,50.992279714161555,46.57176069990256,46.96246337890625,4205412
2010-01-08,47.39782576987874,47.55410618869787,46.2145539016923,46.41548538208008,786796
2010-01-11,46.995949997434295,47.77735534180969,46.102915318148135,46.53826904296875,587032
2010-01-12,46.97363124002512,47.33084653883026,45.32151814803086,45.63407897949219,736444
2010-01-13,44.77453315910213,46.214551098970446,44.77453315910213,45.399658203125,477248
2010-01-14,45.96896589305905,46.88432794415556,45.768034421675665,46.20338821411133,420584
2010-01-15,46.43781077458938,47.10758689153057,46.22571568555617,46.47129821777344,279264
2010-01-18,47.33084436159024,47.55410306140906,46.214550862496125,46.83967590332031,564844
2010-01-19,46.50478462627019,47.3085138458466,45.47779331571141,45.73454284667969,894144
2010-01-20,46.2145519642133,47.75503566702408,46.2145519642133,46.31501770019531,780244
2010-01-21,46.437810264827235,46.99595702281795,45.76803415523838,45.98012924194336,530164
2010-01-22,45.600586320745016,46.415479156714795,44.26103421340367,46.024776458740234,450544
2010-01-25,46.214544565450154,47.3085106828391,45.77919084145484,46.292686462402344,419844
2010-01-27,45.991281637824386,46.38198427309716,44.651729745460564,44.76335906982422,585024
2010-01-28,44.69639033237557,46.43780884540992,43.62474790845772,44.908485412597656,893916
2010-01-29,45.745706089243534,45.76803332181957,42.75404088355341,43.60242462158203,1382992
2010-02-01,43.91499092495721,44.42848667845178,43.021956016847625,43.27870559692383,612320
2010-02-02,43.53544257906028,44.07126204813972,42.10658839041037,42.251705169677734,563304
2010-02-03,42.731704442904515,43.74753198638491,42.19588504311493,42.37449264526367,998324
2010-02-04,42.66473956463678,43.088929738257164,41.972636221722006,42.8991584777832,392044
2010-02-05,41.99496292279094,42.64241179151751,41.570769347886106,42.452640533447266,264856
2010-02-08,43.16707096181178,43.479631778816824,42.02845023035824,42.34101104736328,244304
2010-02-09,43.08892665608724,43.647073374430335,41.749374532063804,41.86100387573242,249784
2010-02-10,42.36334373321442,42.419158415339865,41.9279898939675,42.01729202270508,160300
2010-02-11,42.41915658492333,42.84334678810948,41.771707662869154,42.0284538269043,266356
2010-02-15,42.39682634472577,43.31218838985475,42.28519699320552,42.6535758972168,233096
2010-02-16,42.97730274014885,43.20056145568209,42.53078530908237,42.999629974365234,198772
2010-02-17,43.490781869517235,44.18288157954487,43.08891565359287,43.54659652709961,256164
2010-02-18,43.75870151677494,45.52244373565557,43.33451138514252,43.781028747558594,455984
2010-02-19,44.1940541094372,46.61641209993451,43.792187812428175,45.79035568237305,4194592
2010-02-22,46.68340245650834,47.062941621468184,44.11592702571341,44.68523406982422,934860
2010-02-23,44.60708208074515,45.544767795197245,44.00428436478715,44.33917236328125,289296
2010-02-24,44.205228413678256,44.74104800148395,43.58010329013305,43.769874572753906,161644
2010-02-25,43.981961992591806,44.60708700681289,43.53544461195636,43.814517974853516,114672
2010-02-26,43.62474681506689,44.65173815530174,43.557771933159756,44.01544952392578,123944
2010-03-02,44.42848330767557,45.768035568208504,44.42848330767557,45.63407897949219,295132
2010-03-03,45.77919940446292,46.18106576588045,45.3773330430454,45.61175537109375,297432
2010-03-04,46.21455875913236,46.21455875913236,45.299196570805194,45.53361892700195,275060
2010-03-05,46.52710775696106,49.26202659916544,46.437805647225396,48.3243408203125,2164380
2010-03-08,49.11691834340098,50.23321194211464,48.592258989342476,48.99412536621094,1269284
2010-03-09,49.21737785717663,50.45646427626594,48.804351321918375,50.06576156616211,1222312
2010-03-10,50.57925848882859,51.32717307981592,50.00994813012295,51.07042694091797,965172
2010-03-11,51.37182955451103,53.470460025847906,51.193221908583794,52.744869232177734,2385068
2010-03-12,53.079754681794874,54.69838021888431,52.47695688724476,53.79418182373047,2077120
2010-03-15,53.58208904325987,53.58208904325987,47.464801906817364,50.947635650634766,1062414
2010-03-16,51.394149236137245,51.97462318692098,50.47879066040255,50.90298080444336,297878
2010-03-17,51.528114038212074,51.572765101557195,50.9029889314071,51.34950637817383,1406072
2010-03-18,51.77369306798499,51.79602030146761,50.47879528577433,51.48345947265625,925592
2010-03-19,51.72904187477356,52.68905499888129,50.902985337902265,51.371829986572266,298812
2010-03-22,51.32716812666035,53.58208211151614,47.866658656958265,51.729034423828125,2704240
2010-03-23,51.86299756450432,53.135571494598075,50.45646704949229,50.83600616455078,294050
2010-03-25,51.12623944260791,52.130903536458284,49.56342862995177,50.99228286743164,470330
2010-03-26,50.67972211670457,51.505778580006634,49.16156235874938,50.90298080444336,507098
2010-03-29,50.947638924382986,51.30485423695467,49.78669426851157,50.25553894042969,334558
2010-03-30,50.456463759041974,51.28252022774793,50.076924668734605,51.03693771362305,227288
2010-03-31,51.32717527318982,52.64440368582953,50.344838327032676,51.438804626464844,254278
2010-04-01,51.706714298469784,51.90764575809628,50.67972295521658,51.572757720947266,331542
2010-04-05,52.242534913407994,52.68905230583029,51.34950012856341,52.46579360961914,291618
2010-04-06,52.666727677418926,52.666727677418926,51.34950266731177,51.50578308105469,394750
2010-04-07,51.50578980175156,52.242544313140264,50.1439135538226,50.5681037902832,290690
2010-04-08,51.17089725334092,51.37183214262874,49.56343517232672,49.920650482177734,1278656
2010-04-09,50.836000766397746,51.036935622438364,48.893650931281016,49.56342697143555,449084
2010-04-12,49.697378093191205,50.00993884833058,48.045261997957674,48.53643035888672,399534
2010-04-13,49.3178361515347,49.340163379980204,48.44712874866835,48.82666778564453,625516
2010-04-15,49.474126703498165,51.30484726672831,48.670394062735056,51.014610290527344,634362
2010-04-16,50.90297962230209,50.90297962230209,50.00994489208627,50.054595947265625,192436
2010-04-19,50.0099455136897,51.12623894033456,48.82667380011471,50.41181182861328,227134
2010-04-20,50.88065357300659,51.30484712370462,50.322506853659625,50.90298080444336,173438
2010-04-21,51.17088430806007,52.041595128051654,50.456457275752456,51.86298751831055,259498
2010-04-22,52.197879768339384,52.46578950148363,51.32716887729923,52.242530822753906,158642
2010-04-23,52.24253537602477,52.84533317980127,51.57275928146035,52.71138000488281,143166
2010-04-26,52.80068204112705,53.35882878574784,52.26486252895403,52.845333099365234,196922
2010-04-27,52.666722208302645,53.8053428596977,51.92997127621343,53.33649826049805,238052
2010-04-28,53.13557369288871,53.336505171921466,51.5727627019214,52.57742691040039,278294
2010-04-29,53.13557779259712,53.13557779259712,52.33184500113838,52.800689697265625,67580
2010-04-30,53.11324274414702,53.35882867392847,52.2425351870262,52.68905258178711,98852
2010-05-03,53.02394057430882,53.314177561941776,51.862996030434374,52.77835464477539,89604
2010-05-04,53.13556504103232,53.582082394318306,51.394146681885566,51.996944427490234,117148
2010-05-05,50.4564683528973,52.19788696853235,49.56343351479293,51.952301025390625,128472
2010-05-06,52.019279026474756,52.24253773474288,51.349502901670355,51.7736930847168,47286
2010-05-07,51.37182248357688,51.66205603577054,50.52343883718909,51.52810287475586,113440
2010-05-10,51.41647439278537,53.04626342884372,51.34949610783504,52.242530822753906,144970
2010-05-11,51.39414294948601,52.66671663260148,51.21553533981124,51.90763854980469,127636
2010-05-12,52.22021066320806,52.4434693721686,50.81368352208267,51.84067153930664,97614
2010-05-13,52.24253101523154,52.66672114371802,51.70671154696893,52.26485824584961,91770
2010-05-14,52.01927233567927,52.57741903455995,51.75136260154797,52.26485824584961,77120
2010-05-17,52.5550874402846,52.5550874402846,51.03693127070758,52.06391906738281,81788
2010-05-18,47.1968867434366,52.644400943480335,47.1968867434366,52.28718566894531,52364
2010-05-19,52.24253244710255,57.77934512642698,52.01927376143117,53.38115310668945,976572
2010-05-20,52.91230236250779,53.1355610222652,51.26018964296562,51.7960090637207,339160
2010-05-21,51.37182543632949,51.37182543632949,50.233204765645304,50.85832977294922,136464
2010-05-24,51.32716751098633,51.9076414228944,50.94762844858044,51.32716751098633,105664
2010-05-25,51.32717648164386,51.75137007807071,48.35783833994392,49.20621871948242,214542
2010-05-26,49.98762575267207,50.679729143283076,49.98762575267207,50.25553894042969,1142226
2010-05-27,50.9253111752891,51.3495013454801,50.12157848721861,50.3448371887207,94840
2010-05-28,50.85833291128665,51.28252308170934,50.03227639660921,50.30018615722656,64330
2010-05-31,50.23320345270554,50.679720816729585,49.6304056926045,49.8983154296875,67052
2010-06-01,49.89831444409718,50.43413390767969,48.0452667386673,49.02760696411133,96014
2010-06-02,49.11690654876849,50.56808787861847,49.11690654876849,50.210872650146484,263404
2010-06-03,50.85832839569561,50.85832839569561,49.7197077558455,49.98761749267578,274780
2010-06-04,49.71971233101988,50.8583330756451,49.71971233101988,50.367164611816406,87922
2010-06-07,50.27785064376521,50.27785064376521,49.0052769354294,49.942962646484375,124804
2010-06-08,49.49644912073443,50.70204804759364,49.49644912073443,49.8983154296875,75282
2010-06-09,49.60808154133055,50.009947875230836,48.9829565115587,49.384822845458984,754346
2010-06-10,49.56343194452122,50.858333100078944,49.228543890842026,50.65739822387695,80520
2010-06-11,51.55043665713377,51.639742188386585,49.85367244322256,50.43414306640625,99528
2010-06-14,50.25553107113333,50.88065266026215,49.719708186178,50.322505950927734,111600
2010-06-15,50.568089890860655,52.0192712784571,50.143899770995276,51.52810287475586,149358
2010-06-16,52.13089972414845,52.13089972414845,50.47878691996456,50.81367492675781,120428
2010-06-17,51.08159210134846,52.68905408708044,50.50111810891256,50.83600616455078,566620
2010-06-18,51.14857410507921,51.52811324767655,50.344841350566725,50.72438049316406,85714
2010-06-21,50.90298025500559,51.21554105180327,49.78668682836072,50.41181182861328,119178
2010-06-22,50.23320767530652,53.068592493870106,50.09925109217606,50.27785873413086,83816
2010-06-23,50.45645725701445,52.28717759120308,50.45645725701445,51.90763854980469,176514
2010-06-24,51.59509790202869,55.3235183033773,51.59509790202869,53.224884033203125,573004
2010-06-25,53.180220161604176,56.43979845250749,52.800681063619976,54.988616943359375,964478
2010-06-28,55.814679651713966,57.734705994396,55.59142093310711,57.243534088134766,725028
2010-06-29,57.55609246142813,59.52077318884091,56.529104443905716,57.980289459228516,846422
2010-06-30,57.3328264047121,58.873316750212624,56.372816804262236,58.382144927978516,317344
2010-07-01,58.471454605075,59.43147114308802,57.80167847715131,58.18122100830078,332482
2010-07-02,58.27052192385859,58.806341452449466,56.9309696957239,57.17655563354492,221804
2010-07-05,57.645391344543064,58.047254225393296,56.0379261945143,56.328163146972656,238636
2010-07-06,56.685381935066545,57.06492444615904,55.814674377441406,55.814674377441406,179492
2010-07-07,56.484451075993256,56.75236083454791,55.81467497627792,56.17189025878906,94312
2010-07-08,57.37748978011053,57.913309333681966,55.6137472935017,56.462127685546875,166310
2010-07-09,55.591417562837506,57.95796119925985,55.591417562837506,57.667720794677734,107514
2010-07-12,57.868654732026535,58.49377633393363,56.48444813925652,57.13189697265625,132382
2010-07-13,56.73003400980514,57.80167298737696,56.73003400980514,57.22119903564453,84750
2010-07-14,57.600741530746554,58.717034971264894,56.975616522724835,57.22119903564453,150338
2010-07-15,57.15422756101121,57.5337700787345,56.0602612867642,56.551429748535156,101600
2010-07-16,57.13189027341072,57.957950048573906,56.70770017804868,57.801666259765625,96456
2010-07-19,57.69004333572864,59.07424991991674,56.03793041523325,56.663055419921875,888594
2010-07-20,56.663059765049766,58.33749663864402,56.663059765049766,57.444461822509766,251470
2010-07-21,58.94028997421265,58.94028997421265,56.39514245162536,57.15422058105469,194748
2010-07-22,57.60074182889313,61.440794009478466,57.60074182889313,60.078914642333984,2123084
2010-07-23,60.592407519766965,61.351485708320936,60.19054460033091,60.43613052368164,601892
2010-07-26,61.40689961676393,62.671160692689845,59.82657499427368,60.458702087402344,219300
2010-07-27,60.09748713138979,60.95537483617986,59.64596583630698,60.57157897949219,98868
2010-07-28,60.93281035044719,61.271451393769055,60.052345015744265,61.02311325073242,107132
2010-07-29,60.50385618472769,61.63265947175619,59.75884877115628,61.36174392700195,97968
2010-07-30,61.63266298350166,62.26479010438797,61.135986753041784,61.40690231323242,108372
2010-08-02,61.700377427697475,62.21963101053649,60.59415171854917,60.93279266357422,74918
2010-08-03,60.503859537172836,63.212987576150724,60.503859537172836,62.53570556640625,2871852
2010-08-04,63.1001131137136,64.90619864111864,62.76147207732515,64.49983215332031,695182
2010-08-05,64.79328826536616,66.7799786688558,64.61268255220031,65.58345031738281,580930
2010-08-06,65.89953576101308,68.27002270845722,65.49316932589011,67.07349395751953,965552
2010-08-09,67.72820526714905,68.3829098734643,65.15453484493125,65.6060562133789,668722
2010-08-10,66.23816490931877,67.27666514519827,64.61269256981241,65.08678436279297,447336
2010-08-11,65.24482502475362,65.67376886324574,63.687077985141194,64.72557830810547,90972
2010-08-12,63.59679206444617,65.2448424216511,63.39360192233148,64.00315856933594,150306
2010-08-13,64.11601972323132,64.70299874651839,62.62599816863113,62.87433624267578,304548
2010-08-16,63.348443779812996,63.348443779812996,61.181140024623225,61.9261474609375,424572
2010-08-17,62.82919104895436,64.02572672125926,61.248866375459016,62.851768493652344,256782
2010-08-18,62.355098537221146,63.55162730793285,62.03902809393693,63.16783142089844,249188
2010-08-19,63.84511367380199,63.84511367380199,62.309943898828784,62.738887786865234,300092
2010-08-20,62.3099454240002,63.66450945495672,61.632663408521935,63.348445892333984,210048
2010-08-23,63.57420572539108,66.1930308619559,63.57420572539108,64.2514877319336,590646
2010-08-24,64.77073352311753,64.7933109675905,62.94207075550614,63.16783142089844,188382
2010-08-25,62.98723038023246,63.23556850876938,61.858426968400344,62.422828674316406,162178
2010-08-26,62.94207138277545,63.21298693981361,62.24221882481971,62.851768493652344,121770
2010-08-27,63.12267305119153,63.438736552880904,61.4068908981623,62.37765884399414,136946
2010-08-30,60.594157401873254,64.34178558958634,60.594157401873254,63.75480651855469,264966
2010-08-31,64.40951011705963,65.76407400502865,62.98722079055945,65.24482727050781,347068
2010-09-01,65.71891877407556,66.82514444952955,65.47058071068774,66.3284683227539,395022
2010-09-02,66.62196023658024,66.62196023658024,65.0867838891614,65.56088256835938,316964
2010-09-03,65.78663759899712,66.96059547730734,65.33511639805731,65.53829956054688,96248
2010-09-06,65.96727607767973,67.05092462894643,65.15453621939497,65.51575469970703,141534
2010-09-07,65.58346000825783,66.37362217703202,64.59011465973231,65.56088256835938,176480
2010-09-08,65.24483568484193,66.28333617748258,64.79331433062157,65.62863159179688,82734
2010-09-09,65.65120560136327,67.00576973528138,65.06423332173432,65.51575469970703,112336
2010-09-13,65.69635566029774,66.68970124080144,65.44801754275458,65.71893310546875,78166
2010-09-14,65.0416347367155,66.37362099091261,65.0416347367155,65.96725463867188,113732
2010-09-15,65.49318074637996,67.68305541255712,65.49318074637996,65.9447021484375,158090
2010-09-16,66.55423837948373,66.57681582293145,64.81588546870474,65.22225189208984,91022
2010-09-17,65.67376767526041,65.92210575294824,65.0416406499349,65.35770416259766,109482
2010-09-20,65.89953488374313,66.59939430351034,65.08679513464794,66.305908203125,516036
2010-09-21,66.57681659444636,66.80257725220282,65.24483009161695,65.44801330566406,225698
2010-09-22,65.69634856649749,66.14786986248716,64.70300309325384,65.24482727050781,104902
2010-09-23,65.24483421038333,66.03499656241219,63.89027017833385,65.17710876464844,149062
2010-09-24,65.83181163304431,71.34037050965341,65.1319521899842,69.78262329101562,1072296
2010-09-27,70.88885074191475,72.13053443325401,69.76004738615177,70.61793518066406,442554
2010-09-28,71.11460996477791,71.11460996477791,69.08276396578427,70.32444763183594,194486
2010-09-29,70.79854913499025,71.94992995667722,69.66974575876168,69.98580932617188,200586
2010-09-30,69.9857917719376,71.00171455572378,68.63122806022267,69.46654510498047,177304
2010-10-01,69.9857946412281,71.34035840847767,69.53427338547824,69.66973114013672,104528
2010-10-04,70.43732658965618,71.34036923824151,69.46655849829439,70.41474914550781,169646
2010-10-05,70.4373230653359,71.13718246090592,69.805195998822,70.14383697509766,59684
2010-10-06,70.43731618327767,71.09202062884256,67.27666738018188,68.65380859375,231006
2010-10-07,69.35368549754949,70.21157334851245,68.67640343952526,69.1730728149414,162894
2010-10-08,68.63124308135689,70.21156775757234,68.63124308135689,69.30852508544922,184848
2010-10-11,69.9857918320882,70.43731306971456,67.72818564395631,68.13455200195312,83006
2010-10-12,68.85700826635397,68.90216315878978,66.82516212078943,67.32183837890625,69968
2010-10-13,67.77336524169203,68.83443640330442,65.94470218442703,66.48652648925781,437356
2010-10-14,67.63788947586411,68.17971363676573,66.48650882790565,67.52500915527344,3673142
2010-10-15,67.72817324285639,67.72817324285639,65.42541259673284,65.92208862304688,254298
2010-10-18,66.82515912811435,68.81185029227179,65.80923610082883,66.26075744628906,262804
2010-10-19,66.91546645895953,68.60867161677565,66.62198032080583,67.77336120605469,418828
2010-10-20,68.63124343010249,68.63124343010249,67.50244008421265,67.75077819824219,155116
2010-10-21,67.72819824336109,67.72819824336109,65.80923262646587,66.2155990600586,756684
2010-10-22,67.2766782518878,68.17972091298697,65.47059292968947,65.74150848388672,203744
2010-10-25,66.03499046795325,66.55423720978266,65.35770851443579,66.01241302490234,188780
2010-10-26,66.46394029844504,66.48651774352433,64.22891102897343,64.47724914550781,134986
2010-10-27,66.78000231246077,66.78000231246077,56.75623011015863,64.02572631835938,119158
2010-10-28,69.66973999015002,69.66973999015002,63.32586416308062,64.20632934570312,81414
2010-10-29,63.66450960894833,66.14787700504206,63.66450960894833,65.71893310546875,147596
2010-11-01,65.76407684858941,66.37363338039926,64.56754811834757,65.44801330566406,557018
2010-11-02,65.26741129197559,67.05091921297274,64.72558706010757,66.73485565185547,126444
2010-11-03,66.87031555175781,67.68304848048572,66.64455487385136,66.87031555175781,111258
2010-11-04,66.37363188299892,67.66047035904685,66.37363188299892,67.4121322631836,131276
2010-11-08,66.82516619403596,67.41214538313373,65.5157569096153,67.11865234375,34248
2010-11-09,67.27666885966936,67.50242949342663,66.01240793269503,67.23151397705078,79318
2010-11-10,66.3736330302155,67.6378940849152,66.3736330302155,66.6219711303711,38022
2010-11-11,66.59939286244384,67.43471003726387,65.9672657877524,66.23817443847656,36764
2010-11-12,66.80257422689522,67.4121307310999,63.506467394988945,66.96060943603516,533708
2010-11-15,66.82516555042248,67.27668693927669,65.92212277271408,67.2089614868164,116346
2010-11-16,66.8703053658933,67.27667176835844,64.61269893071349,65.4931640625,52274
2010-11-18,65.89953518272024,65.92211262662198,63.506470812176275,64.97391510009766,99222
2010-11-19,64.74815727766283,65.40286873115956,63.212987480434116,63.66450881958008,37348
2010-11-22,63.957997288273845,64.72558910481,62.82919389886083,63.212989807128906,74880
2010-11-23,63.19040365463557,63.66450239079855,62.30993851014327,63.03237533569336,512732
2010-11-24,63.48389181199794,64.43208232270571,62.78403248216539,63.23555374145508,33582
2010-11-25,64.07087762721515,64.11603251865932,62.7614684513637,63.212989807128906,33750
2010-11-26,64.00315587741612,65.01907898658145,62.01646455313838,64.49983215332031,186498
2010-11-29,64.99649164363818,65.01906908722717,62.98722317825131,64.20632934570312,70220
2010-11-30,64.52240179131218,69.71489760861498,63.66451393388645,67.77336120605469,279988
2010-12-01,67.72820075339061,68.29260242633553,66.59939740750077,67.75077819824219,123086
2010-12-02,67.63788760464051,68.58607813756936,67.2992466522371,68.08940887451172,56662
2010-12-03,67.72820848200519,69.37625879919946,67.72820848200519,68.83443450927734,96688
2010-12-06,69.17306742105748,70.66308921045777,68.63124319482161,69.85034942626953,283756
2010-12-07,70.4373230653359,71.79188697043851,68.94730139178937,70.14383697509766,243566
2010-12-08,69.1053425501703,70.77597013229713,68.63124376465177,69.37625122070312,183556
2010-12-09,69.76003794486329,69.76003794486329,63.79995841100274,65.10936737060547,108332
2010-12-10,65.0190671652952,68.17971626360816,63.664503266018215,67.02833557128906,101036
2010-12-13,66.84773698075395,68.60866748291403,66.12530006774678,68.20230102539062,49518
2010-12-14,68.8569985115704,69.03760427638916,67.34439939495711,67.88623046875,46632
2010-12-15,68.54094118239652,68.54094118239652,65.47059467488207,67.4347152709961,33974
2010-12-16,67.72819824336109,67.72819824336109,65.74150718408995,66.2155990600586,53836
2010-12-20,66.46393242179055,68.17971469944531,65.74150249255094,66.57681274414062,359620
2010-12-21,66.37363920891974,67.25410447355323,65.78666006927439,66.55424499511719,60460
2010-12-22,67.66045575838135,67.90878691098808,65.98982177744996,66.08013153076172,64604
2010-12-23,67.00576832176506,67.00576832176506,65.47059842491075,65.6060562133789,35740
2010-12-24,65.04164200807143,65.87695224543172,63.21297943921761,65.26740264892578,66562
2010-12-27,65.470586902635,65.92210819161869,64.11602303568392,64.31920623779297,62346
2010-12-28,65.01907337906624,65.42543983181784,63.935424911949376,64.47724914550781,34396
2010-12-29,64.95133613626784,65.42542794847823,64.49981487536829,64.7481460571289,14872
2010-12-30,65.24482157524676,65.78664570520456,64.5675396903826,64.83845520019531,32678
2010-12-31,65.3802966292461,70.43733466301593,64.5901342211674,68.698974609375,297512
2011-01-03,69.87293439031421,69.87293439031421,68.2474546470142,68.76670837402344,68196
2011-01-04,69.30852608685791,69.51170931308755,66.59939803134554,67.4347152709961,336364
2011-01-05,68.56350993898238,68.63123537592034,66.01241054285293,66.89287567138672,30450
2011-01-06,67.68304713807282,67.68304713807282,66.46394087949135,67.34440612792969,27850
2011-01-07,67.59274046894066,67.59274046894066,65.92211295687147,66.2155990600586,44658
2011-01-10,66.80257157098075,67.70561412520738,65.24482454287342,65.42543029785156,111842
2011-01-11,66.82515275269317,66.82515275269317,63.21298233362868,63.75480651855469,123576
2011-01-12,63.687077514766074,65.62862038428689,63.66450007297682,65.42543029785156,34172
2011-01-13,65.01906722536329,66.32847624000676,64.13860206795349,64.92876434326172,31512
2011-01-14,64.59011871400914,65.01906254033473,63.21297746976988,63.574195861816406,32530
2011-01-17,63.59677510698517,65.24482502475362,63.21297926273707,64.72557830810547,54322
2011-01-18,65.01908318886711,65.62863984963073,64.22892071955798,64.61271667480469,33260
2011-01-19,65.24482306574619,65.831802090638,64.79330179885521,65.13194274902344,43552
2011-01-20,64.61271735356006,65.33514748500127,64.4998369996158,64.6804428100586,43804
2011-01-21,65.35771374586152,65.35771374586152,64.16118495474093,64.7933120727539,11958
2011-01-24,64.13860936423562,65.92211732488606,63.212989215644164,63.68708801269531,34460
2011-01-25,64.6804428100586,64.9965064231685,63.709674522006004,64.6804428100586,26438
2011-01-27,64.68042866172577,65.47059096649379,63.32586471069486,63.73223114013672,19040
2011-01-28,63.732227908248994,64.11602376411273,61.56493120823889,62.28736114501953,49974
2011-01-31,61.85840915608624,62.71629674617965,60.50384545193837,61.04566955566406,72858
2011-02-01,61.65523506628816,63.07752440941986,60.50385437011719,60.95537567138672,32412
2011-02-02,61.88099223800354,62.87433766701746,60.75218904829049,61.06825256347656,24892
2011-02-03,60.616734300734684,62.76146046779978,57.79472618617534,58.58488845825195,113640
2011-02-04,60.029757634420776,60.36839862170371,56.66592520534402,57.00456619262695,86718
2011-02-07,58.6526140477731,58.67519149068121,56.48531387712566,56.86910629272461,32420
2011-02-08,57.23032194744503,58.155941944646955,56.44015971148425,56.936832427978516,58848
2011-02-09,57.79472640315314,60.503854203300946,56.44016250307924,57.02714157104492,2499052
2011-02-10,57.79473070757758,57.79473070757758,55.446821150515994,57.41093826293945,51922
2011-02-11,56.89167471570742,59.600802083122055,56.10151256687815,59.1041259765625,80482
2011-02-14,61.74554650130023,62.73889212375293,59.19445355162975,61.72296905517578,54658
2011-02-15,62.30994186708192,64.47724557082717,60.68446236685584,64.04830169677734,49866
2011-02-16,64.52240766094988,68.9924738180304,61.677828248781424,67.00577545166016,739466
2011-02-17,66.9831935492012,67.1412218844101,64.65785451424944,65.87696075439453,98234
2011-02-18,66.71226335667107,66.73484079665418,63.890255600466716,64.54496002197266,51180
2011-02-21,65.01906390431675,66.50908549672427,63.66450007297682,65.42543029785156,36554
2011-02-22,65.01906064941534,66.64453992151775,63.664496885885846,64.13859558105469,76940
2011-02-23,64.88361744552634,65.01907523018973,62.400249988817706,63.212989807128906,22322
2011-02-24,62.89693233527007,63.84512314052352,61.45206523464355,62.061614990234375,188028
2011-02-25,63.12268177876671,63.57420309779985,61.47462483049461,62.17448425292969,32758
2011-02-28,62.784030916684934,64.02571434877099,61.09082623656758,62.03901672363281,48180
2011-03-01,61.6552289672281,63.10009561042781,61.632651526464365,62.37765884399414,38590
2011-03-03,62.67116021835813,63.212984421177374,61.858420469295,62.60342788696289,18714
2011-03-04,63.19039608317179,63.957980812304264,62.106747864357395,62.44538879394531,28228
2011-03-07,62.08418400237683,62.26478978178893,61.18114132597862,61.452056884765625,37036
2011-03-08,62.37768139087953,62.37768139087953,61.54237089803315,61.881011962890625,16392
2011-03-09,61.63265035627164,62.28735478798352,61.40688973225599,62.03901672363281,62988
2011-03-10,61.85841549807453,63.82253582632584,60.16521069429512,63.009796142578125,99106
2011-03-11,63.00980271477379,63.00980271477379,60.50385796586576,61.5423583984375,498254
2011-03-14,60.95538743865661,62.084190909742844,60.707049297083714,60.91023254394531,34160
2011-03-15,60.50385697534093,60.95537829605243,59.62339177788722,60.458702087402344,38400
2011-03-16,61.85842232617245,61.85842232617245,60.9553796644765,61.65523910522461,27106
2011-03-17,62.19706445021184,62.219641895096686,61.40690210692421,61.99388122558594,18784
2011-03-18,62.987238063491034,62.987238063491034,61.54237089803315,61.881011962890625,33606
2011-03-21,61.8584345139661,62.53571664368106,61.745554159013615,61.881011962890625,69706
2011-03-22,61.90357127525332,62.987219609440984,61.65523318918213,62.64857864379883,45082
2011-03-23,61.92614499342016,64.11602610571512,61.858419552696986,62.96464538574219,66084
2011-03-24,63.25813188407977,64.11601953037973,62.264779590889006,63.303279876708984,273994
2011-03-25,63.212980253202424,63.98056506405769,61.90357127525332,62.64857864379883,71274
2011-03-28,63.19040298461914,63.41616362900125,62.35509273420619,63.19040298461914,97484
2011-03-29,62.626022690443534,64.116044828476,62.626022690443534,63.43876266479492,120998
2011-03-30,63.21296910478508,69.87290692118208,62.806602773549635,66.08013153076172,212236
2011-03-31,69.98579372522677,71.04687141821819,64.65784159917924,67.57015228271484,328094
2011-04-01,70.25673153824623,70.25673153824623,65.71894015862269,67.11865234375,59844
2011-04-04,67.1638043721517,67.59274829945173,66.03500093732562,66.37364196777344,86844
2011-04-05,67.23150152598437,67.23150152598437,65.7414871308666,66.03497314453125,32896
2011-04-06,66.37360977799925,67.14119436348508,65.74148291693236,65.92208862304688,47586
2011-04-07,67.05092402866909,67.50244540259952,66.08015583058642,66.37364196777344,142182
2011-04-08,67.05091339822945,67.05091339822945,65.49316628307294,66.01241302490234,271364
2011-04-11,66.37362099091261,66.82514222214331,65.4931559679462,65.96725463867188,56644
2011-04-13,65.92210602156861,66.32847241240975,65.51573963072747,66.05756378173828,57504
2011-04-15,66.23815244410306,68.63121595739274,66.01239186529585,67.63787078857422,124936
2011-04-18,69.98579201466133,70.61791899312036,67.95394644004212,68.45062255859375,393136
2011-04-19,67.72820069925416,68.17972203724918,67.00576380259457,67.59274291992188,50078
2011-04-20,68.13456656974563,69.534285461527,67.32183367998229,68.06684112548828,1199260
2011-04-21,68.54094108585379,70.88885068605691,68.27002552481657,70.23414611816406,548462
2011-04-25,70.43731700612764,73.59796584614618,70.16640149254468,72.5368881225586,875240
2011-04-26,73.05615593683133,74.27526220604847,72.80781781595937,73.64313507080078,530486
2011-04-27,74.27525218547208,74.41070995037009,72.28856126586166,72.9658432006836,784584
2011-04-28,73.14645903235193,73.14645903235193,71.00173261010704,71.22749328613281,67346
2011-04-29,71.70158994922168,71.79189283900993,69.98580748456943,71.09203338623047,61448
2011-05-02,71.79188391722612,71.79188391722612,68.29259397786446,69.62458038330078,127156
2011-05-03,70.61793147019492,71.74673476664732,69.44398017568555,69.64716339111328,144244
2011-05-04,69.53428586843768,70.43732854205375,69.17306742105748,69.85034942626953,40928
2011-05-05,69.55684374997959,70.1663932494301,69.12789997858845,69.3536605834961,46032
2011-05-06,69.35368755297453,69.71489914955714,68.45064478217887,68.76670837402344,120002
2011-05-09,68.27000642973213,70.14382360851786,68.27000642973213,68.40546417236328,145546
2011-05-10,68.63124146735693,69.46655867529421,68.22487503032558,68.31517791748047,53084
2011-05-11,68.22487847073504,68.65382237360285,67.72820223183399,68.20230102539062,25224
2011-05-12,67.81849785326003,69.96322402734904,67.50243432132794,69.28594207763672,270528
2011-05-13,69.6245805616687,70.66308089200881,68.72153799435867,70.1664047241211,91666
2011-05-16,69.55686009149201,71.79188922723642,69.55686009149201,70.6630859375,68318
2011-05-17,71.13719039365631,72.19826143717603,68.54094261935988,71.22749328613281,95390
2011-05-18,72.0176519225191,73.05615235638885,69.57943950358029,70.25672149658203,189448
2011-05-19,70.2567141297885,70.70823541111191,68.74411508148792,69.08275604248047,113528
2011-05-20,68.69896634696387,69.08276222631082,66.50909207032315,68.78927612304688,199948
2011-05-23,68.63124492825844,69.760048298789,67.77335712252281,68.20230102539062,68636
2011-05-24,69.48913643976205,69.96323525860178,68.20230466253349,69.33110809326172,354572
2011-05-25,69.2633620669817,69.98579887575997,67.27667117734346,67.90879821777344,1086212
2011-05-26,68.3603187968347,68.63123431975355,67.05090984528553,67.84107208251953,653770
2011-05-27,68.51833816340203,68.58606358364429,66.17042943623026,67.14119720458984,124454
2011-05-30,67.27666379870114,68.85698811612029,66.6219593879895,68.22486114501953,199492
2011-05-31,68.63123718203472,68.72154006355112,66.7348491115174,68.04425811767578,1453814
2011-06-01,68.4957813031181,70.14383821731361,67.20894970428239,69.73746490478516,177762
2011-06-02,69.96322010962037,72.4240096778447,68.85699436496918,71.97248840332031,682860
2011-06-03,72.62720641750877,72.92069251697284,70.12126173636022,70.6630859375,335614
2011-06-06,70.4824816715669,74.68162448728876,70.4824816715669,73.9140396118164,403348
2011-06-07,74.50102574521645,78.92593653104802,73.16903908709948,74.23011016845703,1538766
2011-06-08,73.71086534312215,74.81709134706053,73.25934396276612,73.66571044921875,205928
2011-06-09,73.5979512033092,74.16235266959224,72.49172570732769,72.76263427734375,145140
2011-06-10,73.95918967168552,73.95918967168552,71.3403647766349,71.85961151123047,120212
2011-06-13,70.93399530483948,72.01764361273764,70.07610074555785,70.9565658569336,109062
2011-06-14,70.8888375825971,73.3270496225646,70.77595726797513,72.46916198730469,246196
2011-06-15,72.69492682995359,73.59796939926979,71.3403629759793,72.58204650878906,126390
2011-06-16,73.98177212970838,73.98177212970838,71.1597638380605,71.81446838378906,161670
2011-06-17,72.2434042510221,73.12386936239784,68.74411435761321,70.9565658569336,104636
2011-06-20,69.08276950325936,74.45587104208957,69.08276950325936,70.88885498046875,284200
2011-06-21,71.15976593870433,73.03357674380614,70.95657582397254,71.9499282836914,257986
2011-06-22,74.04947483806677,74.04947483806677,70.43730533377082,70.86624908447266,279138
2011-06-23,70.66308004191696,73.59796835036718,70.66308004191696,71.65642547607422,303904
2011-06-24,72.24340022005079,73.46250622083063,71.70157609633391,73.10128784179688,133722
2011-06-27,72.2434127525173,75.08799850758142,72.2434127525173,73.75601196289062,350204
2011-06-28,74.04949945762066,74.52359824061847,73.59797811946443,73.89146423339844,211786
2011-06-29,74.27524653532758,74.95252841862845,73.32704914283934,74.65904235839844,296966
2011-06-30,75.38146940517456,76.08132870292722,74.34296917847709,74.68161010742188,412318
2011-07-01,76.21680044624419,77.84227306982406,74.95253936812523,76.64574432373047,439860
2011-07-04,77.00696040385763,77.5713620384657,75.49436126724066,75.8104248046875,125626
2011-07-05,75.83301355235557,77.6616764990163,75.29118928029631,77.09727478027344,364646
2011-07-06,77.32301801799382,77.63908153122868,76.46513035497519,76.96179962158203,196808
2011-07-07,77.2101316403212,77.77453318739957,76.2619342853626,77.41331481933594,278030
2011-07-08,78.46254510351567,78.48535537504974,77.18524646550097,77.8467025756836,201196
2011-07-11,77.55017833737725,78.57657775654842,77.13962135399541,77.66422271728516,486172
2011-07-12,77.73263744594713,77.77825797684741,75.72545937921801,76.4781494140625,161118
2011-07-13,76.5922061258137,79.37489190206955,76.2044593935268,78.18882751464844,429678
2011-07-14,78.32567545601766,80.44690501010582,76.70624393684487,77.61859893798828,646592
2011-07-15,78.46254900764016,79.07839156611522,77.09401617611157,77.5501937866211,1300770
2011-07-18,78.00636216097719,81.15398451651924,77.55018460448025,80.33287048339844,1237598
2011-07-19,80.85749149461466,83.66298136303169,80.46973769328667,82.0435562133789,1784808
2011-07-20,82.56813249919185,83.11554414019233,81.22241018485664,82.36285400390625,626216
2011-07-21,82.11196738599752,82.5453347106134,79.14681300816983,79.7398452758789,131576
2011-07-22,80.37847155643854,81.19959242251731,79.58016095677895,80.2644271850586,104122
2011-07-25,80.28726387755027,81.61017623669986,79.03277537946356,81.01715087890625,91136
2011-07-26,81.97510983791793,83.00150939422086,72.64627970721915,78.53096771240234,2036004
2011-07-27,78.46252645132738,80.97150258785238,78.43971618521579,79.89948272705078,248894
2011-07-28,79.8994854198893,82.5681265484203,78.00635160099375,80.28723907470703,317060
2011-07-29,81.1995973101176,81.1995973101176,77.91512060881792,78.3484878540039,171852
2011-08-01,78.622186135985,79.83105359180327,77.50454581712738,77.70983123779297,100908
2011-08-02,77.55017664812613,79.37488668690557,75.77108714460273,78.69062042236328,165920
2011-08-03,77.64141845703125,79.73983799399848,77.32209556072331,77.64141845703125,123510
2011-08-04,78.02917179364344,79.69421707697121,78.02917179364344,78.80467224121094,85092
2011-08-05,75.31491576393034,78.91871559950536,75.31491576393034,78.43972778320312,215594
2011-08-08,75.83952774721034,78.57659341026755,75.79390720187222,77.5501937866211,2232682
2011-08-09,76.09042258619706,76.68345483896569,75.26930154088032,75.72547912597656,666174
2011-08-10,77.96073589684265,78.46253395643205,76.40973510292075,77.32209014892578,220298
2011-08-11,77.09400358527299,77.98354838834432,76.36411674337421,77.00276947021484,1499258
2011-08-12,77.91513649452106,77.91513649452106,75.90795085175276,77.07120513916016,180038
2011-08-16,76.77469665657392,78.18884313563753,76.20447461806805,77.48177337646484,98444
2011-08-17,76.88872825009956,77.73265255000997,76.25007549697908,76.70625305175781,129136
2011-08-18,75.77108518390602,77.32208589244739,73.67266590932303,74.22007751464844,120514
2011-08-19,73.90076710523981,74.58503346732536,71.6198792316213,73.35335540771484,247998
2011-08-22,72.62346590959028,74.35694202376001,72.07605423162013,73.90076446533203,137828
2011-08-23,74.7674971609283,74.7674971609283,72.53222996515679,73.05683135986328,110404
2011-08-24,73.6726661113883,74.9955780746128,71.73391174003596,72.46379852294922,173866
2011-08-25,72.46381774696476,73.35336271413635,72.41819720066137,72.64628601074219,35594
2011-08-26,73.87795896674321,73.87795896674321,70.75314666612297,71.27774810791016,100974
2011-08-29,72.44098920911846,73.23929984312164,71.20931133737108,72.48660278320312,813322
2011-08-30,72.94277699738777,74.7902972020124,72.64626441670802,74.53939819335938,724020
2011-09-02,75.45176019029078,77.09400207196849,74.6078359416726,75.93074798583984,289110
2011-09-05,75.26930423191034,77.00278050939487,75.10963928713129,76.59221649169922,162278
2011-09-06,76.61502194160302,79.55736589332774,75.79390091861261,78.73625183105469,289874
2011-09-07,78.46252839285093,78.46252839285093,77.32208466621066,78.05197143554688,609544
2011-09-08,78.41691538894933,78.48534619554802,75.90793894943336,76.18164825439453,88026
2011-09-09,76.18165975259024,76.8203056129356,75.49739334762684,75.88514709472656,39500
2011-09-12,75.79389305809399,75.79389305809399,73.94637964886627,75.10962677001953,95060
2011-09-13,75.67984411575495,75.67984411575495,73.9691784986654,74.22007751464844,80000
2011-09-14,74.90435131152908,75.63423816600998,74.01480649312337,75.26929473876953,143560
2011-09-15,75.6798449549638,76.18164299249429,75.26928798659615,75.74827575683594,77036
2011-09-16,75.74828378296657,76.18165106454362,74.81311841068954,75.52019500732422,81470
2011-09-19,75.26930633579263,76.18166156410528,74.40257165318283,75.45177459716797,114860
2011-09-20,75.52019215383676,75.6798501143236,73.92357078466777,75.2464828491211,47840
2011-09-21,74.85872905205812,76.59219794916184,74.47097540044928,75.95355224609375,266380
2011-09-22,75.26930506589987,76.59221734034672,72.98841703359987,76.13603973388672,148782
2011-09-23,75.72546061953813,76.59219503511397,74.81310567231478,75.67984008789062,55186
2011-09-26,74.92714186880524,76.15881952108094,74.35692008898175,75.42893981933594,433626
2011-09-27,75.4289482246026,77.04837269118639,74.72187174668689,75.5657958984375,293434
2011-09-28,76.04480829889121,77.0483976765153,74.69908570430087,75.58863067626953,132364
2011-09-29,75.3149155638407,78.05198083747682,75.0412062521903,77.02558135986328,75584
2011-09-30,76.18164450956597,77.07118926588768,74.35693446143266,74.83592224121094,145438
2011-10-03,75.24648017298104,75.24648017298104,73.99199199896411,74.26570129394531,61584
2011-10-04,70.70752675773373,75.24649240584472,70.70752675773373,73.28492736816406,88806
2011-10-05,72.12167341901515,75.26929572884363,72.12167341901515,74.6990737915039,42788
2011-10-07,75.42893981933594,76.02196490178028,74.81309751284054,75.42893981933594,41982
2011-10-10,75.42895823399529,75.86232550031716,74.58502700953947,75.13243865966797,18428
2011-10-11,75.26928453736686,75.70265175316608,73.76389745447634,74.1744613647461,56494
2011-10-12,74.17447215859164,74.6306497070191,73.58143995349255,73.8779525756836,1001968
2011-10-13,74.42536464112304,75.04120711909238,73.51300953937115,73.64986419677734,46528
2011-10-14,72.98841389200231,74.79031396781761,71.32336848437804,73.74110412597656,35870
2011-10-17,73.49020946129866,74.81312163271213,73.44458891991862,73.69548797607422,37004
2011-10-18,73.12525394612598,73.9007542966014,72.5322218096273,72.8059310913086,243610
2011-10-19,73.21650351365332,74.01481429962773,72.30414832968256,73.28492736816406,63122
2011-10-20,72.53223784660588,73.2393145133547,72.23572519315528,72.34976959228516,54058
2011-10-21,70.7531381311989,72.94278472036359,70.7531381311989,71.84796142578125,47888
2011-10-24,72.98841342804538,73.90076859589595,71.23212694564603,71.61988067626953,29370
2011-10-25,71.25492773291778,72.53222619004299,70.43380679900038,70.77593994140625,39848
2011-10-28,73.90075373752296,74.79029845518325,72.73749974025205,73.14806365966797,154136
2011-10-31,73.90076007781323,74.12884884348549,73.01121528383474,73.94638061523438,77108
2011-11-01,73.6270633834999,74.08324099296574,73.10246191690135,73.55863952636719,131210
2011-11-02,72.76030731201172,73.85513046847038,71.9163761984011,72.76030731201172,233040
2011-11-03,73.3533527873619,74.03761912500386,72.94278880834644,73.90076446533203,419042
2011-11-04,66.1457368008067,76.95714204438153,66.1457368008067,76.54658508300781,446426
2011-11-08,76.13603231653646,77.89231871459307,75.49738651399798,76.9571533203125,217936
2011-11-09,75.36052672659851,77.32209150197787,74.03761467102835,76.5237808227539,192720
2011-11-11,76.1360391421702,76.1360391421702,73.90077167217548,74.12886047363281,380124
2011-11-14,74.15166433106758,75.26929796937854,73.9007652790262,74.37975311279297,46818
2011-11-15,73.92356721714428,75.26928948549931,73.92356721714428,74.83592224121094,93450
2011-11-16,74.76748803923392,75.26928606394668,72.5322211161668,73.85513305664062,300218
2011-11-17,73.53584722792382,75.22370340336211,73.53584722792382,74.31134796142578,78044
2011-11-18,73.53582343659042,74.69907764085096,72.9884117406788,74.4025650024414,51170
2011-11-21,74.35694665247736,74.40256719544689,72.69190124485309,73.74110412597656,79020
2011-11-22,73.7410946937601,73.87794934444605,72.532227027587,73.23930358886719,38988
2011-11-23,72.62346268878336,73.42177338062771,72.0988613041438,72.32695007324219,59136
2011-11-24,74.03760120779522,76.18163382140423,69.33897210091882,70.59346008300781,199956
2011-11-25,70.68469075660387,72.05322303441118,69.81795643161196,70.66188049316406,30312
2011-11-28,71.16368552679941,72.05323020374125,70.06886237990422,70.41099548339844,61388
2011-11-29,70.29697136986995,70.91280695716759,69.79517322254492,70.02326202392578,78426
2011-11-30,69.79515764310761,70.61627853693449,68.4266251403016,70.25133514404297,952282
2011-12-01,70.79874582441775,72.07604420242677,70.29695475640018,70.8215560913086,546040
2011-12-02,71.16369892878149,71.73392087532622,69.9092106463831,71.55145263671875,49386
2011-12-05,71.16369285344764,71.87076939894251,70.34257192837994,70.63909149169922,417522
2011-12-07,70.27416347206383,70.93561962627454,68.51787685780133,68.7687759399414,90788
2011-12-08,69.29337383234515,69.70393784389736,68.08450599099645,68.35821533203125,58486
2011-12-09,67.9704624299618,68.40382975800928,67.05810722955964,67.90203857421875,22306
2011-12-12,69.52146010613401,69.52146010613401,64.16137356438567,64.57193756103516,90472
2011-12-13,64.57191952675318,65.18775490865468,63.40866563554081,63.88765335083008,69486
2011-12-14,63.86483887498679,66.37381468793271,63.49989554641529,65.9860610961914,117292
2011-12-15,66.14573187861882,68.2897645542654,63.95607867256279,64.3210220336914,549564
2011-12-16,65.64392959127707,65.64392959127707,63.59113115006766,64.25259399414062,71354
2011-12-19,64.32103217443706,64.77720970758911,62.72441080840495,63.13496780395508,44440
2011-12-20,63.40867606554316,63.636764828368854,61.67520007592455,62.176998138427734,40756
2011-12-21,62.95250759516341,63.86486277770201,62.74722907123575,63.54553985595703,73898
2011-12-22,63.40868117922719,64.27541576357723,62.9525036167867,63.65958023071289,59544
2011-12-23,63.499897055934724,65.1877521598972,62.63316272059905,64.25259399414062,66420
2011-12-26,64.09294243682203,64.64035407616757,63.24901122899002,63.40867614746094,49374
2011-12-27,64.29822538324258,64.29822538324258,63.020926829190095,63.363059997558594,12764
2011-12-28,64.11574427446301,64.22978864102707,63.40866780962263,63.864845275878906,57990
2011-12-29,64.09293344107788,64.59473143379962,63.40866724775676,63.910465240478516,22488
2011-12-30,63.68238892674646,66.83001124548953,63.68238892674646,65.8036117553711,77758
2012-01-02,65.23337695615511,65.62113058248845,63.63675584184362,64.3210220336914,72006
2012-01-03,65.23339908110445,65.23339908110445,63.978910637237064,64.89126586914062,74414
2012-01-04,65.00531048841879,65.78081104596158,64.32104406222491,64.7772216796875,359714
2012-01-05,64.32103929041712,65.64395149862806,64.32103929041712,65.0509262084961,14376
2012-01-06,64.7772013228122,65.82641090539528,64.54911258576004,65.27899932861328,26578
2012-01-09,64.54911815255876,65.80360631453428,63.95608599293613,65.48428344726562,18992
2012-01-10,65.2561907300047,67.05809040661056,65.23338046357354,65.89483642578125,438166
2012-01-11,67.05809901915875,67.51427656350675,66.1457439304627,66.37383270263672,714760
2012-01-12,66.9440483868959,67.51427026412671,66.16854802600527,66.51068115234375,14922
2012-01-13,68.19854187843544,68.19854187843544,65.07372296125719,66.94405364990234,28092
2012-01-16,67.46864363825235,67.46864363825235,65.89483279133017,66.53348541259766,402142
2012-01-17,67.058099657145,67.51427720583305,66.3054094860965,66.96686553955078,54436
2012-01-18,67.87923349500556,67.87923349500556,66.41946645482962,66.5791244506836,21860
2012-01-19,66.2369655381473,67.14932045454249,66.2369655381473,66.7615737915039,167576
2012-01-20,66.6247458824259,67.6511455750184,65.75800418780564,66.1229476928711,111132
2012-01-23,66.14574088966681,66.60191841304382,65.23338584291278,66.21416473388672,61930
2012-01-24,65.68957492098359,67.42305120687534,63.47711075914945,64.04733276367188,268054
2012-01-25,63.864843086156206,64.80000825206088,63.63675436084851,63.88765335083008,498244
2012-01-27,63.864854856977715,64.77720992636311,61.857676488616555,62.42789840698242,169670
2012-01-30,62.42790881486883,63.4314981663663,62.01734478876672,62.35947799682617,183230
2012-01-31,62.95251405810737,62.95251405810737,61.355892324749576,61.538360595703125,275204
2012-02-01,61.99452508636965,61.99452508636965,61.036556425946365,61.219024658203125,179542
2012-02-02,61.766431898653444,62.222609407390074,60.968121258364334,61.561153411865234,961882
2012-02-03,61.58396577315685,63.59114409555087,61.58396577315685,62.29104232788086,476412
2012-02-06,63.18057553000787,67.05808377553181,62.29103091288368,66.25977325439453,1659430
2012-02-07,67.46865332253913,67.46865332253913,64.7315881660756,65.39305114746094,802018
2012-02-08,65.68954487194664,67.26335549236076,64.7771900820585,66.73875427246094,1704270
2012-02-09,67.46863818426627,67.46863818426627,65.78078310863617,66.80718231201172,226040
2012-02-10,67.28618940825245,67.28618940825245,65.23339040935662,65.46147918701172,129200
2012-02-13,65.46148316708428,66.30541448000616,63.408684043377804,65.64395141601562,356446
2012-02-14,65.2333864115194,66.37383022990262,64.32103135681285,65.87203216552734,59282
2012-02-15,65.2333902217297,70.57066621136417,65.00530144473065,68.03887939453125,839184
2012-02-16,68.19854236047289,69.79516375352743,67.76517508878717,69.1793212890625,166834
2012-02-17,70.1373131611389,70.1373131611389,67.05811404674743,67.42305755615234,136864
2012-02-21,67.9704624299618,69.22495083051479,67.05810722955964,67.90203857421875,156876
2012-02-22,68.42662210686807,69.33897706829296,67.51426714544316,68.44943237304688,1445456
2012-02-23,67.9704412258761,69.11088487060557,67.51426376798432,68.51785278320312,95442
2012-02-24,69.08807806175793,70.00043302318284,67.10371019708832,68.44943237304688,74020
2012-02-27,68.88279940601383,69.33897688552385,67.99325471311246,68.5634765625,158348
2012-02-28,68.40382881896785,69.56708307565513,67.78799324358118,68.95124053955078,289988
2012-02-29,68.8828041177047,69.86358298145167,67.9932593639571,69.33898162841797,134962
2012-03-01,68.47225527411773,69.97763566967747,68.47225527411773,68.99685668945312,54900
2012-03-02,69.2021218916916,70.04605300870766,68.56347620796632,69.84077453613281,86564
2012-03-05,68.90562551107065,70.66190503446052,68.2441694058792,69.74954986572266,379874
2012-03-06,68.88281151341374,72.0304338909981,68.72314658323485,70.38819885253906,199752
2012-03-07,70.36538276735209,70.7075159088465,69.38460387935473,70.29695892333984,64492
2012-03-09,69.79515723218418,72.60064606213254,69.33897973393461,71.52863311767578,183692
2012-03-12,71.61988125712755,72.53223643237759,71.16370366950254,72.2129135131836,52548
2012-03-13,72.25852850440707,72.76032664486564,71.6198826535668,72.34976959228516,152434
2012-03-14,72.9655923790785,72.9655923790785,71.50582571828083,72.39537048339844,52118
2012-03-15,71.61988223974846,72.80594676813328,71.61988223974846,72.5778579711914,94214
2012-03-16,72.57786398466519,72.9656107951627,72.32696489509722,72.5550537109375,42586
2012-03-19,71.84795837103124,72.62345875178161,71.6198696142978,71.68829345703125,93740
2012-03-20,71.16369993062939,71.61987749428727,70.7075223669715,70.98123168945312,17788
2012-03-21,72.39536484277329,72.39536484277329,70.06886386609591,71.14087677001953,63610
2012-03-22,70.7531293729334,72.41817437748368,70.7531293729334,71.59705352783203,98320
2012-03-23,72.7374983152556,72.76030858156231,70.70750990684739,71.96199798583984,42916
2012-03-26,71.61987506496197,73.44458525769987,70.75314050769828,72.94278717041016,223760
2012-03-27,74.26568989681815,75.155234527919,72.53221420296887,74.56220245361328,148480
2012-03-28,73.44458456328421,75.47457324136825,73.44458456328421,75.26929473876953,122758
2012-03-29,75.22367369513827,79.55736033282498,74.12885038148312,78.07478332519531,260108
2012-03-30,79.37488767236438,81.97509811776405,76.63782258021388,80.69779968261719,836072
2012-04-02,82.11196935472788,82.11196935472788,78.16603583391284,78.71344757080078,104494
2012-04-03,78.4625421170462,79.55736550183434,75.56581176041483,76.15884399414062,631580
2012-04-04,75.97637132391347,76.91153668099308,74.74469334760427,75.26929473876953,395936
2012-04-09,75.26929464121439,78.0063599008949,75.13243998608698,77.25366973876953,71552
2012-04-10,77.50454892066536,77.98353665353953,75.49737084855504,77.41331481933594,113048
2012-04-11,76.63782535137832,78.69062424471882,75.93074878486215,78.39411163330078,2307666
2012-04-12,78.91871023348764,79.87668580095531,78.69062147558739,79.0555648803711,69268
2012-04-13,79.64859528129382,79.83106349929137,77.59579650559776,78.09758758544922,63022
2012-04-16,78.00635471927026,79.2608428799603,75.26928964140113,78.3484878540039,80880
2012-04-17,78.91869869361123,79.78543306260747,77.32207762177516,77.70983123779297,80840
2012-04-18,78.46253617154302,80.97151261888888,77.5501810997809,80.51533508300781,209984
2012-04-19,81.61016924546266,81.61016924546266,78.05198956064362,79.7398452758789,1402932
2012-04-20,79.6942032880841,80.92588107531479,78.50814603252395,78.82746887207031,137374
2012-04-23,80.0363402825443,81.19959428950915,78.69061806146253,79.12398529052734,131670
2012-04-24,80.10479066589947,80.10479066589947,78.25726996327451,78.71344757080078,78540
2012-04-25,79.78546077205677,79.83108131709655,78.57659289639932,78.71344757080078,57194
2012-04-26,78.66780541131956,79.69420474624441,78.46252693647779,78.96432495117188,81180
2012-04-27,78.69062042236328,79.73983008680473,78.46253166751585,78.69062042236328,60060
2012-04-30,78.80465801993569,84.84900950337504,78.18881565054423,83.02429962158203,325778
2012-05-02,82.11197222680202,85.51049412960103,81.4505160648964,82.1575927734375,354374
2012-05-03,81.2224074988675,82.88745263533096,79.00994377878978,79.39769744873047,89830
2012-05-04,79.39771894076102,79.73985216777317,78.32569871183566,79.2608642578125,80696
2012-05-07,78.46252339919639,80.65217660713104,77.2080353797325,80.19599914550781,359242
2012-05-08,80.28722990666444,80.35565373877601,78.91869757870992,79.10116577148438,97982
2012-05-09,78.46253894178966,82.0435355091756,78.34849455379288,80.78904724121094,172772
2012-05-10,81.19959299892491,83.02430295395693,78.55376217198527,78.87308502197266,168526
2012-05-11,81.19959313913192,82.56812560776898,78.57657257424422,80.85746002197266,429056
2012-05-14,81.19959727665,82.45408543682296,80.10477403024018,81.97509765625,415364
2012-05-15,80.05915191027475,82.11195067720487,80.05915191027475,81.95228576660156,238202
2012-05-16,80.31005736451166,81.92948902477151,79.83106955503806,80.05915832519531,2818296
2012-05-17,79.73985010588989,81.19961711125191,78.96434953685863,79.46614074707031,1211132
2012-05-18,78.94152135870787,80.28724365279031,78.28006534575718,79.53455352783203,149630
2012-05-21,80.0591563663869,81.29083430295721,76.8202931251125,77.6870346069336,160394
2012-05-22,78.00635278465276,79.30646144868349,77.16242162228669,77.50455474853516,453366
2012-05-23,77.16244003340081,77.96075085179251,75.49739453932818,77.5501937866211,160818
2012-05-24,77.64140974352271,79.07837305671717,75.97636463917715,76.68344116210938,59206
2012-05-25,77.23085128961961,78.48533940077176,76.8887181683963,77.59579467773438,124472
2012-05-28,77.32209798887027,78.4397316414037,74.99558960137841,75.33772277832031,104806
2012-05-29,75.04120054069791,75.63423269699261,74.22007962896038,74.94996643066406,95694
2012-05-30,76.38691630389332,76.38691630389332,73.90075047332284,74.15164947509766,28564
2012-05-31,74.60783613091645,78.3484904700965,72.34975875841944,75.81670379638672,410924
2012-06-01,76.43254709597997,77.59580119802952,75.36052710844639,76.29569244384766,65326
2012-06-04,75.9535594871658,77.32209209053816,74.47098250017909,76.18164825439453,146148
2012-06-05,76.61501263651513,76.86591166316728,74.69906845604535,75.31491088867188,446112
2012-06-06,77.55017162074704,77.55017162074704,75.31490475243541,77.093994140625,703232
2012-06-07,77.09401849326726,81.19961711125191,77.09401849326726,79.46614074707031,1097274
2012-06-08,79.37488956188551,82.1119547191919,78.91871203566777,79.55735778808594,1447830
2012-06-11,79.3748815412352,80.19600239759806,76.63781666050295,77.093994140625,95788
2012-06-12,77.66422849964961,78.80467238363859,76.45536076690811,76.82029724121094,70578
2012-06-13,76.88872455798746,78.21163661903418,74.60783689361949,75.36052703857422,153058
2012-06-14,75.06402944444174,76.13604268474073,73.76392043135444,74.06044006347656,89882
2012-06-15,74.06043081493573,75.26929858365911,73.55863270675776,74.0376205444336,432882
2012-06-18,74.81312040592776,75.36053208992526,73.46739798589141,74.37975311279297,37500
2012-06-19,74.06042937644064,74.58503078421401,72.57785231192263,72.9655990600586,126262
2012-06-20,72.07605839643176,74.35694632036949,72.07605839643176,73.37616729736328,179384
2012-06-21,73.44457839568578,74.72187680340619,73.10244526651333,74.47097778320312,290042
2012-06-22,73.90076025528147,74.72188120581684,73.69548175782681,74.42536163330078,79836
2012-06-25,75.04120390617454,75.22367213442567,73.53581666059426,73.94638061523438,56052
2012-06-26,74.22008912578688,76.13603352451808,73.80953209774353,75.33772277832031,781254
2012-06-27,75.13243750407148,76.54659062580967,75.13243750407148,75.81670379638672,81830
2012-06-28,76.06760544054436,76.36411805977396,75.04120596683386,75.26929473876953,182302
2012-06-29,76.13602427800515,76.31849945997678,75.15524540750488,75.65704345703125,41646
2012-07-02,78.46252392085286,78.46252392085286,75.72545913291614,75.9991683959961,36720
2012-07-03,76.63782861582831,76.63782861582831,74.92716279851072,75.52019500732422,39878
2012-07-04,76.13603554725523,76.84311219053049,75.52019998882903,76.06761169433594,642620
2012-07-05,76.50096379088644,80.51532710080343,76.04478630023033,78.05197143554688,1042518
2012-07-06,78.9515187220255,79.78186040889996,77.77520895774192,78.19037628173828,236330
2012-07-09,78.85925598885422,78.88232240318113,76.69114678087055,77.06018829345703,38512
2012-07-10,77.91358140950926,77.95971423348371,74.73061364393114,75.46869659423828,418344
2012-07-11,76.82952359917566,76.82952359917566,73.92333191937432,74.10784912109375,522640
2012-07-12,74.1539867745882,75.60707918976665,73.99252893339926,74.86900329589844,69810
2012-07-13,74.7536819286408,75.90693216808643,74.4999654681866,74.96126556396484,72144
2012-07-16,74.96124751048256,75.60706467348275,73.80799754878284,74.61527252197266,49524
2012-07-17,75.39949371260226,75.39949371260226,74.38463498416033,75.00739288330078,52902
2012-07-18,74.91514355526847,75.65322663063228,73.69270094050917,74.38465118408203,69964
2012-07-19,75.19191256859398,75.79160407661041,70.83262824770007,74.7998046875,1223692
2012-07-20,74.54608979321749,75.09964843725582,73.87719909950444,74.10784912109375,59466
2012-07-23,72.977671484291,74.2693131202453,72.88541287576868,73.32364654541016,62616
2012-07-24,74.26932018570977,77.03712093797226,72.1473367934227,75.35337829589844,1841790
2012-07-25,76.34516237174222,79.7587801093676,75.76853727830006,76.09144592285156,557880
2012-07-26,76.8987309793542,76.8987309793542,74.7767545849218,75.76854705810547,135458
2012-07-27,76.13759655067935,77.54456351547398,75.76855499679978,76.80648040771484,134586
2012-07-30,77.95971404461162,78.42101412771584,76.94485526955849,77.98278045654297,144794
2012-07-31,77.79826304402884,78.42102102655696,76.78340417969672,77.12937927246094,94848
2012-08-01,77.26775726861699,78.4210073771038,76.71419862431932,77.72905731201172,58532
2012-08-02,78.00586070745103,79.20523691297426,77.38310266922493,78.79006958007812,95374
2012-08-03,77.56761472349177,79.80492318914465,77.56761472349177,79.320556640625,100956
2012-08-06,79.8510624763994,84.41793135722085,79.11297938668511,82.75724792480469,838254
2012-08-07,82.20369297393741,83.4722685045194,81.78852561584532,83.0340347290039,494216
2012-08-08,83.05708218903625,86.70135006591359,82.111415601579,83.31079864501953,456242
2012-08-09,83.51839902766136,84.78697452313048,82.20369069862234,82.5035400390625,346306
2012-08-10,81.2349438628309,82.4804526244339,81.07348602532223,81.25800323486328,116906
2012-08-13,81.55787063754816,84.6485803374611,81.55787063754816,83.3800048828125,417782
2012-08-14,82.59577883446045,83.49531256202106,81.44252866095187,81.92689514160156,59154
2012-08-16,82.45739160136942,83.7720996816149,81.28107495676254,83.05708312988281,212094
2012-08-17,83.01094390399311,85.1098605725002,81.18881008542024,82.61884307861328,151796
2012-08-21,83.0340347290039,84.2795438421625,82.50354232267709,83.0340347290039,249860
2012-08-22,83.03401026319209,86.72441071933396,82.08834373852967,85.50196838378906,552700
2012-08-23,86.72441219289988,88.75412966271347,86.0324620956161,88.06217956542969,1304702
2012-08-24,87.94687787406716,89.26158622313916,86.53991793421392,87.5086441040039,251482
2012-08-27,87.46250938047373,89.37690214637905,83.03402521986183,87.94686889648438,418620
2012-08-28,87.23186343806711,88.40817321990403,85.24827133395645,85.89408874511719,93140
2012-08-29,87.00120875687736,87.00120875687736,85.34052544615632,85.6865005493164,104588
2012-08-30,87.11651641317913,87.11651641317913,84.8792083768249,85.82487487792969,194884
2012-08-31,85.10988066083817,89.79207453204695,85.10988066083817,87.60089874267578,691000
2012-09-03,87.83153201517693,93.36713294988675,87.18571472167969,92.02936553955078,1167640
2012-09-04,92.26002264915284,94.77410685856603,90.50708081104271,91.72953033447266,637840
2012-09-05,91.77564517019901,92.62905309341262,89.53834411127949,89.97657775878906,440818
2012-09-06,92.26001007915767,92.26001007915767,89.90737700658708,90.96836853027344,378280
2012-09-07,92.02937812085422,94.10522875515919,91.36049432424336,91.68340301513672,1605702
2012-09-10,94.0591009873395,96.78077618878079,91.12984915795474,96.2964096069336,1386000
2012-09-11,95.48912536667554,97.05754296777374,93.04423330941435,93.55166625976562,656768
2012-09-12,94.49732235859169,95.71976473117253,93.69004723435287,95.35072326660156,1254032
2012-09-13,95.81203364794526,97.79562557444854,95.48912497127758,96.06575012207031,2394716
2012-09-14,98.21078073289328,98.21078073289328,92.72131279115797,94.93555450439453,291080
2012-09-17,96.71156297487845,96.71156297487845,93.43633649411895,95.12007904052734,1685288
2012-09-18,95.95042732489564,95.95042732489564,91.79872614256843,93.78231811523438,319246
2012-09-20,92.85972285602944,94.56653202628854,92.12163979051545,93.06730651855469,454728
2012-09-21,92.83665408598658,94.75104687021951,92.81358767098394,94.1282958984375,243324
2012-09-24,96.80383260204921,96.80383260204921,92.95197380023394,93.43634033203125,1119586
2012-09-25,94.03602938517722,94.98168897098549,93.41327142677962,93.94376373291016,92318
2012-09-26,95.48911719785457,95.48911719785457,92.02936657474389,94.47425842285156,584068
2012-09-27,95.00473555864991,96.0657269883864,92.79049410504325,93.18260192871094,395474
2012-09-28,94.10520785483847,97.79560816287136,93.41325779708231,95.09700012207031,1597526
2012-10-01,95.51219326359588,103.2850962258288,95.44299402081101,97.51884460449219,618334
2012-10-03,98.25691719718094,101.09390987816701,96.64236691459814,97.17285919189453,395452
2012-10-04,98.41837480656305,99.01805927898945,95.71976652512184,95.9504165649414,947162
2012-10-05,97.2651342248042,97.54191007662624,94.65878429380517,95.8120346069336,112282
2012-10-08,96.68850625151681,96.84995706732263,93.13648975945331,93.87457275390625,1446420
2012-10-09,93.87456368203009,95.027813850114,91.59112975700003,91.98323059082031,435418
2012-10-10,92.53678919219526,95.1200651468793,90.6454562463131,90.87610626220703,366568
2012-10-11,92.0063073278903,93.13649121167776,89.97658961981814,92.32921600341797,390670
2012-10-12,92.83664613220823,94.05908859491845,92.3984124402299,92.72132110595703,297058
2012-10-15,92.72131898222278,94.19747787665116,92.26001888778387,92.67518615722656,155708
2012-10-16,93.52859084847351,93.55165726015801,90.87611539901002,91.2912826538086,155320
2012-10-17,92.69824433064571,92.92889435736484,90.11496825471947,92.00629425048828,294710
2012-10-18,92.19083136252111,95.35073294628138,91.4527483584515,93.80538177490234,690042
2012-10-19,94.38199655243653,94.38199655243653,92.30614625030564,92.3522720336914,151360
2012-10-22,92.16777600269737,93.52861010570682,91.38356711612259,91.75260162353516,92612
2012-10-23,92.26002001580392,92.90583734036217,90.25336176490781,90.64546966552734,362564
2012-10-25,90.66855244633587,91.56808639610301,89.95353575435813,90.0227279663086,1714124
2012-10-29,89.72286251563611,92.19082067544868,89.49221248346223,90.94530487060547,207892
2012-10-30,91.75259948220797,92.14470743578534,88.56963117732559,89.26158142089844,190828
2012-10-31,89.44609911141087,90.41483227274303,87.18573112014506,88.70802307128906,279122
2012-11-01,89.12317594630335,89.95351751576347,88.26977500345662,89.19237518310547,294904
2012-11-02,89.95351791031707,90.23030078097806,87.76234247404012,88.269775390625,175484
2012-11-05,88.13138589624431,89.05398610025863,87.00120205410295,87.39330291748047,317112
2012-11-06,87.92380952058409,88.80027697124112,87.64702662096526,87.94686889648438,240782
2012-11-07,88.08525016732526,93.18261753427852,87.69314931687083,92.62905883789062,1813630
2012-11-08,91.72953575321435,95.69671273815241,90.43789395204878,95.23541259765625,850318
2012-11-09,94.56652028549121,96.64237073078247,94.35893664873825,95.48912048339844,368644
2012-11-12,96.31946749506268,97.47271780741046,95.48912586239602,96.18107604980469,224872
2012-11-15,95.95043939184886,96.9422319834713,93.18263825554553,94.17443084716797,861172
2012-11-16,94.58957052895579,95.90427136290845,92.76743685734299,93.2287368774414,129954
2012-11-19,93.3440785229259,93.96682943774881,91.59113672627883,92.05243682861328,333354
2012-11-20,93.55165741308899,94.12828251174106,92.69824945153168,93.620849609375,89866
2012-11-21,94.54343627493607,94.77408628148088,92.6982362225777,94.58956909179688,66096
2012-11-22,94.56651700041309,95.32765932169342,92.99809953400728,94.84329986572266,48864
2012-11-23,94.82025291087568,95.02783658301361,93.18263587266384,94.01297760009766,80850
2012-11-26,93.25181178050322,95.0278199692676,91.82178570332334,93.7131118774414,123048
2012-11-27,95.00476123270353,96.87302818402895,94.42813606494146,95.67364501953125,331074
2012-11-29,96.20413229486165,99.1333835552686,95.51218218059347,97.79561614990234,372778
2012-11-30,97.7956148708721,100.42502386292607,95.99654741285636,98.97193145751953,270506
2012-12-03,99.66389961478716,103.6541431287445,98.83355793034976,99.31792449951172,835734
2012-12-04,99.84840700357442,100.74794080671128,96.91915554008357,97.3112564086914,221722
2012-12-05,98.55676529294867,98.62596453250138,95.97348891057824,97.3112564086914,242704
2012-12-06,97.81870136515188,98.71823527884158,96.20415078816148,97.03449249267578,135346
2012-12-07,97.95707584100403,98.94886820795574,97.17286006559401,97.6572265625,302244
2012-12-10,97.77254607511813,101.4168207637205,97.03447020421356,97.70335388183594,252960
2012-12-11,97.72643152362994,99.04113261924402,96.87302350104449,98.16466522216797,159562
2012-12-12,97.40350701646193,100.21744026050233,97.3804476440541,98.60289001464844,999698
2012-12-13,98.94887031852684,99.08726175472053,97.10366993962658,98.07240295410156,394296
2012-12-14,98.46450934159186,99.89454253111035,97.79562557444854,98.02627563476562,634548
2012-12-17,98.27997741612798,100.56341126411981,97.84174377481726,99.0641860961914,387562
2012-12-18,99.57162741936682,99.9637282732366,96.98834409521426,97.218994140625,185620
2012-12-19,97.35737701892496,98.25691070919082,96.41171050807925,97.1036605834961,394576
2012-12-20,96.89609892076429,98.48758304700274,96.68851525888654,96.98835754394531,169080
2012-12-21,97.77254673873269,97.77254673873269,94.58957912630223,95.858154296875,108812
2012-12-24,95.09702239938147,98.69516495038597,95.02783019294897,97.98014831542969,175072
2012-12-26,98.69515346288463,99.59468723621521,98.0493361484116,98.99500274658203,166478
2012-12-27,100.93247156118872,100.93247156118872,98.6490372867923,99.71002197265625,159794
2012-12-28,98.7412838586203,100.56341777287565,98.71821744676784,99.13338470458984,670872
2012-12-31,100.07905874879111,102.17797568416533,97.81869099616114,100.60955810546875,349420
2013-01-01,100.60955492547976,105.63772321491687,100.14825482410457,104.55366516113281,611386
2013-01-02,105.98369837239137,108.40552390647214,104.71512309263478,106.51419067382812,504564
2013-01-03,107.36759260083603,107.3906590123932,104.59979214710879,105.15335083007812,131848
2013-01-04,106.05288779496254,108.56697891465919,105.26867905033384,106.90629577636719,240734
2013-01-07,107.02162062774377,108.26712946003187,104.94577022763667,105.31481170654297,111226
2013-01-08,106.07594420736773,107.4829107559404,105.29173553666693,105.63771057128906,200322
2013-01-09,105.24562048547108,110.57363832597503,103.79252791027967,104.76126098632812,921078
2013-01-10,105.96063540255979,107.71357725386791,105.31481805470577,105.7530517578125,202090
2013-01-11,106.09903005248341,106.69872163012155,102.75460410517687,103.21590423583984,157566
2013-01-14,103.2158981694368,104.02317335065027,99.94066461867546,100.26358032226562,450834
2013-01-15,100.7710126492516,101.34763781551979,99.22566142698172,100.33277893066406,292112
2013-01-16,100.90940009758056,102.61620911431197,99.98679986811696,100.42503356933594,916456
2013-01-17,100.67875541114466,102.38556451892958,100.5403639615661,101.11698913574219,346392
2013-01-18,101.43989145100215,101.90119156135484,100.14825677311951,100.67874908447266,79326
2013-01-21,101.00166685346807,101.48603342075255,100.70182457027762,101.09392547607422,116044
2013-01-22,101.14004341675461,101.50908489172986,99.34097590471124,100.17131042480469,89152
2013-01-23,100.42502386292607,101.02471536189147,98.6720821885966,98.97193145751953,86570
2013-01-24,99.47936631778205,99.6408241725029,97.79562372486396,98.16466522216797,145154
2013-01-25,98.21078428513106,99.57162515318724,97.81868344018521,98.27998352050781,126680
2013-01-28,97.86481286578889,98.67208803638681,97.38045339453485,98.37224578857422,184464
2013-01-29,98.57983653053782,100.79407856584758,98.39531929379591,99.66389465332031,166312
2013-01-30,100.60955772416325,108.26713539667564,100.60955772416325,105.45320892333984,3229210
2013-01-31,105.7530509455165,107.87503428167692,103.83865829139003,107.22920989990234,1689614
2013-02-01,107.75969392889652,121.22964687140845,107.02161103722568,113.73352813720703,5554026
2013-02-04,113.87192701558205,116.01696956170751,110.8042772750157,111.77301025390625,1406870
2013-02-05,111.35785896973822,113.89500992176431,109.85863340717734,111.03495025634766,386704
2013-02-06,112.90321427474792,112.90321427474792,107.32147951752225,108.42860412597656,496434
2013-02-07,108.42859399170088,109.78942793011727,107.75971022931463,108.93601989746094,245988
2013-02-08,108.75149046593438,110.1123242516875,107.3445238580688,109.09746551513672,150690
2013-02-11,109.25892879523067,111.45010421597576,108.40552081580924,109.78942108154297,331420
2013-02-12,109.78943364298395,113.61822622402399,109.05135060126001,112.62642669677734,337406
2013-02-13,112.21124751528762,117.58539077806253,112.09592249214755,115.97084045410156,1237484
2013-02-14,116.24762558097264,119.38446064014809,116.22455916812086,117.60845947265625,790082
2013-02-15,113.0185279620654,119.89189684706304,113.0185279620654,118.62332153320312,1219288
2013-02-18,120.37626183485253,120.37626183485253,115.78632039525102,117.10102844238281,1025198
2013-02-19,117.17022425659434,118.55412454308954,115.62486612112235,117.56233215332031,141934
2013-02-20,118.23122687085284,122.22148456748428,117.53928366099134,120.35321044921875,672604
2013-02-21,119.79964144263394,121.52951681534566,116.24762504622781,116.9395751953125,174540
2013-02-22,118.09283348170109,118.55413361248898,116.24763295854952,116.75506591796875,243338
2013-02-25,119.70736076645478,119.70736076645478,113.0646429845619,115.0943603515625,121014
2013-02-26,116.24763562198301,116.24763562198301,111.24252627270612,112.62642669677734,183976
2013-02-27,115.09437016517884,115.55567024600121,112.32656968024469,114.40242004394531,109850
2013-02-28,114.97906208802613,115.90166238562313,110.31992776960861,111.26559448242188,124634
2013-03-01,111.19639820249019,115.78633310712794,109.81249780678746,115.27890014648438,259240
2013-03-04,114.72534374772835,115.23277671877375,111.70382641406319,112.62642669677734,114180
2013-03-05,112.83401088435839,115.78632880323094,112.58029441346751,115.2558364868164,253460
2013-03-06,115.2558304806943,119.01542340446922,114.88678900034614,117.63152313232422,276632
2013-03-07,118.20815837757085,120.14562455574249,117.65459962904241,119.38446807861328,245666
2013-03-08,119.47674448927663,119.93804466104989,115.83247594782061,117.95445251464844,117356
2013-03-11,117.72377779610136,119.79963517360827,116.91650266441331,117.354736328125,104596
2013-03-12,117.12409250905522,119.47672583329407,115.50954215995664,116.20149230957031,319128
2013-03-13,115.32502431084366,118.0928248943039,115.32502431084366,116.27069091796875,89188
2013-03-14,116.91652153727514,117.07797940522777,114.88680369408554,115.85552978515625,91750
2013-03-15,116.57054101789267,117.58539989241348,114.49469044046683,115.16357421875,119196
2013-03-18,117.12409114784644,121.69095926666846,113.71047326497754,120.4454574584961,1607994
2013-03-19,121.99085235595703,126.35013111500685,119.9380606861833,121.99085235595703,1707592
2013-03-20,122.2445285025439,124.52796966605473,121.55257834120874,122.313720703125,396216
2013-03-21,122.72890040731906,124.0897414934643,120.51466529802063,121.4833984375,262220
2013-03-22,120.7222507533693,123.62843596777527,119.01543462569411,122.01388549804688,422548
2013-03-25,124.50490653026739,124.50490653026739,117.746862210154,118.99237823486328,154468
2013-03-26,120.8606314807483,121.78323172105935,116.52441316683883,118.36961364746094,551028
2013-03-28,118.39267076446042,122.7058296212095,115.60181072184982,121.69096374511719,182370
2013-04-01,122.22147685547222,123.81295388050368,120.21481844518101,121.64485168457031,167566
2013-04-02,120.39933451390992,127.04205360257308,120.39933451390992,124.89701080322266,608564
2013-04-03,124.94315535971762,127.73401579061012,122.77503890358861,124.43572235107422,196228
2013-04-04,122.26757878604934,124.06666033396614,119.24606893731087,121.16046142578125,141544
2013-04-05,120.86062143456964,122.15225603253685,118.6233132222324,119.73043060302734,127756
2013-04-08,119.93801975896717,121.59870284810509,119.01541960697512,119.31526184082031,74612
2013-04-09,120.09947803897376,120.67610313607103,116.52440243697062,116.98570251464844,100134
2013-04-10,117.4931408047476,119.1538170367195,115.3711644463033,116.08617401123047,166792
2013-04-11,116.24762672696694,117.58539421898678,115.02518426146196,115.57874298095703,251870
2013-04-12,115.57875557378306,115.9708564833261,113.94113861107027,115.23278045654297,136166
2013-04-15,114.86372421360028,119.66124240937903,114.86372421360028,116.27069091796875,494212
2013-04-16,116.247621131197,118.69250594451842,116.247621131197,116.66278839111328,141290
2013-04-17,117.63152704514512,118.09282715120452,115.32502651484816,115.57874298095703,235208
2013-04-18,115.57874022809523,116.96264051331157,114.05644850658106,115.601806640625,207472
2013-04-22,115.67098997754462,117.63151523140131,115.46340635844174,116.04003143310547,139504
2013-04-23,116.2476285362266,117.58539604906724,114.9559868113812,115.80939483642578,222860
2013-04-25,115.00210629871076,116.70891511193933,115.00210629871076,116.04003143310547,567196
2013-04-26,116.01697976468643,116.15537120796725,114.97905449840195,115.37116241455078,149718
2013-04-29,116.1092334730402,116.1092334730402,115.04824183790655,115.34809112548828,118572
2013-04-30,115.37114503144788,118.66943756513075,114.51773712553434,114.95597076416016,333898
2013-05-02,115.50954681895043,116.38602126714159,114.4254957641598,115.37116241455078,584348
2013-05-03,115.94778307238353,115.94778307238353,113.94112481972267,114.42549133300781,166526
2013-05-06,114.8637281416413,117.03183726505269,113.94112791560403,116.17843627929688,295296
2013-05-07,116.70892069826762,120.28399633230546,116.63972850154818,119.73043060302734,404300
2013-05-08,120.30705989602589,123.76681063012666,120.30705989602589,123.25939178466797,715882
2013-05-09,123.97441343298752,128.97952280016028,123.97441343298752,127.01899719238281,1352422
2013-05-10,127.45720023531992,131.931816423443,127.4341408635529,131.00921630859375,688786
2013-05-13,132.85444996582692,134.23835048630428,129.39469866463352,132.0933074951172,346094
2013-05-14,132.85443642167814,136.93694535643849,128.51821804846756,132.32394409179688,1584162
2013-05-15,132.85442879916482,136.54482959914162,132.5315130980621,134.95333862304688,945328
2013-05-16,134.6996537684498,135.20708678655507,131.816527617584,132.18556213378906,168708
2013-05-17,132.73907788368737,134.23830291625725,129.62530281604222,130.50177001953125,199588
2013-05-20,130.8477775359699,133.7078439397858,130.75552595770128,131.95489501953125,396218
2013-05-21,131.9548954595699,132.39313621053563,128.54127734147102,129.14097595214844,119306
2013-05-22,129.39470237307816,130.57101221809125,126.90368418037927,127.59563446044922,104974
2013-05-23,126.8575283675522,127.96464579957119,125.61201245792965,127.04204559326172,151650
2013-05-24,127.43418395355611,132.80832862418922,127.43418395355611,130.04052734375,104176
2013-05-27,130.54792998244395,133.77703072405916,130.31727992947143,133.2234649658203,318926
2013-05-28,134.35366270372853,136.96000561959593,133.38492961632076,134.39979553222656,453594
2013-05-29,135.59920001937198,136.4064753729337,134.23835879226198,135.94517517089844,846538
2013-05-30,135.59915371407348,135.94512874745408,131.5858376957545,132.02407836914062,233746
2013-05-31,132.1394236310215,132.37007368862302,129.71759802620542,131.60891723632812,169998
2013-06-03,131.6088989023992,132.46230681219237,130.08661436539762,131.5166473388672,87054
2013-06-04,131.81652569783222,131.81652569783222,128.72580887801095,130.24810791015625,190764
2013-06-05,129.64841584740282,130.94006485673683,129.16405626750566,129.5792236328125,123302
2013-06-06,129.3946728291805,130.64018868003114,129.18708216145163,129.4869384765625,79046
2013-06-07,129.25627869533966,130.3403225426995,128.74884582850046,129.4407958984375,79934
2013-06-10,130.08665827247324,130.27117553957623,129.09486564375032,129.3255157470703,88284
2013-06-11,129.16404004181024,129.1870994178553,126.48850484347801,127.01899719238281,146956
2013-06-12,127.29576417666206,128.40288156589085,126.51154840050424,127.38801574707031,170194
2013-06-13,126.51154273245417,126.97284279711216,124.15890958714625,124.73553466796875,145544
2013-06-14,125.88878875051334,126.48848729990324,124.66634635664794,125.75040435791016,83184
2013-06-17,125.47361801609848,131.51665169933773,125.03537732207027,129.39466857910156,192858
2013-06-18,129.16405827527032,131.05539194413979,128.35678291104986,129.07179260253906,86894
2013-06-19,129.1640503587786,130.3634336419487,125.70429900988275,126.81141662597656,158428
2013-06-20,125.4736214949426,127.96463910612819,125.19683863197506,125.75040435791016,100234
2013-06-21,125.47363663474842,127.20351213982308,123.8590861633454,124.5279769897461,90756
2013-06-24,121.82939445871091,123.88217205071874,120.3993609195917,121.99085235595703,217124
2013-06-25,121.99081021646661,123.60536047567919,119.56898482764772,122.45211029052734,119382
2013-06-26,122.45210816279376,125.91185865813252,121.43724238639008,123.0748519897461,150878
2013-06-27,123.09794102891094,124.62022580853883,120.88369198482367,122.89035034179688,234638
2013-06-28,122.9134167112579,125.19684374910733,121.99081651549768,123.25939178466797,260494
2013-07-01,123.25941352430951,123.62844803659664,121.552597230012,122.03695678710938,216852
2013-07-02,122.56745170680205,126.39623720263809,122.0600187418958,123.05181121826172,1365138
2013-07-03,122.70583899990977,125.2429898062989,122.24453885329358,123.88214874267578,844460
2013-07-04,124.4126603149525,124.98928552205227,123.21327706863221,124.0897445678711,77736
2013-07-05,126.65163762823762,126.65163762823762,123.69379029461194,124.36920928955078,543786
2013-07-08,123.76367611602721,124.36921341663677,122.62245480123457,123.48419189453125,162906
2013-07-09,124.25276711938062,124.25276711938062,122.50600844385043,123.2047119140625,315198
2013-07-10,123.76367697450294,123.78696140347327,122.27310392629063,122.92522430419922,358010
2013-07-11,123.71708696231755,129.2135481158916,123.25128468777206,126.88453674316406,163512
2013-07-12,129.21355231468758,132.4974669860386,128.7011669530061,131.7288818359375,337580
2013-07-15,132.5673721417161,137.76106630388517,132.5673721417161,137.06236267089844,668922
2013-07-16,135.6649152016344,135.87453191547675,132.8235184264828,134.4305419921875,128420
2013-07-17,134.430518200999,138.7857716282192,134.430518200999,137.7377166748047,296774
2013-07-18,138.01721848836434,138.76250502589173,134.61686731829093,135.01280212402344,230930
2013-07-19,135.19912438585524,141.06823650455203,134.75660649249951,136.31704711914062,347748
2013-07-22,136.48003862981926,137.27190802124176,134.80314794014214,136.0142364501953,107656
2013-07-23,136.20060569696076,136.7595742087702,134.19766125743655,134.9662322998047,85388
2013-07-24,134.59358014353623,138.34328296892016,132.75365537421632,137.71444702148438,242316
2013-07-25,137.87747963289195,138.9954023003973,132.87010495027846,133.73184204101562,133560
2013-07-26,134.38396365283484,135.08266710336952,128.70116990242295,129.4231719970703,133438
2013-07-29,129.44644434490812,129.44644434490812,124.88158791351199,126.37214660644531,120868
2013-07-30,126.69821762230343,128.3518099971199,125.51042751815721,126.06938171386719,79886
2013-07-31,125.76659323717699,126.67491320772969,123.08823060342229,124.97472381591797,275204
2013-08-01,125.30082165706769,127.9559005157901,123.27457876121724,125.74333953857422,189594
2013-08-02,125.76663835081335,129.9355751970247,124.57884800800858,127.51339721679688,359960
2013-08-05,127.97919412501399,127.97919412501399,124.83502830028662,125.2076644897461,196626
2013-08-06,124.83501801970539,124.85830244894427,119.24539034718127,119.99067687988281,221130
2013-08-07,120.52634156967177,120.8989777126164,115.98476927864067,117.49862670898438,497182
2013-08-08,117.84798118011477,118.31378347726938,115.89161295358124,116.38070678710938,247804
2013-08-12,117.24243327287199,119.24538451236894,116.54372984799483,117.07940673828125,331016
2013-08-13,117.84797954001687,118.31378183068887,116.98624245924209,117.3355941772461,393998
2013-08-14,122.97180244218626,123.43760472416423,117.98771944653764,118.45352172851562,1004550
2013-08-16,118.1973185185679,119.454990253892,115.65869772953694,116.21765899658203,402042
2013-08-19,115.5888291313313,116.42727462922763,108.15928443158532,111.83912658691406,498336
2013-08-20,109.23064046359727,111.51306891383481,108.27574431734637,109.53340911865234,292472
2013-08-21,110.72119120620347,111.74595471435121,107.85651026858486,109.13746643066406,308722
2013-08-22,107.41400808813674,108.36889707142532,104.99183055786499,107.39071655273438,714250
2013-08-23,107.39072646515206,109.41696229576739,102.94231288069224,106.27279663085938,967034
2013-08-26,105.76040345462604,107.60032094097554,105.76040345462604,106.66871643066406,225782
2013-08-27,106.66872768638977,107.11123845396595,104.80551846916025,104.99183654785156,511958
2013-08-28,104.33970440610325,104.96854028908207,102.36004483589817,104.29312133789062,539090
2013-08-29,104.80551394395214,106.90162422283117,103.64100823346378,104.0835189819336,1728744
2013-08-30,103.87390902542785,106.66872272117926,102.59295274820845,104.665771484375,810142
2013-09-02,105.2713210105126,107.78665061640469,105.2713210105126,106.97149658203125,274402
2013-09-03,107.48388314203925,107.92639391547439,103.6410140806229,104.43287658691406,207938
2013-09-04,102.9655814364508,106.10974639958499,102.19700351424912,103.68757629394531,566628
2013-09-05,104.36301105663095,105.64396743465625,104.36301105663095,105.27132415771484,806442
2013-09-06,105.94672276929947,105.97001430384897,104.8753761482284,105.3178939819336,776528
2013-09-10,105.97003331133979,111.79256261416066,105.2713297950013,109.37039184570312,1582728
2013-09-11,108.997743666454,110.5348927550609,107.60033669637126,109.83618927001953,1604306
2013-09-12,110.86092910236206,113.14335715261485,110.18551730035485,111.39659881591797,568468
2013-09-13,111.39660495202999,113.28310548109319,110.95409423720731,111.35002899169922,134230
2013-09-16,111.90899628600317,113.8886559497514,108.64838036924137,113.28311157226562,392128
2013-09-17,112.28164508689979,113.8886615896552,109.02102900866835,111.6528091430664,379922
2013-09-18,110.90752731915266,114.4243288980821,110.90752731915266,113.95852661132812,173960
2013-09-19,114.26130870502013,117.8479850906098,113.74892331811623,116.68347930908203,2711632
2013-09-20,116.47385585424861,117.84797109170738,114.19142052903214,116.91636657714844,184098
2013-09-23,116.38070477604366,118.7330006499634,115.56555077010901,116.33412170410156,134182
2013-09-24,116.45056004804377,121.10858244996552,116.3806925550462,120.34001159667969,556846
2013-09-25,120.68938018565946,121.10859941753465,118.50010366397149,120.20027923583984,330420
2013-09-26,120.40989371553027,121.03872965920391,118.7795856768287,118.94261932373047,114664
2013-09-27,118.7795797851855,120.99214058510563,117.38217296418333,118.59326171875,172890
2013-09-30,117.38216883442792,119.24537786354581,115.07644908241018,116.91636657714844,356706
2013-10-01,118.6631389147483,122.04020567483437,116.56702851193627,120.82911682128906,204374
2013-10-03,120.75924742806255,124.29934778489661,120.75924742806255,123.7403793334961,419622
2013-10-04,123.4375923783032,126.60504189289155,122.08676873870392,124.83499908447266,514920
2013-10-07,124.7185541354395,125.62687422136814,123.94998325550736,124.78842163085938,182352
2013-10-08,125.30081336572688,125.74333121795136,123.53077038714392,124.3459243774414,143104
2013-10-09,124.18288838982254,126.23241554081166,123.50746941027562,124.881591796875,277484
2013-10-10,124.88161016093758,125.30082942378456,122.2963986455892,123.39103698730469,168454
2013-10-11,123.9732738852813,124.97474594349299,121.76071305695335,121.99361419677734,126850
2013-10-14,122.04020851611337,123.06497931185416,120.40990038708131,122.6690444946289,134064
2013-10-15,121.341502597984,123.22799628052651,119.94409565827594,120.24686431884766,159698
2013-10-17,120.96885483774453,120.96885483774453,117.63836435281031,118.17403411865234,135360
2013-10-18,117.45203647258315,120.1769825240077,117.45203647258315,118.50009155273438,95274
2013-10-21,118.98919123170083,119.68790176061378,117.66165899571307,118.05758666992188,186840
2013-10-22,117.87127693492418,125.2076562700882,117.87127693492418,123.81024932861328,573304
2013-10-23,125.114514768815,126.60507376824675,123.92671024042377,125.65018463134766,507500
2013-10-24,126.65165336636228,128.0956434629768,122.97181772445771,123.39103698730469,304262
2013-10-25,123.4376105735469,126.23242439785362,121.55111692820314,123.13484191894531,187072
2013-10-28,123.90341171573418,125.67345476846715,122.06348694592226,122.52928924560547,174088
2013-10-29,122.38955922396677,124.11303348901664,122.11007498974806,123.43761444091797,290156
2013-10-30,126.23242195221195,131.54256527248376,125.37068486338113,130.16845703125,1613478
2013-10-31,131.72888021615913,135.3155634886688,129.5862010820963,134.4305419921875,832916
2013-11-01,133.75510364083542,136.01424723415994,132.80021478295916,134.7100067138672,473870
2013-11-05,137.8774937574801,137.8774937574801,130.98362475566987,134.47714233398438,3433316
2013-11-06,133.68523690245564,136.01424799831724,131.42609329643878,131.9850616455078,94664
2013-11-07,131.84532228518347,134.0345985646567,130.12186247478405,130.68081665039062,157720
2013-11-08,129.53963261389188,133.10301764481574,127.37365459236243,132.45089721679688,216904
2013-11-11,132.75366978561453,136.89930785869478,130.42465803498973,136.10745239257812,539808
2013-11-12,136.85270615349677,138.31999472880403,133.6852562898355,136.43348693847656,2516218
2013-11-13,134.15104970023634,136.92257880892544,133.05641155583152,133.42906188964844,151462
2013-11-14,136.89928163039446,138.48300647436426,131.91520596804367,132.68377685546875,1051646
2013-11-18,132.80022925692407,134.82647196281215,132.80022925692407,133.91815185546875,388618
2013-11-19,134.15105258439982,136.27044720826416,131.82204125480956,131.93849182128906,234734
2013-11-20,132.0549593413839,133.6153999755749,132.0083762657802,133.17288208007812,436296
2013-11-21,132.31112120034965,133.1495737653369,127.8627154737551,130.1917266845703,175250
2013-11-22,129.9821061177605,131.82203060556128,129.49301946412027,130.8671417236328,117996
2013-11-25,130.47119679117344,132.7303402648666,130.44789815248612,132.1946563720703,130308
2013-11-26,131.985107258947,137.13221787355636,131.985107258947,135.94442749023438,284482
2013-11-27,137.2253472458687,141.9765217205389,136.0608416076912,139.34474182128906,1117768
2013-11-28,139.43795786608572,141.1381338633211,136.08417474168465,137.06236267089844,168542
2013-11-29,137.41165140669406,141.51070515242486,137.41165140669406,140.15988159179688,337748
2013-12-02,140.55584174448055,144.35212758485417,140.1832055965898,143.56027221679688,722998
2013-12-03,144.79466061126212,146.5880024679909,142.53551641331336,143.1643524169922,400396
2013-12-04,142.86155431502252,142.86155431502252,138.57616797233644,139.2515869140625,202190
2013-12-05,139.97358594399748,141.9532456453685,136.03755096932622,137.57470703125,277066
2013-12-06,136.94585414144663,138.2035258349304,135.6416135975904,135.96766662597656,139986
2013-12-09,137.4582520414598,139.27487804246044,133.77841696965694,135.5018768310547,303868
2013-12-10,135.5019077996807,138.2035700988963,133.70856581613833,134.31411743164062,222634
2013-12-11,134.15107393809393,136.87602047049333,133.6852715980311,135.24571228027344,207204
2013-12-12,135.57179562689527,139.64756701149722,135.57179562689527,137.22540283203125,686060
2013-12-13,136.24718148745532,137.87748964200605,133.9181698380971,134.38397216796875,119836
2013-12-16,133.6852647333011,135.89782573498465,131.96179047750522,132.7070770263672,113564
2013-12-17,134.12775106123894,137.3650678676467,133.54549830305533,136.61978149414062,2513878
2013-12-18,137.1787386137562,140.3694863107912,134.54695920494416,135.15249633789062,501614
2013-12-19,135.15250875422933,137.13216815208685,134.08116935439213,134.68670654296875,208924
2013-12-20,134.59356786516886,135.08265454902505,132.33442407536933,134.64013671875,262072
2013-12-23,133.21944950403793,136.8992846018523,133.21944950403793,134.73330688476562,295830
2013-12-24,135.54847726732282,136.2471807583915,133.33591621227202,133.96475219726562,145252
2013-12-26,134.15106598547024,138.29670372323955,134.15106598547024,135.8279571533203,388802
2013-12-27,136.06082875224965,136.9458501106137,134.19761990720727,134.68670654296875,224222
2013-12-30,136.38690864901588,136.38690864901588,132.75365637123485,133.77842712402344,152566
2013-12-31,134.15105191929132,135.9210948349414,131.93849116715023,133.10299682617188,238956
2014-01-01,133.35916039929225,134.38393089634877,133.0563918208929,133.31259155273438,139260
2014-01-02,133.9880195328479,134.94292271124007,132.35771159502212,132.73036193847656,129528
2014-01-03,132.05497905827235,132.9865838488069,129.5163503180013,131.3096923828125,367716
2014-01-06,131.12334827809462,133.91816209574495,130.79728097997213,133.0098419189453,245466
2014-01-07,133.5455019227662,134.10445605667962,131.35622580659407,131.9850616455078,129546
2014-01-08,132.916713236084,133.66199989418143,132.17142657798658,133.19619750976562,400766
2014-01-09,133.77841527079036,136.48006270308213,132.87009517424633,135.85122680664062,565360
2014-01-10,136.0142901113323,136.80615981516775,132.40432179502122,133.0564422607422,328984
2014-01-13,133.05641424151682,135.52517477673078,132.56732754900872,133.12628173828125,188744
2014-01-14,132.7536333466439,133.49891974530536,130.93700752282626,131.21649169921875,122762
2014-01-15,131.5891334299024,132.75363903547677,131.1699142549269,132.14810180664062,71786
2014-01-16,132.28786035311975,132.40431093441651,130.56438606386416,131.19322204589844,78786
2014-01-17,131.1233462836935,135.03608272585916,131.0068957097293,131.37953186035156,352302
2014-01-20,131.12331902049215,132.89336169065703,130.00539658590614,132.24124145507812,227072
2014-01-21,131.51927836849626,132.98655272718324,131.33296029702387,131.68231201171875,93816
2014-01-22,131.37953186035156,132.70707124657508,131.1233462836935,131.37953186035156,135064
2014-01-23,131.37950169775746,132.75362384112216,130.42461289654108,131.7754364013672,300520
2014-01-24,131.1466407427441,132.194695988579,130.44793724552085,130.8438720703125,73472
2014-01-27,129.95884100817756,130.75071060002537,127.16402722305547,128.23536682128906,221002
2014-01-28,129.02723275724253,131.82204646317558,129.02723275724253,130.89044189453125,1637904
2014-01-29,128.07234454083556,135.03608020479004,125.58029946149549,132.8933868408203,1374716
2014-01-30,132.2878563611745,132.35772386481244,129.4930424943891,130.284912109375,1124874
2014-01-31,129.7259461294148,132.00837465454873,129.7259461294148,130.3547821044922,309140
2014-02-03,130.7506969113864,130.89043189995007,128.09561840742444,128.6545867919922,147532
2014-02-04,128.09565106234402,129.44647508506034,126.97772822337741,128.32855224609375,601666
2014-02-05,128.561429388676,129.39986780732178,128.2120776783807,128.49156188964844,986170
2014-02-06,128.56143463845427,128.9107863630153,126.93112659050286,127.44351196289062,320598
2014-02-07,127.44351495799447,131.21651651495597,127.44351495799447,128.3052520751953,387520
2014-02-10,128.77102999334824,129.28340106556448,127.39690775200836,128.07232666015625,400696
2014-02-11,128.65461213822107,129.0039638936125,127.00100530027262,127.35035705566406,787742
2014-02-12,127.6531127649095,131.3562466818985,126.58177317661674,130.96031188964844,367632
2014-02-13,129.49300763206762,132.66045680894842,127.1872811266578,127.62979888916016,176160
2014-02-14,128.28194951446395,129.67935640288982,126.27900532711669,127.23389434814453,117950
2014-02-17,127.62981384998012,129.0272205709653,127.46678022283393,128.21206665039062,50050
2014-02-18,127.23391383943805,129.65609183649914,126.46534277609601,128.32855224609375,198316
2014-02-19,127.86274591732536,131.21652854548302,127.86274591732536,130.2150421142578,107478
2014-02-20,129.9355477298538,129.9588321570808,127.88600638822582,128.3983917236328,74632
2014-02-21,128.0490234728627,130.16843203737713,128.0490234728627,129.14366149902344,527498
2014-02-24,128.18880439812824,131.12335333374358,128.18880439812824,130.75071716308594,338108
2014-02-25,129.60946860291472,133.07970085175046,129.60946860291472,132.8002166748047,183520
2014-02-26,134.15109035095907,134.616892748011,132.3344638454887,133.7085723876953,158658
2014-02-28,133.21945841664342,134.57028224986448,132.52075496340927,133.3824920654297,1338328
2014-03-03,132.87010122609078,135.03607899901482,132.8002337266721,134.03460693359375,289570
2014-03-04,134.91964200428933,135.54847799264786,133.94145426852708,134.38397216796875,273852
2014-03-05,134.98948792488696,135.5484563174132,134.03459898740775,134.61685180664062,142888
2014-03-06,134.96619387754458,136.48005109963958,134.38394109981576,135.54844665527344,437336
2014-03-07,136.01426303066395,136.08413052823045,132.334427935537,133.1495819091797,537136
2014-03-10,133.14957266371843,134.57026380449904,130.35475923386318,131.33294677734375,191282
2014-03-11,132.1248307368278,132.7536667380927,129.95885270150129,131.28639221191406,396350
2014-03-12,131.77547195182538,132.26457291123015,129.49304345341204,130.33148193359375,156142
2014-03-13,130.33146868805696,132.2878438965333,129.9355481330275,130.3780517578125,349744
2014-03-14,131.6823056796677,131.8220406727633,129.9588316173179,131.14662170410156,354026
2014-03-18,130.79727976896882,131.70559993735864,130.58767726368058,130.98361206054688,234616
2014-03-19,131.63571980001475,131.63571980001475,130.1917299698403,130.68081665039062,1133418
2014-03-20,130.70414375699931,133.45237481059033,130.70414375699931,131.40284729003906,541450
2014-03-21,132.17137449601503,136.4800448540349,131.82202284536476,135.78134155273438,967236
2014-03-24,135.15252618961964,137.108901415359,132.1481100684965,132.7769317626953,236894
2014-03-25,132.75364157492615,135.36213702434196,132.42757431306543,134.98948669433594,186378
2014-03-26,134.66343154197955,141.04491375372137,134.66343154197955,140.04344177246094,859088
2014-03-27,140.43940938783945,143.44384024986206,140.20650821140853,142.4656524658203,978360
2014-03-28,142.46563822309585,144.11923072437676,140.229778623789,141.6970672607422,331230
2014-03-31,141.72032611420224,144.39868889203842,139.7406666697146,143.02456665039062,517018
2014-04-01,142.0696748070411,143.9328836569695,141.603872594559,142.93141174316406,175568
2014-04-02,144.35213057717058,144.35213057717058,140.22977736057075,143.65342712402344,192324
2014-04-03,144.3986989208335,148.241567521146,143.0012921570835,147.216796875,678468
2014-04-04,146.5180916178836,149.94174098828418,144.35211400482416,145.982421875,494136
2014-04-07,145.44678388460014,148.1251473988882,144.0260924022155,147.5894775390625,130944
2014-04-09,146.26191844940186,149.84860175349166,145.0974127292633,149.05673217773438,527794
2014-04-10,151.08298700967845,152.27077725278076,149.63899695864112,151.735107421875,535324
2014-04-11,150.47743418817285,153.738050436802,149.98834743694195,152.87632751464844,305826
2014-04-15,152.78317510014315,153.34214362193939,149.0567561952616,150.87338256835938,378950
2014-04-16,150.4541338083816,152.5036609615015,148.6840908614047,150.1047821044922,331270
2014-04-17,150.03492262034078,153.66817484878555,149.1731855283554,152.6899871826172,364838
2014-04-21,153.24894306537982,157.4411633923963,152.31733854826507,155.11215209960938,259512
2014-04-22,156.04378511508003,158.04672950661282,154.6929611615933,157.41790771484375,351288
2014-04-23,156.50958417782724,158.88517892355821,155.85746375345144,157.74395751953125,734652
2014-04-24,157.74395751953125,157.74395751953125,157.74395751953125,157.74395751953125,0
2014-04-25,157.90696293557136,158.30289769156798,151.92140117300585,153.45855712890625,343196
2014-04-28,152.31731992347218,152.31731992347218,149.10328757545744,149.5225067138672,132124
2014-04-29,149.52255992033224,149.52255992033224,145.79614098150776,146.5414276123047,186138
2014-04-30,146.33178938294833,149.14990182089937,146.33178938294833,148.3580322265625,132908
2014-05-02,148.1251533375603,149.0567580755324,142.58210798965848,144.58505249023438,216752
2014-05-05,145.56317712111257,146.63451641866234,143.37390125114942,143.74655151367188,98934
2014-05-06,144.3055532095052,144.63162051992924,139.27489383400595,139.8338623046875,667646
2014-05-07,139.74069213867188,141.02164848327638,139.18172368405388,139.74069213867188,190700
2014-05-08,138.92552044504674,144.81791603832673,138.11036651116967,139.67080688476562,369030
2014-05-09,138.5761863708496,141.48745079040526,138.5761863708496,139.74069213867188,316930
2014-05-12,138.3898915966356,146.4482671809764,138.3898915966356,145.1207275390625,350262
2014-05-13,146.26189935140545,149.52251494204188,145.30701047163856,146.19203186035156,227840
2014-05-14,146.68113451527643,147.84564021040433,142.1395623042777,145.0275421142578,223256
2014-05-15,145.67967228602643,147.30998036916344,140.4393963045147,141.74363708496094,402654
2014-05-16,142.95471629086722,147.0770692946514,136.01426519093653,145.0275421142578,1631696
2014-05-19,145.33033013041,152.22419907873754,145.14401203737725,149.8951873779297,766706
2014-05-20,151.19941883921757,153.71474824011534,149.8252964643416,150.85006713867188,445354
2014-05-21,150.9199336427458,153.24894496439313,146.8674482570167,148.0785369873047,306868
2014-05-22,148.59091018279514,153.59828411528747,148.59091018279514,152.0844268798828,654694
2014-05-23,152.10771106992428,155.29845915802818,148.54432688743623,153.64486694335938,538740
2014-05-26,155.11216382937945,156.2999539924602,150.91994318534216,152.64341735839844,487158
2014-05-27,153.24894694469043,154.18055148538764,149.05672651155302,150.0814971923828,152538
2014-05-28,150.1280450446055,154.13394685221533,150.1280450446055,151.52545166015625,407026
2014-05-29,147.19351645067061,147.58945122086365,143.14103103954187,143.76986694335938,553214
2014-05-30,142.58206197969665,143.79315059128487,139.2748633840673,141.02162170410156,349576
2014-06-02,141.55725944328563,141.9299096631604,139.6241835153776,140.20643615722656,301636
2014-06-03,140.69555647774428,141.72032705955357,139.3214484420861,141.06820678710938,346716
2014-06-04,141.51071374313403,141.5340123840495,137.06230807123458,138.4131317138672,518690
2014-06-05,138.34327992099082,139.71740236047793,136.24716961915763,136.8527069091797,647716
2014-06-06,137.41164495480942,142.48888594231212,137.41164495480942,138.80905151367188,2412134
2014-06-09,141.13808415193458,141.60388640986176,136.0608423835597,136.99244689941406,1404970
2014-06-10,136.94584297767764,138.43641566213597,134.66341510441393,135.68817138671875,1988178
2014-06-11,136.94586227685588,143.09445769779776,136.01425777157112,138.92552185058594,1525542
2014-06-12,140.43939080215083,141.4408628852374,138.8090827828887,139.22830200195312,1022120
2014-06-13,140.57909435020724,141.04489653720614,134.15102985568421,135.68817138671875,640280
2014-06-16,135.68818087590262,139.6009308924504,132.96324926351804,138.2733917236328,634676
2014-06-17,138.55290441121863,140.67229926036939,136.27046169347653,139.81056213378906,1017968
2014-06-18,140.62571191197438,143.93291109406047,139.74069038258298,141.67376708984375,1153930
2014-06-19,141.83679878806416,145.09741485215758,141.83679878806416,143.9794921875,1073864
2014-06-20,143.97949468020857,144.6316150612858,141.7203506679427,144.0493621826172,505966
2014-06-23,144.39869339477337,146.70442015278465,143.0012866845014,146.28518676757812,485354
2014-06-24,145.81940153071642,147.96209491263053,145.81940153071642,146.70443725585938,495290
2014-06-25,146.72770452057816,149.988320176591,146.72770452057816,149.42935180664062,586944
2014-06-26,149.75543938599105,151.36246300636742,148.38131691551516,150.3376922607422,555584
2014-06-27,151.12954134225797,152.15429773362544,147.42640787543806,149.42935180664062,265868
2014-06-30,149.52253181818267,152.50366356591869,149.52253181818267,151.7583770751953,295970
2014-07-01,153.22567322399345,153.22567322399345,149.1731875027273,151.15284729003906,182424
2014-07-02,151.38574093741238,153.1557839146176,150.4541363777975,151.7583770751953,225370
2014-07-03,153.15576656270025,155.67110996080825,151.68849239057448,153.66815185546875,431914
2014-07-04,154.3668758628544,155.8807333033919,153.71475550073134,154.97242736816406,323716
2014-07-07,155.57795956381685,156.74246524917476,152.59682785233207,154.06410217285156,316952
2014-07-08,154.52989476938632,155.5779498205728,151.40901404201287,153.03932189941406,303310
2014-07-09,153.55171492760024,157.5576172786779,151.57205528699603,155.6012420654297,545340
2014-07-10,155.5779651136878,156.36983469404217,152.78315136913056,153.4119873046875,239606
2014-07-11,153.2489781410477,156.09037541161888,152.31737341070698,153.2722625732422,178810
2014-07-14,154.41344482514282,154.41344482514282,152.5502358378108,153.83119201660156,220820
2014-07-15,153.71476193479975,154.64636655258641,153.71476193479975,154.36688232421875,97944
2014-07-16,154.6463302979026,161.63336329328976,153.9476269983639,159.32763671875,608276
2014-07-17,161.02786944860938,163.86925225915957,160.98128637307468,162.79791259765625,525222
2014-07-18,162.09922382566495,165.31325731710731,162.09922382566495,162.77464294433594,273728
2014-07-21,163.24043901647286,164.70771357389975,161.67999830311174,163.00753784179688,429898
2014-07-22,163.0308012826179,166.66405345371027,163.0308012826179,164.84742736816406,277262
2014-07-23,164.4747666444992,166.5941610583992,160.04964555666587,164.21856689453125,148796
2014-07-24,163.9623995530443,169.03964146889973,163.72949841731554,167.0366973876953,349314
2014-07-25,168.3875087405315,173.1619816716254,167.68880538476165,172.23037719726562,429014
2014-07-28,170.53022415998657,172.20711527600653,167.7121117276752,169.64520263671875,123468
2014-07-30,170.01782100170757,170.69323994928382,166.2914030071496,167.6189422607422,133662
2014-07-31,167.68883479571255,174.67586957886724,167.10658189711634,173.41819763183594,369844
2014-08-01,174.67581551769086,180.45175964111166,169.55199159583862,170.0643768310547,1058620
2014-08-04,171.62486216030777,177.00487300912724,170.32060719851413,174.0004425048828,947656
2014-08-05,174.1867503292549,174.65255256121958,169.66846299313508,170.99600219726562,213594
2014-08-06,173.72100390569966,173.72100390569966,169.55206690426948,171.62489318847656,233538
2014-08-07,171.41523639359738,172.2303903710126,166.15167639692208,167.0599822998047,247154
2014-08-08,165.35980273923647,171.92761746571358,164.19529708614326,170.8795623779297,229156
2014-08-11,171.74130976041332,173.2784516291247,170.9494401824967,172.3235626220703,125260
2014-08-12,171.6714043193755,174.67583435636735,170.1342626631018,172.11392211914062,102772
2014-08-13,170.48364679650703,172.90582451355905,170.3904806477133,172.5564727783203,199150
2014-08-14,172.5564709989183,173.60452619382698,171.4618327300931,172.13723754882812,71092
2014-08-18,171.78787508840682,173.60451535158603,170.48363439114954,172.25367736816406,236556
2014-08-19,171.2056596729035,172.81268357550542,170.9494740490849,171.62489318847656,272542
2014-08-20,171.46182849816725,174.14019170793912,170.530223903464,170.83299255371094,282226
2014-08-21,170.85626062668743,178.3556797391715,170.85626062668743,174.74571228027344,425020
2014-08-22,177.42408763512069,182.54791277363387,176.11984692228947,179.77639770507812,1023330
2014-08-25,180.7778671994805,185.76194305228248,180.7778671994805,184.061767578125,707052
2014-08-26,183.99189783412425,197.03436147806215,183.99189783412425,192.28317260742188,1520428
2014-08-27,193.14490956391472,193.5175599112306,189.88429365447635,190.69944763183594,225792
2014-08-28,191.4447541881566,191.91055650978228,189.53496182645952,191.21185302734375,279812
2014-09-01,191.91053387007483,193.09832396403309,189.8144236700376,190.62957763671875,117554
2014-09-02,189.37192531337834,191.46803572906518,186.3675089133223,187.1826629638672,234242
2014-09-03,186.7867196241216,188.6499287974295,184.90022602221043,185.38931274414062,288894
2014-09-04,185.5057342013131,186.32088808669238,182.7342053049613,183.45620727539062,250344
2014-09-05,183.45622598458795,184.22479688329466,181.89578554469423,182.7575225830078,312034
2014-09-08,183.99190302668356,185.2961437418223,180.87102202345903,181.7560577392578,397260
2014-09-09,184.52343106003525,187.0093933846825,181.52152752453767,185.27391052246094,1028350
2014-09-10,185.7429301655376,187.85364528105507,183.1631672465718,184.4530487060547,511766
2014-09-11,185.74294737606218,186.5872277748171,183.63223206497057,184.57032775878906,261102
2014-09-12,187.52535518065355,189.9644101227268,185.8836874388522,187.947509765625,1215686
2014-09-15,188.01780590219968,189.87053604887967,185.27387352013693,186.79827880859375,366368
2014-09-16,187.61913653415334,188.7917561374918,179.6453232314518,181.68568420410156,423468
2014-09-17,182.0374783499521,185.2739057392654,178.96520626119585,181.05247497558594,400830
2014-09-18,179.87986576246257,188.55725172492816,179.87986576246257,187.0093994140625,320908
2014-09-19,185.4380569285134,188.1819895151031,184.38269934245605,185.1331787109375,181576
2014-09-22,185.74296790635108,186.93903432248993,183.91368396405397,185.0863037109375,165254
2014-09-23,188.7448457901826,190.62103712868185,185.0393707594874,185.60223388671875,1083086
2014-09-24,185.74296325251095,186.6576123578457,182.9286759305032,185.95404052734375,366180
2014-09-25,186.0009213516629,187.45497256638822,183.86675933506274,184.96902465820312,190678
2014-09-26,184.80484446941125,188.55722709823178,182.45960532639842,187.03282165527344,245380
2014-09-29,188.9794013684069,188.9794013684069,186.2120215433247,188.0413055419922,447118
2014-09-30,188.0882103627119,188.60416592230868,185.27392292586333,186.25892639160156,436816
2014-10-01,186.37618290215096,187.61915695413094,185.4615337863173,185.90713500976562,101360
2014-10-07,186.00091338911338,188.55722981754525,183.04591775198267,185.4380645751953,426360
2014-10-08,184.19510317286168,185.81330972615888,181.80295618733004,183.4915313720703,194512
2014-10-09,183.89020142139861,185.69603848272502,182.29544161544703,183.5149688720703,343706
2014-10-10,183.51497346795037,183.8667593595822,181.45116576655107,182.0374755859375,694676
2014-10-13,182.45962811767407,182.92867600486602,180.23165065351222,180.8648681640625,130098
2014-10-14,180.60688386149636,182.45962874798718,180.11438930392566,180.53652954101562,213248
2014-10-15,180.53652954101562,180.53652954101562,180.53652954101562,180.53652954101562,0
2014-10-16,180.1143694634933,185.67258919649657,177.06555852205395,179.08245849609375,754352
2014-10-17,179.6453361682953,183.46807348762556,178.23819254295617,182.3423614501953,142606
2014-10-20,183.86674982145885,185.18007802307346,181.5215106655729,182.8348388671875,115418
2014-10-21,183.39770637674533,189.02628048549457,183.39770637674533,187.38461303710938,387602
2014-10-22,190.4334213692566,193.9512801383931,189.30770942597368,191.91091918945312,615782
2014-10-27,196.85938716231828,197.93819148501458,192.77866516668482,193.36497497558594,214730
2014-10-28,194.18583101151734,195.12392681350534,190.6679717540623,191.2308349609375,165894
2014-10-29,191.84056162387043,196.78901048286332,190.90246596800796,193.83401489257812,420792
2014-10-30,194.4203362940655,195.1239080780006,191.84057308630346,194.20925903320312,210202
2014-10-31,194.98320437005907,195.4522522378589,193.3180758508468,194.27963256835938,146172
2014-11-03,196.97664598894428,196.97664598894428,189.6829434937812,192.80210876464844,418744
2014-11-05,191.79365150612148,195.1238939043489,187.19698857732544,188.017822265625,690702
2014-11-07,189.02626480800868,189.02626480800868,185.6725758758685,187.54876708984375,586034
2014-11-10,188.55723059054614,191.32460996771584,187.75984354147167,190.36306762695312,784706
2014-11-11,191.84058627717488,191.98129491795513,190.48035026421206,191.3246307373047,370188
2014-11-12,192.2627403505751,192.2627403505751,189.56571479927686,191.043212890625,277094
2014-11-13,190.1520029480339,190.902482400163,187.15009945372245,188.41653442382812,316630
2014-11-14,188.11164044649124,195.10046508315716,187.2439133480022,194.44378662109375,1313488
2014-11-17,195.1707930745699,203.56674585890536,195.1707930745699,203.02734375,1587124
2014-11-18,204.80974771983185,207.2957099968654,200.3303463275371,201.69058227539062,2344054
2014-11-19,202.69900499842092,204.5048419009835,197.7036487643682,198.38377380371094,1550750
2014-11-20,199.69712525856121,199.69712525856121,197.02354674609415,198.52450561523438,392182
2014-11-21,200.2834467957719,208.2572608368214,198.97011844410477,206.7563018798828,4116282
2014-11-24,209.10150749705824,212.5255650907977,207.81162602248995,211.6109161376953,1253960
2014-11-25,212.47868240708613,212.78356065586678,202.86320119440342,206.16998291015625,521306
2014-11-26,207.22536912895706,208.7263282261537,203.21501506512604,206.2169189453125,748998
2014-11-27,207.95237505249554,208.8201164707687,202.15963102230992,202.9101104736328,331926
2014-11-28,203.519878905574,216.86429725239347,203.09773866264982,215.90274047851562,1547080
2014-12-01,218.01345000471312,237.29132083338735,215.80893354604862,223.12608337402344,3390740
2014-12-02,224.86154661393658,227.9572654270211,218.08381346291137,225.5416717529297,752718
2014-12-03,226.55010685686008,230.25558193225777,224.22831432177585,228.91879272460938,642720
2014-12-04,229.73961323645966,229.83342852480416,222.5631874184073,224.556640625,730872
2014-12-05,226.47977796311977,229.83346753471372,222.7977491407939,224.86155700683594,743216
2014-12-08,225.1429778218321,233.5858394901508,223.3371406577118,226.92535400390625,1117892
2014-12-09,227.32405793778094,233.09335559645322,226.55013177901674,227.34751892089844,495082
2014-12-10,228.4263283543314,234.28942713139327,227.4413248969438,231.85037231445312,634968
2014-12-11,231.47510604945086,233.53891365594663,226.22176458363992,227.7461700439453,399806
2014-12-12,228.00415794690235,231.24058518091408,223.9937903253235,224.76773071289062,279230
2014-12-15,222.79770598631805,225.58854613435417,216.7000845593241,219.72544860839844,399024
2014-12-16,218.9046310355666,222.32867451657486,215.76200480511486,219.2329559326172,283122
2014-12-17,218.15417540062597,220.92155507481547,192.2158186260362,214.44869995117188,377524
2014-12-18,215.76201380984733,225.09606328356284,215.76201380984733,219.81927490234375,726604
2014-12-19,222.32868836609654,235.6496448905913,220.07726433617245,232.22560119628906,1083208
2014-12-22,234.21907505683882,241.55967193333086,232.64776170666428,238.88609313964844,995776
2014-12-23,240.99679652342505,241.23132046488973,235.53239155013904,237.1271514892578,370406
2014-12-24,238.65154114931823,238.65154114931823,231.56893004208803,234.52392578125,154488
2014-12-26,235.41512703769536,241.74728770308062,232.20214621147778,239.66001892089844,509694
2014-12-29,241.53618604993534,247.3523619712901,240.62153705474745,244.3270263671875,729302
2014-12-30,244.98369851816855,251.22202950786698,241.23131553147354,249.55691528320312,685728
2014-12-31,249.41621059590793,257.13205396014706,246.95370922190037,254.71644592285156,1487942
2015-01-01,255.1151173663888,260.1808280295332,250.91713370737511,257.62451171875,345212
2015-01-02,261.72870119504194,267.21656678449074,261.72870119504194,262.6199035644531,935902
2015-01-05,263.8394046705058,265.29344149377135,257.97630678893904,258.8205871582031,377842
2015-01-06,258.8675610038939,258.9144543449824,246.25016038245607,247.00062561035156,819348
2015-01-07,247.70414657222724,250.33083158667395,243.43582278781167,243.8814239501953,1221380
2015-01-08,246.250120209201,247.6103704198153,243.50620174966193,243.81106567382812,952086
2015-01-09,247.9855999036582,247.9855999036582,242.99022893272715,244.96023559570312,2101544
2015-01-12,245.26516279289027,250.4715831255967,244.39740698516425,246.5784912109375,617090
2015-01-13,246.32051866083475,255.1620602150845,246.2501500237488,252.60574340820312,1113122
2015-01-14,256.0767489986632,270.6172362987134,255.63114769443,266.0909118652344,3088486
2015-01-15,268.74097344900684,279.0600262283299,260.7906066047102,274.908935546875,1279266
2015-01-16,275.1669360340171,284.7120484474059,268.6002660533521,270.1011962890625,2027708
2015-01-19,272.4463951006638,276.7381937947752,269.74937033063,270.9454650878906,684778
2015-01-20,271.97740669355284,274.39301477067625,268.8113334461989,271.4380187988281,650212
2015-01-21,272.7278693441861,276.83203789980035,271.08620192194036,274.6978759765625,1108404
2015-01-22,274.62753439803777,275.98778470466135,269.70253164623693,271.5318298339844,508870
2015-01-23,272.51683099634806,274.7682551997233,265.71563641898655,267.26348876953125,944376
2015-01-27,268.2953796075895,272.98585827205784,266.4191881418021,270.0074157714844,1030366
2015-01-28,272.42306040645786,273.6660490018503,267.4042413067836,269.7494812011719,1080540
2015-01-29,271.5787318508118,274.15849527944647,268.76444447411944,270.12469482421875,528730
2015-01-30,271.57869925496897,273.68941453415266,265.7156012572365,267.68560791015625,698892
2015-02-02,266.1846748420584,267.6856338003302,253.35622663363375,255.60765075683594,630038
2015-02-03,255.60763794605037,256.5457336694025,251.40965385836773,253.6845245361328,698158
2015-02-04,255.63109579328415,259.7352647624424,250.47156908919953,252.558837890625,417452
2015-02-05,253.7549172234492,260.0870639563818,247.6572944435881,251.6676483154297,345576
2015-02-06,250.37776547666678,255.3965837760943,248.9237284253578,250.61228942871094,448070
2015-02-09,250.94059937131988,255.5138159019187,248.12631227556676,254.5991668701172,275278
2015-02-10,254.59915790066444,260.79059501888054,252.37118069501753,258.65643310546875,860198
2015-02-11,260.298115109208,269.93704288714173,260.298115109208,266.6771545410156,682212
2015-02-12,269.2569170771422,274.62752077528694,267.3572789785031,271.15655517578125,643884
2015-02-13,272.0243658324743,272.3995984688664,267.3573329784827,269.13970947265625,305526
2015-02-16,275.72979783432777,275.72979783432777,269.77291237960515,271.5787353515625,283496
2015-02-18,270.1715976119777,277.60599557406726,269.2803951268232,272.2119445800781,491364
2015-02-19,273.43142388317597,276.5974965696209,270.7109523375415,272.8685607910156,196234
2015-02-20,272.28226353966403,273.22035919354744,266.4191657028926,267.216552734375,243300
2015-02-23,269.0927785511128,269.7025350786519,262.9247873844714,265.73907470703125,221192
2015-02-24,263.6752514606693,266.888217673744,261.1423817044938,264.1911926269531,499184
2015-02-25,265.0120236496041,267.3572627969457,258.44535403704754,259.14892578125,280388
2015-02-26,259.6414356156754,260.76716192426835,251.90214597222422,253.89559936523438,228776
2015-02-27,254.22395046094493,261.2362219788616,254.22395046094493,260.2981262207031,210270
2015-03-02,264.5429616967071,274.25225697402277,264.5429616967071,273.1968994140625,744292
2015-03-03,273.9005455974555,282.2261463898589,271.5787526085391,281.2176818847656,856418
2015-03-04,287.99539353610595,287.99539353610595,274.8151597784072,277.3245544433594,914734
2015-03-05,279.95116618079476,293.9991534262599,279.95116618079476,283.4690246582031,2362086
2015-03-09,283.75048027455017,285.3452256621251,273.9708161938879,275.706298828125,440838
2015-03-10,276.7382930477984,277.86401958952837,267.8732752598164,270.195068359375,667518
2015-03-11,270.64057448918095,274.39295680445554,269.7024789103623,271.6724853515625,335078
2015-03-12,272.9858698419073,275.56563321670194,270.1715825239495,271.6021728515625,330962
2015-03-13,272.51690125472135,285.2984598763928,270.6407091634668,280.9128723144531,1835528
2015-03-16,286.11917981971425,290.7862115113076,275.37797292921755,289.3556213378906,1287908
2015-03-17,290.8096539709681,294.5620366028516,287.05727133908465,291.8884582519531,2192690
2015-03-18,294.0695623488858,296.1802777246006,281.89776462324835,293.7881164550781,1019226
2015-03-19,295.96912068522784,298.3143593594372,291.3020899978707,294.32745361328125,1256858
2015-03-20,297.8454574684762,299.2526013620281,284.6417458159483,291.41949462890625,6650374
2015-03-23,291.5132882627844,293.0611407048686,283.77399742394937,286.1896057128906,671764
2015-03-24,285.6501483559342,288.440988864404,281.9681340854687,283.44561767578125,542130
2015-03-25,283.5394742140319,285.97852918026547,280.4906626633434,281.5460205078125,479770
2015-03-26,281.24109991265766,285.50945283588936,272.9858686021695,280.72515869140625,726924
2015-03-27,280.2092594132878,282.0854512309103,276.15198315631307,281.1004333496094,644000
2015-03-30,286.0722948921976,286.0722948921976,277.1603857507386,279.1538391113281,605028
2015-03-31,283.7271134631604,284.7121026965768,279.083527354964,281.3583984375,621234
2015-04-01,281.4286987811203,286.9165641330337,279.38835216632026,282.601318359375,370378
2015-04-06,281.6867138496764,283.28148817932987,275.30767378788687,276.6210021972656,524474
2015-04-07,278.0984925488873,278.1453858843504,272.09465693229816,273.5018005371094,418412
2015-04-08,274.39300249119395,275.6359907914497,267.8732256814923,269.6790771484375,955930
2015-04-09,271.4848966724224,281.8977649296142,268.43608557085423,279.13037109375,1726116
2015-04-10,280.8424336474633,282.3199460023597,277.72325362197626,279.2242126464844,514656
2015-04-13,279.5290623994899,280.65476002405126,274.8854773915017,277.4652404785156,867554
2015-04-15,278.6144514942,278.6144514942,274.15849646188536,276.7148132324219,1759846
2015-04-16,276.73822214807035,280.39678952875306,275.8470198118236,279.1772766113281,1354444
2015-04-17,279.08348637651136,280.95967788156355,273.3376498922891,277.7232360839844,435726
2015-04-20,279.08346550761485,279.08346550761485,273.4548914133436,274.9324035644531,205852
2015-04-21,275.8001149580891,275.8001149580891,265.48106303788853,270.8985595703125,537742
2015-04-22,269.2568879931752,274.322598585173,265.6217674874333,270.99237060546875,540428
2015-04-23,271.7897962906586,272.3057375006483,266.4660857441889,268.2015686035156,683226
2015-04-24,268.22501492999226,268.2484902263885,261.25966546194894,262.66680908203125,930730
2015-04-27,262.6667359296013,262.6667359296013,251.87863784677842,255.16197204589844,752466
2015-04-28,256.52231006966616,264.07396987036685,255.18550636663215,262.7840881347656,853864
2015-04-29,263.58148860694274,263.58148860694274,254.69302465437173,260.0636291503906,565600
2015-04-30,261.2596766907266,267.5918232532487,256.334673808765,265.9736022949219,455550
2015-05-04,267.3572958200599,272.51682258149964,265.0355030517298,271.2738342285156,189488
2015-05-05,269.725950509163,278.1453648330803,267.8732058440368,273.64251708984375,462576
2015-05-06,273.92395157710394,274.3695527719609,262.6433562147219,267.8966979980469,912666
2015-05-07,268.9989292262057,272.02429344100494,262.7136768827221,265.1761779785156,1099870
2015-05-08,266.41923117562055,269.74946011395,264.07399146456754,268.5065002441406,1054250
2015-05-11,268.8112895289361,275.4717741831119,268.50642562826715,274.3226013183594,268018
2015-05-12,274.3930331268622,279.552560245487,269.7025539281124,276.4333801269531,948132
2015-05-13,277.6763893081398,280.91283164840144,272.56375514822855,274.1819763183594,284916
2015-05-14,274.86206926628415,280.20922677504757,268.34229200809114,278.98968505859375,431370
2015-05-15,280.0215392663075,282.36677828863844,276.7850979641285,279.3883361816406,207284
2015-05-18,278.89588105831484,286.11923045897214,277.6763679208386,281.07696533203125,470650
2015-05-19,282.8358495623659,287.03383348636135,277.81703191244327,280.1388244628906,619996
2015-05-20,271.69598859879846,278.9662308487448,263.1358646593456,265.73907470703125,1879960
2015-05-21,269.7025420886869,270.1715899879716,251.05788809212117,258.0701599121094,2758624
2015-05-22,259.852482739413,261.72867395052793,255.39652861301516,258.2108154296875,806780
2015-05-25,258.6565424275302,260.57962790331356,256.28785559660105,258.4454650878906,260990
2015-05-26,256.8037169727896,260.0870521669622,256.5691930303487,257.4369201660156,673068
2015-05-27,256.2877745153835,260.063604244799,255.77180466745412,258.0935974121094,529582
2015-05-28,258.4219091890849,264.8243949293203,257.97630802227394,258.65643310546875,411214
2015-05-29,260.74374838513705,264.7306556777024,257.99980089497086,258.9378967285156,922116
2015-06-01,259.1489672058326,264.8009887287118,257.64800818592636,259.8525390625,770262
2015-06-02,260.08708258655145,262.0101676881251,255.70149580133602,256.5457763671875,874414
2015-06-03,256.7098890058546,256.967859604131,250.9406060321068,254.1770477294922,769340
2015-06-04,254.4818852410925,256.3346298282958,248.6422342430191,252.98092651367188,525198
2015-06-05,252.8167944200804,257.97632083681674,250.98749633005568,254.22393798828125,241326
2015-06-08,254.5288577199503,256.52231132105874,249.29896211508918,251.6676483154297,176816
2015-06-09,250.44812490299157,254.0363240602579,244.63191965483225,251.73800659179688,335568
2015-06-10,250.94066887959565,260.7906764430938,250.84685355806948,257.95294189453125,479304
2015-06-11,258.0935591272091,258.9143928000353,250.07285297552716,252.98092651367188,1160992
2015-06-12,252.95747796432414,254.17701944619645,251.03439339653403,252.25390625,525930
2015-06-15,249.2285541654221,256.2408249818554,249.2285541654221,251.081298828125,186676
2015-06-16,251.08134274334884,252.13670055028948,244.4208566360854,246.64883422851562,687774
2015-06-17,247.65731340002952,251.64422090741638,244.84302574775646,250.0729217529297,500372
2015-06-18,253.262393188423,255.16203126165613,250.47155274581687,254.4350128173828,260870
2015-06-19,254.73991025313865,261.7287356124343,254.48193962651501,259.92291259765625,674712
2015-06-22,261.2596261477492,263.5110498754059,254.22390910606833,258.2108154296875,840524
2015-06-23,258.63304879849085,260.7906578980803,256.6161197285617,257.99981689453125,509306
2015-06-24,257.97631775454306,260.32155700685706,253.7548871003778,255.37310791015625,239152
2015-06-25,255.37317857641355,262.4323449535927,253.00449200180086,260.2278137207031,758328
2015-06-26,261.63485085037473,266.34877540183487,260.321522767499,264.26153564453125,762544
2015-06-29,259.85255847379335,262.5261374545315,253.54385796205904,260.3684997558594,383670
2015-06-30,257.27279891423075,263.4173155682002,257.27279891423075,258.16400146484375,498720
2015-07-01,258.4454553456926,265.85640823064756,258.4454553456926,260.1809387207031,399638
2015-07-02,260.83749384081534,263.5814408973052,254.3880860045135,255.4669189453125,479688
2015-07-03,256.9913219406361,258.49225211979626,254.5991607893345,255.79522705078125,257488
2015-07-06,253.80178775042504,256.9209674972831,251.10476253251653,253.52037048339844,603436
2015-07-07,255.63108322706057,269.46799507146113,255.63108322706057,265.4576416015625,1698542
2015-07-08,265.80945268001875,271.1096882647016,260.13395586974855,264.00360107421875,1022954
2015-07-09,264.0035642798131,264.2615634935499,255.6310718192966,256.2877502441406,674036
2015-07-10,257.99976256450145,259.73524532440496,254.4584570446766,255.8656005859375,360280
2015-07-13,257.01476992237593,260.8609679400786,255.1385785604145,258.5626220703125,412138
2015-07-14,260.3215724384177,260.3215724384177,256.5691894122783,257.6949157714844,553312
2015-07-15,258.8675372482583,259.85252634803277,257.13205436104596,258.42193603515625,346112
2015-07-16,258.844043007219,264.9651403154628,258.1404712364699,262.9482116699219,987506
2015-07-17,265.01200908034053,266.63022972872466,260.32153104352034,262.8544006347656,490124
2015-07-20,264.54300298858436,264.54300298858436,260.32157208983034,263.06549072265625,348874
2015-07-21,263.1358497628395,263.1358497628395,254.78680357091255,255.7248992919922,369002
2015-07-22,255.63108640347352,258.1639563256241,253.7548949436315,257.2258605957031,276490
2015-07-23,256.9912665309001,260.3683873342795,255.86554051083903,257.2492370605469,334000
2015-07-24,257.0382410809657,257.624550937446,254.22395376986023,255.60765075683594,340350
2015-07-27,256.1001548172843,256.28778542968746,249.06443627834796,252.6526641845703,344784
2015-07-28,253.98941588764532,257.3900128685972,252.44156367716982,254.34120178222656,704722
2015-07-29,264.98864249114376,265.17624449226327,258.1640006109546,262.3150634765625,1653738
2015-07-30,262.6433777470232,265.83289774639684,260.01669232581224,262.05706787109375,778982
2015-07-31,264.49609743749994,265.4810864836906,261.0251318518972,261.799072265625,540088
2015-08-03,262.40880282038125,264.4491493408874,258.609498385375,259.66485595703125,570176
2015-08-04,259.85255319315723,279.78709021609797,258.4688560741174,277.5591125488281,2337916
2015-08-05,279.787001544112,285.08723574709575,278.1453343095699,281.0534362792969,1846164
2015-08-06,281.874307211115,283.68012995680454,274.8854828932354,278.9193115234375,507120
2015-08-07,279.05999196317526,286.4943880786074,276.9727235452396,278.09844970703125,1220214
2015-08-10,279.0366414670124,283.5629370814424,278.6144868537466,280.6079406738281,1086122
2015-08-11,280.9597139954262,281.8978098685328,272.18851185619667,276.08160400390625,732966
2015-08-12,275.80013733176145,276.6913397030746,267.3572759848708,269.3741760253906,549592
2015-08-13,271.06277970127695,274.11159090325725,265.24657457228875,267.7090759277344,831502
2015-08-14,269.61841798834104,276.73719986514584,269.31196835258015,272.352783203125,750188
2015-08-17,273.4371027107429,280.36732468954153,269.1941131859211,274.54498291015625,928826
2015-08-18,276.1950121148014,276.6428889501085,272.06988374283645,273.7435302734375,846040
2015-08-19,273.90859550525937,274.8514822367749,268.769851308652,270.4906311035156,475494
2015-08-20,271.97565775777315,273.46068692337434,266.5540596786413,267.61480712890625,617760
2015-08-21,266.3654578057527,267.3083443820563,259.6238245401053,266.5540466308594,590340
2015-08-24,254.86220074366076,263.91391658971753,252.85856699952944,258.680908203125,1479270
2015-08-25,259.76526364232006,262.97107239332746,239.16318525369562,254.9801025390625,1206920
2015-08-26,249.8649503513031,263.5368061252423,248.96919656661254,259.3173828125,594336
2015-08-27,262.5939236430671,269.19412998239017,260.42529592713595,267.9447937011719,620492
2015-08-28,268.95842105580124,273.43713271229575,264.9511527315693,267.5676574707031,508304
2015-08-31,266.83689418982925,270.34915235060754,264.9511210860142,269.1233825683594,413278
2015-09-01,267.75618430301444,269.0290867602517,258.3508862476531,260.9202575683594,808954
2015-09-02,261.6510397224479,264.95114292615443,257.7380659644048,263.3953857421875,421870
2015-09-03,264.1025820942561,266.90767590562245,260.0481518403406,261.5096435546875,403942
2015-09-04,261.65104072901767,265.4225872620485,255.54584402375062,263.72540283203125,517406
2015-09-07,263.98470743789,264.3854227722797,257.87951035017875,261.5567626953125,378032
2015-09-08,261.8867624978817,263.63110852506816,255.5222777207055,259.62384033203125,552442
2015-09-09,261.2267239703084,263.91395656557967,260.3074325446188,261.8631896972656,286284
2015-09-10,259.2938059147687,269.19411486787806,257.69088724108616,267.00189208984375,410718
2015-09-11,268.79343131333127,270.6792046698409,265.65832159828693,267.3319396972656,302878
2015-09-14,267.3083745732324,269.9013129509269,265.42260120763643,269.099853515625,296560
2015-09-15,271.0799609937213,271.99928139897224,265.44620648423165,268.1805725097656,263992
2015-09-16,268.32196334310964,268.72267863473644,263.44250796628876,264.43255615234375,264942
2015-09-18,265.5875521232456,268.2040852665959,262.59389889701185,263.6075134277344,251078
2015-09-21,264.05537778274385,265.87045173163443,261.6510284902471,264.7625427246094,198204
2015-09-22,265.89406514695327,267.6384114001818,257.8795277223111,260.49603271484375,264134
2015-09-23,259.29383553698943,265.4225989224092,258.56310411903604,261.46246337890625,490006
2015-09-24,260.75530325191477,265.28117663983335,259.43526763758706,261.5567626953125,536136
2015-09-28,261.2503376413115,264.7154346707881,260.70816629197833,261.1324768066406,240980
2015-09-29,257.6437172243233,264.243922240134,257.6437172243233,262.26385498046875,351984
2015-09-30,262.806082697918,269.1941338854605,262.31107297021475,267.7090759277344,374856
2015-10-01,268.36911794728246,274.94575821316704,267.3083704455146,273.4371337890625,670136
2015-10-05,275.7472255026893,276.03008000138306,271.0799248519133,272.9656982421875,582834
2015-10-06,273.2956916546392,274.0735558487872,269.9248604894832,273.2721252441406,723084
2015-10-07,273.90857445329556,275.04004995399947,269.0762803256772,269.90130615234375,459268
2015-10-08,271.17417258632446,272.729929610511,265.42255898136165,271.0327453613281,555068
2015-10-09,271.5513565231438,275.1107478893137,268.95841822300963,272.89495849609375,780312
2015-10-12,273.22498304794067,274.47431941384446,270.13703491336594,270.5377502441406,199600
2015-10-13,270.51415833433265,272.77708040727373,268.95840120759914,271.409912109375,292984
2015-10-14,271.0799209378955,274.3328914989974,270.37275592675314,272.42352294921875,211964
2015-10-15,273.413545638612,278.1044121950571,272.04634856852323,273.2956848144531,857006
2015-10-16,274.5685776135132,274.5921440225759,272.7770701309201,273.1070861816406,407140
2015-10-19,272.9657001932033,276.5250917378628,271.55137014038877,272.84783935546875,281766
2015-10-20,273.20136461204334,275.1578656182473,271.31559160350463,272.612060546875,347694
2015-10-21,272.4942108097015,274.35641748624766,269.90127281756764,270.4670104980469,165920
2015-10-23,271.26852887413,272.49427013652246,268.15698534136317,269.14703369140625,222394
2015-10-26,269.1941087940071,271.5513251582278,268.27478865703824,270.0191345214844,269736
2015-10-27,269.3355996583475,272.3999816558729,266.8605218911154,268.79345703125,402068
2015-10-28,269.3591140490524,271.0327607595366,263.06535759493363,265.9883117675781,503174
2015-10-29,271.0798833295516,272.39991874562486,266.93118826134383,268.46337890625,843304
2015-10-30,270.56131826759884,270.56131826759884,261.6510284902471,264.7625427246094,346936
2015-11-02,266.53048375865103,271.92851581732333,261.95750632888166,270.4198913574219,688548
2015-11-03,272.49418716904245,273.38994081663986,267.7797548650798,268.5576477050781,477434
2015-11-04,269.66555037700164,270.7262977342538,263.6546486859059,264.92755126953125,311398
2015-11-05,263.77253236776136,264.1732476720572,256.9837371830342,257.9737854003906,386222
2015-11-06,258.35092750951145,259.6945294000341,252.88219675820736,254.67367553710938,489842
2015-11-09,252.22216356260836,258.82236971191026,249.8649470807148,257.6673278808594,388940
2015-11-10,258.0916260330334,258.8223573526034,249.84136874037299,250.28924560546875,423448
2015-11-13,253.09436843337576,253.09436843337576,246.58845550856344,250.2421417236328,360988
2015-11-16,251.51503224016764,255.4987343820257,250.17143017572386,251.232177734375,272824
2015-11-17,253.58935692014083,253.75435056161223,249.5584937754108,252.8585968017578,242202
2015-11-18,253.16502322125015,255.21578983247127,250.3834965586951,251.7271270751953,212892
2015-11-19,252.6936563189535,254.57942987357256,251.37362058564435,253.33009338378906,306158
2015-11-20,253.63653637500818,261.17963039359574,252.69364962268472,260.166015625,1134448
2015-11-23,262.12248038608453,262.7825125299966,254.81510908035733,256.535888671875,695280
2015-11-24,255.61657815381295,257.2430633900646,253.9900929175613,255.94659423828125,306460
2015-11-26,256.9365415377841,256.9365415377841,252.29283757212832,253.54214477539062,1561410
2015-11-27,255.99372195546982,260.35457265176467,252.7407515478465,259.17596435546875,1151912
2015-11-30,259.27025573764087,264.99827472578505,256.63015592008776,263.06536865234375,501172
2015-12-01,265.893988014794,266.29470325993606,260.0716754963006,260.990966796875,532132
2015-12-02,261.1324875391396,261.65106372315773,258.3509602167395,260.0953063964844,334676
2015-12-03,260.0953320334864,263.3247078446602,259.08171720390067,260.00103759765625,532446
2015-12-04,259.1524267058143,262.311103045368,258.4452616495539,260.73175048828125,203004
2015-12-07,261.65102182452597,263.6546557754345,259.4352326415395,262.2403259277344,463770
2015-12-08,261.9103054177315,262.1224606461989,256.4651413516766,257.7144775390625,321522
2015-12-09,254.57938906946998,260.61385772211935,249.84138952782254,252.48146057128906,1173692
2015-12-10,253.11789272123605,255.05079853857805,250.4070940306689,252.26927185058594,796872
2015-12-11,252.2221479953181,252.92931289623957,248.0262914066721,248.63919067382812,1143446
2015-12-14,247.08342111997328,252.19859817110682,245.29194234142312,250.57211303710938,1001160
2015-12-15,252.69360486284953,254.34365638714053,249.15778016794025,253.68362426757812,866244
2015-12-16,253.6836309947652,259.97741638337146,253.49507093747215,256.9837341308594,694702
2015-12-17,257.8795045556942,258.82239122683023,254.81512287450226,256.3708801269531,1208196
2015-12-18,256.5122906796777,259.29381768836276,253.87221968215155,254.6029510498047,486730
2015-12-21,254.62647840392697,256.46511852081414,252.6935726602139,255.52223205566406,785074
2015-12-22,255.5222629286011,256.91302638765575,254.57937634952876,255.35726928710938,143768
2015-12-23,256.46518579420143,260.92033126558704,255.56943190749914,258.9873962402344,1157250
2015-12-24,259.812385927604,262.5939128518593,259.0345217629195,260.896728515625,391736
2015-12-28,261.17962744018206,265.09260166315255,260.80247849844153,261.5096435546875,514586
2015-12-29,261.17964498737416,261.46249951902803,258.3509845723484,259.0110168457031,1569188
2015-12-30,259.2938635274371,260.21318388941313,256.96021300076603,259.4824523925781,1460364
2015-12-31,260.236727795362,264.33829067314736,259.388135524866,260.4488830566406,455252
2016-01-01,260.6610082155957,263.9846776763998,260.35455856529256,261.8867492675781,209484
2016-01-04,261.8632145990452,265.8940494879549,259.3881370107265,262.8768005371094,1470636
2016-01-05,263.6782131668798,269.19410513919047,261.29743042626325,267.5911865234375,710696
2016-01-06,268.0154980388296,269.09981180103847,264.715395160603,265.37542724609375,813686
2016-01-07,264.9511586099422,265.13974745687835,261.17961186816365,262.4525146484375,587942
2016-01-08,264.95113079631295,265.89401738277667,261.4860341009047,262.6646423339844,378104
2016-01-11,262.5468276943128,264.92761098900553,259.058135200868,260.166015625,288250
2016-01-12,259.8831210404133,262.5231920300252,255.31011524178584,257.4316101074219,1941432
2016-01-13,258.8223601504034,260.1895571692403,253.00004716506243,259.0345153808594,531670
2016-01-14,258.77520025636244,263.536765365829,255.26294244066125,262.5703125,2332898
2016-01-15,263.06539110749793,264.90403169497847,260.70817434130174,262.09893798828125,1148430
2016-01-18,260.2366910381113,261.53316006049323,252.2457216725073,254.32008361816406,1079134
2016-01-19,256.4180492615192,256.53591009887515,250.61927304391014,254.4615478515625,709744
2016-01-20,252.2693027300693,253.61293342332658,249.15778840552318,252.10430908203125,1306836
2016-01-21,254.57935986120933,256.0879840449391,249.51134482693524,249.9827880859375,967494
2016-01-22,252.69360792901122,256.9365976143864,251.75072133226118,254.67367553710938,634956
2016-01-25,258.35091519080424,258.35091519080424,253.82507125205186,256.48870849609375,494610
2016-01-27,258.7515728455534,266.57754674746764,256.9836609546311,265.6817932128906,1552734
2016-01-28,268.2512168391264,271.50418686600153,261.22670070555006,262.4996032714844,767206
2016-01-29,264.904006070846,269.57127755167863,262.14604545640236,266.95477294921875,411022
2016-02-01,273.4371529110904,273.4371529110904,267.2376611240342,268.6048583984375,783450
2016-02-02,268.6756130044905,276.19511243406356,267.85058703043256,268.8406066894531,1342874
2016-02-03,268.43979438615725,270.98557063655,263.0653298998636,267.3083190917969,401190
2016-02-04,271.0327417099393,276.5014720166206,267.7797717057809,274.5921325683594,737542
2016-02-05,276.0300387897095,281.92307975447704,275.79431715111883,281.4280700683594,898710
2016-02-08,282.25311898966066,288.9947526522365,281.31023235784255,283.3374328613281,1211138
2016-02-09,280.5087315531202,282.7480869730821,270.3962681648962,271.7398986816406,1065536
2016-02-10,272.9656872958059,280.9330910600554,269.1941406665029,277.3265380859375,1344638
2016-02-11,278.10443430668835,280.0373404667295,270.9856226967198,273.4371337890625,1131352
2016-02-12,274.8042484965513,278.62292684704795,267.8740278099009,274.7335205078125,924082
2016-02-15,277.68010402945924,282.7716859205771,276.3129069479909,277.93939208984375,1114560
2016-02-16,276.0301377277522,280.50885046628963,271.7164186855217,273.20147705078125,795580
2016-02-17,276.73717057278117,284.28026210457756,273.7435176309437,283.1016540527344,1641832
2016-02-18,287.1089100912476,294.60486851480374,286.5903340787591,292.789794921875,2176530
2016-02-19,292.2713067320709,297.4807499259294,291.4462808804538,295.24139404296875,1179474
2016-02-22,295.12350690157564,305.49525954028917,295.12350690157564,299.7672119140625,1740688
2016-02-23,300.30937191714895,301.0401032524483,287.10895996474676,288.6175842285156,1543660
2016-02-24,288.33467828127283,290.12618563910235,284.3745722722577,285.4824523925781,2414188
2016-02-25,287.1088993466025,287.1088993466025,277.7036020613611,282.960205078125,1195298
2016-02-26,291.82334233968936,291.82334233968936,272.9656142401941,274.37994384765625,1092196
2016-02-29,276.2657549559005,279.44799701383965,273.4842281657824,276.57220458984375,794454
2016-03-01,279.33016693897736,280.41448081942895,274.8750218126222,275.7943420410156,997278
2016-03-02,277.9157823944092,286.6374820963542,276.7843071394476,282.8659362792969,2222396
2016-03-03,286.8496887128674,287.5804200909622,282.44167648440833,284.56317138671875,777336
2016-03-04,286.44892370557284,286.44892370557284,280.343756285765,281.4280700683594,734312
2016-03-08,282.8659887992439,285.95393675537906,279.28303111763336,280.4616394042969,498270
2016-03-09,280.50876710403276,284.61032962165353,278.34013940601596,282.9131164550781,376002
2016-03-10,283.80886259834483,285.57677494841755,281.16879166541554,284.1624450683594,652318
2016-03-11,284.23317827868425,286.8261164396207,281.8523665839501,284.916748046875,535928
2016-03-14,285.67100338886877,286.6374561621253,281.9230243173535,282.960205078125,340874
2016-03-15,282.8188781474444,283.8088976760016,280.55592703996746,282.0409851074219,582306
2016-03-16,281.9230554435171,282.6066538914045,276.3600310074135,277.30291748046875,401530
2016-03-17,279.9902138869294,283.0545956270389,278.5758838530327,280.83880615234375,995614
2016-03-18,283.6611473786272,284.60984686818784,280.12723598961173,281.3131103515625,364548
2016-03-21,282.00094512586446,282.71246979817533,279.2022698339699,281.9535217285156,309364
2016-03-22,282.9496991449735,286.7444981276387,280.74396065549195,281.7638244628906,1079834
2016-03-23,283.9932414301727,286.12781560819,282.7599145338869,284.5150146484375,405066
2016-03-28,284.60985414003136,285.9380276689492,266.7980265588367,274.0318603515625,942860
2016-03-29,271.328029300977,285.700819468302,268.26846793541574,282.4040832519531,1333890
2016-03-30,285.53488158966877,287.83546664915895,282.2855679326799,282.7362060546875,3000524
2016-03-31,284.60988094260324,284.82334414371303,277.49463391903817,279.5343322753906,948290
2016-04-01,278.9176476270291,283.54255760043645,278.1349589738021,279.3445739746094,426482
2016-04-04,279.8663509926788,281.502863411767,277.6369013892841,278.5381774902344,515632
2016-04-05,278.656777405641,281.26570113342,276.2613168641736,279.8663635253906,319680
2016-04-06,281.2419829225903,286.93418001501976,279.6054704681145,284.32525634765625,1336616
2016-04-07,285.5111308178256,286.98160348628954,280.7913449370289,281.55029296875,353816
2016-04-08,282.0483702841152,286.74444473149083,281.1708347635917,282.9733581542969,452748
2016-04-11,283.77971837500917,288.8789778359893,283.77971837500917,286.412353515625,612642
2016-04-12,288.40466959073984,290.2071929852793,285.55857087767333,286.7207336425781,514576
2016-04-13,288.8789880881589,293.14813569537307,288.4758023949483,291.3930358886719,691422
2016-04-18,292.19946103738016,297.74935918839526,291.98599784849256,296.8243713378906,1113554
2016-04-20,298.7454311984087,300.61911827827646,293.1481106050885,294.3576965332031,937664
2016-04-21,296.37373357250544,296.42118592120386,286.5072640448086,287.47967529296875,613318
2016-04-22,286.74438786887873,287.5507881330223,282.8547146168977,284.0643005371094,462958
2016-04-25,284.1354908003523,288.5943898828647,278.44329398966073,285.7720031738281,887708
2016-04-26,285.98548748478714,289.82770903521833,282.2855361227277,287.3847961425781,1352150
2016-04-27,287.289898136844,291.2269947296922,286.1040239250218,287.6456604003906,513580
2016-04-28,287.693105951945,289.28216593740507,283.3765350691664,284.6098327636719,418400
2016-04-29,284.65721182204396,287.645637762248,284.18286217464714,286.0565490722656,226490
2016-05-02,285.34509953187506,289.187350055955,282.3329900607368,286.4598388671875,290994
2016-05-03,286.8155587237438,289.8276677488409,282.26178421605954,283.3290710449219,529624
2016-05-04,282.2380697467753,285.7008167448636,277.5657368116024,278.5855712890625,868634
2016-05-05,280.98112268005906,281.7638115150745,276.66455061644314,279.4632263183594,507338
2016-05-06,279.3920064465136,282.52270325713005,276.85424683124205,281.50286865234375,676936
2016-05-09,281.83490658727976,286.0803135532622,278.8464800956358,283.94573974609375,568032
2016-05-10,284.1355545069915,285.79577894901905,281.0048571399749,283.0445556640625,440226
2016-05-11,282.2381080866107,286.8867299588113,280.8862228471686,285.3688049316406,567826
2016-05-12,284.77592055465686,288.9027700355384,284.77592055465686,286.9816589355469,608430
2016-05-13,285.7956941483567,289.04497801139786,282.45153455494767,287.9539794921875,581882
2016-05-16,290.06485171641594,290.06485171641594,285.7957042667876,287.3136291503906,299122
2016-05-17,287.66937783532325,289.3058900706996,286.9815649883381,287.8591003417969,380360
2016-05-18,287.8591599074696,289.3059499357514,284.6335871098847,288.7130126953125,494640
2016-05-19,291.2270294021134,294.54747759053583,289.80398017850376,292.4603271484375,1267616
2016-05-20,299.1724429464619,311.52925020174655,297.9154043187813,310.0824890136719,6080798
2016-05-23,312.95226020350486,312.95226020350486,305.5286747353413,308.87286376953125,1872846
2016-05-24,306.99914937618104,313.52145812819657,306.42992391287595,311.81378173828125,1192136
2016-05-25,312.7150692719674,324.5975245892828,312.6676458782898,323.34051513671875,2659996
2016-05-26,324.526373929561,328.96153225003746,320.5181129877347,322.86614990234375,3316306
2016-05-27,323.26933906743665,336.31395656465526,322.55781447667925,329.5070495605469,1664134
2016-05-30,331.3332629537312,336.1479239532607,327.9416510434804,329.8153381347656,709930
2016-05-31,328.77178054533704,336.31395270153484,326.9929690888761,335.0094909667969,2333880
2016-06-01,338.6857564285288,342.9074812197181,335.46018358627896,340.4171447753906,1737174
2016-06-02,340.5831367477978,342.12477350884285,337.0729368495364,339.847900390625,3327136
2016-06-03,339.3260901809327,343.7849895181648,334.9146431910399,336.8120422363281,789642
2016-06-06,336.3140078547352,343.1683682481013,334.5589078061342,336.7171936035156,627712
2016-06-07,337.68954937031265,340.4644834224199,335.0331737864083,336.9305725097656,349378
2016-06-08,335.8870306879923,339.01775626280505,333.5390226968949,334.226806640625,740938
2016-06-09,335.76846867813555,335.76846867813555,330.38461044056214,333.11212158203125,530976
2016-06-10,333.4204587610673,336.78833048511376,329.2224460028275,330.2423095703125,808560
2016-06-13,327.15902552453514,332.42429612301,326.3526251661352,331.783935546875,491412
2016-06-14,330.242313523047,333.2307112642672,326.51865048148454,328.51092529296875,606776
2016-06-15,329.4359140063299,331.30960138107355,328.5109261679615,329.48333740234375,359274
2016-06-16,330.02885543402,332.2820168617046,327.3013442320859,331.4756164550781,604922
2016-06-17,334.4165761242258,339.63442341127046,331.5704776040196,332.8986511230469,1087288
2016-06-20,331.0487596750942,334.4166319049618,330.21864746823786,331.7602844238281,508982
2016-06-21,332.99356294014086,333.3967486933794,327.2776535832094,328.36865234375,575318
2016-06-22,328.7243750198029,329.9102493885612,324.455227292273,326.2103271484375,467756
2016-06-23,327.04045180131124,327.8705638914107,322.0360675628282,325.68853759765625,439286
2016-06-24,320.9450242280507,329.1512979357621,316.17781510583245,327.0404357910156,806078
2016-06-27,320.6841198667203,336.78829852312214,320.6841198667203,334.8908996582031,713610
2016-06-28,335.62612822371517,338.6619779187017,334.8908919708381,335.5787048339844,1513770
2016-06-29,336.78835069618816,347.2240460698729,336.7171866469258,343.02606201171875,1370668
2016-06-30,343.90351625736065,347.9354885169297,339.23118351383914,341.4843444824219,1351904
2016-07-01,341.0575100878196,344.2593712743186,340.1088104770051,341.5081481933594,649942
2016-07-04,341.9824523871871,343.66638818138665,340.6305382508779,341.0574645996094,453036
2016-07-05,341.43698265010835,343.6190091166578,337.4050093217611,338.6383361816406,359486
2016-07-07,337.9742393078575,341.2235239225026,336.7883647839703,337.85565185546875,255148
2016-07-08,338.18757528267747,350.54437738241455,338.1401229483652,346.061767578125,1612962
2016-07-11,348.62332217969964,349.59573328649924,342.4093236605256,343.0497131347656,1140528
2016-07-12,343.90360492658954,346.6074045764152,341.08121782678916,342.3145446777344,1223670
2016-07-13,341.531798758635,343.71379589212256,338.2113507151482,339.6581115722656,290830
2016-07-14,339.1600487701489,342.0061470815068,337.8081636530576,339.58697509765625,306340
2016-07-15,339.58701512705346,343.1920618322541,339.58701512705346,340.8440246582031,567390
2016-07-18,339.6344226660766,344.9234339853263,337.262673904442,338.4959716796875,613498
2016-07-19,338.49595143362666,345.7060730281476,338.49595143362666,343.47662353515625,880600
2016-07-20,344.4016422636361,348.4099035819728,343.97474484488595,345.350341796875,520334
2016-07-21,345.32662233871656,347.98296939128676,343.0022969537091,346.03814697265625,530512
2016-07-22,345.56380058935446,350.07012331495343,344.37792618788103,347.0580139160156,1069468
2016-07-25,346.7970895314785,353.29568687602966,346.7970895314785,348.6944885253906,1061824
2016-07-26,347.22405515980233,350.73425527637653,343.42925674275534,344.2593688964844,435670
2016-07-27,345.6586313880993,349.2399658244887,344.5201805299056,346.63104248046875,627014
2016-07-28,347.74580012508244,359.55712081989157,347.3663261045931,356.5212707519531,2426844
2016-07-29,360.03148534667645,364.91728232184795,345.04204378261346,346.6548156738281,3332904
2016-08-01,348.64707058723076,354.6476065801829,346.109310973965,347.88812255859375,1468356
2016-08-02,350.54444476532984,354.8135922658548,348.05410872335693,350.8764953613281,1435802
2016-08-03,351.16106889216474,353.7937038750825,338.68567786485517,340.82025146484375,1370386
2016-08-04,343.19204833023053,345.8009719871984,336.4088526125163,338.5434265136719,1366358
2016-08-05,340.10872919511894,346.37015092049336,340.10872919511894,344.61505126953125,1295392
2016-08-08,348.1726931405237,350.1649677472609,343.9035456769478,346.1092834472656,766024
2016-08-09,346.27531754567366,350.0701155461742,342.00616979511057,343.1208801269531,1113858
2016-08-10,343.9035636780413,345.9195500858091,333.49158102869706,335.46014404296875,1308010
2016-08-11,335.6972705815407,339.16001741651075,331.64158665318513,336.78826904296875,1127940
2016-08-12,333.96592017978384,338.2113560354271,332.63774673189795,337.00177001953125,915842
2016-08-16,338.5907721512289,342.1246828108722,335.83954998973655,337.0965881347656,1089946
2016-08-17,336.812037001132,339.34982555596633,333.4678770261934,335.69732666015625,962856
2016-08-18,336.5748204042565,338.89914549130134,335.8395841671734,336.29022216796875,1008854
2016-08-19,336.788355867983,338.6383316570775,331.4282089523179,331.97369384765625,952248
2016-08-22,332.99346952383934,336.21904150090546,329.3409712614529,334.84344482421875,847734
2016-08-23,336.69344038903074,336.69344038903074,332.63775589367043,333.5390319824219,587930
2016-08-24,334.13239049456536,334.20357620353343,329.9076620817398,330.5247497558594,904510
2016-08-25,331.3080198771799,332.56592388815085,324.68612598687207,325.99151611328125,943086
2016-08-26,325.7304333362068,328.2462702493071,323.30951070568057,325.421875,1537816
2016-08-29,325.39813341454646,327.4630115123771,322.1702656755621,323.64178466796875,720550
2016-08-30,324.6861070669318,332.04376007795145,324.44876342141504,331.2367858886719,1516594
2016-08-31,332.28113690791724,335.84129194621636,330.05010062272663,331.59283447265625,1011752
2016-09-01,331.80643309395487,335.60393161291285,328.6972369760809,330.358642578125,702724
2016-09-02,331.33171472086644,332.8981769185774,328.7446633028072,330.8095703125,380014
2016-09-06,333.6576792628695,342.4868505145326,332.80321903568046,341.0865173339844,2493186
2016-09-07,343.1752258927377,344.3619442691753,337.0280189082678,339.49639892578125,1187864
2016-09-08,339.66247513039406,343.48370191423174,337.55011095404524,340.1134338378906,713530
2016-09-09,340.35073137895506,342.3681520321776,335.9836032292223,337.5263366699219,682152
2016-09-12,334.1560867785989,337.19406771635994,325.6829022019571,333.5864562988281,852366
2016-09-14,333.25417333991015,338.9741488267355,332.0199980964643,336.50579833984375,612274
2016-09-15,336.5532880754434,340.3982435292912,335.22416946007706,339.4251403808594,821840
2016-09-16,341.7748513460692,343.9109441669822,337.1466502340912,339.3302001953125,764324
2016-09-19,339.3302206137364,341.46631356318386,333.70518743590407,335.7938232421875,498674
2016-09-20,337.0042026091285,339.8048398649126,335.3665258814278,337.6925048828125,630306
2016-09-21,338.879266227199,339.3301959723561,333.70516320300067,335.6039123535156,623400
2016-09-22,337.78743123722717,338.7605632655034,334.29849158291387,335.2004089355469,630032
2016-09-23,335.6039072994212,336.9092973207414,333.11179907690075,334.0374450683594,973962
2016-09-26,334.2273184662934,335.9362101407283,328.7446859109523,329.7415466308594,767088
2016-09-27,329.74155255950336,332.2811180872675,325.4456092118552,330.4060974121094,819968
2016-09-28,330.6197340961953,332.2099251047401,326.34754801311453,327.2257080078125,2063734
2016-09-29,329.17189187472314,330.9044830198068,307.6922929921374,316.2366638183594,2885314
2016-09-30,314.2430444902964,325.63554157151566,313.34112688231926,323.5469055175781,1703482
2016-10-03,325.1607620086512,344.9552258699772,325.1607620086512,343.792236328125,4116470
2016-10-04,344.62294390197394,352.9299707866634,344.62294390197394,350.9837646484375,3775566
2016-10-05,351.7433184723226,355.54081718727343,345.90466999260883,348.2781066894531,1176684
2016-10-06,347.2337813078596,351.2211664621634,342.58185127624864,346.3556213378906,492910
2016-10-07,347.85085536846054,349.7496046106166,338.92673972485005,341.15777587890625,465134
2016-10-10,342.86661731084536,347.94577701264654,342.08340068067355,346.45050048828125,349996
2016-10-13,347.39989810070176,347.39989810070176,340.8729475531387,344.5280456542969,1273444
2016-10-14,344.4093431794478,347.8033687512144,338.5469669801546,345.3824462890625,919978
2016-10-17,348.8002218434537,348.8002218434537,339.54381950412255,340.94415283203125,731000
2016-10-18,341.7748267622684,343.67357579983656,338.0960005019801,342.2020568847656,1194842
2016-10-19,344.1482840558194,345.09765863252505,339.7336980686604,340.73052978515625,2238858
2016-10-20,341.77483373977856,342.4868646434031,337.7874490904365,338.9979248046875,1291104
2016-10-21,339.63878265453366,341.2764597281037,336.81438726281357,339.11663818359375,449712
2016-10-24,338.92672238761224,342.5818202863149,337.50266052884075,338.6181640625,306300
2016-10-25,338.38080862476835,340.5881160179713,337.02796149513534,338.5469665527344,390546
2016-10-26,339.8760700317717,339.8760700317717,333.70513579935124,336.3633728027344,570514
2016-10-27,333.7525868686691,339.87606385396464,331.3316935336136,336.5532531738281,466822
2016-10-28,337.07541519640574,343.0802206860783,337.07541519640574,341.2052001953125,1173416
2016-11-01,344.33812606093,345.07388546827116,334.9630533275143,337.6925048828125,1069226
2016-11-02,337.0280087263673,338.99797276078607,333.4915822768985,334.20361328125,380812
2016-11-03,334.6307793613271,335.7937689068083,325.2082201587652,326.56109619140625,754936
2016-11-04,326.3712112809374,333.8712639982214,321.6243388051108,329.52789306640625,1416486
2016-11-07,332.75581182082607,334.6071039606583,327.70038026617135,329.3617858886719,285368
2016-11-08,330.7620853895614,332.186147205796,326.58484318979566,328.19879150390625,297844
2016-11-09,318.04049780132107,328.48361862464805,303.3251911866331,321.8617248535156,1157902
2016-11-10,331.806378018173,331.806378018173,314.81258076112044,315.9518127441406,1180174
2016-11-11,314.4803363143539,317.94554781054035,301.7112363526955,313.0562744140625,1770688
2016-11-15,308.5467915446079,308.5467915446079,277.0512960275247,292.9295654296875,2694898
2016-11-16,293.095684834222,298.57831746047583,286.28390456423415,296.18115234375,1391326
2016-11-17,298.55459914923455,302.0435394023972,290.5086431879855,292.4786071777344,616746
2016-11-18,289.67794620925935,297.0355999024073,289.67794620925935,291.88525390625,1486642
2016-11-21,291.932691985238,292.6209943706203,282.3440026490863,286.8298034667969,781406
2016-11-22,291.45802422656743,293.04821521269866,283.4357966612524,291.4342956542969,559358
2016-11-23,292.4073707104116,293.0956730755999,288.158913669366,292.64471435546875,861818
2016-11-24,290.0814039978641,292.92952786224214,287.3757095047962,290.55609130859375,1740892
2016-11-25,295.2317715096925,301.4264349692626,288.89467868228246,298.4833679199219,553222
2016-11-28,298.95809511882317,299.36159676053325,292.7159736852921,296.940673828125,723798
2016-11-29,296.67953729269044,299.95489097344614,294.8045168224784,298.7444152832031,913042
2016-11-30,300.00236134755403,306.07835274488076,299.2191157454973,303.98974609375,1139128
2016-12-01,305.2239079098731,305.8884816623294,299.64633260980935,304.77294921875,428994
2016-12-02,300.9992370605469,304.77300728775316,297.0118807039235,300.9992370605469,865152
2016-12-05,301.4264472552193,303.562540188524,298.3172511134876,301.56884765625,347780
2016-12-06,302.77929094825026,307.5736501921727,300.5720123268045,302.11474609375,520046
2016-12-07,302.850540461678,305.60372139862426,301.2365918231487,304.1322021484375,524134
2016-12-08,306.17325899686017,307.0751763100805,303.94222325305896,305.8884582519531,407028
2016-12-09,307.36002922939286,307.52615819668756,302.80304270167824,303.96600341796875,495672
2016-12-12,303.23026408816196,303.32520734977425,286.7348791814254,288.4200134277344,1202158
2016-12-13,285.7617660883504,291.41055677449157,284.17157515846606,290.0102233886719,1418048
2016-12-14,290.36624965914575,292.7871434873131,288.5861721464887,290.98333740234375,485480
2016-12-15,288.728534049724,296.63208874099297,286.94845677444823,290.3662109375,1061082
2016-12-16,291.93270480980937,292.09883378447626,287.4231752233164,288.2064208984375,394784
2016-12-19,290.4136758101487,290.8646345264176,284.81237162929506,285.856689453125,377656
2016-12-20,285.2870798522442,286.56874141315825,281.964268606045,284.3851623535156,520268
2016-12-21,284.33765097687774,284.33765097687774,278.7600760203196,280.3265380859375,1042994
2016-12-22,280.49271447648005,282.58132104401284,276.3629295059201,281.9642333984375,510418
2016-12-23,283.12721880763337,283.7680350123148,276.8376126840292,278.64141845703125,1217914
2016-12-26,278.6414515022299,280.23164240472164,269.50372076727604,273.01641845703125,774346
2016-12-27,273.8945415784763,277.9293831788525,271.52110534296094,277.0274658203125,356590
2016-12-28,277.7395203292156,283.3883106395516,276.26800132700004,279.377197265625,764880
2016-12-29,280.065443422162,281.20470427258306,277.7394645911385,279.6856994628906,643394
2016-12-30,280.54015048508876,285.2870227437197,278.92620232811066,279.97052001953125,756614
2017-01-02,282.4151981592616,288.13517399007765,279.8756038714986,286.9484558105469,655138
2017-01-03,288.13523418314855,289.3219526105915,283.8867764183792,287.8504333496094,647036
2017-01-04,288.08773035656725,290.9833112613132,287.23327004916126,288.277587890625,528142
2017-01-05,289.55923677818595,293.3092778271449,289.4168363906863,290.3662109375,1100448
2017-01-06,292.3361867781863,293.38050472081034,291.1020112831135,291.7903137207031,365554
2017-01-09,291.79035273496044,293.8315027755493,285.59568791361863,291.5530090332031,630742
2017-01-10,290.9595737146428,300.42959073358224,289.22695355571705,299.7175598144531,874130
2017-01-11,300.9517658128996,304.8442076952236,297.6289545184354,300.9754943847656,1185082
2017-01-12,300.4771301619737,302.58949492841055,298.10369311488074,301.2603759765625,283146
2017-01-13,303.5625167112698,308.9264772010903,301.3789668040335,303.9422607421875,717444
2017-01-16,304.132165340581,304.132165340581,300.6431962281792,301.71124267578125,259800
2017-01-17,301.9011471768274,302.73185001890204,296.25235626167375,297.81884765625,366818
2017-01-18,297.6289588352382,303.3014782790135,296.7270413103276,301.7350158691406,379984
2017-01-19,301.8536280820388,302.68433075362674,298.1510444248734,298.6732177734375,454614
2017-01-20,299.100488798934,302.92174515925757,296.4422512177336,297.5815124511719,588216
2017-01-23,296.67953425390374,300.5719755378371,296.67953425390374,298.83935546875,269940
2017-01-24,301.8537011406966,313.19871156068746,299.9311941716231,311.6085205078125,1271486
2017-01-25,313.29361320855077,332.99313585727026,313.29361320855077,327.36810302734375,6289984
2017-01-27,329.907635153518,330.2399220194177,319.2271721449509,322.2414245605469,1767968
2017-01-30,322.3126835926821,326.44246898552063,319.7019033868504,321.8617248535156,439952
2017-01-31,322.621212055413,324.68609007429706,318.918628201038,319.7018737792969,422528
2017-02-01,321.83800668179936,329.9076912151188,317.85062155864256,328.41241455078125,1970518
2017-02-02,326.11016484364296,327.5342266988554,319.46454285265173,321.0784912109375,629186
2017-02-03,321.0785569988971,322.78741998624747,315.66710925125676,319.6307373046875,656928
2017-02-06,318.9898704717575,323.19084155187124,317.4234081523565,318.9424133300781,760242
2017-02-07,318.27790005092453,321.6956551077402,316.8301092829498,319.7969055175781,805900
2017-02-08,319.93920689070075,321.3632686424398,316.71133938128105,318.2778015136719,439622
2017-02-09,318.0405523447129,319.27472797371934,314.33799648507437,314.76519775390625,703170
2017-02-10,315.42967833330516,320.41389446949734,315.0024482183016,318.6812744140625,453906
2017-02-13,318.7999854266139,324.5911763962276,318.34905566074315,322.31268310546875,705718
2017-02-14,323.26201797589283,323.8079199036629,317.1385408480983,318.6812744140625,433748
2017-02-15,318.51515925620396,321.83797015753544,315.66703562649127,318.3015441894531,417114
2017-02-16,318.63380547144885,320.1528104130972,315.9280824461079,318.6100769042969,436792
2017-02-17,319.4645421979193,327.0595387434865,317.5420644918451,324.4962158203125,1011218
2017-02-20,325.8490805807615,334.5595803506323,325.1607782483412,331.260498046875,1997322
2017-02-21,333.7525911280976,337.9773192072321,331.0468970035436,332.138671875,1109634
2017-02-22,333.6814711352293,335.6039490659068,328.6260393799143,330.2874450683594,1108670
2017-02-23,330.85703777944326,333.70516149060063,325.6592062120586,326.65606689453125,1137136
2017-02-27,326.2525554682614,328.19879066235865,323.04841638994947,323.9266052246094,549604
2017-02-28,325.0183996998295,325.6117588240907,321.88544614016234,323.8079528808594,780102
2017-03-01,327.5342240108864,331.5690659008756,325.18451617454673,327.15447998046875,1068172
2017-03-02,329.90768483163765,329.90768483163765,321.1971841664956,323.4756774902344,446416
2017-03-03,323.97408678123986,323.97408678123986,318.58639743993075,320.6512756347656,1098220
2017-03-06,321.76674191320353,323.523090538674,320.55629521612616,322.1465148925781,702074
2017-03-07,322.90601560701003,323.52310326384986,317.8031274515152,319.2034606933594,1276274
2017-03-08,319.2034615945735,321.36328288591665,315.69076419554983,318.3015441894531,502762
2017-03-09,319.22721745417664,325.56428148299455,318.15917100172777,323.9740905761719,1872700
2017-03-10,326.11016109514816,327.36809397517146,322.78735013784683,324.5911560058594,1013120
2017-03-14,328.0089256038076,337.02798433965756,325.32693075910146,333.1592712402344,1415514
2017-03-15,333.5152509044043,334.65451189564646,329.36173745889096,332.44720458984375,863678
2017-03-16,333.2779123348946,335.36654785965374,331.0469053998335,331.9013366699219,537992
2017-03-17,332.37603974429436,337.97734386209305,331.85386635195124,333.1830139160156,888448
2017-03-20,333.7051370660265,335.12919881737514,330.8570135633293,332.0437316894531,502764
2017-03-21,334.48835686686726,334.48835686686726,329.5278696870433,332.3522644042969,377862
2017-03-22,330.8570261783866,331.1418269504711,324.04527546375857,329.1006774902344,735082
2017-03-23,329.4804577188505,332.70835467780057,328.6022977645747,329.3617858886719,444690
2017-03-24,329.90772251471407,332.23370221933254,325.6829933279965,326.7035827636719,569636
2017-03-27,326.5848646045621,328.93457254994615,322.9060380047287,324.1639709472656,682980
2017-03-28,325.2557294813158,331.2130490403679,324.6860989517902,330.61968994140625,410406
2017-03-29,332.75581592164684,332.75581592164684,324.6386742264416,327.1070251464844,1703538
2017-03-30,327.5341792893881,331.02311874060126,326.58480485666524,327.9851379394531,952076
2017-03-31,328.00888141589337,333.65767113641215,327.6765945548141,331.8775939941406,1876426
2017-04-03,332.684596763571,334.5833460443165,332.35233881753237,333.68145751953125,703662
2017-04-05,333.966195313985,342.2494932829698,333.966195313985,338.9029541015625,1508152
2017-04-06,341.3001838489027,341.41885567917006,335.62766456760033,337.0992126464844,573210
2017-04-07,338.7368167667752,340.82545229747547,334.7019750613037,336.17352294921875,685912
2017-04-10,337.9773437018216,338.1197440914432,332.9931272567807,334.0374450683594,347664
2017-04-11,334.4171633939124,336.50579885653093,333.65767539256575,335.2004089355469,259548
2017-04-12,336.0785598319167,340.04218662507145,330.16869800645225,336.7431335449219,682080
2017-04-13,338.0248257273813,341.7274099658129,336.10234789441995,339.3539733886719,1485144
2017-04-17,339.3539717873541,340.3745321271403,336.55330505049744,338.0960388183594,671168
2017-04-18,338.42830086243134,342.8903438949357,337.5026548752131,338.3570861816406,1045976
2017-04-19,338.35709721952105,339.5913015669449,336.0786040038481,338.47576904296875,205132
2017-04-20,338.5706701474901,341.8460236559418,338.001039671332,340.5168762207031,555310
2017-04-21,341.7748345050152,342.24952177516104,338.0485510234149,338.950439453125,714784
2017-04-24,338.95046926727656,341.77486456760107,337.0517200196788,340.255859375,509662
2017-04-25,340.4457398137038,346.5217315030705,339.44887909293493,345.16888427734375,1630640
2017-04-26,347.9457908010007,350.3192273003254,342.72423050248636,344.8128662109375,1039724
2017-04-27,345.00274140819783,346.26067440627963,341.4425864769645,343.0328063964844,381338
2017-04-28,343.1988755726498,345.07389597092276,340.5880957446421,341.67987060546875,317992
2017-05-02,340.8254496294497,344.78907662592894,340.3507623736984,341.8460388183594,2019280
2017-05-03,343.19893926663565,348.0644843945513,339.8761279597664,346.75909423828125,1390742
2017-05-04,348.89512425146734,352.21793495862414,345.4061845979967,350.6752014160156,1099122
2017-05-05,351.7432999651946,354.1167365371595,345.8334371064792,351.3635559082031,1141040
2017-05-08,353.6420629103986,356.82247383445144,352.0281143899492,353.0961608886719,724458
2017-05-09,353.0961299019712,355.4458377874806,352.0280834969772,353.5470886230469,350562
2017-05-10,352.9774742497431,357.9142338924782,352.74013059331577,354.3778076171875,325516
2017-05-11,354.68630256909745,365.5328941402506,352.2179231888853,360.0502624511719,733668
2017-05-12,362.1864072672526,362.1864072672526,354.3540668741862,356.0154724121094,296290
2017-05-15,357.4157883476807,358.4126200329059,353.2622747048888,356.94110107421875,221334
2017-05-16,356.4427240044493,362.8984600367237,354.71010367879893,361.42694091796875,680014
2017-05-17,359.36202753954603,368.83204530819836,359.36202753954603,367.5978698730469,1093460
2017-05-18,363.84778765278475,371.585184257141,356.77493583409057,367.88262939453125,2303024
2017-05-19,367.40795937574336,370.82571362957515,360.7386088017527,361.3794250488281,1580220
2017-05-22,361.2844210291348,366.12623632661973,349.55967021475095,351.03118896484375,611952
2017-05-23,346.5929395819129,353.52336249084186,345.5723503099468,349.1799621582031,562612
2017-05-24,349.3698716072667,349.84455893282006,340.35081242175306,342.1308898925781,975458
2017-05-25,344.62298798548113,352.9774730748714,340.46947401182695,351.4110107421875,1612724
2017-05-26,350.3192237096919,366.1737909517233,350.3192237096919,363.3493957519531,1232130
2017-05-29,363.1120357930681,365.4142574813525,356.01545525708775,358.1990051269531,849916
2017-05-30,359.78921872552775,368.3573180743588,358.81611562565257,363.56298828125,598356
2017-05-31,363.56302326319286,367.59786540868214,361.7117311603344,365.5804443359375,733082
2017-06-01,368.83200844719534,368.83200844719534,361.7116994038132,363.4680480957031,476146
2017-06-02,363.4681130106748,378.80050876124966,363.4681130106748,375.73876953125,1421290
2017-06-05,379.7498344289639,382.5979581871811,375.6200491850263,377.9697570800781,841634
2017-06-06,384.97141872757663,386.0157366320881,375.9049024526316,379.4650573730469,1043788
2017-06-07,381.64859076394305,384.2593709246417,377.3764050464362,380.34320068359375,810484
2017-06-08,381.648647791768,382.1233351646433,377.32900428764964,378.3258361816406,367702
2017-06-09,384.4967330225827,385.8258517372736,380.2245471001096,381.98089599609375,678078
2017-06-12,380.69922649085913,383.0726630649916,377.4713585445617,381.76727294921875,227232
2017-06-13,382.1232589685545,391.5695473942134,381.29255623166637,386.4429016113281,991542
2017-06-14,386.8702155888154,387.8195903509966,383.5236753466506,384.9714660644531,514100
2017-06-15,384.3068349736453,389.2435945916584,384.3068349736453,388.2942199707031,675070
2017-06-16,391.11860695126853,394.2515315448004,386.5853490270621,387.6771240234375,765426
2017-06-19,389.2435495174638,393.49200624879245,384.75774915838065,390.833740234375,478194
2017-06-20,391.1423592926118,391.7831755980378,383.64230528516487,385.3037109375,396078
2017-06-21,386.9176432873873,393.04112162641053,386.9176432873873,388.3417053222656,639698
2017-06-22,389.7182623527846,393.0410733594466,386.8701386327886,388.4128723144531,479082
2017-06-23,387.8670251882558,398.04907472145635,386.8701933343551,394.1329040527344,851398
2017-06-27,394.44140104966687,397.00469497770405,377.851074821704,382.9776916503906,1637612
2017-06-28,381.7435444187201,381.7435444187201,370.30356274661233,371.0630798339844,1179388
2017-06-29,369.4016526057969,382.0758089655483,367.9063760624271,376.8067626953125,1230598
2017-06-30,377.5662937251245,387.10749695998544,373.60263734754534,382.4080810546875,1108530
2017-07-03,385.7783853130384,391.6407620432417,378.80047601301266,388.24676513671875,814458
2017-07-04,388.389170958595,393.4920596478076,387.60592529166996,389.3622741699219,578258
2017-07-05,389.3859919458167,394.8448959736284,388.50783201734475,393.1123046875,593504
2017-07-06,394.93978967318355,396.3401228469555,391.7831078902372,394.0378723144531,907578
2017-07-07,393.9430030676466,395.88920941457206,384.52044275017045,385.5173034667969,1158600
2017-07-10,385.4461157204415,394.8211905794054,384.5204696233877,392.44775390625,358516
2017-07-11,394.939818143168,395.746792316108,385.06632848411124,386.7989196777344,722974
2017-07-12,388.2942171060216,391.4508992864548,385.9207805711437,387.53472900390625,388794
2017-07-13,388.29418871546727,394.46512325495513,388.29418871546727,390.4540100097656,693894
2017-07-14,390.66763137972663,392.73250945836315,382.1232603410449,382.9776916503906,1100882
2017-07-17,382.12325453462023,385.30366505632514,381.1738799891926,383.571044921875,1151446
2017-07-18,384.4017873243522,389.24360380029344,382.83532495723983,386.7514953613281,1484812
2017-07-19,387.4872504760188,388.29422470819935,377.5188168343658,378.7530212402344,1956414
2017-07-20,379.7498417529324,380.3194723100845,375.47765603321193,379.48876953125,1210378
2017-07-21,380.0109373670585,382.47931728492205,376.16598157167044,381.8385009765625,1244166
2017-07-24,382.50303647102754,387.58219658702154,380.9128455388652,385.4935607910156,592756
2017-07-25,387.9856322502196,394.46512513663515,384.97137964598204,392.9698486328125,1498770
2017-07-26,386.39548181521343,386.39548181521343,378.3020687338772,382.4318542480469,1944138
2017-07-27,383.33373050978616,384.61539203834604,372.65326605947723,374.62322998046875,1760048
2017-07-28,375.0979396317651,376.1659861404133,370.7545389075495,374.00616455078125,565088
2017-07-31,377.37640409239646,380.2482564673819,373.3415620360626,377.7798767089844,1183598
2017-08-01,375.0029668322873,379.1564807054297,374.385879137086,377.8273620605469,908840
2017-08-02,378.32578548431394,381.1264521980239,375.00297431945796,379.7498474121094,640716
2017-08-03,379.7023505325541,383.80837794441356,376.3083250374638,383.00140380859375,628052
2017-08-04,382.59796918496755,384.85273389170277,379.0615429556705,383.666015625,629940
2017-08-07,382.17077089509746,386.89391578503404,382.17077089509746,386.181884765625,502782
2017-08-08,386.7752225788784,386.7752225788784,377.9935071580292,384.6391296386719,633368
2017-08-09,383.5473189199544,383.5473189199544,375.00294795391585,377.49505615234375,802362
2017-08-10,377.37638202982515,380.91280800814906,368.35732384294886,377.5425109863281,1109948
2017-08-11,372.15489167475977,376.4270779312302,368.02510583231486,375.1454162597656,653570
2017-08-14,378.3257226992888,389.243529000523,375.4775993163582,385.8257751464844,994828
2017-08-16,386.8701603391044,391.1423461588001,383.97457931702314,388.24676513671875,605170
2017-08-17,389.1486788352178,392.0442890173255,385.94453926306517,388.3891906738281,528236
2017-08-18,387.3448006077142,391.14229865288786,384.49667707383395,389.97930908203125,471170
2017-08-21,389.955620358637,393.0173592649227,381.60113539465516,387.5821838378906,1110460
2017-08-22,387.48723684504125,391.617022145829,383.5947951940388,388.9825134277344,671330
2017-08-23,389.2450939021998,393.4228241342075,384.82863622836317,389.53155517578125,795542
2017-08-24,391.1787387196285,397.4811483414568,387.71719118151975,395.83392333984375,689150
2017-08-28,397.71991294999333,402.8286859674535,395.81009344002933,399.2239074707031,1185558
2017-08-29,399.2238775702871,400.966570257688,391.9904250614446,394.9745178222656,591428
2017-08-30,395.3326383759083,399.152277394033,394.59258914445326,396.9082336425781,456310
2017-08-31,397.2424371244447,401.062075942949,391.9904337490013,399.1045227050781,1134532
2017-09-01,401.03824679872065,405.55020140632433,399.2000279592717,402.8525695800781,1227196
2017-09-04,404.57136919005353,405.5979088089257,395.5952235344191,399.34326171875,632106
2017-09-05,401.6827689299048,404.3804005525035,397.4095420935323,402.088623046875,519254
2017-09-06,401.4917937741837,403.92680184500557,399.2477501578496,401.06207275390625,576476
2017-09-07,401.06209269984674,405.52628409888075,401.06209269984674,403.1151428222656,574792
2017-09-08,404.11784106956077,408.22394157380626,401.1576148462157,402.8048400878906,757156
2017-09-11,405.8366003346331,407.5076922183639,401.1097859211825,404.02227783203125,603942
2017-09-12,404.35655033351344,410.1337427364001,404.0461930042824,406.0992431640625,954548
2017-09-13,406.3141308833114,406.6722220679912,395.85785663404806,397.3141174316406,611576
2017-09-14,397.719873041343,402.20796009602066,396.2875085525987,400.4891052246094,413426
2017-09-15,399.86844517468,402.398950103897,397.5050377898188,400.1788024902344,398890
2017-09-18,401.0620581687391,403.21060490892876,398.81801463401274,401.2530517578125,332402
2017-09-19,401.3008254091583,413.4759248118157,397.7676476513817,408.82073974609375,1145600
2017-09-20,413.47590461320067,414.6456748367753,405.3830389890586,406.3857116699219,699778
2017-09-21,406.7915427386009,408.2239073257087,399.8445803194348,400.9188537597656,427168
2017-09-22,399.8684704901271,400.7995133542019,387.5740070690874,388.6960144042969,386310
2017-09-25,388.19464731337746,388.863095738206,380.0540482144765,384.6614990234375,486792
2017-09-26,384.2557084196789,384.2557084196789,374.8737368576655,378.478515625,771874
2017-09-27,378.26364607404213,380.6270536670275,370.1707796575938,371.2928161621094,513802
2017-09-28,371.7702202161071,375.6137258228539,370.0274984057131,371.1495056152344,775928
2017-09-29,373.36970480648205,385.78353130899933,371.50761917449154,379.337890625,694546
2017-10-03,381.96392525326576,387.38302678618254,375.2795565613336,376.9983825683594,507300
2017-10-04,375.4227641432699,382.63235027447075,373.51294463432123,379.9824523925781,551376
2017-10-05,379.83923782120286,385.2344723338419,377.4758302506233,379.4095458984375,291864
2017-10-06,381.65355706988197,385.1628680184162,379.29017866271613,382.1310119628906,257842
2017-10-09,383.82598647077435,385.78353980574974,379.71985705227854,384.61376953125,359526
2017-10-10,385.2583692018938,385.30610303512333,379.5766442539319,382.0832824707031,529580
2017-10-11,382.48910619392984,388.17083112282097,380.5315527735404,384.39892578125,944712
2017-10-12,387.5740402786544,387.6934040114166,381.104531791254,384.44671630859375,562912
2017-10-13,382.2026250475581,389.12572069176747,382.2026250475581,386.1893615722656,611692
2017-10-16,384.3750055401749,389.7941353523177,383.06200475604555,386.6190490722656,686418
2017-10-17,383.92150570390663,387.3830540198671,383.2053232937079,384.3512268066406,286762
2017-10-18,384.35121218514496,385.7358431154697,379.86312426202085,384.5422058105469,635290
2017-10-19,384.58995784619145,385.4255039991782,380.6509545535396,382.3936767578125,45574
2017-10-23,381.96394173347454,386.5952603553001,373.8472079716382,382.9427185058594,1999654
2017-10-24,386.1178034473185,386.1178034473185,376.4732081397186,382.2026672363281,656608
2017-10-25,380.0779327174487,391.9665703018163,373.3696978114194,382.5129699707031,1656432
2017-10-26,384.279593775731,384.30348983577227,375.3273137212407,376.3299865722656,733892
2017-10-27,375.56601820528545,378.74110499358216,374.80210201066745,375.4705505371094,651414
2017-10-30,377.1893604891687,379.0991800359493,374.32463116899777,375.6614990234375,1074942
2017-10-31,376.2106209745508,376.2106209745508,372.41484842194296,373.2742614746094,662930
2017-11-01,374.0381839792972,375.70927614566097,366.44663933834494,368.9532775878906,1109976
2017-11-02,369.12034978120613,369.33521030185136,363.86834619070555,365.0381164550781,1009686
2017-11-03,364.7755576249798,369.55010680855287,362.8657379515506,367.6641540527344,832050
2017-11-06,365.7304246427986,373.226471811695,363.5102478757562,364.36968994140625,1415088
2017-11-07,366.1840336103871,368.1177200860342,360.4784418481917,362.17340087890625,633108
2017-11-08,361.9108168191057,368.1177305640244,358.7118631376484,367.04345703125,1257754
2017-11-09,376.7119585199746,389.60324227160874,372.8923188898608,388.051513671875,3690618
2017-11-10,388.3140656040131,394.66420996634906,384.8286506509897,392.0382080078125,1558194
2017-11-13,391.632384092464,401.6828039699131,390.7729710955756,395.8817443847656,1173364
2017-11-14,397.2424898006061,399.62976437873476,390.27165968908463,392.2769470214844,892332
2017-11-15,388.5050143053905,393.8286183573029,387.21588039193233,388.7676086425781,966818
2017-11-16,388.7676402481397,392.4679156081926,387.2875417607319,390.2955017089844,649534
2017-11-17,391.536858005914,401.4201795849288,391.0355362236773,398.9374084472656,889816
2017-11-20,398.03026903512426,406.3140994771342,396.3352809120932,405.383056640625,1062344
2017-11-21,405.95603601908425,407.7464919262546,397.81543565612355,400.03558349609375,771402
2017-11-22,402.9719494025338,402.9719494025338,398.07803650990826,399.9639892578125,578244
2017-11-23,399.62972383978575,404.7384967470477,398.19735923820946,402.7809143066406,424986
2017-11-24,403.9268410828486,405.6934300222743,399.2000259667548,402.1125183105469,470104
2017-11-27,400.4891410589552,405.7889076264316,397.00372631945413,399.2716369628906,577220
2017-11-28,401.8738167663825,409.99055050280555,398.1974080104013,405.2398681640625,779430
2017-11-29,407.746510568323,410.13378522036237,399.1523218209813,406.3380126953125,896556
2017-11-30,406.79157045223053,409.03561428655314,400.3459293711212,402.1125183105469,933644
2017-12-01,402.1124745517578,410.5634311000891,400.22652209384154,408.4387512207031,1342680
2017-12-04,410.611153440042,410.611153440042,398.24506169727056,400.4891052246094,658714
2017-12-05,400.87109063428034,401.75439961424263,393.90026130298577,397.8392639160156,519664
2017-12-06,397.8870397316898,402.97194620715004,394.97457642164085,398.4599914550781,691880
2017-12-07,396.40688935258237,410.5156743467619,396.40688935258237,406.0514831542969,1078214
2017-12-08,404.9294999230749,429.4229602650002,404.9294999230749,425.3645935058594,2239146
2017-12-11,425.41228927838944,430.4255654146668,421.521020430285,426.9878845214844,1337516
2017-12-12,426.3672412253252,433.05161006872333,416.0303306073131,426.4627380371094,1323188
2017-12-13,427.79957960453044,437.7783984193299,414.02501774374355,417.94012451171875,2442920
2017-12-14,416.34064560100677,417.7252763771644,405.74114168515166,410.46795654296875,1291076
2017-12-15,413.547578052238,417.29558740377007,406.8393133167871,411.995849609375,1111506
2017-12-18,411.9958141057036,424.93482927302205,402.39895384731483,423.21600341796875,1169282
2017-12-19,423.0250412810822,427.72796038814636,418.72794718229017,422.42822265625,810990
2017-12-20,422.07011998939373,427.79957863178373,419.32475438991526,424.8871154785156,625688
2017-12-21,434.961374541147,446.32479430458517,434.483919684351,441.3831481933594,3724922
2017-12-22,446.157728248968,453.5821459678187,437.8738684140038,450.9800109863281,1973470
2017-12-26,461.7943530478738,463.9428999487092,436.871203169876,442.40966796875,4845190
2017-12-27,434.48392563863325,444.03302290541643,432.0966513219375,436.2982482910156,1818200
2017-12-28,436.87120840672446,438.30357302445145,429.70938531808963,430.4255676269531,991880
2017-12-29,430.80759101561625,436.6325471725238,429.70945047049906,430.7598571777344,1015750
2018-01-01,432.0727578424662,433.9109472966939,428.75444091796874,429.7093505859375,320954
2018-01-02,430.18687966553944,432.04896549606656,418.72796167222873,424.55291748046875,1289786
2018-01-03,424.8393265761822,437.10992224804374,424.4573685183079,436.369873046875,1104348
2018-01-04,438.06487319164137,438.78105554563314,431.61923200571533,432.3831481933594,908898
2018-01-05,432.3831273247004,436.36989305442376,431.6192111739262,434.5794372558594,832830
2018-01-08,435.00914708938967,437.34868775253994,433.290321108548,435.510498046875,423796
2018-01-09,435.8685164443541,440.6430646400792,432.6934302375851,436.7995300292969,1085686
2018-01-10,436.91895072296984,440.6192260572959,434.0542214318787,435.3194885253906,899930
2018-01-11,430.425580210564,435.43885651917293,428.0860396099331,429.4945373535156,869212
2018-01-12,430.9507958906336,439.8076079031766,422.57146793603107,434.5317077636719,1339724
2018-01-15,435.39111328228773,437.3486666181795,430.75979515464013,431.9295654296875,691218
2018-01-16,431.141828041744,434.1975514364181,422.6908694378674,429.8288269042969,951038
2018-01-17,427.7995721207473,430.52107076276855,423.97993308395496,428.0382995605469,1099786
2018-01-18,429.70942564702426,431.09405656405664,424.17096026196566,426.4627380371094,549474
2018-01-19,426.36719576371377,428.7544700960974,423.9799214313301,425.1019287109375,371014
2018-01-22,425.43616045294067,431.9772980674019,423.3114804313211,427.3221130371094,857602
2018-01-23,429.7093787215195,431.26110703356943,421.2584217783565,423.1921081542969,1018262
2018-01-24,423.1921325950911,423.1921325950911,415.409623670419,418.27435302734375,725630
2018-01-25,425.6510530364721,429.4468254061587,417.77304700719355,418.8473205566406,1761728
2018-01-29,420.2080453803861,428.4680384547091,420.2080453803861,426.6536865234375,1202018
2018-01-30,426.6775680975119,427.3221205333231,422.42820797972917,423.00115966796875,469418
2018-01-31,420.7570898211703,428.9931860474571,420.7570898211703,427.9427795410156,1418022
2018-02-01,426.84465921336204,434.0064823545259,416.4361487431773,429.23193359375,1941592
2018-02-02,427.8950952146059,427.8950952146059,409.34595451761425,411.9480895996094,1585972
2018-02-05,405.8366907201807,419.6828836976927,405.1682421612035,417.8685607910156,1048004
2018-02-06,412.0435381414432,416.0302745074042,403.4732177017361,413.7146301269531,1004822
2018-02-07,417.7253147935311,419.6351344444028,411.61386859751343,413.07012939453125,460782
2018-02-08,417.8207661370742,426.271723590279,414.14438676602373,422.4998474121094,1672240
2018-02-09,414.3830934683939,422.5475600915152,412.9984626883171,419.3008728027344,973392
2018-02-12,420.160278525014,429.70937576421886,417.3432831828357,427.0833740234375,1852926
2018-02-14,429.70939257314296,432.5741218569639,424.9348437667747,427.25048828125,1305044
2018-02-15,429.6138692156939,431.11786365335627,422.18945210897664,424.1231384277344,495024
2018-02-16,424.93484403982967,428.2770282064351,419.49184674045904,425.72265625,1782938
2018-02-19,428.2770110713322,429.13642399433945,422.5475527292408,427.8472900390625,673786
2018-02-20,428.58738017626087,429.470660038348,424.33802013238665,426.9401550292969,349116
2018-02-21,427.3699043680953,434.6510921899888,423.5502648549709,431.21343994140625,1478646
2018-02-22,431.6192004539279,432.45474647250575,421.44941759897256,422.7862854003906,1025524
2018-02-23,422.5475622903166,433.0038356578426,420.3273854759069,430.0436096191406,1803266
2018-02-26,429.51837362495286,431.47595600499676,424.36186704658854,425.6510009765625,1257640
2018-02-27,425.9136587017156,428.44416396808816,421.7120612030072,422.9295654296875,951096
2018-02-28,421.2345222328319,433.91094209484237,417.7729747279432,430.1629333496094,2240998
2018-03-01,429.1364284602935,430.40169551395223,426.0091049109961,427.03564453125,244764
2018-03-05,427.0833941204481,427.7995764470894,421.1152080651036,424.9109802246094,379286
2018-03-06,424.9348099129039,427.7995389684965,419.0621211772452,421.1390380859375,592456
2018-03-07,421.1151505679814,422.0700602064575,414.45465001130435,416.0063781738281,572614
2018-03-08,418.46533831089147,420.1602973183577,409.8233874379461,416.46002197265625,796856
2018-03-09,417.7729925306778,421.6881281175573,415.9825368484035,419.5395812988281,476632
2018-03-12,422.88178538241704,427.32210985765937,421.0435666428025,425.05419921875,1041890
2018-03-13,423.69349657997697,432.45478247615057,423.0727818869875,429.6377868652344,788750
2018-03-14,429.56612753830075,434.84199771854793,428.3724904322932,432.6934509277344,907616
2018-03-15,433.648418454299,438.0410094186143,429.9720098491155,434.26910400390625,871214
2018-03-16,434.46008592637605,441.16832134800376,434.0064979494972,437.4919128417969,1465060
2018-03-19,440.21343542687083,440.619260451507,430.8553306687707,433.3619689941406,471440
2018-03-20,432.4308998266652,434.3884532196192,429.2319462344311,430.99853515625,481170
2018-03-21,430.9984865408986,436.82344137185635,428.89767360464157,430.83135986328125,1071454
2018-03-22,431.9533922478658,434.77035827115526,430.54489466545596,433.57672119140625,1071152
2018-03-23,431.1418153054007,432.5741801403024,426.0091746470031,430.7598571777344,983630
2018-03-26,430.7597833868221,436.2743812282129,430.449426069144,433.2186584472656,1061506
2018-03-27,435.916274827284,445.4653717566878,434.4839102878734,442.26641845703125,1782012
2018-03-28,441.3592884385479,446.372564516231,434.6032904486762,438.20806884765625,2169278
2018-04-02,438.542344872872,451.0516696295071,438.5184779551327,449.47607421875,1645290
2018-04-03,448.9747520812852,460.74402829486223,447.4707864686649,459.8607482910156,1540920
2018-04-04,461.698862975068,467.57155209463457,453.8208575571894,456.94818115234375,1219166
2018-04-05,458.14183187754446,466.28243188831306,457.9747343233851,461.3885192871094,758800
2018-04-06,463.13121826248204,468.8845435476425,462.34340607995875,467.4521789550781,606400
2018-04-09,469.19492500397934,476.97743386231497,467.47606991955524,473.301025390625,1282870
2018-04-10,474.54242671360754,482.11007506167596,469.9111084534134,477.5265197753906,1415842
2018-04-11,483.5185588986283,483.5185588986283,469.62460451793845,470.3885498046875,1158624
2018-04-12,467.9774475351157,481.56101658095827,465.51854306130593,480.27191162109375,1274540
2018-04-13,481.75196180172395,491.0145978973394,480.7970520657443,489.343505859375,1852398
2018-04-16,493.1870168424351,499.39393055754584,488.9138187902596,495.8130187988281,2073632
2018-04-17,495.81300549226637,500.06236565518145,493.3302633860812,496.385986328125,1426838
2018-04-18,496.4575596287369,503.7148497911769,496.4097675188957,502.09149169921875,1332930
2018-04-19,501.8051093702226,508.2507506418668,500.53984220473035,505.3382873535156,1261204
2018-04-20,502.7599906397629,510.87672363204774,502.7599906397629,507.22418212890625,721666
2018-04-23,508.4894789579158,512.118124615931,507.65393286573146,509.94573974609375,395022
2018-04-24,509.6830982420571,515.8900118506255,507.7016487796313,509.3966369628906,824632
2018-04-25,509.44441551768045,515.722959567976,505.2905808974478,512.667236328125,953264
2018-04-26,514.2188764831698,521.8581541282308,513.2639667775371,518.3966064453125,2301626
2018-04-27,518.0385498966851,524.7229182824489,507.5584384908039,510.2560119628906,981874
2018-04-30,511.8316144367087,520.425801992549,509.92179497985535,518.6114501953125,625936
2018-05-02,519.4709029683503,529.9749101974897,518.8024544880647,526.5610961914062,913382
2018-05-03,529.9749148641032,530.8104609010511,513.7653450605402,518.0624389648438,1216636
2018-05-04,515.6513916961404,518.5400177128555,506.3649154089189,511.13946533203125,1032930
2018-05-07,511.8315730129864,518.03848574542,508.4893892339837,516.0809326171875,699854
2018-05-08,516.0810900340774,529.8317582349877,515.6274728415844,527.51611328125,845160
2018-05-09,528.0651272216287,530.4046679228954,516.5584756178075,520.7362060546875,735568
2018-05-10,518.9933827782888,524.8661003032628,516.6538425332561,519.6856689453125,514766
2018-05-11,520.569062347729,527.5398917164337,520.569062347729,526.704345703125,660630
2018-05-14,527.5876337155087,533.7468132227373,522.3833639525616,526.2030029296875,740814
2018-05-15,526.1552584269185,537.0412526041495,518.0146297088118,520.9509887695312,1535476
2018-05-16,518.9934836313511,524.1977537714808,516.1526502494488,522.2640380859375,1104010
2018-05-17,524.2454562212024,525.1526321463223,510.1366412583069,511.90325927734375,1154568
2018-05-18,511.83161476533746,520.3780684968567,508.8475218620881,516.3197021484375,1370006
2018-05-21,517.513322941411,529.4974280052048,516.2241598781433,523.07568359375,1117420
2018-05-22,526.1552733098786,536.1818257050759,524.078356256058,533.84228515625,1157768
2018-05-23,536.1818235298538,541.9112820181514,515.6989977775767,519.6380004882812,2118262
2018-05-24,519.5903814941393,520.87948662569,509.0863719440624,515.9140014648438,1429212
2018-05-25,516.1286753655039,547.7839541613673,497.2692094293916,544.0836791992188,4844232
2018-05-28,546.2083738049121,553.5611904935143,538.6884595676504,551.19775390625,2435866
2018-05-29,552.3436573117013,562.9192943887649,549.8847530629745,558.120849609375,2630830
2018-05-30,556.3781163279612,570.7494945278187,552.6778415310297,567.120849609375,4025746
2018-05-31,567.2163602483123,569.1261796430878,545.6115283449149,552.7017211914062,26280130
2018-06-01,550.3384199468392,551.3171675536635,531.8847758081904,534.4391479492188,1766476
2018-06-04,538.091712958085,547.951169044677,528.065159300481,534.9166259765625,2081024
2018-06-05,532.8397059978138,533.7946158651934,516.3914068454294,521.1181640625,888690
2018-06-06,522.3356365446604,524.5558133840274,513.4310914131313,519.5902709960938,1150396
2018-06-07,520.8078379015147,530.165942458625,517.0836662991516,519.1605834960938,1267222
2018-06-08,518.0385798820685,518.9457558721166,504.90856979289157,511.0438537597656,1259006
2018-06-11,515.1738039065499,515.1738039065499,499.44168927842213,505.0995178222656,2274736
2018-06-12,506.1021642976961,508.96689352956986,502.04379788587494,505.4337158203125,1870410
2018-06-13,507.9642875111765,521.0465636272462,506.60355268204415,517.274658203125,1494298
2018-06-14,520.4019061585377,526.0597929283358,514.8157075580798,517.0836181640625,1299640
2018-06-15,519.9960789453863,524.4841663082326,512.3090673179186,517.4894409179688,931170
2018-06-18,520.4259003060222,520.4259003060222,511.9749709262096,514.7203369140625,702490
2018-06-19,514.3383271455663,515.0545095458618,503.28523377772416,506.14996337890625,759954
2018-06-20,506.10220815551446,514.6963965958911,505.2666620571445,512.1897583007812,673254
2018-06-21,513.1207355430724,514.2666389101678,493.64061143471645,495.7414245605469,1126594
2018-06-22,489.39126723210694,504.1923689727853,486.5981677537861,501.6618347167969,1823444
2018-06-25,501.6618406958491,507.749390677876,495.16846570496745,497.7706298828125,735772
2018-06-26,501.3276354649533,506.9616264910246,495.3833453862388,503.6432800292969,834088
2018-06-27,505.3859745860957,505.4337084159812,496.5530595838824,498.2241516113281,609324
2018-06-28,494.21351600193316,499.4177856543707,489.4628634382363,490.96685791015625,888772
2018-06-29,497.10206007479314,510.37526810167117,493.68824671219363,507.7731628417969,1284342
2018-07-02,507.70167596668574,518.4205738576203,503.7626728887789,505.9589538574219,917260
2018-07-03,506.531924569623,514.6724957975064,506.1022034949473,508.0359191894531,874384
2018-07-04,508.48942743157517,512.786521184518,504.5265287684133,510.5902404785156,383544
2018-07-05,510.8766877297794,513.9562481883834,505.48142463024925,507.2957763671875,487462
2018-07-06,505.14726929767517,511.6168063150452,501.90055276022883,504.47882080078125,759680
2018-07-09,507.89253658654684,514.194916547536,506.34080850766907,510.3514404296875,481766
2018-07-10,513.2639392670668,516.9403181234767,509.7307618889885,512.9774780273438,725174
2018-07-11,515.4126243059866,524.4842684577362,513.4073368067247,518.1340942382812,1433846
2018-07-12,520.4974830099225,528.7813140611742,516.1287589165953,517.9908447265625,1833834
2018-07-13,521.0703846126332,521.0703846126332,506.6035363580655,508.250732421875,655290
2018-07-16,510.39925718533914,510.39925718533914,494.78650621422423,502.7599792480469,830978
2018-07-17,501.8050943632001,512.0464785419715,500.8501845737364,505.1233825683594,607264
2018-07-18,506.1022295421678,515.0306134859561,504.3834034380731,506.14996337890625,770576
2018-07-19,508.4655468337168,511.04381482048024,497.03052586785094,499.226806640625,606072
2018-07-20,496.5531069527568,500.1579148404977,491.30110293691035,492.23211669921875,777600
2018-07-23,497.1737577344144,504.95623680574204,497.1737577344144,501.5185852050781,771206
2018-07-24,499.03581495434184,515.7945277912728,499.03581495434184,514.1950073242188,1120754
2018-07-25,518.4921465232542,536.6593295236489,514.2189483069127,533.6275024414062,1662134
2018-07-26,533.7707059428419,540.6222306898095,522.8370348717599,532.0518798828125,1744564
2018-07-27,537.1367185395187,540.0491815345424,530.4046166571029,538.66455078125,1317636
2018-07-30,539.5001902470276,542.8662709128834,532.3622621529155,533.6513671875,560728
2018-07-31,534.6062724923412,539.4286140081779,527.3967145618664,536.396728515625,961594
2018-08-01,541.3861460472389,548.0227810992404,536.7070645128019,539.7388916015625,1760016
2018-08-02,536.6592659325149,536.6592659325149,516.3913303143926,525.5823364257812,2225090
2018-08-03,526.155296578607,534.6301210017198,526.155296578607,529.3303833007812,760474
2018-08-06,529.5451850333751,531.884725554636,521.3807184072374,525.0809936523438,686438
2018-08-07,525.1763921384902,531.7891878480821,525.1525543679523,527.110107421875,681256
2018-08-08,527.110079650521,537.8050784304758,527.110079650521,534.4151611328125,966112
2018-08-09,538.545244305424,544.7760542159511,535.1314883134368,536.4205932617188,847510
2018-08-10,537.1368390612813,543.3437536459895,534.1288494493073,536.0148315429688,533840
2018-08-13,534.5823114264235,541.9112314015416,529.5213018910916,537.2083129882812,375162
2018-08-14,539.5240925247122,540.1925411101188,532.8397232367954,534.7256469726562,538462
2018-08-16,534.7494361831316,537.1367104518064,529.688426390154,534.176513671875,583358
2018-08-17,534.5107649627662,539.5956713463595,534.3436674030005,536.5160522460938,502500
2018-08-20,538.569158283741,553.2270012464969,538.569158283741,546.5665283203125,1896774
2018-08-21,546.7345738794106,555.8060311841284,546.7345738794106,548.6304931640625,1215104
2018-08-23,549.0863587625006,559.1177558810015,544.406645477593,557.077880859375,1012036
2018-08-24,561.085628506533,563.2934815371151,551.774187196519,552.6141357421875,1068340
2018-08-27,553.5739990955207,560.9415350134965,552.9260505980066,556.4778442382812,665680
2018-08-28,560.3657474835394,570.2051460474902,539.4870237014974,553.8621215820312,946580
2018-08-29,551.1022221557199,559.6457223132039,549.5183543221378,551.0302734375,760048
2018-08-30,550.7422385802721,553.3820768661144,543.8066868835323,545.4385986328125,2170238
2018-08-31,546.7824344968678,564.3494037358686,545.7745080463078,560.9176025390625,1638760
2018-09-03,564.8293063218995,565.789247319326,557.5097562165213,559.5015869140625,806710
2018-09-04,560.3656794534351,561.7335839550536,532.28739915534,538.0950317382812,944682
2018-09-05,532.791356755842,549.566304807123,532.791356755842,544.6466064453125,1855114
2018-09-06,545.6064379978646,558.5896627955613,541.5026669964826,552.8300170898438,974816
2018-09-07,554.2699682107168,559.1656439751257,548.1263222485782,556.5737915039062,760570
2018-09-10,553.8859780283036,556.2618086574425,545.4624719974453,548.822265625,1089344
2018-09-11,549.0863208579701,554.8459675802566,532.767321811492,534.5192260742188,1119602
2018-09-12,536.0311645116304,545.7025247783582,524.2718853601697,528.423583984375,1516074
2018-09-14,532.3833060758062,548.7263265997505,531.9513794566202,545.5585327148438,969762
2018-09-17,540.4467961576513,542.2707075381155,528.927503877204,532.5272827148438,855096
2018-09-18,533.2473139165736,543.134696137949,533.0793359317513,534.9512329101562,790280
2018-09-19,541.358878244175,542.12681952414,531.0154878663252,537.3511352539062,452320
2018-09-21,537.5669883470282,549.6862441111018,519.328108385254,545.6544799804688,1674284
2018-09-24,542.3667339926996,542.3667339926996,523.1679115504801,524.5838012695312,1083536
2018-09-25,524.6077733228979,534.2071836307276,518.3681566228084,528.0635375976562,943828
2018-09-26,528.9755731752873,535.6471760647348,513.064536469311,516.496337890625,933878
2018-09-27,516.6883758367672,517.4083317715142,504.5450956346355,507.06494140625,791226
2018-09-28,506.9209544397012,508.6488368596211,492.01784406380096,501.97723388671875,921328
2018-10-01,499.26532975538805,503.96906445974037,475.6508027424788,499.74530029296875,1112518
2018-10-03,500.1773384435211,501.425250255304,475.434860471016,477.97869873046875,1926124
2018-10-04,472.77100839223147,472.77100839223147,459.7878104167194,464.49151611328125,998190
2018-10-05,463.4115912352037,476.13081150214606,460.2437971509025,464.0595397949219,1098906
2018-10-08,465.57145715330046,473.2269936737545,454.8441265338307,466.9393615722656,1227636
2018-10-09,470.3711438198574,470.99509968223555,429.5736466518086,438.8130798339844,1689812
2018-10-10,443.0128554000021,460.5317819678245,439.67705393423637,457.3399658203125,680298
2018-10-11,449.66043735067063,464.53952570113205,431.2775695379876,460.6037902832031,817348
2018-10-12,465.5714821355263,481.626504569216,465.2354968564124,476.7547912597656,1252290
2018-10-15,479.0106284303538,480.64254008492156,468.7392465235352,474.6669006347656,697586
2018-10-16,474.21092989734206,484.7702825873638,471.8350696830713,475.9388122558594,1196540
2018-10-17,478.8186131294524,482.3224216110104,460.24377611884495,461.8036804199219,650174
2018-10-19,464.6115242376736,473.53896536139877,448.7485023321698,465.85943603515625,1194596
2018-10-22,468.4513037890772,476.44282596621605,457.0280094122531,466.57940673828125,1084616
2018-10-23,460.2917562455874,464.89946179549975,430.5335822234535,443.27679443359375,1663176
2018-10-24,446.8526336824677,454.4121707184493,436.07728773089366,452.3243103027344,1283546
2018-10-25,447.3325532217293,455.27605997625415,443.348803510208,448.1004943847656,737720
2018-10-26,450.6923190876029,451.65226012932305,440.63693081656936,449.3963928222656,514858
2018-10-29,450.21238520798005,463.3635902679075,443.01282680913175,461.51568603515625,688782
2018-10-30,466.53139585631556,466.53139585631556,446.4686318112223,449.0604553222656,1001512
2018-10-31,450.2123826799046,462.6436318301421,439.46103047996525,460.2197570800781,1872844
2018-11-01,462.5956174514874,475.09884461513064,458.371882404576,469.0992126464844,1325614
2018-11-02,475.1708546359481,482.37041303952304,470.1071710844493,474.8348693847656,1270530
2018-11-05,475.02688265897325,503.3451172127348,469.4592064268996,495.2816467285156,1842906
2018-11-06,496.7455312589269,496.7455312589269,475.194869667121,478.2666931152344,1048918
2018-11-07,479.9705264727804,487.6260622290365,478.5306148933621,485.56219482421875,241658
2018-11-09,486.690098152966,502.38511042657257,479.99450366551525,500.1292724609375,927352
2018-11-12,502.50515410144214,503.7531244289351,487.1701181532711,492.8577575683594,638698
2018-11-13,493.88971293126724,512.6085650248722,489.56997783274306,510.3287048339844,1072820
2018-11-14,518.2242370133425,531.327457921176,511.1927145462259,526.2157592773438,1747812
2018-11-15,522.543920367425,534.6871988583493,516.9042663399694,531.9273681640625,972220
2018-11-16,532.2872818207318,538.6468909137207,528.4715398009978,537.0390014648438,793870
2018-11-19,538.526970786962,543.6626323664258,533.0552946598654,538.81494140625,905360
2018-11-20,537.5670231604644,543.8066403935769,535.1671703784981,541.4547729492188,912778
2018-11-21,541.6708455073358,556.7179121393407,541.6708455073358,554.5580444335938,1392748
2018-11-22,550.5742198370997,559.0216900085029,550.1662565775163,555.9259033203125,876598
2018-11-26,557.0538359680183,560.9415858959088,549.6142920776739,555.3499755859375,1156630
2018-11-27,555.3259485394595,566.605256915153,550.5022208831532,561.6375732421875,910216
2018-11-28,559.2136410647307,569.3890512415617,554.3659505313611,556.5258178710938,1147868
2018-11-29,556.8137863631863,573.4687984963463,541.4547297830649,568.8130493164062,2216962
2018-11-30,567.3252187831921,568.8131158453871,554.4619839567824,558.3497924804688,2557060
2018-12-03,554.893854980305,561.0854858319805,548.3182829023359,552.8300170898438,733790
2018-12-04,553.4301350474077,564.4454371058836,551.0062600319341,557.389892578125,928488
2018-12-05,557.3898505236126,565.4053356661786,550.6222185641407,555.3499755859375,1354402
2018-12-06,555.1819728918209,555.1819728918209,542.4147665737836,544.6226196289062,1152900
2018-12-07,544.7665176361679,552.7820015521119,539.2948422167705,547.21435546875,671424
2018-12-10,535.4072650175119,541.4068981978963,531.4715290872467,539.0310668945312,755870
2018-12-11,537.0869975112354,545.6784813074164,530.4874030377953,538.1669311523438,620106
2018-12-12,544.7186155182679,554.9419535785049,534.1592629025263,552.9981079101562,1472756
2018-12-13,556.7417217188889,561.565448365264,551.0301200136147,557.8216552734375,887392
2018-12-14,554.3660012098264,567.3252064329133,554.3660012098264,560.2216186523438,1133436
2018-12-17,560.6536501543221,574.2128197013592,554.9180248793392,568.9091796875,1382428
2018-12-18,570.2051019582872,571.069072518532,559.1897995610677,560.70166015625,884452
2018-12-19,562.9575397362692,581.4603715828565,560.821635369382,576.4447021484375,3282204
2018-12-20,573.5648698812275,576.9246640981049,567.2292813654659,572.4369506835938,1241818
2018-12-21,572.6049208418278,572.6049208418278,545.8225381576714,548.3184204101562,1958246
2018-12-24,544.8145000896462,550.334160811863,534.0151638940047,537.0390014648438,845592
2018-12-26,530.3674216892408,534.6871563455333,521.7519743385847,529.887451171875,1420734
2018-12-27,535.7671001339409,539.0789084843782,528.4955349404083,534.5431518554688,1409054
2018-12-28,539.1028772059339,541.1427519635268,527.0076432557963,528.9035034179688,1714558
2018-12-31,530.3675081182793,535.6471846696829,529.5515815418538,531.7354125976562,803900
2019-01-01,534.0631866283511,535.6471128173667,525.6397389599116,528.9035034179688,382168
2019-01-02,529.4555148054395,535.7431174446356,522.3519856475514,531.639404296875,821676
2019-01-03,529.119622642503,537.2791231738129,528.2076667474416,532.4074096679688,522492
2019-01-04,532.4314323154363,536.7991532403336,529.551608594823,530.7034912109375,545604
2019-01-07,531.927483150012,535.0713144043808,524.4639159620992,529.2156372070312,450572
2019-01-08,529.4075434448664,531.80739631633,524.4158377541905,529.3595581054688,422184
2019-01-09,530.0315780900726,536.1271815163688,524.7758646570093,527.0557250976562,1253670
2019-01-10,525.5677180706202,541.0467673014673,521.7279539203327,535.2391357421875,1694164
2019-01-11,535.6472113495182,543.8067118808282,529.6955639498242,532.4074096679688,2059068
2019-01-14,535.1192138140285,547.5264416458949,527.9676404212004,544.5986328125,2003390
2019-01-15,547.1184514570813,565.7652959403503,545.1025399569011,561.03759765625,3077208
2019-01-16,558.9256768449754,562.3814411918977,552.0620748954898,553.885986328125,816454
2019-01-17,555.3019996204926,559.4777792757301,551.3422419038958,552.710205078125,647062
2019-01-18,552.9260188907201,558.0136944992888,547.3343508184569,551.39013671875,578048
2019-01-21,551.966189012795,560.6056597973432,549.0863654179457,554.4380493164062,659136
2019-01-22,556.7658844410973,560.3656638663631,549.7822889200179,553.3101196289062,1106134
2019-01-23,557.0537744631501,557.7017229478982,541.6467324706722,543.0626220703125,1088426
2019-01-24,532.7913368074576,546.9024242203825,523.6478743193481,532.455322265625,4441102
2019-01-25,537.0871070179946,546.0145485533445,532.3594082765745,542.2708129882812,2205190
2019-01-28,543.3266679102626,544.7665795743358,527.0556543882051,528.9275512695312,857136
2019-01-29,528.279628092045,537.5190617132686,523.7678929433898,530.7754516601562,627254
2019-01-30,527.9676166730391,536.6070867640524,514.6004482780302,532.8153076171875,2001114
2019-01-31,530.8954720728616,539.9669281843917,523.8879129895676,537.4470825195312,2206280
2019-02-01,538.0228963947994,549.0862396061395,533.967169197404,538.910888671875,1889278
2019-02-04,534.6871798947617,544.2625687018784,526.0956955374884,538.1429443359375,1481798
2019-02-05,540.2307723935031,544.3824699827464,535.6230091249672,537.23095703125,721206
2019-02-06,537.5910271714131,543.4466443277995,534.7351673021515,539.9668579101562,485834
2019-02-07,537.5670342920379,560.5576361373805,537.5670342920379,558.5177612304688,1366878
2019-02-08,556.7898410857666,560.1735981944483,548.1743348512798,552.0140991210938,1009708
2019-02-11,551.9661529421487,557.677814416712,536.2471168474918,540.2308959960938,593314
2019-02-12,540.9268327178321,548.5583765034887,532.0473771674507,545.174560546875,1335226
2019-02-14,542.3906905173021,543.2786242300941,533.2952143285772,534.399169921875,581282
2019-02-15,534.6392022696705,536.5350624880472,518.4401963614939,526.095703125,1130812
2019-02-18,526.5037004602787,530.3674870372012,502.1451937026877,518.2482299804688,2180544
2019-02-19,518.3202132848485,524.6078158278835,505.0010304035825,506.992919921875,1141062
2019-02-20,507.0889024402707,520.6240489510283,507.0889024402707,515.9443359375,770342
2019-02-21,516.0163333264902,519.8081124390444,511.7206202839473,515.46435546875,535326
2019-02-22,514.2404320947829,521.6559532684112,511.4085942798486,516.7842407226562,578804
2019-02-25,516.9763431940473,533.6313588656918,516.4483872299676,530.7034912109375,1345786
2019-02-26,529.8874796879048,543.3266548973806,518.3681866512112,540.7348022460938,949388
2019-02-27,539.2709013086098,553.885980209979,534.7111813675399,550.6461791992188,2106036
2019-02-28,551.9661244143813,557.6777855937436,547.3343969566994,553.1420288085938,1256534
2019-03-01,552.4461117968367,556.1658836182316,543.3746565401781,549.1583251953125,719974
2019-03-05,551.9661355616249,554.1260030486052,545.3425184988233,548.2703857421875,565494
2019-03-06,550.502260747309,561.4215919868327,545.6306059894969,548.1504516601562,1888644
2019-03-07,549.3263475047361,551.918200442974,542.3667738578871,544.2626342773438,621134
2019-03-08,545.4624921443225,547.1423890201474,533.8232066475349,539.7268676757812,885602
2019-03-11,540.2308860928869,547.958400374389,539.6309228941652,546.2785034179688,781644
2019-03-12,549.6382203109814,551.6780949007907,541.406714659957,543.2066040039062,1392766
2019-03-13,544.3106482199055,567.3252136100717,542.9187218491927,564.6373901367188,2935250
2019-03-14,571.1649365676742,571.1649365676742,557.7737469250737,561.54150390625,2703860
2019-03-15,562.0455128147386,573.0128281401037,556.7658367763422,559.3816528320312,1436954
2019-03-18,560.3656654273209,567.1812243887455,557.2458565834,564.1334228515625,650576
2019-03-19,564.0854122633136,571.1649781691923,561.6135521103483,564.6373901367188,873692
2019-03-20,567.3252043374562,569.7250571476823,559.1657047826874,564.8053588867188,869168
2019-03-22,563.965430923655,575.9646954113924,563.965430923655,568.76513671875,1337004
2019-03-25,564.9253436399978,568.7651080827505,560.1256380865568,566.1492919921875,444482
2019-03-26,563.5333959160834,595.1634660304076,563.5333959160834,588.7078857421875,4054290
2019-03-27,590.3638323615579,593.7476484953042,582.4683395030306,587.4840087890625,1801506
2019-03-28,587.9639732501761,596.8434291727298,584.1242085269097,588.419921875,1479454
2019-04-01,599.9632955875089,607.642825771029,597.8754350368974,601.2352294921875,1053816
2019-04-02,604.7389470947386,607.1628221131525,596.1234980747316,603.8510131835938,762924
2019-04-03,606.4668435182833,622.5218358170547,601.1871671929267,612.9224243164062,2309968
2019-04-04,616.7381420667776,621.3218843094488,606.4427970838074,618.2500610351562,2022614
2019-04-05,618.6821536539452,622.0179261588369,614.4583885947952,617.5302124023438,547556
2019-04-08,616.7621811441996,618.7780340978687,610.570549086277,616.7381591796875,686702
2019-04-09,613.6663915572718,613.8343695376037,606.5148183946305,611.7944946289062,637938
2019-04-10,609.5625724231635,617.3380715644688,609.5625724231635,615.3942260742188,549200
2019-04-11,614.8422973569222,621.8258925545333,609.5866430755314,613.0903930664062,793678
2019-04-12,614.7463191951646,621.0819071769815,613.0903856023067,619.2579956054688,655726
2019-04-15,616.4021069773391,630.0092587654863,614.3622323776477,624.3456420898438,1234990
2019-04-16,623.9617101316045,625.4016217703697,617.962078303416,620.001953125,418260
2019-04-18,616.73813664785,625.2576139360631,600.9711157507936,602.60302734375,975620
2019-04-22,599.9632161377565,600.8991353188683,587.243995955636,590.3397827148438,585418
2019-04-23,588.3479184020837,590.3637712581228,573.5648021572819,579.25244140625,1499062
2019-04-24,582.2042263532029,589.1637987209864,580.7643148288339,586.4999389648438,775716
2019-04-25,587.243975272703,594.3475629376464,578.3645199866016,579.8524169921875,1714110
2019-04-26,584.5082624524117,590.2918734472261,579.8045267956524,586.2361450195312,682798
2019-04-30,587.4840162105177,596.6034576386221,581.5323690341436,592.5477294921875,1012136
2019-05-02,589.8838124718741,602.363046909847,588.0599009256465,589.787841796875,2567946
2019-05-03,594.419583123647,594.419583123647,572.8689494398153,576.6846923828125,1248228
2019-05-06,575.9647110581205,575.9647110581205,565.405358022055,570.133056640625,1225142
2019-05-07,570.8529701215883,575.9166829328623,563.4854337913257,565.7412719726562,691284
2019-05-08,565.5493848301414,567.9011939122098,555.6619435383246,558.853759765625,845072
2019-05-09,560.125596770648,565.717265045986,554.1019433093333,556.5258178710938,614882
2019-05-10,556.7659336594326,565.7653830181519,553.4061392321773,560.53369140625,607344
2019-05-13,560.2216143881939,563.5334229713617,551.990166153494,554.1019897460938,429154
2019-05-14,551.9661764923343,555.4459632571773,542.9907499280446,546.782470703125,1074650
2019-05-15,527.4876151913722,565.7412431936663,525.5677330614674,558.94970703125,5689994
2019-05-16,554.5100183537229,561.4215476322199,549.5903200520644,553.8140258789062,1100792
2019-05-17,555.517832177821,563.8693300510257,551.1980979596266,557.8216552734375,1238394
2019-05-20,566.3652947581785,590.3638241970843,562.3335300944103,584.1242065429688,1518834
2019-05-21,584.6041161558793,584.6041161558793,569.2930442528136,575.8926391601562,1057218
2019-05-22,578.3165691517826,583.6202089579683,567.5892383030915,581.5323486328125,802734
2019-05-23,583.9562889341624,590.3638852388435,573.780876245865,575.7727661132812,1022470
2019-05-24,579.8044787851045,599.9632437759773,568.8851477483817,594.0115966796875,1987386
2019-05-27,592.6676416088644,596.0513987353994,584.0761572917949,589.8837890625,1001530
2019-05-28,592.2837163132848,611.9625107775025,587.7719809863833,607.7147827148438,2640296
2019-05-29,606.8987718279159,611.9624848444569,599.9872424006228,610.0426025390625,1032966
2019-05-30,609.4666130971762,615.3462521925837,604.7628783847886,608.9385986328125,1320234
2019-05-31,608.6027046574321,624.6337339902576,606.7308076490501,618.9940795898438,2160342
2019-06-03,622.8577682622516,625.9775768821477,615.5142538956669,621.8978271484375,1190030
2019-06-04,620.5060078293819,620.6260004779728,611.2425519220994,614.1223754882812,1319460
2019-06-06,617.7221598565678,617.7221598565678,605.24292430391,609.6586303710938,1074702
2019-06-07,607.4269157714483,607.8348791302465,598.0434655682379,602.6991577148438,1438228
2019-06-10,607.0666641564214,620.0258666385924,605.482738194765,616.01806640625,1205716
2019-06-11,615.3222223285272,626.2655738996043,615.3222223285272,618.5140380859375,1087232
2019-06-12,621.5619103515455,621.5859323169666,612.1065132208715,614.2903442382812,970696
2019-06-13,610.5225700284356,610.5225700284356,598.5712910197531,600.3952026367188,1732392
2019-06-14,599.9872193347746,600.3951825909556,594.4195139910487,597.0833740234375,1615328
2019-06-17,597.0833800988592,602.363056289444,592.8356523362837,596.1474609375,1043986
2019-06-18,596.2914359566265,597.8993256751547,591.3237521915555,594.1076049804688,904914
2019-06-19,595.6674499701513,606.0107797423799,593.2435753564607,597.7553100585938,947484
2019-06-20,597.611357254195,605.4108791767705,592.7876880807897,600.7551879882812,1143820
2019-06-21,595.6915222602834,600.2752650980834,581.7243889950198,591.8037719726562,1489028
2019-06-24,588.9239687034944,591.5158218485846,583.2363284010415,588.5880126953125,403198
2019-06-25,587.9639164010125,595.6674670682875,586.0440342250091,592.0676879882812,730472
2019-06-26,589.4039109496075,595.1635582878772,583.308307619337,588.4439697265625,1309168
2019-06-27,587.6038835653932,591.3236549336855,584.0281267829008,587.075927734375,1167212
2019-06-28,588.4439523905156,591.2517686671691,580.3324375767252,582.9002685546875,906948
2019-07-01,584.1241989214466,586.5240518340245,575.7487356926135,579.0604858398438,770418
2019-07-02,581.724345461002,583.764220434772,576.5166763636445,580.764404296875,1250198
2019-07-03,583.7882033460842,588.4438942445838,582.8042402826148,586.02001953125,1052020
2019-07-04,585.5640203753997,596.219342228138,585.5640203753997,588.851806640625,1511742
2019-07-05,590.123792857432,594.4435278193815,575.9886835568927,578.9644775390625,1570946
2019-07-08,578.3646192787045,578.3646192787045,566.3653533185653,575.7727661132812,497016
2019-07-09,575.964684548132,575.964684548132,560.6536116325294,565.2853393554688,838060
2019-07-10,565.5253180740199,570.0850384404133,563.0054726083813,567.9251708984375,390362
2019-07-11,568.3091143736586,573.0847975841327,563.3413726481075,569.8690185546875,617444
2019-07-12,568.3571759142143,573.3248597156949,566.2693156023062,568.8851318359375,340862
2019-07-15,569.2451156133185,579.7804465513798,566.6292993528455,576.8286743164062,744504
2019-07-16,576.4447470478628,588.4440132228808,572.1490331932731,584.604248046875,585774
2019-07-17,587.9639702161347,595.1155436943466,587.9639702161347,590.0038452148438,999296
2019-07-18,589.8838260138368,593.0036346949515,583.7401793288097,589.3318481445312,1063788
2019-07-19,589.883746138678,590.5557165585745,572.1488595504707,573.7327270507812,937034
2019-07-22,570.8530408065368,576.1327175860973,564.4454447966483,575.1007690429688,477094
2019-07-23,577.8845813487442,581.2443754263531,570.2050520284952,579.0604858398438,763416
2019-07-24,578.9644958087625,599.4832375255082,567.5651948550149,591.6837158203125,1259182
2019-07-25,594.2036046312262,597.2034208904711,585.5641338046009,592.5477294921875,1058106
2019-07-26,592.2836800562588,601.8830914023895,588.4439155178067,597.035400390625,1282068
2019-07-29,597.759174506295,601.2813297300551,590.3529362674336,598.6276245117188,681970
2019-07-30,600.2199181164193,603.5008865656193,591.0525721001718,592.8377685546875,1035576
2019-07-31,594.888271466065,600.7023215105389,586.6376730465902,598.579345703125,1048636
2019-08-01,599.9544280268111,600.461067995299,578.1940587966834,584.4906005859375,1486020
2019-08-02,583.1637168172122,612.4750932132208,572.2835033365612,606.347412109375,2108814
2019-08-05,602.6322932936316,616.5039333514313,598.4587272010035,614.2120971679688,2230812
2019-08-06,612.6681273231375,638.6743889092206,611.3653640900969,631.43701171875,3567816
2019-08-07,636.8892029525135,637.2993092202838,619.7125059251979,622.3662109375,2086226
2019-08-08,625.623027738521,643.1615935474193,620.4844780960099,641.1592407226562,1767796
2019-08-09,646.0083049255146,655.5375183018923,643.7888543490828,652.2083129882812,1929904
2019-08-13,650.8814947542278,661.4963152765354,645.2363637628998,648.5172729492188,1467998
2019-08-14,650.8814482657262,656.140620746643,642.2930705337391,650.012939453125,1065290
2019-08-16,653.7764900921992,662.4613438351214,646.5391119730974,660.7484741210938,914628
2019-08-19,661.0138442947709,667.7687302948634,654.1865727365196,660.57958984375,1031168
2019-08-20,661.0138068009334,667.7445442672167,656.598994778845,661.5927734375,1420398
2019-08-21,661.9788176789755,664.8496206250436,656.6714073331528,659.2286376953125,659202
2019-08-22,660.6760551669844,660.7001444185893,649.2168747458308,656.8402099609375,782810
2019-08-23,656.1647513774409,662.9437852589476,653.8005884901303,656.0441284179688,674566
2019-08-26,661.0137973311389,670.5188626824959,649.9164854051417,668.9025268554688,654940
2019-08-27,670.6636719686746,675.4885904720464,660.6519660741783,661.9064331054688,1432332
2019-08-28,663.9087585174012,669.6986604812157,657.7087502774021,665.0426025390625,847872
2019-08-29,662.4370877872707,668.2511374884883,655.3927193449553,663.01611328125,801672
2019-08-30,664.8495658235563,667.0449271175439,658.5048456423704,664.7289428710938,855120
2019-09-03,664.3429789584073,666.6348150351736,648.9756267285179,650.7125854492188,657150
2019-09-04,652.3047276507464,658.2152518582403,644.150663821602,656.50244140625,783564
2019-09-05,657.1297438845542,662.4371541726565,654.283089121098,660.7001953125,582838
2019-09-06,661.0621375813083,664.3189578923703,655.8753496785058,662.05126953125,364004
2019-09-09,662.9437734193061,666.0799703095722,659.1320761884741,663.281494140625,421476
2019-09-11,665.3562565495484,667.2620757846988,659.0838625429175,663.3780517578125,773180
2019-09-12,662.9438177474905,670.0123352985476,658.6496284002528,661.7134399414062,895290
2019-09-13,663.378101244055,666.3212899486729,658.8909031761752,664.632568359375,748584
2019-09-16,658.1187597767841,658.6012515361514,644.4401301783097,655.7786865234375,1026212
2019-09-17,654.4519218203322,654.4519218203322,634.9592403521252,637.9989624023438,1460692
2019-09-18,630.713286844174,639.542910755534,623.3794347009806,631.9436645507812,2524482
2019-09-19,629.651818150272,632.9327860492295,623.4035727094074,624.6098022460938,597234
2019-09-20,627.2393435974933,686.1033435351043,621.4494419642857,679.7103271484375,3107284
2019-09-23,692.3758324839462,719.8778690355732,689.9633731373121,714.7393188476562,1894164
2019-09-24,720.2155131513293,720.6015301648905,699.9991530959791,702.8941040039062,908660
2019-09-25,702.8940986646151,702.8940986646151,680.8441874113074,694.1609497070312,704520
2019-09-26,695.8496444433222,705.306530760697,693.7749650598395,701.59130859375,784612
2019-09-27,699.5649035388973,718.8163389899061,695.005320488488,712.5439453125,1076536
2019-09-30,712.6405113636364,712.6405113636364,690.4941221489845,696.59765625,853990
2019-10-01,699.7338019247289,707.9361633332587,688.6364894308356,694.4263916015625,848126
2019-10-03,697.1525492587168,698.6000249403816,664.6567319849306,672.18359375,871970
2019-10-04,672.5694032618702,674.668289654696,658.1187977932478,659.9763793945312,1007466
2019-10-07,660.0487848731469,665.0184739909379,652.8596452466248,659.0838012695312,425510
2019-10-09,661.8822869457134,663.9087289837317,643.6440730118445,644.8744506835938,2272204
2019-10-10,644.609046292035,660.7483734802217,638.3366528775167,655.6339721679688,1218636
2019-10-11,658.1912228177836,666.8036899569621,656.7678366213046,659.0355834960938,745104
2019-10-14,661.0378734298444,668.1546270414589,655.7063158090934,657.2744140625,742342
2019-10-15,660.5313869170009,670.4466186581649,652.1119271294241,665.4769287109375,799126
2019-10-16,665.8387514796843,668.2029733188723,655.2480789555385,656.6231689453125,1124052
2019-10-17,656.6713831451941,663.3538832367038,652.8114484904097,654.837890625,2005614
2019-10-18,656.1888880699686,664.8737410003064,648.4690187985572,652.0877075195312,1652812
2019-10-22,656.4301386567636,666.8037130640554,648.4931715647747,651.46044921875,2529016
2019-10-23,655.537478688651,657.3468228912852,637.3716511146187,639.4222412109375,1606420
2019-10-24,644.1265602077667,660.0246416364961,642.43783888887,657.5398559570312,1088876
2019-10-25,660.4830529921641,665.7904629222819,643.1615851679213,645.9359130859375,1915746
2019-10-27,651.3639437366996,653.728165386144,649.1685824412315,651.846435546875,161316
2019-10-29,655.2238264307589,659.3250064931016,651.9428588217161,656.50244140625,1335958
2019-10-30,662.9437665541996,662.9437665541996,650.9779457530021,658.6978149414062,1064380
2019-10-31,659.3492552307926,682.2434697476647,659.3492552307926,676.2605590820312,2632498
2019-11-01,679.8310091262614,687.2854845670898,672.1593770165778,674.4994506835938,1390928
2019-11-04,679.3484730939384,679.3484730939384,668.2511613885687,675.22314453125,923938
2019-11-05,677.9010613471858,677.9010613471858,664.3912893061031,670.084716796875,851300
2019-11-06,673.9445692169487,674.2340525171136,660.3382651299482,661.5444946289062,971736
2019-11-07,665.8387336895615,668.6612991506163,659.2768564994532,667.0932006835938,662148
2019-11-08,666.8518940010482,670.0363280489377,649.1927061919121,653.3662719726562,845920
2019-11-11,656.1888651655711,656.6955051279945,635.9242090354579,637.419921875,1081652
2019-11-13,637.3716165133472,649.6269190267989,634.2836574622376,638.819091796875,2773612
2019-11-14,635.9241920128571,651.315692203072,630.978651065868,648.6619873046875,2871716
2019-11-15,648.95145761676,648.95145761676,634.1630724721539,635.2728271484375,1399290
2019-11-18,636.623697964151,638.3124190413662,627.7217489877119,629.7723388671875,1126722
2019-11-19,629.6517977665972,630.134289565652,621.4494371826645,626.3467407226562,1388626
2019-11-20,627.2876523032387,643.1616461982969,627.2876523032387,640.7974243164062,1734964
2019-11-21,641.979546772583,643.885365997743,625.3094299985574,627.1187744140625,988758
2019-11-22,628.6868929931792,635.1763849449491,621.6666128775591,626.2261962890625,831346
2019-11-25,630.0860561860122,630.1825309872689,616.6245231268964,627.408203125,1267168
2019-11-26,628.6868781891407,638.915681811557,624.89932896045,629.9413452148438,2060282
2019-11-27,633.8494830146394,637.7577138912579,630.1343195443377,633.6323852539062,730694
2019-11-28,633.6323748525465,640.5078832033165,629.4829570309653,632.353759765625,1238446
2019-11-29,633.0292549045472,636.8891893856725,627.2393531828592,628.6868286132812,578104
2019-12-02,632.0642854950235,639.2292772571182,622.4144490752522,637.0098266601562,976858
2019-12-03,639.494686369739,642.1966288512856,634.7421536007258,637.6611938476562,832656
2019-12-04,636.8892451000143,640.7250317670124,633.5841876910133,637.05810546875,474742
2019-12-05,636.8409198292884,639.3016161571767,630.8821580545023,632.5225830078125,620934
2019-12-06,633.4635113909309,645.574044085597,631.1716752852458,634.814453125,1278290
2019-12-09,636.3584710196809,644.1265775157536,633.9942493301126,640.3148803710938,690090
2019-12-10,640.4355200835815,642.5826440702396,635.6829873279263,636.672119140625,462998
2019-12-11,637.3475000104904,643.1615495804961,636.9373937727131,641.8829345703125,357716
2019-12-12,641.7141241871533,646.5390424141243,638.6503128926122,642.2207641601562,699640
2019-12-13,645.5257434180683,645.5257434180683,636.2618662021512,639.0361938476562,574280
2019-12-16,639.036190690774,644.3195108239969,633.3910606339322,634.5972900390625,418738
2019-12-17,637.3234610531222,642.2690022409894,631.0993047541721,640.5320434570312,647870
2019-12-18,641.1351342811606,662.4612485109068,640.6284943265524,658.45654296875,1986964
2019-12-19,660.9655942743067,667.7687175506923,659.566356135691,664.2947998046875,2010318
2019-12-20,664.4395205729666,668.3476928120105,662.943807604682,664.6566772460938,1116378
2019-12-23,663.9087849052978,669.0714241357233,656.9850386446288,664.4395141601562,488620
2019-12-24,665.8387304829574,669.6262795977856,658.601352977708,664.343017578125,445768
2019-12-26,667.8169021685268,673.5585664847657,664.3912220985118,670.7118530273438,1154522
2019-12-27,674.5236031122888,678.480012704419,670.9049142543903,674.6442260742188,908624
2019-12-30,676.4536056019482,680.024057239919,673.1003106454772,678.6972045898438,433078
2019-12-31,675.9468207001868,678.7935339188874,668.3234860833394,669.1678466796875,549516
2020-01-01,669.7228721713974,681.2785290446742,669.2162321423251,678.0699462890625,505046
2020-01-02,677.9010152065026,680.7959661611211,673.31734286169,675.0302124023438,412824
2020-01-03,673.3173670858127,676.8878185045496,671.4115478646272,674.354736328125,487864
2020-01-06,669.3850336807654,673.027870584245,666.7795659992905,669.5538940429688,1578998
2020-01-07,670.711901108587,690.8559356119185,670.663663703734,675.3438110351562,1727370
2020-01-08,671.6769098873779,679.0108215348349,670.18119689348,677.2014770507812,519582
2020-01-09,680.578819750341,687.7679003220865,678.914187731668,682.4364013671875,1021788
2020-01-10,685.1384134905226,691.3384218611853,679.9033888008323,682.79833984375,5168956
2020-01-13,685.090171747785,692.0863033905338,682.7741873689448,687.7921142578125,594534
2020-01-14,687.7920921494041,690.7835178861477,683.6909116630695,688.6123046875,571640
2020-01-15,688.4194322992049,694.161038505785,682.7742420107259,690.9525146484375,784918
2020-01-16,690.566387354099,702.5080593799603,689.9874207544393,700.8917236328125,1138358
2020-01-17,701.3018350932361,702.1220475985027,691.9897197436984,698.5757446289062,979182
2020-01-20,699.6131106767707,706.8504876837718,693.9196838720933,694.981201171875,652618
2020-01-21,694.4263970374556,694.7882659259586,681.5197400141782,682.6053466796875,470402
2020-01-22,686.8995719701483,697.1766136039997,684.5594981479901,689.2637939453125,697620
2020-01-23,689.505016605881,698.1657219401608,685.1384417104549,696.9112548828125,417130
2020-01-24,694.7882457743748,705.1618202772561,692.90651582915,703.2800903320312,1003996
2020-01-27,703.5695675899989,714.9081256698271,700.0956499502444,712.4956665039062,1534176
2020-01-28,711.1929322323508,713.653628698617,700.6263497499918,705.2100219726562,612014
2020-01-29,707.429447014356,728.5143738168011,707.429447014356,722.1454467773438,1269956
2020-01-30,740.6248778474144,745.4497956184073,721.3252067634427,733.797607421875,5117712
2020-01-31,738.1160491088054,742.0724586843613,726.270850737734,729.5518188476562,1539330
2020-02-03,716.7415785455363,759.6351119223601,716.7415785455363,754.5447998046875,2304190
2020-02-04,757.5122626959397,759.4422302442097,745.8842199972006,751.2398681640625,1204662
2020-02-05,752.0358397952241,753.6521755111338,744.0505771165225,748.3206176757812,906316
2020-02-06,748.4895522507713,752.0840925984875,735.076256663221,748.0552978515625,1468834
2020-02-07,743.519878964887,762.2888221472847,743.519878964887,752.156494140625,1064264
2020-02-10,752.1565450298532,763.2056200023516,746.4148803246926,760.3829956054688,801762
2020-02-11,765.2319841724526,771.5043774853415,759.4662308016973,763.953369140625,1106824
2020-02-12,763.9533964016489,771.0219132053003,762.5300691197958,766.8001098632812,660122
2020-02-13,767.1619719878803,768.6094474067253,759.972832294698,761.3720703125,491938
2020-02-14,763.3502543990011,775.3643118317348,761.6615331224541,763.953369140625,984192
2020-02-17,763.3503207429101,774.8818873845701,759.9728778962774,761.5651245117188,723906
2020-02-18,774.3993908344769,774.3993908344769,756.305947123391,762.2647094726562,744788
2020-02-19,763.7362285573108,771.4078594200752,760.6965068708448,768.9712524414062,460266
2020-02-20,767.2102406579073,770.9254630564519,758.3323792809065,760.0693969726562,538030
2020-02-24,760.4071349018603,764.2429214457785,748.5860848986271,750.5160522460938,584382
2020-02-25,747.9105518343705,760.8895934579758,747.9105518343705,750.8296508789062,613882
2020-02-26,747.8623645060823,754.1106103793962,736.3790349628811,740.9627075195312,667298
2020-02-27,741.1074144831877,754.5207102576135,735.8000046138419,749.3339233398438,1388310
2020-02-28,747.862246744032,747.862246744032,721.6146825625926,730.0582885742188,1741130
2020-03-02,738.212454190283,752.687208194014,729.0933473883475,739.539306640625,1024294
2020-03-03,739.7082941548344,750.2507300203242,731.964334770324,742.3619995117188,842102
2020-03-04,743.0856417655931,765.7145199507813,739.9253556767013,763.2296752929688,3274152
2020-03-05,775.8467853867967,793.6989813192043,768.1751542740965,786.3168334960938,3031866
2020-03-06,757.0779142246084,801.5153997268953,757.0779142246084,797.9450073242188,3189678
2020-03-09,805.2787736961011,815.4111009864655,775.89501277446,791.0211181640625,3363874
2020-03-11,782.7223038727403,825.0127209131946,782.0950409885381,820.1154174804688,3643020
2020-03-12,805.8096175679827,808.1738393851732,765.5939341160738,768.1994018554688,3663360
2020-03-13,714.8181131974202,760.4695242889244,656.6876740280626,738.4677124023438,4964728
2020-03-16,727.9029765254152,734.2030688655153,706.4826862322822,717.5320434570312,2324356
2020-03-17,714.6727530158067,771.5189940143692,712.2981501722021,755.502197265625,2759134
2020-03-18,758.4584197884144,774.4024517134753,714.8181427332556,725.140625,2670274
2020-03-19,698.0017384400044,725.9159797300732,643.5786136385398,700.61865234375,3091620
2020-03-20,707.0642848479006,748.2329458987613,689.6663238551992,727.6849975585938,1996496
2020-03-23,657.1480722934374,709.002676818067,588.3316812420597,616.0520629882812,2000832
2020-03-24,609.8973567531038,654.0949007783233,598.0725570750363,617.9420776367188,1803784
2020-03-25,613.0474158806268,637.9085719032607,574.5441848468245,616.0036010742188,2112394
2020-03-26,637.2543340369792,643.9664030023532,607.0381329307479,614.452880859375,2098656
2020-03-27,636.7939218447458,642.1005141969123,611.1816362870835,629.5972900390625,2089670
2020-03-30,617.8936729676082,629.5003579064197,595.7464489017021,621.8675537109375,1320036
2020-03-31,639.7016495061165,662.9877824562687,619.3232513264466,657.3419189453125,2293404
2020-04-01,656.6635008179736,666.0651893402559,625.163037679104,628.7008056640625,1282628
2020-04-03,629.5246198718096,630.2031031951922,579.8023638059171,589.2525024414062,2620234
2020-04-07,604.8088955099635,632.4323787183513,590.8517434888327,628.2161865234375,1973836
2020-04-08,628.2160767736021,671.0566520615257,622.0855912307861,631.6326293945312,1788542
2020-04-09,648.4248538496001,662.9635277027302,638.8051098150488,653.6102905273438,1204756
2020-04-13,654.482696339388,683.3177355339037,638.2720971276963,667.6886596679688,2033204
2020-04-15,680.6764872241828,722.2813128114757,678.4714314088983,714.818115234375,3412056
2020-04-16,717.2412623118717,724.4621490140472,710.6261537028648,715.2058715820312,2056066
2020-04-17,732.2888545553287,736.0688745722194,706.2403950996843,712.8796997070312,1523846
2020-04-20,712.9281793700559,726.4007091276203,700.7641659150302,710.3839111328125,1237266
2020-04-21,696.1602310633841,719.1555453493282,689.181655133407,715.1574096679688,2158840
2020-04-22,715.1573606324683,749.7109666635558,706.1433944550594,745.4705200195312,2862354
2020-04-23,750.4137276090835,767.6420820919705,742.0297933941808,745.9309692382812,2779842
2020-04-24,742.4900298070917,764.1526884082565,727.0063664848806,729.4536743164062,2483746
2020-04-27,739.0493856626298,755.0419297458212,729.4296399169215,746.56103515625,1844294
2020-04-28,759.5973079165741,762.3838872533667,739.0250475788336,753.3214111328125,1547250
2020-04-29,756.0110418215869,759.6941607065505,731.561862241268,735.5599975585938,1142116
2020-04-30,746.3185856087815,747.6028469545814,730.0594784733843,740.0184936523438,1629638
2020-05-04,717.2413883515286,737.3532245789531,688.2609356184383,690.4175415039062,1634928
2020-05-05,695.4333310089353,703.2357419154796,669.7725916917105,675.2972412109375,2404096
2020-05-06,676.5814529626041,702.7268720442988,666.937453487275,693.2767333984375,2213716
2020-05-07,694.9486740839607,699.2375714334186,652.5684595681994,655.718505859375,3283294
2020-05-08,665.7744680798011,673.1407070131352,655.112772216382,663.1332397460938,1888820
2020-05-11,668.7790850287175,672.8499260735404,658.3112503120466,667.5432739257812,1320986
2020-05-12,663.9328475547048,668.7063675102638,647.3345263658372,657.1481323242188,1335376
2020-05-13,678.4715582378981,678.4715582378981,660.080156447445,671.371826171875,1098218
2020-05-14,667.3251504497932,667.3251504497932,650.0726021100004,659.5469360351562,1330748
2020-05-15,661.9700447761707,671.2021265701802,656.930018372382,665.5078125,1078796
2020-05-18,663.9327569106579,666.864746398177,644.5478588986679,650.6783447265625,1540210
2020-05-19,659.0381500689535,670.6690900775544,644.7417863083815,660.2981567382812,1253382
2020-05-20,660.5889047745296,667.325169222101,652.4230276436117,663.9812622070312,797840
2020-05-21,663.9328403852244,690.5628237141093,660.2497211314799,687.8973999023438,2106376
2020-05-22,687.8974123688707,692.9133027774205,673.6253028177047,677.3568725585938,1272406
2020-05-26,680.8946517480656,697.3718176978409,678.7138503723601,684.5050659179688,1587316
2020-05-27,681.6457644532421,691.96818765441,676.0483512154558,679.8284301757812,1143540
2020-05-28,681.379279708494,695.409078340847,679.8285112699489,690.7567138671875,1831260
2020-05-29,691.0716841355066,720.0763288926195,686.9039424723243,711.6196899414062,3148350
2020-06-01,721.1182629829437,728.8722227999647,710.6746246911863,713.921630859375,1848872
2020-06-02,719.0343527784352,731.7799477164385,713.2673925698656,722.4752197265625,1463054
2020-06-03,726.9337310544073,742.9020183500285,722.8871451164748,731.8526611328125,1502506
2020-06-04,734.2030138160419,740.9634733493601,720.924346817073,725.4071044921875,1180158
2020-06-05,730.059516801526,735.6569301506621,720.1732654618841,730.9561157226562,1375192
2020-06-08,736.5293287581617,738.0800971572661,722.0875540146595,723.2022094726562,1201134
2020-06-09,730.2291347154895,730.2291347154895,706.7249457813006,711.0865478515625,1792626
2020-06-10,711.4742761412208,719.1555308884393,702.7026207755574,705.0045776367188,1425268
2020-06-11,705.198480563243,706.3373316677752,683.8023842080485,686.8555297851562,1246096
2020-06-12,673.6252098810326,699.794822351231,670.9113359749853,693.0343627929688,1827832
2020-06-15,702.2179761381707,711.9588761908855,689.3997351575858,693.9551391601562,1428452
2020-06-16,699.8191585823542,709.0269862638498,684.5292947427675,693.615966796875,3252164
2020-06-17,695.917847614419,713.848878506991,691.4593446773097,694.0520629882812,2714214
2020-06-18,694.0520772802957,700.2552093571395,670.2813216335273,674.1825561523438,3596016
2020-06-19,677.9384393589597,685.7408499186561,672.7529430202392,677.9141845703125,5181166
2020-06-22,678.4715884199766,686.9282284838574,672.6561176620911,674.1099853515625,2139202
2020-06-23,678.5442535711844,689.8601779211452,676.0968861085354,683.17236328125,2344316
2020-06-24,686.2254921129182,696.7175815605149,678.4715317500604,680.4827270507812,1915810
2020-06-25,679.9253876491109,684.7473580037986,668.1005864670873,669.7240600585938,1854598
2020-06-26,674.5944727254048,683.1238162960768,665.6774075186956,672.55908203125,1812160
2020-06-29,671.759525715615,678.4715358638059,669.33641308753,671.1537475585938,762738
2020-06-30,674.4491512790048,678.1807802544938,662.1155315547893,664.9505615234375,1035552
2020-07-01,670.3541072418975,670.6933193459533,657.9235276526535,664.2963256835938,1313658
2020-07-02,668.7790006542416,674.594470225148,661.582368891848,672.9225463867188,1260214
2020-07-03,678.4715561094724,680.4100462697852,669.5544895404287,673.3587646484375,1042066
2020-07-06,676.0483705873231,682.8330854175902,672.1713906843133,673.3102416992188,1453462
2020-07-07,678.4472204706921,687.9216136633951,675.8545020218454,678.1322631835938,2158850
2020-07-08,681.8154254497047,685.256233460796,669.0698296931305,671.953369140625,964542
2020-07-09,673.4798557632786,678.9076631869789,664.4416935831069,668.7305908203125,1551802
2020-07-10,668.1732768519603,672.8983462621554,664.4659028677415,670.1602172851562,666390
2020-07-13,673.6252989425764,680.8946367009495,670.2329413220023,676.218017578125,1084172
2020-07-14,675.0306431648407,676.0240837230381,667.6401505754001,669.0697631835938,883694
2020-07-15,670.4994710429576,674.885269091413,661.6551105827787,663.860107421875,963050
2020-07-16,665.6290112145532,671.153719608113,649.3941572824909,669.7967529296875,1459850
2020-07-17,671.4444461293954,680.8945844906536,668.7790224890406,674.88525390625,1179130
2020-07-20,677.2356720795259,699.7948725553736,676.339132308479,698.0986938476562,3040448
2020-07-21,702.7026238004091,704.301901710887,677.7445650930152,679.8526611328125,1695734
2020-07-22,683.2692879558164,683.8023608846466,664.369010085865,670.6932983398438,1257660
2020-07-23,671.6867967541858,680.1192402333535,665.871326652418,669.1909790039062,1263628
2020-07-24,666.3559329500055,672.9467870733979,663.44819796986,668.1248168945312,1246408
2020-07-27,667.8340438153408,671.2021464465764,654.4826705964632,657.2449951171875,2221724
2020-07-28,661.8489306916216,662.5516688179156,650.3634009988882,656.0819702148438,2579224
2020-07-29,659.5712674787353,670.4752744723221,657.1481548134938,664.3447875976562,1639860
2020-07-30,666.8405201938792,669.6270994025382,650.8479786485318,653.7799682617188,1509760
2020-07-31,653.2711488390636,661.7762976225436,649.6122251953394,657.6327514648438,1073236
2020-08-03,657.6327058413178,663.4966260220061,649.9271965720746,651.962646484375,1208610
2020-08-04,658.4808036304371,658.4808036304371,646.9952743618753,650.7510986328125,1622550
2020-08-05,654.2403268760751,654.7006945540038,635.3643055527457,637.3027954101562,3848822
2020-08-06,642.1247564688241,646.9709810459473,633.3772974439107,645.4928588867188,4725314
2020-08-07,644.4510094808039,675.4183391988652,641.2040033099679,667.9552001953125,7743370
2020-08-10,671.153761067302,682.7847019162128,658.1658534561417,677.9384765625,3167460
2020-08-11,680.8946774247764,683.3177901558254,667.4706565579751,668.7791137695312,1492958
2020-08-12,669.1667035940411,675.4667954531814,660.2253838837606,661.267333984375,1429692
2020-08-13,662.9635941052801,672.4137330563423,662.3335611786674,668.8275146484375,1642050
2020-08-14,669.2393993369545,682.7361829177988,663.0120122145396,664.7081909179688,2346514
2020-08-17,668.7790633868028,673.3345268095925,657.6811960830553,668.9486694335938,1127408
2020-08-18,672.171343577794,694.4639764578073,670.717476216054,683.9476928710938,4717148
2020-08-19,690.5871122453981,713.9701495547598,683.8508471785574,702.484619140625,5026794
2020-08-20,702.4844962429373,708.7603333088598,695.4332159304026,702.6056518554688,2117646
2020-08-21,708.9057452030969,716.9504660605577,700.5460079207868,705.8526000976562,2572756
2020-08-24,710.8443658936195,721.1183400864803,706.0950413346786,711.7409057617188,2388726
2020-08-25,715.7147558357191,721.9663981666353,705.1500204092151,714.47900390625,1956004
2020-08-26,715.3027832647329,720.076302879713,706.6038333780741,711.6438598632812,1517556
2020-08-27,714.3335910921988,729.017677041767,708.6635312982987,712.85546875,2986610
2020-08-28,716.3204704478914,717.7258874608834,699.0194717057278,700.5217895507812,1300800
2020-08-31,705.1256996548303,708.0334344987677,676.0483512154558,679.8284301757812,2494592
2020-09-01,693.4221747505925,696.0391483933897,680.9915943158258,689.1575317382812,1229912
2020-09-02,692.1621472199116,706.0707905444217,682.4212459346812,685.086669921875,1827192
2020-09-03,687.243098374853,705.1256789721413,687.243098374853,702.2906494140625,1520596
2020-09-04,696.3541285203328,709.7296985807238,687.2190056177302,695.9906616210938,1570352
2020-09-07,699.3102458797089,704.519937593643,689.2058788987056,698.7044677734375,874424
2020-09-08,698.8741065244071,719.664423936396,692.9859312242323,701.0791625976562,2266244
2020-09-09,703.1630112963958,713.800510947357,698.1714349092804,707.0885009765625,2290336
2020-09-10,712.0558623409185,721.9421140065567,708.5180944305538,714.98779296875,1909658
2020-09-11,714.818120035204,726.3036485379876,714.3577523668616,721.3120727539062,1823546
2020-09-14,723.5413241863449,728.9206215968508,712.3950077387321,717.5804443359375,1006954
2020-09-15,717.7743808878556,734.2030956518679,717.7259304689217,726.2310791015625,2675932
2020-09-16,731.7799249031947,733.6699643554088,720.3428465177678,723.7593994140625,1107322
2020-09-17,719.1798137152392,735.1723567425996,711.2562474105605,713.2189331054688,1390472
2020-09-18,719.7371242566776,719.7371242566776,701.0307074180411,705.1741943359375,1616072
2020-09-21,705.1256923392317,707.9122715357613,683.5842472570919,700.3521728515625,1734586
2020-09-22,697.3717548868108,697.8321225836747,675.7576039192818,691.7258911132812,922892
2020-09-23,694.9002139819694,706.0949818907054,685.3046648270415,688.5758666992188,1466426
2020-09-24,682.3484168453018,691.5562434930723,676.0483249284064,678.2291259765625,1286818
2020-09-25,682.2030226735784,688.8908363768841,673.6252286766576,684.7715454101562,868702
2020-09-28,688.1639582753832,698.8256534035934,688.1639582753832,696.0875244140625,672880
2020-09-29,700.7641474074964,705.8042333283385,689.4482236637443,692.1136474609375,935990
2020-09-30,694.7063573418707,697.8564036081575,685.7408410455159,695.06982421875,1294032
2020-10-01,699.7948584618507,711.2803875310162,694.9486336802589,709.002685546875,1340110
2020-10-05,716.7566382456098,716.7566382456098,699.7948516745507,701.1275634765625,1016714
2020-10-06,700.2794789397785,717.2412656269012,700.2794789397785,712.7342529296875,1748250
2020-10-07,712.3466002947599,728.8722151497293,708.7119316686808,723.8563842773438,2585578
2020-10-08,724.9952472602234,733.6215512718481,713.6308734981287,720.4155883789062,1166922
2020-10-09,721.1181670662567,722.8627959614278,710.1414573287065,713.4126586914062,963612
2020-10-12,716.5627293387411,720.8758808946883,709.9718759735922,716.9989013671875,877450
2020-10-13,716.3204066053445,726.3521264663276,713.8730988127512,718.695068359375,1379880
2020-10-14,721.0939983172501,724.2440444497632,715.0604720804897,720.4882202148438,1038892
2020-10-15,720.4881932420506,728.3875630649095,711.9831044974793,715.5208129882812,1299758
2020-10-16,713.6065385391944,723.7351593049015,713.3642273206751,717.8469848632812,847678
2020-10-19,720.1490030288696,747.2878618240356,717.8470462560654,744.380126953125,2985144
2020-10-20,747.2878497028116,751.8190579715464,736.4080989005006,738.9765625,2509288
2020-10-21,741.5208272778054,746.7547736012182,719.228193725075,725.3829345703125,1857388
2020-10-22,725.964491892976,731.2226340914381,712.806979423926,715.0604858398438,1367244
2020-10-23,718.695109327903,729.3568034649319,716.3447022247519,727.0791015625,1164340
2020-10-26,729.8415249811409,731.1499821396109,709.5600840767157,714.6486206054688,822324
2020-10-27,712.3950167314722,741.4239139387319,712.3950167314722,739.5338745117188,2443802
2020-10-28,740.5031560553941,749.2263607733241,732.749196306123,735.9476928710938,1468514
2020-10-29,742.9262709420013,775.3959774998057,739.5581683279439,770.961669921875,9519036
2020-10-30,770.9617152530257,771.5190429762272,754.7753114393823,761.0512084960938,2465752
2020-11-02,765.7035326943278,775.177926018405,752.4975698677958,754.2906494140625,1410450
2020-11-03,753.5880495298586,769.5805933462478,753.5880495298586,758.7250366210938,1313404
2020-11-04,760.8573250000001,766.042762086792,750.268335206604,757.22265625,1406364
2020-11-05,775.88064251655,781.6234074581007,762.6262286312102,770.259033203125,5218614
2020-11-06,770.2831789066228,785.0884193671549,767.6662648351464,773.7966918945312,2391068
2020-11-09,777.3345021168801,778.3037471319885,768.9263134424197,773.0940551757812,1359864
2020-11-10,775.3960478600656,777.6495544557636,760.8573719626893,762.6504516601562,1525700
2020-11-11,764.7342990694173,772.7548250454254,747.2394387866955,758.0707397460938,2138080
2020-11-12,757.9495599099189,766.624314147141,754.9206694051638,761.584228515625,1221590
2020-11-13,760.8573413277026,770.5255367469703,757.101516872104,758.288818359375,1181884
2020-11-14,763.2803993269474,769.750097546782,761.850786686653,766.1638793945312,272046
2020-11-17,773.6755564286792,774.1359832925203,754.1453054267618,756.931884765625,1883788
2020-11-18,759.7912139474963,763.2804724440314,752.885343006336,757.6104125976562,1303930
2020-11-19,753.587989437597,768.6112869762243,753.0791121480805,755.2357177734375,1829618
2020-11-20,758.1434211064126,762.9653911291454,754.1210308509139,756.1079711914062,1256534
2020-11-23,757.0288638816846,770.5498446860832,754.6542015853237,768.2236328125,2001702
2020-11-24,771.1797767316818,781.1387332091939,766.3092971404045,768.8051147460938,2339188
2020-11-25,770.0651026656327,771.9066917096632,746.3186017023753,748.3055419921875,1251044
2020-11-26,750.6801775670963,757.1983258782467,738.3465598364462,743.2169799804688,1865884
2020-11-27,748.1601603854332,753.3455969262228,727.2244350950554,747.5543823242188,5624226
2020-12-01,754.9933581439002,757.2468644618968,743.5562796789695,751.6737060546875,1284130
2020-12-02,753.5637297312586,777.6979537990097,752.1341170251211,775.2748413085938,2350548
2020-12-03,785.0884328547166,785.0884328547166,771.8824700181173,782.6895751953125,2241958
2020-12-04,785.0884472263743,790.903917205829,773.0697856056269,778.6429443359375,2021064
2020-12-07,778.7641322895555,790.3708771001963,777.3345195234663,782.7622680664062,1071726
2020-12-08,784.1676632924873,793.5693517184968,775.4444582048947,780.799560546875,1246966
2020-12-09,784.6037309877877,789.934577832053,782.6894960114611,785.3549194335938,826684
2020-12-10,784.7733918588846,803.4798075336589,781.5991501473015,800.2813110351562,2294734
2020-12-11,803.6979661593081,808.2776251229674,789.983125740508,794.1024169921875,1706106
2020-12-14,799.5302269917,800.8386840831209,787.0269427842592,788.626220703125,747742
2020-12-15,789.8619205672273,792.1396816700836,781.3568317170977,785.3064575195312,845672
2020-12-16,787.9961175791015,795.2170040428869,785.0883828278871,787.9718627929688,2166222
2020-12-17,789.9346206801705,800.5963149470194,788.1657368452037,789.7650146484375,1692350
2020-12-18,792.1154355819373,844.6727193453816,792.1154355819373,839.2692260742188,14114502
2020-12-21,838.396975178552,838.8815977075569,796.4286759983286,815.2319946289062,2377968
2020-12-22,816.1526680795308,837.330704947249,797.6158590975222,832.9205932617188,2189882
2020-12-23,840.3354304395461,861.6588208313224,831.6849304872138,839.6327514648438,4252160
2020-12-24,845.6661931803163,849.3251164186006,830.9336585563456,839.2933959960938,1064120
2020-12-28,843.2432387938743,857.2972927737723,837.4520229722648,851.6514282226562,1570614
2020-12-29,851.6513055116787,858.2664142117125,842.2738723319911,850.02783203125,1158670
2020-12-30,850.2701814038707,857.7575754110471,843.5339167814351,847.9439697265625,1423836
2020-12-31,849.5432803600337,859.7203533135765,845.6905549765444,855.6737670898438,1417720
2021-01-01,859.1630574104823,864.8089218278506,854.1714807479271,858.1696166992188,1078116
2021-01-04,859.962634990641,867.4742838169892,855.4071716127354,865.0269165039062,744322
2021-01-05,872.2962763311776,875.6644383211496,851.4817628768227,872.5870971679688,1081778
2021-01-06,872.5870652629804,872.5870652629804,857.7818242379258,870.0912475585938,1176260
2021-01-07,871.3511944942178,881.5767167025634,852.9355407729829,857.2728881835938,1945848
2021-01-08,863.7427348232691,883.9030196781139,858.5814931909271,881.5526123046875,1606724
2021-01-11,881.5525768115551,892.6746394542512,876.1974745566157,888.3857421875,1264314
2021-01-12,888.264661459423,888.264661459423,870.7212900943878,872.3690185546875,1158804
2021-01-13,877.1183054852211,879.589868490698,858.2664777394083,868.9766235351562,1060638
2021-01-14,869.4127942644684,874.2347646385681,860.0353604054276,867.4743041992188,914532
2021-01-15,865.0511771912179,870.1639683162567,843.8973928753578,846.6112670898438,1973286
2021-01-18,843.7277816087607,851.4332912735522,830.9579904275039,836.870361328125,1536036
2021-01-19,842.2739431920816,853.7352776683886,837.9850457042098,841.4743041992188,1050052
2021-01-20,844.2123956078982,870.7212227137786,842.2981603947279,852.2813720703125,1769034
2021-01-21,852.9356536053624,881.7706941675892,852.9356536053624,860.4715576171875,1820080
2021-01-22,862.4826703752998,869.6308525054724,839.3177495431812,840.9412231445312,1394952
2021-01-25,847.968148412194,862.5068221955149,844.3092251801855,855.6009521484375,1799690
2021-01-27,860.5441865075104,861.0046133970766,821.4594275320371,829.6253051757812,1539186
2021-01-28,826.2813950974144,837.4277130371449,823.2767591420873,831.7333984375,1187746
2021-01-29,841.3046009672953,843.7034585107641,806.3148825856637,809.440673828125,3387874
2021-02-01,822.8890138855598,839.3419242750105,806.8964712128724,831.7576293945312,1579168
2021-02-02,841.3046409938584,862.38571926761,834.059558445742,853.4444580078125,1740134
2021-02-03,855.3586548755665,862.0464685882248,840.8199808550186,842.9523315429688,952662
2021-02-04,847.1444769373891,858.5088521353549,838.8816387503806,852.9114379882812,1394428
2021-02-05,853.8805808558122,855.3587031278245,835.973803340225,837.7911376953125,814332
2021-02-08,839.6569905208029,850.5125471132837,838.2273777088078,840.1900634765625,580014
2021-02-09,842.7585653931211,871.3512941787417,840.8685257265348,853.9291381835938,2735488
2021-02-10,855.2375625522202,863.5973007327136,844.6970231072502,851.554443359375,824592
2021-02-11,849.1798161401365,869.3885516911055,848.2590215146005,858.6784057617188,1279566
2021-02-12,861.1741503921268,866.5049976933723,848.7920223155719,853.2747802734375,721042
2021-02-15,855.8917219710876,870.115379460083,852.4993647225632,856.134033203125,1450668
2021-02-16,858.2664675179306,869.8974077892068,855.7706497531149,867.0623779296875,2028424
2021-02-17,872.320477505534,876.633629475915,852.935578005411,855.5525512695312,1846990
2021-02-18,857.9756250206467,871.5692496873559,855.3829066610155,868.3465576171875,1635784
2021-02-19,866.2627278355196,874.7436216744687,859.7203240169017,863.2822875976562,1447584
2021-02-22,861.6588116373628,867.7408477224208,838.3969314581764,844.3335571289062,1238494
2021-02-23,848.5740100747176,854.8256522489625,831.1275998161855,836.3857421875,1001128
2021-02-24,837.4276949387062,840.7957977105812,827.1294666299981,836.0222778320312,465756
2021-02-25,833.5507599627563,840.5293362963748,821.8955643361138,833.2115478515625,3108264
2021-02-26,824.3427858575535,839.3176313652282,811.7426021818942,817.0491943359375,2091890
2021-03-01,826.7659445290483,829.164802123414,816.4192664921317,822.961669921875,1037868
2021-03-02,829.1890981295398,840.8200381383704,824.5851843760445,838.0819091796875,950074
2021-03-03,840.335359237522,858.2663905476651,838.9541970357762,855.164794921875,931650
2021-03-04,852.1601957444933,860.2049172232591,845.5693417314568,853.5656127929688,741662
2021-03-05,848.065063399702,864.5664820824759,841.328858427378,851.7966918945312,1440162
2021-03-08,851.8936681764828,852.9113636168397,830.7641385521308,832.1695556640625,1047900
2021-03-09,838.3484782374303,846.1024382712434,836.0465213523921,841.3289184570312,669222
2021-03-10,846.6354464264507,850.0278036817369,836.1191625982694,841.8134765625,594746
2021-03-12,843.7276710186967,846.4657996459658,833.792910963623,835.0529174804688,410686
2021-03-15,836.4583927131442,839.3903823531266,821.89546366116,830.3037109375,692782
2021-03-16,832.096803228203,842.7584978531421,826.4267438408745,833.59912109375,661378
2021-03-17,835.1984129587968,844.9635679856616,831.1275722021213,835.2711181640625,711944
2021-03-18,837.9607204734541,843.7277398317653,824.19743017475,830.594482421875,669972
2021-03-19,825.79675392876,853.6140977295607,814.6504362407545,848.5982666015625,1478776
2021-03-22,857.2971921542164,864.4696287308681,842.3466000412427,853.8563842773438,1235370
2021-03-23,853.4201742921383,876.6577981912872,850.3185786357368,866.5292358398438,2149688
2021-03-24,866.504994672943,879.5655468522615,865.0511272322166,869.7034912109375,1375888
2021-03-25,869.7762128505916,877.7482291380136,851.9663363651428,855.0679321289062,845506
2021-03-26,861.1014834729588,879.541393393498,855.4798742642201,872.4901123046875,1253248
2021-03-30,887.8284114223783,890.8815568060888,877.2151669433126,885.1387329101562,1248908
2021-03-31,886.8591266514894,889.5245502561796,872.805074917668,876.8759155273438,993532
2021-04-01,877.6513147591486,888.3130093614132,876.7305202118948,883.5394897460938,924428
2021-04-05,883.9513753820505,892.1899572798,865.7780329605446,872.078125,727018
2021-04-06,872.6596322944134,915.2337623530275,867.0138280120584,908.3763427734375,2480128
2021-04-07,906.2441274994792,919.328935757493,900.9132796906587,915.1611938476562,1240686
2021-04-08,916.130404578875,932.413709080485,910.2664840404824,923.4966430664062,1639540
2021-04-09,920.7828071745652,934.5945492821836,917.9235224154183,930.3783569335938,1018602
2021-04-12,920.7826764322914,921.8973317564419,891.8507391570723,896.2123413085938,1452662
2021-04-13,896.5515856757258,901.1312444366462,868.0800150495372,871.8115844726562,2182224
2021-04-15,874.0893610671541,887.2953238463344,861.6587824360649,883.8302612304688,1153110
2021-04-16,889.4760875959232,895.5823188473703,876.3670262028352,883.8059692382812,1133434
2021-04-19,871.3511885844711,876.1489628003824,854.874024840382,858.1209716796875,923818
2021-04-20,862.6280256395163,872.5143361919324,853.4686488165718,859.2841186523438,846658
2021-04-22,860.2048963605439,871.3512133274693,849.5432018704414,865.4388427734375,1139920
2021-04-23,865.4146061756122,871.5935428849718,855.8917624742895,864.51806640625,710178
2021-04-26,867.6681173573891,893.159248483033,863.8395878573014,890.32421875,1610458
2021-04-27,896.5516194301655,899.6774108725384,883.4668120114549,888.3857421875,1203860
2021-04-28,895.5823537485346,916.9057431234997,889.2822614332041,912.471435546875,1742860
2021-04-29,915.9365039515989,919.8377386501556,894.2011971576844,895.6792602539062,654180
2021-04-30,893.1592470981915,899.7985515333265,874.9374533460232,879.9775390625,720370
2021-05-03,879.8321188254855,884.3391315854028,870.3819803969001,877.6997680664062,637298
2021-05-04,879.5898821706008,882.885339001171,867.9589415799153,872.3932495117188,472198
2021-05-05,875.518938142163,880.4621228065357,869.7034685309126,878.450927734375,335120
2021-05-06,880.0744796099609,885.6960889036186,869.9701120914178,872.2962646484375,452026
2021-05-07,879.5898633648579,884.872260601794,874.8890486398357,880.17138671875,446612
2021-05-10,882.0372374629015,898.9747708021372,882.0372374629015,895.0250854492188,933014
2021-05-11,891.7054039849859,912.4472707408883,886.9318841702573,909.7333374023438,1665520
2021-05-12,914.9187889096835,916.4938119646672,901.9551376109713,911.0418090820312,1377730
2021-05-14,903.8209667632584,926.8162808335177,880.2198745651418,915.0884399414062,4927974
2021-05-17,913.9980415560631,922.2123693267761,899.1686047812963,916.4696044921875,1651266
2021-05-18,921.7035204946528,927.5674407598065,909.2002366581941,917.4630737304688,1042292
2021-05-19,917.3903118192941,943.6810801321291,913.5133321602585,930.9354858398438,2703574
2021-05-20,934.3521223859439,945.013816728522,931.2020763301821,938.2533569335938,1351508
2021-05-21,943.3177041110664,965.3680280448211,943.0753928590472,958.5833129882812,2955960
2021-05-24,963.88998012945,1005.1071509419427,958.3895261157363,998.27392578125,5345168
2021-05-25,1005.1070495685644,1005.1070495685644,987.7090902540718,993.74267578125,1233906
2021-05-26,993.7667992683482,1021.7052349466464,993.7667992683482,1018.6036987304688,2175284
2021-05-27,1015.2840731252084,1029.3381247341015,990.5925819789975,1016.4713745117188,3788216
2021-05-28,1012.3764407259747,1013.3456857625721,996.0204307333937,998.3223876953125,779774
2021-05-31,1002.5385148132165,1016.7379773401349,997.4499787016475,1013.1275634765625,949892
2021-06-01,1020.0818809799099,1020.0818809799099,999.2916224845108,1001.7632446289062,505654
2021-06-02,1003.6530603701259,1006.7788514048387,994.0091212642005,1000.478759765625,624824
2021-06-03,1003.1685069675925,1012.5701355035814,996.3837924277151,1008.2327880859375,831786
2021-06-04,1008.014697750041,1016.3744350270547,1005.8581515070026,1007.723876953125,595318
2021-06-07,1010.8981611059515,1018.6763749777165,1006.0761914622927,1010.14697265625,781798
2021-06-08,1010.8499383942193,1010.8499383942193,1001.0604687625636,1005.4705810546875,713752
2021-06-09,1008.9841274199886,1015.2842204346186,1003.1929117351347,1006.1006469726562,754882
2021-06-10,1008.0147786229336,1038.4248398530244,1004.1863082805403,1033.3363037109375,2281286
2021-06-11,1044.3615416028574,1046.784654228386,1020.2515709788471,1025.921630859375,1469570
2021-06-14,1024.9765252945485,1026.4303927063138,1009.0082385518659,1024.9522705078125,535928
2021-06-15,1026.430463871207,1042.3744969325917,1026.430463871207,1035.7109375,918698
2021-06-16,1035.1534960036229,1041.695898717129,1028.4899376843111,1032.754638671875,481290
2021-06-17,1031.3010041017778,1046.7846703542245,1027.6905898973305,1030.9617919921875,938446
2021-06-18,1032.8275476007996,1045.7428094566962,1015.0661785951885,1030.0894775390625,1007240
2021-06-21,1025.4612334090723,1044.8946434291113,1015.7687831878145,1042.37451171875,563980
2021-06-22,1049.6922123253244,1053.544937086859,1038.2309388661884,1040.8963623046875,746084
2021-06-23,1043.8041183027062,1044.846009250826,1030.7193120644074,1033.7723388671875,334958
2021-06-24,1033.7723842572539,1046.7845450253012,1032.900158455893,1044.918701171875,410386
2021-06-25,1048.2384384814814,1049.11078262054,1029.8227839912843,1034.3055419921875,392534
2021-06-28,1040.9689940719547,1055.8953887860982,1034.7900580037901,1044.458251953125,551070
2021-06-29,1044.8459893062623,1058.9000401828307,1041.017519324918,1047.632568359375,705600
2021-06-30,1046.7846510640481,1059.3363270999257,1040.775379097321,1043.8526611328125,722944
2021-07-01,1049.2076141399539,1057.7854079226036,1046.7845018671135,1051.21875,520740
2021-07-02,1055.0230788710269,1063.2616605617973,1049.6922318946458,1055.919677734375,547144
2021-07-05,1062.268323718499,1106.3932284369807,1056.8163202932183,1098.7119140625,3049988
2021-07-06,1098.542280771347,1104.8907643820935,1076.8311696198543,1081.2896728515625,853764
2021-07-07,1081.2897402973665,1111.6755485633114,1079.012038122186,1103.2431640625,1102592
2021-07-08,1104.9392821199503,1115.6009769474238,1095.731454768951,1106.6112060546875,794282
2021-07-09,1100.4806897047117,1111.8450625619716,1098.760256333717,1103.873046875,443234
2021-07-12,1108.33174037819,1113.8563899648932,1095.8284552800187,1099.535888671875,602976
2021-07-13,1107.3624275450127,1107.3624275450127,1084.1005472289685,1089.6737060546875,713752
2021-07-14,1090.4006506653723,1101.0623459163226,1084.5851805284904,1090.085693359375,663964
2021-07-15,1095.8282495190017,1096.1190703125578,1086.6931874157976,1089.988525390625,353918
2021-07-16,1090.2794000468655,1100.0687502611772,1085.554330972321,1087.5897216796875,451404
2021-07-19,1082.6467009448277,1099.6084890079742,1081.677455912648,1095.3680419921875,384358
2021-07-20,1105.9570739461965,1127.4500112080007,1090.0371772159585,1122.216064453125,1275730
2021-07-22,1131.0846362258726,1131.0846362258726,1108.5254356660578,1119.6717529296875,690416
2021-07-23,1119.4778692131974,1128.0556629894174,1114.9224654700834,1117.8302001953125,328962
2021-07-26,1119.308300564765,1130.600028384821,1112.499449148767,1124.9542236328125,458734
2021-07-27,1125.7322377256176,1131.617767705754,1113.3776360535014,1119.044189453125,366728
2021-07-28,1119.5064299496546,1123.4218834277249,1104.6953472249536,1116.7581787109375,496482
2021-07-29,1116.7583331733183,1127.4835564139723,1113.304938828273,1117.02587890625,394066
2021-07-30,1123.9814184950662,1124.2246202855165,1105.1089358059517,1108.41650390625,781572
2021-08-02,1118.679553758039,1118.679553758039,1097.2292269845216,1100.512451171875,913234
2021-08-03,1102.1905435629533,1120.2118204636176,1097.812911218705,1101.2906494140625,1443632
2021-08-04,1104.1848119687515,1110.2648567050428,1094.9673691478347,1101.3636474609375,422090
2021-08-05,1107.5408072533105,1107.5408072533105,1088.084666590099,1093.9215087890625,819452
2021-08-06,1094.8944984850061,1098.7370394067034,1072.544276919595,1081.421142578125,963986
2021-08-09,1089.543905110052,1096.8643019726824,1079.353774926271,1085.555419921875,545764
2021-08-10,1089.4223587036263,1094.3836511980235,1077.3838707572418,1080.958984375,813654
2021-08-11,1082.7588185212633,1106.0818487048584,1058.1467474745302,1099.393798828125,3036986
2021-08-12,1112.8915002280573,1112.8915002280573,1071.2067330824545,1080.2052001953125,1880568
2021-08-13,1090.6140055460387,1090.6140055460387,1071.790212092678,1073.3466796875,733140
2021-08-16,1071.4984263098472,1084.680011165619,1057.9521575106146,1079.2808837890625,526620
2021-08-17,1083.8044797027817,1089.0089744818881,1068.1666514352435,1077.9190673828125,882886
2021-08-18,1079.864646007903,1088.8144244669868,1074.9519223015593,1082.3939208984375,793336
2021-08-20,1081.2751554926635,1111.4321773732506,1074.9519089693144,1102.774169921875,2086034
2021-08-23,1108.9757997736342,1116.296197279388,1080.3023329662399,1083.36669921875,1298526
2021-08-24,1084.6799675208872,1093.4352318327149,1070.0878603345075,1074.052001953125,710320
2021-08-25,1075.1951320465794,1085.3609195427334,1064.1781382708134,1077.31103515625,630648
2021-08-26,1081.664352751402,1089.446810375298,1073.4927484961356,1083.561279296875,675970
2021-08-27,1082.2480799379532,1090.8574004641362,1076.4355802925088,1082.3453369140625,723950
2021-08-30,1088.54692756502,1108.5138193647454,1077.3839885444982,1100.31787109375,923632
2021-08-31,1108.513839845213,1113.8642796162956,1093.921731378624,1109.1705322265625,1288388
2021-09-01,1113.8642443938559,1137.6980208022833,1110.5081070530207,1125.440673828125,2413458
2021-09-02,1135.728081595666,1148.8853229520457,1130.4019858342738,1138.52490234375,2112568
2021-09-03,1144.458955565831,1147.5720097818985,1124.4678393345173,1132.0556640625,842918
2021-09-06,1136.4333384134818,1144.2401400458343,1128.4563667694295,1138.8653564453125,508384
2021-09-07,1141.1029469129628,1148.8854052039294,1130.9371582707438,1136.1173095703125,742468
2021-09-08,1135.7525677085748,1136.3118844278588,1109.87591625443,1125.1976318359375,1071124
2021-09-09,1130.4019782018524,1144.0456230744733,1121.6467133104438,1142.197265625,710322
2021-09-13,1143.0484547334559,1172.1839827388637,1140.154377076966,1165.909423828125,2160876
2021-09-14,1174.9077538222193,1179.042183922608,1162.5044635210534,1171.6732177734375,743894
2021-09-15,1173.7892219811372,1179.4801207301543,1164.9366996214562,1167.7335205078125,618920
2021-09-16,1178.0694031267446,1178.0694031267446,1165.4229107727829,1167.8792724609375,462420
2021-09-17,1171.357001994451,1178.069394715339,1141.1999819810937,1152.0224609375,1725396
2021-09-20,1151.2199823565281,1168.7548546396408,1143.5591262013606,1148.61767578125,562764
2021-09-21,1152.7764235334387,1186.824672329785,1143.559099930887,1182.325439453125,1193804
2021-09-22,1190.1080048263714,1202.3896956905241,1173.254167635915,1176.1239013671875,749724
2021-09-23,1184.392578125,1191.664287041345,1176.123718236653,1184.392578125,792424
2021-09-24,1187.7975152708,1205.1620989306043,1183.5658279714837,1192.63720703125,1108968
2021-09-27,1194.1207476850257,1198.4011227914636,1167.3685517083754,1170.068115234375,681068
2021-09-28,1173.7404891265373,1176.1238190925058,1155.208465816667,1172.718994140625,534318
2021-09-29,1166.8823229483753,1175.6375883977587,1159.8538141572421,1168.463134765625,446562
2021-09-30,1169.8493034400256,1173.9593899608124,1155.208508110569,1158.5889892578125,747444
2021-10-01,1159.586234842021,1178.0695724779257,1150.4418229982912,1175.7591552734375,1013062
2021-10-04,1182.447165941808,1190.7160272421004,1172.9866395572378,1177.5831298828125,509092
2021-10-05,1175.1510778822942,1186.824764086423,1172.9866056487874,1185.0494384765625,255932
2021-10-06,1185.8518799632361,1195.0935476085608,1170.5788556707842,1174.980712890625,373204
2021-10-07,1178.60457393501,1204.5297900064766,1176.0022672557463,1196.7960205078125,1169854
2021-10-08,1197.7688146561163,1201.4168415027848,1183.9792256753603,1187.60302734375,446084
2021-10-11,1187.5543050931535,1208.6156032281458,1182.3254667643591,1197.890380859375,557806
2021-10-12,1203.3624492667448,1211.0476495320427,1190.7159562671752,1197.087890625,535870
2021-10-13,1208.1778260509311,1208.1778260509311,1194.6072134312763,1203.5084228515625,340326
2021-10-14,1209.4912598846804,1225.0074874889128,1198.2066011715506,1206.8160400390625,690264
2021-10-18,1204.8461535314395,1221.845936905,1204.335405962094,1216.8846435546875,589542
2021-10-19,1225.7370105058967,1231.5738534130676,1196.601483827951,1201.830322265625,561332
2021-10-20,1203.751563184313,1205.794434401661,1165.2040807614283,1175.880615234375,579962
2021-10-21,1186.824852424908,1189.475728447565,1113.8643082184585,1121.403564453125,1365284
2021-10-22,1121.646650486184,1140.59204609266,1108.5137538846545,1126.7052001953125,779382
2021-10-25,1129.9155642628825,1131.982779565559,1094.4081014169117,1111.894287109375,704050
2021-10-26,1116.2960791260487,1135.752219938703,1109.9971772881236,1127.8968505859375,435162
2021-10-27,1135.7035981317117,1174.1538223989153,1123.5921972718552,1152.0224609375,1520696
2021-10-28,1159.9996589992095,1164.3529474166398,1142.9997583831082,1151.8037109375,632166
2021-10-29,1155.0141963874719,1163.6720866685675,1119.214838957824,1125.3677978515625,923200
2021-11-01,1134.585012965032,1157.324379824105,1130.9126422675636,1149.3472900390625,432798
2021-11-02,1152.7765171874998,1160.07257109375,1137.0413134293365,1140.0084228515625,356882
2021-11-03,1145.4804952903985,1152.2901457931864,1127.1187591132382,1147.6693115234375,512086
2021-11-04,1156.959548545042,1174.6645905250725,1155.0625034216234,1171.259765625,322900
2021-11-08,1179.4313053341934,1179.9420527917491,1145.9667186621384,1158.7591552734375,920960
2021-11-09,1164.9365237973057,1170.3842199078958,1154.1140446096272,1163.5260009765625,669870
2021-11-10,1161.531703101802,1161.531703101802,1139.6435428674713,1151.0496826171875,1643026
2021-11-11,1168.3413698756126,1206.2808481646625,1155.694877112596,1203.3624267578125,4329804
2021-11-12,1211.1448758592894,1211.1448758592894,1165.7633995317374,1180.1123046875,1268536
2021-11-15,1189.4512176622402,1197.8903669253143,1173.7890467864897,1182.714599609375,882148
2021-11-16,1185.851907727177,1193.4398509455502,1167.8549755754518,1189.1351318359375,904886
2021-11-17,1186.8248532522136,1194.5829673747303,1172.2814322639447,1174.397216796875,504660
2021-11-18,1181.5228897690563,1190.2294656586942,1155.5003003073725,1186.630126953125,950938
2021-11-22,1186.5571135399696,1188.697360405516,1132.347461768617,1143.04833984375,1055682
2021-11-23,1143.0484128202172,1153.3844888935914,1126.9484068243999,1139.7408447265625,580156
2021-11-24,1140.1300328447933,1146.3560226446332,1084.6800227149697,1100.780029296875,1588070
2021-11-25,1107.978788732798,1107.978788732798,1086.1880009628658,1095.210693359375,831798
2021-11-26,1087.1122163709501,1094.1163818082832,1076.8977391701494,1085.7989501953125,1199824
2021-11-29,1082.247860508877,1085.6526852385678,1056.3955602402123,1078.8917236328125,922622
2021-11-30,1077.3596733670415,1094.3838000512117,1066.8776516156115,1072.9334716796875,3129656
2021-12-01,1080.9832396118904,1085.3608717141267,1067.923375090741,1072.2523193359375,678426
2021-12-02,1085.6527278208894,1091.9759739954734,1069.1150070565925,1087.1119384765625,1664876
2021-12-03,1091.9760732343402,1098.737035719716,1064.518613984926,1074.197998046875,2878162
2021-12-06,1080.6914691085526,1082.758684268681,1070.0635036673093,1070.841796875,872334
2021-12-07,1079.2808989431235,1081.518403000165,1070.1366062773532,1076.6787109375,725804
2021-12-08,1082.2480767520663,1089.7629890854032,1076.411233192055,1085.67724609375,624104
2021-12-09,1092.9975724037201,1103.6254197679136,1081.8345148305764,1100.6097412109375,959806
2021-12-10,1109.170497866455,1138.3060260351583,1104.2577740012043,1131.253173828125,3555316
2021-12-13,1138.0383845039553,1162.5045072989565,1133.3932067601809,1146.98828125,2782826
2021-12-14,1150.830887107454,1167.319921210207,1144.6535853013042,1162.1397705078125,1942270
2021-12-15,1167.3442120366892,1177.5830308298075,1156.6676775354324,1171.13818359375,2238194
2021-12-16,1174.6646717284095,1178.872015288287,1168.8765164985043,1176.2454833984375,407912
2021-12-17,1174.567286905585,1174.567286905585,1159.707635074661,1163.209716796875,983752
2021-12-20,1161.5317089498335,1174.591692122419,1132.955499611139,1170.068115234375,2338686
2021-12-21,1181.960614849423,1193.14789638915,1164.4500872220242,1172.2325439453125,902200
2021-12-22,1177.096684099982,1186.8247558694034,1170.676180482339,1184.1495361328125,423886
2021-12-23,1186.8247420310477,1188.989214224331,1175.4186017645716,1177.777587890625,326340
2021-12-24,1178.6046338687722,1191.1780959258344,1169.8006810350582,1172.3299560546875,349626
2021-12-27,1167.9035614070049,1179.5042143273572,1164.3527918938412,1166.492919921875,327470
2021-12-28,1171.7462361243013,1208.2265049949208,1169.0953603365447,1202.77880859375,690914
2021-12-29,1209.4911193417086,1210.6584403656195,1190.7158947428834,1191.810302734375,532146
2021-12-30,1182.617309902829,1197.1363845106657,1180.5500948308688,1183.8575439453125,474798
2021-12-31,1184.3441840876615,1201.4169994752979,1184.3441840876615,1197.9149169921875,356120
2022-01-03,1203.8488822840418,1209.6857253496614,1198.9848463960257,1203.338134765625,223596
2022-01-04,1207.2537739086067,1268.297427665871,1205.3081594462237,1264.26025390625,2737246
2022-01-05,1265.4762673113212,1294.8064291831138,1257.3533506530239,1283.1083984375,2374520
2022-01-06,1272.4316970928996,1291.401435696349,1271.9939813947055,1287.0238037109375,1450628
2022-01-07,1288.9693629484445,1330.0704615028385,1286.5373452825042,1324.6956787109375,1894572
2022-01-10,1332.745832581607,1333.30514920807,1308.4256531549352,1317.740234375,642546
2022-01-11,1311.830458830309,1324.5256398032102,1310.8576516676615,1318.0321044921875,581542
2022-01-12,1318.2025186108772,1339.0691867337994,1318.2025186108772,1337.0506591796875,618812
2022-01-13,1337.0504317707848,1344.759856706193,1318.81029883878,1325.133544921875,615106
2022-01-14,1323.017777140128,1325.1822493856412,1288.969525522551,1313.5572509765625,987206
2022-01-17,1313.5572928189433,1323.090732325019,1302.0537761911853,1320.366943359375,719774
2022-01-18,1331.4081342850675,1331.4081342850675,1299.2325865409332,1306.042236328125,651584
2022-01-19,1306.9664547262225,1311.7575776188523,1295.852085122971,1300.351318359375,889978
2022-01-20,1306.9664582734792,1311.441347592197,1291.9366347054824,1301.5916748046875,710740
2022-01-21,1298.697546064071,1318.1536890762668,1294.0523681697348,1313.58154296875,2795826
2022-01-24,1320.5370492009151,1323.6744473338574,1272.3588689692826,1284.2757568359375,1327016
2022-01-25,1272.431808896396,1303.561639083464,1237.8971535326177,1259.71240234375,3428442
2022-01-27,1240.3289569106512,1253.2915630188058,1190.5698538302995,1196.9903564453125,4001162
2022-01-28,1197.4770773134055,1224.277965456045,1197.0393615364826,1204.2381591796875,881614
2022-01-31,1227.1963038212555,1227.1963038212555,1189.3784232734542,1194.8504638671875,694578
2022-02-01,1203.8488207480575,1204.8216278759346,1186.824696010206,1202.8031005859375,1103316
2022-02-02,1207.2536033702227,1245.1930800273046,1202.8030584165651,1227.1474609375,1711312
2022-02-03,1235.3677245358956,1235.3677245358956,1211.631208227906,1217.5653076171875,1350380
2022-02-04,1217.9546304527698,1220.873052091235,1202.6816047118214,1207.156494140625,904896
2022-02-07,1200.4441035753696,1205.7216302182635,1177.0967304102082,1184.635986328125,761766
2022-02-08,1189.6458029229725,1189.6458029229725,1168.6088497995677,1174.8348388671875,1095260
2022-02-09,1178.823406242322,1213.8201196629548,1177.2669385547401,1206.57275390625,726894
2022-02-10,1214.0633424778785,1215.1577505390062,1196.820359220505,1210.682861328125,344952
2022-02-11,1203.3624022534111,1203.3624022534111,1177.8505593915431,1183.0550537109375,793826
2022-02-14,1166.8822101617816,1175.4429608296382,1150.5390020689192,1161.79931640625,844580
2022-02-15,1161.7994106785968,1192.9535868362032,1154.3087235486832,1190.7647705078125,524606
2022-02-16,1191.6886299515518,1196.4310642952366,1174.6645066665296,1178.4097900390625,578050
2022-02-17,1185.8518272580388,1195.5312101770676,1172.7189317141638,1190.1322021484375,420460
2022-02-18,1181.4742851325918,1196.5527959761944,1176.4157354467002,1182.3011474609375,303222
2022-02-21,1173.6918194830514,1193.2939071889518,1166.784912509372,1180.1610107421875,374962
2022-02-22,1155.2084517004337,1173.0837824793773,1144.9939769696089,1158.9537353515625,971770
2022-02-23,1167.3442556418547,1182.9335142321365,1164.4501780722594,1174.95654296875,455434
2022-02-24,1150.3445494331015,1158.127007272818,1114.3506819244124,1123.9571533203125,1591822
2022-02-25,1130.9611443820934,1157.6404260715244,1128.5049015039356,1152.3143310546875,665306
2022-02-28,1149.8579508849546,1170.0923853382665,1124.5649671937458,1168.8033447265625,1256064
2022-03-02,1159.342867363262,1169.3384841171337,1139.4246656389123,1166.2984619140625,1083774
2022-03-03,1167.3686177525888,1174.2269558822359,1130.085830023466,1137.5277099609375,1129288
2022-03-04,1133.3203212102214,1133.5148351384066,1084.6799640767354,1099.734130859375,1422960
2022-03-07,1081.2022151853157,1081.2022151853157,1042.995191290438,1052.8934326171875,1488898
2022-03-08,1050.534496122774,1079.791624524457,1037.7664019011884,1060.7733154296875,991060
2022-03-09,1070.087766674195,1094.8700027931366,1055.5200046916893,1088.3765869140625,1079310
2022-03-10,1143.0484437190332,1150.198552787015,1106.5681742386384,1142.999755859375,1842138
2022-03-11,1138.6707214592534,1142.561949896534,1112.1860716581855,1137.284423828125,528142
2022-03-14,1143.048421728235,1157.6405292396594,1127.3132182947325,1140.470458984375,759944
2022-03-15,1152.7765216550376,1166.7362810995876,1144.653605358108,1153.0440673828125,723176
2022-03-16,1162.7478057675833,1200.4440847665323,1162.7478057675833,1197.96337890625,1162080
2022-03-17,1208.7129013990434,1233.0087365723623,1198.2308804556494,1221.0675048828125,2252286
2022-03-21,1189.2566088653525,1237.3376444173691,1189.2566088653525,1208.8343505859375,1369248
2022-03-22,1203.8489323213341,1203.8489323213341,1169.8006796900236,1191.859130859375,914068
2022-03-23,1196.5527240052265,1203.3380297265464,1172.2812345430277,1183.8575439453125,639500
2022-03-24,1181.4255669485387,1190.5943216135956,1172.5487019216985,1178.8719482421875,434122
2022-03-25,1184.36837283938,1198.4984205822145,1176.4643146679266,1194.8260498046875,689886
2022-03-28,1198.4740331813139,1201.0276518825417,1160.607587119343,1167.2469482421875,860130
2022-03-29,1176.1238756493965,1179.528700765007,1164.182643815188,1166.3714599609375,779328
2022-03-30,1175.977934502709,1189.7431798347832,1168.5602797633467,1186.970703125,787702
2022-03-31,1194.1450761051713,1205.7944175426321,1187.0678806021758,1193.7802734375,879856
2022-04-01,1203.2164132569471,1212.1176217899272,1188.940540607171,1209.1505126953125,476418
2022-04-04,1213.5769744293511,1219.9002211899049,1206.7916680018554,1213.601318359375,482200
2022-04-05,1216.0089186078458,1229.2147279635788,1208.7128650961988,1219.7298583984375,552512
2022-04-06,1215.5226695937868,1235.4652183946453,1211.339550881545,1230.38232421875,510866
2022-04-07,1233.5194984438497,1244.5364922052315,1207.3753056041978,1212.65283203125,690928
2022-04-08,1216.5926014555923,1232.5710064395532,1213.5769230322999,1228.241943359375,515736
2022-04-11,1228.16915308026,1234.8572029237664,1186.8248449567661,1191.275390625,1380656
2022-04-12,1191.2753948985605,1193.9749587770734,1150.7093799298664,1155.549072265625,1646340
2022-04-13,1155.5489716984423,1177.0966742373423,1142.6349327825642,1150.855224609375,1249494
2022-04-18,1147.863729440205,1159.3185571850186,1129.696627476299,1150.0283203125,679964
2022-04-19,1159.0997642418683,1168.4386894943968,1121.160283918383,1132.6151123046875,812706
2022-04-20,1148.4960493875135,1158.6132670735094,1126.1701737314063,1152.2413330078125,708404
2022-04-21,1160.0726326826907,1174.178337650321,1152.8009223202444,1170.4573974609375,509918
2022-04-22,1167.3684670193813,1186.5327185192716,1157.9079421514173,1180.20947265625,633886
2022-04-25,1177.583011205115,1177.583011205115,1159.975226196253,1171.4300537109375,586744
2022-04-26,1174.6402234617415,1186.8733439337273,1167.1496563294606,1185.2681884765625,447730
2022-04-27,1183.4199242964619,1183.4199242964619,1163.2585194144592,1172.864990234375,448736
2022-04-28,1178.5557622383444,1198.4983071214529,1166.6145317349933,1195.5555419921875,802388
2022-04-29,1198.4984508145324,1199.9576615906865,1174.5430739060032,1178.8963623046875,765390
2022-05-02,1174.5673654283944,1182.3741664826666,1166.2012477685698,1179.0909423828125,362204
2022-05-04,1173.6918444395492,1176.561578075624,1119.7497346467592,1130.42626953125,1291934
2022-05-05,1133.320369246056,1141.8811199647462,1116.3691565662095,1119.5794677734375,527416
2022-05-06,1106.5682138075852,1111.6997956481657,1078.8432080110874,1087.8416748046875,773158
2022-05-09,1070.0878582147282,1088.571193947528,1065.7345699962561,1069.8203125,778048
2022-05-10,1078.381094410838,1091.2464455141728,1066.2210047572366,1071.668701171875,517500
2022-05-11,1079.3295526308843,1080.059158006705,1048.1997232625306,1052.6502685546875,844302
2022-05-12,1045.7676548878917,1060.0678720636854,1023.9281825256968,1028.7435302734375,752418
2022-05-13,1036.0395626905488,1055.9821082634653,1027.2842987804877,1032.0267333984375,658352
2022-05-16,1040.4172163915098,1040.4172163915098,1015.5133778325461,1028.5732421875,640516
2022-05-17,1035.553287371362,1057.9765413291218,1023.8796007124083,1055.2769775390625,531884
2022-05-18,1053.063801527929,1057.611722720792,1038.8608400565736,1052.066650390625,1299958
2022-05-19,997.1272338200429,1034.5803055293811,997.1272338200429,1030.1297607421875,1880770
2022-05-20,1036.5990565584766,1044.4545464940147,1016.7538833023297,1040.63623046875,1173056
2022-05-23,1048.1997237627604,1084.1935889870965,1041.0252708970988,1064.6158447265625,1787784
2022-05-24,1064.7373988412999,1077.3838914725807,1049.7804892869965,1056.736083984375,602614
2022-05-25,1060.359725718939,1061.6244224334453,1022.6877949934552,1040.6116943359375,1037172
2022-05-26,1042.0709434763726,1049.9993452852286,1024.3659013242034,1037.5474853515625,787920
2022-05-27,1045.9137245022673,1054.9365353746834,1040.0281932186745,1052.334228515625,340412
2022-05-30,1071.6688236161433,1085.6529283155483,1062.9864711111136,1082.0535888671875,893164
2022-05-31,1084.1934399735223,1100.7311595603774,1065.4669045589953,1092.17041015625,1880158
2022-06-01,1094.4080923784215,1114.2777268003988,1066.9749770298204,1072.6171875,903112
2022-06-02,1072.6171317449275,1096.3536497759658,1065.6615369247459,1092.3408203125,657988
2022-06-03,1095.3807432700655,1099.4179162960554,1064.0320596917493,1067.9476318359375,768244
2022-06-06,1071.9361624301414,1073.249428259075,1043.4085231001316,1056.468505859375,459964
2022-06-07,1053.0637450436295,1053.550148621017,1033.1941114070066,1037.644775390625,401020
2022-06-08,1038.4959398408048,1044.697585202813,1019.5018571583629,1021.8609619140625,691964
2022-06-09,1017.7023158690769,1024.70648048291,1003.5722669857672,1019.76953125,1119622
2022-06-10,1013.665072597913,1029.424501274229,1006.8554223981189,1025.7279052734375,590744
2022-06-13,998.1244042051837,1041.8763787113537,998.1244042051837,1037.231201171875,1507186
2022-06-14,1028.7436592648721,1044.7949787711325,1025.3631778463061,1031.224365234375,497544
2022-06-15,1039.8093646045365,1042.8493873054035,1023.3932420198548,1027.6005859375,409116
2022-06-16,1045.7676796611497,1045.7676796611497,1011.7194296256705,1020.0126342773438,532412
2022-06-17,1007.3904994856184,1019.988304675346,967.2378603081905,972.5396118164062,1884914
2022-06-20,981.8055807456345,1031.1755418284592,977.9873246946113,1024.6820068359375,2034860
2022-06-21,1025.776495762723,1031.1756231768777,1013.0327453019391,1021.7394409179688,1043382
2022-06-22,1021.9339471888945,1038.374412355055,1009.2874537919829,1012.740966796875,993028
2022-06-23,1020.4747564709979,1048.5158766115198,1015.2702616824514,1043.603271484375,877666
2022-06-24,1052.261247781423,1059.8490724905826,1038.982406101799,1055.1309814453125,857278
2022-06-27,1062.7918284568998,1064.8346997545598,1037.571755187447,1042.435791015625,876920
2022-06-28,1036.52606750958,1040.8307868529437,1021.4475559690837,1029.3272705078125,491738
2022-06-29,1023.8795806259282,1041.6819999319373,1014.4919673716761,1020.5476684570312,922556
2022-06-30,1023.9767270497468,1035.8936139937894,1011.2329778230259,1016.5347290039062,619938
2022-07-01,1021.4230642929272,1052.7475227288414,1013.0812912928125,1049.8291015625,1002218
2022-07-04,1046.302690375981,1073.3953434926082,1046.302690375981,1066.4154052734375,408370
2022-07-05,1070.0879884116052,1079.743147989219,1055.8850261337739,1058.925048828125,684418
2022-07-06,1070.0878325454169,1089.252085318837,1065.7588883595581,1079.5970458984375,1032978
2022-07-07,1089.4225189668575,1105.6441273590722,1083.8532212114333,1088.1092529296875,640710
2022-07-08,1090.5168140682958,1096.8157166081232,1084.193567599568,1094.821533203125,429610
2022-07-11,1099.2477897515953,1108.4894581321053,1087.379589436976,1103.430908203125,518288
2022-07-12,1103.1146008124103,1103.1146008124103,1089.8601036271189,1094.7728271484375,331510
2022-07-13,1106.0817039220278,1120.0901503076261,1102.093218449616,1111.6510009765625,1126468
2022-07-14,1113.8155368820703,1119.652379981153,1100.7313277686444,1113.7669677734375,467808
2022-07-15,1113.766864624414,1128.4562279798404,1110.1917510569763,1122.4490966796875,536154
2022-07-18,1126.9971218747487,1130.8883506080238,1109.4865925750116,1119.749755859375,466516
2022-07-19,1109.267585004278,1120.1873204131484,1104.136004054645,1114.5693359375,311278
2022-07-20,1121.3791861540524,1134.7796294461236,1117.2690993732301,1128.869873046875,723878
2022-07-21,1130.8640612208726,1153.7493750624008,1125.294763577936,1148.958251953125,737938
2022-07-22,1148.95812132692,1156.7892661403591,1140.2028572501717,1146.8179931640625,441950
2022-07-25,1146.939682210171,1159.5861757375096,1127.5322261820295,1134.925537109375,646962
2022-07-26,1135.2674794376885,1137.70996540894,1109.8411766245586,1133.5577392578125,724506
2022-07-27,1128.477227041564,1154.8560711107323,1128.477227041564,1150.1175537109375,530960
2022-07-28,1159.1548867985102,1174.8356936577459,1148.7499924888166,1172.2955322265625,853546
2022-07-29,1187.927464651101,1201.7030612570118,1176.1546349234145,1197.4287109375,682906
2022-08-01,1207.4672270158644,1223.1968107133741,1200.1885482383686,1219.362060546875,717064
2022-08-02,1226.1278944508897,1239.8058151858,1220.0705772588024,1231.232666015625,740248
2022-08-03,1231.0127261777966,1235.8976973134227,1218.4583742116354,1232.600341796875,432184
2022-08-04,1238.3401896020816,1250.479390644792,1224.7843946271475,1247.6705322265625,822506
2022-08-05,1255.8285995599829,1294.3465314237137,1252.2136487977689,1290.0478515625,2053916
2022-08-08,1294.5174266094518,1297.2286096005996,1274.977540924781,1294.199951171875,992070
2022-08-10,1294.4442477308555,1304.8003636752558,1276.345404092065,1288.0693359375,2029372
2022-08-11,1299.4024187271903,1308.219816135239,1285.5779255326927,1289.949951171875,1131998
2022-08-12,1289.9500384705539,1296.93557203924,1278.9588518540215,1281.0838623046875,1018130
2022-08-16,1289.632380955172,1308.5616441226011,1282.7934213591977,1302.211181640625,775900
2022-08-17,1308.6838182575625,1338.9706404792753,1305.7528354619128,1326.90478515625,1972434
2022-08-18,1328.638962156022,1336.0396459452172,1319.9192407107776,1330.2998046875,411956
2022-08-19,1333.5727284194375,1340.0942128695349,1323.4608615881145,1329.10302734375,824452
2022-08-22,1318.9423217240028,1322.3129043969416,1292.3192267114257,1309.24560546875,749340
2022-08-23,1298.913973037635,1315.5717742138859,1286.3351709294293,1308.1221923828125,579146
2022-08-24,1304.287435718548,1317.916458971255,1291.6109580889652,1304.65380859375,424434
2022-08-25,1306.7299541594064,1316.9883949210316,1297.0332374489722,1300.9901123046875,826958
2022-08-26,1306.7053749704457,1316.4997662863104,1295.5432870992038,1302.77294921875,372254
2022-08-29,1270.0924286980294,1323.7782109601255,1268.1873377597763,1319.1131591796875,797324
2022-08-30,1326.5140398924507,1349.375730865811,1324.3158026692815,1336.6748046875,1043338
2022-09-01,1336.6747366822428,1380.492905915703,1327.2467181079141,1377.70849609375,1466668
2022-09-02,1382.4226061047698,1414.1993723302576,1380.4930660467385,1400.3748779296875,1642092
2022-09-05,1404.4294114062775,1413.2223607646472,1382.2272381287955,1383.7904052734375,697670
2022-09-06,1391.2399612364554,1394.8792413556873,1366.8151023664334,1375.5103759765625,469994
2022-09-07,1376.0475216469497,1383.423876035411,1363.9328881986085,1369.6727294921875,581368
2022-09-08,1379.7601973262745,1404.4293033503413,1376.0964687088388,1401.8157958984375,893490
2022-09-09,1411.7568970812656,1411.7568970812656,1383.9614543210444,1389.3592529296875,514494
2022-09-12,1394.6594250785793,1406.3589084873454,1389.7744533620169,1395.9295654296875,330628
2022-09-13,1401.4984898473742,1407.3604563437732,1389.7745568545765,1395.8563232421875,393510
2022-09-14,1370.234608456848,1412.733863692408,1370.234608456848,1401.5716552734375,935654
2022-09-15,1408.8259315304135,1425.898884899574,1400.0085331758876,1417.545654296875,1398588
2022-09-16,1418.1073855884945,1419.5728772029502,1361.9791044596384,1367.328125,1445574
2022-09-19,1367.3279167704509,1381.39665797911,1346.8110372925717,1371.11376953125,460234
2022-09-20,1377.4888825740213,1408.606130484716,1373.4587806580787,1384.3521728515625,541006
2022-09-21,1382.4470092502772,1400.838880237444,1373.214460320864,1376.951416015625,392824
2022-09-22,1374.7287008463388,1377.5620082618311,1343.3672066383106,1372.652587890625,817230
2022-09-23,1373.6295387242794,1374.1180358748607,1353.1371071098,1368.1094970703125,637568
2022-09-26,1358.0222073703774,1382.3738403404384,1349.4735064247006,1368.8668212890625,823304
2022-09-27,1375.095025054513,1389.1637667912514,1362.9070450453069,1369.892578125,1111098
2022-09-28,1365.3494448076033,1365.3494448076033,1346.6888787524344,1353.014892578125,1868548
2022-09-29,1359.7806396171716,1361.9299792540955,1304.2873187261243,1320.993896484375,1562522
2022-09-30,1322.5083086617667,1327.2467069874237,1306.8519517365128,1314.203857421875,1045250
2022-10-03,1314.057335477941,1315.0343297794118,1288.0937596211602,1297.570556640625,671864
2022-10-04,1314.5457866032843,1318.0873908221151,1305.8017356160726,1312.4207763671875,557358
2022-10-06,1325.7811568319344,1325.7811568319344,1296.959827335588,1300.3548583984375,594856
2022-10-07,1300.8190611626944,1319.1866023871241,1290.1210208866487,1300.672607421875,630486
2022-10-10,1281.9142350604236,1298.9139602351952,1266.7952716735315,1292.2947998046875,406862
2022-10-11,1302.8219338105978,1305.630792498041,1273.0236068655486,1275.95458984375,461058
2022-10-12,1282.353838001587,1299.4023397925648,1271.3137553797558,1297.0330810546875,363098
2022-10-13,1294.517559666659,1303.115157956419,1276.760639020767,1280.644287109375,323144
2022-10-14,1296.9111065698928,1303.3836941604384,1277.5911386431897,1279.740478515625,193968
2022-10-17,1286.1397975808436,1323.4120355421298,1282.402722743337,1314.7412109375,1634006
2022-10-18,1321.3359730310185,1337.2610287863915,1311.6149268644608,1325.121826171875,872800
2022-10-19,1318.9425305994566,1320.8232926534527,1283.4043568583045,1301.8206787109375,807302
2022-10-20,1301.30748190613,1324.8042420154056,1297.4972996285153,1313.9351806640625,854352
2022-10-21,1314.0574604691087,1318.8935350165884,1282.964661572107,1288.509033203125,598806
2022-10-24,1301.8449744435054,1304.2874603242624,1287.190059158963,1291.34228515625,130826
2022-10-25,1285.7247369751497,1287.190228696626,1267.6503390769428,1279.0323486328125,537504
2022-10-27,1281.865526139143,1290.6095781500417,1243.4695992357802,1252.7021484375,1223410
2022-10-28,1254.4606910765651,1264.1329585751164,1248.1346767866594,1250.8214111328125,820380
2022-10-31,1252.018133043987,1268.3095598892514,1247.4263077676633,1262.471923828125,1416994
2022-11-01,1268.6272333499555,1294.5175850509752,1265.2322016491112,1291.4644775390625,638580
2022-11-02,1291.8308072863067,1294.2732932142444,1267.8699964808352,1286.92138671875,931448
2022-11-03,1281.1814856644708,1293.638163322106,1272.535109730983,1291.36669921875,468420
2022-11-04,1291.3666168888778,1300.8923109609443,1282.4026468136992,1293.5404052734375,375606
2022-11-07,1293.0519832914615,1302.9440507873633,1276.4430798415522,1284.0880126953125,1243030
2022-11-09,1292.0749727807022,1303.2859586165127,1280.839538234783,1295.6165771484375,798896
2022-11-10,1270.0927630484514,1305.2401139273313,1270.0927630484514,1297.61962890625,982010
2022-11-11,1303.7988268185895,1311.61478081975,1286.7503248583555,1299.988525390625,507382
2022-11-14,1294.5175483169974,1312.958317165664,1289.6325764365558,1296.740234375,923388
2022-11-15,1303.2372732724875,1309.1724664135513,1289.77915186423,1306.72998046875,523672
2022-11-16,1304.8003208858422,1311.6148321951268,1296.0805991569525,1310.369140625,698426
2022-11-17,1310.3690175212446,1318.4536683507463,1300.0861297493277,1315.620361328125,671508
2022-11-18,1317.9653062989141,1325.7812606728141,1307.0473473280726,1318.575927734375,438542
2022-11-21,1323.9004842594636,1327.9305856887959,1297.9124601069561,1300.37939453125,441556
2022-11-22,1301.014510839337,1320.8718727001196,1299.7932679386245,1317.452392578125,581696
2022-11-23,1318.8934212153356,1327.7352674265453,1311.7125368884972,1317.2081298828125,384958
2022-11-24,1323.802843754917,1326.7582754004586,1316.0845648394359,1320.847412109375,285234
2022-11-25,1318.795766489679,1322.3618196303325,1296.0806484206687,1300.4283447265625,533500
2022-11-28,1300.4282837842,1317.4767862612766,1300.4282837842,1315.205322265625,535914
2022-11-29,1314.0572611555206,1344.8325799112074,1311.9566996737656,1332.595703125,803926
2022-11-30,1336.5526145902081,1361.685768418575,1321.2137329421248,1342.7320556640625,2624670
2022-12-01,1344.6128668364577,1351.1831297138665,1332.1317406831936,1335.3314208984375,537630
2022-12-02,1335.331384772232,1340.4117073381676,1321.3847675323834,1336.6258544921875,393842
2022-12-05,1332.6693250260653,1338.4091674103345,1316.0115219762727,1335.4537353515625,679150
2022-12-06,1330.6663169076774,1357.533661779161,1328.8344524846216,1346.8843994140625,1005830
2022-12-07,1355.579588534443,1365.8380286638928,1350.2061198952074,1354.3094482421875,874964
2022-12-08,1362.9071006799074,1364.323694764343,1345.3701000282902,1349.1070556640625,504294
2022-12-09,1352.1356502993215,1358.779259184223,1328.7122360204057,1338.3111572265625,469364
2022-12-12,1336.0397036072852,1337.1877196131736,1307.6336420745115,1313.153564453125,662678
2022-12-13,1309.3190581567953,1313.324711311182,1288.216003144164,1293.931396484375,548276
2022-12-14,1292.4657962134743,1299.4024319602604,1281.5233883871347,1287.8250732421875,599850
2022-12-15,1285.211557373214,1288.460134989119,1274.244820170286,1278.17724609375,355436
2022-12-16,1277.4201027671154,1277.4201027671154,1249.575764006991,1266.624267578125,901954
2022-12-19,1265.6960398858632,1272.876923708618,1256.4145945914474,1270.019287109375,432658
2022-12-20,1265.2074844779258,1269.9458824785925,1253.4835541198293,1258.71044921875,296116
2022-12-21,1260.3715541269141,1270.0925997819838,1246.156239247631,1253.361572265625,343788
2022-12-22,1250.5528068972274,1263.3514094279144,1233.4554052404294,1246.522705078125,374804
2022-12-23,1238.389124498826,1242.7855986778115,1213.0116031338634,1216.47998046875,488866
2022-12-26,1211.4729569741191,1233.1621831764355,1202.460208223224,1227.862060546875,517394
2022-12-27,1228.5704597097467,1243.200927017705,1225.6394765056677,1239.390625,293598
2022-12-28,1239.683797336387,1286.677205186776,1233.040187561332,1264.181884765625,981530
2022-12-29,1263.0337925989454,1329.2496031712278,1241.002524082146,1270.9229736328125,1232728
2022-12-30,1274.9774441683212,1274.9774441683212,1241.4177169041045,1245.7408447265625,410132
2023-01-02,1248.1102562704577,1250.5527420948617,1226.1278838508215,1235.8978271484375,669778
2023-01-03,1240.2943772017886,1246.547165145637,1229.1810660236315,1239.3173828125,643468
2023-01-04,1240.2453907026202,1240.2942881233769,1223.2457849595262,1226.5919189453125,336530
2023-01-05,1231.0128136738135,1247.6217167154443,1226.5918906294503,1230.084716796875,487994
2023-01-06,1231.5014044159418,1239.8547539912379,1226.6653299851964,1232.136474609375,319792
2023-01-09,1238.31599484628,1249.5758795365714,1234.4324658283488,1246.81591796875,328436
2023-01-10,1246.840191134464,1252.4823575815196,1227.593449382182,1235.507080078125,312516
2023-01-11,1235.9466402568892,1239.5125739076584,1209.0548493122833,1211.2286376953125,536492
2023-01-12,1212.4009471670274,1234.0169445976564,1203.0707237880638,1219.0445556640625,573124
2023-01-13,1225.1509316647914,1228.1063634663842,1207.858179137962,1223.7586669921875,371302
2023-01-16,1225.6393442206352,1229.4740945368862,1195.181499340803,1196.7203369140625,486394
2023-01-17,1195.816598105983,1203.6570013707212,1179.3298189678899,1190.6873779296875,1104462
2023-01-18,1190.6873344495987,1217.9699475244222,1187.6097786038033,1215.6983642578125,351738
2023-01-19,1211.4728501030074,1213.9397843961397,1190.2232255145072,1198.381103515625,547226
2023-01-20,1196.3295507085118,1196.3295507085118,1169.9507039391121,1173.663330078125,493462
2023-01-23,1176.789739721139,1186.0711864022107,1163.429293767529,1177.0828857421875,503248
2023-01-24,1177.0827876545404,1184.6055961064576,1161.2798570491036,1163.771240234375,518394
2023-01-25,1138.6868373271427,1148.9452773030628,1123.054928792407,1131.0174560546875,1673466
2023-01-27,1133.3133912468124,1133.3133912468124,1102.5380707086447,1118.9759521484375,890164
2023-01-30,1125.9615866551824,1133.3134932981611,1106.4705962640398,1115.4344482421875,631882
2023-01-31,1125.4485450768284,1125.93704223069,1111.4531493234952,1113.5537109375,1107434
2023-02-01,1119.3912002295785,1139.6638316105636,1108.888511682803,1131.0174560546875,688520
2023-02-02,1127.964296215939,1128.4283446264824,1100.4863332786058,1119.36669921875,814542
2023-02-03,1119.391149416395,1147.4552850813309,1114.5550756377868,1143.8404541015625,627390
2023-02-06,1149.5803678120358,1149.5803678120358,1133.8018860027685,1139.8104248046875,521948
2023-02-07,1139.8104744411824,1144.5488731536943,1129.8939580044794,1130.9686279296875,383854
2023-02-08,1132.336321743606,1142.9366853725865,1124.0318707213276,1140.0301513671875,355532
2023-02-09,1140.6164683108484,1143.0834029259747,1130.8709734075348,1137.0504150390625,355114
2023-02-10,1137.7098532194225,1147.6263691372385,1128.5749804401335,1131.4326171875,638886
2023-02-13,1124.05637195688,1132.3852720767145,1118.6584546877557,1124.4959716796875,363160
2023-02-14,1135.267451412711,1135.267451412711,1112.7965810319085,1121.638427734375,426600
2023-02-15,1123.5434349644056,1134.3148208780945,1114.7504863429451,1129.0634765625,383616
2023-02-16,1132.824948721775,1137.0016234200455,1124.6670697524194,1131.725830078125,630986
2023-02-17,1131.5304411472744,1144.1092429825512,1123.860940346844,1139.7127685546875,632862
2023-02-20,1143.9870296366757,1144.0602564999724,1126.8651817064276,1133.3377685546875,551338
2023-02-21,1138.1982834093687,1140.640768996084,1126.4743525931349,1139.10205078125,513872
2023-02-22,1133.2890567391698,1133.2890567391698,1114.2621146272015,1120.9300537109375,660726
2023-02-23,1122.5664285555902,1123.7144445402437,1103.0265429410456,1107.9847412109375,762688
2023-02-24,1108.8886854115433,1117.8282083577928,1099.1431897599991,1111.673095703125,916596
2023-02-27,1106.4459818562807,1120.2215768508345,1104.4919933673511,1113.6024169921875,463650
2023-02-28,1112.3080695329634,1130.187113875845,1107.276524768753,1123.934326171875,624686
2023-03-01,1129.5764121599343,1131.4815033058176,1121.198614631146,1127.2071533203125,567784
2023-03-02,1126.962922574474,1131.3104994951243,1118.658471042716,1128.3795166015625,466214
2023-03-03,1132.3363859290769,1138.1983516888477,1125.9859230226582,1132.7027587890625,626146
2023-03-06,1138.4916140740854,1157.5673341912595,1135.9513332422162,1148.4569091796875,664772
2023-03-08,1147.9194827229926,1149.311747399462,1136.9039666550264,1147.040283203125,457690
2023-03-09,1149.9222638626513,1152.364749554798,1124.520412664326,1127.7200927734375,613028
2023-03-10,1122.5664775873947,1132.1653991100054,1111.3310428682867,1130.13818359375,323578
2023-03-13,1126.4745604632874,1130.1382895194342,1114.7750761963944,1119.904296875,681150
2023-03-14,1119.6356037996118,1129.8695964828119,1114.2621344969086,1124.6427001953125,680266
2023-03-15,1130.3822881356916,1141.8375212654817,1124.6179985097415,1129.1365966796875,410228
2023-03-16,1135.0720769908323,1154.9049906242874,1129.45435951072,1143.6695556640625,526662
2023-03-17,1150.4352655359412,1151.7786327318097,1135.6826750918967,1147.91943359375,851840
2023-03-20,1138.1984121185303,1161.1088818078738,1133.386667263785,1158.91064453125,622854
2023-03-21,1164.699442952126,1167.4350749624907,1148.505808562409,1152.09619140625,598778
2023-03-22,1159.6920668908633,1171.611347927493,1155.2955931747647,1161.1820068359375,2053274
2023-03-23,1161.1823289569327,1164.2354365511792,1150.923887440265,1156.810302734375,542560
2023-03-24,1156.8101164210054,1162.1346875030008,1148.7742431175773,1155.075927734375,540390
2023-03-27,1150.8992664207806,1157.7382264080006,1140.9827505869116,1148.9697265625,380676
2023-03-28,1150.4108058756783,1150.6306057441461,1131.6036653125304,1141.15380859375,603216
2023-03-29,1141.1538416631938,1146.0143646686158,1125.9859806313552,1130.9686279296875,661340
2023-03-31,1135.7313478417943,1156.7611725722481,1129.893831148484,1149.4337158203125,1042214
2023-04-03,1147.968412551068,1147.968412551068,1121.7361369336863,1137.026123046875,822080
2023-04-05,1132.336343467271,1140.6163459400534,1126.6697290738537,1134.5101318359375,452834
2023-04-06,1135.755900261273,1146.9181081041256,1132.2875227105128,1139.1998291015625,737398
2023-04-10,1140.1279937255786,1154.8318068619883,1129.5765259697378,1150.7528076171875,554544
2023-04-11,1154.8071231228855,1156.1260414161873,1137.7097249379021,1146.08740234375,561408
2023-04-12,1146.0633774051817,1152.5847437455463,1140.8608104465357,1146.893798828125,966412
2023-04-13,1146.8447970981517,1155.7843192780203,1144.988483975566,1148.0660400390625,678594
2023-04-17,1151.8762819907213,1160.6447819982593,1147.4553589220295,1157.5916748046875,491778
2023-04-18,1160.180820884587,1190.4676465245216,1148.9453855665467,1188.2694091796875,751270
2023-04-19,1195.5235021211727,1196.2317991092352,1172.3931152468176,1176.59423828125,500928
2023-04-20,1179.7205580469886,1184.9230047286096,1172.9304957075403,1176.3499755859375,256070
2023-04-21,1182.1142797481043,1194.400055398635,1179.2321940870772,1192.00634765625,734248
2023-04-24,1196.8180443136705,1197.0133954732473,1180.2091408415624,1182.724853515625,368328
2023-04-25,1182.7247986157536,1186.4863219900242,1173.8586232609657,1177.9376220703125,396928
2023-04-26,1176.2766216533894,1187.048007051253,1174.2494063008767,1178.1329345703125,522512
2023-04-27,1186.2909458412366,1196.744856988073,1165.0657673492665,1167.117431640625,660066
2023-04-28,1169.975024674862,1183.3842464635056,1160.6691308967138,1181.796630859375,756878
2023-05-02,1186.5596144036058,1187.5366087341151,1175.3241796027482,1182.041015625,378596
2023-05-03,1183.6043045916772,1206.4415494191646,1179.0612566345546,1203.6326904296875,1073250
2023-05-04,1209.0059235591455,1209.0059235591455,1197.1843171049277,1204.2186279296875,599304
2023-05-05,1206.7591435450831,1214.8436770488458,1202.4358954847862,1207.614013671875,682786
2023-05-08,1211.6439238066419,1217.3348677589022,1180.6975824130284,1197.159912109375,1365440
2023-05-09,1184.6057483252157,1210.740349370741,1172.4665448076746,1207.4429931640625,2205752
2023-05-10,1210.0074566313262,1243.1763658523503,1210.0074566313262,1225.834716796875,2392328
2023-05-11,1240.7583166900317,1257.8801657106485,1232.9179135523284,1253.7034912109375,1680264
2023-05-12,1260.3227751851025,1276.8095556744424,1248.1103451929987,1263.8643798828125,1343386
2023-05-15,1263.742117829258,1270.0925807329224,1243.4205888327317,1245.8387451171875,497350
2023-05-16,1254.6806522301158,1260.3228189347267,1240.782930269072,1242.8345947265625,405476
2023-05-17,1240.7584598133612,1250.1620310689239,1232.502904701595,1243.2742919921875,1311514
2023-05-18,1248.2078884370017,1256.0238428032471,1241.8086473568376,1246.766845703125,788682
2023-05-19,1246.7668735352372,1258.222108056586,1243.3718421340104,1253.77685546875,626002
2023-05-22,1252.067130735631,1257.611501998608,1233.9438382177348,1238.43798828125,510594
2023-05-23,1245.179269307063,1248.3300521580875,1234.9208288773068,1237.5098876953125,366200
2023-05-24,1229.5472808512538,1238.7798289383068,1226.5186224862202,1234.26123046875,468722
2023-05-25,1232.4782175184844,1241.735213968098,1219.2887954522937,1232.600341796875,719926
2023-05-26,1241.2468561385742,1265.842736271226,1231.501361481827,1263.326904296875,623940
2023-05-29,1267.9187835826506,1269.604074873889,1255.4376577244689,1261.763671875,439670
2023-05-30,1265.2077350474688,1272.535192972454,1256.7079315592898,1267.2593994140625,362558
2023-05-31,1270.1169447532166,1279.2273682219748,1266.2334165503999,1273.92724609375,990148
2023-06-01,1278.8855547623834,1303.7989097252869,1276.9560148480489,1295.274658203125,957836
2023-06-02,1295.7631766418936,1300.1352024087146,1281.3280615885997,1285.9443359375,526584
2023-06-05,1289.1439942036554,1295.3967816505258,1282.3050340222037,1288.9241943359375,230912
2023-06-06,1288.1670443383027,1296.20279897637,1274.8799450940023,1281.865478515625,254286
2023-06-07,1285.2358929329114,1301.5516486579747,1285.2358929329114,1296.8865966796875,364630
2023-06-08,1301.356502405264,1308.19546300349,1280.6685988908275,1286.92138671875,328362
2023-06-09,1288.6555133189895,1295.9585220382794,1275.2218413643755,1277.3956298828125,201236
2023-06-12,1278.0305997672817,1299.304673354937,1273.8783742161984,1289.998779296875,469042
2023-06-13,1302.3333582624882,1336.0396604830853,1297.7170842020664,1312.4207763671875,1749726
2023-06-14,1312.1032779805307,1333.4261297857297,1307.096182448401,1315.5716552734375,1026556
2023-06-15,1325.8057098350193,1331.0815028916018,1305.4597320413186,1309.5142822265625,802004
2023-06-16,1316.0113099999555,1321.3847786005495,1303.1393625110068,1317.8187255859375,871300
2023-06-19,1323.3387379191124,1328.1992605570401,1303.310355396158,1305.8994140625,600448
2023-06-20,1306.6809378057267,1319.430760725234,1304.6781711108051,1308.4395751953125,895200
2023-06-21,1318.9422416062237,1320.4077329857862,1299.5489295357459,1304.89794921875,694058
2023-06-22,1311.1019149670512,1313.3246008741203,1285.773409044124,1287.8250732421875,326830
2023-06-23,1294.7127006639491,1310.9309002260627,1287.6783899411457,1298.5718994140625,1579178
2023-06-26,1294.517477273457,1303.7989233369271,1281.792102370878,1285.1871337890625,487502
2023-06-27,1287.6785305088456,1297.5461494167935,1278.3726356374034,1280.5220947265625,725448
2023-06-28,1282.8913495320262,1286.872673352232,1265.207774375779,1269.4332275390625,1540606
2023-06-30,1271.1185111972668,1292.5145914538462,1262.9117350345502,1268.676025390625,1444546
2023-07-03,1269.7017922607008,1276.7117741995824,1255.4376990653548,1256.14599609375,946032
2023-07-04,1256.1459678513113,1264.2306195061947,1249.8688510543166,1255.657470703125,877196
2023-07-05,1257.880096108405,1283.0865954478406,1257.880096108405,1274.415771484375,1087864
2023-07-06,1279.8626342635193,1298.743002900046,1277.4201483202683,1294.029052734375,653560
2023-07-07,1296.960031741692,1300.379512051369,1273.194691294242,1276.418701171875,620850
2023-07-10,1275.9301625873811,1280.2289615467598,1260.8356477006369,1268.0654296875,561978
2023-07-11,1268.1140806099204,1313.080264563922,1263.2535580960946,1289.0706787109375,1267438
2023-07-12,1259.858597583112,1283.6239362073866,1246.4004772586466,1281.059326171875,1624322
2023-07-13,1281.0593893554747,1296.9599962122861,1274.1472020522149,1278.9832763671875,651618
2023-07-14,1278.836633895996,1283.9170757838606,1267.6500969303888,1281.572265625,594272
2023-07-17,1270.0925988100782,1294.0289593261143,1270.0925988100782,1289.4371337890625,463524
2023-07-18,1289.4371676593037,1302.4555694342673,1281.596764289071,1298.474365234375,743594
2023-07-19,1302.57761198751,1314.887715951381,1291.244502294771,1312.078857421875,802578
2023-07-20,1316.9638225809094,1316.9638225809094,1303.0172055737148,1307.511474609375,426520
2023-07-21,1300.8679392516378,1311.6148767895784,1295.8119459323966,1300.770263671875,422234
2023-07-24,1297.0088122663653,1301.8448862779458,1287.751695995616,1295.299072265625,510692
2023-07-25,1293.5404290860129,1293.5404290860129,1264.1329250566232,1273.7073974609375,436598
2023-07-26,1275.9301883191372,1284.6254619951007,1266.6976393011687,1278.8856201171875,299694
2023-07-27,1281.8290044784362,1289.3591232680872,1273.514064165921,1276.80078125,283566
2023-07-28,1272.9989828290986,1289.383584644199,1269.1480516801525,1283.2271728515625,672822
2023-07-31,1283.2270968313123,1288.6232386353827,1270.6442034017791,1282.7855224609375,442908
2023-08-01,1282.810113859706,1295.4665435250188,1276.45740703857,1292.523193359375,365584
2023-08-02,1295.0248908298822,1297.0116760245942,1279.793150455931,1288.5740966796875,365764
2023-08-03,1288.6721999215004,1293.3816078645875,1260.7594784416228,1267.8480224609375,412378
2023-08-04,1270.570749389705,1284.6006471247797,1267.872678313895,1280.25927734375,353516
2023-08-07,1280.2591407150276,1287.0288695540066,1275.4516451763197,1280.651611328125,265182
2023-08-08,1280.8724559776363,1289.187396396325,1272.9008824649115,1287.1270751953125,588728
2023-08-09,1285.2137787645759,1287.7156742663826,1273.0480274446375,1277.2177734375,488608
2023-08-10,1284.7724016283146,1284.7724016283146,1231.571369087817,1236.2562255859375,1494760
2023-08-11,1250.9484034805585,1251.9049683552137,1234.7354252939158,1248.29931640625,788866
2023-08-14,1248.421863306928,1248.4709670466912,1231.5958081683361,1244.74267578125,298562
2023-08-16,1243.5653871806196,1254.5783979187809,1233.7542204178533,1245.846435546875,426118
2023-08-17,1246.2390136530876,1250.9238701394006,1225.9053927366126,1227.941162109375,504656
2023-08-18,1227.96556983899,1232.773065356096,1211.6790574729632,1215.4073486328125,690752
2023-08-21,1215.3337794137838,1223.0846254190176,1212.807451777546,1219.89599609375,545364
2023-08-22,1225.9053317656967,1226.2978024035804,1217.5658397128689,1223.5997314453125,546066
2023-08-23,1231.3014026339083,1266.8668813952463,1226.3958193564824,1229.80517578125,1758348
2023-08-24,1238.684345659232,1247.9804021387863,1234.0240414845782,1236.991943359375,1131406
2023-08-25,1233.778794561193,1244.4974225838866,1230.7128048924783,1240.0823974609375,862998
2023-08-28,1242.0445865938245,1245.8219815432662,1231.3259589530444,1233.312744140625,684300
2023-08-29,1238.1446629896336,1269.908314599031,1234.4654755445297,1266.5970458984375,1132786
2023-08-30,1265.6404631792695,1270.5214945008909,1256.5405824076315,1263.1141357421875,778394
2023-08-31,1266.130998870061,1268.0196962707796,1223.918432316178,1233.754150390625,2497002
2023-09-01,1238.635237033358,1242.8540865966988,1219.5771176850105,1225.537353515625,937422
2023-09-04,1225.9052855552923,1231.2768753984992,1210.477249792164,1214.058349609375,963036
2023-09-05,1220.9262077430806,1229.8297939656215,1215.309218775375,1222.1280517578125,720632
2023-09-06,1219.037453060197,1230.320294678058,1218.5468947289858,1227.5731201171875,517850
2023-09-07,1231.3013784394045,1234.2447283480244,1223.501549087647,1230.02587890625,421810
2023-09-08,1230.8108503964404,1235.201323498418,1222.3241673314567,1228.8731689453125,1172474
2023-09-11,1235.7163568656358,1240.1313815626547,1226.3957491719293,1238.0465087890625,839248
2023-09-12,1241.1126044585199,1241.1126044585199,1216.5846873743592,1220.1412353515625,1175768
2023-09-13,1219.528104940783,1231.5958887203826,1204.811353875528,1220.779052734375,790906
2023-09-14,1225.4147061694962,1225.4147061694962,1210.3300375487147,1218.1544189453125,1097908
2023-09-15,1218.0809460431128,1228.8486779708908,1213.1999143690873,1217.320556640625,1009528
2023-09-18,1217.3205883174596,1232.8467127346605,1212.1697254613914,1230.3939208984375,554612
2023-09-20,1232.2579143075711,1235.2012641471633,1220.3864272409246,1226.0032958984375,675082
2023-09-21,1222.0298199449999,1235.4219656232033,1219.5279247275284,1232.699462890625,559382
2023-09-22,1235.6429493138853,1236.452322686286,1222.9619680447968,1235.0787353515625,696760
2023-09-25,1234.7354395001034,1236.1090269138565,1215.382935408541,1223.6978759765625,438234
2023-09-26,1220.6072890529322,1229.3392518258095,1220.6072890529322,1227.2789306640625,256308
2023-09-27,1223.943122120518,1228.2355078193373,1216.7319380995464,1226.150634765625,357166
2023-09-28,1226.1506886825268,1228.3336495523001,1184.232498453568,1187.8135986328125,951582
2023-09-29,1196.9623201795962,1203.045195539996,1191.566178572229,1196.717041015625,246706
2023-10-03,1196.7170915204263,1200.8377337429588,1183.4965679774773,1189.8001708984375,765348
2023-10-04,1188.1076980090832,1188.5982563286034,1169.9815920558522,1180.4794921875,757666
2023-10-05,1194.8039519049112,1196.1284354821662,1187.1511938237607,1191.664306640625,463272
2023-10-06,1198.434067859025,1205.2527811249536,1191.6643385697319,1204.001953125,484794
2023-10-09,1192.1057770811406,1196.3981622217857,1182.2946110453802,1189.6038818359375,741138
2023-10-10,1192.056722012912,1204.8112383801283,1189.603930403832,1201.9169921875,576248
2023-10-11,1204.8112788429246,1222.471379021404,1204.3207205046335,1220.33740234375,898340
2023-10-12,1220.3374341515073,1225.1694818157082,1213.052714497142,1217.5167236328125,248616
2023-10-13,1216.584587795301,1218.6449087086867,1204.0262473700398,1206.7979736328125,292336
2023-10-16,1206.7734881302094,1208.367802697861,1186.5379570792454,1194.3133544921875,825776
2023-10-17,1197.7227404208356,1198.998120247238,1186.9304569278531,1190.7568359375,599216
2023-10-18,1187.2003292471638,1194.4850489990847,1179.5475709617838,1180.8966064453125,312428
2023-10-19,1177.3400582643683,1180.2588565391038,1162.6233075360635,1165.0025634765625,649728
2023-10-20,1165.0024862596001,1170.4476118090327,1155.264855600364,1164.1929931640625,554286
2023-10-23,1164.19310629738,1168.6817872673337,1150.3593841383986,1153.302734375,295934
2023-10-25,1157.9629846959524,1159.385556004275,1138.7331213369523,1141.1859130859375,447704
2023-10-26,1138.5859295478665,1139.0764878975208,1124.629568453243,1126.027587890625,560530
2023-10-27,1129.6823695824323,1145.159390060453,1126.371100645543,1136.525634765625,844526
2023-10-30,1143.0007757720077,1143.0007757720077,1127.7934693132386,1134.2442626953125,623548
2023-10-31,1159.6799934207181,1215.603647925778,1152.9839195373875,1205.79248046875,4629484
2023-11-01,1202.8491422333284,1209.226401144027,1178.1494800077228,1180.4552001953125,1131352
2023-11-02,1192.0567035014064,1195.17179670265,1175.0098020830221,1191.2227783203125,475760
2023-11-03,1195.883059922995,1206.2828720363088,1184.3794916233933,1204.56591796875,319926
2023-11-06,1211.6789942453354,1212.3902798233282,1187.6170858114297,1193.8717041015625,650950
2023-11-07,1200.3718221842942,1200.3718221842942,1187.6418559833676,1196.1285400390625,357274
2023-11-08,1208.7358041275725,1220.8771235886754,1195.6133679423401,1213.224365234375,701360
2023-11-09,1209.2753946408038,1226.3958325572153,1202.1131950725826,1205.5716552734375,1347756
2023-11-10,1205.5717639503919,1211.679191794041,1186.5626268321655,1193.209716796875,652400
2023-11-13,1199.3170160232482,1200.8132428664314,1188.0831585299532,1191.3699951171875,363606
2023-11-15,1191.5661549832005,1211.5073027132066,1187.5681525957034,1206.920654296875,810614
2023-11-16,1207.0188871423247,1209.790494067509,1199.9303425445855,1206.3321533203125,350008
2023-11-17,1211.1151094849056,1243.2221316384814,1209.2509636799855,1231.44873046875,1573676
2023-11-20,1231.4486072827478,1236.2069991598034,1214.745072091057,1218.326171875,416130
2023-11-21,1218.546902174902,1228.7259876097366,1212.4884588413347,1224.2374267578125,451986
2023-11-22,1224.2129043413615,1230.2222440799992,1215.6281332861652,1220.680908203125,286336
2023-11-23,1220.6808350326469,1234.2447245807175,1218.031748263846,1230.9580078125,506884
2023-11-24,1234.1957193482788,1234.465550396991,1217.565838994134,1228.4072265625,495496
2023-11-28,1221.9809367589394,1233.4109710799034,1217.4432716987146,1220.5338134765625,458588
2023-11-29,1220.9751139440828,1234.1956367944417,1219.0374325214882,1228.161865234375,770168
2023-11-30,1228.1620601868253,1257.5955642357326,1220.0187428272006,1252.0767822265625,1788844
2023-12-01,1260.7349641709814,1263.7518501285701,1248.0049988943617,1256.884033203125,601000
2023-12-04,1263.6783258250773,1266.6216759628685,1248.9615751361205,1252.6162109375,713860
2023-12-05,1253.3765306031366,1269.761130885756,1248.78976232087,1261.2254638671875,729150
2023-12-06,1270.5215601606376,1283.3987167014914,1260.734945142633,1263.7518310546875,878562
2023-12-07,1270.5461498708496,1289.1873675137424,1267.1367932286812,1269.9820556640625,837144
2023-12-08,1278.8855395816333,1278.8855395816333,1248.4709237572906,1256.638671875,431860
2023-12-11,1256.6386395418428,1259.6556449897914,1243.9086754249795,1248.74072265625,505516
2023-12-12,1248.9861928154958,1282.7120815880232,1248.9861928154958,1279.1309814453125,1411000
2023-12-13,1285.9251647855333,1299.489055110401,1263.6782959472982,1286.857177734375,1262340
2023-12-14,1291.8118255710244,1294.0928738983066,1275.45165736755,1292.27783203125,902612
2023-12-15,1292.277777231266,1303.3888750229953,1287.2004508275045,1300.49462890625,1031198
2023-12-18,1300.4701279767175,1308.269957488522,1296.5456613513634,1298.753173828125,929182
2023-12-19,1298.7531351158786,1305.375672348764,1284.723119442347,1299.3663330078125,779602
2023-12-20,1305.8662674873212,1310.2812924337472,1260.1708071978992,1267.7008056640625,1195730
2023-12-21,1258.331375595788,1286.244100113984,1249.869243358196,1283.349853515625,403892
2023-12-22,1283.3740914322757,1299.9060025056906,1281.4118581668463,1296.766357421875,474854
2023-12-26,1297.5268658097243,1314.69640845749,1293.1118405574416,1308.78515625,426968
2023-12-27,1311.2625405747756,1332.871661015782,1308.7851968200455,1324.066162109375,975078
2023-12-28,1334.2696287209458,1336.0111348431976,1322.5698837531547,1328.5792236328125,819280
2023-12-29,1329.4130217020875,1350.8014119499478,1313.9849867870375,1331.9149169921875,1382090
2024-01-01,1342.707162322282,1342.707162322282,1321.2942208039308,1323.281005859375,261916
2024-01-02,1322.05476907143,1348.5449202884456,1305.6210641497628,1343.0015869140625,535664
2024-01-03,1348.5448363190014,1369.6388443079854,1338.2676633564815,1359.9503173828125,695660
2024-01-04,1362.7710884886646,1368.804980112123,1349.1826462245974,1358.380615234375,600004
2024-01-05,1356.6636958813576,1358.3806501406366,1331.5715639187595,1335.59423828125,754218
2024-01-08,1343.6146828929316,1343.6146828929316,1320.8773766829788,1331.694091796875,537900
2024-01-09,1341.5544767597241,1344.595914642646,1330.2470825939315,1336.330078125,546446
2024-01-10,1330.3941856811387,1339.7147939141555,1323.0603626297818,1329.0697021484375,549666
2024-01-11,1326.9602855800736,1346.3373396578602,1323.624464975664,1344.399658203125,464746
2024-01-12,1346.1656535619145,1351.4882595865204,1329.4376856199954,1341.7261962890625,371252
2024-01-15,1336.771529316199,1360.5881616172442,1332.847062441142,1351.120361328125,1438528
2024-01-16,1349.5751972850787,1376.0162458682198,1339.2243676364492,1371.3804931640625,831476
2024-01-17,1368.1672286039768,1368.1672286039768,1334.711173320452,1352.8372802734375,1522374
2024-01-18,1345.1109250219358,1349.1580311967832,1312.2435172989346,1323.7225341796875,936264
2024-01-19,1327.2055952595822,1330.3696726147712,1313.2737862425981,1318.4736328125,1255886
2024-01-23,1312.1944849787596,1320.0679704641236,1220.5582808384572,1237.4825439453125,2538552
2024-01-24,1290.1684226964642,1304.9587086095016,1241.112589133861,1271.5517578125,4282538
2024-01-25,1279.376143129385,1280.357259803564,1260.2198161129966,1270.61962890625,1515256
2024-01-29,1268.0933437591727,1279.9893838311882,1253.4992327429889,1260.3916015625,2032292
2024-01-30,1260.3915085965812,1284.6495934341128,1253.8670590234242,1259.6065673828125,2334430
2024-01-31,1261.2499806317087,1267.1856643883063,1236.2069546800872,1242.6087646484375,6835472
2024-02-01,1246.974681608758,1252.8859332421325,1229.3636860522777,1231.5220947265625,712004
2024-02-02,1240.106988900844,1246.6559909482737,1227.9902212965044,1233.926025390625,806458
2024-02-05,1233.9504426644064,1258.7727434220772,1231.8655696482163,1252.984130859375,4455338
2024-02-06,1255.8294043947274,1284.772347699137,1253.0332456895496,1282.540283203125,1633404
2024-02-07,1298.99841643904,1336.280848330795,1292.1551519066882,1322.4716796875,2122142
2024-02-08,1317.198258069041,1336.305481624785,1277.4139284437558,1286.4892578125,633200
2024-02-09,1286.7345265617234,1308.3190935341656,1280.4063718781636,1303.8795166015625,555122
2024-02-12,1307.2644692220529,1316.5605260179952,1299.9796298055442,1309.93798828125,729236
2024-02-13,1309.7908390374573,1318.0812275282706,1299.9796717038435,1310.4285888671875,365160
2024-02-14,1304.8851933090139,1314.4265291341128,1295.491048939964,1306.4549560546875,655186
2024-02-15,1306.454909273662,1315.6774297514357,1296.0550967200945,1301.7210693359375,759422
2024-02-16,1301.696670075444,1331.8414587759257,1301.696670075444,1329.952880859375,1157958
2024-02-19,1330.1980199129632,1338.24312864536,1324.8999659784793,1329.9771728515625,727910
2024-02-20,1320.5829796216922,1349.0353617977912,1320.5829796216922,1346.876953125,716684
2024-02-21,1352.4694720214466,1352.4694720214466,1330.1736173007987,1338.807373046875,494472
2024-02-22,1334.4167541380143,1340.2053664233404,1328.4565182951837,1333.4847412109375,520248
2024-02-23,1335.2999045587114,1353.4505645398547,1328.5547268630162,1344.2034912109375,447252
2024-02-26,1344.8658401891385,1346.5827945720173,1329.462354488834,1333.0433349609375,483022
2024-02-27,1333.0432600026109,1343.7129044962498,1325.047254424157,1340.180908203125,413172
2024-02-28,1339.273434889185,1340.2545516152998,1317.1492048092045,1325.4151611328125,1419228
2024-02-29,1326.6169272960212,1346.8033548447886,1304.934272874713,1342.1676025390625,1046062
2024-03-01,1350.9730935788652,1358.331468554075,1344.1298288049638,1352.714599609375,621866
2024-03-04,1345.2090529947345,1352.1259734793955,1322.7905608597785,1325.51318359375,409060
2024-03-05,1325.5377634598735,1337.9733457546533,1319.6019595276566,1324.3603515625,448600
2024-03-06,1324.3603606433383,1393.1857214704326,1323.0358770442806,1389.04052734375,3148778
2024-03-07,1390.7819091531821,1453.3770774955044,1382.0499473036994,1405.8665771484375,3875992
2024-03-11,1410.3551835027997,1436.305670973165,1409.5458101731367,1425.7586669921875,1192784
2024-03-12,1428.7757991181495,1431.44931827154,1398.0913492371108,1400.985595703125,496166
2024-03-13,1409.5213576430076,1421.3682941132838,1373.0237438541985,1384.9443359375,954900
2024-03-14,1383.8405410635414,1412.8080353241874,1360.4409319315287,1403.4874267578125,638902
2024-03-15,1407.90250344589,1419.6759041715698,1382.88402690382,1406.92138671875,939486
2024-03-18,1406.9213929365012,1445.6264000871367,1402.9969260105975,1435.005859375,1171236
2024-03-19,1435.0058389752612,1435.0058389752612,1406.479918319207,1418.400390625,548018
2024-03-20,1415.3098499675343,1418.179544266272,1383.5706310076814,1408.785400390625,526110
2024-03-21,1408.8835410304193,1426.7643684250631,1401.5006141203742,1423.305908203125,708558
2024-03-22,1426.2738378870044,1456.6394713371874,1424.8021628502815,1452.101806640625,1246786
2024-03-26,1462.746881854518,1476.5560512164986,1451.979150246848,1472.4599609375,2070852
2024-03-27,1486.9559478683013,1488.746557768965,1463.0903311934824,1467.8978271484375,740138
2024-03-28,1470.571290407979,1489.972897059926,1454.2602253071316,1478.88623046875,1323046
2024-04-01,1492.7198555329405,1507.9762671042645,1481.5352217127186,1496.9632568359375,740830
2024-04-02,1496.9633139175558,1498.6557162234224,1467.1127912709787,1471.5523681640625,844190
2024-04-03,1476.5314424265823,1481.0691068956933,1460.318585730201,1473.0975341796875,639838
2024-04-04,1477.3411250445122,1483.693832163218,1467.7997884303325,1470.595947265625,642146
2024-04-05,1470.5958298485587,1479.8918865285518,1462.1091465313166,1472.0675048828125,433824
2024-04-08,1472.4108489721305,1495.712369987015,1462.5751303591196,1493.357666015625,465712
2024-04-09,1493.480268076653,1498.6065786180868,1469.761844930236,1478.8126220703125,251706
2024-04-10,1478.5919378414007,1485.1162679394936,1470.6939006755147,1471.72412109375,293628
2024-04-12,1471.6749950654298,1482.074807744182,1461.8638284316603,1464.733642578125,370730
2024-04-15,1438.3170469899358,1447.9320383206493,1409.3741050484603,1414.4268798828125,695148
2024-04-16,1413.7156125954232,1421.7607215368132,1399.5629564545943,1412.3665771484375,374308
2024-04-18,1416.462590154728,1433.2887644009004,1403.2666193178056,1408.785400390625,656250
2024-04-19,1402.5309126630566,1402.9969191551857,1375.8200337321857,1388.62353515625,1337600
2024-04-22,1391.7385394116043,1428.0153041010453,1390.7574227478456,1421.66259765625,455130
2024-04-23,1432.3568663965257,1434.8831940286404,1410.6251072313548,1429.6832275390625,759388
2024-04-24,1439.07742564432,1460.3430575786533,1435.8642446013757,1447.34326171875,566040
2024-04-25,1447.1471037083168,1447.3432791383248,1427.7209455287204,1432.1605224609375,582190
2024-04-26,1432.4304340423303,1474.1033434358246,1430.6643760120778,1463.09033203125,500256
2024-04-29,1466.769466317064,1484.4295669148614,1464.4147622843132,1482.02587890625,675754
2024-04-30,1484.0125378434016,1511.7781882331426,1478.3711168440727,1495.71240234375,954296
2024-05-02,1495.7123729670914,1529.5608982982587,1454.8242875776298,1465.8128662109375,1090414
2024-05-03,1476.4333503583996,1483.2030791210575,1440.76978448108,1448.5206298828125,654750
2024-05-06,1442.3396289544346,1453.7942142713762,1439.3472948946724,1448.7659912109375,420464
2024-05-07,1448.7660023145843,1454.7753421157995,1437.605799826613,1447.269775390625,619732
2024-05-08,1440.0341448877298,1454.4565135579273,1362.2806405563706,1380.9464111328125,2665086
2024-05-09,1380.94626734455,1426.0530823747745,1380.4311571388425,1391.8857421875,1393488
2024-05-10,1405.9157318967102,1440.769927922934,1395.6876617751882,1432.4058837890625,1110296
2024-05-13,1424.7040440180795,1460.882721214028,1424.1153979692908,1454.9224853515625,772476
2024-05-14,1459.877112090253,1469.2222727027258,1452.5678405094407,1463.7034912109375,550228
2024-05-15,1464.3165886833715,1472.1655218220428,1449.5998390483628,1465.5184326171875,654588
2024-05-16,1466.8921013096601,1486.3917956586474,1463.6789201745814,1480.55419921875,1204664
2024-05-17,1480.5541573389908,1488.6973538329912,1460.907272088181,1465.273193359375,547086
2024-05-21,1463.384603441814,1490.1935682942762,1457.3752638939234,1479.156005859375,1457068
2024-05-22,1486.2935807713318,1502.580092591729,1471.6749192867082,1477.0465087890625,1344772
2024-05-23,1476.605265252228,1484.3315596827067,1457.1055697848296,1466.3770751953125,535682
2024-05-24,1473.2201589577157,1476.7522746454906,1445.1847991011966,1457.9638671875,1538750
2024-05-27,1459.2393681439398,1486.3918210988147,1457.9639882753986,1481.4371337890625,647032
2024-05-28,1490.31626777456,1506.9706998093188,1481.3881297547614,1495.1483154296875,826230
2024-05-29,1495.0010980512109,1496.2029420352114,1479.0334000774303,1489.82568359375,539556
2024-05-30,1486.2938581893156,1493.701218139855,1464.3168180062255,1471.0865478515625,848622
2024-05-31,1471.0865195028548,1471.111071375328,1432.43049453296,1456.713134765625,2474666
2024-06-03,1488.8444519318814,1488.8444519318814,1449.5016999228358,1464.120361328125,838280
2024-06-04,1464.3167827507973,1514.0349230963513,1426.1758682252112,1502.1878662109375,1426050
2024-06-05,1503.0707715582566,1584.9940153083314,1496.2029547169332,1553.205810546875,1265760
2024-06-06,1540.8436842047445,1552.3963566019206,1512.8818599450597,1515.4327392578125,797294
2024-06-07,1526.2987320520313,1541.8248555356035,1515.5308807263316,1532.3570556640625,1414472
2024-06-10,1547.2210437747083,1566.352819522081,1527.108151322342,1557.0567626953125,774552
2024-06-11,1557.5226966445387,1572.2394465340935,1550.3115131517004,1557.7188720703125,657866
2024-06-12,1561.3246706401408,1561.9378686099155,1506.7746032020364,1510.1839599609375,1374134
2024-06-13,1520.730933344203,1522.4969913664352,1503.0953840541115,1510.2330322265625,1342674
2024-06-14,1515.825251117918,1532.9212569532801,1515.285589044766,1525.538330078125,732768
2024-06-18,1525.6364219552986,1539.8626136712803,1522.9383511126123,1531.8175048828125,671824
2024-06-19,1534.9570694853896,1544.2776780888485,1521.3931790817082,1529.16845703125,618866
2024-06-20,1530.541986818144,1549.2077551937614,1518.4497719117094,1536.6494140625,937412
2024-06-21,1545.2587555252787,1546.9511578282863,1527.6232073319306,1542.5361328125,828600
2024-06-24,1540.107909508543,1540.107909508543,1520.730855064973,1524.2138671875,539008
2024-06-25,1524.7044740496247,1543.2720359633847,1524.7044740496247,1539.66650390625,443632
2024-06-26,1541.653189733096,1569.7867597236077,1540.819264470038,1557.0076904296875,1042538
2024-06-27,1562.4527658884888,1563.7037135293651,1536.919181954366,1542.290771484375,587038
2024-06-28,1542.2909166652028,1566.1810846071019,1542.2909166652028,1549.6492919921875,575592
2024-07-01,1548.030382967636,1555.9529720446503,1524.6553258934082,1531.228759765625,480586
2024-07-02,1525.6364678200305,1536.404199644687,1505.2047604577258,1513.446044921875,1238448
2024-07-03,1518.2536471176368,1532.62703172671,1509.3746122233931,1526.5931396484375,815704
2024-07-04,1525.587423948847,1537.3363926993625,1516.9291166415096,1519.4554443359375,427052
2024-07-05,1519.4554163151302,1526.3232333549367,1510.9197487574602,1520.6082763671875,397342
2024-07-08,1520.6082286666915,1523.1836599758294,1499.1463010905425,1505.5235595703125,407226
2024-07-09,1506.01409741822,1531.0325726522035,1506.01409741822,1527.549560546875,718064
2024-07-10,1533.9758352781032,1570.6941726854884,1531.2286608361828,1550.9736328125,1274366
2024-07-11,1552.5925645086947,1557.032141353752,1532.1854098144806,1550.8756103515625,516284
2024-07-12,1550.8755636726303,1556.982990751848,1538.7096934866513,1544.1058349609375,443820
2024-07-15,1545.2587001371069,1566.499899238066,1540.3531169620683,1555.5604248046875,512136
2024-07-16,1559.4604591792108,1567.3339447325552,1544.5475330884708,1557.5963134765625,470170
2024-07-18,1561.9377497196901,1583.0317582743216,1545.700220809921,1566.5489501953125,821876
2024-07-19,1566.5490321827824,1590.905326822156,1531.2533818349589,1537.77783203125,856470
2024-07-22,1540.3532151762026,1547.711590407936,1523.968614232965,1545.4305419921875,404598
2024-07-23,1545.4304025652398,1570.2771327833277,1520.362825297947,1558.2093505859375,706202
2024-07-24,1560.0337552579172,1564.9148213915223,1527.0738596581261,1532.8177490234375,340010
2024-07-25,1528.9228955153828,1535.8993900857363,1519.2592263567315,1533.138427734375,488454
2024-07-26,1536.096512246607,1552.5640613777498,1533.434014116176,1545.8587646484375,351608
2024-07-29,1549.3346767285268,1558.973669066376,1543.245682043285,1553.9940185546875,337280
2024-07-30,1554.561035504359,1592.5252599679925,1548.7184411233482,1556.0401611328125,854634
2024-07-31,1558.012307250036,1585.0557019343094,1556.0401397725043,1571.028564453125,613010
2024-08-01,1573.8143535558177,1581.1113974375642,1535.9487131834605,1538.931640625,444694
2024-08-02,1538.241280829981,1555.5470986017135,1533.3602144695178,1545.2178955078125,313198
2024-08-05,1528.4297013308303,1546.8940941322765,1510.0885689891688,1515.0928955078125,528232
2024-08-06,1511.2472774237797,1544.6755411189274,1500.622321157172,1506.3662109375,426762
2024-08-07,1520.3192359241098,1575.761768439611,1506.7359087457605,1554.487060546875,1396638
2024-08-08,1569.968485493618,1616.6595238598354,1553.0818024039872,1562.1044921875,2794936
2024-08-09,1581.62892670384,1584.094135991618,1528.429758422215,1544.7740478515625,773512
2024-08-12,1543.2210102212184,1543.2210102212184,1498.921151283981,1504.6651611328125,874924
2024-08-13,1494.163357362541,1512.8250399200604,1489.997177718087,1502.347900390625,363274
2024-08-14,1503.2846350622267,1508.7080955363772,1478.854386761176,1494.28662109375,426086
2024-08-16,1503.777705430353,1509.6942078779477,1491.5010110002138,1507.401611328125,477280
2024-08-19,1522.5133272533806,1522.809200530354,1504.270777671653,1507.0318603515625,346330
2024-08-20,1517.5828411362609,1520.1713108945344,1503.9256057240616,1511.88818359375,388404
2024-08-21,1512.9236310714987,1521.034145634364,1500.5729083430103,1507.5987548828125,375864
2024-08-22,1513.1454793427106,1549.1375353844237,1511.17331188837,1541.791259765625,769968
2024-08-23,1545.636926495705,1545.636926495705,1518.5689756944473,1520.861572265625,336940
2024-08-26,1520.8615750510419,1534.3216423436593,1509.6203165725544,1532.694580078125,244820
2024-08-27,1532.349412524988,1535.8253816846511,1518.5689167219023,1528.0106201171875,258090
2024-08-28,1535.8253794844109,1535.8253794844109,1513.9096930874257,1520.1219482421875,366330
2024-08-29,1518.6182557205634,1525.9645311630043,1502.3231984459512,1518.988037109375,419584
2024-08-30,1518.9881209221148,1547.4119370951557,1514.1809626023194,1539.917724609375,956332
2024-09-02,1553.0818372944998,1568.7359161307222,1545.9820827583435,1559.096923828125,874644
2024-09-03,1561.9319106448174,1586.2388980176802,1559.1709484971182,1564.6929931640625,1208708
2024-09-04,1563.9287351913874,1600.709705044065,1563.9287351913874,1585.1048583984375,1911688
2024-09-05,1585.1048881280283,1590.50367236757,1568.6126621476965,1582.2698974609375,1174448
2024-09-06,1582.6644189400943,1606.8234708179962,1580.1992095647984,1594.3494873046875,883120
2024-09-09,1604.3581751335319,1627.7283106054822,1587.6441046168065,1614.1943359375,1353670
2024-09-10,1619.1493623573674,1622.0829371582197,1591.0953305065516,1593.239990234375,552594
2024-09-11,1612.2222829142718,1625.435829466692,1602.3367690755545,1604.5062255859375,1069618
2024-09-12,1602.3859946540172,1617.177249989285,1588.0877811632581,1612.07421875,934088
2024-09-13,1611.7539107861476,1642.3225074422323,1597.9487381027545,1631.9686279296875,1234854
2024-09-16,1636.899015503253,1636.899015503253,1616.3638696772616,1629.380126953125,738654
2024-09-17,1631.9437871932917,1632.461505191022,1608.9681100529117,1611.8031005859375,234730
2024-09-18,1612.2715033058366,1612.7645451489986,1558.5546185676578,1573.9375,423006
2024-09-19,1590.0599393832847,1602.188816836965,1570.3382657165153,1599.427734375,539508
2024-09-20,1601.991619425575,1626.2246995513797,1590.0600302496398,1620.677978515625,1112242
2024-09-23,1626.4958078434204,1629.4048271548822,1616.0433440741976,1624.74560546875,327590
2024-09-24,1624.7454661535812,1640.76932586049,1604.3581380394053,1609.8062744140625,368900
2024-09-25,1609.8064009372724,1612.2469341485998,1586.1157147266194,1605.689453125,292236
2024-09-26,1605.6894747095319,1628.5912460780037,1600.413950640941,1621.9351806640625,892940
2024-09-27,1624.5728437256812,1661.7975022086218,1614.539394250868,1658.321533203125,1743164
2024-09-30,1668.4535844283712,1683.7378814488438,1651.7640700170766,1656.32470703125,1116886
2024-10-01,1670.0067079316343,1674.5673451912014,1642.4210396088877,1646.833740234375,646910
2024-10-03,1597.4555276453852,1638.8710413250803,1597.4555276453852,1626.939453125,1188000
2024-10-04,1612.2468918444417,1626.5451058699734,1574.0114712984084,1582.07275390625,718538
2024-10-07,1591.0460219355698,1591.0460219355698,1547.6830160658956,1554.7088623046875,497922
2024-10-08,1556.6563760942927,1573.7402279952962,1529.5143982614943,1570.4615478515625,950464
2024-10-09,1584.8090939997228,1597.1596958525247,1562.9673163107784,1565.062744140625,549608
2024-10-10,1567.8731512924157,1573.888238050108,1542.2349739756844,1547.0174560546875,260288
2024-10-11,1557.9630201649904,1557.9630201649904,1529.5885556908656,1533.4588623046875,511880
2024-10-14,1544.7001520455553,1552.0711038005088,1528.5777072491694,1543.9359130859375,954998
2024-10-15,1560.9705502549634,1586.1156854612184,1548.397982651836,1559.8612060546875,1551610
2024-10-16,1562.9427143590858,1573.0253964389221,1548.669176420558,1567.9224853515625,341744
2024-10-17,1567.873122565956,1579.706127264567,1549.1375317931552,1555.27587890625,914226
2024-10-18,1555.2758044319312,1629.2074040906064,1555.2758044319312,1569.84521484375,2126268
2024-10-21,1569.8452717466705,1580.075890273286,1546.3025230890373,1554.8074951171875,461032
2024-10-22,1555.5470724709182,1569.5740893512195,1533.3601887114282,1541.9637451171875,485932
2024-10-23,1540.2628007551953,1555.2266696473878,1519.8015631651374,1523.844482421875,324994
2024-10-24,1546.1793628575422,1587.5948815055121,1518.1006513723069,1539.054931640625,2002320
2024-10-25,1551.3068105752925,1583.8969246283248,1545.6861816995481,1567.3553466796875,960150
2024-10-28,1581.6782210015383,1581.6782210015383,1553.870709404368,1558.82568359375,474894
2024-10-29,1558.825794038377,1564.6190360625408,1518.1006074361228,1532.8671875,822862
2024-10-30,1544.6754251948255,1564.9148170191775,1528.922762311427,1554.8568115234375,652364
2024-10-31,1554.8568409751056,1572.0886297208385,1538.0934179169813,1551.0357666015625,578654
2024-11-01,1553.057203593441,1562.1292461616417,1551.1097122947172,1557.39599609375,32000
2024-11-04,1557.3960657199123,1561.9567031897689,1523.9924777650174,1538.5618896484375,433304
2024-11-05,1535.899267077262,1550.0988963964246,1519.4563936433883,1530.673095703125,482506
2024-11-06,1533.3601902344212,1574.3320170995937,1530.673136161857,1568.267578125,350574
2024-11-07,1576.2547492765102,1587.594711501521,1545.0205008255264,1557.19873046875,421758
2024-11-08,1562.129260170037,1565.654461399154,1536.8115119449417,1541.1009521484375,214736
2024-11-11,1533.976413529092,1542.9991032096946,1519.5549398141138,1528.257080078125,220322
2024-11-12,1529.415898924193,1538.7097864328139,1495.1741647198814,1498.9952392578125,402926
2024-11-13,1491.4516992793376,1498.0091804116369,1463.4962485274868,1473.4803466796875,386770
2024-11-14,1479.1256005247849,1498.8225990307967,1464.1617317175226,1489.8245849609375,598780
2024-11-18,1516.1036414657558,1516.2515780904512,1482.6014728774308,1488.6412353515625,584454
2024-11-19,1483.7108377094237,1494.6810186828664,1470.028926607714,1480.062255859375,369528
2024-11-21,1488.4933796472453,1488.986421508672,1442.591134199799,1448.5816650390625,433346
2024-11-22,1444.8837929777521,1473.209022703414,1438.1536996169743,1457.702880859375,470010
2024-11-25,1469.2646978389769,1494.4345080960643,1460.4638527586728,1472.321533203125,1507648
2024-11-26,1484.0560125641173,1493.3498998611865,1474.2690834024086,1485.0667724609375,274090
2024-11-27,1485.066764303795,1511.1733068187357,1472.222999726181,1501.6822509765625,373960
2024-11-28,1510.1871668922877,1510.1871668922877,1479.6924807181108,1500.77001953125,615122
2024-11-29,1501.312429458829,1516.0297767927823,1494.6070121671437,1511.764892578125,443864
2024-12-02,1511.7895903347592,1550.4933760147521,1506.7852636470475,1544.45361328125,406440
2024-12-03,1545.0205047686504,1560.4527383450763,1521.3791727526543,1552.5887451171875,596990
2024-12-04,1552.0958017030384,1581.9495109085806,1543.590829473249,1580.075927734375,847642
2024-12-05,1587.5947404003311,1597.4555772972276,1560.9951569452617,1573.764892578125,629424
2024-12-06,1568.8591585179659,1575.8603286771438,1552.3669327957864,1559.12158203125,345340
2024-12-09,1554.5610056114303,1562.2770626762006,1538.2906240113107,1558.382080078125,462080
2024-12-10,1553.5749037197759,1587.1017502614911,1553.1312141935782,1584.2174072265625,586344
2024-12-11,1594.9164907678821,1594.9164907678821,1566.393971343772,1573.3951416015625,381924
2024-12-12,1574.0855099387495,1585.129599591326,1558.7765359212638,1572.8529052734375,307906
2024-12-13,1569.746679201297,1577.7092569966137,1545.7108888132573,1570.4368896484375,392084
2024-12-16,1577.7339414967578,1584.8091402892762,1566.3939787922498,1574.7017822265625,338962
2024-12-17,1573.0747674428144,1573.0747674428144,1515.0929951964254,1519.234619140625,902048
2024-12-18,1519.5550562617743,1527.5669867174051,1504.270758161802,1507.5494384765625,392732
2024-12-19,1497.885876219023,1497.885876219023,1470.4234681528283,1473.7021484375,491210
2024-12-20,1474.1457877685118,1488.4440015019466,1462.3374594664153,1467.68701171875,597916
2024-12-23,1479.1255550915578,1481.0238143692102,1451.5152113965153,1455.3609619140625,758920
2024-12-24,1459.4038460431857,1473.9979326522346,1457.4563548499705,1464.284912109375,639264
2024-12-26,1464.2849499469273,1471.2122120505448,1442.6404607655365,1445.820556640625,543386
2024-12-27,1447.1025291671347,1458.4178157321262,1434.431377492859,1436.921142578125,479502
2024-12-30,1439.6574943588096,1452.9943001840438,1413.1072635396888,1435.02294921875,2624688
2024-12-31,1434.4313095517932,1446.7819112105121,1419.4921178900458,1431.916748046875,494348
2025-01-01,1431.9168216896148,1442.1474402830759,1407.6345100882672,1411.9239501953125,981050
2025-01-02,1421.6368766695957,1445.5987596472944,1411.6035468601851,1442.9609375,1176434
2025-01-03,1447.5709169649651,1459.206753138235,1434.3081389329452,1445.7713623046875,1123924
2025-01-06,1446.1411134493517,1453.4627127752,1415.0301242416228,1427.23291015625,891568
2025-01-07,1427.2081727284137,1461.5731644820494,1427.2081727284137,1443.4293212890625,738948
2025-01-08,1444.6126681279284,1453.8572031202145,1419.0730753815956,1433.7657470703125,851086
2025-01-09,1436.058379877493,1463.6687250852806,1432.7796995326892,1458.5411376953125,994948
2025-01-10,1458.541094465383,1468.7717131453987,1429.328364017627,1430.487060546875,391346
2025-01-13,1412.564919609581,1419.4675056041829,1376.079822209543,1378.89013671875,745352
2025-01-14,1381.010272862647,1390.230131723907,1373.787257641957,1384.929931640625,567936
2025-01-15,1394.6182268626044,1399.1295116473218,1376.104481296847,1381.873046875,529870
2025-01-16,1392.3500908185592,1398.7596344377664,1366.6380082178157,1373.1214599609375,304234
2025-01-17,1365.7506286181444,1401.348226842373,1360.8448861845532,1387.099365234375,466682
2025-01-20,1397.2807266444713,1397.2807266444713,1372.3574348454324,1374.4775390625,404924
2025-01-21,1380.517192438699,1387.8881440883038,1350.9346811721557,1355.7171630859375,719224
2025-01-22,1359.2670230749504,1363.2607101937563,1343.5883886003378,1358.20703125,626882
2025-01-23,1380.9854791248224,1477.7449375238762,1380.9854791248224,1434.5791015625,4625514
2025-01-24,1434.57925503562,1451.0222498483395,1400.731978192026,1407.4127197265625,600300
2025-01-27,1390.3780577612704,1422.2531661496246,1381.2814594363974,1413.551025390625,659958
2025-01-28,1413.5756652087425,1423.140628984579,1406.1800374321022,1412.1212158203125,488532
2025-01-29,1421.932722223869,1428.8353082540818,1405.3172356397372,1425.40869140625,414882
2025-01-30,1425.4086296770208,1429.7966538861508,1401.2249034513095,1423.18994140625,395016
2025-01-31,1423.1406535721533,1432.040083224775,1402.7040925372644,1415.8682861328125,627482
2025-02-01,1412.0719394138605,1483.3411669945513,1410.1736800338347,1453.11767578125,329360
2025-02-03,1453.1176165550391,1465.616275808814,1435.3927858273626,1459.773681640625,494688
2025-02-04,1464.3343634347661,1470.3002182492319,1437.8333627497093,1443.10888671875,649426
2025-02-05,1440.4464116325162,1449.5430095056154,1420.5274490748875,1424.4964599609375,367530
2025-02-06,1427.3561228645642,1438.6221770261193,1416.8050756662722,1429.5994873046875,367784
2025-02-07,1429.8214327327369,1436.4528218550663,1403.4930448441407,1415.3260498046875,397784
2025-02-10,1405.6623378287168,1444.6126446293022,1405.6623378287168,1414.0687255859375,318192
2025-02-11,1410.1243884356788,1413.9946947936273,1394.6921542236057,1405.68701171875,390106
2025-02-12,1405.415768161266,1406.6977250968398,1381.5032388661173,1394.56884765625,252722
2025-02-13,1394.3223503409617,1405.1692710296113,1381.9963041038598,1389.4412841796875,236320
2025-02-14,1388.1347340601217,1394.790799426161,1368.7336083457467,1383.5740966796875,205586
2025-02-17,1362.2746482025425,1378.520353284322,1355.8651040741918,1371.4945068359375,342438
2025-02-18,1366.2929448178916,1382.9331081120545,1359.8094923052308,1364.0250244140625,464820
2025-02-19,1362.2747682551048,1367.1312791135767,1349.1598055803922,1365.0850830078125,331672
2025-02-20,1365.0849204443775,1394.8892756441521,1355.8897382627772,1391.1175537109375,1005774
2025-02-21,1392.8185690352957,1396.0480172710481,1364.5180146088278,1378.3970947265625,1153982
2025-02-24,1359.3163584823749,1369.7688214591458,1344.5497793878237,1361.6829833984375,738772
2025-02-25,1361.2885029639115,1363.2606702988828,1326.7755746019145,1329.4873046875,754522
2025-02-27,1330.8433150125275,1340.0384980670117,1311.5407732629405,1319.9224853515625,496562
2025-02-28,1319.8237281078193,1319.8237281078193,1302.6166150657523,1310.4559326171875,990394
2025-03-03,1310.4559123088497,1329.6845448600523,1292.8543419709047,1321.9931640625,650858
2025-03-04,1317.407845900954,1335.3052894386635,1302.8384349080918,1330.54736328125,698790
2025-03-05,1327.564568117799,1349.9979728784756,1320.0702355049054,1327.737060546875,1466732
2025-03-06,1334.7382011556872,1356.8511763609142,1334.7382011556872,1349.9732666015625,1148818
2025-03-07,1347.4834490277015,1363.6305704897056,1343.6376983151122,1356.456787109375,869066
2025-03-10,1356.4566746619678,1373.934983667843,1341.0737934583715,1347.23681640625,622806
2025-03-11,1329.9065153527667,1350.3184003022814,1329.9065153527667,1342.2078857421875,809256
2025-03-12,1347.4834130810816,1361.756950956533,1339.4221304634261,1355.52001953125,711330
2025-03-13,1356.0623144143958,1362.397950608004,1341.51757921384,1345.9549560546875,698834
2025-03-17,1355.544596955605,1361.7321755951864,1344.4511558338281,1355.3226318359375,313582
2025-03-18,1355.3226318359375,1355.3226318359375,1355.3226318359375,1355.3226318359375,0
2025-03-19,1355.8650429709292,1360.3024194751977,1344.4018203349021,1346.9163818359375,484702
2025-03-20,1352.906948013118,1367.6242965983988,1344.007517812117,1360.3519287109375,629482
2025-03-21,1362.3733102912881,1397.8230939867474,1362.028205046673,1393.08984375,1400382
2025-03-24,1400.23876641677,1403.5914748613714,1379.7528547563297,1391.364013671875,621916
2025-03-25,1392.7446591856751,1411.7514468126406,1383.475448216685,1391.8818359375,656850
2025-03-26,1395.1851882402877,1441.6543830425308,1385.4722877776826,1402.9012451171875,1257594
2025-03-27,1390.6984267028115,1417.4952990260608,1377.041191722156,1413.304443359375,863174
2025-03-28,1415.2518831345196,1421.932623940587,1399.4498685618428,1404.8240966796875,480582
2025-04-01,1404.824123613857,1417.4705985246546,1390.8710156182453,1393.607421875,254152
2025-04-02,1394.8153292089885,1413.0578768161756,1388.2086168728395,1405.6375732421875,420010
2025-04-03,1390.8958352730237,1413.9702195905418,1390.8958352730237,1410.83935546875,358204
2025-04-04,1412.5649448252318,1431.7935775820151,1405.9088796401913,1425.8770751953125,892998
2025-04-07,1386.9267322736123,1410.592741213937,1374.5513336166157,1404.552978515625,745674
2025-04-08,1405.1693391122876,1452.9944008294426,1405.1693391122876,1445.0810546875,1124760
2025-04-09,1445.0809894767494,1466.1585286122884,1436.4035251198993,1449.4444580078125,673890
2025-04-11,1476.660296762404,1476.660296762404,1439.1891172786168,1455.75537109375,477280
2025-04-15,1474.1952157056942,1477.6465088528314,1451.0222474320597,1474.984130859375,690116
2025-04-16,1474.688176398196,1494.409850438961,1468.8702584818614,1492.191162109375,355040
2025-04-17,1492.191236600447,1505.4047829416968,1483.1193142374377,1496.0369873046875,569676
2025-04-21,1496.0368628709077,1504.7636792694266,1477.2026888626172,1488.6412353515625,506584
2025-04-22,1488.6412976874462,1511.0747021021775,1488.6412976874462,1493.3251953125,453234
2025-04-23,1493.9167894308735,1514.6245469081332,1490.3669122233664,1512.1099853515625,439056
2025-04-24,1512.1100475950768,1522.8091523626406,1500.5235637677667,1516.7939453125,600064
2025-04-25,1511.1732584041918,1525.8659294933277,1471.7299107133808,1484.6475830078125,478964
2025-04-28,1474.9347119212082,1504.4678709409263,1474.9347119212082,1500.227783203125,596422
2025-04-29,1499.2417433442768,1512.800394778085,1475.4771492691484,1481.5908203125,508120
2025-04-30,1482.527590829836,1500.671556210611,1473.3570840228706,1495.8397216796875,972970
2025-05-02,1482.0838613274736,1496.9737017282432,1474.1951914069016,1478.1395263671875,414198
2025-05-05,1479.6185960252667,1517.6321709161537,1479.4214274333285,1496.135498046875,429738
2025-05-06,1492.4377666910814,1501.0166472310711,1469.2154460577726,1481.3936767578125,283260
2025-05-07,1456.4456937895823,1474.8361797387574,1455.2624414422328,1466.947509765625,498920
2025-05-08,1473.159811995741,1476.1674156672655,1449.5925059987646,1458.17138671875,746278
2025-05-09,1447.077766162437,1495.0507601337144,1445.598640677433,1469.2646484375,967480
2025-05-12,1498.8472340728101,1521.280638398571,1491.4516062731088,1516.84326171875,731304
2025-05-13,1519.555080850812,1542.1856550938362,1511.9129316771623,1528.7257080078125,1159402
2025-05-14,1528.9227557181728,1537.7975088955113,1524.978420972689,1532.669921875,1633730
2025-05-15,1538.2905872117547,1550.5180492869779,1529.4651861581008,1534.0997314453125,1373428
2025-05-16,1539.7696972844171,1543.0730536045385,1516.300857079847,1524.0909423828125,1219046
2025-05-19,1525.4715182807458,1530.8949787529787,1509.6941787251596,1512.7017822265625,336888
2025-05-20,1520.2452047318106,1520.4424936963717,1478.1394785417158,1480.506103515625,707838
2025-05-21,1481.0483497837658,1489.4300611472768,1465.566884002134,1472.321533203125,847478
2025-05-22,1479.4215441089896,1482.2318588092483,1462.4608308605825,1476.4139404296875,518324
2025-05-23,1476.4138714952348,1499.4389026217355,1466.2571608811609,1494.7550048828125,361932
2025-05-26,1503.2845938380067,1514.0821621554603,1495.7410294928804,1501.4110107421875,323458
2025-05-27,1501.411107434715,1505.1582738676748,1484.0560573499824,1492.733642578125,463006
2025-05-28,1490.465573487223,1494.409908448486,1475.1812755123292,1479.61865234375,616064
2025-05-29,1480.752701054903,1501.3125233596056,1480.752701054903,1493.7197265625,501998
2025-05-30,1493.7196388704886,1541.7418669749434,1487.112805848884,1531.9796142578125,3308300
2025-06-02,1540.2627375470802,1546.0313031108315,1510.4830579915229,1518.66748046875,837390
2025-06-03,1527.4436893975583,1536.071921987764,1517.3363312204601,1526.5069580078125,644732
2025-06-04,1526.5070064047786,1533.7546979360254,1518.6675683227752,1526.112548828125,920830
2025-06-05,1526.1616885970654,1537.84687669532,1499.9318863501007,1505.3553466796875,823882
2025-06-06,1514.3780613539197,1515.0682718039973,1498.8472428832545,1503.6790771484375,316076
2025-06-09,1499.8333274078486,1512.2579581167995,1486.521197282927,1506.6373291015625,473532
2025-06-10,1516.5966927441166,1527.5915497989822,1513.7863783435741,1518.2237548828125,391672
2025-06-11,1512.8003277462553,1518.5688932990888,1505.7498052387718,1508.806640625,470824
2025-06-12,1507.8206649392887,1513.7371675447962,1493.768971251208,1502.249267578125,749758
2025-06-13,1469.2647140819502,1488.6412828755278,1419.9605290456432,1485.28857421875,766960
2025-06-16,1480.8513304475218,1499.5869224425296,1476.6604743433754,1478.5340576171875,359522
2025-06-17,1480.801797801345,1490.8599234495146,1473.2090016975712,1488.148193359375,528290
2025-06-18,1480.6540099229496,1488.9370166052386,1460.8829838291585,1463.44677734375,414844
2025-06-19,1460.4393801628335,1468.9689082684981,1455.9526509699103,1463.003173828125,184626
2025-06-20,1460.8830197603506,1470.0536464332833,1451.613808790498,1457.4810791015625,1044968
2025-06-23,1446.190371026236,1457.9247914606278,1445.4015762669749,1455.3116455078125,180832
2025-06-24,1481.09779066684,1493.1279642533295,1472.864015438841,1480.2596435546875,614098
2025-06-25,1482.5768180026164,1496.0368843554322,1464.0877489387326,1482.034423828125,1473846
2025-06-26,1478.632570905875,1491.4516595499404,1478.2874656705371,1488.9864501953125,450772
2025-06-27,1488.9864415829325,1510.8282204129125,1487.1622107453693,1504.6158447265625,612710
2025-06-30,1504.7637691592129,1514.4766698071953,1496.431409804952,1505.947021484375,340086
2025-07-01,1505.749828324849,1520.4424997089425,1495.4945336450528,1501.7069091796875,483880
2025-07-02,1491.5010433077077,1519.062036324467,1486.817145435237,1516.8927001953125,387752
2025-07-03,1525.9645412492225,1540.21340271033,1522.0695587432792,1535.578857421875,781166
2025-07-04,1540.6571951009146,1540.7064270629282,1507.771327819785,1518.66748046875,420752
2025-07-07,1519.1113378649782,1526.2110925698573,1492.0926195981863,1514.82177734375,519264
2025-07-08,1516.1037840363108,1520.984850509465,1501.5590485471819,1512.455322265625,449486
2025-07-09,1502.347949018222,1519.0126681354377,1493.3744905747344,1502.9395751953125,693860
2025-07-10,1503.7776760005258,1520.5410992739742,1500.819424834623,1511.22265625,644522
2025-07-11,1508.7080732132226,1513.5891394191174,1474.4416643608308,1479.52001953125,336992
2025-07-14,1479.4706857865706,1479.4706857865706,1449.5430689475747,1461.5732421875,737312
2025-07-15,1464.2849288073635,1480.6540143752607,1462.362113758524,1478.238037109375,249360
2025-07-16,1478.1888774771649,1479.6680030860457,1464.8767469972372,1473.2091064453125,484312
2025-07-17,1473.209119500319,1484.056040728233,1468.5252216973563,1475.3292236328125,308510
2025-07-18,1475.1812338637835,1476.906880360616,1454.226954973673,1458.4671630859375,630918
2025-07-21,1459.3545430799065,1472.4695046129905,1458.4178117010633,1461.91845703125,417914
2025-07-22,1461.8690261241197,1471.4833418102648,1444.1195202420056,1446.732666015625,340602
2025-07-23,1449.5623518398663,1453.980489981151,1439.6835336060342,1449.0162353515625,487406
2025-07-24,1454.9237577080407,1460.4836986025575,1436.158851141128,1443.5555419921875,242040
2025-07-25,1443.5555583695614,1444.5981003230706,1427.2232090820714,1434.4710693359375,368204
2025-07-28,1424.2943164833378,1442.562676205928,1419.5285836528062,1429.109619140625,484778
2025-07-29,1424.7410365727378,1438.640949124667,1418.6846703432068,1436.109130859375,328764
2025-07-30,1437.548897698048,1439.832382137395,1420.769692602491,1426.7764892578125,499792
2025-07-31,1420.2731556081264,1431.9391532162324,1412.628252463137,1424.6417236328125,377956
2025-08-01,1419.7768293809747,1432.1874660014378,1415.309000197608,1419.230712890625,409566
2025-08-04,1432.1873892990845,1477.3621041781892,1422.804996995548,1465.3486328125,817016
2025-08-05,1472.5963901107425,1502.9280332492547,1464.9514867443602,1488.0849609375,1155166
2025-08-06,1502.183431088304,1518.0690456933355,1475.9225729234095,1510.0269775390625,1638232
2025-08-07,1517.572564453628,1547.8048251584955,1500.5948387080962,1514.4947509765625,2353820
2025-08-08,1523.0332595542113,1533.656715558365,1506.651219930584,1529.6357421875,1275428
2025-08-11,1538.422433990858,1539.4152848679091,1521.5439690809874,1537.330322265625,648830
2025-08-12,1538.9189360238997,1545.9185835345415,1530.132229564191,1539.66357421875,598262
2025-08-13,1538.9685536317625,1541.3512987835147,1516.629408851958,1520.0050048828125,511880
2025-08-14,1519.6079791446587,1535.5928542444026,1516.6294264727453,1531.6710205078125,772046
2025-08-18,1551.3295285988665,1551.3295285988665,1522.6858044223409,1527.451416015625,511870
2025-08-19,1527.4514008732488,1544.8759824447807,1527.004666452489,1536.5360107421875,569624
2025-08-20,1535.3447124517104,1542.8903553296277,1528.99044221855,1531.2740478515625,153754
2025-08-21,1532.4654223053979,1541.3018198902535,1525.6147265958975,1528.4940185546875,236826
2025-08-22,1528.4939108771246,1542.294562178156,1522.6857575404015,1532.5645751953125,715582
2025-08-25,1538.4225171754933,1556.79025939411,1533.904996961595,1542.3939208984375,731340
2025-08-26,1546.3652917600252,1560.7616299497656,1526.5579645918103,1539.117431640625,1389672
2025-08-28,1519.061879515414,1541.0038602022237,1515.4379494848893,1520.50146484375,372480
2025-08-29,1514.5940556084831,1524.0261392061761,1502.7295357725386,1514.24658203125,654086
2025-09-01,1523.4304679999243,1556.939186376432,1517.125888930091,1551.528076171875,482682
2025-09-02,1550.2374250373884,1560.9105722505158,1547.4078242018043,1552.3223876953125,370084
2025-09-03,1558.7758889480237,1563.690452348144,1541.599520164008,1544.8759765625,433852
2025-09-04,1551.3294963757355,1563.6408714984968,1538.9188604047297,1548.400634765625,860810
2025-09-05,1558.775904296815,1558.775904296815,1534.5007484063995,1536.4864501953125,224508
2025-09-08,1535.9403043223303,1549.840216578641,1529.4867736319004,1540.8052978515625,217014
2025-09-09,1540.8053779051777,1556.2441371019986,1535.1460549025044,1538.9686279296875,615658
2025-09-10,1546.3155242114258,1551.329469536012,1520.3028801452917,1524.323974609375,338108
2025-09-11,1524.37359324227,1531.4228103380256,1516.5797379772953,1528.89111328125,307008
2025-09-12,1533.904893618335,1543.336976824863,1526.7067248554588,1528.4442138671875,388750
2025-09-15,1533.4085231351362,1539.911745005406,1522.0901198398071,1526.0615234375,366894
2025-09-16,1527.749329903875,1533.9546480594554,1516.629448248123,1526.0118408203125,424184
2025-09-17,1533.9545997305684,1533.9545997305684,1515.487597720908,1520.0546875,491174
2025-09-18,1520.0547600188424,1532.7633002864225,1512.6083781115,1516.1826171875,1191302
2025-09-19,1524.7210168207814,1527.9974731369632,1509.4807803633244,1513.253662109375,826712
2025-09-22,1521.047564508414,1527.9975207431132,1501.686972140324,1508.1405029296875,736500
2025-09-23,1523.0333426609377,1524.7211407806647,1472.1000409364472,1478.6529541015625,810500
2025-09-24,1478.6529137854043,1510.8211864210266,1464.4550972449304,1508.636962890625,540982
2025-09-25,1506.7505395756573,1507.6441296477026,1479.347878284542,1485.007080078125,554053
2025-09-26,1474.3836227467937,1487.2906847641057,1461.4765607294817,1464.256591796875,731234
2025-09-29,1468.4264529720558,1475.5749308360778,1449.3637645362526,1456.313720703125,984535
2025-09-30,1459.490828760963,1465.745837934701,1445.491655255229,1457.505126953125,722168
2025-10-01,1458.3987638391618,1469.0222203731942,1438.5417451231206,1464.852294921875,888183
2025-10-03,1465.050770926144,1482.9220872130659,1460.7815847539514,1478.95068359375,778524
2025-10-06,1478.9506667653452,1482.326384042877,1469.4193224269645,1478.35498046875,425656
2025-10-07,1478.354976296749,1478.354976296749,1459.0936447770664,1460.3843994140625,725776
2025-10-08,1458.4979931989744,1487.7870951726775,1451.5480367984349,1483.0213623046875,1023522
2025-10-09,1488.2835260765671,1505.06273083023,1475.9721504538875,1499.60205078125,543793
2025-10-10,1505.1619561796176,1511.1190615470832,1492.1556337001753,1499.800537109375,476671
2025-10-13,1486.9927171591803,1506.154787656534,1486.9927171591803,1502.6798095703125,436390
2025-10-14,1502.1833822449576,1511.8139873070713,1477.0642064884505,1480.5391845703125,258073
2025-10-15,1490.2692004118246,1497.616321308942,1479.3478405154021,1490.0706787109375,415150
2025-10-16,1489.2763675081048,1515.0904912115789,1489.2763675081048,1512.1119384765625,492506
2025-10-17,1513.1047573319338,1534.1531477344067,1504.467003062433,1531.6710205078125,818953
2025-10-20,1539.911797303944,1540.1103190115232,1512.509135788737,1515.388427734375,323401
2025-10-21,1526.0118620152884,1526.0118620152884,1515.3884056644324,1521.047607421875,62310
2025-10-23,1519.0618287631326,1524.5225085397321,1499.502715133268,1506.2540283203125,423185
2025-10-24,1506.2540704861005,1508.934840624591,1493.2477479845356,1496.3255615234375,414542
2025-10-27,1496.32554637467,1512.509064299017,1481.4327830814493,1493.6448974609375,522205
2025-10-28,1493.3469673654429,1498.6091254485755,1474.3835400128812,1481.33349609375,670631
2025-10-29,1481.3335030801434,1499.304079648764,1472.993531504244,1496.524169921875,489526
2025-10-30,1499.1055550495062,1501.1905176400387,1469.9157151892045,1475.7735595703125,813850
2025-10-31,1481.2342333762404,1481.2342333762404,1429.7052491164775,1434.2723388671875,1720635
2025-11-03,1439.6337815401937,1461.3772401353933,1436.0595425979623,1450.0587158203125,677950
2025-11-04,1450.5552147563485,1454.5266184928478,1437.946056372013,1444.796630859375,707089
2025-11-06,1452.5408916073532,1458.00157165099,1427.719618681732,1432.4853515625,692357
2025-11-07,1437.6481015415532,1447.6758713804613,1435.0667134440548,1444.3995361328125,533597
2025-11-10,1449.5623629212635,1456.5123194558175,1440.626704519694,1446.1866455078125,283000
2025-11-11,1446.1865990125787,1466.440781644484,1441.8180308060705,1462.3701171875,292665
2025-11-12,1466.4407748120677,1476.3692837816823,1459.1929147852013,1471.405029296875,417016
2025-11-13,1480.3406704341405,1485.6028286068838,1468.0292952131392,1470.809326171875,798904
2025-11-14,1462.072188133044,1465.7458091239075,1442.6123350382593,1449.36376953125,549299
2025-11-17,1457.5051561573407,1475.376472785973,1439.6338395287084,1464.9515380859375,898284
2025-11-18,1472.3978910081582,1486.0992819659066,1461.4765310613682,1480.3406982421875,1135472
2025-11-19,1484.3120415543328,1486.4962649759018,1463.0650088270086,1466.142822265625,631671
2025-11-20,1471.405024214028,1484.212824980111,1466.5400305961987,1478.35498046875,829582
2025-11-21,1469.4193521209895,1476.4685693679914,1458.3987312196064,1461.5758056640625,331504
2025-11-24,1460.4837009015348,1517.969793313866,1443.3073315349288,1452.5408935546875,3427226
2025-11-25,1455.4201651505834,1459.490829619522,1443.9031188978718,1456.1151123046875,449171
2025-11-26,1450.6543682645506,1479.347782377024,1450.4558465714656,1473.787841796875,371398
2025-11-27,1473.6886247444272,1479.3478263392951,1456.7107775645861,1461.7744140625,421269
2025-11-28,1467.4336876179448,1467.4336876179448,1452.838827295923,1459.2923583984375,380330
2025-12-01,1459.3915847471592,1463.4622492606666,1449.5623364454364,1458.100830078125,197122
2025-12-02,1450.5551354503434,1460.980069688693,1447.6758436592759,1458.398681640625,586303
2025-12-03,1460.4836543753984,1476.8656940063938,1460.4836543753984,1468.029296875,717275
2025-12-04,1467.4336407605506,1476.369298924857,1465.0507743438782,1474.085693359375,308126
2025-12-05,1469.4193148819115,1471.802181253676,1456.8101570778504,1464.5543212890625,328473
2025-12-08,1464.4550919819646,1473.3907501703293,1436.1588410521438,1445.690185546875,343005
2025-12-09,1445.6901485403864,1453.4344339177808,1428.7124226566104,1449.36376953125,325894
2025-12-10,1440.3287143801813,1455.916545819982,1440.3287143801813,1445.29296875,458850
2025-12-11,1444.300144775374,1461.9729391401222,1440.6266449523378,1456.909423828125,148263
2025-12-12,1454.0301945884037,1468.9229586162808,1454.0301945884037,1466.2423095703125,332259
2025-12-15,1469.4192946837861,1472.795011897583,1457.9022487757877,1468.8236083984375,494291
2025-12-16,1468.8236125233916,1478.3549567085845,1457.5050882795178,1462.568603515625,326142
2025-12-17,1462.4693586423714,1462.4693586423714,1435.0666983615085,1440.3287353515625,259786
2025-12-18,1436.2580357187312,1444.6972680632944,1427.3223779421348,1441.2222900390625,258434
2025-12-19,1441.222337989614,1452.8387662042458,1436.7545089526677,1447.87451171875,504759
2025-12-22,1452.4415652819027,1452.4415652819027,1441.4209448392396,1448.7679443359375,276397
2025-12-23,1448.7679250660685,1454.427247681298,1439.733006488116,1451.647216796875,205136
2025-12-24,1451.6472452578255,1453.4344253182246,1434.1730940352375,1436.258056640625,282565
2025-12-26,1436.2580308822623,1453.5336600983642,1434.6694937446287,1448.1722412109375,240983
2025-12-29,1448.1722807903814,1453.3351781258148,1435.066697549701,1442.413818359375,587342
2025-12-30,1442.4137846323447,1446.6829706317403,1427.4216396181437,1440.52734375,832687
2025-12-31,1439.6338516517988,1478.3550380065715,1439.6338516517988,1471.80224609375,605718
2026-01-01,1473.2914975624305,1475.9721465548907,1456.7108145571183,1458.7958984375,108609
2026-01-02,1458.7959257940047,1472.1994134029014,1456.7108418745217,1467.6322021484375,275319
2026-01-05,1467.6321480565887,1496.2263023807361,1463.859387365043,1494.2406005859375,473909
2026-01-06,1497.2191532781353,1499.204855072934,1480.0427842740798,1494.2406005859375,393706
2026-01-07,1499.204848289686,1506.6512299864892,1485.9006220852075,1503.9705810546875,623936
2026-01-08,1503.9705913063842,1503.9705913063842,1479.3478405154021,1490.0706787109375,493955
2026-01-09,1479.4470609751413,1500.2969292990847,1467.9300150928673,1473.6885986328125,944361
2026-01-12,1466.837943419024,1494.1413431600802,1466.837943419024,1490.0706787109375,516036
2026-01-13,1498.2119737219407,1500.1976754763768,1474.4828135169075,1488.1842041015625,491184
2026-01-14,1471.5042808756737,1491.7584632855974,1471.5042808756737,1484.6099853515625,426425
2026-01-15,1484.6099853515625,1484.6099853515625,1484.6099853515625,1484.6099853515625,0
2026-01-16,1484.5105811536173,1493.644881930387,1457.1079212185407,1466.0435791015625,745534
2026-01-19,1455.122290573742,1469.8165327340387,1453.1365887249249,1464.256591796875,435942
2026-01-20,1464.256568124357,1464.3558289756686,1417.2946716800097,1424.9395751953125,591626
2026-01-21,1414.0182433162086,1428.9110072376584,1402.3026750832419,1411.635498046875,560841
2026-01-22,1415.2096797925378,1449.3637745743822,1415.2096797925378,1442.413818359375,385508
2026-01-23,1434.6695363039667,1452.5408523271303,1430.4996110442758,1437.548828125,1212874
2026-01-27,1439.335886991034,1440.4281199283084,1423.3510118989245,1436.853759765625,405584
2026-01-28,1429.705237833625,1457.3065402097368,1410.245385224857,1450.2572021484375,824989
2026-01-29,1444.4988152088827,1447.874532547105,1401.7069651678519,1419.379638671875,820183
2026-01-30,1418.7839338372241,1437.6481009071383,1407.8625739546424,1420.868896484375,722566
2026-02-02,1416.5003778160717,1424.2446635735273,1388.799933739872,1401.905517578125,1594471
2026-02-03,1424.7410071253562,1442.612322894176,1402.1039586724712,1417.592529296875,1418450
2026-02-04,1431.9889131474388,1467.6321637880355,1419.776798499479,1449.8602294921875,1787666
2026-02-05,1454.4272772761844,1471.3057422237052,1448.073007409359,1459.0936279296875,835235
2026-02-06,1464.4550504410017,1482.9220526002596,1460.483646914382,1478.4542236328125,571034
2026-02-09,1479.3478490540904,1486.2978053919283,1460.1857781007175,1477.5606689453125,322208
2026-02-10,1483.3192953714395,1483.3192953714395,1457.4059102339934,1468.3272705078125,509638
2026-02-11,1466.2422195211573,1484.1135352570443,1464.455039468522,1469.5185546875,442080
2026-02-12,1474.8799964635969,1492.1556261817248,1465.447913012635,1486.6949462890625,678624
2026-02-13,1475.47567854564,1478.950656649232,1461.575766131272,1468.724365234375,474002
2026-02-16,1459.4908667640295,1483.3192890785444,1454.7251338220774,1476.667236328125,217908
2026-02-17,1468.4264323732916,1487.0920771529586,1466.837895225528,1484.8084716796875,344682
2026-02-18,1489.276375055073,1495.2334805552932,1472.1000057170559,1478.8514404296875,2016972
2026-02-19,1478.8514770807556,1479.2486416968043,1450.5552252534299,1454.4273681640625,407250
2026-02-20,1454.5266290186685,1466.8380049304333,1449.5623743121203,1454.4273681640625,501173
2026-02-23,1454.4273556670996,1474.5821568839337,1452.5409146552952,1470.4122314453125,511293
2026-02-24,1464.5543523336617,1476.0713986440994,1459.4908369348404,1469.915771484375,641633
2026-02-25,1480.439901988469,1492.2548515328765,1470.4121324818298,1486.8934326171875,577178
2026-02-26,1484.3120832225145,1514.0976099761438,1476.4685369378685,1506.0555419921875,738376
2026-02-27,1508.0412087011832,1508.0412087011832,1473.8871145785333,1481.33349609375,1606678
2026-03-02,1419.7767433523115,1466.2422125228882,1419.7767433523115,1455.02294921875,699279
2026-03-04,1433.676638951534,1438.6408932415322,1412.2310846582639,1428.8116455078125,1119317
2026-03-05,1428.8116758945353,1443.1087527933112,1410.8410992220813,1435.5631103515625,571622
2026-03-06,1435.5631543834322,1444.0023871147575,1420.3724869879984,1423.5496826171875,563184
2026-03-09,1389.9912735224618,1393.3669908548263,1356.8300289003305,1376.488525390625,806385
2026-03-10,1404.9832671154834,1424.741024022638,1381.0555849585292,1417.4931640625,613943
2026-03-11,1417.4931469231283,1428.3152457090434,1388.0055243904465,1393.366943359375,283707
2026-03-12,1387.8069965444379,1387.8069965444379,1368.1485008113532,1377.4813232421875,724869
2026-03-13,1370.1342008220615,1381.9491504164996,1324.6615824896453,1330.420166015625,878140
2026-03-16,1331.2145546457368,1351.7665200969168,1319.3003436716913,1343.9229736328125,332170
2026-03-17,1355.7379389223845,1355.7379389223845,1336.4766067259986,1347.2987060546875,283833
2026-03-18,1347.298668768773,1381.5520247544198,1335.9801442905136,1374.5028076171875,540073
2026-03-19,1364.1771736447133,1364.1771736447133,1294.5783479042564,1299.5426025390625,689898
2026-03-20,1311.6552769500545,1345.114424417008,1311.6552769500545,1331.7109375,898444
2026-03-23,1323.4702103046131,1323.4702103046131,1284.0540792269505,1305.4996337890625,800316
2026-03-24,1324.2645616977727,1349.4828772721087,1299.6418112185572,1322.6759033203125,496307
2026-03-25,1342.5329345097543,1374.0063806647593,1340.3487110152957,1353.0572509765625,886923
2026-03-27,1342.0364731029083,1349.284332936211,1300.6346402843535,1305.4996337890625,1353886
2026-03-30,1289.6140056791357,1301.6274768398894,1268.069069308831,1275.8133544921875,1146492
2026-04-01,1308.4782269928025,1316.619555903979,1281.7705135097372,1297.6561279296875,898466
2026-04-02,1280.7776519311044,1288.4225553279246,1259.629879431799,1264.494873046875,889612
2026-04-06,1272.2391283386921,1286.4368230531006,1249.9992446237347,1281.968994140625,1230910
2026-04-07,1275.8134165936265,1290.6069193601895,1256.9492493443822,1285.8411865234375,454073
2026-04-08,1389.9912794049815,1390.38844401005,1340.3487337119466,1345.31298828125,1855865
2026-04-09,1345.312976624813,1355.3407465283963,1325.4559585196496,1337.767333984375,924142
2026-04-10,1344.5186573327524,1355.2414956676328,1326.4488192028991,1347.39794921875,1610183
2026-04-13,1320.4917017954322,1333.8951889941075,1304.9039910878723,1317.0167236328125,724962
2026-04-15,1350.277190966999,1350.3764518150467,1315.6266711651606,1319.9952392578125,1064359
2026-04-16,1329.4273039647996,1333.299446565385,1307.8824887425492,1321.4844970703125,1586537
2026-04-17,1325.3566985655902,1388.0055664902543,1316.5203012632883,1383.4384765625,1740546
2026-04-20,1385.0270332410498,1389.5941232330013,1368.8435147678583,1380.5592041015625,894803
2026-04-21,1379.0699496336417,1403.9904838792172,1370.1342912126893,1397.735595703125,708195
2026-04-22,1386.3178011327666,1414.614052619289,1384.7291426877055,1408.85546875,629961
2026-04-23,1397.934016210861,1401.9054196660056,1386.8141350155026,1392.076171875,319278
2026-04-24,1395.9483380735567,1398.827629866717,1379.467037695711,1384.33203125,506429
2026-04-27,1384.3320103206686,1396.8419069871231,1380.3606068584536,1389.2962646484375,356391
2026-04-28,1389.8920252240812,1395.253444424186,1379.0699259715332,1382.6441650390625,390142
2026-04-29,1382.6441854092502,1394.7570395135167,1376.4885581021283,1379.0699462890625,364945
2026-04-30,1368.8435430555862,1374.9000307501487,1345.3130242470675,1365.864990234375,1333712
2026-05-01,1365.864990234375,1365.864990234375,1365.864990234375,1365.864990234375,0
2026-05-04,1368.3471088149827,1379.069947381665,1351.3693820824221,1354.8443603515625,649397
2026-05-05,1355.2414727503653,1359.2128763335168,1338.0651037741886,1354.4471435546875,621782
2026-05-06,1364.9714368465834,1415.8053533692953,1363.1842567854435,1411.3375244140625,2276888
2026-05-07,1432.2867201653266,1450.654462277825,1417.7911208998528,1440.031005859375,1464405
2026-05-08,1492.8505355967638,1504.1690596913904,1459.490770789666,1465.4478759765625,5494105
2026-05-11,1458.0015752268944,1458.0015752268944,1421.762516666607,1426.92529296875,922577
2026-05-12,1422.8545482640257,1469.4192780024089,1417.3938685146923,1442.6123046875,1764144
2026-05-13,1442.612379801146,1461.4765471901492,1428.0175198265972,1435.2652587890625,1124814
2026-05-14,1448.271605401689,1479.1493663316057,1448.271605401689,1473.1922607421875,1213793
2026-05-15,1475.376496062095,1483.1207818690614,1453.6330362480344,1457.207275390625,909039
2026-05-18,1445.5908588844582,1446.1865451637061,1417.9895563690193,1439.832275390625,655599
2026-05-19,1443.60515395298,1461.07930489198,1434.768757037954,1445.392333984375,617156
2026-05-20,1429.705276002105,1454.5265481549193,1421.1667826210605,1445.1937255859375,356329
2026-05-21,1460.483693899916,1467.8308149000518,1455.3209176282646,1462.2708740234375,465411
2026-05-22,1463.5615031520247,1473.390751407,1448.5694786407093,1467.830810546875,533048
2026-05-25,1489.2763309358345,1497.6163026285988,1462.5686178281949,1466.6392822265625,593426
2026-05-26,1466.6392990635948,1472.3978827550357,1456.5122683760198,1467.9300537109375,454638
2026-05-27,1462.5686153215477,1475.3764159851685,1461.8736681806824,1470.1142578125,323780
2026-05-28,1470.1142578125,1470.1142578125,1470.1142578125,1470.1142578125,0
2026-05-29,1463.6607262508514,1489.971274704482,1456.01582291507,1472.1993408203125,4438929
2026-06-01,1472.1993055690846,1475.2771189994962,1439.931652577834,1446.7822265625,690657
2026-06-02,1419.776819278617,1453.434489793348,1419.776819278617,1444.200927734375,948386
2026-06-03,1439.6338438872533,1462.6679369104002,1434.1731637897499,1458.696533203125,836338
2026-06-04,1446.9808773476361,1468.029267242332,1446.7822344557296,1460.5828857421875,646986
2026-06-05,1464.4550419396596,1474.8799761365183,1455.817287798452,1466.0435791015625,489330
2026-06-08,1439.7330432339656,1467.4336071483463,1437.1516551740401,1449.36376953125,417045
2026-06-09,1455.916614548404,1478.1564994145779,1454.5265990197138,1471.20654296875,536175
2026-06-10,1474.3835643688549,1524.820437810823,1472.2986017496748,1495.7298583984375,1866212
2026-06-11,1494.9355351136217,1497.9140877806722,1479.3478246351044,1488.0849609375,613282
2026-06-12,1507.1476919608333,1542.7910641195895,1504.2684000620952,1524.5225830078125,1254231
2026-06-15,1557.5845752782611,1571.3851061392027,1544.6775132892315,1559.768798828125,1848652
2026-06-16,1575.6543778508258,1575.6543778508258,1541.5002826610382,1559.96728515625,382140
2026-06-17,1563.8394227885954,1573.1722454549265,1556.3930410650787,1566.917236328125,651610
2026-06-18,1563.740142634889,1574.8600240590233,1556.7901864454006,1569.7965087890625,759760
2026-06-19,1560.7615564826103,1583.5971263293661,1553.8116004422934,1568.6051025390625,847276
2026-06-22,1568.7043682414685,1571.4843991452465,1543.8830965920781,1560.9600830078125,775668
2026-06-23,1553.811713607938,1587.8665491647846,1551.528107977899,1555.49951171875,817811
2026-06-24,1558.775889884074,1573.6686531632213,1552.024455385147,1567.7115478515625,779349
2026-06-25,1584.5900348431628,1609.113403570021,1579.129354898528,1585.5828857421875,1399828
2026-06-26,1585.5828857421875,1585.5828857421875,1585.5828857421875,1585.5828857421875,0
2026-06-29,1586.2778656539936,1609.113436803183,1583.5972166503116,1588.164306640625,1536107
2026-06-30,1595.5114151495955,1598.7878716373518,1573.6686950915425,1581.3135986328125,1080720
2026-07-01,1588.5613968751265,1589.5542477481736,1566.7186776680935,1570.5908203125,510067
2026-07-02,1573.66866905875,1600.3763823819838,1571.4844455681261,1593.9228515625,710844
2026-07-03,1609.4112535078027,1613.8790824040304,1583.6963918433246,1586.57568359375,443831
2026-07-06,1595.4121889094974,1610.900639228969,1587.9658069099798,1605.3406982421875,502080
2026-07-07,1605.4398682396127,1615.0704732682495,1594.91567318208,1610.7020263671875,595670
2026-07-08,1606.6312965555917,1606.6312965555917,1551.5280709657866,1559.173095703125,653824
2026-07-09,1558.7759680523332,1587.4693843152415,1553.8117133770072,1579.0301513671875,226559
2026-07-10,1592.532823435545,1602.262810611393,1574.4629857633909,1587.0721435546875,738374
2026-07-13,1567.6123551099315,1571.8815413835312,1548.4502837125222,1569.3994140625,617150
2026-07-14,1553.8116175870089,1561.6551637300065,1536.3374664466398,1544.2802734375,1040498
2026-07-15,1558.775967369069,1585.8808463635169,1554.804563630549,1557.5845947265625,1092354
2026-07-16,1557.584496050997,1572.775041669915,1546.2659718737377,1548.4501953125,700762
2026-07-17,1548.8474421939263,1562.0524079686031,1545.8688894204765,1554.90380859375,1387673
2026-07-20,1548.847373445802,1565.6265775643217,1543.98237989225,1554.60595703125,848188
2026-07-21,1563.74018769662,1589.5543114300244,1558.2795076760922,1579.9237060546875,1640055
2026-07-22,1579.923727281895,1604.049932069077,1558.4780503186805,1597.0999755859375,1518908
2026-07-23,1595.0,1603.5999755859375,1558.0999755859375,1564.199951171875,1280969
2026-07-24,1562.0,1585.0,1537.0999755859375,1570.9000244140625,2199982
2026-07-27,1588.9000244140625,1622.4000244140625,1579.699951171875,1611.300048828125,1161586
2026-07-28,1625.0,1632.699951171875,1610.5,1619.5999755859375,1065976
2026-07-29,1619.9000244140625,1637.0,1608.9000244140625,1629.9000244140625,1117313
2026-07-30,1636.0,1636.0,1619.0999755859375,1629.9000244140625,1113810
2026-07-31,1630.5,1637.9000244140625,1601.0,1611.4000244140625,821463
2026-08-03,1623.0,1642.5,1622.0,1642.5,653565
2026-08-04,1642.5,1659.0,1602.0,1620.0,2924363
2026-08-05,1638.0,1665.0,1613.9000244140625,1665.0,1984248
2026-08-06,1658.0,1686.4000244140625,1652.0,1686.0,1808445
2026-08-07,1675.0,1675.0,1648.0999755859375,1660.0,917427
2026-08-10,1660.0,1685.4000244140625,1652.800048828125,1685.0,880089
2026-08-11,1684.0,1686.300048828125,1663.5999755859375,1685.800048828125,1131653
2026-08-12,1685.800048828125,1701.5,1679.0,1701.5,1724562
2026-08-13,1701.5,1702.9000244140625,1682.0999755859375,1696.0999755859375,570793
2026-08-14,1690.0999755859375,1707.5,1684.4000244140625,1693.0,680220
2026-08-17,1689.800048828125,1700.0,1667.300048828125,1669.0,701061
2026-08-18,1665.0,1674.0,1657.300048828125,1674.0,655495
2026-08-19,1670.0,1673.0,1644.0999755859375,1650.0,1011213
2026-08-20,1658.5,1666.9000244140625,1647.5,1660.0,419940
2026-08-21,1648.5,1664.4000244140625,1644.0999755859375,1649.0,732973
2026-08-24,1646.0,1660.0,1638.0,1660.0,554272
2026-08-25,1660.0,1660.0,1636.5999755859375,1651.0999755859375,456825
2026-08-26,1651.300048828125,1669.5999755859375,1641.0,1650.0,617323
2026-08-27,1650.0,1668.5,1640.0,1656.0,852620
2026-08-28,1656.0,1658.5,1617.0,1629.5,449546
2026-08-31,1625.0999755859375,1687.699951171875,1612.4000244140625,1687.699951171875,1907573
2026-09-01,1675.0,1675.5,1637.5,1643.5,990170
2026-09-03,1633.0,1638.0,1621.199951171875,1624.9000244140625,129137
