,Open,High,Low,Close,Volume
2017-10-03,721.6107937555138,726.519710719837,688.9174187577818,694.6608276367188,35367877
2017-10-04,697.2135628398645,697.8026089590047,686.2666530599287,690.8319702148438,3613280
2017-10-05,691.7154779790084,691.7154779790084,673.6015623823547,681.8976440429688,2680742
2017-10-06,681.2596191163661,689.2120417829992,676.4488558240548,684.0576782226562,1416485
2017-10-09,681.4559326476233,689.7029383711367,681.4559326476233,685.923095703125,951473
2017-10-10,685.6283246460557,688.4264429277395,682.8793434666524,687.248291015625,555002
2017-10-11,687.2483859169897,690.1937361423483,673.5034181986499,677.3323974609375,1077409
2017-10-12,678.5105131018795,681.3577090542817,672.5216580723097,675.1724853515625,439314
2017-10-13,676.3997097867494,682.3885647732191,667.6127360554758,677.1360473632812,1344510
2017-10-16,673.5033222763847,676.8904865377981,656.8130067097687,657.8929443359375,971834
2017-10-17,658.2857709505297,661.7220128570575,656.8130958477321,660.789306640625,664335
2017-10-18,658.7766729741196,660.5929483267087,652.0514805352852,656.2240600585938,415712
2017-10-19,653.9659506521295,665.8946438777966,653.9659506521295,662.802001953125,93358
2017-10-23,657.7948890526964,661.5256540507224,652.8859719702135,653.67138671875,292330
2017-10-24,651.7078149803671,659.2184820293548,650.9224002377424,653.720458984375,350373
2017-10-25,654.8494597400316,661.1819739965399,646.1115644188593,657.6966552734375,583868
2017-10-26,657.696696658501,657.696696658501,648.4679091076337,654.7022094726562,242175
2017-10-27,651.1186851382697,653.9167435249341,646.9951833658464,650.1369018554688,396395
2017-10-30,652.8860110217378,652.8860110217378,638.061104515229,643.0681762695312,1164020
2017-10-31,643.8535944179366,656.8131483429983,643.8535944179366,650.038818359375,1402840
2017-11-01,651.9042427664542,652.7387347705514,630.5504516818603,635.2630004882812,859011
2017-11-02,635.2629777067357,641.6936474042915,629.5195684178951,631.0413208007812,574130
2017-11-03,631.335829807272,641.5954787513076,629.4213401124885,630.5504150390625,672547
2017-11-06,630.943132763291,647.8788965953862,630.943132763291,644.7862548828125,483071
2017-11-07,646.9952775786084,646.9952775786084,627.8995779628337,630.6485595703125,763293
2017-11-08,637.1774778911831,637.1774778911831,617.5418083105611,620.0944213867188,843603
2017-11-09,621.4689080639597,658.1876321305834,621.4689080639597,645.9644165039062,356798
2017-11-10,643.1662596973358,666.8272747939916,643.1662596973358,664.2255249023438,784443
2017-11-13,652.8859252929688,668.3980901799312,650.9223586003583,652.8859252929688,192279
2017-11-14,643.2644418053272,655.5858104590213,642.086289839311,647.9769897460938,350594
2017-11-15,638.2574558195643,648.0262140338828,632.6613375764006,637.5211181640625,269314
2017-11-16,636.7846079254988,647.1915465900606,631.090276917574,638.0609741210938,261879
2017-11-17,641.1046085499933,651.6097037069135,633.3484951357315,647.5352783203125,3200674
2017-11-20,645.3262097311577,652.8859538125956,644.5407950044647,649.400634765625,712433
2017-11-21,647.9769773743315,683.7139134291436,647.9769773743315,674.9269409179688,2077453
2017-11-22,676.4487075763193,686.21746359637,668.7417324825412,680.5231323242188,669175
2017-11-23,676.4488516129339,676.4488516129339,651.9042633831468,654.162353515625,827451
2017-11-24,655.8313568039583,658.2367382858799,643.0681717164562,643.7554321289062,599114
2017-11-27,643.6080843702141,650.627859523941,639.9754738705464,641.7918090820312,239417
2017-11-28,641.1045112026994,654.8004005706327,640.1227278777335,641.5463256835938,269211
2017-11-29,642.1354185833858,646.4062123127227,638.9446225443274,644.2462768554688,258606
2017-11-30,653.818665255964,653.818665255964,641.9390501975709,642.969970703125,316178
2017-12-01,646.0135647116869,646.0135647116869,640.3683093969571,643.9518432617188,86648
2017-12-04,647.9770694123064,653.6714013709656,641.153662530046,649.6951904296875,162592
2017-12-05,647.9769516573023,650.0878096358068,641.6444376450834,647.0933227539062,125688
2017-12-06,642.1353664389048,647.976989159166,642.1353664389048,644.1480102539062,210799
2017-12-07,643.1662926705378,657.7948895568705,639.1410046291384,656.2240600585938,279051
2017-12-08,651.9532285797472,677.3323644036018,651.9532285797472,673.2088623046875,480717
2017-12-11,667.6126755569193,670.3125797595392,658.8257026219145,662.4583129882812,122163
2017-12-12,658.8256418264203,669.5761804621951,658.7765646482887,663.7345581054688,121938
2017-12-13,658.8257068492705,669.5762465460707,645.0316627283994,663.04736328125,260250
2017-12-14,662.8019789335056,670.5580921087712,661.0347807193442,667.5145874023438,444539
2017-12-15,668.1036322473268,678.4123583878072,665.6491736424506,676.4487915039062,351667
2017-12-18,669.0364080014473,681.3577794932111,652.8860567189992,679.54150390625,259324
2017-12-19,675.5651151611652,687.1502069041078,675.5651151611652,684.5975341796875,343970
2017-12-20,679.5414610081671,690.9301254295837,679.5414610081671,684.4503784179688,531872
2017-12-21,680.6704655323887,691.5682979676067,680.6704655323887,689.015625,259491
2017-12-22,681.3576282528566,691.0773071497024,681.3576282528566,690.04638671875,390144
2017-12-26,689.9482800124523,694.906274166622,684.4993941613689,688.9174194335938,272983
2017-12-27,687.2483100420322,689.2118766421523,682.4375479024192,687.6901245117188,163978
2017-12-28,684.3030445616884,690.1937450887617,677.9705295104235,686.16845703125,269410
2017-12-29,682.78131976881,692.5500771880135,680.3759383052915,682.68310546875,667407
2018-01-01,681.3576379193844,690.1936879788576,681.3576379193844,686.7574462890625,174646
2018-01-02,686.7575175430422,687.3957007495383,667.7108948026906,672.6198120117188,342012
2018-01-03,672.5707161598916,682.3394731194278,667.8581677546629,677.9214477539062,125483
2018-01-04,681.9466695971261,689.4082587775736,677.4304902977934,688.8191528320312,411800
2018-01-05,687.2482913938909,692.0590534029664,686.266508120471,689.1627807617188,195946
2018-01-08,679.394062509914,694.0226580563977,679.394062509914,691.32275390625,310252
2018-01-09,687.395670909641,706.83497022887,687.395670909641,704.1841430664062,605429
2018-01-10,701.8278198865163,701.975111361717,693.2372153768449,698.6370239257812,297500
2018-01-11,694.1209060676908,701.6806506926933,686.2666383894142,690.9791870117188,113144
2018-01-12,690.9791968709895,696.0844829193757,687.2484316552369,688.966552734375,93456
2018-01-15,688.7211005028258,711.4002745685924,688.7211005028258,703.6932983398438,764541
2018-01-16,702.9568661657519,702.9568661657519,683.3211995130773,688.0828247070312,338329
2018-01-17,683.3213344115561,701.7788527242176,679.0506000408083,692.40283203125,232397
2018-01-18,693.7280979837185,699.0297520953349,687.3465061457695,694.90625,323715
2018-01-19,692.2064250497041,700.9443219210991,688.6720285193127,698.5389404296875,293534
2018-01-22,691.2736078192136,703.938636546482,689.0645953614318,701.6314697265625,464739
2018-01-23,697.0661859797083,708.8475863061259,697.0661859797083,703.8405151367188,399677
2018-01-24,698.2443372004159,701.2878416452812,685.2847848714813,689.8009643554688,200051
2018-01-25,689.7028490321939,694.1208743996599,649.1061287915778,669.6253662109375,424803
2018-01-29,669.576246550352,676.8905445127249,667.6126798449259,669.428955078125,143914
2018-01-30,669.2817531798896,669.2817531798896,651.2169147203349,655.733154296875,339031
2018-01-31,657.7948852975169,669.0853945227728,641.8409048705249,648.615234375,324432
2018-02-01,652.8859698462047,708.8476244044508,648.4679444863432,695.7899169921875,1539000
2018-02-02,695.4953466437493,719.8926388354394,678.5104468103216,705.2149658203125,1772440
2018-02-05,703.3987388301807,703.3987388301807,677.4305555494574,682.3885498046875,352909
2018-02-06,657.7948105588143,692.1572260357673,652.8858940621067,682.5848388671875,399206
2018-02-07,687.2974846247107,701.9751590253566,687.2974846247107,700.6988525390625,315230
2018-02-08,704.0368187289971,706.8840144230769,698.0970414257966,701.97509765625,159852
2018-02-09,687.2483987192162,704.5769001705297,686.2666152924744,696.9680786132812,159318
2018-02-12,696.0843924523238,704.9204425680797,669.0853504319587,673.3070068359375,689547
2018-02-14,676.448754176066,682.3394545027081,667.1218119922161,669.8217163085938,312807
2018-02-15,672.5216069275257,682.3394406052998,660.9365751724125,669.968994140625,282049
2018-02-16,675.4669846073631,681.8976539441823,673.1598175682146,676.6942138671875,226925
2018-02-19,687.2483953164904,692.1573124258938,666.2382061189215,672.76708984375,423633
2018-02-20,674.4851689958606,677.430519078812,657.7948518591363,662.3601684570312,172882
2018-02-21,667.6127275513509,670.5090006334772,650.3824404646497,663.1947021484375,428939
2018-02-22,662.7037685039726,663.0965058175916,651.9041515357598,654.0640869140625,235890
2018-02-23,657.7948749077404,667.3672630127412,654.0150328048306,663.3910522460938,288608
2018-02-26,667.6127085893427,677.1850966904399,661.9674540681827,669.7726440429688,271771
2018-02-27,669.0853741018129,678.2159475597745,663.6855655067139,676.8905639648438,219932
2018-02-28,676.8415004031598,685.9720740448912,669.6744336394997,681.8485717773438,360647
2018-03-01,683.223087987239,683.3212423573369,673.5034084154212,677.4305419921875,272512
2018-03-05,676.4488120083575,676.4488120083575,653.867792159022,660.2984619140625,301455
2018-03-06,665.6491279300811,669.6744157963259,639.1409768178213,643.1171875,245988
2018-03-07,645.0317241599903,647.9279973109711,638.2083172241694,640.7118530273438,192215
2018-03-08,641.693631933837,647.4371010075166,635.2138852040147,641.3991088867188,113706
2018-03-09,645.5226006731806,662.1147644925051,638.6991938981339,658.0894165039062,483527
2018-03-12,657.9912801118242,677.3324260596384,656.6167593126329,666.1891479492188,163349
2018-03-13,664.6674334424008,672.5217014889876,659.7585159132841,665.1583251953125,73256
2018-03-14,660.7401878848818,671.0489129558941,655.3403795143516,661.8692626953125,305570
2018-03-15,660.2493986906828,664.4219785337094,658.8258006419296,662.703857421875,140732
2018-03-16,662.7038016743237,665.0109687182387,653.8677509853327,656.2731323242188,150189
2018-03-19,654.3095830960985,669.379934873735,654.3095830960985,661.8201904296875,138766
2018-03-20,656.8131041400611,675.9578807181347,656.2240580608267,674.0924682617188,167488
2018-03-21,673.6015830992546,678.4123458451922,658.3348628438392,660.64208984375,395902
2018-03-22,662.7037687394629,666.6309021838449,649.9896622286161,652.7877807617188,147381
2018-03-23,648.0261323762969,661.6238686551022,646.0134883562006,652.3950805664062,225060
2018-03-26,648.1243556660921,657.2549295858164,646.9952807516041,651.0205688476562,186540
2018-03-27,654.8494783011157,668.3980762123412,653.9167721569567,660.6911010742188,369173
2018-03-28,656.7640186328807,698.0479986947971,651.9041788092057,665.8945922851562,446572
2018-04-02,668.594454734477,682.3394214984751,668.594454734477,671.441650390625,263227
2018-04-03,675.478840008904,675.478840008904,664.6475466559915,669.5708618164062,783770
2018-04-04,670.6046505516944,680.3528372217509,666.7152201086292,669.5215454101562,520436
2018-04-05,670.0630453830296,677.1034085475405,663.8104605494937,664.6473999023438,514819
2018-04-06,669.2261962890625,674.4941190184156,663.6628265962221,669.2261962890625,667025
2018-04-09,665.1891198331191,674.4941977932918,664.6475671685722,668.2908325195312,886583
2018-04-10,667.6014829867026,689.21484685247,667.6014829867026,685.030029296875,955511
2018-04-11,680.4020938369263,708.9573191933241,680.4020938369263,707.97265625,715637
2018-04-12,702.6062046025822,713.5852200448242,701.0799891179929,708.0218505859375,665026
2018-04-13,703.0494077278662,708.9573859440667,695.5167114625856,700.7354736328125,681889
2018-04-16,691.2333895096679,701.5723504638723,691.2333895096679,698.027587890625,389870
2018-04-17,699.1107548611953,711.9113743164004,697.3383734179795,710.3359375,307669
2018-04-18,704.9202558979202,713.3883335400697,702.1139303276645,710.28662109375,241773
2018-04-19,705.0678285287411,713.8313520179562,702.9508394402363,711.8128051757812,228583
2018-04-20,706.9880454108705,710.8774763434585,699.2091835456948,705.1664428710938,114992
2018-04-23,701.1785109021187,713.8806878707537,701.1785109021187,705.9541625976562,523622
2018-04-24,706.0032495902626,743.420437155716,703.9847028071995,734.5584716796875,1182526
2018-04-25,738.3987886532855,757.0088828128105,734.6078001418399,754.3502807617188,1763048
2018-04-26,755.2365489211428,759.2244221987627,731.2600280243533,751.1009521484375,1352072
2018-04-27,738.4973037074404,762.7199912294187,733.5739883493909,747.2115478515625,700854
2018-04-30,744.4051788303033,751.1500958951617,720.773268391246,731.7030029296875,448784
2018-05-02,725.2042472391923,746.0298922280459,725.2042472391923,735.10009765625,514382
2018-05-03,735.1001500485394,740.5157965442542,705.2648731919585,720.7733154296875,259083
2018-05-04,713.8807172539551,717.770148353979,689.3625830631248,691.3319091796875,405214
2018-05-07,693.2027271161096,703.6401305018142,685.6208102684656,692.808837890625,291749
2018-05-08,698.0276018332708,698.0276018332708,681.6329393816511,691.676513671875,256284
2018-05-09,694.0889988382403,698.126093250416,680.4021585839739,689.2149047851562,1771037
2018-05-10,692.1195328338133,707.9725804851686,682.3713466985005,702.8031005859375,589720
2018-05-11,700.1445398079358,704.9201909104233,685.3745963758055,687.590087890625,402458
2018-05-14,691.2333733846635,693.7442518237283,677.4480924339722,680.5498046875,226655
2018-05-15,679.4174671480913,688.2794341108925,661.8904778414742,668.4877319335938,579274
2018-05-16,663.6628643528555,672.5248313842735,654.8501184518001,657.4102783203125,632333
2018-05-17,659.8226010826737,669.2754012089239,655.2931756736127,659.4287719726562,203078
2018-05-18,658.7395099038531,663.3674377630488,652.8807533639701,654.997802734375,224549
2018-05-21,652.8316049199626,695.8613924073505,637.0769960531159,645.1512451171875,297261
2018-05-22,645.9388168696563,659.7240964979721,645.8403746262168,649.8282470703125,403662
2018-05-23,654.6039286914607,673.5094696848831,649.1882823708952,668.6353759765625,355517
2018-05-24,663.3182040401567,676.3157065821653,661.2995969629146,667.8968505859375,75038
2018-05-25,664.6474517854825,677.4480693754251,662.7273471271805,673.3616943359375,91418
2018-05-28,671.2939217362466,687.639301584886,669.472319438923,674.8386840820312,824327
2018-05-29,669.9646073910582,691.7256316936883,669.5707182230719,684.6360473632812,1042346
2018-05-30,683.8484338719718,688.0824726306331,674.5925778980121,683.6514892578125,209019
2018-05-31,679.7620726454451,687.5409343236755,660.2657574191292,679.2205200195312,205322
2018-06-01,678.3343791580544,682.0268654865406,663.3182680888774,665.6322021484375,250207
2018-06-04,665.8291507707892,669.5708582529788,648.4006031758626,649.9268188476562,635824
2018-06-05,649.9267488077339,662.4812010470358,649.8775276815085,654.8008422851562,189718
2018-06-06,658.7395065721579,675.872665760294,651.8468659951698,672.6232299804688,174179
2018-06-07,679.3682327030033,686.310094667997,670.65392930094,681.3867797851562,339268
2018-06-08,674.9864065309162,686.2115874406358,671.0969761219048,681.7313232421875,231427
2018-06-11,677.9404167094983,703.0493210320724,677.6450298549261,701.5723266601562,872476
2018-06-12,697.3383781462938,718.7055781708292,697.3383781462938,708.8589477539062,678290
2018-06-13,704.7232196504173,718.7054442570022,689.264000756497,691.4794921875,584484
2018-06-14,691.1841458434781,691.1841458434781,675.478760314888,679.3189697265625,463811
2018-06-15,674.8387534728729,678.531239670687,657.8533169629283,661.49658203125,4172714
2018-06-18,666.3214277157085,673.5586763306814,659.7241739563337,661.5457763671875,159457
2018-06-19,656.770128346477,669.5707455406363,656.770128346477,663.1212158203125,382091
2018-06-20,663.1212176518695,675.47872457286,663.1212176518695,665.8290405273438,294569
2018-06-21,665.8290733561433,675.2325921493492,664.647465841503,665.090576171875,192773
2018-06-22,668.389173355945,681.8790672844888,668.389173355945,674.6910400390625,159149
2018-06-25,675.4787179104181,688.1808927678876,667.3060282412248,679.1712036132812,173207
2018-06-26,679.1712663212436,683.7006918286709,667.995365934993,674.19873046875,141038
2018-06-27,671.0969926737048,678.2850198795746,664.1551311947419,667.3552856445312,216975
2018-06-28,670.653878913018,670.653878913018,647.957411028177,656.1793823242188,255422
2018-06-29,655.7854742930067,674.4940689049694,655.7854742930067,664.0073852539062,162407
2018-07-02,664.9428368010183,673.3616924806272,650.714446037744,659.1333618164062,125314
2018-07-03,660.216563707499,664.056773576295,655.4409720364879,659.9703979492188,84524
2018-07-04,657.7548481382232,661.693499923482,651.2560967321689,653.8654174804688,133985
2018-07-05,659.7242258831285,660.2165573949816,652.8315847171854,654.8993530273438,134614
2018-07-06,659.5272373251375,659.7241819365719,654.0623699274147,657.8040771484375,166887
2018-07-09,654.8008606889147,659.7241754309366,650.616043158196,654.6531372070312,134065
2018-07-10,659.4286966062426,659.4286966062426,649.8774553188678,651.2067260742188,330679
2018-07-11,649.8283840625203,653.8654784794073,649.8283840625203,651.9453735351562,294280
2018-07-12,654.0623828043758,657.1148139950024,651.2561173581242,654.5054931640625,138269
2018-07-13,651.8468186976526,654.8008073020226,648.8928300932826,650.911376953125,98347
2018-07-16,650.9606153450192,651.4037256672397,644.9541957297529,646.1358032226562,55711
2018-07-17,645.1512732033543,655.7856226316214,644.46199701561,654.3578491210938,56942
2018-07-18,656.7701515903785,657.7548144863161,630.1842534000634,639.2431640625,273188
2018-07-19,640.0309244791666,646.8743440761016,621.3223282251603,624.0301513671875,190097
2018-07-20,622.306936314699,628.214913558193,618.3682848190364,623.3408203125,295830
2018-07-23,623.7840661261101,647.1205933269631,620.3377453187835,642.7388305664062,128365
2018-07-24,642.492569775306,648.0559394382703,637.4708128097883,644.609619140625,98615
2018-07-25,645.6434142743775,654.6038217743595,641.1139293048204,649.6312866210938,309730
2018-07-26,652.8315477770084,671.5401441688081,648.1543986790585,662.8751220703125,349706
2018-07-27,674.2972018380401,686.9993784167501,662.3335825990339,683.4053344726562,378854
2018-07-30,683.4052099326602,692.7595066094825,674.0016921352434,678.7772827148438,111734
2018-07-31,672.7218371951958,700.784735347272,672.0817821450836,675.4788818359375,300404
2018-08-01,680.5005461982522,697.3875399666837,676.4142309822024,684.6853637695312,141857
2018-08-02,680.5991284674616,694.1874668628361,675.0357580621974,684.5377807617188,156616
2018-08-03,693.2027465289905,693.2027465289905,675.4788126688742,679.2205200195312,86846
2018-08-06,680.4019983902932,686.7038643831656,669.6691497740399,676.0694580078125,137689
2018-08-07,685.1285137725017,685.1285137725017,672.524839201136,675.5772705078125,186264
2018-08-08,675.5772461964101,678.4820140057515,663.4166824391891,666.8137817382812,86449
2018-08-09,673.9033754260935,673.9033754260935,658.7395413172826,663.0720825195312,136388
2018-08-10,664.6473851052436,665.5828267781642,634.1228385300399,639.932373046875,357324
2018-08-13,642.9848572685848,651.403712828631,641.0155315189107,643.6741333007812,227848
2018-08-14,644.9542498016137,651.8468906391882,643.7234210806183,648.7451782226562,40999
2018-08-16,650.862215261415,653.1761491731752,636.239994374212,638.6031494140625,310896
2018-08-17,643.7233607804374,648.597454078815,642.0494218568765,644.9049682617188,151040
2018-08-20,650.8622014819958,663.6628196654542,649.9267596718549,662.2350463867188,171665
2018-08-21,662.2842892597382,673.5094711518931,653.4223225340554,659.8226318359375,118889
2018-08-23,664.7459736781956,664.7459736781956,656.8194484714807,659.7734375,77770
2018-08-24,656.3762894238736,663.2689299792959,649.9759803366958,650.7144775390625,136148
2018-08-27,654.8008487805076,659.7241634329927,646.9235453365316,650.2714233398438,105281
2018-08-28,649.8775791931732,653.2254574286408,643.969601200508,648.1544189453125,164292
2018-08-29,649.8774983446277,663.1704471744042,648.1543383111382,659.0348510742188,215118
2018-08-30,662.5304207451114,664.4505254562062,640.5724496799859,654.0131225585938,325212
2018-08-31,653.9638123020975,667.6013678264859,649.0897194994842,662.0872802734375,121399
2018-09-03,658.3456050260518,664.6474717608883,654.8008425496158,656.720947265625,88542
2018-09-04,661.1027275983255,664.6474901729584,652.8807559197147,654.6531372070312,82766
2018-09-05,649.9267277464978,662.1365716074997,649.9267277464978,659.1333618164062,169872
2018-09-06,659.1334144008232,671.4417014930177,656.2286466272536,668.6353759765625,139910
2018-09-07,670.0631318032625,674.4941150407566,660.8072761119857,665.7305908203125,1353205
2018-09-10,660.9058316677875,676.3157718858996,660.9058316677875,665.6322021484375,125634
2018-09-11,663.7119611866036,671.5400426181648,661.1026407754492,666.2228393554688,391766
2018-09-12,663.0720130904598,665.4843890878054,652.8314950114433,662.9735107421875,232965
2018-09-14,660.9550451312199,667.6015204453886,656.0809512143508,659.7734375,717060
2018-09-17,654.456224053526,658.3455944502547,623.2916190608612,632.7936401367188,1979234
2018-09-18,632.1536030532078,632.1536030532078,610.3925762712166,613.4450073242188,350633
2018-09-19,613.789613612167,625.2609607907054,600.6443875312289,603.0568237304688,208275
2018-09-21,606.552374007451,620.0422683712592,580.4588059697928,603.9429931640625,1139496
2018-09-24,600.6443706536242,600.6443706536242,573.0738093777202,577.898681640625,287803
2018-09-25,566.1811529514847,573.0737930743724,546.48789545752,557.368408203125,367015
2018-09-26,566.1318940046211,580.9510572589595,562.5870718331036,568.3966064453125,141456
2018-09-27,572.6307606390477,572.6307606390477,537.6260027026696,543.3370361328125,615329
2018-09-28,551.4112512630406,551.4112512630406,500.2087779314725,503.7535705566406,527415
2018-10-01,504.14736944142203,524.8252888911678,477.56147300603453,513.3539428710938,568704
2018-10-03,516.947961743269,545.9955138793194,513.3539185410542,533.7364501953125,1232831
2018-10-04,533.982704441782,575.0431613748303,526.7946769444079,556.7284545898438,1801469
2018-10-05,558.8945959129405,571.7937149910075,531.7671470805781,549.7372436523438,874787
2018-10-08,556.3345054186265,557.8114996807999,524.9237367367865,541.0230102539062,237685
2018-10-09,545.3555373217227,555.743779266386,531.7672009678107,532.0133666992188,205413
2018-10-10,531.7179278224041,585.8743834339454,527.7300553835461,552.445068359375,152186
2018-10-11,551.411251143457,551.411251143457,523.8406885862842,532.554931640625,223216
2018-10-12,541.5646486584418,546.2910190269216,532.2103501816141,544.0263061523438,213930
2018-10-15,547.4725837494212,547.4725837494212,526.794662420756,530.4379272460938,266017
2018-10-16,533.884315532271,541.1215648803562,530.4379948714565,538.216796875,505786
2018-10-17,542.5493146502574,558.3039226981779,540.5799886442675,551.362060546875,379784
2018-10-19,549.4418581604266,572.9260425744378,546.7340353827542,555.49755859375,1287121
2018-10-22,565.1965197541219,569.1351714597256,544.5678194262117,549.294189453125,1008814
2018-10-23,538.8076064805228,577.0617400520074,536.7397781177835,570.56298828125,719595
2018-10-24,577.0125112597007,590.6008484811582,549.6881133288872,555.103759765625,226896
2018-10-25,554.906818663212,560.2732440043308,548.3095645786742,554.7591552734375,112717
2018-10-26,554.414485386087,569.1352091299344,543.5339713490032,561.6517944335938,587007
2018-10-29,559.3377939440682,576.0278434800982,557.3684679834524,570.0214233398438,398793
2018-10-30,571.1045517219688,571.1045517219688,547.620362729578,550.3281860351562,158937
2018-10-31,549.934231191229,558.3038658646853,538.6598289348208,551.8051147460938,96124
2018-11-01,549.4418606564537,560.273151816348,548.949529240095,555.1528930664062,109226
2018-11-02,552.5927546979468,563.1778794017779,551.6573130531481,554.6605224609375,151367
2018-11-05,549.4419264084397,571.1045113206005,549.4419264084397,569.0367431640625,140781
2018-11-06,564.8026289283827,581.8373455856369,564.8026289283827,570.7598876953125,259120
2018-11-07,579.9664344143837,579.9664344143837,566.9196512972519,568.8889770507812,34093
2018-11-09,571.1045468512399,579.7695693353776,562.3410220064844,566.0335083007812,531454
2018-11-12,563.2271977884055,573.8123243202681,561.7009822617622,566.2304077148438,359942
2018-11-13,562.5378784414241,566.8211979307628,552.2481395612605,563.3748779296875,110885
2018-11-14,567.1658916702402,576.0278587275876,563.2764607752589,574.0585327148438,431328
2018-11-15,575.043222546696,575.043222546696,567.7074707872038,570.1691284179688,156975
2018-11-16,572.9753470697515,572.9753470697515,558.3038462933221,568.4458618164062,64388
2018-11-19,574.9447059270707,574.9447059270707,557.4176577834376,560.0270385742188,438124
2018-11-20,563.2271864438168,563.2271864438168,553.3805573101837,556.8760986328125,282576
2018-11-21,557.3684080728927,561.5040041654695,549.5403262010603,551.608154296875,215124
2018-11-22,551.4112122869192,570.612138429053,551.4112122869192,563.9164428710938,588100
2018-11-26,557.6638112024119,566.1319482295879,551.5096680572495,559.4854736328125,53829
2018-11-27,558.3038629637174,565.1965032472201,554.6113770975552,561.7501831054688,52652
2018-11-28,559.2885571984526,575.0431644434794,557.3192312928243,560.2239990234375,120739
2018-11-29,563.7195077810879,565.6888335724628,556.3345360634318,562.882568359375,150064
2018-11-30,562.882640364787,568.8398396259461,560.3717015803352,562.636474609375,40722
2018-12-03,556.5315434679003,563.2272398943851,553.3806098263015,560.6178588867188,63727
2018-12-04,560.2732289735832,569.1351956884554,556.4823005851779,561.1101684570312,288155
2018-12-05,556.3345340395141,566.1811629605675,556.3345340395141,564.014892578125,85850
2018-12-06,564.2118731547964,569.1351879292711,554.365243605847,559.0916137695312,76272
2018-12-07,559.2884825013923,563.1286915441025,550.7711250574821,553.9220581054688,103784
2018-12-10,549.4419074351334,561.2578624337384,546.4879186854821,553.8236694335938,114905
2018-12-11,547.620260412124,557.2699441874242,547.620260412124,554.0205688476562,104981
2018-12-12,559.0424317958218,563.2272496472216,554.1683378079085,561.5040893554688,72595
2018-12-13,566.1319844473134,566.1812055758128,553.6267527565229,562.2425537109375,151320
2018-12-14,562.2426073185351,565.9843149271119,542.0570145864335,558.303955078125,98357
2018-12-17,558.303907585031,584.8898079462228,558.303907585031,580.7542114257812,230206
2018-12-18,588.828470844909,597.8381612862568,567.510492969512,578.5879516601562,413782
2018-12-19,581.8865884776914,581.8865884776914,568.7905831239691,574.1077270507812,155299
2018-12-20,571.6953540296071,586.8591893373455,566.8213199155366,583.3636474609375,134271
2018-12-21,584.0528607544915,596.2626454406765,568.4459167258573,588.3361206054688,2025095
2018-12-24,575.9294136596345,580.5572816877792,567.7074415370645,570.56298828125,144403
2018-12-26,567.1658948039899,575.0431988984898,561.4056402245112,566.0335083007812,81515
2018-12-27,535.6566041674632,595.7210395612414,532.0625606329687,581.5418701171875,926443
2018-12-28,590.797757437029,595.7210720823375,578.2433050914921,589.6161499023438,519520
2018-12-31,585.8744597084237,596.5088076295383,585.8744597084237,588.6807250976562,169943
2019-01-01,586.1206425625777,592.5701731026733,583.1174324743411,589.6654052734375,40902
2019-01-02,584.2989294339116,594.7363310720469,584.2989294339116,592.4716186523438,115282
2019-01-03,589.222387939768,593.751813890017,580.9511943534163,590.8470458984375,415471
2019-01-04,593.7517273805432,605.5676821542854,590.7977386871078,593.60400390625,119061
2019-01-07,593.6039731222374,599.5119502027237,588.5329955209171,593.2101440429688,316222
2019-01-08,590.7978515625,617.2853126138449,590.7978515625,603.1061401367188,214725
2019-01-09,605.5677090566791,639.7847462757353,605.5677090566791,633.0890502929688,304725
2019-01-10,632.2520187222004,638.4554430191655,621.3222846639302,625.0147705078125,165683
2019-01-11,625.2608944647183,633.1381970721478,620.3375803350749,628.7072143554688,171998
2019-01-14,623.2916537644057,626.8856976085154,608.7678751024389,610.5894775390625,366016
2019-01-15,614.4296800482255,621.4700441717342,610.4910282530445,614.3312377929688,68669
2019-01-16,612.9527341961285,620.6330937855207,608.5217505754337,611.86962890625,440003
2019-01-17,611.9680702941731,623.8332477305873,608.5217497052276,613.7896728515625,377003
2019-01-18,617.3836844822989,619.8453419164389,605.5677287984272,610.68798828125,107504
2019-01-21,615.4143112489473,634.8121823593249,603.1060250239684,608.1770629882812,427431
2019-01-22,610.4910203789871,620.1407051329082,602.3183300292086,610.392578125,95583
2019-01-23,613.4450166763797,619.254552109888,602.8106688565364,610.4910278320312,159259
2019-01-24,610.4910435042206,619.7468994937467,605.6661708949671,608.7678833007812,129335
2019-01-25,617.8268703512601,623.291738503157,606.2078578618517,610.0972290039062,222746
2019-01-28,611.4756840215308,614.872783174795,586.1206133877878,590.0592651367188,285382
2019-01-29,590.8962214270485,608.4724914167952,586.5637404392356,596.80419921875,302014
2019-01-30,597.6903967727617,606.9462523274811,586.8591045742438,590.74853515625,260752
2019-01-31,591.2900968663832,598.4289031982422,584.5944008783821,585.8744506835938,780410
2019-02-01,590.7977226073822,594.7363740914315,579.0802104027149,581.8865356445312,546770
2019-02-04,584.889711982368,589.8130260562937,562.3409094841691,580.7048950195312,146249
2019-02-05,580.7049020741084,584.8897190877836,573.0737651668182,575.0430908203125,53619
2019-02-06,576.0278829734675,580.951198212557,566.1812524952886,570.5137939453125,690808
2019-02-07,571.1044291698246,575.4369695686634,566.2303362458931,568.3966064453125,570245
2019-02-08,568.3966907700321,574.9939445883005,566.1811991212967,568.6920776367188,130409
2019-02-11,567.1658172961484,570.2182481760032,552.4450952614465,558.1561279296875,339881
2019-02-12,561.1100913876606,576.6678122294715,553.4789544313363,565.8857421875,288095
2019-02-14,561.159409095514,565.6888343825411,556.2360946100263,559.830078125,24238
2019-02-15,559.8301624226093,566.9689695015074,553.3806314952793,560.1255493164062,72417
2019-02-18,560.7655563277198,563.3256559868712,554.6606339492922,558.7470092773438,33962
2019-02-19,564.8519061187694,564.8519061187694,552.2974539327516,553.8236694335938,91484
2019-02-20,555.9406832161488,562.3409924566067,547.4726057991661,552.9866943359375,1156061
2019-02-21,553.3805467420219,557.0238114717,551.4112209529044,553.2821044921875,97421
2019-02-22,556.5806923557619,561.2578410310205,548.2110578842468,551.2634887695312,207746
2019-02-25,554.3652610302821,556.1868635144702,546.8325651489504,552.3959350585938,256241
2019-02-26,552.3959323354293,555.3499212783995,546.4879544494889,550.8204956054688,205333
2019-02-27,554.3651356518025,557.2699028228955,552.4942523622047,554.6605224609375,91914
2019-02-28,556.3345267831513,573.0737957306089,556.3345267831513,569.6766967773438,232357
2019-03-01,573.024643354029,612.5588266400159,507.6429962873546,598.57666015625,11513018
2019-03-05,589.8130332730229,607.5369641560186,586.9574870355872,598.4288330078125,967319
2019-03-06,598.6750145798674,612.2633499304555,592.7670374623029,598.6257934570312,594253
2019-03-07,600.6443492328497,603.007564154698,580.951091880953,583.0188598632812,326651
2019-03-08,577.9971739731094,587.2530301002071,576.4217372318865,578.1448974609375,195823
2019-03-11,580.7049530991729,616.7928729100279,578.3910192926176,612.9034423828125,693313
2019-03-12,613.4450609146318,625.1625748818391,602.613767704261,613.3466186523438,398863
2019-03-13,608.5216732094189,611.9679933651356,600.8413145964894,605.9122924804688,253418
2019-03-14,609.5063935539572,611.4264984129132,601.629089598494,605.4692993164062,233675
2019-03-15,603.6967777201131,610.2448098036128,601.6290097458773,605.6168823242188,505837
2019-03-18,606.601609488866,611.3772609436699,596.7549798076927,601.43212890625,91435
2019-03-19,603.5983028057817,613.1987652076682,592.767011890833,602.5151977539062,1038136
2019-03-20,604.435407709054,610.4911096915885,598.2812634581308,603.4507446289062,816543
2019-03-22,600.6444122537571,609.5063789919272,595.7210973992181,606.06005859375,741217
2019-03-25,592.8162570035464,607.4877575126427,592.8162570035464,601.67822265625,93192
2019-03-26,602.6137033142612,608.4232385459651,597.4934441421068,600.25048828125,167512
2019-03-27,598.1335399958034,611.2787667562119,598.1335399958034,609.2109985351562,302382
2019-03-28,610.4909744338771,615.2173441516194,604.1891080775197,606.749267578125,89907
2019-04-01,575.9293256890899,590.6992684566434,574.4523314123345,589.0253295898438,953998
2019-04-02,590.797728393718,594.6379376678983,581.9849835920345,591.9301147460938,687704
2019-04-03,592.7699577453607,607.5892066889946,587.8302080974827,594.6964721679688,999883
2019-04-04,596.6229645528639,596.6229645528639,582.8904369191358,587.5338134765625,1064749
2019-04-05,590.7939917312866,606.5024179724386,588.9168629554156,604.7240600585938,855081
2019-04-08,603.6372921266911,620.4324377341441,603.1927026830311,612.3312377929688,1180323
2019-04-09,621.914369464493,621.914369464493,607.5890980471219,610.7505493164062,391977
2019-04-10,613.5167905378657,618.9505141255602,609.5649915649971,613.862548828125,471405
2019-04-11,617.3698040270677,622.1119506222068,614.060136285916,617.419189453125,1717441
2019-04-12,619.7408690955796,619.7902545233835,612.8252208123201,617.6661987304688,201752
2019-04-15,619.3458324873915,619.9385783228888,610.7012706382676,615.8385620117188,137884
2019-04-16,618.4565629194191,618.4565629194191,607.6878861864177,610.256591796875,382679
2019-04-18,613.5168261084744,613.9120301485412,604.3782904538796,607.4903564453125,322285
2019-04-22,610.4047843126286,617.1722768940874,597.9566404528109,608.8734741210938,427291
2019-04-23,610.5528993884993,611.4420782162118,590.7939058807809,592.9674072265625,1108991
2019-04-24,594.7457084123608,607.5890542750863,593.0167964693017,602.9456787109375,222954
2019-04-25,602.254198706396,612.2325282762018,600.7228885134094,606.9469604492188,225934
2019-04-26,617.4685993396614,637.0299925068083,617.4685993396614,629.5709838867188,2193690
2019-04-30,627.4468869392621,636.9806265239712,627.4468869392621,632.1396484375,798810
2019-05-02,632.238578148484,650.0710625615512,632.238578148484,642.6614379882812,1022283
2019-05-03,642.1673972382684,657.9745947087489,641.1300619642027,656.1469116210938,809596
2019-05-06,652.0468139648438,659.7528097063134,644.3408182233742,652.0468139648438,510425
2019-05-07,650.0710117013092,657.2336482284132,650.0710117013092,654.12158203125,400330
2019-05-08,647.1564672036404,653.4299842525708,642.1179476333398,642.710693359375,290783
2019-05-09,643.2046460430654,648.5889840175385,633.2757635266445,644.3901977539062,347971
2019-05-10,642.2661553967876,659.9504813369119,631.4975385128596,634.3131713867188,758566
2019-05-13,632.0903263898507,638.0674111533309,601.1675069501323,612.5289306640625,324189
2019-05-14,611.0469020393635,631.2504858805496,587.4843253287709,608.1818237304688,1232277
2019-05-15,616.4806237514654,641.7721124008901,609.3179882992248,621.2721557617188,552190
2019-05-16,625.1252825759843,640.8830951212404,618.4566209285914,623.3469848632812,363954
2019-05-17,627.1999582649815,638.1662381314401,615.838534625656,622.1614379882812,387017
2019-05-20,636.091385307301,649.7745247263107,628.3360043421262,637.9191284179688,523465
2019-05-21,642.1673632618697,655.9986603167407,638.2649495328828,651.75048828125,396784
2019-05-22,651.7504352302154,659.5058163277008,644.9829435422818,651.7010498046875,361789
2019-05-23,656.9866065381614,675.6588815806927,656.9866065381614,663.3095092773438,528882
2019-05-24,667.804697838316,681.6853808522573,657.1348517631716,677.7335815429688,541134
2019-05-27,673.7817138713194,695.5166078671685,673.2877390077774,690.4780883789062,1669747
2019-05-28,691.5648933642665,695.4179218900225,676.8444165142149,690.3299560546875,373366
2019-05-29,679.8576619560995,694.5286919986501,669.8793330463033,671.8058471679688,1286226
2019-05-30,671.8058631451624,678.3263076969973,665.8781643527051,671.7070922851562,550276
2019-05-31,676.646848674103,687.6130674401332,668.1998295627956,685.8841552734375,650980
2019-06-03,678.7215508686279,692.5528488484834,678.227575940776,687.2178955078125,167500
2019-06-04,681.9323162613765,691.5648263425767,679.2154544436021,689.984130859375,410079
2019-06-06,688.6009927427457,691.9106003670506,681.191369434897,687.9588012695312,1320152
2019-06-07,690.4781588184136,693.5407791649426,685.6865659734394,690.0335693359375,680274
2019-06-10,688.6009887852807,691.5648380913866,686.7733058330494,690.6756591796875,449355
2019-06-11,687.1190716230581,696.5045945280459,685.6865323828891,692.5527954101562,402010
2019-06-12,691.4661174975962,693.5407880428124,686.8721266193238,691.5155029296875,387860
2019-06-13,691.5648599468501,700.4564081461667,685.6371611473056,690.9226684570312,437375
2019-06-14,691.5153822097402,692.5527173012575,687.6129689610203,691.1201782226562,375865
2019-06-17,692.9480342517048,698.4805291748047,689.8853536016867,691.5648803710938,486849
2019-06-18,692.5034197991451,699.4684537832392,690.7251222308166,695.5660400390625,1561472
2019-06-19,697.4926106962382,700.4564603167605,677.9806006944667,687.9094848632812,358961
2019-06-20,688.0082842487378,696.5046286485535,681.7347666619582,690.0335693359375,1024232
2019-06-21,696.5046375643628,702.4323366074639,686.526368295012,691.5155029296875,3605899
2019-06-24,696.6528311616731,704.8034170768611,690.527530292749,702.037109375,376039
2019-06-25,666.8661294921053,676.696242275664,661.4324054740215,666.2239379882812,3513192
2019-06-26,687.119056197176,735.034619425879,684.4021943646205,708.8045654296875,6255032
2019-06-27,697.4925639878395,729.1069578229824,697.4925639878395,718.1901245117188,4196283
2019-06-28,716.2635706653759,725.9948516090317,708.3599726442408,714.979248046875,1184510
2019-07-01,716.0660085525141,730.0949078816216,707.4214477352418,727.0322875976562,610864
2019-07-02,731.0828139958875,743.6297878635881,731.0828139958875,740.7647094726562,1257045
2019-07-03,740.9622975473851,751.7309737249402,732.2683519827623,747.7791748046875,554389
2019-07-04,750.8418386876491,753.0647257100796,743.4816007090006,748.273193359375,271994
2019-07-05,750.4466275564467,767.1430029313561,736.615330658779,744.4695434570312,1195407
2019-07-08,739.776751248677,759.0417711265053,730.6876016053579,750.0514526367188,787426
2019-07-09,745.9021434356729,753.8057423065145,738.5912903602749,749.8539428710938,594218
2019-07-10,742.7406812655365,749.1623552567783,731.0828851567553,733.0093994140625,459594
2019-07-11,735.0346703332547,752.817767196156,735.0346703332547,745.012939453125,292405
2019-07-12,746.890047360685,779.7887635773525,744.2719562758621,771.2924194335938,1817841
2019-07-15,771.094858277775,785.3213602441529,756.7695854462211,774.1080932617188,585738
2019-07-16,773.5647199242641,778.8996731470589,760.9189741105962,766.5008544921875,440957
2019-07-17,763.6852368538927,783.5430047919317,747.8780391958561,756.0286254882812,880172
2019-07-18,756.7695066586281,765.6610543869931,728.1189639783406,731.9225463867188,424234
2019-07-19,736.3683645519538,741.950305081557,723.0310421570124,735.8743896484375,577254
2019-07-22,740.1720407814935,754.7936865233194,726.6371157564155,752.9660034179688,409528
2019-07-23,754.7936580701974,770.6008550978454,754.7936580701974,766.5996704101562,708849
2019-07-24,773.0707211787646,798.7574160677715,746.0997036052415,763.1912231445312,8522595
2019-07-25,760.6225790893959,790.3598441039383,759.782785575233,787.7911987304688,892300
2019-07-26,789.4706590532354,797.2754865732632,773.5646914335379,785.5188598632812,848649
2019-07-29,783.444202681888,795.7441899289465,772.8731276097266,787.7417602539062,655785
2019-07-30,788.3839444936784,795.2995931295878,772.4779767509549,787.7911987304688,629929
2019-07-31,773.5646738872152,790.359820063566,765.6610756865796,787.9393310546875,490133
2019-08-01,780.8261301397722,793.9164654898578,743.481638333047,767.6370239257812,789834
2019-08-02,748.174362242034,793.32367960449,748.174362242034,782.1104736328125,941917
2019-08-05,780.4803452748798,785.4200942956069,764.8213649990432,780.8755493164062,538695
2019-08-06,778.6031688824899,790.4091803795228,770.6995709329672,777.7140502929688,700080
2019-08-07,780.7273257165161,791.9405317730258,772.8237273543116,777.0718994140625,487084
2019-08-08,785.4200455995449,817.0344373721051,773.8610215477692,803.1043701171875,1081958
2019-08-09,800.7826375875406,804.9814239190462,785.5188022754287,792.039306640625,714830
2019-08-13,787.6429941532871,792.039382913105,752.5213901051633,761.956298828125,432634
2019-08-14,770.6008537631819,806.9573948038696,766.6490545131144,802.3634643554688,1042108
2019-08-16,791.4466510330951,828.7912059770962,791.4466510330951,825.283935546875,1340618
2019-08-19,827.1115946636442,848.4512864829062,823.011578823989,839.6585693359375,999684
2019-08-20,839.7573912336114,852.0573792004387,821.529704034547,843.5609741210938,1032233
2019-08-21,842.2271863952349,846.6729603996672,814.2682197161831,819.4549560546875,469687
2019-08-22,816.2440951950261,827.5561318880954,795.8429087455299,805.3766479492188,451114
2019-08-23,805.1296276220585,820.0476441120312,802.4621513471212,811.3536987304688,545349
2019-08-26,827.9019164788729,829.3344557212582,808.2911374458698,817.1332397460938,606859
2019-08-27,817.0345073056357,836.7935038547441,817.0345073056357,824.1971435546875,851189
2019-08-28,829.8777874986416,831.6560849833481,811.6501026061487,818.4669799804688,538964
2019-08-29,817.8247831532615,829.6801800396571,812.3910595803301,825.0368041992188,338992
2019-08-30,829.877828534077,836.7934771051943,800.23933465786,828.593505859375,6692265
2019-09-03,822.7646193014962,838.4236605330276,786.753835371816,801.4249267578125,592127
2019-09-04,806.1670699979571,819.9983677675299,802.215270635222,816.4417724609375,423307
2019-09-05,821.5297103062833,824.9381494507754,810.8104782326911,821.2333374023438,332593
2019-09-06,824.4441100799429,826.9139845858743,811.4031606286903,825.4814453125,308380
2019-09-09,822.9622405107465,824.9381402478672,791.4466155838024,797.0779418945312,640219
2019-09-11,802.2151933226404,804.0428762318953,785.4200476496295,790.0140380859375,579309
2019-09-12,779.4429915079022,789.3224893144549,774.7502300497897,783.2959594726562,3737190
2019-09-13,787.5441917835898,798.0164353388591,782.7032137384228,788.6802978515625,3681750
2019-09-16,776.4296819405919,789.1248112791772,775.5405031037923,786.8525390625,2172276
2019-09-17,786.2105001788676,792.3358014771547,784.3828170260036,788.5816040039062,1013597
2019-09-18,792.4344984950653,797.275476561839,788.4826993547341,793.2742919921875,715018
2019-09-19,794.3116161281704,795.2995658994741,789.3718672716519,792.1875,456281
2019-09-20,794.3116324935113,815.5525530141712,790.7055916340895,806.3152465820312,1918256
2019-09-23,812.0947172789469,812.0947172789469,779.4923746144636,782.1598510742188,1590491
2019-09-24,782.4562323866201,793.9658715409628,777.5164834447853,785.5682983398438,976843
2019-09-25,783.7405183187635,790.2610227961804,767.7357204374072,786.9513549804688,1031592
2019-09-26,788.6308828573603,813.7742158928274,788.6308828573603,806.5621948242188,1672809
2019-09-27,809.4766549989359,837.4356829409518,809.4766549989359,832.3477172851562,1994366
2019-09-30,832.6440891274677,841.3380354093099,826.173029921648,836.2007446289062,961777
2019-10-01,835.8054895577637,838.7693388115147,794.3116000052506,817.6766357421875,759109
2019-10-03,817.9236410543765,826.0742266803093,810.1681991577788,820.6405029296875,455628
2019-10-04,820.9862266033753,834.6199208336063,812.1440644494586,814.3175659179688,569471
2019-10-07,814.0706167669076,825.9260140984645,811.156152862966,817.9236450195312,341633
2019-10-09,816.0465147303765,833.7308398353214,816.0465147303765,827.1609497070312,506576
2019-10-10,825.1356537646827,837.7813986657413,795.9911357686457,817.2320556640625,5286384
2019-10-11,821.9741503456745,832.6439950450365,820.9862006457398,829.4825439453125,384745
2019-10-14,835.9043414514715,837.3862662220151,812.094774257939,818.7140502929688,366115
2019-10-15,819.0104209492207,833.8296686141643,819.0104209492207,827.9513549804688,394890
2019-10-16,826.4199276260144,881.7451110654129,821.9741539567771,866.7776489257812,3634345
2019-10-17,869.395822948434,917.3113881904784,869.395822948434,892.0198974609375,3687636
2019-10-18,894.8849617037483,918.7933601238962,888.1669147864329,914.7921752929688,1819540
2019-10-22,918.002986915166,985.4799477164158,918.002986915166,977.2305908203125,2040975
2019-10-23,982.0220754181445,1000.1015442235548,958.4594974266209,974.069091796875,1357514
2019-10-24,979.4535473649705,981.9728075304488,943.1463888222456,957.9656372070312,982596
2019-10-25,962.2630657116475,987.9497594575437,953.618505316394,970.3148803710938,975234
2019-10-27,978.0703035092006,986.9618517229205,965.3751726794796,981.9727172851562,150914
2019-10-29,986.4678512266902,1007.7087714083366,969.1787301486061,1002.1268310546875,880342
2019-10-30,1003.7570580981072,1017.5883561427661,964.3378345509595,987.7522583007812,7610404
2019-10-31,993.8775184773701,1001.0895401002239,975.1064719057299,979.55224609375,849468
2019-11-01,981.3304574610372,996.8412803248356,981.3304574610372,985.4798583984375,655253
2019-11-04,990.9135770433011,991.0123478962206,977.7738577227,986.6654052734375,875743
2019-11-05,987.9498046566589,990.9136540706289,954.4582821589299,958.1137084960938,1230007
2019-11-06,962.707649425883,968.1907584982611,930.2040784135744,957.27392578125,1420970
2019-11-07,961.6703772822904,979.0582699650297,956.53302616704,974.5631103515625,1351432
2019-11-08,993.8774498341294,1009.6846458553481,964.7329321700073,970.3642578125,5656687
2019-11-11,970.166684653039,970.166684653039,956.7799771844101,958.2619018554688,2078020
2019-11-13,972.6365738719012,988.888360071188,954.5571046704276,976.2426147460938,4039409
2019-11-14,986.9618952383057,1000.7931930694732,973.0318265424992,987.85107421875,3441700
2019-11-15,996.0509481920286,1013.6364416499996,983.4545889025184,990.765380859375,2687762
2019-11-18,992.790738024,1000.7931069607788,983.9979610394231,987.9991455078125,2144563
2019-11-19,943.4427053490651,958.3113382799693,918.7933449488365,925.264404296875,60449782
2019-11-20,928.6728377320279,937.2680132901204,924.8198092853985,928.37646484375,2976893
2019-11-21,931.093323743164,934.0571732153372,904.962038836902,918.3981323242188,2642185
2019-11-22,919.7812543826628,934.3535137834622,919.7812543826628,931.2908935546875,3125980
2019-11-25,932.1306869456984,942.8993644706638,932.1306869456984,940.133056640625,3604001
2019-11-26,945.8631600889078,966.1655163642189,926.5486933112619,947.3944702148438,43473998
2019-11-27,952.383705274224,953.5692572162434,931.8343593780351,936.7741088867188,1542111
2019-11-28,942.3559892679547,960.9788810879143,936.7741085052213,959.4475708007812,1885171
2019-11-29,958.3113138220457,958.3113138220457,943.5414521315552,948.481201171875,1071258
2019-12-02,947.5920593276188,947.5920593276188,926.9932701539354,932.4763793945312,643539
2019-12-03,934.6992532591256,954.3594778016143,934.6992532591256,951.7908325195312,1612054
2019-12-04,951.1981630312672,963.2511640152915,948.4813007737882,960.5343017578125,1122303
2019-12-05,957.3234062365751,962.7571304205804,943.4921083136525,954.7547607421875,814043
2019-12-06,959.299284574545,962.2631340634468,933.8101910299241,952.5812377929688,1235405
2019-12-09,953.1739242955599,953.1739242955599,927.0920865949868,930.648681640625,861577
2019-12-10,938.5523303626151,956.335427148433,935.588480898312,938.4041137695312,1610114
2019-12-11,938.5523354922391,960.2378462511783,913.3596149079737,954.9028930664062,1616587
2019-12-12,959.2991468678429,959.2991468678429,944.1341432797562,948.826904296875,862822
2019-12-13,953.2727847294608,970.8582790835083,951.6426434420046,963.1522827148438,1119572
2019-12-16,962.0655470955687,967.993246166151,952.2848798089119,957.8667602539062,526157
2019-12-17,963.2509942884699,966.6594329435778,956.3353461243476,960.8305053710938,822269
2019-12-18,963.2511199215713,964.8318155882395,947.4439220561917,953.1246337890625,628845
2019-12-19,956.9281036872152,963.3003916343629,953.8160981546552,958.0642700195312,906299
2019-12-20,960.2871521657014,995.9027284139712,960.2871521657014,980.787109375,10219499
2019-12-23,989.9256810015398,999.5088059414287,975.6497945998174,984.788330078125,1347986
2019-12-24,985.9738983668163,987.8510271028136,973.1305509933007,982.7630615234375,716972
2019-12-26,986.2209248932531,987.6534642169946,976.1932099267359,979.0582885742188,335933
2019-12-27,976.094441785001,979.5522662245227,965.7703538984942,976.7366333007812,438117
2019-12-30,976.9835344312985,979.5027942404055,961.077507235203,964.584716796875,390678
2019-12-31,964.2390135763873,968.1908128123561,946.6041336057449,950.0125122070312,403539
2020-01-01,953.3716247040602,968.190872756455,950.0125710256475,964.63427734375,349251
2020-01-02,963.9425844838922,963.9425844838922,954.3594598355479,957.6690673828125,335765
2020-01-03,958.3112727949194,970.9570177368157,957.3233230291515,963.3497924804688,451217
2020-01-06,954.4582714775421,991.0124138407593,946.4559022692463,971.25341796875,895840
2020-01-07,978.0703192654811,990.9136668921996,968.1908210910823,973.0317993164062,570304
2020-01-08,966.2148411547314,980.3425103100462,963.4485939557351,975.8473510742188,368547
2020-01-09,984.7883501998028,985.9739020216869,967.9438181420318,976.58837890625,614382
2020-01-10,977.082275390625,984.9858731693156,971.4509499133749,977.082275390625,351231
2020-01-13,981.0341852378345,985.9245489764471,968.1908373948418,977.922119140625,332236
2020-01-14,981.0342018701672,982.0221517209931,972.1426532127336,975.8968505859375,369532
2020-01-15,976.0944166117861,989.9257140131676,969.1787679110953,986.1221313476562,533340
2020-01-16,987.9498450833892,990.9136946186393,980.046246322722,987.85107421875,465355
2020-01-17,987.7521888383889,997.6316867469538,973.3775314413608,984.34375,372188
2020-01-20,987.9498008071192,988.9377506079263,963.7450306873449,969.6727294921875,341082
2020-01-21,968.190773027901,975.1064214066716,958.5088773575557,961.0281372070312,355550
2020-01-22,968.1907126962636,980.6388548824925,960.2871150416003,969.8702392578125,1299987
2020-01-23,973.5257314810743,991.9015731587697,968.3883805960155,974.069091796875,1151390
2020-01-24,974.1185622881237,1007.7088575394383,965.2270135451287,987.7522583007812,1388247
2020-01-27,987.752176599259,1002.4726524204888,975.4521897955694,980.1943969726562,740311
2020-01-28,981.0341324839508,994.8654294172593,963.9919987625528,975.9461669921875,578382
2020-01-29,980.0461674820939,999.9533793789412,976.0943684196661,995.65576171875,538017
2020-01-30,1001.7810335567713,1004.7448827684777,977.3786629871217,986.2208251953125,561770
2020-01-31,992.889526303077,993.877476080493,971.3028477864051,982.120849609375,445170
2020-02-03,884.2151266333165,910.7415563124463,846.3272735393451,901.6524658203125,4046967
2020-02-04,901.0101942640075,911.7788709249689,885.2029978734108,900.614990234375,2004591
2020-02-05,902.5909326490345,904.7644343158992,887.6729144667902,899.5776977539062,1337410
2020-02-06,905.0607465175165,913.8535234576791,901.059562069338,908.4197998046875,1185756
2020-02-07,908.9138093766314,943.9366415913498,904.5174207387345,935.8848266601562,1642253
2020-02-10,940.5281947129129,944.7269812964527,926.6968977318406,941.3185424804688,734151
2020-02-11,948.8763532161586,948.8763532161586,924.523367662067,928.42578125,584552
2020-02-12,933.3655745058138,937.3667591399771,913.8535659358325,921.6089477539062,925589
2020-02-13,925.7090018351674,925.7090018351674,904.9620551558306,916.3728637695312,551572
2020-02-14,921.1644060255026,921.1644060255026,896.0704573020278,903.2330932617188,402685
2020-02-17,904.468007239581,908.3704208599694,893.1065849749658,903.3812866210938,355839
2020-02-18,903.97407833115,910.3463666809596,896.1692506934498,905.0114135742188,901858
2020-02-19,907.0366440020932,931.0932566645968,907.0366440020932,926.8944702148438,786366
2020-02-20,928.3764116593196,933.6125333845054,910.5933157853291,917.558349609375,784552
2020-02-24,912.4703970280486,930.1547222940269,899.0343040760112,905.5547485351562,493211
2020-02-25,912.3716620722113,923.4367121561942,881.004255173681,890.3403930664062,760359
2020-02-26,883.0295590033131,903.7765057389678,870.8777879752214,880.6090698242188,807168
2020-02-27,880.0657104578622,902.8873880725124,864.4561149563002,894.4403686523438,821122
2020-02-28,875.3234682225788,884.2150158681806,864.4560211001765,879.6704711914062,1002851
2020-03-02,884.3632549393063,898.0463350442608,867.4198923749846,883.3753051757812,629219
2020-03-03,892.1680431755104,902.9861054041262,881.3005955174739,889.006591796875,615494
2020-03-04,892.0198804958867,901.0101993741604,866.4319570736169,874.434326171875,769392
2020-03-05,880.6089924415733,890.5873211745467,865.9873480869567,873.7921752929688,1014502
2020-03-06,854.576562042902,870.8777334575931,838.0777886117352,843.6597290039062,1436479
2020-03-09,826.123595865686,851.513916588389,793.3236519923693,815.3549194335938,1424660
2020-03-11,809.1309100904139,837.6826842733021,774.7008826637003,799.2020263671875,1305970
2020-03-12,751.8297663994528,766.3526399128318,691.564831116448,742.641845703125,2111588
2020-03-13,656.9865719454247,785.4200371377633,617.5673535088326,752.768310546875,2077130
2020-03-16,692.5528251756361,763.5369957617153,653.6275780715733,722.7346801757812,1588572
2020-03-17,723.1791714997271,759.2393351059293,666.8660392927811,678.721435546875,1398542
2020-03-18,686.674490865659,688.5516195903159,581.0626942812772,589.0650634765625,2202064
2020-03-19,558.1916655526604,612.4301364669387,513.1411764881027,600.3771362304688,2916821
2020-03-20,619.4445371078334,672.546839930076,598.6975908889108,625.8662109375,2004915
2020-03-23,563.0820338279326,609.5650626034821,515.9074280916016,532.7025756835938,1652165
2020-03-24,544.755568357927,582.8410228021221,528.55316678883,539.6676025390625,1108727
2020-03-25,523.6133665388409,622.40834135749,523.6133665388409,580.7662353515625,1610706
2020-03-26,596.2277432741857,656.9866599458716,588.1759277579869,610.7012329101562,1629666
2020-03-27,628.5336077106374,649.0829492966251,577.9505712915155,595.58544921875,1299441
2020-03-30,591.6831450338484,626.854132943598,568.0711212648839,614.5047607421875,1301701
2020-03-31,630.3120292389821,645.8228545576195,616.6289473949654,633.27587890625,1087481
2020-04-01,634.1649446646022,651.05886063091,620.4324195390159,627.4468383789062,971706
2020-04-03,640.1914965164478,656.9866438016015,619.7409227622378,642.3156127929688,1279329
2020-04-07,656.9865964204827,739.2828001226936,645.1311991918424,726.439453125,1916861
2020-04-08,732.9599414660372,785.4200489152249,712.31176763255,733.8490600585938,1443627
2020-04-09,745.9020347170307,764.6236938735038,726.1924258457007,730.5394287109375,683512
2020-04-13,736.0225637335526,740.9129270558768,691.564824984546,699.221435546875,760239
2020-04-15,711.3237949323319,716.2141580824247,686.7238229043893,692.4539794921875,1232607
2020-04-16,681.6853149369528,689.5889127912943,672.8925382041314,676.9925537109375,1363923
2020-04-17,695.0720722265349,712.3118083583885,678.7215150377433,693.9853515625,1777451
2020-04-20,694.5287298583984,703.5684949145466,688.601030883789,691.5648803710938,1360101
2020-04-21,679.7094046421815,682.8214703676041,658.9624606051382,663.2106323242188,677346
2020-04-22,677.6347324011713,700.4563466561385,666.8660564074661,696.3069458007812,954059
2020-04-23,703.420256782246,723.6732276587012,700.4564073856916,709.002197265625,1219237
2020-04-24,692.5528673266593,698.3323500168618,667.8541202750666,670.9661865234375,1016019
2020-04-27,686.3780700274381,718.2394485929435,679.8576259757591,705.494873046875,3275845
2020-04-28,715.2756136964981,719.227412667197,698.0358786268908,711.1755981445312,1002540
2020-04-29,714.2877688571559,714.2877688571559,699.8637246155954,704.7540283203125,634432
2020-04-30,726.3406641036896,732.0707605609675,708.2117501151259,718.0912475585938,1925414
2020-05-04,701.4444255683552,717.2516238910224,667.3601541851042,679.36376953125,1418017
2020-05-05,696.5045797110772,725.846699597137,689.7865334135139,704.9515380859375,4310285
2020-05-06,708.3106390011178,739.9744188282954,697.4925763588471,722.3395385742188,3664820
2020-05-07,728.1190038139604,733.5527277230198,714.7816814917236,726.2913208007812,1345672
2020-05-08,733.0586938901964,759.5851198120442,729.6008698624125,750.8911743164062,2349883
2020-05-11,761.6598208893654,761.6598208893654,735.8742979588725,741.4562377929688,1498957
2020-05-12,737.9984839574914,746.4948279260234,726.2418574827454,735.6273803710938,1115902
2020-05-13,756.0285769330287,770.600836338141,743.8768065737843,751.3358154296875,1752331
2020-05-14,747.6803476236958,761.2152710573946,732.1695247193743,737.75146484375,987397
2020-05-15,745.3587294499166,745.3587294499166,733.256344549622,742.8888549804688,1032406
2020-05-18,740.9623112374019,740.9623112374019,686.0817147783517,692.3057861328125,1705933
2020-05-19,700.4563316235038,711.3237782354341,689.5888850115736,694.479248046875,1496613
2020-05-20,692.5527938335903,709.0515671731546,691.564844056367,707.1744384765625,1289104
2020-05-21,709.1503078983114,733.9972678595682,707.4213958616342,721.5985107421875,1400397
2020-05-22,723.1792155876738,735.0346125645209,714.7816427290737,721.1539306640625,1507444
2020-05-26,726.1430688471212,746.8900136713247,722.5864738542676,745.3587036132812,1110985
2020-05-27,742.938224995763,745.3093285571063,728.316580499929,732.218994140625,682804
2020-05-28,736.0225848850482,745.6550952241478,731.0828359932023,739.085205078125,1134155
2020-05-29,738.9370614546962,773.5646897200331,736.4178015366148,759.3876342773438,7090367
2020-06-01,766.6490528088816,771.5394164299034,756.6707838445107,765.4635009765625,1712847
2020-06-02,774.3549832858914,781.4682333740078,764.9694608875943,770.1068115234375,1388838
2020-06-03,779.4924001359395,804.9814931755076,775.0466259906775,797.374267578125,2163284
2020-06-04,799.9923965998164,810.6128575611601,779.2948350384725,785.2225341796875,1404467
2020-06-05,789.2731721755895,795.5466297056806,773.4659743174201,787.0996704101562,1199773
2020-06-08,792.3357124748327,798.2634110719013,766.6490185542021,769.9092407226562,1371772
2020-06-09,772.6755155081626,779.492393257277,743.4322255083661,749.3599243164062,1521206
2020-06-10,749.8538474242908,750.8417971573928,730.7864296353588,732.7623291015625,2283056
2020-06-11,731.082866940398,748.4707596558686,726.1431178394495,731.9720458984375,1314357
2020-06-12,721.2033957814863,751.7310704899146,719.9684584599427,741.406982421875,4340501
2020-06-15,738.8876141237928,745.704430960476,731.7249787079237,736.3189086914062,3316220
2020-06-16,741.950217165665,761.4128381179594,733.4538739518091,754.892333984375,1883900
2020-06-17,756.8189441728656,770.1068812524868,754.9912611338925,762.7466430664062,1936475
2020-06-18,760.1286216069226,776.9237686790306,758.350263677197,762.3020629882812,951540
2020-06-19,769.6129205887634,771.4406036615634,757.9551246089707,766.5008544921875,2912093
2020-06-22,771.6875059416835,780.8754866222974,752.3237154549612,768.5755004882812,1164278
2020-06-23,767.6369942525134,795.5959615199231,767.6369942525134,787.0502319335938,1506742
2020-06-24,791.0020843642075,800.2393914918048,766.2045065468172,771.3418579101562,1699063
2020-06-25,768.6249270295111,783.3947882656547,765.7598485543921,776.7755126953125,735190
2020-06-26,781.566975838892,792.3356515825097,772.5766577774596,774.8983154296875,986158
2020-06-29,770.6008619548114,780.3321435916797,764.9695359036689,777.3189086914062,597371
2020-06-30,779.4923808796525,801.2272761640028,779.4923808796525,796.7321166992188,2052551
2020-07-01,805.129694864339,809.9706126642187,792.3357330009605,795.5465698242188,1320983
2020-07-02,792.4838525773712,809.4765386759433,792.4838525773712,804.2404174804688,1075581
2020-07-03,811.106797171,835.8055425172546,809.4766558582787,833.8790283203125,2085479
2020-07-06,842.7210718805416,864.4559647074723,841.1403765220844,853.0945434570312,1836436
2020-07-07,856.552475898966,864.258472272725,843.3633701996285,858.1826171875,1104353
2020-07-08,859.5162622192275,861.3933908198026,835.9042396314995,840.4982299804688,1688004
2020-07-09,840.7452772118371,843.6103557428853,824.9874658904121,830.1248168945312,1180400
2020-07-10,839.757311819328,861.3934360907759,839.757311819328,849.8344116210938,2062795
2020-07-13,857.3921872440375,857.3921872440375,837.9296249360178,852.55126953125,668624
2020-07-14,851.5139477103126,875.8174884127267,845.7837906913395,849.3898315429688,1535913
2020-07-15,852.6006693221614,860.0102927519599,842.0789799319793,845.5368041992188,772942
2020-07-16,845.7342844488809,859.0222192797302,840.9921381965155,854.7740478515625,630372
2020-07-17,857.6885918733176,871.2234550869301,852.1560371432447,864.6536254882812,1228812
2020-07-20,868.4572265580582,877.3981598476415,840.7452477833014,844.1536865234375,1497333
2020-07-21,853.5886485255718,885.153657484108,833.8296520319242,877.6452026367188,4650668
2020-07-22,881.7451500955486,881.9921375325501,845.7837551482554,848.846435546875,1757409
2020-07-23,851.4151537511993,869.3958527660684,848.8465083060776,867.2223510742188,937539
2020-07-24,863.3693666627504,866.431986966595,852.6006895691808,856.9476928710938,784937
2020-07-27,864.35724685952,871.5692678616504,845.8825747638896,856.9970092773438,1342666
2020-07-28,854.5766491307905,878.1886754636386,852.9465077033298,872.7055053710938,1005499
2020-07-29,864.0114848205604,879.2753212779603,864.0114848205604,870.4825439453125,934883
2020-07-30,877.1511826565281,904.961992912292,871.0259422979485,902.54150390625,2422578
2020-07-31,910.6427531673627,910.6427531673627,892.7114396848818,901.8499755859375,1271226
2020-08-03,900.0222300214302,900.0222300214302,862.0849351739859,864.5548095703125,1291032
2020-08-04,870.4825206614908,871.8656744632262,857.5404027581646,865.2463989257812,707018
2020-08-05,866.2343043442094,870.0379469543874,848.1054510621414,850.5259399414062,1364739
2020-08-06,858.2319817704889,867.4199026198543,849.0934463499494,864.8512573242188,907553
2020-08-07,869.2970597758965,873.19941327595,851.7609506920296,858.1331787109375,827168
2020-08-10,869.3957889654923,871.3716884858685,851.415091270136,855.3175048828125,1090543
2020-08-11,857.5404672459073,867.4199657164822,847.1669938518036,850.2296142578125,971871
2020-08-12,850.2295848178036,858.0344124591775,840.7452907343236,846.57421875,1068002
2020-08-13,850.5260286388083,857.5404482778947,844.7958714128821,851.1187744140625,666359
2020-08-14,856.4537307530371,856.4537307530371,818.714035230896,829.186279296875,1897736
2020-08-17,834.8176151226622,836.9417313993524,828.0995682680003,832.1995239257812,1435984
2020-08-18,835.7562087472749,854.3296543358084,834.4224402363299,850.0814819335938,1170823
2020-08-19,850.2790703446087,865.0488724982464,850.0814683128561,853.242919921875,1332665
2020-08-20,850.6247517550515,854.3295633916154,838.7693545180473,842.5729370117188,660128
2020-08-21,870.4331591141803,879.0777198630294,848.6488780870146,850.8717651367188,3651529
2020-08-24,856.3548758788494,859.4175564432966,841.3380268361401,850.4765625,951781
2020-08-25,851.9585049113128,855.515160450439,827.7537342714753,837.6826782226562,1877987
2020-08-26,844.697182135173,844.697182135173,823.6044754496803,829.0875854492188,2151196
2020-08-27,833.7802695648099,835.6079526271012,825.036877405484,831.11279296875,945124
2020-08-28,835.8055259556207,848.3525004028318,832.891062002579,841.2886352539062,1640185
2020-08-31,845.1910587680624,853.5886321164301,808.6863013878711,817.7754516601562,2086032
2020-09-01,815.0584729776875,829.8777179409182,808.1922107514582,825.8271484375,1148605
2020-09-02,832.8416288771017,854.5765231063974,831.1621022630865,840.0536499023438,2006869
2020-09-03,843.6103579097776,853.3416393149482,840.7452793713701,842.0296020507812,888422
2020-09-04,831.853707091363,835.6079041608202,822.9621591533319,824.4934692382812,1069706
2020-09-07,825.4320935214798,831.8537674986069,816.0465700164481,828.3465576171875,808757
2020-09-08,830.8163813601893,840.597048023687,820.1959212020613,834.8175659179688,1438741
2020-09-09,827.6548840581904,833.335594990252,812.0946758529783,820.4922485351562,1685144
2020-09-10,823.851376876853,837.781445182783,823.0609687831698,835.0151977539062,659109
2020-09-11,835.8054656260658,856.4536389558432,833.5825787494007,853.9837646484375,1559667
2020-09-14,860.5042545158254,865.444003393643,839.7573092289915,846.771728515625,1346301
2020-09-15,850.9211589299089,860.5042841427531,842.7705730008873,854.2802124023438,724917
2020-09-16,854.5766109545458,862.9741845882032,850.9211844893722,857.1947021484375,823952
2020-09-17,848.0560778248142,855.9596757158203,842.2765356872161,845.8331909179688,612356
2020-09-18,846.6236414316562,851.4151741149291,834.8670140216024,837.8802490234375,1245818
2020-09-21,838.7693394122927,841.5355866578413,825.5307886161893,829.9765625,875668
2020-09-22,829.877803482713,829.877803482713,791.9405083464931,821.8259887695312,1265561
2020-09-23,823.3079165026707,831.359731246014,817.1826761699452,822.962158203125,628723
2020-09-24,820.5910218014237,822.1223921229987,772.9224473182763,794.706787109375,14778790
2020-09-25,786.4080992631291,803.6972220484365,770.6009012879908,787.4454345703125,2252162
2020-09-28,793.3236277675277,806.4139616005535,790.359778597786,803.203125,1108315
2020-09-29,809.1308858267628,821.3814874609799,792.4345100945964,799.3501586914062,1666687
2020-09-30,799.6464682137457,804.7343727148034,792.7308206863709,801.6717529296875,701139
2020-10-01,807.1550366710298,815.009250128192,797.9177295878712,809.0321655273438,941061
2020-10-05,812.0946914619071,824.9380381638595,805.179043237779,815.0091552734375,803756
2020-10-06,816.0465448130263,825.9260429342494,812.3417330175677,820.0477294921875,1211894
2020-10-07,822.4681818453236,825.9260060332618,815.1079440139213,817.9730224609375,637342
2020-10-08,825.185026400744,825.9259887111906,808.1428932604712,811.1561279296875,1313341
2020-10-09,816.1947029661985,817.3308089889928,793.817617203931,796.188720703125,1188895
2020-10-12,803.1044066235913,803.1044066235913,777.7140850171625,782.1104736328125,1097157
2020-10-13,780.4803382676972,785.420087244075,771.5887901102171,777.0718994140625,1142687
2020-10-14,778.504450687342,803.8453874469698,767.2912444578433,800.8320922851562,2146398
2020-10-15,800.8320945929985,811.8971445626096,792.0887628645954,795.0526123046875,1920570
2020-10-16,792.3357111509946,801.2272590317414,787.0502040306402,789.9152221679688,682969
2020-10-19,790.8537994289776,798.8067831034639,785.4200756352744,788.6802978515625,661678
2020-10-20,799.498341989413,799.498341989413,780.4803091401128,791.1007690429688,1616359
2020-10-21,791.3477910534201,794.3116404581147,771.3911930018767,775.8863525390625,1763644
2020-10-22,778.8007976486584,778.8007976486584,762.0056514288867,771.3911743164062,1861965
2020-10-23,773.7129515985902,780.2333965093784,757.757537350672,761.4129638671875,2252423
2020-10-26,765.6610781182629,775.44180504248,755.8803511940459,769.4646606445312,2638341
2020-10-27,781.4682939923422,782.2586417746254,761.808068797319,765.1177368164062,2566397
2020-10-28,767.6368652818733,768.8224169020862,756.7694193126317,761.7091674804688,1156097
2020-10-29,755.2382555466857,763.6852144878785,746.1491050995735,752.3237915039062,1126591
2020-10-30,752.3237519158048,766.3526507481672,748.1743508105048,759.881591796875,1156735
2020-11-02,761.7092721092398,769.1188953787849,753.0153261995738,756.8189086914062,891886
2020-11-03,764.2285502221511,788.1863326994835,759.8816073132824,779.3936157226562,1542962
2020-11-04,787.1490343289188,787.1490343289188,774.3550718522167,781.4683227539062,923658
2020-11-05,787.395962429639,797.0778580633195,783.444163371021,795.299560546875,1373458
2020-11-06,795.7441275167391,799.1525661684236,785.4200407078783,791.5947265625,1722728
2020-11-09,798.2634045101743,807.9946855071701,792.0393330943479,798.41162109375,1255422
2020-11-10,806.3646894103292,822.8634641653774,801.5730963999079,819.4056396484375,1490688
2020-11-11,822.9621685259532,836.7934654759692,821.5790147110838,829.4332275390625,1822930
2020-11-12,829.8777941752462,834.2247972169836,815.1573187063182,827.6549072265625,1003690
2020-11-13,827.6549165090986,828.8404682882933,814.1693780826372,821.8259887695312,824124
2020-11-14,834.5211741745205,834.5211741745205,826.0742157880475,830.3223876953125,187698
2020-11-17,830.8657889880036,856.4537131492386,826.2224128278987,852.7489013671875,2140176
2020-11-18,853.3416077959668,858.2319711827774,836.5958472530906,847.6115112304688,968393
2020-11-19,844.499431152395,852.4030291234977,827.9018874730127,836.5464477539062,1466056
2020-11-20,838.5717536092515,839.7573053944479,824.9380588286637,835.2621459960938,971981
2020-11-23,836.9910937928806,844.1043445077692,819.9983449461114,821.5790405273438,1668966
2020-11-24,821.9248663834707,829.8778503897717,821.9248663834707,828.8405151367188,874577
2020-11-25,835.8548763274279,854.2307779099882,833.8295913940465,838.8187255859375,2407145
2020-11-26,843.017616563324,848.3031845761707,838.0778671866497,841.2393188476562,1791878
2020-11-27,844.6970822374166,847.265727607393,830.8657849844062,835.8549194335938,2310173
2020-12-01,839.6585245067901,844.6970441591,830.0753997821274,841.0910034179688,1027637
2020-12-02,842.7211943580943,868.6548770684108,840.0537177908132,864.9994506835938,2097626
2020-12-03,869.3957594383471,870.3837091649816,841.1404213764672,847.80908203125,3804064
2020-12-04,854.6753173587479,860.5042450905952,846.1295880735274,852.6006469726562,1654173
2020-12-07,853.0946157067481,855.5644901008035,837.7813944636043,841.4862060546875,2151322
2020-12-08,844.4994854544451,849.1428616209746,837.979040828882,843.5115356445312,2473148
2020-12-09,847.6609497070312,853.5886486560315,844.4994982076302,847.6609497070312,1813714
2020-12-10,850.6247997311758,852.501928519441,844.6971007783453,845.7344360351562,2302834
2020-12-11,850.5259870613211,852.4030554576478,835.2127655192227,839.4609375,1939950
2020-12-14,844.69698041096,847.9572023105083,837.8307180424237,839.954833984375,1186967
2020-12-15,840.9428804028553,848.1055164407854,831.9031156282201,845.8826293945312,2044843
2020-12-16,850.8223573758503,851.1187302480981,840.2512827347736,847.1669311523438,1618300
2020-12-17,847.1669891916418,855.4657919811434,841.3380610061974,846.0308227539062,1650113
2020-12-18,848.6488499414606,853.5885987769756,842.5235493254885,846.8211669921875,1469894
2020-12-21,847.6608917542543,853.5885902979903,822.517558371307,830.717529296875,2239781
2020-12-22,830.7175506706226,845.2898099655738,815.2561727510353,843.6597290039062,2263176
2020-12-23,845.191065415594,848.6488897627064,837.4356834997964,844.647705078125,1535665
2020-12-24,847.5621874085681,869.0994817476237,840.9922968871722,863.369384765625,2659479
2020-12-28,872.2609141480111,893.6006059921339,866.9259610371448,890.7849731445312,4187861
2020-12-29,896.0210970428219,897.9969966734143,879.5717084982716,888.4632568359375,1834129
2020-12-30,891.1306495710099,900.0221970722728,880.0656006206164,892.0692138671875,1969826
2020-12-31,891.1306896847784,896.366811389068,883.4740789918105,893.3535766601562,1123846
2021-01-01,892.1186850189301,896.1198697190475,883.2271366632598,884.6102905273438,798399
2021-01-04,889.1547682492367,905.9499138717222,883.7210446654913,900.4174194335938,1028233
2021-01-05,895.5271184030545,908.815055423345,888.1668802498374,894.637939453125,1209912
2021-01-06,895.6258767364637,903.9740645840869,890.1427674210516,899.3306884765625,1214878
2021-01-07,905.1595622472352,905.4559351087777,893.3535508151797,903.13427734375,1109459
2021-01-08,908.9137686439403,942.9980349680882,906.9378691468883,924.2269897460938,4436263
2021-01-11,928.6727681179073,941.0221400343688,915.6812047419227,924.9679565429688,2146652
2021-01-12,923.5354727637566,924.7210245988176,910.4451377467328,913.8535766601562,1573331
2021-01-13,916.3233909803931,937.5643105556799,911.3836422419542,915.3848266601562,1996557
2021-01-14,918.8921345896092,920.6210468331761,907.4319404092637,914.0018310546875,719918
2021-01-15,914.0017252321984,918.5956553391328,892.5138184071504,899.28125,733660
2021-01-18,888.1668503850567,896.2680506242535,872.5572559532399,882.140380859375,936905
2021-01-19,879.7692444976242,906.9378623793588,879.7692444976242,893.5017700195312,1420092
2021-01-20,894.1933263117037,899.9234833046193,884.2150576027583,885.9439697265625,1147187
2021-01-21,896.8608280737496,896.8608280737496,864.4560862711758,867.71630859375,1913821
2021-01-22,874.8294636456404,875.0270656465435,827.9018526652136,852.156005859375,3421388
2021-01-25,855.4657487175778,872.1126785871675,842.721172285306,852.4524536132812,2534590
2021-01-27,854.8729093252624,874.335531521898,848.74760879591,871.1246948242188,2745728
2021-01-28,872.3596709368776,873.6933790432437,858.3801571864808,862.0355834960938,1855486
2021-01-29,865.9873713955392,872.4090449936916,847.7103003854128,854.033203125,2286478
2021-02-01,864.4560720662923,886.1909675925306,841.7826121733053,863.9620971679688,3099408
2021-02-02,877.2994511032457,879.2753507678926,847.6115707018597,854.92236328125,2781083
2021-02-03,859.516289970222,869.3464021280909,848.0066511628225,855.7127075195312,1883217
2021-02-04,855.7126940507378,860.2078533216195,848.6488292681616,853.4898071289062,2094974
2021-02-05,856.3055148886017,859.5163518351122,843.3633962394591,853.7862548828125,1766235
2021-02-08,854.5766088209764,861.1958847873855,846.6730101266783,848.7476806640625,1899676
2021-02-09,858.5284040800632,884.2150997142193,852.6007050875656,877.9910278320312,4311868
2021-02-10,887.1789360494063,904.2210704000213,883.2271367796984,900.3680419921875,4993209
2021-02-11,898.8366877243126,910.7909161083227,894.6379012063053,896.4161987304688,2184819
2021-02-12,897.0583886337203,902.492112353418,882.6837315806357,886.042724609375,984794
2021-02-15,887.178850784367,890.2909165300359,864.4560071673955,866.6788940429688,1715171
2021-02-16,866.6789237206136,877.5957564678762,858.528338231078,861.4921875,1634864
2021-02-17,859.5163349320371,872.5078990569128,859.5163349320371,866.5802001953125,1496973
2021-02-18,869.4946027370759,888.0186616548893,868.1115091843483,882.733154296875,2387930
2021-02-19,887.574122281294,888.3150846294919,863.7151105494507,870.8777465820312,1120800
2021-02-22,869.3957824961622,874.335531260345,834.9163120022997,838.8187255859375,1810985
2021-02-23,842.7211367824009,863.8632855530808,838.769337782249,859.2199096679688,1480977
2021-02-24,859.6150681997032,865.3452250883903,842.4247784326469,861.047607421875,683427
2021-02-25,862.6777378805604,872.2608625612681,859.2199137390439,861.8873901367188,1885254
2021-02-26,849.6368573760022,868.3585187932335,847.7103431394594,856.4537353515625,2636891
2021-03-01,849.6368923662739,868.4079399883194,841.9308954024217,865.8392944335938,2648545
2021-03-02,866.1849876673095,875.3235233227673,860.0103014136218,868.5560913085938,1583910
2021-03-03,877.2994737085572,899.0343705797152,872.8536993485476,895.5271606445312,2127137
2021-03-04,888.8584818055168,913.6559986333126,881.6464600440189,904.86328125,3140379
2021-03-05,899.0343367426242,903.9740858456056,884.1657040025843,892.6620483398438,1268992
2021-03-08,892.7114235876977,919.4355141697206,890.8343551297797,912.7174072265625,1396479
2021-03-09,938.5522634190156,971.8955675141649,927.6848161583745,959.5955810546875,11031435
2021-03-10,961.9667146978204,962.2630875724572,924.7209958601848,929.4137573242188,2362998
2021-03-12,894.1440114887394,925.0174447088885,894.094626055522,903.1837768554688,28967831
2021-03-15,909.9017681619395,915.5824795266856,891.1307219132133,908.913818359375,4581531
2021-03-16,907.3824644673016,912.7668026915557,900.0222267332052,903.0354614257812,1422174
2021-03-17,912.7667697888213,912.7667697888213,874.5331035916563,878.2379150390625,3809803
2021-03-18,884.2151305358584,887.1789801354199,871.668155171113,879.719970703125,2657918
2021-03-19,877.2500498644378,898.9849457839141,871.6681092925219,895.7741088867188,2849173
2021-03-22,894.0945639454447,898.293350571708,884.5608243094733,889.3524169921875,1660688
2021-03-23,893.896982978897,899.8740673159398,884.215086825546,888.068115234375,1642691
2021-03-24,882.2391728437012,884.2150724469345,864.5054618447475,870.08740234375,1900721
2021-03-25,864.5548254734268,873.6439754790334,850.624757741774,853.6873779296875,2711471
2021-03-26,859.5162875763934,866.3331650115216,857.6391589204401,863.418701171875,1194885
2021-03-30,865.4440858079462,870.3838351561651,857.540486850796,861.6405029296875,1276847
2021-03-31,865.4440023819545,880.1644781405105,860.4548680811247,870.2355346679688,1929013
2021-04-01,870.9765169495822,879.3247047944946,865.9379971045522,872.8042602539062,1193426
2021-04-05,876.8167645609824,878.7982713735495,856.803533659896,864.4818725585938,1091002
2021-04-06,864.7295849350811,894.6503507302967,857.9429481017999,889.250732421875,1351799
2021-04-07,892.6689538846667,912.4840250030834,889.9443816058845,910.0071411132812,2860132
2021-04-08,912.8802306853321,912.8802306853321,896.6318503145209,900.0994873046875,1342782
2021-04-09,896.2355483973811,907.4806363588829,891.8762694915109,901.6846923828125,1344813
2021-04-12,892.3221333714617,897.0282123351212,860.469385250165,864.3828735351562,1485108
2021-04-13,873.2996187715864,892.4211477845523,866.6615587283231,889.4984130859375,1174856
2021-04-15,886.7243341529341,903.56714273461,881.7705669230295,900.2976684570312,1464475
2021-04-16,908.5209237686131,911.0473330000925,897.2263101245031,905.746826171875,1310422
2021-04-19,888.9039938021323,901.4865745183271,880.2844268251616,897.8703002929688,1580387
2021-04-20,908.520904888699,922.4905042106668,887.0710687147333,890.6378173828125,3593124
2021-04-22,891.6780729338059,912.1371551288806,886.773831438512,905.9449462890625,1988641
2021-04-23,888.0618067447266,933.1906735505437,888.0618067447266,914.3167724609375,3601606
2021-04-26,910.6510866468718,938.1444957566198,907.5301889920424,933.78515625,3751088
2021-04-27,937.2527278032469,938.0453184387324,916.4469061501093,920.1622314453125,1926977
2021-04-28,925.3636851588403,925.3636851588403,905.697254154005,921.7969970703125,1904945
2021-04-29,921.7970403043728,926.3544820168877,912.7811475659042,919.6173706054688,830577
2021-04-30,919.4191314422009,931.8035486221873,911.2949416779722,920.1126708984375,1326833
2021-05-03,913.4251881257682,970.9384158695995,907.5797183725214,949.7362670898438,5424609
2021-05-04,988.7718753186354,995.7071489932149,933.8345881879866,973.8115234375,10515809
2021-05-05,980.7963429315581,1010.3703078088483,956.0770334442057,964.1021118164062,5475550
2021-05-06,968.2632556665752,974.3564130757316,952.312150610085,960.4363403320312,1800692
2021-05-07,1020.4760125886497,1035.040039343138,965.390147165384,991.0010986328125,11010394
2021-05-10,999.967319491324,1008.0915088558671,985.7995590285875,995.7070922851562,2370879
2021-05-11,988.7719064499577,1005.6147144756584,981.3412558503838,991.6946411132812,1297672
2021-05-12,986.3445195694052,991.6450864574728,961.0307826966559,963.9039916992188,3513520
2021-05-14,963.9534706021668,972.9197762011056,956.0769694847932,969.3530883789062,1331063
2021-05-17,969.3531760192567,979.6569753654026,952.3122050008425,954.7395629882812,2181641
2021-05-18,956.9688299267381,966.9754160893448,955.2845368824235,959.4952392578125,1342840
2021-05-19,959.4951392351855,970.8392777228223,954.0955211284112,969.00634765625,1101773
2021-05-20,972.3749141129433,975.3471742444389,956.869599571993,960.1886596679688,1463348
2021-05-21,959.1483291439368,966.678091162723,956.3247061811344,960.2877197265625,1245988
2021-05-24,958.4052885494835,962.9627905254433,951.7672890682112,953.6001586914062,1841255
2021-05-25,958.0585604921762,963.6067554752731,954.2441840001459,956.374267578125,1235079
2021-05-26,960.0400764969771,970.9383642590686,960.0400764969771,962.7646484375,1719675
2021-05-27,967.470665183162,976.8828221921124,956.6219036944776,973.0188598632812,2428883
2021-05-28,976.882800125713,977.8735534726965,963.0122532679443,967.8173828125,1137566
2021-05-31,967.9661551261961,973.7125132467066,961.6748946829359,966.628662109375,785669
2021-06-01,969.3532043549668,972.9198926038945,951.2223677556741,957.3650512695312,1420625
2021-06-02,956.0770881940625,984.2640362044086,954.4919068475499,975.2977294921875,2488600
2021-06-03,977.378236081776,981.6879892142467,972.4244690463894,977.7249755859375,1724751
2021-06-04,985.7501420071287,985.7501420071287,974.901379802365,980.0037841796875,996919
2021-06-07,985.7996383458602,988.7223729858675,977.8736111028784,979.3597412109375,693875
2021-06-08,978.8643370673051,978.8643370673051,954.0955026273429,970.7896728515625,3262160
2021-06-09,969.1054741095983,997.6886858567004,969.1054741095983,989.3663330078125,3809219
2021-06-10,995.7071747865666,995.7071747865666,982.8769060620745,988.3260498046875,1041345
2021-06-11,989.6636253614562,993.230313520946,974.9013750669434,978.9634399414062,823207
2021-06-14,978.9634760588191,983.5705038663541,962.3683554949698,977.0315551757812,514960
2021-06-15,982.6292453478899,994.4687609976363,971.7804831337575,986.6417846679688,1137725
2021-06-16,990.7038758356006,994.5677778186322,979.2111000967537,982.6292114257812,833286
2021-06-17,973.9106107755201,983.5209310329767,967.9660902621396,974.2078247070312,869613
2021-06-18,991.4469818823301,991.4469818823301,947.9033559956365,973.4647827148438,1888723
2021-06-21,964.0030694487497,981.2422029982249,959.3960418966758,972.4739990234375,887943
2021-06-22,972.9198845386978,1001.6517344894334,970.9879032237143,997.688720703125,2289172
2021-06-23,1001.1563486415034,1005.6642646881852,989.76268410971,991.29833984375,1802617
2021-06-24,990.8524520733548,996.1530190507585,985.7996339169703,992.883544921875,932721
2021-06-25,987.7811093847664,1008.1410790336952,982.2329147039188,997.8372802734375,980203
2021-06-28,1001.1563373448068,1010.2712809615499,988.7719195152075,992.833984375,1107325
2021-06-29,990.852475602513,1007.8934465971832,986.0473456822543,990.1589965820312,2486963
2021-06-30,993.1312319173161,1002.3947520149804,989.2177438948568,998.8280639648438,777901
2021-07-01,999.6702186754601,1007.9925717407575,993.3293724856344,997.5896606445312,834379
2021-07-02,1001.5527017694415,1001.5527017694415,986.8399765344684,997.8869018554688,581097
2021-07-05,1004.6239187466329,1005.5651465437579,996.4997290058064,1000.5122680664062,431929
2021-07-06,1001.6021278900423,1023.3491763774135,996.7969377803681,1013.6893310546875,1693798
2021-07-07,1014.0361569212386,1017.5037939991324,1003.1873945405266,1005.0203247070312,888200
2021-07-08,1001.4040359259055,1016.5130258322821,992.8339945120052,1012.1536865234375,868890
2021-07-09,1004.7230362722872,1018.4945332348885,1003.187380539097,1010.1721801757812,930387
2021-07-12,1010.2711840979622,1026.4204513052293,1009.5281190994305,1023.8939819335938,1297301
2021-07-13,1030.3835708542974,1046.731002507274,1026.4701431685505,1042.9166259765625,2525938
2021-07-14,1040.2911128662035,1051.040763510838,1037.3188525437288,1042.6689453125,1596046
2021-07-15,1043.7587078643219,1055.1027859281717,1039.6470570622078,1043.2137451171875,796945
2021-07-16,1044.2541438236433,1048.0685204453084,1037.417920781073,1040.538818359375,699003
2021-07-19,1035.2384008913018,1040.538908156099,1017.8011627291829,1028.2535400390625,643558
2021-07-20,1027.6590180999688,1031.5724458587847,1003.4350841041048,1005.3670654296875,695099
2021-07-22,1007.5962197822437,1029.1946925357217,1007.5962197822437,1016.5130004882812,915518
2021-07-23,1016.0175685038242,1044.2044531588226,1014.0855873618051,1040.73681640625,1290998
2021-07-26,1038.3095922558,1094.6834864816688,1030.4826159884565,1066.6947021484375,2151393
2021-07-27,1087.847362573286,1103.4517304790504,1053.1709894493654,1094.9312744140625,6096747
2021-07-28,1104.690035222034,1128.2700143953323,1082.8934605360387,1122.919921875,4409570
2021-07-29,1122.5236382349942,1137.3849397120682,1113.6564433969725,1118.4119873046875,1555904
2021-07-30,1112.6161820836644,1112.6161820836644,1081.902823539948,1088.4417724609375,1238229
2021-08-02,1100.7766556927813,1118.065254809661,1091.760702653501,1096.962158203125,1582968
2021-08-03,1095.0302161519405,1124.4060792082998,1084.6768913018925,1121.235595703125,1033719
2021-08-04,1119.5513758882003,1134.0659378258633,1114.5976087382523,1126.3380126953125,1840302
2021-08-05,1159.379606743404,1164.8287505676735,1114.5976004187664,1124.2574462890625,6687775
2021-08-06,1129.458923078196,1143.5771596166735,1117.02491901329,1140.0599365234375,1654283
2021-08-09,1140.6049727126194,1145.3110518617052,1118.4120700107183,1125.9417724609375,1491795
2021-08-10,1132.1835231813975,1135.4034719456413,1109.7925190398964,1117.173583984375,1911046
2021-08-11,1119.5512749595562,1131.5393661933756,1102.8075193138825,1124.9013671875,1458158
2021-08-12,1125.793160039774,1140.3076008961777,1118.114821031247,1123.56396484375,1054244
2021-08-13,1121.5328292063039,1131.93573972456,1120.5916618693773,1128.07177734375,712776
2021-08-16,1121.5328139388419,1133.9172310538909,1117.916539952933,1128.567138671875,479277
2021-08-17,1127.4774917542302,1141.1499385370248,1113.1611519447076,1124.30712890625,1991904
2021-08-18,1124.5051372418477,1135.7997504738262,1090.0268696792982,1103.7489013671875,3428721
2021-08-20,1103.7488003804876,1123.0189043547196,1090.3240443249836,1114.894775390625,2127671
2021-08-23,1116.5791096720288,1130.4000715703964,1108.2567567159708,1124.950927734375,1251406
2021-08-24,1129.4590141360238,1155.1195545226958,1120.1954929013843,1149.67041015625,1211218
2021-08-25,1157.1999986062985,1160.816272790259,1139.5150741857767,1145.4595947265625,893931
2021-08-26,1140.5553535047193,1153.732423115737,1134.2640931187257,1141.14990234375,823814
2021-08-27,1144.1221458188536,1181.6221401516555,1134.7099879337643,1173.1016845703125,2469538
2021-08-30,1178.501271828586,1187.9134299474354,1165.6710625589997,1169.7825927734375,1690833
2021-08-31,1169.7824405325405,1183.4548852392672,1160.8161952143398,1181.027587890625,1719768
2021-09-01,1178.005865576032,1211.4933809471736,1172.9530471113314,1209.214599609375,1955177
2021-09-02,1218.4286096483388,1238.4417804436766,1212.880293718687,1231.90283203125,2468599
2021-09-03,1235.419910994751,1242.0580313786065,1214.6636755197198,1232.6458740234375,1295336
2021-09-06,1233.488096955593,1236.4603574301848,1222.094431802991,1233.141357421875,1166873
2021-09-07,1233.4879851278695,1241.7607518438253,1216.8928656492417,1227.2957763671875,1164891
2021-09-08,1234.5283886086577,1235.4199699631783,1200.7435991047691,1208.768798828125,1909087
2021-09-09,1166.1168402932767,1188.5574306945446,1157.2000590166076,1162.3519287109375,10115407
2021-09-13,1168.1478391570352,1168.1478391570352,1142.6854043317471,1154.3763427734375,2374250
2021-09-14,1159.1815398915744,1163.1445537031695,1147.3420845060673,1160.0732421875,1338821
2021-09-15,1160.0731694576675,1165.1259875623523,1154.723076959117,1161.6087646484375,1875092
2021-09-16,1163.342712629395,1176.024405820268,1157.2000892991348,1173.94384765625,3028407
2021-09-17,1191.876325814082,1193.6597302891873,1172.5070487012379,1187.7152099609375,4143024
2021-09-20,1178.8479634864693,1187.6161072948935,1163.1445455563296,1166.6121826171875,2117784
2021-09-21,1178.0057011144506,1184.8913883330679,1160.0730901554375,1173.6463623046875,2117913
2021-09-22,1173.6464257103953,1192.4212747615636,1166.8597892691255,1180.2845458984375,1399326
2021-09-23,1212.6822807378605,1212.6822807378605,1187.4180665558217,1207.0350341796875,2659260
2021-09-24,1207.728397885773,1227.0976752851002,1196.433784906729,1210.750244140625,1703375
2021-09-27,1218.5771988580652,1221.5990453598808,1197.6723245410353,1211.493408203125,728019
2021-09-28,1211.1960298052059,1217.7845640943021,1191.1828595298407,1199.10888671875,1588306
2021-09-29,1194.8486583146594,1203.567337033887,1185.733774969489,1194.799072265625,1623118
2021-09-30,1197.9695672579608,1207.7284646254775,1185.6842001973257,1203.864501953125,1234882
2021-10-01,1192.867130198299,1206.2918875568141,1188.3096886067876,1197.8704833984375,830634
2021-10-04,1199.8023199756663,1228.5341674399886,1194.8981392161436,1219.46875,1664614
2021-10-05,1219.6174795369348,1255.7799799456252,1215.6544657935165,1250.28125,2282814
2021-10-06,1261.2290199306806,1262.120722137799,1194.2541173732652,1200.8426513671875,2630744
2021-10-07,1215.6543959074475,1222.787771858881,1196.0374306286435,1203.81494140625,2674007
2021-10-08,1213.6233123336335,1217.6359119253145,1180.928450581367,1185.3868408203125,1661548
2021-10-11,1188.8545957860185,1207.2331213068821,1188.8545957860185,1194.94775390625,822914
2021-10-12,1197.820946564239,1203.7654673908603,1187.0712955910822,1199.4061279296875,815338
2021-10-13,1199.406023800298,1207.3816369268939,1173.4483334875993,1180.7303466796875,1281752
2021-10-14,1181.9191242965105,1187.8141791133517,1162.9462949785202,1174.587646484375,2080766
2021-10-18,1208.719106230346,1208.719106230346,1174.5877011564544,1181.473388671875,934860
2021-10-19,1182.4642589013804,1204.6571606761163,1175.5785707054424,1182.4146728515625,1313098
2021-10-20,1187.9134076286764,1191.8764214989974,1145.2119573642863,1157.943115234375,2063277
2021-10-21,1159.181611488246,1173.4979513902465,1127.5270850896266,1147.58984375,1985866
2021-10-22,1157.199877595014,1160.964788587104,1131.143016906102,1156.4072265625,1112991
2021-10-25,1146.8961964835244,1156.1597172703987,1115.8856853347334,1119.254150390625,1843700
2021-10-26,1124.505300458244,1167.404978358973,1123.5145468895582,1161.2127685546875,1572647
2021-10-27,1164.531607154135,1190.9352102824196,1164.4325559993367,1175.0335693359375,1916766
2021-10-28,1198.811824179838,1210.4531786708403,1147.3916895163663,1156.3084716796875,3565017
2021-10-29,1156.3084298477963,1169.0891746745058,1131.5395914013025,1134.957763671875,1518940
2021-11-01,1137.3848556420285,1162.2032756509159,1128.0222847801406,1152.5928955078125,972538
2021-11-02,1152.593081411998,1161.4108119138443,1144.6175881540428,1155.2681884765625,1159884
2021-11-03,1159.1814682609952,1187.3188887729107,1156.209208085967,1167.900146484375,1941052
2021-11-04,1178.9471287131687,1178.9471287131687,1161.7081138387603,1170.822998046875,119047
2021-11-08,1172.0612739782782,1190.9846397586737,1166.4634930714697,1189.548095703125,1361707
2021-11-09,1200.7932373097433,1200.7932373097433,1181.37449297391,1196.087158203125,1521269
2021-11-10,1186.030978257729,1193.6598526928972,1170.1294573139867,1172.804443359375,842679
2021-11-11,1167.1074752297393,1181.0770736226973,1139.4654318912465,1142.5367431640625,1271079
2021-11-12,1143.3293636499366,1166.1166906550914,1136.9885180341012,1164.0361328125,1281030
2021-11-15,1166.314888518627,1168.5936697824993,1144.815587480863,1149.1749267578125,662558
2021-11-16,1159.0823790040465,1163.2930807802384,1140.010376841295,1142.338623046875,694696
2021-11-17,1139.3664332537971,1185.8822579565267,1139.3664332537971,1176.222412109375,2862829
2021-11-18,1178.9964355325644,1193.8577351401177,1167.602772500107,1171.1199951171875,1527355
2021-11-22,1171.1203064201088,1178.6500093678073,1126.63544691505,1140.0106201171875,772737
2021-11-23,1133.0256230859436,1148.4813527429212,1121.0871165588555,1142.8341064453125,820238
2021-11-24,1148.5309891550164,1170.4266172076527,1141.3480263157894,1152.9893798828125,1136850
2021-11-25,1147.044867893497,1163.144612314373,1141.8434120036754,1148.7786865234375,768462
2021-11-26,1143.3292885493433,1143.3292885493433,1095.030066004473,1119.89794921875,2315515
2021-11-29,1101.7178802255225,1137.236368632605,1093.5441639378782,1125.74365234375,1120859
2021-11-30,1124.505289976277,1157.1011062705165,1123.6631736390634,1149.819091796875,2253521
2021-12-01,1150.066744406829,1168.5442009624478,1144.815702328469,1154.0792236328125,1239348
2021-12-02,1159.8256831450155,1178.9967404078661,1146.351458871531,1177.0648193359375,1030248
2021-12-03,1166.1168193937222,1177.0646934749443,1152.939750033285,1155.1689453125,1327943
2021-12-06,1155.1688470076779,1168.098226903468,1134.4126122175323,1137.8802490234375,936271
2021-12-07,1146.301740661645,1151.7012985828562,1128.4681785770213,1148.431884765625,2090791
2021-12-08,1154.2275235101472,1162.1535494226632,1147.8866785918228,1158.6859130859375,2315306
2021-12-09,1169.0891495377389,1173.9933310680615,1142.4378557540265,1150.611572265625,1136171
2021-12-10,1150.2646395338152,1166.9093441931034,1146.1035238397787,1164.7296142578125,949040
2021-12-13,1171.0704629557524,1193.511050583955,1167.1074495447347,1175.677490234375,2187282
2021-12-14,1168.0983147919574,1181.8698119027574,1167.2561985497623,1177.56005859375,1171502
2021-12-15,1177.559947965446,1179.6405058217547,1151.55267240766,1163.7884521484375,857540
2021-12-16,1167.6029681083717,1175.9747865798627,1149.4226660643694,1153.0389404296875,993629
2021-12-17,1145.3110599939955,1151.205995014387,1126.4867432639905,1131.9854736328125,982598
2021-12-20,1128.9635840179299,1131.9854304913215,1090.4232496775305,1115.2911376953125,1341693
2021-12-21,1125.0995471220372,1130.8954303766288,1107.3650369118343,1124.7528076171875,878721
2021-12-22,1128.814941964669,1129.3599047498558,1108.6035469864096,1113.9041748046875,846447
2021-12-23,1123.514447672079,1123.514447672079,1105.8295222211136,1115.04345703125,1026376
2021-12-24,1120.3441155912194,1142.9828090681413,1115.5884503746204,1137.5831298828125,1930715
2021-12-27,1137.3849702490697,1154.2773650915108,1124.8519148119283,1151.2059326171875,798129
2021-12-28,1154.525108160096,1171.5660200754667,1150.8592476253498,1166.7113037109375,776910
2021-12-29,1166.7111545034072,1181.1761296433015,1156.2091928780908,1174.686767578125,1400668
2021-12-30,1172.952875518882,1191.5789653029701,1169.980615569569,1184.1483154296875,1335116
2021-12-31,1187.9133001729397,1193.8082343951664,1176.1233107869118,1184.9410400390625,843128
2022-01-03,1184.9410435931509,1203.2203950946928,1184.9410435931509,1198.2171630859375,925281
2022-01-04,1195.1457766706678,1215.6543219902082,1194.3531256391166,1209.3134765625,1409464
2022-01-05,1203.7654266566904,1213.6729610324655,1202.5269848597184,1208.570556640625,378090
2022-01-06,1197.6226315468998,1217.0908370432314,1191.0340979458783,1194.4521484375,1387627
2022-01-07,1196.8300825202916,1207.9760580404516,1194.848575761152,1206.1431884765625,1050768
2022-01-10,1207.7284001538617,1229.2277006560976,1202.081154124523,1217.7349853515625,1379165
2022-01-11,1219.4193046661853,1228.4846013115684,1212.781184476005,1221.9952392578125,985871
2022-01-12,1228.5341841323252,1243.7918102848641,1219.7660409580828,1237.8472900390625,1371034
2022-01-13,1243.3955400256225,1249.340060535705,1234.4787592604985,1247.061279296875,933511
2022-01-14,1247.3585740146923,1260.4860570215983,1242.9001835595168,1251.916015625,895522
2022-01-17,1244.6836427307012,1281.2919353644804,1244.6836427307012,1276.0408935546875,1427239
2022-01-18,1276.0407411634142,1281.0440940061926,1251.4205443648348,1254.1947021484375,869578
2022-01-19,1251.3215764000652,1260.3374083837527,1229.128675480663,1236.559326171875,625670
2022-01-20,1236.4601480374833,1244.0394351524692,1219.5677554909532,1227.24609375,716954
2022-01-21,1213.672787318817,1251.5195148406228,1189.8947082203258,1229.1781005859375,2421446
2022-01-24,1228.5342753507653,1228.5342753507653,1194.0065418810382,1213.6729736328125,1073781
2022-01-25,1200.8922592780343,1221.4999798732151,1199.0593895430673,1216.645263671875,1083251
2022-01-27,1207.728424615476,1210.6016337351987,1190.7369791948747,1200.4464111328125,1793456
2022-01-28,1198.8116363668767,1226.305043729836,1189.8948556005114,1194.40283203125,635096
2022-01-31,1198.8115424421624,1226.9489615109371,1194.8981151223884,1221.8465576171875,1771932
2022-02-01,1238.4416504988008,1238.4416504988008,1191.4799189235728,1203.7156982421875,1593083
2022-02-02,1205.449651450052,1216.1994229326006,1199.851991316639,1208.8182373046875,937000
2022-02-03,1206.7873151097538,1208.7192360037811,1164.7297576527035,1174.240966796875,1236574
2022-02-04,1182.959609524963,1182.959609524963,1154.3763969169686,1161.2620849609375,856452
2022-02-07,1151.057209699799,1160.8655704238251,1121.4336624235514,1133.4217529296875,1519928
2022-02-08,1134.4127070751786,1138.3757208990219,1107.0183498295441,1120.6907958984375,1511667
2022-02-09,1121.5329329603305,1130.251611911215,1107.6623843194784,1115.2911376953125,1741687
2022-02-10,1114.5974927796142,1139.3663259524947,1097.7546862220556,1135.6510009765625,2030639
2022-02-11,1134.2640525280192,1134.2640525280192,1113.606867475356,1122.8209228515625,1942394
2022-02-14,1114.5975371037837,1116.5790438364127,1079.921169282777,1086.1629638671875,2448602
2022-02-15,1085.8657423787117,1113.2600984801402,1076.156310539205,1109.59423828125,1245681
2022-02-16,1117.5699315529478,1121.0375687519154,1091.8103409320465,1111.7740478515625,1294606
2022-02-17,1117.56982587843,1122.3749556400353,1101.6187204597925,1115.93505859375,1182862
2022-02-18,1114.3995017393006,1150.165676223097,1101.0737955970694,1139.86181640625,1734791
2022-02-21,1134.4126688706556,1139.8618126949252,1112.6160935735775,1124.2574462890625,1020384
2022-02-22,1095.7732504621918,1116.0836949779919,1085.9647677028318,1090.7698974609375,2115917
2022-02-23,1097.7549539440095,1104.640642868734,1088.5408973799342,1091.562744140625,1743770
2022-02-24,1068.0322517145078,1081.4074236979457,1031.0770985243748,1044.4522705078125,2088599
2022-02-25,1050.1985724156473,1067.734858691619,1039.3002853434095,1045.8392333984375,1415912
2022-02-28,1039.3002441406193,1052.9726884840156,1007.4475003630579,1050.34716796875,1566146
2022-03-02,1050.1986082797891,1114.597579542229,1046.2851807104719,1110.783203125,3762611
2022-03-03,1109.7429192493178,1116.3314539044322,1065.2085998842124,1071.3017578125,1105747
2022-03-04,1061.5924291121107,1067.4378992470106,1040.0435393937828,1047.5732421875,1586668
2022-03-07,1017.1074491983038,1039.102247955716,1013.5407610310855,1019.38623046875,852067
2022-03-08,999.6702160252499,1030.13588415486,994.221072132149,1022.407958984375,1580056
2022-03-09,1026.2224813695307,1032.3155183900674,1011.3611190114115,1015.7203979492188,1409037
2022-03-10,1029.392824351518,1047.3254374305377,1026.4701500796068,1040.3406982421875,1580932
2022-03-11,1040.291120108423,1056.2422264284355,1032.0183530082584,1048.7125244140625,698477
2022-03-14,1037.3187846329024,1062.6820468692315,1030.5321481958729,1059.808837890625,1278905
2022-03-15,1059.164992915629,1069.369680585237,1050.1986260804797,1060.651123046875,1068905
2022-03-16,1065.9516738773818,1087.6491988819369,1065.0599715733292,1075.7105712890625,1616431
2022-03-17,1085.8656760426786,1129.4588236210343,1078.0387003573414,1118.11474609375,1867149
2022-03-21,1128.468100192563,1128.468100192563,1083.8841980778438,1085.6676025390625,849763
2022-03-22,1082.3980841083508,1091.6616041638918,1060.1061327193916,1087.50048828125,998586
2022-03-23,1100.1821780573398,1107.365140947741,1069.1220799540595,1082.1505126953125,1054362
2022-03-24,1077.939692027893,1087.3518492652688,1074.273952848914,1078.880859375,526345
2022-03-25,1083.8842713974148,1091.1168199396795,1075.561918251385,1082.4971923828125,598919
2022-03-28,1082.794384641886,1093.5936205869432,1046.2355610201948,1067.0413818359375,926829
2022-03-29,1102.7748631038949,1106.695571351268,1078.3570100803652,1093.0970458984375,2864668
2022-03-30,1101.782426707216,1119.3017841219614,1095.3305476319035,1113.4951171875,1287813
2022-03-31,1119.6490174397986,1119.6490174397986,1106.1992844108347,1113.1474609375,749342
2022-04-01,1110.7157396972095,1112.5024622759602,1080.9378378286517,1105.1075439453125,1519104
2022-04-04,1105.1075911037747,1121.5351161355811,1095.8268355253533,1117.9617919921875,1802143
2022-04-05,1114.7357115054094,1121.832680589442,1102.774873457175,1110.0704345703125,773451
2022-04-06,1102.774715048896,1114.1398965438448,1093.3450482685498,1098.903564453125,1354847
2022-04-07,1095.3305008235081,1107.4898108688983,1091.856412239111,1100.640869140625,966698
2022-04-08,1100.7897141148821,1156.3751279926398,1100.7897141148821,1151.8587646484375,2390240
2022-04-11,1151.4119426969366,1151.4119426969366,1124.6615154259055,1134.04150390625,1318874
2022-04-12,1132.552886106197,1144.4640470468407,1110.7654360189078,1140.5928955078125,1506254
2022-04-13,1141.4860828245296,1149.3276201485526,1131.560116886925,1138.4090576171875,509293
2022-04-18,1136.5231225656028,1173.199518971285,1125.2074969373107,1164.712890625,2382085
2022-04-19,1176.1772331369068,1176.1772331369068,1103.767363300672,1116.373291015625,971382
2022-04-20,1119.152898979309,1127.2921443234266,1109.4254018120052,1119.99658203125,645638
2022-04-21,1116.8695760723888,1140.0963592945163,1116.8695760723888,1136.076416015625,731288
2022-04-22,1125.108328882378,1131.5602072570896,1113.6934671425038,1128.83056640625,824665
2022-04-25,1111.708297537228,1120.8401386575053,1079.3992266734167,1083.171142578125,1073577
2022-04-26,1097.8118613077852,1097.8118613077852,1075.577672794818,1086.744384765625,922785
2022-04-27,1084.908180665889,1090.7645253620874,1053.3435575010146,1066.247314453125,1202603
2022-04-28,1060.5895192330288,1116.671229889712,1058.5050905038845,1108.58154296875,1643102
2022-04-29,1106.2490443070515,1124.2150207035738,1058.356252572807,1097.315673828125,3259418
2022-05-02,1080.8881702328104,1085.305298420358,1056.3214009478925,1073.0467529296875,1925857
2022-05-04,1073.0466211317375,1088.8288104066746,1057.1153969643751,1069.8702392578125,1169983
2022-05-05,1073.9895107285909,1106.7451982092225,1072.0043175479464,1075.6273193359375,814132
2022-05-06,1065.0561545322644,1072.9969273526353,1044.4100967326688,1051.3087158203125,1350057
2022-05-09,1026.3450569921424,1066.9422889923658,1025.5509311119697,1056.569580078125,1201027
2022-05-10,1062.0785104994804,1088.6801515655443,1054.137736589204,1073.0467529296875,1410429
2022-05-11,1071.0117537376489,1096.2732892678873,1071.0117537376489,1079.1014404296875,1886732
2022-05-12,1067.5376383088553,1073.9398378822918,1040.2412319364764,1052.7479248046875,1457225
2022-05-13,1067.041320735541,1071.0117070452548,1030.8612239549052,1037.2137451171875,1108831
2022-05-16,1037.2635222972144,1046.1968923457073,1026.4938726387377,1036.9161376953125,590395
2022-05-17,1034.2855763277569,1067.388646116066,1028.6278246167753,1062.475341796875,545334
2022-05-18,1055.6265553904686,1076.967383731696,1053.1450637228843,1065.9495849609375,775879
2022-05-19,1065.9495626558605,1065.9495626558605,1039.2486886380516,1048.8272705078125,1069562
2022-05-20,1072.9969163102508,1075.4784077910792,1053.4923690376233,1063.4183349609375,941175
2022-05-23,1054.137622285764,1083.8162857905909,1054.137622285764,1068.5302734375,620152
2022-05-24,1064.8080350273783,1075.577684231533,1049.4227872595625,1065.4532470703125,847697
2022-05-25,1070.0191256112425,1107.7377960873346,1070.0191256112425,1087.8858642578125,3185769
2022-05-26,1088.878589760141,1101.5838761018272,1065.4533316613356,1097.166748046875,1177148
2022-05-27,1106.7452336664942,1121.038649258373,1094.6851604743908,1112.800048828125,687512
2022-05-30,1117.0683472536375,1141.4862017712526,1110.5667904203917,1139.8980712890625,580398
2022-05-31,1145.456550444725,1172.1574249440414,1131.1631342474532,1165.4573974609375,2649820
2022-06-01,1153.397339581978,1167.2936930709175,1135.5802776824366,1144.2158203125,683413
2022-06-02,1131.758703966766,1139.501006659836,1112.998723351369,1135.282470703125,950691
2022-06-03,1145.4565025238276,1153.248361778217,1130.5178748864994,1132.70166015625,917466
2022-06-06,1127.192767161987,1141.0891207015557,1125.70387213989,1133.54541015625,1199089
2022-06-07,1126.646913332448,1129.5750250802125,1105.256406350454,1125.9024658203125,848821
2022-06-08,1135.7787708179274,1150.6180429750436,1120.840142057816,1127.6395263671875,1387431
2022-06-09,1128.5326361415166,1158.6083610614883,1122.180114946018,1155.0845947265625,1142045
2022-06-10,1146.2010618446939,1155.0847540175982,1143.7195700459395,1146.3499755859375,611509
2022-06-13,1128.6319359427105,1153.1987001263726,1121.9814664738585,1125.306640625,1014220
2022-06-14,1116.6712160439708,1136.5231487736414,1115.827533136276,1123.7186279296875,768306
2022-06-15,1131.5601513053798,1136.2253069713224,1114.4875378400359,1117.4156494140625,947417
2022-06-16,1122.974371625512,1129.2277799665603,1091.7572505603898,1096.9683837890625,1385141
2022-06-17,1096.968269639211,1106.1001108325618,1067.9348161006665,1074.0888671875,1535565
2022-06-20,1070.168038128422,1084.7096024104903,1061.2346688151947,1067.9842529296875,532685
2022-06-21,1072.103701608567,1090.3675056358775,1069.3740606067474,1088.2333984375,659138
2022-06-22,1087.389743630095,1087.886042006923,1054.733286201495,1062.525146484375,560136
2022-06-23,1069.0266060655595,1074.9821860436407,1053.5916794890654,1065.89990234375,895014
2022-06-24,1064.1629856737798,1084.8090472045624,1064.1629856737798,1070.5653076171875,492066
2022-06-27,1075.8755398932753,1088.4814689604377,1069.0762770315919,1076.520751953125,793805
2022-06-28,1076.9673457824174,1081.930328942705,1060.0932030374395,1070.06884765625,572706
2022-06-29,1062.128105829675,1079.9451674323525,1043.7650675966802,1059.745849609375,1224658
2022-06-30,1065.5523993825607,1084.5606476011344,1049.720532832746,1073.5924072265625,1569542
2022-07-01,1077.4141019895617,1097.166801697641,1067.0415143400573,1091.70751953125,696341
2022-07-04,1096.8193598607395,1113.693503858597,1086.9926282404338,1109.375732421875,1436248
2022-07-05,1109.7230790461858,1122.9742203810856,1098.7548373564207,1102.77490234375,1020111
2022-07-06,1105.9509565053256,1116.6710470233754,1102.7746962159733,1107.8369140625,602752
2022-07-07,1113.395615399522,1121.6342160727072,1102.923793427289,1116.274169921875,792663
2022-07-08,1127.3912596597618,1140.8905491015887,1119.202337761238,1138.4090576171875,1135110
2022-07-11,1137.4660576968759,1146.5483410788424,1132.602431151628,1138.9053955078125,543156
2022-07-12,1134.5380731922776,1138.508460150081,1125.7039379778466,1131.3121337890625,331672
2022-07-13,1136.969771828643,1142.2802607812716,1129.1779124447626,1131.4112548828125,368619
2022-07-14,1134.6372448062546,1138.409160670624,1121.6839307850396,1130.5179443359375,728701
2022-07-15,1136.1757808220711,1149.5261573116416,1128.4334784774906,1146.895751953125,591171
2022-07-18,1156.8217270608798,1178.063319783869,1148.7321612282205,1168.4351806640625,1044459
2022-07-19,1167.6906507729536,1177.1698754917888,1146.94535784304,1161.288330078125,1099874
2022-07-20,1166.3011667618007,1190.1234884658713,1154.8863042786,1177.2694091796875,1608377
2022-07-21,1178.2121624876916,1178.2121624876916,1154.389844122313,1159.8988037109375,1048591
2022-07-22,1160.89148105735,1167.4921519636166,1149.824003980301,1156.325439453125,753148
2022-07-25,1163.323299177029,1163.323299177029,1130.7660798801842,1136.4735107421875,934158
2022-07-26,1133.5452306884479,1141.5852383015235,1126.597055018729,1129.7733154296875,687125
2022-07-27,1131.5603089594524,1168.782687543645,1123.8180057473016,1140.841064453125,1554002
2022-07-28,1146.4492900772698,1186.1531615950973,1139.004814167677,1182.62939453125,1043318
2022-07-29,1253.3517519054053,1295.0408115518976,1231.812452888018,1284.817138671875,7628351
2022-08-01,1290.375565340844,1307.4978564963285,1277.8688725562404,1303.5771484375,2973441
2022-08-02,1300.3016263314755,1303.08094544981,1270.9703465227842,1275.6851806640625,1673860
2022-08-03,1273.501386706524,1278.0177495219561,1249.2820064049015,1274.04736328125,1409000
2022-08-04,1274.5933311346555,1277.422207347409,1260.8458917967187,1269.3326416015625,1015838
2022-08-05,1275.6851783418624,1278.3155837228937,1251.614709348627,1257.2725830078125,922856
2022-08-08,1251.8629926634328,1262.9304708363338,1241.9867033095481,1260.4986572265625,1002771
2022-08-10,1260.5976651702858,1284.7178106948986,1259.6547468795052,1263.77392578125,1187710
2022-08-11,1270.1267430622497,1274.4445145758334,1249.7289530958062,1252.1607666015625,943196
2022-08-12,1246.205094104817,1280.3007647998159,1243.2273041547455,1277.0252685546875,1572048
2022-08-16,1279.4571945284983,1311.2202901257922,1277.5216793571758,1299.9046630859375,1710276
2022-08-17,1295.3386505560845,1311.2201972295693,1282.881513917436,1295.68603515625,1209377
2022-08-18,1296.3312731393862,1323.1313836866784,1293.7008676856865,1314.396484375,1498235
2022-08-19,1310.2275452077602,1324.8186671309418,1283.7748209139995,1287.34814453125,961803
2022-08-22,1282.484569668793,1301.6912909060552,1261.7392751339203,1266.5533447265625,966451
2022-08-23,1266.5532359200947,1283.0799932083232,1260.5976564408468,1269.7791748046875,803737
2022-08-24,1274.4941732402913,1280.4000751870349,1262.8311619197511,1277.96826171875,684029
2022-08-25,1278.464457492049,1306.257163089702,1278.464457492049,1287.3978271484375,1286241
2022-08-26,1296.3311756457779,1317.672002809931,1296.3311756457779,1303.97412109375,869870
2022-08-29,1246.7013388242094,1301.194916800717,1246.7013388242094,1288.5888671875,737193
2022-08-30,1290.474949515273,1323.7766173721598,1290.474949515273,1319.26025390625,1086386
2022-09-01,1281.5415692551862,1303.2794611187403,1281.4423338189595,1286.9512939453125,2045072
2022-09-02,1293.4031211429149,1301.294216091942,1273.2036822588689,1278.6629638671875,1141002
2022-09-05,1285.0653308252558,1286.4053121254024,1272.5089584450352,1283.8245849609375,440939
2022-09-06,1283.4274771449202,1307.2497969063108,1275.5363821905933,1301.6416015625,1792194
2022-09-07,1294.345932520711,1327.4986823262586,1291.5666136468283,1321.6920166015625,839563
2022-09-08,1328.09434089162,1330.4269188265357,1295.0905017027962,1307.944580078125,1205449
2022-09-09,1312.2625814692321,1317.1262086097145,1281.7402314145218,1287.8446044921875,548609
2022-09-12,1288.191932996715,1301.2941598235009,1285.4622923105865,1296.3311767578125,1002755
2022-09-13,1302.832846120165,1325.1165935525971,1301.2942727696293,1314.5950927734375,1160040
2022-09-14,1295.288932634527,1310.2275604839501,1290.3756277493449,1293.6512451171875,800852
2022-09-15,1300.1527564105725,1307.2498470114926,1267.1489163094852,1285.4127197265625,1441219
2022-09-16,1279.457048136913,1293.3037225729263,1256.6273257884654,1262.8310546875,1717631
2022-09-19,1269.034800059644,1298.316400843187,1263.0295419407935,1293.6512451171875,859607
2022-09-20,1300.1526669680559,1312.7090385264073,1296.9764062299362,1299.6068115234375,671787
2022-09-21,1299.6068182151002,1308.9868079170487,1288.3904278114344,1296.6290283203125,453755
2022-09-22,1287.3978940473369,1290.3260057869006,1259.6051870054514,1275.9830322265625,932867
2022-09-23,1264.5681581939193,1280.4000266214712,1256.1807647949818,1263.5755615234375,415333
2022-09-26,1262.3844260059277,1262.3844260059277,1242.582050796223,1250.4732666015625,1271968
2022-09-27,1256.6273981465124,1261.2429969464815,1228.1399218684355,1233.1029052734375,821405
2022-09-28,1218.4122725593081,1241.5893779099122,1206.0048156086025,1229.628662109375,1102669
2022-09-29,1235.7827918477751,1241.7383715675235,1226.8494222681527,1230.621337890625,1382993
2022-09-30,1233.7975865328162,1248.6865356864705,1225.4101936428892,1241.1923828125,1344894
2022-10-03,1246.304334325546,1247.3466092787094,1218.7597771815445,1228.0902099609375,981699
2022-10-04,1242.9791803380283,1255.6347878838935,1240.7955161300818,1251.3170166015625,420656
2022-10-06,1257.6198513980366,1270.4739284843706,1233.2515571920057,1235.931640625,900769
2022-10-07,1229.9263500936643,1247.5946169954632,1229.181902687688,1233.9959716796875,570691
2022-10-10,1220.8939244190456,1234.740599729358,1209.032442481772,1230.1251220703125,539842
2022-10-11,1230.86952514031,1233.7976367931778,1191.2648945449275,1197.4189453125,712461
2022-10-12,1197.071535300597,1211.4145081317204,1191.413782978495,1203.2255859375,721135
2022-10-13,1198.0641626993045,1207.5435092220923,1176.2767145866094,1179.1055908203125,689562
2022-10-14,1192.1085518331136,1208.0397762005964,1168.8817664733238,1171.0655517578125,717290
2022-10-17,1169.2787670098685,1189.7759105460302,1158.9557383818994,1180.991455078125,1615547
2022-10-18,1186.8974734335236,1216.9235228346226,1184.316746313358,1210.0250244140625,1367703
2022-10-19,1210.9679685543845,1224.665851419422,1204.36717629575,1218.015380859375,947326
2022-10-20,1210.9678845117676,1220.8938507782575,1205.0123047518737,1213.89599609375,878595
2022-10-21,1219.3552985775043,1240.99395387841,1217.916081910665,1237.122802734375,1020728
2022-10-24,1259.5553756058966,1259.5553756058966,1229.6286857975297,1248.2894287109375,157253
2022-10-25,1252.2598414771785,1269.1339836118316,1233.9960398745916,1245.559814453125,1260061
2022-10-27,1246.2049944284533,1254.6420652788254,1234.3435138760308,1243.624267578125,1512949
2022-10-28,1249.8776681872132,1255.9821618911633,1235.2368674243128,1243.525146484375,528795
2022-10-31,1249.7783741370101,1264.3199387850073,1246.0065796986783,1256.57763671875,539055
2022-11-01,1256.5777364538926,1276.8764115485887,1250.7215128918588,1259.3570556640625,1038607
2022-11-02,1265.6599627371536,1269.9281767939156,1253.1532691947446,1263.2281494140625,369486
2022-11-03,1253.649471530895,1271.5162098424992,1253.649471530895,1266.6029052734375,431610
2022-11-04,1270.523886708794,1272.3601665304827,1250.1756525857234,1256.23046875,336277
2022-11-07,1262.533367074293,1272.5090127154942,1256.0319311679414,1269.183837890625,474230
2022-11-09,1280.4497099888438,1280.4497099888438,1246.7511013592602,1254.4437255859375,992095
2022-11-10,1258.7117564417115,1258.7117564417115,1216.8737844476098,1229.1820068359375,497796
2022-11-11,1241.738588219856,1263.7741885609541,1229.1822145532976,1240.994140625,1136441
2022-11-14,1241.738335152917,1250.572469044794,1230.7700943573977,1239.3560791015625,772676
2022-11-15,1239.3561935781877,1252.657013357456,1229.3309913179153,1249.97705078125,775345
2022-11-16,1250.6717154949529,1256.180675089359,1237.073190547075,1245.6094970703125,1280120
2022-11-17,1246.2052312095554,1251.8134271325075,1234.7903684784444,1245.063720703125,796479
2022-11-18,1245.0635349323059,1251.664326629608,1228.4872199931367,1233.5494384765625,1253218
2022-11-21,1220.9930088716653,1239.653872737346,1196.5751576360078,1217.5189208984375,1040107
2022-11-22,1223.5739309072007,1226.7998702541342,1210.620616383315,1219.9510498046875,750489
2022-11-23,1225.807177517231,1225.8568558160832,1208.1390299471188,1217.2213134765625,880563
2022-11-24,1220.8937880562667,1236.1301212592637,1211.2159714436254,1231.4649658203125,1717980
2022-11-25,1238.959058289971,1245.659085505647,1220.0004869944846,1226.10498046875,1429364
2022-11-28,1220.893948117147,1260.1015179957058,1217.916157999788,1244.219970703125,1073327
2022-11-29,1244.2198704642328,1263.873332122083,1238.7109107243048,1249.0836181640625,1070183
2022-11-30,1249.033926313603,1280.1518059620735,1243.4754095026442,1273.4022216796875,1401332
2022-12-01,1280.4496443292417,1288.5393310441727,1266.7517624581574,1281.194091796875,949604
2022-12-02,1282.4348198832615,1290.3259144646736,1255.6347114182088,1285.5615234375,1614314
2022-12-05,1288.4897739465603,1288.4897739465603,1264.2208326855196,1275.0401611328125,684421
2022-12-06,1276.479298723092,1303.7757067439977,1272.0622920736153,1275.5859375,1991151
2022-12-07,1276.3800711811289,1287.0008069919206,1249.6791967550316,1252.7066650390625,636553
2022-12-08,1232.804946601163,1259.35690499213,1232.804946601163,1257.470947265625,608199
2022-12-09,1267.545927385832,1267.545927385832,1247.7436726016062,1260.2503662109375,679420
2022-12-12,1259.5555757454185,1263.5756409802966,1243.7733846256008,1253.84814453125,498780
2022-12-13,1256.1311002434336,1270.871136728105,1249.9273709850208,1268.340087890625,598044
2022-12-14,1275.4867084440834,1276.4793051043512,1257.2229056618396,1260.349609375,609946
2022-12-15,1265.5111161646628,1285.412728497221,1259.2578296449003,1264.0718994140625,1303760
2022-12-16,1253.64944548845,1269.2828411863466,1241.3412240072682,1244.864990234375,722024
2022-12-19,1244.9146274764157,1261.4910636656382,1242.0857513537774,1258.1162109375,378502
2022-12-20,1250.6717976681473,1259.6051676514912,1219.9509793587263,1222.1346435546875,1478618
2022-12-21,1221.9361736254214,1235.5843777771076,1212.556062435766,1225.211669921875,1281437
2022-12-22,1225.2613169753329,1239.7532036898724,1220.0501846139462,1235.53466796875,1176517
2022-12-23,1230.125180228514,1238.7607233428726,1207.7420754226282,1215.533935546875,877135
2022-12-26,1213.8961403683618,1240.1007186596914,1196.0790772690418,1234.0955810546875,567165
2022-12-27,1234.293996064793,1245.4607089363078,1225.9561595540772,1231.8621826171875,471890
2022-12-28,1231.8123393960457,1240.6464730738605,1222.9782057182308,1232.8546142578125,376439
2022-12-29,1228.8346379804336,1253.4510830721995,1219.9509465359802,1249.2821044921875,678487
2022-12-30,1252.656870308849,1254.4435926000076,1219.7027126786052,1222.1842041015625,1052741
2023-01-02,1220.8938621783357,1238.413217035593,1212.9530890909969,1230.8695068359375,703923
2023-01-03,1235.4850297179364,1265.5607573594664,1217.320583312258,1259.0096435546875,1871263
2023-01-04,1258.9600811094633,1272.8068786641793,1243.7734233235585,1249.72900390625,1073081
2023-01-05,1251.317081735546,1265.1142004037042,1245.758564326051,1258.2652587890625,878852
2023-01-06,1261.5407440481802,1277.8193543763432,1257.1237371415202,1259.6549072265625,1675874
2023-01-09,1265.9578906832455,1304.172864697925,1261.739354590716,1296.6787109375,1432882
2023-01-10,1296.6785360548104,1303.9245396560552,1288.2911433039765,1292.956298828125,1000059
2023-01-11,1299.4579384078604,1299.4579384078604,1277.8192828075864,1281.7401123046875,652049
2023-01-12,1281.7400895068274,1310.2275646039316,1281.7400895068274,1305.9593505859375,1377949
2023-01-13,1309.234994587979,1316.1831712082335,1296.331238007506,1303.229736328125,1214977
2023-01-16,1309.7809952514299,1312.9572561551952,1285.4126983337576,1291.26904296875,600742
2023-01-17,1295.040765023988,1300.6986384726877,1284.9163279402217,1288.8370361328125,895667
2023-01-18,1299.3089686961114,1312.2127246877458,1292.5097061184506,1300.94677734375,1078873
2023-01-19,1303.2794849261936,1320.1536290569975,1293.9490515852547,1313.3046875,1189082
2023-01-20,1314.247541457311,1316.1333780134837,1282.7821573810554,1286.50439453125,966855
2023-01-23,1275.486784338777,1308.3913898178776,1270.5238007421278,1285.809814453125,1367408
2023-01-24,1286.4053050755938,1291.3682885056694,1260.7962621097688,1263.82373046875,657428
2023-01-25,1263.7740224369554,1269.3326606811406,1240.7955066295556,1248.140625,599832
2023-01-27,1254.3445190261111,1281.9387583420817,1220.8940555638872,1240.994140625,1164597
2023-01-30,1212.953175550269,1235.2369231483658,1206.6005323942654,1224.318359375,1694822
2023-01-31,1234.4923513542396,1234.4923513542396,1203.5730639870917,1210.521240234375,1760628
2023-02-01,1210.5213147782986,1219.65315565615,1060.9369242290031,1101.186767578125,8470232
2023-02-02,1082.1288108730962,1146.449121755079,1080.6895942085214,1099.30078125,8566734
2023-02-03,1106.7453527902137,1137.1684667661511,1106.7453527902137,1129.624755859375,4061171
2023-02-06,1118.8548907646777,1138.3594390894557,1106.745260151625,1129.9720458984375,2909587
2023-02-07,1134.5380509909294,1139.3521208497423,1116.1253333677907,1123.371337890625,1741642
2023-02-08,1131.560166564915,1163.3232589597199,1126.746097107144,1155.8787841796875,3265863
2023-02-09,1161.933640370458,1176.227056685011,1154.1417807261573,1171.710693359375,2186484
2023-02-10,1171.1151143095321,1178.7085027924165,1158.409950095171,1175.730712890625,1655228
2023-02-13,1171.4625596597011,1179.1551839716644,1164.3655902922565,1170.3707275390625,812659
2023-02-14,1169.2789850541883,1172.7033954147455,1146.5484949823792,1153.099609375,990530
2023-02-15,1152.3053734541113,1175.0854160931908,1141.486046691288,1171.611328125,1243115
2023-02-16,1177.5174668016346,1177.5174668016346,1160.8914727384877,1165.40771484375,356750
2023-02-17,1166.8966327366672,1166.8966327366672,1128.8305742932248,1141.1883544921875,909951
2023-02-20,1135.5305587277373,1161.9832834768704,1132.701682530657,1149.823974609375,488052
2023-02-21,1155.580811489482,1159.3527267039467,1135.728881237702,1141.8333740234375,610755
2023-02-22,1140.3943478748772,1140.4439050088376,1116.8201767664368,1122.7757568359375,944068
2023-02-23,1128.4334793737996,1133.4461409320597,1115.529722900305,1126.9942626953125,768179
2023-02-24,1127.6890748518051,1133.8928041619731,1110.9141665637928,1113.7431640625,973799
2023-02-27,1113.743115388709,1126.5971934909817,1102.228897358971,1120.79052734375,987563
2023-02-28,1123.023834695689,1126.4979228489667,1100.839324578789,1112.7008056640625,1219508
2023-03-01,1118.308896615445,1118.308896615445,1100.5910729172615,1109.871826171875,675500
2023-03-02,1113.3955100670362,1114.6859340583987,1089.970255543647,1092.005126953125,491880
2023-03-03,1092.0052321360574,1124.3141804943577,1092.0052321360574,1120.8897705078125,922485
2023-03-06,1123.6194897207642,1137.4661655311634,1116.671312664187,1120.3438720703125,920574
2023-03-08,1121.6340915198748,1132.8504809017015,1102.476929808704,1120.8399658203125,959097
2023-03-09,1120.84007933154,1126.299360860844,1083.9155327272447,1088.5806884765625,1239659
2023-03-10,1084.9080667656315,1092.402219444595,1075.9250192100453,1087.78662109375,893708
2023-03-13,1083.9155717329545,1093.2460047339366,1058.2569718551943,1064.5599365234375,875379
2023-03-14,1066.8428330298057,1084.4614220007736,1063.070917628547,1069.125732421875,1089923
2023-03-15,1072.0043462772132,1073.3940057742218,1054.1376071725929,1059.1502685546875,1566147
2023-03-16,1066.512641935789,1083.0285380262776,1049.2506715616582,1057.2598876953125,1023855
2023-03-17,1062.582835177621,1085.5656418729764,1060.742243133506,1066.16455078125,1569036
2023-03-20,1066.1644143460012,1084.4213119006574,1048.653712507076,1068.6517333984375,842875
2023-03-21,1069.5970649914996,1094.1219354642205,1069.5970649914996,1092.132080078125,842669
2023-03-22,1113.8214181804822,1121.930102192163,1097.4549081820387,1107.453857421875,1399723
2023-03-23,1108.1505768497752,1119.840977915644,1099.3951640667958,1112.9759521484375,463672
2023-03-24,1104.3698012828688,1116.159670817147,1082.9788546814439,1106.55859375,1019781
2023-03-27,1104.0712725038718,1110.9362982498824,1089.545351684763,1093.72412109375,1078978
2023-03-28,1099.1960488175869,1100.8873771382996,1082.5310117032025,1085.7645263671875,609715
2023-03-29,1088.450841781891,1100.3899735016194,1077.7553696163013,1093.126953125,890212
2023-03-31,1094.6193113657864,1107.3046384329693,1091.6843234875548,1095.5147705078125,959958
2023-04-03,1094.4205199323626,1121.0846320893527,1086.2621610005958,1098.2012939453125,1689388
2023-04-05,1103.9219711565938,1113.224519960044,1094.8680328029207,1099.9422607421875,713828
2023-04-06,1103.2753186040736,1114.318991461366,1099.3950763971513,1110.5880126953125,959185
2023-04-10,1113.7221177974664,1113.7717913129504,1098.4500015344188,1100.6387939453125,985731
2023-04-11,1105.2652241530004,1126.1089112257323,1102.7779048626442,1107.00634765625,913188
2023-04-12,1112.8266551693694,1124.2683239529615,1106.4590934691428,1121.13427734375,784276
2023-04-13,1121.1341894991997,1133.222584644057,1117.801206187531,1124.5169677734375,1508398
2023-04-17,1114.3190126261004,1144.9130390888258,1113.3240849362555,1139.5404052734375,1053536
2023-04-18,1139.5404435377916,1147.4501918083372,1134.3170729907124,1139.739501953125,521013
2023-04-19,1134.217557457204,1139.440927787599,1114.8164676585939,1117.7017822265625,1033060
2023-04-20,1117.7017164701663,1126.059132797343,1106.8569810843728,1123.1240234375,663526
2023-04-21,1130.8347593103554,1130.8347593103554,1097.7534144619308,1100.937255859375,835506
2023-04-24,1100.389957533175,1108.0011781842761,1085.0680477583105,1100.0914306640625,1337055
2023-04-25,1100.3901081815536,1116.4582158778692,1095.4652643248512,1100.2408447265625,1099269
2023-04-26,1100.3900263657893,1116.308869423522,1098.4001709835725,1112.627685546875,993607
2023-04-27,1132.9737990345168,1139.1920965045197,1119.2935446005106,1131.282470703125,1895316
2023-04-28,1142.1769695147564,1142.1769695147564,1124.4175348277715,1134.3170166015625,1380448
2023-05-02,1141.1820137369139,1152.374949791439,1138.5454311760666,1145.062255859375,916515
2023-05-03,1142.6744375494243,1144.2662975431151,1128.546513110111,1131.13330078125,623440
2023-05-04,1131.183024795574,1163.9659661017554,1131.183024795574,1161.5283203125,2409910
2023-05-05,1166.0552535374597,1177.2481900581906,1161.5780789291675,1167.74658203125,1360996
2023-05-08,1172.0247502248392,1179.685644409016,1162.075473907141,1176.3526611328125,1221625
2023-05-09,1177.9445508955273,1183.9141168373794,1170.930383784529,1177.148681640625,1412254
2023-05-10,1178.392435271216,1188.9386449867281,1175.357857094769,1182.7701416015625,1420187
2023-05-11,1183.068390588595,1189.734478411492,1173.0694410309352,1179.38720703125,621616
2023-05-12,1174.0146420611263,1187.8938343762272,1168.0450760845445,1181.0289306640625,1158276
2023-05-15,1175.109004520812,1188.4410591099688,1175.109004520812,1183.4166259765625,680497
2023-05-16,1189.9335114565688,1195.7041406109756,1168.2440393395325,1174.7608642578125,926172
2023-05-17,1176.8006167859598,1178.9396143339065,1153.3202242161422,1156.7030029296875,688730
2023-05-18,1156.7029582624111,1166.900967527132,1144.6643569816026,1146.8531494140625,1133501
2023-05-19,1146.8529364809988,1151.827574223089,1136.7545190254493,1148.295654296875,333053
2023-05-22,1151.578940152761,1154.0165857241125,1143.3707871811,1144.9627685546875,392404
2023-05-23,1141.1821125516371,1161.9263315453688,1139.0429936302096,1159.687744140625,1139676
2023-05-24,1163.5678811590672,1171.1791019357117,1152.922203934985,1169.38818359375,995336
2023-05-25,1169.388074582429,1176.0043670970138,1165.5576277953905,1171.3779296875,1136179
2023-05-26,1169.0400643800308,1197.5944412018798,1167.199472398681,1189.684814453125,703725
2023-05-29,1192.8684972936232,1225.6514373285308,1191.0279053697734,1211.92138671875,1370649
2023-05-30,1208.4888843930723,1211.6229307549434,1194.7588343558893,1209.7325439453125,745769
2023-05-31,1209.3843023107602,1233.3620333698839,1205.8024657615765,1228.735595703125,2382996
2023-06-01,1235.2027104511392,1236.6951019659814,1198.2909179409328,1201.6239013671875,1041761
2023-06-02,1205.6535115401116,1210.0310965355122,1193.1671195365286,1196.400634765625,737046
2023-06-05,1201.8726184161853,1212.8168227229553,1198.88783542343,1209.235107421875,1599077
2023-06-06,1213.6624624197807,1218.7863640773521,1203.9619178893693,1216.7965087890625,793761
2023-06-07,1219.0849395137984,1241.6697493551087,1214.806701893099,1239.48095703125,1067618
2023-06-08,1241.3711348551933,1248.3854231112232,1227.7904700910337,1232.6158447265625,760962
2023-06-09,1221.37310263031,1247.2412203396077,1221.2736341601144,1226.1488037109375,1904738
2023-06-12,1235.8990329806272,1249.9276094926872,1228.586339311205,1232.6158447265625,1402903
2023-06-13,1231.720486977367,1242.4657546687706,1231.720486977367,1236.99365234375,1253147
2023-06-14,1233.809743545275,1248.5843947266706,1221.4229429929533,1235.9986572265625,713768
2023-06-15,1238.684929642117,1244.2565002161446,1230.1782496171347,1234.8046875,738348
2023-06-16,1234.705277475014,1285.3967952824341,1229.7804339333882,1274.8505859375,2049003
2023-06-19,1274.850547042688,1281.6161037864558,1268.5327806215832,1274.0048828125,741782
2023-06-20,1275.3480173875485,1300.1715357782657,1274.0048893149674,1288.779541015625,1474323
2023-06-21,1288.7794650637952,1299.67399534631,1279.725648034592,1288.3814697265625,855234
2023-06-22,1289.3267672037407,1299.3755121884792,1266.4931047429209,1270.025146484375,556505
2023-06-23,1264.7519286261306,1268.4332336519847,1254.1062517848445,1256.2950439453125,1076729
2023-06-26,1260.5235680563908,1269.7266490413474,1256.7925892787057,1259.9266357421875,1009927
2023-06-27,1262.0657701242594,1283.4567153806029,1251.768292860851,1279.875,1650539
2023-06-28,1283.4567102093658,1305.9420515398613,1278.4820717977016,1293.3065185546875,2245575
2023-06-30,1294.4506935150112,1308.7775548007894,1294.4008985510632,1300.27099609375,972782
2023-07-03,1301.31548679187,1305.3449920933383,1284.4515127991615,1291.3662109375,599025
2023-07-04,1313.304598876527,1313.3543938433036,1276.3430095497365,1282.7105712890625,866223
2023-07-05,1283.0090459952905,1310.0212355078845,1278.5815449221398,1284.9989013671875,960704
2023-07-06,1291.4161571080244,1305.0964130095924,1282.8100081960836,1286.3917236328125,726222
2023-07-07,1286.04347834287,1311.31466538018,1281.9145042337304,1287.4364013671875,939840
2023-07-10,1294.1023577516112,1295.395812289034,1276.6911237154684,1286.739990234375,675354
2023-07-11,1292.1623754317236,1302.111652624653,1282.9592940282637,1288.431396484375,821816
2023-07-12,1284.4515269817537,1299.972373195724,1284.4515269817537,1294.0028076171875,905809
2023-07-13,1305.3450958845872,1329.2233598336957,1298.4303971964437,1307.28515625,1579954
2023-07-14,1313.8019642936722,1319.3238613419996,1304.6983519888404,1313.60302734375,1321159
2023-07-17,1314.2995498674638,1321.8113029153685,1290.172552074666,1307.83251953125,1055414
2023-07-18,1308.3298710143401,1315.5928915023244,1299.0273216969738,1307.8822021484375,1427102
2023-07-19,1307.9318303756284,1314.8466502339259,1300.6191366285846,1303.8028564453125,659900
2023-07-20,1308.3298983399254,1314.8963967333823,1296.5400296299026,1307.384765625,898725
2023-07-21,1308.130929826566,1316.0405561060977,1281.4668200828985,1284.153076171875,524241
2023-07-24,1284.153084613117,1317.6822196892833,1281.3673600305203,1310.468994140625,1183272
2023-07-25,1311.314544456121,1313.3043996070408,1283.5560408105664,1294.500244140625,1362929
2023-07-26,1283.4566791341786,1293.3561607532497,1268.7814961750862,1286.09326171875,2302730
2023-07-27,1288.4314364997108,1305.3452082529889,1286.192849061777,1289.923828125,1946045
2023-07-28,1295.346077235777,1295.346077235777,1274.8009172838126,1283.2080078125,1051700
2023-07-31,1290.3713404200162,1290.3713404200162,1263.558089387095,1275.646484375,1061701
2023-08-01,1278.4819524384022,1278.4819524384022,1254.703158760413,1273.45751953125,1219778
2023-08-02,1273.5075014854426,1278.3826716797946,1246.0971937909837,1255.8475341796875,888107
2023-08-03,1253.5590055900461,1268.333777900303,1245.3011792189934,1247.3905029296875,871719
2023-08-04,1252.564196164981,1280.6212305526585,1247.6393525642611,1261.4688720703125,1609140
2023-08-07,1266.5429533226684,1299.0770403067484,1260.125718282595,1295.943115234375,1719680
2023-08-08,1300.2709846005246,1351.8579595390756,1287.1876615666451,1342.505615234375,3458915
2023-08-09,1359.0711850821544,1367.0306063710689,1336.187848876525,1342.505615234375,1746764
2023-08-10,1338.1279967164273,1352.0073113670217,1323.3533442732012,1327.581787109375,841571
2023-08-11,1333.2030952154023,1333.2030952154023,1298.2811578324493,1304.84765625,891342
2023-08-14,1307.3350551104509,1309.2751156300444,1285.3968497832782,1290.520751953125,888959
2023-08-16,1288.431305792124,1293.3561490755112,1274.5023187024794,1284.7501220703125,395774
2023-08-17,1279.9743425195495,1283.406794119196,1269.7763347381074,1277.9346923828125,843146
2023-08-18,1272.0648255233502,1279.327724669161,1259.5784346405758,1275.9449462890625,886254
2023-08-21,1276.4424039171026,1283.2577556082765,1267.836376744165,1272.0648193359375,703317
2023-08-22,1277.835415740638,1306.539056685658,1272.2638446992407,1280.2232666015625,1405263
2023-08-23,1283.4068598200142,1297.883105553244,1279.7256761348103,1293.6546630859375,583458
2023-08-24,1293.3065739392314,1304.9969747072719,1283.6060286210702,1287.187744140625,618797
2023-08-25,1286.491235441151,1291.9633374694824,1275.944905280192,1289.82421875,487521
2023-08-28,1293.4059917329987,1300.370485534638,1283.0090459952905,1284.9989013671875,764751
2023-08-29,1285.4465419150436,1295.0476181630715,1283.4566865870015,1290.6201171875,1011094
2023-08-30,1295.3459355821337,1301.2160326912524,1286.739909033975,1294.0028076171875,812860
2023-08-31,1298.2311883286666,1301.9621666382966,1279.9742920904334,1285.99365234375,1390078
2023-09-01,1291.3663437365353,1320.3685101247167,1286.640437219716,1313.851806640625,761000
2023-09-04,1321.7614460620318,1325.6913618865046,1294.8983982308878,1321.6121826171875,542261
2023-09-05,1321.6121405722415,1332.1583495394718,1299.0273311390847,1302.8079833984375,1922115
2023-09-06,1303.3552510488075,1322.2588768273781,1298.8282815582234,1313.1055908203125,1461738
2023-09-07,1313.3045280612246,1344.4458127994926,1304.797847878557,1340.6650390625,1468196
2023-09-08,1341.1624544846838,1342.605050977677,1327.5816679513457,1334.6456298828125,1214231
2023-09-11,1337.630475077354,1349.9676026390723,1330.2183124180806,1343.3016357421875,844034
2023-09-12,1345.9382591901372,1345.9382591901372,1324.5473133532741,1339.670166015625,1139357
2023-09-13,1343.1522229044733,1344.196945436069,1321.5125482021235,1338.675048828125,438029
2023-09-14,1338.6750805921242,1353.8477264330977,1335.4415659047036,1345.8883056640625,889229
2023-09-15,1348.4255290958474,1367.876292308748,1345.1422191815932,1365.6875,878944
2023-09-18,1368.0255101814128,1385.934207769242,1360.6133478157901,1366.7320556640625,1324270
2023-09-20,1363.0509648110442,1369.816521829977,1333.551333873629,1338.376708984375,574012
2023-09-21,1338.675103657297,1345.0426646724618,1321.3136653861527,1327.432373046875,783641
2023-09-22,1319.3238301148963,1330.8151713513225,1309.3247588698243,1312.1602783203125,1084861
2023-09-25,1312.1105607946959,1333.2029772270935,1282.5611383541384,1287.5855712890625,908011
2023-09-26,1288.928832352032,1295.7440627909532,1278.6810284854137,1283.158203125,749346
2023-09-27,1276.7908284061464,1297.3857842224731,1271.4678677900263,1294.4010009765625,643756
2023-09-28,1294.4008777057902,1301.8628351099358,1277.98457141667,1282.8597412109375,1026081
2023-09-29,1283.4068595573856,1305.3450625813728,1282.4617268806323,1298.778564453125,1294800
2023-10-03,1295.5450359074246,1295.5450359074246,1276.1439471491897,1285.8941650390625,1282289
2023-10-04,1285.0486244768292,1291.1176593051205,1257.9368439883633,1264.10546875,1139615
2023-10-05,1264.5530218785027,1275.5966943175074,1258.5336611168048,1267.9854736328125,979561
2023-10-06,1269.5276842101457,1281.0191471735343,1265.5479736013365,1276.4423828125,784191
2023-10-09,1271.6170265311644,1284.2028858052656,1265.5479920544628,1270.7713623046875,1345177
2023-10-10,1278.481992133424,1305.9419701645081,1273.3084170881202,1295.445556640625,1221002
2023-10-11,1303.3552233573976,1304.3003560457928,1284.6008614183966,1302.70849609375,1374812
2023-10-12,1305.2952445086316,1310.7176729167402,1294.3510406716105,1306.9866943359375,726322
2023-10-13,1309.1754066209164,1322.905455540744,1306.1906239384423,1309.7723388671875,916350
2023-10-16,1312.508503192153,1325.442562601677,1303.9024762074885,1315.4932861328125,578729
2023-10-17,1318.2790846885612,1344.246671047673,1318.2790846885612,1341.5106201171875,1073063
2023-10-18,1337.232434594979,1351.708557711445,1332.2080018403021,1349.469970703125,454861
2023-10-19,1342.157309663262,1346.7339522555071,1331.8100385083246,1341.3116455078125,595436
2023-10-20,1333.2030240721235,1361.7077249591148,1329.7207773674577,1355.7381591796875,936229
2023-10-23,1353.0518242831006,1359.618444007996,1322.3086567125931,1331.6112060546875,976136
2023-10-25,1316.339133693598,1339.2721441620638,1302.0121506144897,1307.4842529296875,945901
2023-10-26,1309.1257511228782,1309.1257511228782,1284.2027668009134,1298.9774169921875,1107874
2023-10-27,1300.9673711412208,1314.0008990689148,1287.0881790010633,1296.291259765625,654531
2023-10-30,1298.5795414687273,1323.9501969592682,1298.3806045159206,1319.4730224609375,1242401
2023-10-31,1318.2792364806803,1368.4236181434562,1312.8071339896285,1360.911865234375,2287988
2023-11-01,1364.095537360543,1370.9604406537362,1325.6415612513833,1329.2730712890625,968893
2023-11-02,1335.192911253838,1350.8630217994773,1333.3523193847348,1336.685302734375,637519
2023-11-03,1337.9787608251786,1343.1025410944205,1319.3735407809606,1322.6070556640625,690163
2023-11-06,1328.228406725072,1333.8994457238962,1316.6872703276492,1325.0943603515625,377106
2023-11-07,1325.741084524441,1337.2325473835094,1313.7024843323059,1334.0487060546875,1038346
2023-11-08,1335.342065750401,1342.5054956921101,1327.9297824644414,1338.675048828125,498283
2023-11-09,1338.2770626585097,1346.4852151879327,1328.6759872278087,1343.8486328125,493454
2023-11-10,1344.9431872500345,1353.1015450441157,1334.197920517764,1348.52490234375,639801
2023-11-13,1344.6447831033768,1352.803141642011,1318.2791991209576,1321.6121826171875,1332535
2023-11-15,1342.107623841506,1352.1066954456737,1325.2934434799442,1350.21630859375,742427
2023-11-16,1355.8376037074836,1358.1756593062426,1341.2122163866309,1353.0517578125,577249
2023-11-17,1347.1320878612748,1427.1739716799643,1347.1320878612748,1406.7779541015625,3192944
2023-11-20,1406.7778953028067,1412.7972561365157,1375.984933265353,1378.2733154296875,726211
2023-11-21,1381.9544450904823,1417.921102346885,1380.06405834837,1416.4287109375,2049132
2023-11-22,1417.7719623923392,1431.2532812116815,1410.1607412513745,1422.8460693359375,865655
2023-11-23,1422.8461029501364,1427.1243407111615,1399.2165696853588,1403.793212890625,549853
2023-11-24,1406.8276758875058,1411.7525191002962,1393.9434115947297,1402.5494384765625,387896
2023-11-28,1402.649061327205,1410.111018764856,1386.0336965620234,1405.2855224609375,1123470
2023-11-29,1408.270288125,1414.588175838787,1398.8682704495848,1400.7088623046875,887709
2023-11-30,1402.8479265439928,1436.874402139291,1401.9027938973381,1427.9698486328125,3027395
2023-12-01,1430.7556927578205,1437.6703910408546,1412.8966693548393,1416.4287109375,808841
2023-12-04,1432.5964216292623,1451.3009895461175,1407.8226975725638,1446.6248779296875,2078827
2023-12-05,1446.6248519606534,1464.6330187436647,1435.6806474410062,1453.53955078125,1932719
2023-12-06,1454.5841612018176,1455.529293847867,1437.8196553167681,1443.3414306640625,724418
2023-12-07,1449.4603629521073,1475.9254148884286,1442.7446011277013,1448.365966796875,1244939
2023-12-08,1447.6197308854396,1462.0959767747458,1444.1872790730702,1457.7679443359375,1654799
2023-12-11,1457.7679270255442,1460.8522998651104,1447.619713695552,1453.1912841796875,731571
2023-12-12,1457.0715714634382,1484.3326138882483,1452.5446019883739,1473.935546875,1763549
2023-12-13,1475.6270288048643,1475.6270288048643,1452.5944284741063,1459.3599853515625,2279728
2023-12-14,1465.528333293608,1470.104975896222,1447.569841796697,1462.394287109375,2953215
2023-12-15,1466.5233912771623,1477.4675956896783,1441.2522040707622,1445.1324462890625,1482700
2023-12-18,1445.1324930522126,1453.9873739263742,1434.3375517316883,1439.610595703125,1580916
2023-12-19,1437.620645453798,1440.6552233375498,1411.8521167276544,1417.32421875,1282514
2023-12-20,1429.7110492407862,1429.7110492407862,1396.9282313824883,1402.101806640625,1151553
2023-12-21,1394.3910515395426,1403.1464631264485,1372.9503128694193,1396.629638671875,1841616
2023-12-22,1406.827687118295,1410.5088708167248,1380.0144357214917,1387.2276611328125,1111420
2023-12-26,1392.8986453371558,1402.0022572022626,1380.611313720299,1388.2225341796875,875367
2023-12-27,1397.8733381891784,1416.7769634031247,1392.0032408062011,1414.140380859375,718369
2023-12-28,1421.254218454908,1437.6207305279947,1412.0013422709321,1428.019775390625,1446654
2023-12-29,1425.7312472823676,1427.9698343768446,1413.8419110721509,1425.333251953125,383858
2024-01-01,1428.5669163818611,1430.308039860063,1418.7171078435206,1424.8359375,158288
2024-01-02,1429.710938795535,1442.346470537079,1414.5382931333,1430.357666015625,691712
2024-01-03,1422.7465409406184,1433.5912766268252,1408.4195584758857,1415.4835205078125,550221
2024-01-04,1413.593233311907,1429.3130170844997,1407.8226044446862,1424.33837890625,938454
2024-01-05,1428.6166184735791,1460.5537713358613,1426.4277048011731,1446.7740478515625,1258280
2024-01-08,1446.7741232308724,1452.6938943998923,1409.215602971608,1413.842041015625,738502
2024-01-09,1421.7516590268317,1460.8025705851264,1413.7922375627206,1441.9984130859375,1871763
2024-01-10,1447.5700155214952,1487.765119085731,1440.6553165535743,1444.0877685546875,2547856
2024-01-11,1442.6950033183446,1455.8777957394866,1418.6674743510919,1420.557861328125,908421
2024-01-12,1427.5223115409733,1433.591346216497,1411.3049414618738,1428.019775390625,557158
2024-01-15,1434.6857239924643,1437.222838173598,1417.3242844427732,1422.79638671875,902104
2024-01-16,1417.8216262490694,1424.636856025039,1398.420538031436,1401.654052734375,1729041
2024-01-17,1389.9138800251949,1437.6206106481866,1379.5169350149054,1413.94140625,2628568
2024-01-18,1409.712934861232,1430.7058828436084,1377.1787296060063,1397.7738037109375,2296538
2024-01-19,1398.768784305461,1437.6704304872433,1398.2713204886834,1433.292724609375,570639
2024-01-23,1436.6753634331833,1441.3018007704732,1360.4141434316352,1368.5228271484375,2880301
2024-01-24,1373.3981703411991,1406.7282470528098,1361.6083018244822,1403.395263671875,1255876
2024-01-25,1407.723045244434,1407.723045244434,1350.2659779887229,1373.8955078125,3230297
2024-01-29,1380.9594991468246,1417.3738247620568,1380.9594991468246,1411.205322265625,1607583
2024-01-30,1417.7719279814821,1426.4277501192323,1385.784979140656,1391.90380859375,1464906
2024-01-31,1392.8986556366183,1399.3656851092169,1374.6914317717756,1394.0428466796875,1343827
2024-02-01,1400.161804562858,1452.2959190224128,1391.4063921988145,1425.482666015625,1803699
2024-02-02,1433.4917832434885,1448.6146346955738,1412.847034843809,1428.1688232421875,1817169
2024-02-05,1427.7211268693025,1452.5943172328791,1407.7231061072116,1412.64794921875,1010779
2024-02-06,1415.3840671964701,1462.4938676861507,1397.773896165426,1456.5740966796875,1515381
2024-02-07,1465.1303841736935,1485.4269318461431,1446.2765544162437,1461.996337890625,690402
2024-02-08,1474.383241394408,1484.5314543798286,1447.7689279741119,1451.649169921875,1679065
2024-02-09,1460.5537164505881,1460.5537164505881,1429.2134970580857,1432.397216796875,596482
2024-02-12,1435.133299031256,1444.6349063968923,1416.0307372791854,1428.716064453125,515507
2024-02-13,1428.7160729823443,1468.3639146450064,1420.9555889079784,1460.15576171875,1388464
2024-02-14,1452.5943867975625,1456.5740974463229,1431.750700855132,1446.3262939453125,504590
2024-02-15,1456.5740307511194,1456.922231126716,1436.3272780428572,1445.97802734375,736364
2024-02-16,1449.0125541614202,1508.5091506716167,1444.2368531891964,1500.7984619140625,2008339
2024-02-19,1509.4046791043684,1514.279848768421,1478.4624541851995,1481.2979736328125,1163429
2024-02-20,1481.2978966755118,1509.9518594338913,1465.8765192533613,1505.8726806640625,1569035
2024-02-21,1502.3906292383124,1511.792647468372,1487.8149140725263,1494.0828857421875,1156081
2024-02-22,1502.340754098814,1505.8230008798378,1462.7425849798638,1501.9925537109375,1355358
2024-02-23,1500.748927525427,1528.4576389519204,1493.6351703671737,1521.3936767578125,1115653
2024-02-26,1523.3835381280267,1545.5206789587037,1517.3641770969853,1541.292236328125,1283074
2024-02-27,1545.9185493509156,1561.041400250265,1531.0941038600988,1534.874755859375,1764621
2024-02-28,1536.16822465757,1548.8535516422744,1528.606799137304,1532.387451171875,834214
2024-02-29,1532.3874734760202,1559.1510507745036,1517.6626175540482,1544.6749267578125,1672455
2024-03-01,1556.9622398265858,1561.3896191067897,1528.2586025932476,1534.32763671875,1088145
2024-03-04,1545.9682928635668,1546.1175563001536,1500.5996166600428,1510.2503662109375,2126926
2024-03-05,1517.2645976857189,1517.2645976857189,1480.4024813385442,1483.685791015625,1476872
2024-03-06,1484.6808711030174,1516.170357326842,1479.4575006400985,1512.6881103515625,1568041
2024-03-07,1512.290050825183,1513.583505370157,1481.4472932096694,1502.73876953125,2468543
2024-03-11,1519.2047116439235,1531.9896289815724,1505.9224519372956,1524.32861328125,1824218
2024-03-12,1525.2241493939673,1543.879043589099,1501.3956797891726,1508.7083740234375,1608593
2024-03-13,1516.269787911087,1524.826141689125,1473.1396971711656,1479.8056640625,1461171
2024-03-14,1474.6817285512632,1506.8677355018117,1457.8675482640997,1498.2117919921875,1094035
2024-03-15,1477.1312778320312,1500.005832960705,1476.234210212042,1495.0721435546875,1466897
2024-03-18,1488.0951155320938,1498.5107359583603,1473.443457436027,1484.805908203125,641326
2024-03-19,1475.1378266446998,1484.058374969197,1451.515735791142,1456.549072265625,1010444
2024-03-20,1455.2034838585366,1464.6223892473076,1445.2363367088208,1453.6087646484375,477278
2024-03-21,1468.0612151723099,1472.1477214124484,1453.2101407036896,1463.2271728515625,958834
2024-03-22,1469.1576320457061,1506.036080068563,1453.3098422101343,1496.1685791015625,563028
2024-03-26,1453.7085993047806,1504.4911719154857,1453.0109475820188,1481.5169677734375,1349881
2024-03-27,1485.1049513410119,1494.0753839330046,1468.659158255692,1474.6893310546875,795193
2024-03-28,1475.1378155724046,1516.8503031180792,1475.1378155724046,1495.3212890625,1704887
2024-04-01,1493.078655903363,1514.109312236771,1481.8656152632343,1485.0550537109375,838186
2024-04-02,1490.0886649171528,1491.683384304945,1460.4862832517322,1465.768798828125,941688
2024-04-03,1465.17070372764,1468.1109636150268,1451.2665814314073,1456.0009765625,1862464
2024-04-04,1462.6789646686193,1470.2042100540498,1442.2463113291258,1458.9412841796875,1905528
2024-04-05,1464.1740324163118,1485.0053959452002,1455.3531308230863,1480.4205322265625,836975
2024-04-08,1483.8092132200368,1522.9801519207908,1482.1148467972619,1513.8104248046875,822205
2024-04-09,1520.0897743687237,1522.382267162738,1498.112285202971,1505.587646484375,718575
2024-04-10,1510.02288427627,1511.7172507262262,1476.1345819228752,1498.4111328125,1056524
2024-04-12,1496.068937943743,1506.434796357957,1483.3109396386658,1488.2447509765625,787733
2024-04-15,1484.9554881113816,1485.00537251801,1457.6953632588254,1462.0809326171875,994053
2024-04-16,1455.402908659291,1472.0481188936817,1447.2298959312511,1457.944580078125,717750
2024-04-18,1460.1871769989846,1478.7759322891773,1443.243025457017,1452.16357421875,1746383
2024-04-19,1445.2364582533964,1452.7617036520169,1420.6674141292315,1442.7945556640625,1129149
2024-04-22,1451.71516575922,1478.0284618926275,1447.2299489752058,1470.5531005859375,772048
2024-04-23,1473.144490275775,1484.3076474883633,1459.439661628081,1465.021240234375,1042729
2024-04-24,1465.021272397194,1473.1445226169305,1447.7781787943893,1455.2535400390625,898680
2024-04-25,1459.1904121158793,1459.1904121158793,1431.4319303176135,1439.70458984375,2406788
2024-04-26,1450.2199982611287,1462.0310440162027,1406.5638424292656,1410.6005859375,2180945
2024-04-29,1432.2791419864811,1456.1006496143373,1409.4045864032628,1417.67724609375,4381119
2024-04-30,1427.2954658045933,1445.0867990577576,1418.5243276822177,1431.83056640625,2402464
2024-05-02,1411.6968956656797,1459.9379133472091,1411.6968956656797,1456.1005859375,2194261
2024-05-03,1464.173949412946,1467.8617452740482,1433.6745027787717,1438.508544921875,1355425
2024-05-06,1445.236452978652,1452.6619295348623,1426.8968764138933,1435.8673095703125,920880
2024-05-07,1436.1663744614582,1454.1072407965937,1426.847115449009,1445.385986328125,1800920
2024-05-08,1435.2693375459962,1461.1340383986405,1418.3251856444115,1422.0628662109375,1297162
2024-05-09,1427.1959635650876,1434.77097180205,1408.5573235800491,1417.7271728515625,1645954
2024-05-10,1420.3186082577315,1433.7742582306994,1411.0989962392164,1427.2457275390625,741292
2024-05-13,1430.2857135759818,1435.2692874908807,1415.883233629638,1420.418212890625,771284
2024-05-14,1422.5112375437052,1432.0299120405366,1417.3782539346307,1428.1427001953125,896653
2024-05-15,1435.2693566294356,1439.106684394899,1421.06617028779,1425.40185546875,254646
2024-05-16,1426.8471357162414,1453.4094880820737,1415.4845625420685,1447.42919921875,1176239
2024-05-17,1445.2364233584472,1445.2364233584472,1425.8004852512129,1429.48828125,2433315
2024-05-21,1434.1230968323132,1435.966994918553,1417.8268338317953,1424.953369140625,1300334
2024-05-22,1429.5381652303836,1430.8339431048598,1419.3218387924462,1422.710693359375,966583
2024-05-23,1429.2889991770294,1448.176695651857,1419.37173575143,1442.0469970703125,1206423
2024-05-24,1437.7610836444055,1443.6914879733527,1428.7407661330294,1431.5316162109375,487961
2024-05-27,1430.285713964197,1443.2430061464509,1397.5436576682812,1405.567138671875,1675749
2024-05-28,1410.3513353141693,1450.2199242983156,1401.2812556541317,1445.98388671875,1600105
2024-05-29,1443.2430030332675,1444.688190798149,1401.9789867618572,1408.15869140625,1518325
2024-05-30,1414.1390572981286,1414.1390572981286,1366.4960394927366,1375.516357421875,2097166
2024-05-31,1389.2211730300146,1396.5470026666421,1368.0907457190124,1381.845458984375,2559060
2024-06-03,1430.5847440331993,1431.6811059356014,1382.7921982783553,1386.9285888671875,870693
2024-06-04,1393.5567722871263,1398.0917514639261,1303.403848838628,1334.4515380859375,3277433
2024-06-05,1336.594531344743,1391.6131390008393,1326.328320355738,1385.533203125,1238176
2024-06-06,1385.5331598320372,1441.0502448169457,1375.7155438061827,1438.10986328125,2227021
2024-06-07,1430.3853833729456,1435.2693102207488,1415.3350142454606,1421.165771484375,1279929
2024-06-10,1432.1297061228324,1447.2299604155726,1413.690481420568,1427.5947265625,2059288
2024-06-11,1427.7440904359332,1435.070041673708,1417.328469269705,1423.358642578125,991450
2024-06-12,1423.4083313528454,1456.9976919299645,1421.115960395253,1447.927490234375,1823958
2024-06-13,1454.8548103083758,1474.5896907287151,1428.142804483727,1445.1368408203125,3086173
2024-06-14,1440.1531760092275,1468.9083724005663,1435.8672538885396,1465.071044921875,856835
2024-06-18,1475.137990685693,1475.137990685693,1450.2700036320539,1468.709228515625,1427035
2024-06-19,1473.4933486217883,1473.543233031141,1441.399179675833,1444.4390869140625,578983
2024-06-20,1471.1509132922536,1476.0348397095315,1446.681518471884,1450.71826171875,1444553
2024-06-21,1450.7183586610226,1473.692682950266,1440.402385047685,1459.3399658203125,1184387
2024-06-24,1459.339989977713,1459.339989977713,1442.4456012177397,1447.9774169921875,460942
2024-06-25,1452.612157788938,1462.6789528237487,1425.302148237111,1457.197021484375,1845922
2024-06-26,1457.197055000125,1470.8022365164395,1442.246332821601,1446.133544921875,780636
2024-06-27,1440.2528726916996,1468.8087757816932,1432.8273961680277,1458.6422119140625,1492222
2024-06-28,1445.3360943087212,1493.8761776391623,1445.2364471634637,1487.048583984375,1533271
2024-07-01,1487.0485153144534,1506.9330474811707,1477.0316051275631,1496.916015625,788569
2024-07-02,1502.04911564147,1505.3880856920857,1463.2768878580764,1489.9888916015625,1462260
2024-07-03,1498.062382021878,1501.9993569130352,1481.317524293638,1491.4342041015625,527776
2024-07-04,1491.483943032558,1513.8601400042387,1487.3475525782803,1502.796630859375,1363288
2024-07-05,1502.796711009674,1526.9171600414688,1500.5042183457258,1524.3756103515625,961676
2024-07-08,1524.375624178182,1526.9171738911411,1503.2950820355716,1509.9730224609375,774723
2024-07-09,1519.9900234189263,1523.9768824967464,1507.4314416576494,1519.7408447265625,726889
2024-07-10,1519.740889579152,1557.366873236547,1513.6110692322354,1553.6790771484375,1964480
2024-07-11,1556.8685158371113,1564.4934083823348,1541.0706106088571,1553.6790771484375,1156236
2024-07-12,1557.765582649819,1564.8422333841318,1542.266618868013,1557.7156982421875,589534
2024-07-15,1557.715670498902,1615.5750121794076,1552.7819810027343,1608.1494140625,2498480
2024-07-16,1608.0997253675575,1634.2136051534692,1586.9692980447273,1616.0235595703125,1844059
2024-07-18,1614.677872796531,1659.4801515252414,1609.7441835195866,1654.34716796875,2104021
2024-07-19,1626.6384921334027,1653.1013177411535,1626.6384921334027,1642.286865234375,567209
2024-07-22,1635.708630297936,1642.2869236294066,1613.3324317555575,1615.82421875,397490
2024-07-23,1615.8242439613805,1632.6188642321083,1572.8658598407792,1589.610595703125,2145861
2024-07-24,1574.809328999368,1644.579362562631,1574.4605031654082,1627.5853271484375,2099093
2024-07-25,1639.5957527970365,1695.7606042504833,1639.5957527970365,1689.8302001953125,4427012
2024-07-26,1680.7103541450922,1771.8598751654827,1680.7103541450922,1745.19775390625,2982227
2024-07-29,1746.742664354643,1757.756411419572,1730.795227761391,1740.961669921875,1368641
2024-07-30,1734.7820496179759,1740.5630439264728,1702.3888197342733,1715.39599609375,2096978
2024-07-31,1715.3960381917964,1754.2180305989857,1714.3494389944633,1747.888916015625,1082466
2024-08-01,1785.2158372915605,1785.26572169881,1752.3242491984117,1761.4442138671875,1247361
2024-08-02,1754.2180941514757,1763.0888804387134,1725.3133641910251,1739.167724609375,594517
2024-08-05,1674.4807999738025,1733.6357967580682,1674.430915567995,1716.5421142578125,1240111
2024-08-06,1716.542147769772,1774.152310799399,1664.6133319953994,1668.9989013671875,1500825
2024-08-07,1684.4979161412227,1693.3188178907,1671.5903863284416,1680.162109375,603417
2024-08-08,1665.610144710233,1709.5154820778434,1664.5636671298585,1700.694580078125,1291138
2024-08-09,1714.3493962186153,1727.7053984067331,1702.3888190356947,1719.4326171875,804893
2024-08-12,1717.239900344785,1724.3165508728923,1686.4912740460238,1699.398681640625,1019251
2024-08-13,1699.3986538889485,1715.6451530307902,1666.5569514448484,1676.8729248046875,1064268
2024-08-14,1690.6276441600594,1701.7410388364653,1667.5039087966447,1686.5411376953125,557473
2024-08-16,1693.4183571225522,1696.5081485079897,1660.6763019793773,1683.3515625,721574
2024-08-19,1691.2256412587958,1691.2256412587958,1660.5267782041165,1666.05859375,632647
2024-08-20,1667.3045357513265,1764.9825843729154,1667.25465134452,1755.5137939453125,3951662
2024-08-21,1755.5137532942972,1798.521897799919,1745.1478954692034,1794.6845703125,2972530
2024-08-22,1795.0832827214394,1806.4458553190518,1783.9698888138219,1789.3521728515625,1380510
2024-08-23,1783.621169296162,1792.4919555225797,1776.1458081507462,1783.421875,858249
2024-08-26,1785.11624620792,1795.5318674301388,1763.5373459776906,1790.3489990234375,593628
2024-08-27,1782.5247109418278,1842.526891156803,1778.238788782494,1832.9085693359375,2239371
2024-08-28,1832.7092549685206,1848.1583336643803,1820.001141847733,1837.6429443359375,724092
2024-08-29,1833.955148411735,1861.613982851097,1829.469932016163,1837.6429443359375,2248185
2024-08-30,1833.9053400737387,1863.6573740671924,1830.9650800935078,1844.221435546875,2125138
2024-09-02,1844.2214092564693,1888.425685491229,1842.9755157793381,1882.5450439453125,2522132
2024-09-03,1883.7909146624315,1929.639794066914,1875.5680178127145,1922.31396484375,3457882
2024-09-04,1903.7252448843394,1913.6923927633152,1896.1003524230662,1905.91796875,952279
2024-09-05,1912.6956695606473,1912.6956695606473,1893.9573829628966,1901.582275390625,947097
2024-09-06,1891.8643261275997,1910.5527285148041,1883.242718825779,1890.0703125,772396
2024-09-09,1894.6052517064834,1926.5001244388352,1888.2761372325142,1895.5023193359375,1845859
2024-09-10,1883.7909358221466,1883.7909358221466,1832.7093033031597,1847.3609619140625,2515665
2024-09-11,1839.038466687607,1864.903288939631,1838.4903465451434,1853.0423583984375,630094
2024-09-12,1856.8795799549994,1873.8237307114325,1834.5531452126665,1869.7869873046875,1126825
2024-09-13,1862.8599203994465,1865.6008860394136,1835.6994426943181,1840.433837890625,886112
2024-09-16,1844.919111267802,1858.673824298292,1810.1337401034493,1815.266845703125,1576652
2024-09-17,1817.5093909891623,1838.2411069629218,1802.5087849677955,1813.1737060546875,844866
2024-09-18,1812.2267613512681,1842.8757407859198,1809.0872071348533,1836.3970947265625,518691
2024-09-19,1843.9222947296416,1853.8894422687208,1822.1938644267366,1834.9019775390625,776068
2024-09-20,1843.922360474661,1878.8073781052626,1838.938786527432,1864.1058349609375,1512372
2024-09-23,1875.817225559857,1918.6759613191948,1873.823795989655,1913.8419189453125,1022492
2024-09-24,1920.769073651411,1921.6162569005992,1848.5072503916258,1858.2252197265625,2608386
2024-09-25,1867.5444561932532,1868.8402340899365,1835.0018155857292,1857.4776611328125,1395256
2024-09-26,1866.8467880326211,1895.8014011383211,1862.3615715103858,1892.063720703125,1396821
2024-09-27,1892.06369839008,1906.7153568555482,1867.7438336446835,1876.465087890625,1678089
2024-09-30,1885.7844503075855,1887.379169694918,1832.2110284238472,1837.942138671875,1473366
2024-10-01,1834.1544829947652,1853.1918325607944,1818.306815384299,1828.1741943359375,885515
2024-10-03,1801.0635959571812,1839.138051642298,1789.152903079965,1799.618408203125,1307453
2024-10-04,1799.618469411454,1843.9223939386432,1776.694028838163,1792.19287109375,1554623
2024-10-07,1794.086633841487,1813.8713982197148,1770.1654787236005,1782.076171875,692912
2024-10-08,1779.1359056740282,1793.1397971847232,1717.8878303060737,1722.373046875,2888148
2024-10-09,1742.3074201645452,1753.2213989662316,1727.3566976037189,1731.6923828125,704112
2024-10-10,1739.416917200673,1748.6862921569593,1723.8681901213447,1728.8018798828125,784503
2024-10-11,1731.7918780556272,1741.0114894927578,1712.9539449475258,1729.3499755859375,805944
2024-10-14,1733.0378284532599,1738.1210495112714,1711.6583450316439,1732.58935546875,1349793
2024-10-15,1736.2273191245592,1749.1846116882377,1712.854405437024,1718.087158203125,2159705
2024-10-16,1719.3828295544058,1743.2540991686192,1718.3362303983417,1728.05419921875,891554
2024-10-17,1728.3034425549445,1733.2870164954143,1690.17910191035,1696.4085693359375,2442434
2024-10-18,1700.3954280928926,1711.8077637462004,1675.078848147336,1700.4453125,2045293
2024-10-21,1709.515403777968,1770.2153590847117,1691.2257116364153,1706.2261962890625,1574574
2024-10-22,1695.4117796789576,1721.2764786201044,1667.4041197041843,1692.5711669921875,1290296
2024-10-23,1697.604672238005,1723.2203167093296,1686.690693372891,1710.3626708984375,952362
2024-10-24,1718.7847600022117,1718.7847600022117,1617.6680938683576,1629.927734375,4320374
2024-10-25,1639.4462592357625,1647.868572013703,1598.680600954739,1611.4385986328125,1639581
2024-10-28,1611.6877771504962,1614.6779214494768,1588.3646272845917,1600.624267578125,2366566
2024-10-29,1600.7239506240328,1660.3275436549584,1590.6571555921971,1655.89208984375,2052244
2024-10-30,1631.123734229375,1643.9314947930723,1613.9802887151484,1618.8143310546875,1512352
2024-10-31,1624.744756773754,1636.5558027154168,1607.7508425856533,1616.8209228515625,809110
2024-11-01,1634.0142913285433,1634.0142913285433,1617.6681440358514,1623.4989013671875,53886
2024-11-04,1631.622078351717,1635.7584689807231,1582.783054625856,1603.5147705078125,1470020
2024-11-05,1601.5213007270695,1636.6056110788304,1593.3980512225114,1627.83447265625,978590
2024-11-06,1627.834447835139,1633.266616113427,1595.19204043833,1598.6805419921875,1352644
2024-11-07,1599.7770906341493,1612.63461383476,1569.82576312086,1584.626953125,1359619
2024-11-08,1583.7797005372042,1598.082532529786,1561.7024450095796,1564.792236328125,1131938
2024-11-11,1573.4139285834833,1573.4139285834833,1550.1406627864521,1560.8553466796875,862991
2024-11-12,1563.945071876257,1580.7396908864457,1551.8848478740335,1557.31689453125,1177157
2024-11-13,1554.8750071622687,1566.83558414044,1534.9407121986499,1541.61865234375,2946117
2024-11-14,1541.120275886321,1563.795536126655,1540.9708660113686,1557.16748046875,684365
2024-11-18,1545.9046851611604,1561.4036492732707,1545.9046851611604,1557.466552734375,490930
2024-11-19,1562.848785192404,1562.898669599442,1496.068894498596,1517.89697265625,4198931
2024-11-21,1508.3285703544307,1510.5212942682992,1469.1576296611502,1473.0946044921875,1827614
2024-11-22,1480.470290384223,1491.5338002297651,1470.1543166318836,1480.27099609375,977581
2024-11-25,1487.6965296452734,1506.0361068353664,1483.4604916214148,1490.2879638671875,1785465
2024-11-26,1490.2879440369882,1511.916728543171,1484.3575395502141,1501.800048828125,601372
2024-11-27,1502.0491871020643,1510.9697357963696,1490.1882567784828,1500.4544677734375,467560
2024-11-28,1502.1987344524064,1514.7074321849932,1398.3908637470222,1423.90673828125,5574277
2024-11-29,1437.2627713862262,1455.2036381580376,1392.061778603326,1433.0267333984375,9016112
2024-12-02,1423.7074103922696,1445.0371309328261,1406.514080506028,1417.3782958984375,3117960
2024-12-03,1425.4018549449988,1443.5919006039312,1412.295030588403,1436.2161865234375,4645704
2024-12-04,1436.266013619336,1467.5129979787241,1430.3356092814745,1447.827880859375,1976987
2024-12-05,1447.8279510773089,1451.2666902740984,1412.8931689651836,1427.1461181640625,2632452
2024-12-06,1430.2857256742961,1448.176707512403,1424.6045000309698,1443.791259765625,1359753
2024-12-09,1449.2233590046812,1479.5235140907694,1444.2896692768863,1464.47314453125,2397565
2024-12-10,1458.891383371516,1479.0250950471273,1446.831158796666,1457.0474853515625,1994725
2024-12-11,1450.71832201463,1468.659187556549,1449.671722856972,1451.3662109375,1213092
2024-12-12,1445.2363306814464,1450.9674402686314,1415.6837151719326,1427.7938232421875,2851447
2024-12-13,1417.3782545596891,1437.212780688454,1404.6701415361508,1424.1060791015625,3926561
2024-12-16,1424.1061493840282,1432.2292776370912,1410.9993254810083,1416.9796142578125,1601339
2024-12-17,1417.029302510846,1420.3185098329081,1400.9822194704498,1405.0687255859375,1973758
2024-12-18,1410.1520831030666,1415.6837769880656,1388.1245896968037,1393.4072265625,1454595
2024-12-19,1375.5161988068123,1404.3710412999485,1372.9745276016174,1401.28125,1081337
2024-12-20,1397.8426774153347,1410.152203013541,1386.5299883255113,1395.998779296875,1542712
2024-12-23,1395.9987170728812,1403.523962440311,1376.9614888286515,1400.683349609375,1325302
2024-12-24,1402.327769985969,1413.341516650144,1380.4499298733776,1382.443359375,756679
2024-12-26,1389.370529875634,1407.161986174439,1380.649275481822,1404.4210205078125,1935656
2024-12-27,1405.3678604765823,1415.7337186749478,1396.198133033386,1400.683349609375,665711
2024-12-30,1386.6794550578031,1410.3015469722054,1384.4368467746908,1399.238037109375,1439560
2024-12-31,1395.1515343906146,1395.1515343906146,1377.9083197682955,1385.832275390625,2096160
2025-01-01,1387.626304066842,1400.085239140238,1380.4001217242724,1395.7994384765625,511676
2025-01-02,1399.3875914593955,1420.8169598471284,1393.4571870151567,1417.57763671875,1083889
2025-01-03,1423.5579155015726,1446.2331772398263,1420.2189452497971,1442.9439697265625,1107442
2025-01-06,1445.2364372537843,1457.8449036092002,1420.5178619351088,1429.9368896484375,1012018
2025-01-07,1442.2462842383375,1485.9024401967486,1429.6378179586513,1472.895263671875,2362510
2025-01-08,1473.8421036208697,1479.7726295920202,1450.2200118887465,1458.34326171875,1229808
2025-01-09,1453.0108176230062,1476.3338455403962,1448.2265381342033,1463.625732421875,1253461
2025-01-10,1465.0711744866962,1483.111688841025,1453.85813248437,1473.443603515625,1124758
2025-01-13,1473.443438557072,1473.443438557072,1440.900678188658,1462.5792236328125,1444590
2025-01-14,1470.1543724336125,1499.0591024679006,1464.0245519028279,1494.32470703125,2024378
2025-01-15,1499.5574385267914,1499.9062643780344,1464.5228884606527,1467.9117431640625,1433596
2025-01-16,1481.1181382728582,1539.924309307918,1481.1181382728582,1508.62744140625,2929496
2025-01-17,1514.5081973721244,1549.8915741452145,1495.072258017892,1535.439208984375,2603818
2025-01-20,1542.715274385882,1542.715274385882,1482.4140267079204,1494.773193359375,4033718
2025-01-21,1494.7731769033644,1501.0026445701105,1455.203646951909,1461.732177734375,877160
2025-01-22,1461.2835917748575,1465.9183400804131,1445.2863917128316,1455.2535400390625,631080
2025-01-23,1453.2600483427211,1458.89138957124,1442.3958327970004,1445.0869140625,1301601
2025-01-24,1446.5321839989745,1450.8179844776807,1413.4910652764793,1435.66796875,1504123
2025-01-27,1430.2856105893682,1441.19958800943,1411.3480310763382,1419.720458984375,896819
2025-01-28,1415.335027325863,1430.9834011433702,1407.2117773070013,1414.836669921875,1527262
2025-01-29,1414.8365714260885,1465.2703128648006,1405.866138778794,1456.1005859375,1021447
2025-01-30,1461.0842755731048,1475.1379301685556,1449.1236977609274,1468.061279296875,1016159
2025-01-31,1474.8387403595527,1485.1049507674688,1462.1805119301187,1478.7259521484375,892312
2025-02-01,1470.7522091789722,1522.9800845809166,1368.04083079568,1449.572021484375,4329907
2025-02-03,1429.637812627291,1477.0316488276867,1429.637812627291,1455.1536865234375,1127198
2025-02-04,1456.4494720815567,1473.8420963225328,1449.2731743342238,1467.5628662109375,614905
2025-02-05,1467.5628092369373,1479.4237389907514,1460.1870958184013,1464.323486328125,791375
2025-02-06,1465.170669730353,1475.536527373866,1451.6651363178476,1460.2867431640625,1510856
2025-02-07,1467.6126258776108,1471.1011275998483,1449.4724655896894,1466.1175537109375,562410
2025-02-10,1458.094040654629,1469.7057918940409,1440.2528221912069,1443.4422607421875,530759
2025-02-11,1443.4424039975618,1445.2365394038495,1398.2912940784522,1414.33837890625,1448104
2025-02-12,1422.76046642251,1462.1307002983472,1402.876055195972,1447.37939453125,1590502
2025-02-13,1447.379375710906,1474.5398531581566,1441.249555549505,1465.6690673828125,983142
2025-02-14,1465.6690784047203,1472.2972560003188,1445.2364254925837,1460.6356201171875,625676
2025-02-17,1455.7018473037774,1476.6827408093827,1447.0802406493622,1471.3502197265625,717439
2025-02-18,1471.4002414929523,1476.1346368508466,1449.6220471804959,1470.503173828125,679042
2025-02-19,1470.1543147959794,1477.3306126140487,1460.2370513062565,1470.7523193359375,391966
2025-02-20,1468.1608741822047,1484.7561996397096,1461.183870706797,1464.971435546875,346720
2025-02-21,1464.8717818408315,1496.4677159209418,1456.898062956659,1490.4874267578125,1051158
2025-02-24,1475.1379308306005,1490.2879473984422,1470.3536510358665,1481.6165771484375,1116079
2025-02-25,1475.137936342789,1479.1746800390106,1458.6422573734021,1466.9150390625,964505
2025-02-27,1459.1905205498383,1475.038310783111,1449.223372185427,1464.921630859375,1421562
2025-02-28,1455.2036240333364,1457.2469380635644,1407.2117815507079,1425.800537109375,2397364
2025-03-03,1427.8438424604938,1447.3794283031318,1400.4839480637784,1403.872802734375,1056418
2025-03-04,1387.626369798364,1410.3515171164383,1385.4336457892928,1388.5234375,977231
2025-03-05,1386.5797449932886,1419.3218001071284,1375.3168196814677,1416.0325927734375,1118219
2025-03-06,1412.444584019966,1421.7140807560554,1390.4172102558641,1416.630859375,1606815
2025-03-07,1419.3768458289737,1444.192324473883,1404.5974644515309,1409.640380859375,901496
2025-03-10,1417.0301656310462,1425.7680190131969,1402.4004781596173,1417.4794921875,1092967
2025-03-11,1401.052374430152,1422.4226916205905,1395.5100301045297,1415.2825927734375,691907
2025-03-12,1423.0218566504668,1423.0218566504668,1402.5503141512847,1407.0440673828125,734156
2025-03-13,1409.740187183227,1411.9870636661008,1380.7305884004104,1383.6265869140625,911321
2025-03-17,1390.0676829135436,1439.299295443742,1390.0676829135436,1432.259033203125,1352197
2025-03-18,1432.259033203125,1432.259033203125,1432.259033203125,1432.259033203125,0
2025-03-19,1455.9260828973652,1486.8331924758972,1452.9802267306604,1482.8387451171875,917293
2025-03-20,1489.9288587551916,1504.2090567649984,1486.4337173304978,1496.27001953125,798992
2025-03-21,1497.9176844784015,1551.1437416272088,1491.3767284958378,1544.2532958984375,1977397
2025-03-24,1547.848287244236,1581.801088383787,1539.5597605586509,1567.620849609375,1229003
2025-03-25,1575.4598919567673,1581.7012155534799,1549.146496053197,1555.0382080078125,1241287
2025-03-26,1562.1284715561972,1568.1201422950421,1531.3212003199535,1539.160400390625,1106876
2025-03-27,1539.2602298460981,1549.9453271857217,1527.526541371838,1542.75537109375,1405775
2025-03-28,1542.7554378123777,1562.3282052655102,1532.6195033756737,1545.7012939453125,1120169
2025-04-01,1535.615270022454,1564.225521998881,1533.218577361969,1543.1048583984375,937836
2025-04-02,1540.8579860953237,1560.980037967277,1540.15900660533,1557.6845703125,1876774
2025-04-03,1543.8538029423833,1556.735919209977,1537.86213229707,1540.1090087890625,373548
2025-04-04,1534.2172753302116,1544.7526789979297,1499.016207985667,1510.500244140625,826558
2025-04-07,1447.9871602224607,1483.437880352045,1428.5642087991305,1458.772216796875,916977
2025-04-08,1487.9315497285577,1495.9704233045459,1456.0259521708933,1485.934326171875,2142568
2025-04-09,1485.9344225423035,1497.8179278554417,1472.9524685819206,1479.59326171875,1047950
2025-04-11,1536.8635912605712,1536.8635912605712,1497.967709624813,1519.787353515625,1134200
2025-04-15,1553.340666679218,1571.9148219198976,1522.8830065482528,1560.4307861328125,1363406
2025-04-16,1546.3503649905406,1574.6111275572964,1546.3503649905406,1563.2269287109375,784495
2025-04-17,1555.837144899636,1612.7580160545008,1547.2491080178443,1605.9674072265625,1500299
2025-04-21,1615.7539555728526,1628.436277168365,1593.0855155869024,1626.2393798828125,1016066
2025-04-22,1625.540396399101,1637.6235752419475,1610.561218849905,1616.7525634765625,1102055
2025-04-23,1622.7441360912837,1622.7441360912837,1598.7774534659354,1613.25732421875,1136215
2025-04-24,1610.660955707913,1634.3280060067004,1600.7746747587398,1605.9674072265625,857476
2025-04-25,1721.107425477229,1759.5539795131288,1648.807907273704,1692.746826171875,10321746
2025-04-28,1687.6539612804859,1752.5637290220432,1679.0659240825435,1733.68994140625,2100813
2025-04-29,1731.4930157689255,1762.4499814146093,1718.61089923297,1727.6982421875,2049847
2025-04-30,1719.6095095383932,1770.039405143323,1716.1143682588438,1763.3487548828125,2031563
2025-05-02,1758.555376711821,1774.6330022834163,1745.173954235149,1759.753662109375,902461
2025-05-05,1770.5387875498627,1785.1184959944105,1764.4472797224462,1767.443115234375,947983
2025-05-06,1767.54292405218,1795.3043814501787,1714.8161711167213,1723.60400390625,1295777
2025-05-07,1711.6205878352055,1754.0615884087154,1709.9229965726056,1742.0782470703125,753313
2025-05-08,1738.8827577737623,1741.5789608450043,1718.7107264858482,1729.0963134765625,1107891
2025-05-09,1703.6317742450465,1726.3002139227822,1690.749657316363,1697.4404296875,1076900
2025-05-12,1722.6053902737385,1754.4611317262186,1717.612331171496,1749.068603515625,728808
2025-05-13,1740.2807979235533,1753.5623841033585,1729.895332349323,1737.5845947265625,478541
2025-05-14,1738.583188569567,1757.5568132581495,1734.9882103771652,1752.763427734375,603108
2025-05-15,1755.2598773257625,1785.9173321189126,1734.6884990334781,1782.12255859375,1318425
2025-05-16,1787.5151643141137,1788.4139393355604,1765.4458673918596,1770.938232421875,696146
2025-05-19,1770.638518810651,1778.7272498305404,1761.9506451042612,1767.5428466796875,288530
2025-05-20,1776.3307109914213,1776.3307109914213,1750.8661102004992,1755.35986328125,529693
2025-05-21,1754.461133266349,1775.4319815141773,1748.7689727442812,1761.451416015625,521050
2025-05-22,1763.8480706842886,1766.2446414830397,1738.7828169895174,1756.8577880859375,1103303
2025-05-23,1762.5498338983166,1803.4929178585608,1757.357101278335,1796.2030029296875,1067774
2025-05-26,1803.4929153346563,1807.58719934478,1787.6149632945624,1799.0989990234375,633624
2025-05-27,1799.0990396865345,1807.087934287186,1791.509614196087,1800.7967529296875,1219984
2025-05-28,1808.0865002097296,1811.9811106088448,1799.5982999120304,1804.8909912109375,763018
2025-05-29,1805.09068286512,1827.4596117829624,1798.899338405214,1822.466552734375,1189803
2025-05-30,1822.4666064735125,1831.35427622224,1802.3945328864966,1809.684326171875,1364259
2025-06-02,1809.6842886128802,1826.4610159229803,1793.107356806982,1799.997802734375,1238769
2025-06-03,1807.2876782722433,1811.4817990576803,1767.6427168061575,1772.8355712890625,1576208
2025-06-04,1772.535917396638,1776.6302013327077,1759.8535964944792,1773.4346923828125,918721
2025-06-05,1779.5262600416722,1788.5137664055192,1762.5498591321839,1772.3363037109375,912222
2025-06-06,1772.3362984402731,1781.0241724724792,1748.8689207822392,1778.128173828125,1589674
2025-06-09,1787.115679595648,1796.502655036041,1756.6580192406734,1788.3140869140625,1221496
2025-06-10,1788.4138903849116,1794.1059288635151,1769.540103054554,1783.0213623046875,1400311
2025-06-11,1783.0213546039022,1798.4000005807684,1771.53731899598,1796.80224609375,1089930
2025-06-12,1797.4014267579296,1809.7842376203967,1757.5567910355323,1763.5484619140625,984693
2025-06-13,1717.6123402295552,1764.047790125296,1717.6123402295552,1752.763427734375,1774169
2025-06-16,1759.5539705170804,1797.5012184623977,1749.4680158381009,1795.3043212890625,728053
2025-06-17,1793.6066437023537,1804.1919044854112,1782.9215461186823,1797.700927734375,557790
2025-06-18,1797.5012399252255,1802.4942989250178,1788.8133660259286,1794.705078125,349531
2025-06-19,1792.5082174385086,1802.3944988396502,1778.5276519543086,1786.916015625,537885
2025-06-20,1784.619099121428,1818.4720630610548,1776.6302048301109,1808.3861083984375,1669329
2025-06-23,1807.4874021435537,1823.6648649383076,1796.1032029653509,1816.075439453125,627282
2025-06-24,1829.6564722317785,1848.3305858386984,1825.4623514756004,1840.4415283203125,876488
2025-06-25,1840.4416000823562,1852.4249420253775,1822.4665871678244,1840.1419677734375,990856
2025-06-26,1847.4318625549195,1863.8091207436858,1840.1419475261168,1858.2169189453125,1147822
2025-06-27,1845.434639512959,1860.3139799801124,1812.7800818273743,1848.031005859375,6763121
2025-06-30,1843.4374312470509,1852.5247744857027,1823.5650315246169,1835.7481689453125,1362010
2025-07-01,1828.4582778418624,1862.7107126917615,1824.7634627966272,1859.91455078125,667136
2025-07-02,1862.410979990278,1872.3970978454538,1849.5288635769307,1854.222412109375,1072946
2025-07-03,1847.4318096819793,1859.2154775527245,1800.4970555981668,1807.68701171875,916863
2025-07-04,1803.4929634402217,1809.5844712178493,1780.6247281725746,1797.20166015625,685665
2025-07-07,1797.2016357869727,1809.2849362764985,1789.7120471699227,1805.789794921875,376143
2025-07-08,1798.4998555836132,1816.27519442135,1794.805040676182,1814.3778076171875,616714
2025-07-09,1817.4735111326522,1818.472122951956,1796.5026629272754,1812.380615234375,597896
2025-07-10,1808.4859499103052,1820.9685972730213,1798.8993011159098,1807.68701171875,1104366
2025-07-11,1811.4818221522237,1837.4457291951992,1809.4845985335332,1832.65234375,770854
2025-07-14,1840.4415757112195,1853.72316161587,1829.1572134372923,1848.7301025390625,1231109
2025-07-15,1847.3319772870402,1849.1294053710442,1819.8701530235994,1822.266845703125,1313007
2025-07-16,1831.3541763425287,1837.3458470507321,1819.0712026303709,1826.560791015625,652826
2025-07-17,1826.4609431211131,1826.4609431211131,1793.8063867201306,1800.29736328125,886192
2025-07-18,1796.50261904432,1800.2973926253221,1751.6649250726596,1785.9173583984375,1600088
2025-07-21,1792.2085839520128,1804.8910272019864,1778.5276507832536,1802.1947021484375,481174
2025-07-22,1788.6135937002168,1812.7800727128454,1788.6135937002168,1806.48876953125,578221
2025-07-23,1806.4887312135172,1815.9755432348154,1789.512330754352,1806.988037109375,555690
2025-07-24,1805.4901417808312,1819.9700129400248,1776.2307671608773,1791.110107421875,928018
2025-07-25,1811.4817915612573,1844.4359807131434,1808.3861193847358,1829.556640625,1821229
2025-07-28,1829.456833879357,1855.4207409103958,1816.4748803638374,1847.93115234375,1182404
2025-07-29,1845.434565978923,1849.2293394961468,1820.3694347281028,1830.8548583984375,585182
2025-07-30,1822.4665946099362,1847.4318904265106,1821.9672886936046,1836.5469970703125,480951
2025-07-31,1835.448450276656,1854.8215431744363,1818.8715191211395,1838.1446533203125,1570804
2025-08-01,1837.4456653892394,1840.7411330059845,1786.4166280838715,1793.7064208984375,559870
2025-08-04,1795.5040240880085,1833.6509462510046,1778.5276234153189,1828.95751953125,844169
2025-08-05,1830.7550681574921,1857.8174236527714,1816.175238305385,1854.422119140625,1251783
2025-08-06,1856.0199098468213,1873.395779947185,1848.0310152628247,1851.7259521484375,816457
2025-08-07,1832.4526143714756,1860.5135809797732,1832.4526143714756,1858.516357421875,742694
2025-08-08,1848.5302718660273,1868.3028341943418,1828.4581991393165,1831.0545654296875,779798
2025-08-11,1833.4512430991692,1850.1280112014404,1823.3652884187181,1848.430419921875,455452
2025-08-12,1847.1321956145946,1861.3125562991004,1831.454039132634,1835.448486328125,627624
2025-08-13,1838.7439731373777,1856.4193534008086,1835.4485054065015,1837.745361328125,570828
2025-08-14,1839.5428396297445,1851.1267125529303,1829.6565580682588,1838.044921875,468063
2025-08-18,1876.3916074596166,1909.3457974788648,1847.4318647154287,1860.413818359375,1924632
2025-08-19,1862.4110161002325,1867.304238324313,1834.0504164614842,1851.526123046875,621923
2025-08-20,1843.437396353536,1862.311183892473,1840.8410300346177,1855.9200439453125,446416
2025-08-21,1867.404054869671,1889.87282023575,1867.404054869671,1874.6939697265625,1316202
2025-08-22,1857.5177601086655,1867.4040411774224,1846.8326627510396,1856.4193115234375,605948
2025-08-25,1856.319506571509,1859.8146478850113,1840.8410236117124,1844.236328125,613536
2025-08-26,1844.3361105247461,1855.0212077505157,1807.2876380745715,1814.078125,669578
2025-08-28,1813.1793836086892,1838.7439430276193,1803.6925715761367,1814.2779541015625,948055
2025-08-29,1824.3639698062568,1824.3639698062568,1798.5997359279581,1802.99365234375,801378
2025-09-01,1797.5012751349298,1813.3792274454595,1794.1059705683922,1807.2877197265625,530198
2025-09-02,1812.380548194679,1822.4665028163965,1800.1974113093129,1811.9810791015625,388232
2025-09-03,1811.9811751015657,1816.3750915569356,1794.5054679843006,1808.1864013671875,1249945
2025-09-04,1887.3762542944578,1887.3762542944578,1770.538676647658,1788.613525390625,2151243
2025-09-05,1812.4804310874463,1824.9630786844673,1797.601090771626,1802.7939453125,757123
2025-09-08,1804.491477320825,1807.487312645652,1767.043535760487,1778.427734375,1553347
2025-09-09,1787.315407568109,1808.985234372708,1775.8313721304685,1803.1932373046875,895295
2025-09-10,1802.394472088049,1841.0407001997191,1793.5068026391207,1831.1544189453125,881560
2025-09-11,1822.2669013876537,1822.3667381896737,1799.4985030876885,1811.6815185546875,663203
2025-09-12,1811.6815126591946,1831.9533813384087,1801.0962517615314,1827.6593017578125,509725
2025-09-15,1827.5594679166436,1830.455466575631,1809.7842506561506,1819.67041015625,485383
2025-09-16,1827.8590187028406,1830.3555481422018,1807.487314097483,1816.275146484375,496743
2025-09-17,1807.5872352752926,1824.9631053645437,1798.2002597649287,1801.4957275390625,706812
2025-09-18,1802.394432571009,1828.458175742382,1792.807783828773,1819.27099609375,817549
2025-09-19,1825.4623775933064,1844.3361650678503,1819.271033169251,1839.143310546875,1633208
2025-09-22,1852.4248906479431,1877.0905533695443,1850.2279934463306,1855.12109375,1003774
2025-09-23,1862.4110647605341,1863.1100442818704,1812.8799423245543,1816.8743896484375,737343
2025-09-24,1822.366735608672,1822.8660415189213,1803.4929478210706,1814.5775146484375,507030
2025-09-25,1807.5872301319043,1817.1738792191193,1795.004745586131,1807.2877197265625,1003709
2025-09-26,1804.891015729792,1816.4748883838442,1787.5151457982854,1796.302978515625,1561042
2025-09-29,1811.4818468262195,1811.4818468262195,1782.5221039607507,1786.2169189453125,1003806
2025-09-30,1780.5248325419034,1793.2071535927128,1775.5317735611352,1788.1142578125,1668918
2025-10-01,1780.5248818149119,1803.9922596739418,1766.6441530840802,1798.5997314453125,704858
2025-10-03,1798.5997374763804,1800.6967979331966,1763.7481603291255,1782.6219482421875,715403
2025-10-06,1773.5345461599,1781.7231141104317,1756.957614759522,1768.441650390625,1560572
2025-10-07,1774.5331716037942,1791.2099399316817,1768.841133094501,1781.623291015625,859968
2025-10-08,1781.523409111393,1793.4069136308153,1755.2598706315289,1770.4388427734375,1323877
2025-10-09,1770.438919206125,1810.882697896661,1768.1420632608877,1807.2877197265625,848466
2025-10-10,1822.4665488307878,1841.140540872164,1803.8923935899986,1807.8868408203125,1097936
2025-10-13,1807.4873380549363,1825.3625134578604,1795.6038333858962,1812.780029296875,409793
2025-10-14,1814.8771182436542,1823.2654817833131,1805.090673797243,1813.6787109375,655909
2025-10-15,1813.5789318808395,1855.8202613249784,1810.882728682643,1838.044921875,891713
2025-10-16,1840.0420570487163,1842.338912922531,1806.9880312306366,1833.151611328125,969316
2025-10-17,1841.4402022603363,1849.8285659566611,1817.5733553020618,1841.5400390625,1183570
2025-10-20,1847.4318686797576,1854.621825029952,1825.462408619782,1837.1461181640625,590467
2025-10-21,1849.4290658100217,1849.4290658100217,1829.9561355814606,1838.4443359375,41649
2025-10-23,1847.4318486309637,1861.6120875736265,1838.4443423403266,1850.1280517578125,543795
2025-10-24,1857.418003957366,1861.4124512777043,1829.2571991093232,1837.24609375,517403
2025-10-27,1877.589894829202,1921.229304495013,1877.589894829202,1900.4581298828125,2866910
2025-10-28,1900.458158225616,1942.8991612001028,1892.1697531381726,1934.1114501953125,2166517
2025-10-29,1931.3151797318678,1972.2582626527605,1931.3151797318678,1967.6646728515625,2398496
2025-10-30,1967.6647040575415,1969.162621749135,1951.3872830485493,1965.66748046875,842738
2025-10-31,1962.272246202413,1975.9531795148296,1949.0906188050606,1952.985107421875,1167506
2025-11-03,1947.2930771517729,1979.4483294602944,1942.3000179795888,1966.8658447265625,687299
2025-11-04,1956.3803727684547,1994.5274170544315,1954.1834755465975,1968.76318359375,664256
2025-11-06,1974.1557166609152,1988.0364452358874,1961.2735998985183,1968.064208984375,1094086
2025-11-07,1959.3761596099378,2001.2180177953096,1954.9822433743284,1996.1251220703125,1241016
2025-11-10,1997.323508907597,2015.0988483496676,1982.4441681702492,1986.53857421875,1087154
2025-11-11,1992.130773037325,1999.4205662887077,1979.5482883027141,1994.5274658203125,901898
2025-11-12,1994.5273651770897,2006.2110742909167,1981.046106091511,1993.9281005859375,1006737
2025-11-13,1977.850466108643,2002.2166179087505,1972.7575704133349,1985.140380859375,671028
2025-11-14,1979.8477912604096,2001.118272015681,1975.0545276133353,1998.1224365234375,678599
2025-11-17,1998.1223481108839,2010.1056895496208,1990.5329229131878,1993.2291259765625,726715
2025-11-18,1988.3359398736152,2010.704868678117,1985.2402676593476,1990.532958984375,855558
2025-11-19,1988.1362394954806,2005.5121090426644,1982.2444055471847,2002.0169677734375,894171
2025-11-20,2011.1043833821543,2029.1792330761352,1997.2236546024953,2024.2860107421875,805778
2025-11-21,2024.086299150335,2027.6812772809797,2013.8005487618252,2019.6923828125,506477
2025-11-24,2024.186189454235,2083.7035523382533,2002.2167290852203,2012.003173828125,2592739
2025-11-25,1969.6619155792798,2041.1624952397988,1969.6619155792798,2028.1805419921875,748087
2025-11-26,2028.1805899477615,2042.1611553142156,2021.1903072645343,2026.283203125,826123
2025-11-27,2027.182008815127,2033.173679777142,1998.0225922269963,2001.7174072265625,652128
2025-11-28,2008.2084067452354,2008.3082435488898,1958.2778148321265,1963.2708740234375,1011160
2025-12-01,1964.2694471241314,1974.255565309816,1948.4913316304073,1968.863037109375,483716
2025-12-02,1949.2902196883674,1987.13763101843,1949.2902196883674,1978.749267578125,942591
2025-12-03,1979.2485811368454,1988.236087307497,1957.1792848090824,1970.0614013671875,515105
2025-12-04,1967.4649494109494,2006.2111365983785,1956.2805458418236,2000.11962890625,660360
2025-12-05,2000.2194097652632,2043.4593489114436,1997.9225538943579,2020.890625,749526
2025-12-08,2002.2166192025963,2033.173584387275,2002.2166192025963,2017.894775390625,1050200
2025-12-09,2016.197196617663,2025.384376291637,1987.636923908549,2003.4149169921875,887191
2025-12-10,1993.2291727262502,2027.980912474004,1991.8310918121028,2011.7034912109375,598172
2025-12-11,2003.315075484341,2014.7991110002386,1992.7298149542062,2004.114013671875,635250
2025-12-12,2009.2069182455498,2027.581399532141,1999.6202694571532,2023.087646484375,557472
2025-12-15,2027.2818098670748,2037.1680911602296,2005.2125132596768,2032.0751953125,565860
2025-12-16,2032.0751354065972,2049.3510460592734,2018.1944072850797,2033.173583984375,815797
2025-12-17,2036.5689619967868,2045.855978745375,1992.7298788927903,2007.409423828125,896027
2025-12-18,2015.1986158012091,2017.595308505425,1998.821357873397,2011.6036376953125,301399
2025-12-19,2011.7034999166199,2032.6743480170164,2009.6064394867515,2025.584228515625,751874
2025-12-22,2024.8850819375255,2028.2803864105958,2010.305374154068,2019.49267578125,526892
2025-12-23,2029.3788877448897,2029.3788877448897,2015.49828099561,2021.9892578125,290105
2025-12-24,2026.3830306335155,2030.7769469658515,2017.3955243677237,2022.58837890625,353971
2025-12-26,2022.5884224223792,2032.0752347959356,2001.317941708694,2016.297119140625,180039
2025-12-29,2023.8864513737067,2023.8864513737067,2003.8143789202588,2007.010009765625,407998
2025-12-30,2007.0100559811788,2016.9961740388007,1965.467707340788,1992.7298583984375,3166927
2025-12-31,2007.4094104799976,2040.6632324931024,1989.7340302140967,2032.0751953125,751134
2026-01-01,2032.0751400804381,2043.0598696851869,2024.3857562166027,2037.5675048828125,235630
2026-01-02,2037.5676314027876,2074.4164328360544,2037.1681622849126,2064.530029296875,472182
2026-01-05,2064.5299381970553,2091.991762702346,2060.335817396589,2072.71875,788144
2026-01-06,2061.134721518588,2103.07641643321,2061.134721518588,2092.890625,618958
2026-01-07,2087.098590107966,2106.671478234444,2062.133295967919,2067.92529296875,1065734
2026-01-08,2078.0113212025967,2092.591151874019,2064.8296934157033,2080.008544921875,956736
2026-01-09,2090.8934748907022,2090.9931897915503,2062.1334057499243,2067.12646484375,455165
2026-01-12,2082.1056925261782,2102.7769089146555,2077.112633311487,2095.087646484375,1051481
2026-01-13,2087.0985801060083,2099.181879932565,2068.8239361227306,2079.509033203125,425540
2026-01-14,2067.3261817110915,2079.109850179465,2060.4358575381007,2065.92822265625,942775
2026-01-15,2065.92822265625,2065.92822265625,2065.92822265625,2065.92822265625,0
2026-01-16,2059.137460440068,2094.2885458249702,2059.0375017428387,2078.111083984375,753887
2026-01-19,2063.3317003883085,2092.6910342721685,2063.3317003883085,2070.8212890625,552463
2026-01-20,2077.1124996038416,2077.1124996038416,2041.1624755722369,2046.2554931640625,576100
2026-01-21,2035.3705563696751,2073.9170700212694,2035.3705563696751,2052.546630859375,1014083
2026-01-22,2053.2458760733066,2064.2306061759664,2006.5107937852836,2019.193115234375,1829617
2026-01-23,2019.1930393953808,2019.1930393953808,1983.5426472524505,1999.8199462890625,1128576
2026-01-27,2002.4162946234205,2044.957254017306,2002.4162946234205,2035.3704833984375,1396624
2026-01-28,2044.058428450512,2076.5131886309987,2034.7712903561287,2050.349609375,1391036
2026-01-29,2054.543844011777,2062.1333913019016,1960.1751497005116,1993.52880859375,3546891
2026-01-30,1983.5426926512196,2015.5981074639685,1948.7909528032255,1995.7257080078125,2050622
2026-02-02,1969.7617322930332,2017.1957917525613,1952.7853320654126,1998.22216796875,1337964
2026-02-03,2053.5452268070494,2062.0334271847896,1994.8269255697808,1999.3206787109375,1915073
2026-02-04,1999.3207186051648,2044.6577200252116,1993.029537222525,2038.86572265625,1109824
2026-02-05,2028.1805281219672,2042.460725357022,2002.516254099081,2014.9989013671875,925742
2026-02-06,2023.1874746209046,2027.0820849591312,1971.5592941424002,1993.9281005859375,884292
2026-02-09,1993.9281563875024,2033.3733229640236,1993.9281563875024,2021.1903076171875,1266623
2026-02-10,2021.1903296460837,2024.7853078285239,1996.225034072392,2015.498291015625,570843
2026-02-11,2020.1917148459738,2036.2693407915663,2014.4996762239034,2023.4871826171875,662626
2026-02-12,2019.193131946594,2023.1875792897129,1995.2264478878806,2019.29296875,426707
2026-02-13,2036.1694840893929,2041.0627063469735,2002.416356093042,2031.3760986328125,1240712
2026-02-16,2031.076618808556,2047.4538771474402,2020.990663738545,2039.5648193359375,580680
2026-02-17,2039.5648219236105,2042.161188296285,2023.786706280587,2036.6688232421875,377148
2026-02-18,2031.5758762229964,2059.5368848036587,2031.5758762229964,2056.740966796875,353144
2026-02-19,2062.133400385367,2065.1292358338687,2034.771412242213,2040.1639404296875,420142
2026-02-20,2040.064075342179,2080.408016536127,2033.1736295259916,2077.112548828125,922200
2026-02-23,2086.799109003145,2129.040438508761,2069.3234018390253,2106.671630859375,998892
2026-02-24,2106.6716766156214,2116.0585305755408,2073.717485247527,2080.008544921875,841918
2026-02-25,2086.7989385435476,2103.076358932855,2066.6270298250442,2070.721435546875,355352
2026-02-26,2077.112529625259,2100.4799480628603,2060.4357614410133,2079.90869140625,567098
2026-02-27,2073.2180942696314,2090.8934746998175,2028.0807669250557,2034.3719482421875,1374835
2026-03-02,2025.1847853365691,2050.5494282239447,1993.7285127832645,2029.37890625,1009225
2026-03-04,1961.273580464703,1994.427443553357,1920.9296392562358,1927.919921875,966848
2026-03-05,1944.896293025236,1948.3914342816124,1895.3651727436136,1942.2999267578125,1955176
2026-03-06,1930.0,1962.9000244140625,1924.800048828125,1941.5999755859375,858666
2026-03-09,1900.0,1926.0999755859375,1890.0,1912.5,1617012
2026-03-10,1933.300048828125,1974.800048828125,1926.5,1963.699951171875,587710
2026-03-11,1985.0,1985.0,1927.300048828125,1938.5999755859375,829640
2026-03-12,1925.0,1948.0999755859375,1907.0,1939.4000244140625,868643
2026-03-13,1932.5,1938.9000244140625,1900.4000244140625,1904.4000244140625,989732
2026-03-16,1901.0,1918.0,1881.0,1909.199951171875,902404
2026-03-17,1903.0,1938.699951171875,1901.5,1932.0999755859375,1255806
2026-03-18,1932.0,1974.699951171875,1932.0,1962.5,705652
2026-03-19,1950.0,1956.199951171875,1897.5,1903.0999755859375,741211
2026-03-20,1906.9000244140625,1919.9000244140625,1890.0,1896.9000244140625,1782505
2026-03-23,1875.0,1889.800048828125,1811.5,1832.300048828125,1338816
2026-03-24,1842.0,1866.5,1812.199951171875,1836.0,1403010
2026-03-25,1845.300048828125,1867.4000244140625,1839.199951171875,1851.800048828125,1167758
2026-03-27,1835.199951171875,1851.0999755859375,1828.9000244140625,1837.5999755859375,1156884
2026-03-30,1820.800048828125,1828.4000244140625,1766.0,1777.300048828125,2274502
2026-04-01,1828.4000244140625,1845.5999755859375,1762.5,1790.5,1132054
2026-04-02,1760.0,1778.9000244140625,1728.0999755859375,1774.0,1494738
2026-04-06,1757.5,1844.5,1757.5,1836.800048828125,1721071
2026-04-07,1814.5,1845.9000244140625,1805.5,1841.4000244140625,974742
2026-04-08,1880.0,1923.0,1870.0,1907.5999755859375,1104494
2026-04-09,1907.0,1930.0,1881.0999755859375,1904.0,1330082
2026-04-10,1914.9000244140625,1950.5999755859375,1914.300048828125,1923.199951171875,763543
2026-04-13,1909.0,1931.800048828125,1889.0,1914.4000244140625,638729
2026-04-15,1929.800048828125,1974.199951171875,1928.0999755859375,1971.0,1341053
2026-04-16,1971.0999755859375,1990.9000244140625,1962.0999755859375,1974.699951171875,642257
2026-04-17,1967.0,1975.800048828125,1954.9000244140625,1970.9000244140625,533713
2026-04-20,1976.300048828125,1989.5999755859375,1956.5999755859375,1982.5,1033871
2026-04-21,1974.4000244140625,1975.800048828125,1891.699951171875,1911.5999755859375,5153618
2026-04-22,1910.0,1930.5999755859375,1880.0,1884.800048828125,4044590
2026-04-23,1865.0,1886.699951171875,1807.699951171875,1828.0999755859375,4199895
2026-04-24,1817.0,1836.300048828125,1762.0999755859375,1768.9000244140625,5283235
2026-04-27,1768.9000244140625,1818.5,1759.0,1815.4000244140625,1918952
2026-04-28,1814.5999755859375,1824.0,1798.800048828125,1808.300048828125,1487099
2026-04-29,1808.5999755859375,1829.5,1792.9000244140625,1816.199951171875,1431080
2026-04-30,1814.9000244140625,1826.0,1785.199951171875,1819.0,1082053
2026-05-01,1819.0,1819.0,1819.0,1819.0,0
2026-05-04,1810.0999755859375,1845.0,1810.0999755859375,1820.0999755859375,1929706
2026-05-05,1820.0,1835.0,1802.5999755859375,1821.199951171875,1003169
2026-05-06,1839.0,1868.9000244140625,1825.9000244140625,1859.0,1236623
2026-05-07,1868.0,1879.199951171875,1860.0,1872.199951171875,1232684
2026-05-08,1874.9000244140625,1885.0,1865.199951171875,1872.0999755859375,673259
2026-05-11,1865.5999755859375,1895.0,1863.9000244140625,1884.4000244140625,672604
2026-05-12,1866.0,1875.5999755859375,1825.0,1833.9000244140625,1291216
2026-05-13,1820.0,1851.4000244140625,1818.199951171875,1837.5,853301
2026-05-14,1831.0,1870.0,1825.0,1866.699951171875,765124
2026-05-15,1866.699951171875,1883.9000244140625,1850.0,1864.5,851184
2026-05-18,1846.0,1867.5,1825.300048828125,1860.4000244140625,746942
2026-05-19,1846.0,1892.0,1845.4000244140625,1881.4000244140625,1351813
2026-05-20,1860.0,1882.4000244140625,1856.0999755859375,1864.199951171875,563774
2026-05-21,1869.9000244140625,1876.4000244140625,1854.9000244140625,1859.9000244140625,383464
2026-05-22,1872.0,1893.0,1860.9000244140625,1870.699951171875,934443
2026-05-25,1881.5,1905.0,1879.800048828125,1901.9000244140625,445135
2026-05-26,1904.800048828125,1906.9000244140625,1876.0999755859375,1883.199951171875,812898
2026-05-27,1883.0,1888.5,1860.0,1864.5,372683
2026-05-28,1864.5,1864.5,1864.5,1864.5,0
2026-05-29,1862.4000244140625,1864.0,1820.5,1830.0999755859375,2094924
2026-06-01,1839.0,1846.4000244140625,1801.800048828125,1812.5,1991126
2026-06-02,1786.0,1819.0,1781.699951171875,1801.699951171875,1196704
2026-06-03,1801.699951171875,1809.9000244140625,1759.0,1784.199951171875,784328
2026-06-04,1781.5999755859375,1784.0999755859375,1760.5,1764.9000244140625,727483
2026-06-05,1774.0,1797.800048828125,1766.0999755859375,1782.800048828125,715458
2026-06-08,1772.5999755859375,1786.4000244140625,1755.300048828125,1764.4000244140625,438892
2026-06-09,1755.0,1782.0999755859375,1754.699951171875,1769.0999755859375,857754
2026-06-10,1756.9000244140625,1774.0,1722.199951171875,1728.699951171875,1149490
2026-06-11,1727.0,1740.0,1704.199951171875,1719.0999755859375,965035
2026-06-12,1742.0,1744.9000244140625,1700.4000244140625,1706.0,1438254
2026-06-15,1723.0,1766.300048828125,1710.0,1759.5,1258362
2026-06-16,1771.699951171875,1793.0,1764.0,1767.5999755859375,1423732
2026-06-17,1756.0,1803.0999755859375,1756.0,1793.5999755859375,730989
2026-06-18,1801.0,1816.4000244140625,1792.9000244140625,1807.5999755859375,784096
2026-06-19,1800.0,1814.199951171875,1786.9000244140625,1800.199951171875,352560
2026-06-22,1800.0,1820.0,1795.0999755859375,1805.5,549653
2026-06-23,1805.5,1816.699951171875,1775.199951171875,1786.199951171875,961453
2026-06-24,1786.199951171875,1794.0,1748.199951171875,1767.699951171875,1280774
2026-06-25,1767.699951171875,1779.0,1740.0,1744.9000244140625,933399
2026-06-26,1744.9000244140625,1744.9000244140625,1744.9000244140625,1744.9000244140625,0
2026-06-29,1759.5999755859375,1772.699951171875,1736.9000244140625,1755.4000244140625,3910884
2026-06-30,1747.5,1777.0,1738.0,1765.699951171875,1456822
2026-07-01,1777.0,1794.199951171875,1758.5999755859375,1790.9000244140625,624234
2026-07-02,1798.0,1799.9000244140625,1771.4000244140625,1784.4000244140625,646630
2026-07-03,1784.0,1800.0,1777.5,1788.699951171875,631175
2026-07-06,1779.4000244140625,1797.0,1779.4000244140625,1787.699951171875,647063
2026-07-07,1773.0,1848.0,1773.0,1832.300048828125,1702487
2026-07-08,1831.9000244140625,1848.5,1784.199951171875,1789.0,1365022
2026-07-09,1789.0,1839.0,1784.9000244140625,1821.699951171875,868224
2026-07-10,1830.699951171875,1866.0,1830.699951171875,1862.9000244140625,828830
2026-07-13,1850.0,1861.0,1832.0999755859375,1855.9000244140625,455392
2026-07-14,1842.0,1852.5999755859375,1829.5999755859375,1840.300048828125,1035413
2026-07-15,1842.5,1880.5999755859375,1838.0,1866.4000244140625,895874
2026-07-16,1871.0,1872.0999755859375,1810.0,1822.0999755859375,898103
2026-07-17,1824.0999755859375,1839.800048828125,1811.300048828125,1829.4000244140625,1025533
2026-07-20,1831.0,1835.0,1803.4000244140625,1824.5,597865
2026-07-21,1834.5,1835.0,1816.199951171875,1827.9000244140625,583351
2026-07-22,1813.0,1833.0,1797.0,1806.699951171875,484506
2026-07-23,1800.0,1864.300048828125,1800.0,1853.5,912075
2026-07-24,1844.0999755859375,1889.5,1830.0999755859375,1858.5999755859375,1034104
2026-07-27,1860.0,1870.699951171875,1836.199951171875,1866.800048828125,1098594
2026-07-28,1865.0,1893.5,1860.5,1889.0999755859375,850030
2026-07-29,1895.0,1902.800048828125,1880.4000244140625,1894.9000244140625,1365116
2026-07-30,1882.199951171875,1910.0,1862.5999755859375,1877.5,1513264
2026-07-31,1885.0,1898.9000244140625,1870.5999755859375,1882.0,723852
2026-08-03,1899.0,1915.0,1882.800048828125,1915.0,885610
2026-08-04,1901.0,1909.800048828125,1856.5999755859375,1899.0,1516326
2026-08-05,1910.0,1910.0,1868.0999755859375,1879.9000244140625,625147
2026-08-06,1870.0,1886.0,1860.300048828125,1861.5,474116
2026-08-07,1861.5,1871.800048828125,1852.800048828125,1855.5,390231
2026-08-10,1855.5,1865.0999755859375,1836.0,1855.0,834293
2026-08-11,1866.0,1866.0,1815.5,1837.5999755859375,1089291
2026-08-12,1840.800048828125,1840.800048828125,1816.5,1830.0,1053505
2026-08-13,1828.5999755859375,1833.5999755859375,1805.5,1812.0,1421896
2026-08-14,1812.800048828125,1820.9000244140625,1789.4000244140625,1795.0,564182
2026-08-17,1785.4000244140625,1799.0,1781.0,1790.4000244140625,251360
2026-08-18,1789.0,1796.5,1762.5,1778.0,584461
2026-08-19,1779.5,1786.699951171875,1746.4000244140625,1780.4000244140625,1208471
2026-08-20,1790.0,1792.5,1775.4000244140625,1782.0,687833
2026-08-21,1780.0,1795.300048828125,1766.199951171875,1792.9000244140625,655563
2026-08-24,1801.699951171875,1801.699951171875,1759.0999755859375,1761.800048828125,542306
2026-08-25,1761.0,1774.4000244140625,1751.199951171875,1755.0,1641672
2026-08-26,1760.5,1789.0,1760.5,1768.199951171875,1042686
2026-08-27,1769.0,1798.9000244140625,1766.5,1773.199951171875,941103
2026-08-28,1780.4000244140625,1782.0,1747.800048828125,1761.0999755859375,1039823
2026-08-31,1760.0,1761.0999755859375,1739.0,1740.5,796284
2026-09-01,1740.5,1753.4000244140625,1728.5999755859375,1739.300048828125,624181
2026-09-02,1730.0,1738.4000244140625,1716.0,1719.9000244140625,671784
2026-09-03,1724.9000244140625,1741.9000244140625,1720.0,1723.4000244140625,280293
