,Open,High,Low,Close,Volume
2002-07-01,1.2454145784565156,1.2454145784565156,1.1935224630759333,1.1987113952636719,64627
2002-07-02,1.2039008894871757,1.245414634449022,1.1987114491564532,1.2350361347198486,67809
2002-07-03,1.1935229301452637,1.2350365625090867,1.1779549846929773,1.1935229301452637,350504
2002-07-04,1.1987113952636719,1.2298466390965377,1.1935224630759333,1.1987113952636719,71611
2002-07-05,1.2557930417413383,1.2557930417413383,1.1883329821123585,1.219468355178833,109523
2002-07-08,1.2142791960598571,1.2298466273616222,1.1987113838258419,1.209089756011963,48232
2002-07-09,1.292117819741591,1.292117819741591,1.209089821908203,1.2350361347198486,59013
2002-07-10,1.2506036012678805,1.2609819743050872,1.214279295637657,1.219468355178833,88510
2002-07-11,1.224657654762268,1.2454145254261466,1.2039007840983893,1.224657654762268,40498
2002-07-12,1.203900734147968,1.224657603950634,1.1831438643453018,1.1883327960968018,42771
2002-07-15,1.2142792174343677,1.2142792174343677,1.162386593725814,1.183143973350525,48601
2002-07-16,1.2039008353610825,1.2039008353610825,1.1623865843559773,1.1987113952636719,31944
2002-07-17,1.1675763137328532,1.188333190423307,1.146819564019849,1.1727653741836548,37204
2002-07-18,1.1623863981971194,1.4114695787429812,1.1623863981971194,1.411469578742981,248765
2002-07-19,1.452983269162537,1.6968770027160645,1.359577428604577,1.6968770027160645,1821085
2002-07-22,1.6968771904269806,1.8681219699318075,1.5619570919025492,1.6605523824691772,1296691
2002-07-23,1.5930926927287261,1.7176343209393914,1.349199512041689,1.4426052570343018,905236
2002-07-24,1.4270374885636532,1.4270374885636532,1.3232532394519763,1.3440101146697998,91665
2002-07-25,1.4010912857809208,1.4944970074977555,1.3336312381050048,1.3491991758346558,116754
2002-07-26,1.3491994855100962,1.380334733228702,1.2039009856102885,1.2454147338867188,146409
2002-07-29,1.245414494745472,1.4010913383330084,1.2194681848443365,1.260981798171997,59624
2002-07-30,1.266171156666167,1.266171156666167,1.2246575460025737,1.229846477508545,38281
2002-07-31,1.1831439123792549,1.2454145243153512,1.1831439123792549,1.2402249574661255,102683
2002-08-01,1.224657654762268,1.2557928972693797,1.2194682148858262,1.224657654762268,49776
2002-08-02,1.255793007200772,1.255793007200772,1.2194683216373765,1.2350361347198486,12767
2002-08-05,1.2350360255039623,1.2557928961493277,1.2246576536699858,1.2402249574661255,16646
2002-08-06,1.2454144945542434,1.3232529163360596,1.2454144945542434,1.3232529163360596,25031
2002-08-07,1.297307355264961,1.3388209925485666,1.297307355264961,1.3076857328414917,60024
2002-08-08,1.2973068557435399,1.2973068557435399,1.2246578597485036,1.2454147338867188,26828
2002-08-09,1.260982040302437,1.260982040302437,1.2350362333288942,1.2454147338867188,69020
2002-08-12,1.2350359961804998,1.2661712379205974,1.2350359961804998,1.260981798171997,9447
2002-08-13,1.245414366488379,1.2713606737174736,1.245414366488379,1.2557927370071411,14548
2002-08-14,1.245414624254443,1.2713609368537002,1.2350361246102248,1.2506035566329956,13254
2002-08-15,1.2506035566329956,1.2506035566329956,1.2506035566329956,1.2506035566329956,0
2002-08-16,1.4218481849531224,1.4218481849531224,1.2246576043241357,1.2661712169647217,18304
2002-08-19,1.2713608046466074,1.2713608046466074,1.2350359961804998,1.260981798171997,16287
2002-08-20,1.245414366488379,1.2557927370071411,1.245414366488379,1.2557927370071411,20613
2002-08-21,1.245414624254443,1.2609819292997912,1.2350361246102248,1.2506035566329956,29306
2002-08-22,1.2713610487699971,1.2713610487699971,1.2454147338867188,1.2454147338867188,19269
2002-08-23,1.2454144737533004,1.271360783217096,1.1675759262941356,1.1883327960968018,147949
2002-08-26,1.1727652132977076,1.1727652132977076,1.0741699038220507,1.1156840324401855,516193
2002-08-27,1.1883327651261706,1.1883327651261706,1.1208728447926077,1.1312512159347534,303981
2002-08-28,1.162386712887532,1.162386712887532,1.1104945917689497,1.1156840324401855,151926
2002-08-29,1.1623863715360037,1.1623863715360037,1.0793590275239358,1.1001158952713013,172175
2002-08-30,1.1208729035360172,1.131251275222079,1.0897375345230103,1.0897375345230103,94688
2002-09-02,1.1675761290716162,1.1883330024792091,1.1156840090413487,1.1416298151016235,115512
2002-09-03,1.1053051328540622,1.1883324617251854,1.1053051328540622,1.1675755977630615,86288
2002-09-04,1.1935225700190384,1.209089875886802,1.1364408824489416,1.1416298151016235,93446
2002-09-05,1.1779543724934944,1.1831438119246995,1.1364406347274778,1.136440634727478,34145
2002-09-06,1.203900899534256,1.203900899534256,1.1416297736621115,1.1571977138519287,32318
2002-09-09,1.172764985023043,1.1987112944868386,1.152008115220377,1.1883327960968018,45676
2002-09-10,1.188332796096802,1.188332796096802,1.188332796096802,1.1883327960968018,0
2002-09-11,1.183143963813366,1.2039008353610825,1.183143963813366,1.1987113952636719,33576
2002-09-12,1.2042862460203667,1.237738516685217,1.193135398180856,1.2098618745803833,40750
2002-09-13,1.2042863555384908,1.3046437223669316,1.2042863555384908,1.2990680932998657,200666
2002-09-16,1.2600405478642982,1.2823426611767221,1.2210130433028612,1.2656161785125732,90998
2002-09-17,1.260040071261643,1.2823421761384286,1.2265876642940867,1.232163429260254,24098
2002-09-18,1.237738732898027,1.2767666389404342,1.2265878831106443,1.248889446258545,26684
2002-09-19,1.2321637773292065,1.2711916874340852,1.2265880107879639,1.2265880107879639,54877
2002-09-20,1.2600406759773486,1.3046442250027461,1.2600406759773486,1.282342791557312,86472
2002-09-23,1.2544649644730625,1.3380961258168234,1.2544649644730625,1.3213696479797363,197772
2002-09-24,1.282342198113247,1.3771239285276538,1.282342198113247,1.3492467403411865,69097
2002-09-25,1.310219067999524,1.349246974522216,1.310219067999524,1.338096261024475,60614
2002-09-26,1.3380963943246311,1.3380963943246311,1.3269455432891846,1.3269455432891846,24631
2002-09-27,1.2879173796245404,1.3492468436194487,1.2879173796245404,1.3325203657150269,18812
2002-09-30,1.2823422975134944,1.3380961325007943,1.2823422975134944,1.2990680932998657,113757
2002-10-01,1.287917877064859,1.3380966480247092,1.282342791557312,1.282342791557312,17745
2002-10-02,1.282342791557312,1.282342791557312,1.282342791557312,1.282342791557312,0
2002-10-03,1.3380961312035404,1.410576307614357,1.3325203657150269,1.3325203657150269,33283
2002-10-04,1.2433145863777426,1.3102192878723145,1.2433145863777426,1.3102192878723145,4110
2002-10-07,1.3269455432891846,1.3380963943246311,1.3213699131311414,1.3269455432891846,25550
2002-10-08,1.3102192878723145,1.3325207186102823,1.3102192878723145,1.3102192878723145,10986
2002-10-09,1.3102189649598095,1.3102189649598095,1.2934930324554443,1.2934930324554443,6671
2002-10-10,1.2934935082800292,1.2990685937875759,1.282342791557312,1.282342791557312,9750
2002-10-11,1.2879176328785615,1.3269455432891846,1.2879176328785615,1.3269455432891846,13342
2002-10-14,1.2823423198346304,1.2934930324554443,1.2823423198346304,1.2934930324554443,7184
2002-10-15,1.2934930324554443,1.2934930324554443,1.2934930324554443,1.2934930324554443,0
2002-10-16,1.282342292227902,1.2934930046086595,1.282342292227902,1.2879173755645752,17960
2002-10-17,1.2767665386199951,1.2990681000155766,1.2767665386199951,1.2767665386199951,12315
2002-10-18,1.2711918091608483,1.2823426611767221,1.2600405478642982,1.2656161785125732,30969
2002-10-21,1.282342292227902,1.3046437169894167,1.282342292227902,1.2879173755645752,8420
2002-10-22,1.282342304142739,1.2934930166271028,1.2767665386199951,1.2767665386199951,11915
2002-10-23,1.3325205910816655,1.3325205910816655,1.248889551683731,1.2600404024124146,26468
2002-10-24,1.310218706926026,1.310218706926026,1.2433140350967467,1.2544647455215454,27356
2002-10-25,1.2377387736671048,1.2823424471395368,1.2377387736671048,1.2711915969848633,11802
2002-10-28,1.2433144918504186,1.2433144918504186,1.2265880107879639,1.2265880107879639,4618
2002-10-29,1.2433142647400497,1.282342304142739,1.232163552255686,1.2767665386199951,11874
2002-10-30,1.2767663027979719,1.2767663027979719,1.2488891174554884,1.2544647455215454,10478
2002-10-31,1.2544650757925333,1.2544650757925333,1.248889446258545,1.248889446258545,21552
2002-11-01,1.2544651816883872,1.2823425131504098,1.2433144673865801,1.2600404024124146,13342
2002-11-04,1.2377391061050085,1.287917877064859,1.2265882529553855,1.282342791557312,24118
2002-11-05,1.248889469343706,1.2767666625408924,1.2433143854141235,1.2433143854141235,9750
2002-11-06,1.2433143854141235,1.2433143854141235,1.2433143854141235,1.2433143854141235,0
2002-11-07,1.237738732898027,1.2656159255799162,1.237738732898027,1.248889446258545,54995
2002-11-08,1.254464950538402,1.254464950538402,1.2377386093139648,1.2377386093139648,28536
2002-11-11,1.237738755777072,1.2600403193372072,1.2210128218539884,1.2433143854141235,126134
2002-11-12,1.2433144918504186,1.2488895762572667,1.2210129263811156,1.2265880107879639,70061
2002-11-13,1.226587905783571,1.2600403193372072,1.226587905783571,1.2433143854141235,36177
2002-11-14,1.271191938407689,1.282342791557312,1.2488898228277256,1.282342791557312,14496
2002-11-15,1.2656161785125732,1.2656161785125732,1.2656161785125732,1.2656161785125732,2781
2002-11-18,1.2656158143762077,1.3269452781777842,1.2656158143762077,1.2879173755645752,71970
2002-11-19,1.2879173755645752,1.2879173755645752,1.2879173755645752,1.2879173755645752,0
2002-11-20,1.2600401842317197,1.3269452770189514,1.2600401842317197,1.3213696479797363,92599
2002-11-21,1.3269453047830273,1.421727180480957,1.3102189630228227,1.421727180480957,102524
2002-11-22,1.4496052160834376,1.4997834520461426,1.3938508020077114,1.4050015211105347,113506
2002-11-25,1.4217273044313976,1.4217273044313976,1.3826992612062425,1.3882750272750854,25924
2002-11-26,1.2990688710721034,1.4217280090455746,1.2990688710721034,1.4050015211105347,69045
2002-11-27,1.4217270502434711,1.4328777618263377,1.3826990139960658,1.4161512851715088,48262
2002-11-28,1.449604376463203,1.449604376463203,1.4105763365008748,1.4328778982162476,66782
2002-11-29,1.4496042674835126,1.5053580993670033,1.4161513135045587,1.4719058275222778,89654
2002-12-02,1.5109335184097288,1.5276599991187525,1.4496045898389456,1.510933518409729,50700
2002-12-03,1.5053583329241627,1.5276598964230277,1.3938501061492368,1.4663302898406982,52537
2002-12-04,1.4384532071029381,1.4663304023627537,1.4384532071029381,1.4440289735794067,22717
2002-12-05,1.449604603628998,1.449604603628998,1.432878122760856,1.4440289735794067,24811
2002-12-06,1.4496045904590722,1.4496045904590722,1.421727395452526,1.4273024797439575,36896
2002-12-09,1.4384533166885376,1.471906280973367,1.4328782319217293,1.4384533166885376,30538
2002-12-10,1.4217275166805614,1.4607554293053115,1.4217275166805614,1.4384533166885376,32970
2002-12-11,1.4607553180206716,1.4607553180206716,1.4217274083691824,1.4440289735794067,48827
2002-12-12,1.455179595247827,1.4607552249421425,1.4384531154454872,1.4496045112609863,48945
2002-12-13,1.728374240766547,1.728374240766547,1.1708340618799855,1.4663302898406982,65700
2002-12-16,1.533234754303382,1.533234754303382,1.4607549905776978,1.4607549905776978,56262
2002-12-17,1.4551793617779398,1.4663300736700686,1.444028649885811,1.4607549905776978,50459
2002-12-18,1.5271533340944075,1.539225744425052,1.4547188721105406,1.4909363985061646,78667
2002-12-19,1.4969719842550882,1.50904439256829,1.4728273153305054,1.4728273153305054,27171
2002-12-20,1.4607550092450288,1.4607550092450288,1.4185016553151029,1.4366103410720825,23092
2002-12-23,1.4366108496600896,1.448683261871338,1.3702128040510257,1.448683261871338,25658
2002-12-24,1.4003937869514271,1.4667912359932997,1.3943573598166368,1.4305742979049683,29517
2002-12-25,1.4305742979049683,1.4305742979049683,1.4305742979049683,1.4305742979049683,0
2002-12-26,1.4728277257009792,1.4728277257009792,1.4366107860739759,1.4426466226577759,22912
2002-12-27,1.4486830470880574,1.4728275725271245,1.4245383739471436,1.4245383739471436,16713
2002-12-30,1.466791298309732,1.466791298309732,1.4245385220989286,1.4426466226577759,22373
2002-12-31,1.4124659635257635,1.442646472622751,1.3883214380866964,1.4245383739471436,25842
2003-01-01,1.4003934126635713,1.4486827490094638,1.4003934126635713,1.4366103410720825,15610
2003-01-02,1.448683261871338,1.460755526380718,1.448683261871338,1.448683261871338,13470
2003-01-03,1.4305744220016627,1.472827790890098,1.4245385851507095,1.448683261871338,41011
2003-01-06,1.4547189725311411,1.4607553996659317,1.4305742979049683,1.4305742979049683,18432
2003-01-07,1.4305744220016627,1.448683261871338,1.4245385851507095,1.448683261871338,13342
2003-01-08,1.4547190987222913,1.460755526380718,1.4366108496600896,1.448683261871338,24606
2003-01-09,1.448683261871338,1.460755526380718,1.4426466865110428,1.448683261871338,37204
2003-01-10,1.442646472622751,1.454718883044131,1.4245383739471436,1.4245383739471436,32380
2003-01-13,1.4547190343346847,1.4728277257009792,1.4245385220989286,1.4426466226577759,69374
2003-01-14,1.4185021574922827,1.460755526380718,1.4185021574922827,1.448683261871338,26386
2003-01-15,1.4366103857945414,1.4728273153305054,1.4245381251831604,1.4728273153305054,20993
2003-01-16,1.4486828737580975,1.4667909702671331,1.4426463000150467,1.4547187089920044,45404
2003-01-17,1.4607552070592944,1.4909363048407547,1.4607552070592944,1.484899878501892,44090
2003-01-20,1.4607551350332264,1.4969720665604414,1.4486828737580975,1.4547187089920044,65433
2003-01-21,1.4607550092450288,1.4607550092450288,1.4305739155506678,1.4366103410720825,60481
2003-01-22,1.4426466865110428,1.4547190987222913,1.4366108496600896,1.448683261871338,93646
2003-01-23,1.478863970051406,1.478863970051406,1.4486828737580975,1.4547187089920044,43059
2003-01-24,1.4728277257009792,1.4728277257009792,1.4366107860739759,1.4426466226577759,28223
2003-01-27,1.4305742360927007,1.4486830736090586,1.4124659893837397,1.4185019731521606,49535
2003-01-28,1.4486827490094638,1.472827269480594,1.4185016553151029,1.4366103410720825,32842
2003-01-29,1.454718883044131,1.454718883044131,1.4245383739471436,1.4245383739471436,7481
2003-01-30,1.4486830470880574,1.4486830470880574,1.4245383739471436,1.4245383739471436,3335
2003-01-31,1.4124662552886995,1.4426467706198578,1.3883217248622715,1.3943575620651245,63637
2003-02-03,1.412465955921023,1.424538366277405,1.4003936932664867,1.4064295291900635,45671
2003-02-04,1.4185022401934297,1.4245386682037906,1.3943575620651245,1.3943575620651245,51829
2003-02-05,1.4245382035060112,1.4607551350332264,1.4124657945290537,1.4547187089920044,60137
2003-02-06,1.4486827490094638,1.4486827490094638,1.4305739155506678,1.4366103410720825,22748
2003-02-07,1.4366106366666773,1.4366106366666773,1.4245383739471436,1.4245383739471436,16472
2003-02-10,1.4245380808365176,1.4366103410720825,1.4245380808365176,1.4366103410720825,25144
2003-02-11,1.424538400026129,1.424538400026129,1.4185019731521606,1.4185019731521606,9750
2003-02-12,1.4185020947076814,1.4547190343346847,1.4185020947076814,1.4426466226577759,16082
2003-02-13,1.4426466226577759,1.4426466226577759,1.4426466226577759,1.4426466226577759,0
2003-02-14,1.424538099663399,1.424538099663399,1.38832117077624,1.4124656915664673,256585
2003-02-17,1.4245383739471436,1.4245383739471436,1.3762490276653163,1.4245383739471436,47210
2003-02-18,1.4486830361998317,1.5090446447475179,1.424538363240388,1.4909363985061646,138476
2003-02-19,1.4849003578614635,1.5694072521477271,1.4849003578614635,1.5633708238601685,125775
2003-02-20,1.4547185741663815,1.6539127868681451,1.4547185741663815,1.545261263847351,130137
2003-02-21,1.5694071054458618,1.6297687240451804,1.563370677722564,1.5694071054458618,88982
2003-02-24,1.5331890672261237,1.5935514102365818,1.5331890672261237,1.551297903060913,34427
2003-02-25,1.5633703836150665,1.5995873184210088,1.5633703836150665,1.5814790725708008,37737
2003-02-26,1.5754428428849911,1.5754428428849911,1.5211170646317316,1.527153491973877,21552
2003-02-27,1.5150807611585348,1.5633700971871753,1.5150807611585348,1.545261263847351,8795
2003-02-28,1.563370248661798,1.5935513450821148,1.5090444818877886,1.5392255783081055,41483
2003-03-03,1.5090448960390632,1.5754429423616796,1.5090448960390632,1.5694071054458618,29901
2003-03-04,1.5694068102027676,1.6237319908589178,1.5694068102027676,1.5814790725708008,87858
2003-03-05,1.5754428600480397,1.6901302543386791,1.5754428600480397,1.6478767395019531,132770
2003-03-06,1.6116601248576699,1.6599494860351423,1.605624287039743,1.629768967628479,33930
2003-03-07,1.6056239631745386,1.6478767395019533,1.5995875357666316,1.6478767395019531,129573
2003-03-10,1.6237318893024246,1.659948821843175,1.6237318893024246,1.6418405771255493,83460
2003-03-11,1.6418404631661514,1.678057393193101,1.6237317765999426,1.659948706626892,139138
2003-03-12,1.6599486173282392,1.684093876088518,1.6297681147160474,1.6539127826690674,114712
2003-03-13,1.6659851180669167,1.7142744561547572,1.6659851180669167,1.684093952178955,65433
2003-03-14,1.684093952178955,1.684093952178955,1.684093952178955,1.684093952178955,0
2003-03-17,1.6901303211996481,1.696166748846354,1.6659856445259014,1.6780579090118408,46502
2003-03-18,1.6780579090118408,1.6780579090118408,1.6780579090118408,1.6780579090118408,0
2003-03-19,1.665985617935813,1.7806730149329693,1.665985617935813,1.702202558517456,103114
2003-03-20,1.6901297321794972,1.7203108259816613,1.659948638377333,1.6961661577224731,27700
2003-03-21,1.690129751136174,1.7203108452768525,1.6659850826061766,1.672021508216858,37958
2003-03-24,1.6901300036707876,1.798781545246556,1.6901300036707876,1.7082388401031494,67480
2003-03-25,1.7022022351499564,1.7384191688514656,1.7022022351499564,1.7142746448516846,35577
2003-03-26,1.7022028847353594,1.7323839943581496,1.7022028847353594,1.72634756565094,22579
2003-03-27,1.7504915627626347,1.7806726605956211,1.7142746293878253,1.7625638246536255,44562
2003-03-28,1.7203110712553051,1.7384191688514656,1.7142746448516846,1.7142746448516846,25914
2003-03-31,1.6539128036416233,1.7504913289765591,1.6539128036416233,1.6961661577224731,43772
2003-04-01,1.7022019924581828,1.7142744004386852,1.6901297321794972,1.6961661577224731,15564
2003-04-02,1.714274970512581,1.714274970512581,1.690130294224197,1.702202558517456,46184
2003-04-03,1.7082388401031496,1.7142746758084157,1.6901300036707876,1.7082388401031494,43875
2003-04-04,1.7323839943581496,1.7504922465665202,1.7022028847353594,1.72634756565094,17437
2003-04-07,1.7263470644141101,1.804817513084532,1.6901301274071054,1.750491738319397,62846
2003-04-08,1.7142746510607778,1.7625638469370808,1.7142746510607778,1.7384191751480103,30281
2003-04-09,1.726346913104394,1.744455749275333,1.7022022413153235,1.7384191751480103,6712
2003-04-10,1.696166721774558,1.744456074351326,1.690130294224197,1.702202558517456,34037
2003-04-11,1.6901297321794972,1.7384189209960568,1.6901297321794972,1.6961661577224731,43238
2003-04-14,1.6961661577224731,1.6961661577224731,1.6961661577224731,1.6961661577224731,0
2003-04-15,1.7384192002442038,1.7444557744586717,1.6901300036707876,1.7082388401031494,23471
2003-04-16,1.7384186460251545,1.7444552183151245,1.7082382955057902,1.7444552183151245,10273
2003-04-17,1.7022028847353594,1.7323839943581496,1.7022028847353594,1.72634756565094,21870
2003-04-18,1.72634756565094,1.72634756565094,1.72634756565094,1.72634756565094,0
2003-04-21,1.7504915524952878,1.7504915524952878,1.7022022098108878,1.7203110456466675,16677
2003-04-22,1.7504915524952878,1.7565279788090498,1.7142746193329055,1.7203110456466675,39754
2003-04-23,1.7203110456466675,1.73841914297327,1.7203110456466675,1.7203110456466675,14368
2003-04-24,1.7323833074668498,1.73841914297327,1.7203110456466675,1.7203110456466675,19618
2003-04-25,1.7203110456466675,1.73841914297327,1.7203110456466675,1.7203110456466675,49114
2003-04-28,1.7203110456466675,1.7203110456466675,1.6961663743044677,1.7203110456466675,36578
2003-04-29,1.7022022351499564,1.7203110712553051,1.7022022351499564,1.7142746448516846,14373
2003-04-30,1.7082388401031496,1.7082388401031496,1.7022022658886815,1.7082388401031494,7497
2003-05-01,1.7082388401031496,1.7082388401031496,1.7082388401031496,1.7082388401031494,0
2003-05-02,1.6961663743044677,1.7263468811530878,1.6961663743044677,1.7203110456466675,27705
2003-05-05,1.726346913104394,1.744455749275333,1.726346913104394,1.7384191751480103,37204
2003-05-06,1.7203117277513063,1.7686010895824673,1.7203117277513063,1.72634756565094,29901
2003-05-07,1.720310735641244,1.7686000696237536,1.720310735641244,1.7565276622772217,48750
2003-05-08,1.744455749275333,1.744455749275333,1.7384191751480103,1.7384191751480103,4002
2003-05-09,1.750491052096128,1.7625633104653085,1.732382812244151,1.7444552183151245,31564
2003-05-12,1.7686005760775272,1.7686005760775272,1.7203112282669535,1.750491738319397,20064
2003-05-13,1.75049178123781,1.8108539844374616,1.744455944942667,1.8048175573349,25709
2003-05-14,1.871215969994178,1.871215969994178,1.7806732379457688,1.7867096662521362,20305
2003-05-15,1.8108538079622032,1.8349984801064683,1.786709135817938,1.8168896436691284,66957
2003-05-16,2.1126629541369235,2.1126629541369235,1.8108542560925456,1.8229265213012695,53738
2003-05-19,1.8349984801064683,1.8712154144719455,1.8168896436691286,1.8168896436691284,31292
2003-05-20,1.8108540777222695,1.8531068540890014,1.8108540777222695,1.8289623260498047,16015
2003-05-21,2.082481923467086,2.082481923467086,1.8168896436691286,1.8168896436691284,13922
2003-05-22,1.810853463250226,1.8531062252794417,1.810853463250226,1.8349981307983398,23656
2003-05-23,1.822926221352205,1.8289622052615135,1.8108539581298828,1.8108539581298828,36434
2003-05-26,1.822926203140811,1.822926203140811,1.7263470644141101,1.750491738319397,73577
2003-05-27,1.7806727262029707,1.8108538251479536,1.7565280538295627,1.7686004638671875,47739
2003-05-28,1.7806728569685195,1.8108539581298828,1.7806728569685195,1.8108539581298828,19756
2003-05-29,1.9315775944239386,1.9315775944239386,1.7565285586334876,1.7867096662521362,24205
2003-05-30,1.7927451201908418,1.822926221352205,1.7746370207610638,1.8108539581298828,97285
2003-06-02,2.1730251000493306,2.1730251000493306,1.7806729745676866,1.8289623260498047,82121
2003-06-03,1.841034424073021,2.1368072291147024,1.7987816515159991,1.883287787437439,163328
2003-06-04,1.9859029085629343,1.9859029085629343,1.871215524506333,1.883287787437439,24154
2003-06-05,1.8410336364163935,1.9195040504055234,1.8410336364163935,1.877251148223877,44270
2003-06-06,1.871215524506333,1.8953601980703942,1.871215524506333,1.883287787437439,53964
2003-06-09,1.8712156807710587,1.9315772958710693,1.7867093900906719,1.9134691953659058,67044
2003-06-10,1.9134691010411622,1.9195049373095308,1.8651797522608398,1.889324426651001,64529
2003-06-11,1.8832878383866523,1.9074325126039071,1.8470709009116963,1.8531067371368408,64304
2003-06-12,1.8712150401099479,1.8772514654165657,1.8410339474895336,1.859142780303955,53938
2003-06-13,1.9496863140081595,1.9496863140081595,1.810854232038813,1.8651800155639648,45804
2003-06-16,1.8168892801757375,1.8772514654165657,1.8168892801757375,1.859142780303955,28218
2003-06-17,1.8410344684838356,1.883287832867521,1.8108539581298828,1.8108539581298828,62426
2003-06-18,1.810853463250226,1.8410339653562908,1.780672370336912,1.8349981307983398,63123
2003-06-19,1.8108540777222695,1.8410345900694032,1.8048176503087456,1.8289623260498047,49006
2003-06-20,1.8229253974689024,1.9255404746921874,1.8229253974689024,1.877251148223877,72201
2003-06-23,1.8591428635998355,1.883287384293577,1.841034029974077,1.8470704555511475,31564
2003-06-24,1.8712156932239863,1.8712156932239863,1.8289623260498047,1.8289623260498047,32241
2003-06-25,1.8712153635898228,2.1971692410341785,1.8410342657519558,2.1850969791412354,1060211
2003-06-26,2.2333865380198588,2.29374814872345,2.0523009673998316,2.088517904281616,246686
2003-06-27,2.1126625851852165,2.160952523798104,2.082482075135955,2.1066267490386963,133904
2003-06-30,2.142843400438094,2.203205003298869,2.0583365360853167,2.1549158096313477,356682
2003-07-01,2.1247346807525904,2.142843368120276,1.9798668065312246,1.9919390678405762,296489
2003-07-02,1.9617574872194592,2.040227904869672,1.9617574872194592,2.016083240509033,75121
2003-07-03,1.9919393204189118,2.112662539627475,1.9919393204189118,2.0523009300231934,142566
2003-07-04,2.0885178028673206,2.10662663968351,2.016083932620997,2.0402286052703857,61076
2003-07-07,2.034191480301375,2.040227904869672,1.9919385761483948,2.016083240509033,49776
2003-07-08,2.010046550106158,2.088516809676655,1.9979741456715534,2.0221188068389893,60691
2003-07-09,2.010047881063939,2.022120145790448,1.9919396316760467,1.997975468635559,58284
2003-07-10,2.052300827665884,2.052300827665884,1.9919392210721023,2.004011631011963,60039
2003-07-11,1.961758526754161,2.010047881063939,1.961758526754161,1.997975468635559,29835
2003-07-14,1.997975468635559,2.0160843088309357,1.98590320390905,1.997975468635559,54908
2003-07-15,1.9919396316760467,2.010047881063939,1.9919396316760467,1.997975468635559,128151
2003-07-16,1.967794727642396,2.052301014090339,1.961758300571375,2.0341923236846924,208307
2003-07-17,2.052300669790993,2.0824817661698596,1.9798668065312246,1.9919390678405762,93200
2003-07-18,1.9919394413691378,1.9919394413691378,1.8832878875959955,1.9255414009094238,133026
2003-07-21,1.9013967963785692,1.9195050447061044,1.7806729745676866,1.8289623260498047,220120
2003-07-22,1.8410339474895336,1.8712150401099479,1.8229257054823553,1.859142780303955,57176
2003-07-23,1.8953605304830077,1.9074327955313748,1.8470711748857893,1.8651800155639648,18319
2003-07-24,1.8832878383866523,1.8832878383866523,1.8229262266944415,1.8531067371368408,41673
2003-07-25,1.8229257871555884,1.8712151239467063,1.8229257871555884,1.8470704555511475,66202
2003-07-28,1.8893243620085394,1.8893243620085394,1.8651796884444782,1.883287787437439,35808
2003-07-29,1.841033853973368,1.9134684430426512,1.841033853973368,1.9013960361480713,51716
2003-07-30,1.8712155751289514,1.9013966763787629,1.8470709009116963,1.8531067371368408,84527
2003-07-31,1.8470708509422722,1.9013966249396452,1.8470708509422722,1.883287787437439,102924
2003-08-01,1.9074326202906928,1.9496861348855397,1.8832879447103164,1.9134691953659058,122055
2003-08-04,1.8832870695692467,2.040227904869672,1.8832870695692467,2.016083240509033,133113
2003-08-05,2.0221202128614024,2.100590674695823,2.0221202128614024,2.064373731613159,132913
2003-08-06,2.02211985362276,2.088517890832467,2.02211985362276,2.028156280517578,172966
2003-08-07,2.0221198298173566,2.070409767388913,2.0221198298173566,2.0523009300231934,68727
2003-08-08,2.11266247551671,2.11266247551671,2.0281561950947697,2.0402286052703857,56232
2003-08-11,2.0523009541839037,2.100590301516555,2.02211985362276,2.028156280517578,133555
2003-08-12,2.0221198298173566,2.0523009300231934,2.0221198298173566,2.0523009300231934,30789
2003-08-13,2.0160836670926767,2.0523005974458877,2.010047241247131,2.046264171600342,49186
2003-08-14,2.076445610818184,2.094554448248552,2.0341922476213856,2.0704097747802734,99748
2003-08-15,2.0704097747802734,2.0704097747802734,2.0704097747802734,2.0704097747802734,0
2003-08-18,2.0523006807962307,2.2032049818851385,2.0523006807962307,2.179060459136963,100764
2003-08-19,2.1971692320992893,2.408435143683199,2.154915872540305,2.1669881343841553,137029
2003-08-20,2.1609522861518875,2.2333862998943323,2.1609522861518875,2.2092416286468506,133801
2003-08-21,2.142843400438094,2.1730246449739754,2.118698877455249,2.1549158096313477,148334
2003-08-22,2.1488798244298164,2.166988515786497,2.1126627371201785,2.118699312210083,44311
2003-08-25,2.0885178662453927,2.0885178662453927,2.0523009300231934,2.0523009300231934,39929
2003-08-26,2.076445690707433,2.166988404324333,2.064373427359749,2.160952568054199,68132
2003-08-27,2.257531071707218,2.269603482509514,2.1005903220847717,2.1066267490386963,44126
2003-08-28,2.076445996740089,2.1126629398227528,2.052301318784354,2.064373731613159,50782
2003-08-29,2.0897022809032633,2.153026395235487,1.9820510386169634,2.1150319576263428,23528
2003-09-01,2.1150331127263318,2.1150331127263318,2.026378653449661,2.064373731613159,51059
2003-09-02,2.1213643583940778,2.2416805352466604,2.083369914870449,2.089702606201172,110119
2003-09-03,2.0897022357143937,2.11503191188973,2.0263775029477413,2.045375108718872,144234
2003-09-04,2.026378124328559,2.058040500421027,1.9757187564433913,2.0137133598327637,39513
2003-09-05,2.051707476065363,2.051707476065363,1.9313913031305503,1.937723994255066,76676
2003-09-08,1.950388671548953,2.1973536781405123,1.9377237557119387,2.1150319576263428,131805
2003-09-09,2.121364172089927,2.1466938505314803,1.9883832440585507,2.083369731903076,138789
2003-09-10,2.058041037809703,2.0833707283662894,2.039043421252437,2.064373731613159,26119
2003-09-11,2.058040197397275,2.089702568827808,2.0390425885977908,2.0517075061798096,70477
2003-09-12,2.064373466456471,2.064373466456471,2.0263783931732178,2.0263783931732178,46348
2003-09-15,2.0010485649108887,2.02004617768978,2.0010485649108887,2.0010485649108887,32770
2003-09-16,2.0263782504297345,2.0263782504297345,1.9947164921709342,2.0010485649108887,12274
2003-09-17,1.9947167557193088,2.077038515696428,1.9947167557193088,2.0073816776275635,31918
2003-09-18,2.0073816776275635,2.039043285118594,1.9820519887620778,2.0073816776275635,50515
2003-09-19,2.001047966451938,2.001047966451938,1.9757182885085087,1.982051134109497,50315
2003-09-22,1.9693861007690427,1.9757181712394063,1.9630534104948894,1.969386100769043,35854
2003-09-23,1.9250592318099078,2.0263777962240783,1.9123943144137814,1.937723994255066,59187
2003-09-24,1.963053854587164,1.9757186181967699,1.950389090977558,1.9567217826843262,33519
2003-09-25,1.9503893618584711,1.9503893618584711,1.9123947558507863,1.9250596761703491,17298
2003-09-26,1.9757184332341449,1.9820512792990277,1.9377239910113049,1.9503889083862305,34171
2003-09-29,1.963053854587164,1.9883835367573583,1.9440562443198075,1.9567217826843262,16436
2003-09-30,1.9440562443198075,1.9757186181967699,1.9377241724169698,1.9567217826843262,14178
2003-10-01,1.9440560655757084,1.9440560655757084,1.9123943144137814,1.937723994255066,26751
2003-10-02,1.937723994255066,1.937723994255066,1.937723994255066,1.937723994255066,0
2003-10-03,1.9440560623213474,1.9693863619241023,1.9440560623213474,1.9503889083862305,72150
2003-10-06,1.9757184332341449,1.9757184332341449,1.9440560623213474,1.9503889083862305,19048
2003-10-07,1.9630544185638428,2.0010488752592788,1.956722344841829,1.9630544185638428,37953
2003-10-08,1.9693863619241023,1.9757184332341449,1.9503889083862302,1.9503889083862305,22065
2003-10-09,1.9503894780491413,1.9757190102952167,1.9440566301345825,1.9440566301345825,66172
2003-10-10,1.9503886497503724,1.9757181712394063,1.9503886497503724,1.969386100769043,31282
2003-10-13,2.0073816776275635,2.0200464445847945,1.937724684607675,2.0073816776275635,55082
2003-10-14,2.0073814124058584,2.0263782504297345,1.9883837996269673,2.0010485649108887,43531
2003-10-15,2.0073818681456905,2.0897034809848285,2.0010490192129615,2.0580410957336426,53214
2003-10-16,2.0390425885977908,2.096034640241391,2.026377825966742,2.0517075061798096,124811
2003-10-17,2.0897024557539967,2.1530265753847115,2.0770376938082387,2.096034526824951,98008
2003-10-20,2.058041037809703,2.1150331127263318,2.026378653449661,2.064373731613159,49756
2003-10-21,2.026378518161363,2.039043285118594,1.9630543734731607,2.0073816776275635,38907
2003-10-22,1.9947167557193088,2.04537613345028,1.9883840623386462,2.0073816776275635,17406
2003-10-23,2.00104853508416,2.013713455130307,1.9757188499428668,1.9883837699890137,55334
2003-10-24,1.9693866643660902,1.9883836559684578,1.9630539722796534,1.9757187366485596,22579
2003-10-27,2.089702568827808,2.089702568827808,2.0327105171842077,2.0517075061798096,49591
2003-10-28,2.0770378668020255,2.1086996193525245,2.0580402574482157,2.0707051753997803,190516
2003-10-29,2.1403628032829185,2.1403628032829185,2.051708344006247,2.064373731613159,53553
2003-10-30,2.051707368752771,2.153026547671412,2.051707368752771,2.140361785888672,84440
2003-10-31,2.153026674116271,2.330334898997347,2.1023674690591925,2.2733428478240967,320494
2003-11-03,2.2543453937886415,2.2796756935926807,2.1403619112633976,2.1846890449523926,60270
2003-11-04,2.21635103225708,2.241680714953742,2.165691821814742,2.21635103225708,64437
2003-11-05,2.260678325615957,2.260678325615957,2.1720245136531324,2.21635103225708,105557
2003-11-06,2.0897028881897044,2.2353487653620987,2.0897028881897044,2.197354316711426,41981
2003-11-07,2.2226838790464565,2.2290159510809042,2.21635103225708,2.21635103225708,67439
2003-11-10,2.229016217765787,2.229016217765787,2.2163512974267014,2.222684144973755,35664
2003-11-11,2.229015588760376,2.24801304138362,2.2100186009900145,2.229015588760376,51849
2003-11-12,2.229016236696972,2.393659582699394,2.229016236696972,2.2923409938812256,404730
2003-11-13,2.31133716644108,2.3429996908638095,2.2796755717241166,2.2860076427459717,132800
2003-11-14,2.2480134307177484,2.30500548855603,2.2480134307177484,2.2796759605407715,195278
2003-11-17,2.2796760148300677,2.34300014627822,2.2796760148300677,2.33666729927063,78544
2003-11-18,2.374662394060567,2.450651285726971,2.343000020139103,2.4063241481781006,157258
2003-11-19,2.437986584851505,2.4443186569262254,2.3873272191359796,2.4316537380218506,202560
2003-11-20,2.4506518840789795,2.4886463391889206,2.418989502426817,2.4506518840789795,78375
2003-11-21,2.6469566664051665,2.6469566664051665,2.3746626675464606,2.3873274326324463,137988
2003-11-24,2.40632415583322,2.40632415583322,2.2796758993523247,2.3176703453063965,188289
2003-11-25,2.3176704696828567,2.3809946013215577,2.2860080939615233,2.3050055503845215,118242
2003-11-26,2.3050055503845215,2.3050055503845215,2.3050055503845215,2.3050055503845215,0
2003-11-27,2.3999919830893677,2.526640242427194,2.36199691647427,2.4316537380218506,264005
2003-11-28,2.5266401518264554,2.5266401518264554,2.41265681548024,2.425321578979492,156693
2003-12-01,2.4696489525861787,2.564634836918278,2.456983413913765,2.545637845993042,474191
2003-12-02,2.5836323879738976,2.5836323879738976,2.469649043660203,2.520308256149292,411847
2003-12-03,2.5329735832460756,2.81160045892221,2.501311202334739,2.7799386978149414,673421
2003-12-04,2.7862697241612233,3.039567140849663,2.7546073533864592,2.976243019104004,677480
2003-12-05,2.912918398681438,3.0775609010930256,2.874923188373987,2.9382479190826416,586271
2003-12-08,2.982575835943405,3.045900596612128,2.9255845430280445,2.9572463035583496,350134
2003-12-09,3.039566052509732,3.552492618560791,2.95724435183397,3.552492618560791,1590983
2003-12-10,3.698140457543673,4.268059832770204,3.6474813982730407,4.1857380867004395,3985870
2003-12-11,4.255395190122536,4.3313850263521,3.7867954353679205,3.8121249675750732,877556
2003-12-12,3.843786500458522,3.926108236741882,3.4321781289436815,3.6474809646606445,684962
2003-12-15,3.8247895725043803,3.926108936671561,3.660146380487744,3.7171382904052734,572087
2003-12-16,3.62215104843941,3.6728104104750385,3.4701726524305725,3.5588269233703613,358643
2003-12-17,3.7677972433896643,3.9197759628295903,3.6601459732676114,3.91977596282959,701952
2003-12-18,4.160407689893189,4.249062271349849,3.9451051673219375,3.9767675399780273,1098718
2003-12-19,4.052757382955183,4.052757382955183,3.6854760669312046,3.8121249675750732,288755
2003-12-22,3.93002595616876,3.988976675679428,3.7990248558919686,3.8841755390167236,319755
2003-12-23,3.9431257993660864,3.9431257993660864,3.5370231721072676,3.589423418045044,441585
2003-12-24,3.7007745117674458,3.9496767520904545,3.5173737889157004,3.949676752090454,912354
2003-12-25,3.9496767520904545,3.9496767520904545,3.9496767520904545,3.949676752090454,0
2003-12-26,3.838325446313598,4.3492285412588645,3.609073379466262,4.342678070068359,2100131
2003-12-29,4.323029707592439,4.630882082488554,4.257529461464828,4.486780643463135,1360035
2003-12-30,4.637430725506079,4.794632120198738,4.323028897775594,4.355778694152832,795697
2003-12-31,4.257528090153841,4.794631474052159,4.192027224020122,4.7749810218811035,2797086
2004-01-01,4.788080963198234,4.971481631321632,4.571929225560791,4.716030597686768,988527
2004-01-02,4.8404813470900985,4.912532035344258,4.6374295823110305,4.683279991149902,823079
2004-01-05,4.833931831480715,5.089383885002884,4.748781146973325,5.010783672332764,1364546
2004-01-06,5.109033249964953,5.298984070697505,4.72913064684527,4.820830821990967,1794754
2004-01-07,4.912531958791242,5.0697323506271585,4.7225801764041115,4.820830821990967,526380
2004-01-08,4.925633475021743,5.167984608840422,4.925633475021743,5.056633949279785,853992
2004-01-09,5.174534374374864,5.174534374374864,4.61778051153277,4.932182312011719,666431
2004-01-12,4.847032566021437,5.069733882962461,4.847032566021437,4.905982971191406,622346
2004-01-13,4.847032197768133,4.912533070382723,4.539179891568517,4.768431663513184,346978
2004-01-14,4.611230854289012,4.801182369787023,4.519530332685859,4.630881309509277,335863
2004-01-15,4.617780297251102,4.866681857999814,4.421278980725389,4.467128753662109,441975
2004-01-16,4.421278195109148,4.526078664933171,4.100326315514754,4.237876892089844,508778
2004-01-19,4.2968271319079925,4.2968271319079925,3.8645243591725387,4.061025619506836,394425
2004-01-20,4.061026843870894,4.250978012612171,3.936576221839383,3.9627761840820312,385758
2004-01-21,3.9300254729441373,3.9300254729441373,3.569773292857507,3.595973253250122,429916
2004-01-22,3.504271930953949,3.668023423111,3.24227044104688,3.3143208026885986,325261
2004-01-23,3.595974448548559,3.6483747073031347,3.176771737408644,3.6025242805480957,353234
2004-01-26,3.6025242805480957,3.6025242805480957,3.6025242805480957,3.6025242805480957,0
2004-01-27,3.6680234745119566,3.766274114741795,3.569772834282118,3.7400741577148438,124210
2004-01-28,3.7073251869898027,3.831775833135793,3.5370237966558653,3.5763237476348877,186662
2004-01-29,3.6549240749424032,3.7728245413422616,3.556673419149555,3.648373603820801,205464
2004-01-30,3.6680248567065887,3.6680248567065887,3.3405223854957913,3.3929226398468018,476639
2004-02-02,3.3929226398468018,3.3929226398468018,3.3929226398468018,3.3929226398468018,0
2004-02-03,3.347071745657402,3.419122438965111,3.2160706599442337,3.2357211112976074,209308
2004-02-04,3.1767706244907057,3.307771706311024,3.117819913285481,3.2095210552215576,177738
2004-02-05,3.2750205324837895,3.2750205324837895,3.1440194803873784,3.1898698806762695,85759
2004-02-06,3.2226220841148305,3.275022341567801,3.124371401045731,3.242271900177002,72730
2004-02-09,3.150570840290909,3.2750217914581303,3.150570840290909,3.27502179145813,126463
2004-02-10,3.248821342297866,3.307772059802982,3.2226213795751244,3.2619216442108154,100333
2004-02-11,3.242269783708522,3.2750202037207075,3.144019164774843,3.183319091796875,414993
2004-02-12,3.1571211282121894,3.2750222657160886,3.1571211282121894,3.2553718090057373,290284
2004-02-13,3.2750205324837895,3.2750205324837895,3.15056962915764,3.1898698806762695,261019
2004-02-16,3.2160703960606845,3.275021104180701,3.1636701584058695,3.196420907974243,213921
2004-02-17,3.2488217064657086,3.2488217064657086,3.1440208821726414,3.1636710166931152,46025
2004-02-18,3.1767706244907057,3.2619212956187584,3.163670323977747,3.2095210552215576,61394
2004-02-19,3.248821330816894,3.248821330816894,3.0195695742177913,3.0588698387145996,231666
2004-02-20,2.9213192745159517,3.1112711106781132,2.9213192745159517,3.006469964981079,96582
2004-02-23,3.0326700491628595,3.065420488608732,2.823068711246771,2.8689191341400146,126822
2004-02-24,2.757568126718342,2.875469245126173,2.7051678789660976,2.7772185802459717,119304
2004-02-25,2.7379172340947546,2.9278690233187694,2.7379172340947546,2.8230679035186768,94129
2004-02-26,2.770667333236657,2.8820179487591457,2.6331166011693035,2.685516834259033,161856
2004-02-27,2.8361682941650903,2.8361682941650903,2.6200173156021958,2.672417402267456,203576
2004-03-01,2.665867537229306,2.809968125650085,2.646217245717489,2.757567882537842,190367
2004-03-02,2.757567882537842,2.757567882537842,2.757567882537842,2.757567882537842,0
2004-03-03,2.764117813445717,2.8296186806914014,2.764117813445717,2.8034183979034424,771578
2004-03-04,2.7641173753725354,2.8427182112793012,2.6920673303655906,2.731367588043213,95437
2004-03-05,2.646216913231084,2.7510170657362965,2.639666442906697,2.711717128753662,29942
2004-03-08,2.8099686073362573,2.8099686073362573,2.7117179343138975,2.737917900085449,63739
2004-03-09,2.7313679212575006,2.764117712582147,2.6986174888297323,2.757567882537842,47734
2004-03-10,2.6986171596108464,2.7837675042113466,2.6986171596108464,2.731367588043213,127412
2004-03-11,2.698617310855789,2.7510172299606945,2.685517170803793,2.7182674407958984,76707
2004-03-12,2.692067437214517,2.692067437214517,2.6200169085205833,2.6396665573120117,33016
2004-03-15,2.737917848793458,2.737917848793458,2.5938173986462596,2.606917381286621,64119
2004-03-16,2.567616755368694,2.5938168756423647,2.4890159137203636,2.5152158737182617,144855
2004-03-17,2.5545166785484663,2.5545166785484663,2.475915679603498,2.4955661296844482,150145
2004-03-18,2.5217667303140816,2.528316400763951,2.48901629447937,2.48901629447937,168188
2004-03-19,2.521766344545054,2.541415993991933,2.4824660839966617,2.5152158737182617,183008
2004-03-22,2.5283162260240486,2.5283162260240486,2.4169654250401824,2.462815999984741,289746
2004-03-23,2.5152156455461165,2.620016758236676,2.430065142174432,2.5348660945892334,256175
2004-03-24,2.554516656956412,2.6003664245516185,2.48901579834329,2.587266445159912,149021
2004-03-25,2.5872658439095373,2.652766046198116,2.5283153092432147,2.626565933227539,101636
2004-03-26,2.6789677759016746,2.8689186240459814,2.6789677759016746,2.8034183979034424,121121
2004-03-29,2.960619314588377,3.0850699442242617,2.934419030193226,3.026120185852051,213269
2004-03-30,3.2291706765797104,3.3339718027690926,3.1440203225160626,3.3012213706970215,410462
2004-03-31,3.49772268092322,3.49772268092322,3.2291706765797104,3.3012213706970215,145039
2004-04-01,3.4060227363388877,3.4060227363388877,3.28157114982605,3.28157114982605,61512
2004-04-02,3.216070737939097,3.4387723326111113,3.216070737939097,3.3863720893859863,173325
2004-04-05,3.484622123361346,3.5501223355553404,3.2881208456763544,3.4322218894958496,312402
2004-04-06,3.661474597157922,3.733525311702644,3.432223430966772,3.550123929977417,386461
2004-04-07,3.5370229890029465,3.569773421501266,3.27502145232576,3.3863720893859863,329623
2004-04-08,3.406022541215915,3.406022541215915,3.3077718848240796,3.3863720893859863,58505
2004-04-09,3.3863720893859863,3.3863720893859863,3.3863720893859863,3.3863720893859863,0
2004-04-12,3.4060224968864037,3.4060224968864037,3.288121390199127,3.3012213706970215,134853
2004-04-13,3.275021006147436,3.307771434183943,3.275021006147436,3.288120985031128,110560
2004-04-14,3.288120985031128,3.288120985031128,3.288120985031128,3.288120985031128,0
2004-04-15,3.34052185293062,3.34052185293062,3.2422711913413913,3.2619216442108154,198695
2004-04-16,3.28157114982605,3.3405218675898594,3.2226213937169796,3.28157114982605,131051
2004-04-19,3.3012211470010975,3.4387720548387715,3.3012211470010975,3.3274214267730713,201451
2004-04-20,3.366722352395482,3.4125727752973845,3.288122131144781,3.3929226398468018,103699
2004-04-21,3.5239239199892713,3.5239239199892713,3.340522540427243,3.3798224925994873,62277
2004-04-22,3.340521676219276,3.4649722939478926,3.340521676219276,3.3863720893859863,134525
2004-04-23,3.47152293521894,3.47152293521894,3.3798217838404723,3.399472236633301,116087
2004-04-26,3.399472236633301,3.399472236633301,3.399472236633301,3.399472236633301,0
2004-04-27,3.2291711897685076,3.2750219301767567,3.2160712071887283,3.2226216793060303,117662
2004-04-28,3.523922018584616,3.523922018584616,3.1440194803873784,3.1898698806762695,75373
2004-04-29,3.209522408842913,3.209522408842913,3.1309212137180675,3.202971935272217,113039
2004-04-30,3.2750212755801726,3.2750212755801726,3.150570344016333,3.2095210552215576,41134
2004-05-03,3.1767697025243886,3.2684698561924916,3.1767697025243886,3.2291696071624756,37322
2004-05-04,3.1833202983875166,3.3863720818828247,3.1833202983875166,3.3667216300964355,76342
2004-05-05,3.2750211821832864,3.34052140067397,3.2750211821832864,3.320871591567993,150022
2004-05-06,3.3732721734748616,3.406022606601897,3.2750215151968924,3.3536217212677,113418
2004-05-07,3.2750217914581303,3.3929222707855047,3.183320635077385,3.27502179145813,148457
2004-05-10,3.2750215677867978,3.347071944830429,3.248821284974762,3.294671058654785,40344
2004-05-11,3.2095213254852837,3.2095213254852837,2.9737191019113083,3.1112706661224365,117708
2004-05-12,3.05232000833285,3.1440205186415446,3.013020064387619,3.0588698387145996,81695
2004-05-13,3.14402028177789,3.2029706740819086,2.9606189544259807,3.0785200595855713,196884
2004-05-14,3.0392188855410938,3.0392188855410938,2.8820175660443073,2.9213178157806396,133355
2004-05-17,2.6920678554908832,2.862368577911409,2.652767109319821,2.672417402267456,152932
2004-05-18,2.8034173871231,2.940968261200263,2.6200162751121248,2.9213178157806396,224282
2004-05-19,2.9999193924919108,3.1374703012643415,2.764117514044778,2.8230679035186768,242560
2004-05-20,2.855818840501199,2.895119107126252,2.855818840501199,2.882018804550171,83650
2004-05-21,2.882018956712898,2.882018956712898,2.8296190258483804,2.875469446182251,53394
2004-05-24,2.9147698059352756,2.927869789060629,2.8820190467428386,2.901669502258301,33427
2004-05-25,2.8165174289538166,2.9933685568760704,2.7641168810536545,2.9082179069519043,57391
2004-05-26,3.013020227553006,3.013020227553006,2.882018804550171,2.882018804550171,76065
2004-05-27,2.8623685128896788,2.960619174017025,2.8558186825155736,2.8885691165924072,74762
2004-05-28,2.9540688357627545,2.9540688357627545,2.816517933832996,2.8492677211761475,103591
2004-05-31,2.816518589162002,2.816518589162002,2.711717770742552,2.7248177528381348,71329
2004-06-01,2.783767532121372,2.8165179608820936,2.7510171033606503,2.770667552947998,54749
2004-06-02,2.875469088424031,2.875469088424031,2.7575679764413628,2.7837679386138916,18448
2004-06-03,2.7706676949803595,2.803418125419962,2.731367755445611,2.7444677352905273,48283
2004-06-04,2.9278687041932847,2.9999190655132373,2.764117212767523,2.954068660736084,166197
2004-06-07,2.947519063949585,2.9802698207089637,2.8754693223885397,2.947519063949585,184948
2004-06-08,2.921318240491233,3.013019370793574,2.921318240491233,2.960618495941162,121988
2004-06-09,2.9540690880585543,3.03266928960841,2.9540690880585543,3.0130198001861572,23646
2004-06-10,3.170221490728811,3.248822365301977,3.0261210092755517,3.202971935272217,279801
2004-06-11,3.261921081360232,3.373271705097073,3.209520844404928,3.2488207817077637,415927
2004-06-14,3.183320830661975,3.2357217236359306,3.157120865002419,3.1636710166931152,155472
2004-06-15,3.1440205435490935,3.3274218861710017,3.1440205435490935,3.28157114982605,259202
2004-06-16,3.3405218075498038,3.353621788733212,3.275021581081188,3.3339719772338867,81202
2004-06-17,3.4125717692343356,3.4125717692343356,3.2815706911498985,3.320871591567993,235705
2004-06-18,3.386371484881821,3.386371484881821,3.2815703760365866,3.3143208026885986,109996
2004-06-21,3.30777162253683,3.504272278636006,3.30777162253683,3.4649720191955566,250735
2004-06-22,3.4191222900370524,3.5042723188834355,3.3274214699217723,3.406022310256958,127792
2004-06-23,3.4322228579634224,3.4322228579634224,3.1702206530524757,3.27502179145813,108436
2004-06-24,3.3208720557373628,3.3798218118464325,3.209521412298122,3.28157114982605,181181
2004-06-25,3.3732722276424645,3.3732722276424645,3.24227113413386,3.294671058654785,63631
2004-06-28,3.091620229205695,3.3601722465122332,3.0130200218727348,3.294671058654785,32755
2004-06-29,3.3405216688177046,3.39947206252219,3.3143213869874133,3.3667216300964355,70143
2004-06-30,3.406021933203931,3.4780716537426404,3.2946703543664886,3.3143208026885986,82121
2004-07-01,3.3863717440933634,3.438771981975479,3.288121097719691,3.3405213356018066,171041
2004-07-02,3.392921911926727,3.39947206252219,3.3274216881783394,3.3667216300964355,61451
2004-07-05,3.406021933203931,3.406021933203931,3.307771294350904,3.3143208026885986,38861
2004-07-06,3.294671072028939,3.3405218075498038,3.294671072028939,3.3339719772338867,78005
2004-07-07,3.3405218075498038,3.353621788733212,3.3012215434480043,3.3339719772338867,35300
2004-07-08,3.34052194178017,3.34052194178017,3.209521483579018,3.2684712409973145,205510
2004-07-09,3.34052140638329,3.406022266088992,3.2750211877806596,3.3274214267730713,111781
2004-07-12,3.4060218915530336,3.4060218915530336,3.2881208058196627,3.3732714653015137,21814
2004-07-13,3.327421101570005,3.353621058229809,3.275020867698892,3.3143208026885986,31492
2004-07-14,3.3274218128592956,3.333971963700198,3.248821284974762,3.294671058654785,20608
2004-07-15,3.2553707375380276,3.34052140638329,3.2488209080086863,3.3274214267730713,56319
2004-07-16,3.3143211266113166,3.3339715768539486,3.2815706967584655,3.3274214267730713,44547
2004-07-19,3.307771948323927,3.3994721353146087,3.307771948323927,3.3536217212677,136880
2004-07-20,3.379822335845327,3.4191232478497517,3.3405223854957913,3.3929226398468018,206506
2004-07-21,3.392921573483922,3.392921573483922,3.3405213356018066,3.3405213356018066,36803
2004-07-22,3.3077727405595287,3.40602342236925,3.3077727405595287,3.3798224925994873,142715
2004-07-23,3.3994720700543772,3.406022541215915,3.27502145232576,3.3863720893859863,97202
2004-07-26,3.40602342236925,3.40602342236925,3.360172997340832,3.3798224925994873,27505
2004-07-27,3.3929229349376726,3.3929229349376726,3.2946719285879977,3.3077728748321533,124503
2004-07-28,3.3143211209467753,3.34052140067397,3.301221141358946,3.320871591567993,34427
2004-07-29,3.3732718304708467,3.3732718304708467,3.301221141358946,3.320871591567993,58002
2004-07-30,3.340522022134272,3.366721986184091,3.2488215068567166,3.27502179145813,130183
2004-08-02,3.4060227363388877,3.4060227363388877,3.275021639943991,3.28157114982605,193004
2004-08-03,3.2750216255721867,3.3143215696562995,3.235721360936495,3.2619216442108154,205577
2004-08-04,3.3405212765174257,3.3405212765174257,3.209520844404928,3.2488207817077637,311924
2004-08-05,3.275021712679594,3.30122167609919,3.209521483579018,3.2684712409973145,180802
2004-08-06,3.3077728748321533,3.347072828599703,3.235722158212502,3.3077728748321533,91912
2004-08-09,3.216070299792028,3.3208714130676347,3.216070299792028,3.288120985031128,187242
2004-08-10,3.340521740347827,3.379821683107447,3.2750215151968924,3.3536217212677,102868
2004-08-11,3.3667217021875735,3.386372154394735,3.3536217212677,3.3536217212677,43464
2004-08-12,3.379821683107447,3.386372154394735,3.3143214579565123,3.3536217212677,76112
2004-08-13,3.3208719292438005,3.3667217021875735,3.3208719292438005,3.3536217212677,23230
2004-08-16,3.3667217699166208,3.3667217699166208,3.3208719960504784,3.3339719772338867,57161
2004-08-17,3.3405223854957913,3.4060232643999067,3.327422402045946,3.3929226398468018,187857
2004-08-18,3.4060215270621255,3.4387713087059697,3.3405206815685724,3.419121503829956,119674
2004-08-19,3.386371068564516,3.5239219460483766,3.386371068564516,3.4977216720581055,110242
2004-08-20,3.445322210026868,3.5239227289077673,3.445322210026868,3.4649720191955566,86005
2004-08-23,3.4322222698171467,3.4715225297089694,3.3863718597595067,3.406022310256958,51747
2004-08-24,3.4060227081158208,3.4518724824261113,3.373272274012684,3.399472236633301,82942
2004-08-25,3.3470720019031366,3.4518724938351415,3.3470720019031366,3.4256725311279297,106593
2004-08-26,3.4518726897193726,3.5370233747288236,3.4387727076223786,3.517373561859131,171595
2004-08-27,3.5370231721072676,3.635273833585335,3.484622926169491,3.589423418045044,486214
2004-08-30,3.6032823488459225,3.811163357628125,3.4716231557984916,3.7418696880340576,397022
2004-08-31,3.6725760601279864,3.7695870630143453,3.6102112141993223,3.658717393875122,273909
2004-09-01,3.7349405821131167,3.880457765266423,3.672576075047414,3.693363904953003,141247
2004-09-02,3.7349411118192903,3.783446281222428,3.672576595908771,3.7280116081237793,211761
2004-09-03,3.7418691577991847,3.811162817574118,3.7002928262877215,3.797304153442383,365924
2004-09-06,3.741869184253591,3.838880851210368,3.741869184253591,3.8180923461914062,283193
2004-09-07,3.825020730659504,4.032902347399073,3.825020730659504,4.012114524841309,301148
2004-09-08,4.157632664213772,4.157632664213772,4.019044660054713,4.046761989593506,230907
2004-09-09,4.019045079945504,4.019045079945504,3.949751409742773,3.956681251525879,217262
2004-09-10,4.088340028612054,4.1229865296837485,3.9497519896271185,4.060622692108154,476659
2004-09-13,4.019045862076684,4.226927591372564,4.019045862076684,4.171492576599121,478953
2004-09-14,4.171491042604813,4.199208709357024,4.039832888543367,4.074480056762695,403513
2004-09-15,4.122986412705354,4.2407859372955885,4.025975398577766,4.1922807693481445,742261
2004-09-16,4.358585801002173,4.358585801002173,4.1299162553092525,4.1922807693481445,295267
2004-09-17,4.2962211273400115,4.2962211273400115,4.157633108375533,4.282362461090088,672328
2004-09-20,4.171492576599121,4.247716103418528,4.157633907684854,4.171492576599121,420725
2004-09-21,4.157633245527691,4.226926918179482,4.157633245527691,4.206139087677002,354255
2004-09-22,4.164563624354368,4.192280961341231,4.1576337814331055,4.1576337814331055,222429
2004-09-23,4.0259742247253865,4.185349706422793,4.0259742247253865,4.074480056762695,124692
2004-09-24,4.12298583984375,4.178421520925371,4.12298583984375,4.12298583984375,350473
2004-09-27,4.157632086275501,4.226925739606482,4.060621107258618,4.1299147605896,79165
2004-09-28,4.289292244288943,4.289292244288943,4.025975512803741,4.060622692108154,124492
2004-09-29,4.157632378786832,4.157632378786832,4.01904438414202,4.074480056762695,82526
2004-09-30,4.088340028612054,4.088340028612054,4.025975512803741,4.060622692108154,132482
2004-10-01,4.046762281250719,4.109127124998431,3.9497512817569183,4.081409454345703,718779
2004-10-04,4.2199986374444585,4.268503807613285,4.025975582954597,4.1576337814331055,233026
2004-10-05,4.15763367655775,4.2962217144616694,4.046762974941529,4.053692817687988,410451
2004-10-06,4.0675513778286225,4.109127720272576,3.9289633436045466,3.949751853942871,101708
2004-10-07,3.818094136693347,4.102199430006105,3.818094136693347,4.088340759277344,357652
2004-10-08,4.17842142889117,4.17842142889117,4.025974750518799,4.025974750518799,53733
2004-10-11,4.150702953338623,4.171491459819146,4.067550622997955,4.150702953338623,230060
2004-10-12,4.081409733380575,4.116056908844292,3.9913278910540817,4.005186557769775,95196
2004-10-13,4.005186557769775,4.005186557769775,4.005186557769775,4.005186557769775,0
2004-10-14,3.98439720202016,4.046761008809647,3.98439720202016,4.012114524841309,37866
2004-10-15,3.9774687572177596,4.157633114305275,3.8943164204833125,3.9913277626037598,261835
2004-10-18,3.9913265380603127,4.025973701779214,3.9705387145916617,3.9774675369262695,62236
2004-10-19,3.9497512817569183,4.088339295904258,3.915104108661934,4.081409454345703,160547
2004-10-20,4.032904447808293,4.490244242826142,4.032904447808293,4.199210166931152,865230
2004-10-21,4.48331447117824,4.48331447117824,4.164563101174762,4.240785598754883,157335
2004-10-22,4.240785598754883,4.240785598754883,4.240785598754883,4.240785598754883,0
2004-10-25,4.13684428813456,4.24078512495575,4.095268292522367,4.150702953338623,103140
2004-10-26,3.8111627508527377,4.157632400126852,3.7765162606880796,4.109126567840576,67634
2004-10-27,4.081410153975686,4.15070383381129,4.00518697050998,4.053692817687988,347307
2004-10-28,3.9358936931425124,4.296222153775496,3.9358936931425124,4.136845588684082,194133
2004-10-29,4.088339868174839,4.1437748781235815,3.9913281768691062,4.039834022521973,120695
2004-11-01,4.102199430006105,4.102199430006105,3.991329046826754,4.088340759277344,63683
2004-11-02,4.019044101381085,4.192279252057219,4.019044101381085,4.1299147605896,146209
2004-11-03,3.922034302059562,4.226927011009484,3.922034302059562,4.164563179016113,166936
2004-11-04,4.213068343998032,4.261574187212608,4.04676264427896,4.164563179016113,108713
2004-11-05,4.157633013351149,4.171491679284328,4.067550836994734,4.12298583984375,74064
2004-11-08,4.122985790766646,4.1784214711884,4.046762281250719,4.081409454345703,60583
2004-11-09,4.088339457615501,4.157633128313733,4.088339457615501,4.102198123931885,84881
2004-11-10,4.102197666019913,4.122985493615871,3.956680838150566,4.046761989593506,235084
2004-11-11,4.03983418105569,4.109127861431799,4.019045670003226,4.060622692108154,65150
2004-11-12,4.15763226685081,4.15763226685081,4.053691443223728,4.0952677726745605,16790
2004-11-15,4.0952677726745605,4.0952677726745605,4.0952677726745605,4.0952677726745605,0
2004-11-16,4.122985210567503,4.157632378786832,4.0329030479600005,4.074480056762695,69938
2004-11-17,4.053693232201815,4.226927788621426,4.053693232201815,4.136845588684082,165376
2004-11-18,4.067551153470632,4.192280513039018,4.067551153470632,4.164563179016113,132826
2004-11-19,4.178421203467838,4.226926360990609,4.136844191478229,4.143774032592773,202416
2004-11-22,4.2685026947476645,4.2685026947476645,4.095268196837449,4.143774032592773,138507
2004-11-23,4.164563064886541,4.8089959804451965,4.164563064886541,4.5110321044921875,741958
2004-11-24,4.545678615570068,4.6981246044768215,4.517960947240305,4.545678615570068,253085
2004-11-25,4.628832793077268,4.628832793077268,4.365516025569278,4.441739559173584,162630
2004-11-26,4.441739559173584,4.441739559173584,4.441739559173584,4.441739559173584,0
2004-11-29,4.573397471802048,4.573397471802048,4.400162919469228,4.517962455749512,156857
2004-11-30,4.573396166719181,4.670407501906668,4.40016166382126,4.427879333496094,275685
2004-12-01,4.400162118235387,4.434808615453445,4.296221270115927,4.330867767333984,164267
2004-12-02,4.4070909063705015,4.4555967443970355,4.337797239608358,4.4001617431640625,173699
2004-12-03,4.434807908070866,4.5387487396110435,4.379372910954861,4.448666572570801,182598
2004-12-06,4.448667414869656,4.573396775450062,4.448667414869656,4.531820774078369,372303
2004-12-07,4.5110318305483705,4.691196181400565,4.5110318305483705,4.587255001068115,598166
2004-12-08,4.642691291863564,4.8159258492252945,4.608044109098103,4.663479804992676,415609
2004-12-09,4.691196875628649,4.705055543469582,4.587255679914432,4.649620532989502,53692
2004-12-10,4.573397544080956,4.8436441417886105,4.538750361773714,4.746632099151611,539404
2004-12-13,4.781278038432982,5.037665221799834,4.718913533432995,4.989160060882568,550529
2004-12-14,5.016877855341822,5.023806680231549,4.795137485704988,4.892148494720459,219858
2004-12-15,5.098958756880574,5.106090634368411,4.778045210111353,4.820833683013916,206475
2004-12-16,4.9848578631958596,4.9848578631958596,4.656812365295893,4.663944244384766,164894
2004-12-17,4.70673277357335,4.70673277357335,4.535578829152271,4.5712361335754395,120916
2004-12-20,4.671074911543258,4.671074911543258,4.56410370904971,4.599761009216309,180365
2004-12-21,5.1346183019302885,5.1346183019302885,4.585499130203333,4.621155738830566,68707
2004-12-22,4.606891604706889,4.749520089245014,4.4214753426141025,4.507051944732666,259946
2004-12-23,4.564104080200195,4.599761383266427,4.507052883898639,4.564104080200195,65741
2004-12-24,4.528447475140268,4.62828715591878,4.528447475140268,4.564104080200195,69056
2004-12-27,4.564103743314841,4.706732247045775,4.564103743314841,4.585498332977295,166520
2004-12-28,4.877886595917559,4.877886595917559,4.606892295083412,4.63541841506958,143254
2004-12-29,4.649681020047672,4.7067322117098565,4.56410370904971,4.599761009216309,109216
2004-12-30,4.813702503532194,4.920673685788601,4.663943197376282,4.820833683013916,656923
2004-12-31,4.920673782780458,5.17740462525628,4.870753780409138,5.0633015632629395,506577
2005-01-03,5.106092287573012,5.106092287573012,4.963463765716785,5.020514965057373,447917
2005-01-04,5.027645686191315,5.1702734870721985,4.885017187304202,5.120354175567627,431332
2005-01-05,5.063302271235583,5.990385766025021,5.0205141405098574,5.234456539154053,2681327
2005-01-06,5.391348510275386,6.133015131791405,5.391348510275386,5.712262153625488,2652580
2005-01-07,5.705130194058248,5.705130194058248,5.27724536842833,5.562502384185791,672589
2005-01-10,5.576765487301771,5.619553972871895,5.305771163685726,5.469794273376465,376039
2005-01-11,5.419873627091578,5.519712949810252,5.248719355706453,5.270113945007324,227248
2005-01-12,5.14888036891289,5.277245470071114,4.956331495664552,5.013383388519287,328043
2005-01-13,5.034777476629603,5.334297220968167,5.034777476629603,5.241589069366455,136244
2005-01-14,5.170273403749826,5.305770370808026,5.106091382992124,5.26298189163208,112089
2005-01-17,5.049039944732037,5.291508131291289,5.020514522080224,5.084697246551514,123753
2005-01-18,5.0205135485307055,5.1702728609200985,5.01338236875216,5.098958969116211,76691
2005-01-19,5.0846971996094394,5.205931466271397,5.049039898119152,5.15601110458374,92071
2005-01-20,5.0775653968095344,5.241588486251263,5.0775653968095344,5.205931186676025,310503
2005-01-24,5.134616613024299,5.191667447264951,5.0633016742111945,5.098958969116211,145193
2005-01-25,5.041909701848826,5.277246036745435,5.041909701848826,5.163143634796143,64088
2005-01-27,5.205932207843347,5.419874651248087,5.134618292710559,5.377086162567139,353367
2005-01-28,5.419873508938519,5.448398929378253,5.248719241284552,5.291507720947266,155503
2005-01-31,5.3342971270262085,5.377085611320578,5.134617766321249,5.227325916290283,218401
2005-02-01,5.213063441909036,5.2772458222700545,5.156011545246705,5.170274257659912,104192
2005-02-02,5.262981851576215,5.262981851576215,5.163142532929682,5.198799133300781,91891
2005-02-03,5.205932030844395,5.348560554267051,5.156011663742974,5.248720169067383,217590
2005-02-04,5.312902387395503,5.312902387395503,5.134617285531786,5.205931186676025,175028
2005-02-07,5.405610759165234,5.5482385675350026,5.177405637567966,5.455531120300293,610718
2005-02-08,5.53397431619473,5.62668278463474,5.427003140688192,5.555368900299072,477711
2005-02-09,5.62668658118121,6.026046138537888,5.62668658118121,5.961863040924072,2345474
2005-02-10,6.097356605892654,6.275642731721516,5.933334235657721,6.140145778656006,2449235
2005-02-11,6.225723159120478,6.9174704094692885,6.13301466400066,6.753448009490967,3102535
2005-02-14,6.917470337762736,7.110018856093517,6.582293313187163,6.703527927398682,1357834
2005-02-15,6.639344211186677,6.639344211186677,6.147276417814943,6.225721836090088,997446
2005-02-16,6.332692498166646,6.553765665460444,6.190064040358946,6.239984035491943,530598
2005-02-17,6.13301463246743,6.2613807773627705,6.026043775729671,6.125883102416992,197772
2005-02-18,6.20432802020508,6.20432802020508,5.990385626542407,6.004648685455322,214485
2005-02-21,5.997518353448555,6.118752270285458,5.847758665413443,5.890546798706055,239769
2005-02-22,6.018911902114931,6.061700381968888,5.847758331702219,5.911941051483154,167624
2005-02-23,5.890547468936266,6.54663783812351,5.847759330775193,6.439666271209717,1036657
2005-02-24,6.418270981689619,6.632213371012813,5.990385505037035,6.289905548095703,924839
2005-02-25,6.404008380884818,6.5181114620184815,6.06170053349632,6.16867208480835,241832
2005-02-28,6.275643909219632,6.346957814526878,6.00464925423578,6.097357749938965,190577
2005-03-01,6.125882672567897,6.489585793575532,6.033174882436257,6.13301420211792,385373
2005-03-02,6.254249581245918,7.060099257853057,6.125883429496715,6.532374382019043,1884901
2005-03-03,6.560899873421419,7.259777922429984,6.560899873421419,7.088624000549316,2873901
2005-03-04,7.274038388247033,7.3310892098607106,6.781970689291628,6.846153736114502,672020
2005-03-07,6.817631501112565,7.915869864281023,6.710660626301064,7.502247333526611,2240214
2005-03-08,7.274040942431073,9.00697404306155,7.231252462193207,8.707454681396484,3852448
2005-03-09,8.828690293655697,9.24231138561519,7.880211392928809,8.871478080749512,3699459
2005-03-10,8.842951688761868,8.914265590120838,8.31522686428802,8.479249954223633,1266322
2005-03-11,8.593350216220937,8.97131491699842,8.486378692563614,8.564824104309082,801193
2005-03-14,8.557694389893323,8.557694389893323,8.094152651157797,8.279569625854492,328294
2005-03-15,8.20112418496387,8.258175024778664,8.001444849599663,8.122678756713867,386594
2005-03-16,7.8802103810841775,8.393672136355564,7.8802103810841775,8.144073486328125,760530
2005-03-17,8.201126180037393,8.55769645864383,8.015709160517707,8.415068626403809,902337
2005-03-18,8.543434573303623,8.84295473748989,8.215390374353445,8.735983848571777,970351
2005-03-21,8.443592382222713,8.971317211489364,8.415066961021305,8.686060905456543,424538
2005-03-22,8.70032383918044,8.70032383918044,7.844554166801005,8.272439002990723,509784
2005-03-23,8.272434062900802,8.529164811301474,7.8445494822330115,7.887338638305664,273489
2005-03-24,8.122678531308976,8.122678531308976,7.844553077406554,7.972918510437012,482838
2005-03-28,7.830288626732284,8.122677087213226,7.773237798643476,7.937260150909424,143428
2005-03-29,8.272440081084522,8.272440081084522,7.495115744368482,7.573561191558838,513068
2005-03-30,7.709057397913281,7.844554382771475,7.181333217421244,7.75897741317749,134699
2005-03-31,7.84455354278503,7.987182042837934,7.773239641761695,7.894473552703857,310513
2005-04-01,7.84455426071391,8.20112519447621,7.7732403531639696,8.12981128692627,205639
2005-04-04,8.272440837936358,8.272440837936358,7.659139568696301,7.7304534912109375,289889
2005-04-05,7.7304511754063485,7.844553556849505,7.63061115538969,7.701925754547119,318005
2005-04-06,7.666267126117321,7.758975604568273,7.630610180099143,7.6591362953186035,46343
2005-04-07,7.844553971787533,7.844553971787533,7.637743089104814,7.652006149291992,41586
2005-04-08,7.78037069498528,7.78037069498528,7.60208525533914,7.623479843139648,99702
2005-04-11,7.602086361874813,7.773240297166741,7.3596178215403825,7.495114803314209,85112
2005-04-12,7.274040691730757,7.701925479362344,7.274040691730757,7.466588497161865,24303
2005-04-13,7.694795825950895,7.701927357151178,7.5307734003699,7.573561191558838,74321
2005-04-15,7.423799815693,7.773239165718443,7.202726596458226,7.623479843139648,122378
2005-04-18,7.3810112185982355,7.9016044705744815,7.3810112185982355,7.566428184509277,331091
2005-04-19,7.737581318895761,7.823158969874203,7.637742005765566,7.7090559005737305,231435
2005-04-20,7.559297254238496,7.915868156006934,7.559297254238496,7.701925754547119,345398
2005-04-21,7.652005744538789,7.758976596265579,7.652005744538789,7.701925754547119,108302
2005-04-22,7.701926651367096,7.915869077738579,7.701926651367096,7.851686000823975,102899
2005-04-25,7.716185915054539,7.9871797789423695,7.709054387372327,7.915865898132324,377491
2005-04-26,7.744712419037168,8.172597121636242,7.744712419037168,7.980048656463623,214881
2005-04-27,7.787500689942421,8.62187626244062,7.787500689942421,8.136940002441406,422890
2005-04-28,8.272435953423507,8.30096136598506,7.987179733789879,8.058493614196777,194498
2005-04-29,8.058495525354466,8.094152474014338,7.659136862756449,7.865947723388672,177230
2005-05-02,7.787502429045094,7.915868574717152,7.459458326796451,7.652006149291992,130784
2005-05-03,7.566429675679241,7.773240571795918,7.566429675679241,7.69479513168335,130563
2005-05-04,7.652006102833846,7.844553924160359,7.516509125897124,7.723320007324219,116636
2005-05-05,7.701925850735486,7.844553654819133,7.694794320930054,7.7946343421936035,84640
2005-05-06,7.830289800950079,8.094152188948932,7.680530482251699,7.7090559005737305,563481
2005-05-09,7.9586583538069,7.9586583538069,7.459459542007121,7.502247333526611,193974
2005-05-10,7.559296618273572,7.701925106582834,7.559296618273572,7.637742042541504,248888
2005-05-11,7.6662678718566895,7.844553317296518,7.5949539728832445,7.6662678718566895,134802
2005-05-12,7.701926662240186,7.737582919011733,7.59495509990027,7.69479513168335,93775
2005-05-13,7.737584255208953,8.386543875860966,7.64487573797295,8.208257675170898,638921
2005-05-16,8.272440096157405,8.514907969370547,8.094154607850996,8.415068626403809,857250
2005-05-17,8.55769338828482,8.600482560212438,7.922997808117142,8.201123237609863,404032
2005-05-18,7.987179279327393,8.058493155676604,7.8588131850892236,7.987179279327393,102991
2005-05-19,7.930130730766386,8.229649376497928,7.930130730766386,7.972918510437012,134807
2005-05-20,8.557693203937935,8.77163556893669,7.994312224446315,8.136940002441406,57386
2005-05-23,8.158333766488953,8.265305287220523,8.158333766488953,8.193990707397461,135156
2005-05-24,8.272436055981617,8.272436055981617,7.944391364435685,8.222516059875488,158310
2005-05-25,7.980051243463836,8.265308269676195,7.9158688662701495,8.12981128692627,224733
2005-05-26,7.844551526274069,8.40080162608331,7.7803691714529535,7.951522350311279,88530
2005-05-27,7.887343333878602,8.144074235118909,7.794634836540776,7.994314193725586,103771
2005-05-30,7.887344068627261,8.101285808251056,7.773240969886945,7.801766395568848,47965
2005-05-31,7.801766413498681,8.101285826869239,7.7732409877512225,7.844554901123047,138892
2005-06-01,7.787504352713804,8.265310006949061,7.787504352713804,8.179732322692871,298500
2005-06-02,8.065625765073241,8.16546506575632,7.844551881122134,7.858814239501953,77487
2005-06-03,8.029968646305687,8.65040111541748,7.894471707624424,8.65040111541748,563666
2005-06-06,9.484780135085995,9.81995651717045,9.078289837070574,9.135340690612793,976237
2005-06-07,9.128206632383932,9.556091372808659,9.128206632383932,9.527565956115723,580492
2005-06-08,9.613141512160794,9.613141512160794,9.05689143015696,9.092548370361328,494281
2005-06-09,9.135337866195371,9.135337866195371,8.700322275904758,8.757373809814453,157232
2005-06-10,8.8429508050832,8.957053175456517,8.529168414048868,8.5719575881958,237070
2005-06-13,8.629011247715358,9.006976127624512,8.422199630362925,9.006976127624512,287093
2005-06-14,9.106813491389063,9.413464387019165,8.714586332101282,8.842951774597168,753289
2005-06-15,8.985578062574351,9.2850980758667,8.771635694512765,9.2850980758667,553095
2005-06-16,9.27083639087319,9.41346419202106,8.821557002441201,8.892870903015137,786434
2005-06-17,9.049759713577048,9.049759713577048,8.450721176233287,8.69318962097168,344644
2005-06-20,9.01410183064978,9.01410183064978,8.27956708296145,8.621874809265137,202041
2005-06-21,8.415065636911043,8.6789273120195,8.415065636911043,8.472116470336914,102729
2005-06-22,8.593354888237597,8.593354888237597,8.144076059429665,8.179732322692871,76953
2005-06-23,8.379412422613237,8.379412422613237,8.151206893278438,8.179732322692871,161712
2005-06-24,8.2867021314427,8.500644551290836,8.27243907078406,8.322359085083008,94478
2005-06-27,8.54343026439604,8.54343026439604,8.129809283719903,8.22964859008789,152778
2005-06-28,8.272438983161651,8.407935963964656,7.994314189308146,8.151205062866211,188791
2005-06-29,8.343750925028603,8.564824104309082,8.343750925028603,8.564824104309082,443555
2005-06-30,8.621877822056355,8.992711089132369,8.621877822056355,8.957054138183594,863593
2005-07-01,8.5790874955277,9.01410304111676,8.5790874955277,8.878606796264648,266571
2005-07-04,9.270836946089911,9.327888488769531,9.270836946089911,9.327888488769531,601224
2005-07-05,9.71298307600085,9.798560729707603,9.55609222321856,9.627406120300293,1908394
2005-07-06,9.762905310005165,10.112344741821289,9.556094402891185,10.112344741821289,1380639
2005-07-07,10.219315424782861,10.511703999771163,9.705854280867811,9.884139060974121,1113200
2005-07-08,10.18365857234477,10.269236244875133,9.770036761480826,10.019636154174805,465626
2005-07-11,10.411861412363491,10.52596378326416,10.269233623239197,10.52596378326416,258941
2005-07-12,10.561624587928039,11.053691864013672,10.561624587928039,11.053691864013672,738074
2005-07-13,11.253368644609345,11.609939537627318,11.253368644609345,11.410260200500488,1220568
2005-07-14,11.303286209779476,11.69551396770382,10.839744567871094,10.839744567871094,411837
2005-07-15,10.55448890970508,11.381732940673828,10.297758075749893,11.381732940673828,1162894
2005-07-18,11.66699369350928,11.95224935511246,11.338948147051594,11.403130531311035,751324
2005-07-19,11.517230076062432,11.76682870286799,11.267630751250715,11.638463973999023,675114
2005-07-20,11.831014475151756,11.909460613437217,11.267633332053805,11.766831398010254,368721
2005-07-21,11.831011795621494,12.052085703251661,11.481573158793472,11.681252479553223,779763
2005-07-22,11.695515464660147,11.873800895445784,11.43878461185031,11.517230033874512,376542
2005-07-25,11.681254343684202,11.838145911752687,11.05369016542908,11.125004768371582,302169
2005-07-26,11.588546677573182,11.588546677573182,10.982377046233907,11.060822486877441,204356
2005-07-27,10.711382782854958,11.096478445098144,10.711382782854958,10.975244522094727,97895
2005-07-28,10.975244522094727,10.975244522094727,10.975244522094727,10.975244522094727,0
2005-07-29,11.12500535579521,11.410261688608529,10.554491992162259,10.63293743133545,411421
2005-08-01,10.426130301288586,10.55449580209252,10.10521689828203,10.133742332458496,249016
2005-08-02,10.269234588859742,10.48317699066945,9.712983646148265,10.297760009765625,389750
2005-08-03,10.682855642680144,10.81835260473797,10.411861718564488,10.804089546203613,298182
2005-08-04,11.053690050410799,11.346077895214444,10.775565265648494,11.224843978881836,726702
2005-08-05,11.253366258016166,11.260497786045079,10.911059194682974,10.996635437011719,255400
2005-08-08,11.018034868753784,11.018034868753784,10.839749381614157,10.846880912780762,228926
2005-08-09,11.018031895054259,11.018031895054259,10.732774913417419,10.87540340423584,192840
2005-08-10,10.99663784854764,11.966509819030762,10.982375487368184,11.966509819030762,1156043
2005-08-11,12.052086928918905,12.387263937932309,11.588545177653273,11.716911315917969,561957
2005-08-12,11.766830582892165,12.237504587974875,11.552888868590964,12.023561477661133,517030
2005-08-16,11.995036800263984,12.266029360235946,11.85953982227173,11.952247619628906,400886
2005-08-17,11.980776626319708,12.323084569814926,11.980776626319708,12.159061431884766,546383
2005-08-18,12.693910706330168,12.693910706330168,11.980769137790313,12.052083015441895,535740
2005-08-19,11.909460063575048,12.408658804489711,11.909460063575048,12.066350936889648,257981
2005-08-22,12.35873735681723,13.228769985353253,12.123400376145106,12.800885200500488,1271022
2005-08-23,12.83654073066161,13.121797687702893,12.12339903606453,12.237502098083496,518343
2005-08-24,11.338945661422692,13.228770287329585,11.274763291232773,13.000565528869629,1983002
2005-08-25,13.121800489590262,13.549685318511957,12.907857377123136,13.328611373901367,1281388
2005-08-26,13.471236592771655,13.471236592771655,12.686780991355977,12.772357940673828,545572
2005-08-29,12.850808182136378,12.979174345302926,12.294558531115296,12.415792465209961,280796
2005-08-30,12.7713567934108,13.351872559319128,12.698791079743815,13.257537841796875,382186
2005-08-31,13.061611321553105,14.585465431213379,13.061611321553105,14.585465431213379,940485
2005-09-01,15.09341967292436,16.044014085271435,14.658032539657514,15.296599388122559,1757099
2005-09-02,15.514298693416698,15.790042783450566,14.585471561074346,15.144218444824219,1514343
2005-09-05,15.746507427536567,15.746507427536567,14.382294210739417,14.868476867675781,528950
2005-09-06,14.89024113049162,14.962805428592167,14.273443176147232,14.570956230163574,531270
2005-09-08,14.636260557148738,15.224033479514604,14.636260557148738,14.933774948120117,303021
2005-09-09,15.165984637295582,15.383677503429322,14.679802198342758,15.245804786682129,671004
2005-09-12,15.23854729496965,16.776914596557617,15.23854729496965,16.776914596557617,999355
2005-09-13,16.849487954716718,17.517082824131176,15.81907148511961,17.321157455444336,1761286
2005-09-14,17.54609753800337,18.53297541222285,16.704349640294883,17.10345458984375,1706183
2005-09-15,16.747887297863073,18.141124414207635,16.747887297863073,16.951066970825195,701029
2005-09-16,16.980098499170914,17.56061426224396,16.617275614566644,16.871252059936523,591510
2005-09-19,17.125225135616756,17.98148625034865,16.76240371279861,17.009122848510742,545962
2005-09-20,17.234077591936103,18.14113430730116,16.951076214931962,17.480796813964844,2430058
2005-09-21,18.866772260349276,19.222339217261318,16.83496675995226,18.416872024536133,4222519
2005-09-22,17.923434904195368,18.431386310888545,16.849479527422726,17.139738082885742,1642305
2005-09-23,17.488048952298577,17.56061324090109,16.283478068224,17.306636810302734,826712
2005-09-26,18.852262745439102,18.852262745439102,16.980098583454218,17.371946334838867,656835
2005-09-27,15.964195103568798,17.5533580421556,15.964195103568798,16.51568603515625,351812
2005-09-28,16.834970048335386,17.908924147595997,16.21091485227752,17.39371681213379,2842260
2005-09-29,17.58964190568063,17.64769306032322,16.689841196026816,17.284870147705078,784330
2005-09-30,16.69709178742827,17.705738540543145,16.689834508199933,17.50981330871582,677921
2005-10-03,17.705745080739636,19.265881709482336,17.56061506794541,19.193317413330078,1438831
2005-10-04,19.59242101247954,21.116275380354562,19.302162428864943,20.62283706665039,3486477
2005-10-05,20.608323896203828,20.608323896203828,19.592420985676913,20.085859298706055,1040977
2005-10-06,19.592421736778853,19.664986030242684,19.084468841552734,19.084468841552734,297623
2005-10-07,18.503945868659535,18.83048648259463,18.133867263793945,18.133867263793945,342745
2005-10-10,18.11210741195464,18.11210741195464,17.226819804389738,17.618667602539062,492932
2005-10-11,17.74202093689994,17.995997324188266,17.41548169387264,17.538841247558594,270158
2005-10-13,17.778304804010872,18.286256166912707,16.69709366027272,17.255840301513672,375315
2005-10-14,17.125230586245017,17.705747888500394,16.392328806100792,17.01638412475586,965045
2005-10-17,17.110715476215013,17.212306063471065,16.551968666796487,16.755149841308594,216995
2005-10-18,16.951064528275996,17.12521932028553,15.920648912301086,16.051265716552734,159013
2005-10-19,15.920658403099555,15.920658403099555,15.25306510925293,15.25306510925293,109498
2005-10-20,15.673941721076032,15.95694311712068,14.49113941192627,14.49113941192627,538110
2005-10-21,14.222643437266315,14.222643437266315,13.772743225097656,13.772743225097656,53727
2005-10-24,13.743714429444962,13.932382363264802,13.083378791809082,13.083378791809082,1051143
2005-10-25,12.49561296145134,13.743722090841253,12.488355678899811,13.729208946228027,877110
2005-10-26,13.787259098137046,14.418570124028504,13.787259098137046,14.382287979125977,439527
2005-10-27,14.498391638036162,14.788650245041659,13.787260394680729,13.801772117614746,201282
2005-10-28,13.380898435913627,13.867080941545527,13.351873568742157,13.518771171569824,153024
2005-10-31,13.49700031599236,13.932387468782098,13.351871738558966,13.540539741516113,153809
2005-11-02,13.801773248804322,14.222648760628534,13.642131499038506,13.729208946228027,98963
2005-11-04,13.729208946228027,13.729208946228027,13.729208946228027,13.729208946228027,0
2005-11-07,14.222647190903873,14.222647190903873,13.497001404249305,13.76548957824707,203894
2005-11-08,13.78726118145697,13.78726118145697,13.504258419768803,13.634875297546387,211858
2005-11-09,14.186361324929683,14.186361324929683,13.351870652101598,13.47523021697998,109313
2005-11-10,13.496999456396523,14.041233007600203,13.351870888206067,13.584076881408691,369871
2005-11-11,13.642133265762842,14.266188621520996,13.642133265762842,14.266188621520996,466607
2005-11-14,14.636262977551645,14.977316843852577,14.266184247653959,14.30246639251709,301507
2005-11-16,14.309725019233307,14.803163372158336,14.266185589010073,14.338749885559082,294302
2005-11-17,14.302470777507864,14.498394703934954,14.150086290559026,14.266188621520996,258694
2005-11-18,14.476623770404204,14.643522802153852,13.663901879726321,13.867081642150879,97905
2005-11-21,13.87433480490419,14.222645945202615,13.642128798528125,13.794514656066895,83676
2005-11-22,13.642131399676375,14.483880996704102,13.642131399676375,14.483880996704102,283326
2005-11-23,14.839450045491127,15.209528923034666,14.658039248800218,15.209528923034668,343053
2005-11-24,15.652164071615136,15.971448898315428,15.412702227201686,15.97144889831543,426919
2005-11-25,16.68984022081017,16.762405935485454,16.254453035206783,16.56648063659668,728827
2005-11-28,15.85534741016078,16.065785844199883,15.042625640759185,15.071650505065918,385686
2005-11-29,15.165985220409242,15.238549511910497,14.824931345765805,15.071650505065918,138163
2005-11-30,15.38367639301267,15.804551794039696,15.311112109539222,15.536062240600586,196381
2005-12-01,15.761012966695217,16.312503814697266,15.601371252928708,16.312503814697266,473981
2005-12-02,16.907532516588443,17.132482654151502,16.71160724095999,17.117969512939453,815351
2005-12-05,17.633175332951122,17.974229151485567,16.617272578087118,17.335660934448242,1612161
2005-12-06,17.27035240901683,17.27035240901683,16.47214114288816,16.48665428161621,212515
2005-12-07,16.675328382935845,16.675328382935845,15.81906708765058,15.942426681518555,148226
2005-12-08,15.97870337037164,16.32701302707149,15.601368855939667,15.85534381866455,174726
2005-12-09,15.891626692810426,16.10932094858311,15.528803880182188,15.826319694519043,195837
2005-12-12,15.383678077592116,15.964193829438154,15.383678077592116,15.666679382324219,221572
2005-12-13,15.608625506504277,15.710216064939916,15.536061227761495,15.6521635055542,308963
2005-12-14,15.673935325452408,16.399579598178946,15.673935325452408,16.065784454345703,358335
2005-12-15,16.595504930210982,16.68983821722984,16.109322512944917,16.167373657226562,185687
2005-12-16,16.32701403934481,17.785561172327537,16.109321200655117,17.335660934448242,1551342
2005-12-19,17.531593372234706,17.923441210515517,17.125230967510948,17.132488250732422,1349315
2005-12-20,17.271539333602174,17.893606959437644,17.12517081755285,17.234947204589844,635293
2005-12-21,17.432539656210867,17.534998159159805,17.271534051273424,17.337400436401367,383993
2005-12-22,17.27884943285393,17.505719939066633,17.271530151367188,17.271530151367188,335935
2005-12-23,17.38131051123117,17.46181403050583,16.107901364957545,16.927566528320312,145101
2005-12-26,16.832426144389736,16.927565358205673,15.807844044697612,16.071308135986328,217472
2005-12-27,15.954209664163418,16.35672429574524,15.954209664163418,16.276222229003906,100369
2005-12-28,16.39331473981305,16.539683160931947,16.283538423973877,16.429906845092773,92943
2005-12-29,16.46650471432986,16.612873186683775,16.393320478152905,16.576282501220703,215635
2005-12-30,16.576281973435865,16.759242558052833,16.473823473000216,16.656784057617188,232215
2006-01-02,16.554318468950147,16.97878942223711,16.554318468950147,16.759235382080078,157186
2006-01-03,17.125168382875707,17.41790680598171,16.86902208357975,17.315446853637695,293579
2006-01-04,17.564268873243467,18.559578001451055,17.4179004315696,18.06924057006836,626831
2006-01-05,18.14974746178146,18.574217167999684,17.593546419982744,17.615501403808594,474638
2006-01-06,17.652094252158047,17.79846272722638,17.205668110998936,17.43985939025879,142063
2006-01-09,17.476446074432022,17.63013235241228,17.13247854583339,17.227619171142578,133036
2006-01-10,17.271532635388446,18.41321034263703,17.125164176103464,17.688684463500977,510046
2006-01-12,17.491082661845713,17.930189369520185,17.271528591696004,17.38862419128418,224056
2006-01-13,17.56427177234496,17.747232354636175,16.766561627879785,16.854381561279297,430208
2006-01-16,17.0519796983498,17.0519796983498,16.181083939975274,16.48114013671875,468531
2006-01-17,16.68605477683411,16.810468234449043,16.539684907632676,16.627506256103516,140287
2006-01-18,16.400637934623262,16.400637934623262,16.034715361869967,16.166446685791016,121029
2006-01-19,16.568958372905826,17.476446074432022,16.43722707283347,17.227619171142578,358956
2006-01-20,17.63013569110264,17.637454973541345,16.905611254561055,17.059297561645508,130163
2006-01-23,16.832429525209104,16.934888042282328,16.62019463953982,16.79583740234375,95653
2006-01-24,16.795835354516687,16.97147809590543,16.68605899930508,16.81047248840332,85087
2006-01-25,16.978798176351777,17.564273530928414,16.832428263238505,17.44717788696289,311375
2006-01-27,17.857009861705563,17.930194093495288,17.022706181001936,17.132482528686523,196905
2006-01-30,16.978802850207583,17.300814168972877,16.832432896802185,17.15444564819336,140575
2006-01-31,17.198345386844306,17.256892473756213,16.686054436646288,16.920244216918945,263523
2006-02-01,17.278853055340722,18.00337898217005,17.20566738825537,17.366674423217773,484362
2006-02-02,17.85700905750577,18.296114428468776,17.564270710905177,17.717958450317383,555871
2006-02-03,17.710640611704758,18.06924393360881,17.308125889549494,17.366674423217773,289915
2006-02-06,17.344719398243438,17.769189138264313,17.198350917581205,17.593547821044922,236013
2006-02-07,17.564276313296755,17.78382906880793,17.417907809622637,17.652097702026367,226273
2006-02-08,17.41790002222628,17.41790002222628,17.198345932250177,17.271530151367188,165981
2006-02-10,17.710641791473755,17.710641791473755,17.132484295051256,17.14712142944336,46133
2006-02-13,17.600867277133485,17.600867277133485,16.83974910260424,16.912933349609375,111509
2006-02-14,16.98611610654778,16.98611610654778,16.612874187362376,16.869020462036133,205500
2006-02-15,16.83243164910294,17.066621551516086,16.781202384102286,16.847068786621094,58017
2006-02-16,16.832424348611553,16.905610004460538,16.107898533020425,16.203039169311523,294667
2006-02-17,16.26158888719419,16.671421463000158,16.25426960411484,16.37868309020996,374140
2006-02-20,16.246950933447163,16.320135164793722,15.075998934026295,15.537060737609863,918763
2006-02-21,16.100578468369886,17.095887580650967,15.910298637663566,16.415271759033203,7693243
2006-02-22,16.547013259899412,16.547013259899412,15.917626345398972,16.04203987121582,341842
2006-02-23,15.954213757588969,16.173767900522176,15.734661047281179,15.93957805633545,191881
2006-02-24,15.822481345695214,16.10058114004748,15.63220148341448,15.727340698242188,536145
2006-02-27,16.832428260842804,18.73522423741516,16.393321386816453,16.80315399169922,4725874
2006-02-28,16.949514772158185,17.198341627930844,16.93487764547308,16.986106872558594,1453005
2006-03-01,16.466503523798366,17.16175658246333,16.400638575576394,16.978796005249023,1122791
2006-03-02,17.11052404016393,17.20566323547391,16.708009415160124,16.920244216918945,641276
2006-03-03,16.817791083594717,17.051982370898152,16.246952865121745,16.386003494262695,404991
2006-03-06,16.832429098605434,17.256898859186173,16.81779196330514,16.83974838256836,423717
2006-03-07,17.051980446767953,17.381309489821714,16.620191473533133,17.132482528686523,554003
2006-03-08,17.264210805493793,18.735217207017197,17.125160228178775,17.820411682128906,1894185
2006-03-09,18.662037538062968,18.662037538062968,17.58622619661571,17.739913940429688,388770
2006-03-10,17.783821907356472,18.061923098447977,17.783821907356472,18.003376007080078,854177
2006-03-13,18.296115296249322,20.769750645891357,18.2741603131849,20.337963104248047,3121650
2006-03-14,20.491648054893837,22.321259462783907,19.76712220097241,20.2794132232666,8871860
2006-03-16,20.447737253898467,21.077123873333367,19.789076371774676,20.037904739379883,2787470
2006-03-17,20.53556371344074,20.550200848423234,19.759808452998282,19.818355560302734,587004
2006-03-20,20.01595033200811,20.01595033200811,19.61343562650997,19.87689971923828,452464
2006-03-21,19.906173307869178,19.906173307869178,19.364608008019378,19.62075424194336,870038
2006-03-22,19.613434959473953,19.759804849984196,19.46706650158897,19.62075424194336,232785
2006-03-23,19.61343551172818,19.61343551172818,19.0279602310778,19.210922241210938,109590
2006-03-24,19.049921956470445,19.276794012455483,19.027966965923717,19.174335479736328,149160
2006-03-27,19.042597659191234,19.247513222653588,19.027960526238495,19.079191207885742,338835
2006-03-28,19.027962095390766,19.75980734237712,18.77913511255053,19.06455421447754,904379
2006-03-29,19.247509375882956,19.284102917263947,19.027956723347238,19.181644439697266,292676
2006-03-30,19.291422491867948,19.54024942671969,19.035276275035173,19.04991340637207,480600
2006-03-31,19.159691010209265,19.723212724528175,18.903546209053207,19.0425968170166,900207
2006-04-03,19.232878286732912,19.459751724478828,18.471760179873552,18.654722213745117,380837
2006-04-04,18.73522371231093,19.0060085453614,18.29611685059171,18.81572723388672,284881
2006-04-05,18.99136754961599,20.784386886260382,18.881591206382726,20.052541732788086,894737
2006-04-07,20.0525411228079,20.7770669717834,19.34997025528615,20.294050216674805,961561
2006-04-10,19.613435782667764,20.03790690707513,19.320698854611365,19.75980567932129,205151
2006-04-12,19.349970128931183,20.272095102844627,19.349970128931183,19.97935676574707,1080193
2006-04-13,20.052538986702945,20.052538986702945,18.88158862065281,19.29874038696289,348200
2006-04-17,19.25483125586844,19.752485148213506,19.18896487816829,19.43779182434082,179483
2006-04-18,19.46706959611303,19.752488707409643,19.39388535553703,19.44511604309082,235546
2006-04-19,19.701260579034507,19.75980912094361,19.320702219753183,19.576847076416016,198218
2006-04-20,19.393884518534197,19.8329913756647,19.393884518534197,19.6573486328125,242011
2006-04-21,19.489021116490257,19.701255949474177,19.18896492390523,19.58416175842285,221516
2006-04-24,19.335334035416334,19.752484402305672,19.042595704289887,19.262149810791016,220500
2006-04-25,19.21092473373397,19.320701094481617,17.878966972260976,18.654722213745117,597663
2006-04-26,18.471754313590196,19.174325091452584,18.471754313590196,19.035274505615234,162148
2006-04-27,18.73521918952621,19.298740839268646,18.171698972408873,18.332704544067383,153794
2006-04-28,18.29611892440399,18.442488849984638,17.75455492742011,17.908241271972656,172139
2006-05-02,18.435171481979392,18.515673582166155,18.09120379536135,18.325393676757812,278369
2006-05-03,18.076560787460316,19.38656327917909,18.076560787460316,19.262149810791016,437372
2006-05-04,19.467065534800373,19.906172319273317,19.101142975635383,19.496339797973633,3688498
2006-05-05,19.906171989905058,20.477011516587353,19.83298776580801,20.037904739379883,389786
2006-05-08,20.330641148041373,20.330641148041373,19.174326423697195,19.606115341186523,2347839
2006-05-09,19.90617703435212,20.19891400492313,19.254835269155876,19.635395050048828,3167901
2006-05-10,19.9061733564286,20.16231959097743,19.254831711576166,19.540250778198242,3760156
2006-05-11,19.59879531090406,21.077121022081382,19.218235677930203,20.330638885498047,863788
2006-05-12,19.869581452011317,20.198910486538924,19.393882525068385,19.92081069946289,266038
2006-05-15,19.906174729210335,20.19891166588231,19.49634215829435,19.598800659179688,404812
2006-05-16,19.027961326098666,19.75980654349684,18.63276588288891,19.56952667236328,225467
2006-05-17,20.030584399985585,20.030584399985585,19.61343122271402,19.869577407836914,103761
2006-05-18,19.75980918387217,19.876903402812143,19.027963868682246,19.225563049316406,875273
2006-05-19,19.3938818012497,19.3938818012497,18.588852437199193,18.610807418823242,149057
2006-05-22,17.725279895284988,19.75980873667253,15.25164416124638,18.727907180786133,537346
2006-05-23,18.003380814951623,18.574219047952283,17.278854814364042,18.296117782592773,137126
2006-05-24,18.398573971539903,18.720585168342208,17.491087480744678,18.58885383605957,165063
2006-05-25,18.215614959719204,18.588855438082824,17.930195854654407,18.471759796142578,263190
2006-05-26,18.44248399349029,19.15969056620709,15.661473331294145,18.281476974487305,448754
2006-05-29,18.003380814951623,18.515671940949158,18.003380814951623,18.296117782592773,212741
2006-05-30,18.29611141243574,18.325385672057642,18.003374546716778,18.288793563842773,411775
2006-05-31,17.205671402932893,18.003383182981285,17.198353550829534,17.732601165771484,263544
2006-06-01,17.783820801047714,17.893597127767904,17.125161408101523,17.4837646484375,182752
2006-06-02,17.49108691874839,18.171701406820034,17.425220538410716,17.922874450683594,377086
2006-06-05,18.296114106453505,18.735220902313397,17.871644442559813,18.281476974487305,15831822
2006-06-06,17.417905732810528,17.710642705254468,16.832428922671568,16.95684242248535,96074
2006-06-07,15.95421454037256,16.539689895878066,15.881030300012558,16.056673049926758,507803
2006-06-08,15.00281752890828,15.193097425829416,13.026837179815073,14.102648735046387,373848
2006-06-09,13.905048595379297,14.85644648374534,13.905048595379297,14.307561874389648,111109
2006-06-12,14.63689565655528,14.63689565655528,13.341531296369554,13.927006721496582,60070
2006-06-13,13.612307620717656,13.890408797137436,13.17320087706144,13.348843574523926,78097
2006-06-14,12.99024692592397,13.905052986934427,10.684934993169755,11.592422485351562,779660
2006-06-15,12.13398660457536,13.83186716006402,12.13398660457536,13.641587257385254,626631
2006-06-16,14.270970901863622,15.222368770971157,14.124601007106483,14.212422370910645,215584
2006-06-19,14.197788397842395,14.344158325173668,13.685497233746995,14.058737754821777,124421
2006-06-20,14.490525669944255,14.929632551840308,14.0514187880482,14.446614265441895,198942
2006-06-21,14.695438182781194,14.761304559430727,14.490522635885725,14.666165351867676,115758
2006-06-22,14.658850077505019,15.178459034536452,14.658850077505019,14.819855690002441,59090
2006-06-23,14.805213993291915,14.856443231385056,14.351470131681259,14.541749954223633,308974
2006-06-26,14.841805544230175,14.841805544230175,14.373424570377509,14.497838020324707,69995
2006-06-27,14.636892318725588,14.783262216098068,13.641584466244437,14.636892318725586,197279
2006-06-28,13.612309909398258,14.607619173238522,13.612309909398258,14.292925834655762,2669709
2006-06-29,14.651526104296028,14.651526104296028,14.351469960542902,14.431973457336426,61348
2006-06-30,14.783260322878109,15.441919762514317,14.783260322878109,15.0906343460083,1025480
2006-07-03,15.237006319606126,15.33946338631981,14.783262355462053,15.097955703735352,209179
2006-07-04,14.958900747844094,15.50778525439041,14.929627919883337,15.361416816711426,481432
2006-07-05,15.295555326485825,15.36873956867347,15.010134776278273,15.076001167297363,407116
2006-07-06,14.936950550105713,15.076001183461537,13.61962989143911,14.827174186706543,77410
2006-07-07,14.827173175392675,15.002815917901529,14.563709061629396,14.658849716186523,23969
2006-07-10,14.600301970422128,14.775944722436613,14.270972884864099,14.527117729187012,50520
2006-07-11,14.424655030137384,14.56370562116028,14.270968741217414,14.366107940673828,62184
2006-07-12,13.76599538573613,14.636889594570013,13.76599538573613,14.622252464294434,131405
2006-07-13,14.928443917539049,14.928443917539049,14.56251465291272,14.614789009094238,29614
2006-07-14,14.278723951984752,14.78654573955848,14.278723951984752,14.338468551635742,94077
2006-07-17,14.26379173285777,14.323534880957657,13.464721462189557,13.726099014282227,115209
2006-07-18,13.972542101469918,13.972542101469918,13.29295811602404,13.4647216796875,96633
2006-07-19,13.442321410675582,13.591681528299269,12.702994018157506,12.80754566192627,145342
2006-07-20,12.994239157564806,13.516995720445989,12.994239157564806,13.330297470092773,214121
2006-07-21,13.255622023729654,13.255622023729654,12.770203507902265,12.815011978149414,74310
2006-07-24,12.822483246840246,13.59168304086274,12.508828280628563,12.576040267944336,214993
2006-07-25,12.919564773338225,12.919564773338225,12.576038984840899,12.680590629577637,55939
2006-07-26,13.03904997415822,13.03904997415822,12.576037885212013,12.695524215698242,61333
2006-07-27,12.702989720092585,13.419913364057976,12.702989720092585,13.053982734680176,93749
2006-07-28,12.956901679625462,14.323537194615707,12.919562023295095,14.136838912963867,218539
2006-07-31,14.331006179783143,14.338473526384352,13.292960212453316,13.449786186218262,421248
2006-08-01,13.516998642570893,13.516998642570893,13.08385743860058,13.21081256866455,179267
2006-08-02,12.994243208838215,13.815718690291812,12.994243208838215,13.419917106628418,185512
2006-08-03,13.696232954613784,13.965079436492518,13.382579456701691,13.83812427520752,71303
2006-08-04,14.189116627437455,14.189116627437455,13.442320476875045,13.629018783569336,95853
2006-08-07,13.800777439206488,14.039751478335072,13.741034294897366,13.88292407989502,223394
2006-08-08,13.591683142176333,14.413157308131229,13.591683142176333,14.271265983581543,400963
2006-08-09,14.405687977807949,14.853765398468212,14.189117346313212,14.667065620422363,409584
2006-08-10,14.99564911331877,15.085266022719665,14.794014721896998,14.891098976135254,66151
2006-08-11,14.935908468197328,15.070332392899981,14.846293005693004,14.88363265991211,211755
2006-08-14,14.95084815622181,15.085272112698492,14.883636177983467,14.906041145324707,51372
2006-08-16,14.95084815622181,15.234630764879084,14.883636177983467,14.906041145324707,99460
2006-08-17,14.935908468197328,15.085268546966093,14.831358313519235,14.88363265991211,210170
2006-08-18,15.010585264885586,16.130779089691615,14.831355831760087,14.891098976135254,366412
2006-08-21,15.085272112698492,15.324246248565977,14.861232672534916,14.906041145324707,34894
2006-08-22,15.145010581572151,15.145010581572151,14.876164213936688,14.935907363891602,214018
2006-08-23,14.935907363891602,15.189817578565277,14.794016103592977,14.935907363891602,290361
2006-08-24,14.808957383722559,15.070336496318108,13.965078337189416,14.62972640991211,59993
2006-08-25,14.92097370229032,15.533347304618427,14.876166697815751,15.361583709716797,525687
2006-08-28,15.570687101837049,15.95155249085365,15.10767358802432,15.391454696655273,143772
2006-08-29,15.53334768627507,16.265207626445587,15.115141170810482,16.041168212890625,3919267
2006-08-30,15.98142515107224,17.146426414464464,15.832066502037456,15.951554298400879,1236466
2006-08-31,16.212927469319393,16.280137959680037,15.234624874848176,15.436259269714355,584782
2006-09-01,15.68270511518102,15.98142236110177,15.421327525000365,15.906743049621582,159705
2006-09-04,15.981423669237182,16.280142401501507,15.89180965763966,15.996359825134277,203257
2006-09-05,16.12330889073934,16.153181191293545,15.891803678066152,15.981417655944824,73843
2006-09-06,16.003828455984067,16.265207526544035,15.981423491441422,16.168123245239258,221008
2006-09-07,15.391456985487807,17.236043968195016,15.391456985487807,17.11655616760254,1121220
2006-09-08,17.153891513210745,17.32565509195786,16.42949900593348,16.84023666381836,3622008
2006-09-11,17.10161892721257,17.288317233295384,16.728220853154326,17.04934310913086,3697643
2006-09-12,17.2883132848481,17.587031968249388,16.76555668531506,17.176294326782227,4896956
2006-09-13,17.385398100726327,17.5422240622173,16.608731253611253,16.810365676879883,2390514
2006-09-14,17.25097405820451,17.25097405820451,16.45936966781817,16.982126235961914,4551537
2006-09-15,16.728217992159962,17.14642300339625,16.728217992159962,16.855173110961914,1898967
2006-09-18,17.086686017259893,17.325661648728587,16.81783952827728,17.019474029541016,5608783
2006-09-19,17.026933956215505,17.086677101964117,16.76555495251757,16.922382354736328,5508013
2006-09-20,16.720751840767615,16.877577817504825,16.429500465628927,16.67594337463379,5502666
2006-09-21,16.728218572386144,16.952256509139612,16.57885994788383,16.885046005249023,5674308
2006-09-22,16.817836044795136,16.94479118313849,16.653541245873885,16.758092880249023,3247534
2006-09-25,17.026937000668166,17.250976395595423,16.661007791954265,16.750621795654297,2967656
2006-09-26,16.974663525467797,16.974663525467797,16.50418263186543,16.63860511779785,436197
2006-09-27,16.86264162584092,17.0269363966164,16.65353839291266,16.84023666381836,204525
2006-09-28,16.862642314089555,17.02693709157073,16.50418044980612,16.623666763305664,186056
2006-09-29,16.65353438016493,16.802892960900834,16.578855089796978,16.698341369628906,145599
2006-10-03,16.87757979351074,16.87757979351074,16.65354182228894,16.787965774536133,49981
2006-10-04,16.937323620140013,16.937323620140013,16.668477190266483,16.735689163208008,93821
2006-10-05,16.937322952494608,16.937322952494608,16.578861060126624,16.71328353881836,82228
2006-10-06,16.802900360112282,17.624375839683115,16.802900360112282,16.914920806884766,312920
2006-10-09,16.87757902189924,17.026939124444617,16.51911857671103,16.616201400756836,222819
2006-10-10,16.847708358014486,16.952258530497033,16.728220567029673,16.758092880249023,95581
2006-10-11,16.728215737731166,17.09414489051082,16.728215737731166,16.96718978881836,147436
2006-10-12,16.802900175587453,17.1464259359154,16.802900175587453,17.04934310913086,178467
2006-10-13,17.176292997202257,17.250973758690915,16.87757433692414,16.96718978881836,161881
2006-10-16,17.026936093999886,17.116551554820372,16.840236364520024,16.944787979125977,291393
2006-10-17,16.87757405132546,17.138953057382338,16.87757405132546,17.071741104125977,187724
2006-10-18,17.026935870946332,17.161358329469962,16.989596217917974,17.041872024536133,45009
2006-10-19,17.09414621373188,17.213633979470853,17.056808022935538,17.176294326782227,193605
2006-10-20,16.89251323476975,17.47501449770245,16.89251323476975,17.2509765625,267136
2006-10-23,17.071742714497162,17.303249438302007,17.026935716027722,17.176294326782227,49222
2006-10-26,16.989598025867487,17.236040931593728,16.877577592969452,17.1688289642334,103874
2006-10-27,17.12401983888436,17.310719578592327,17.049340527758133,17.14642333984375,75670
2006-10-30,17.026942458367113,18.640021356075952,16.95226166152543,17.900693893432617,444500
2006-10-31,18.48319196304418,18.505595468832105,17.76626808268888,17.938030242919922,271374
2006-11-01,17.8932228602277,17.923095175253838,17.33312645579004,17.497421264648438,65581
2006-11-02,17.564633683286527,18.042583426235232,17.549697525398642,17.93056297302246,214383
2006-11-03,17.77373601884006,17.990305180001027,17.77373601884006,17.96790313720703,147662
2006-11-06,18.064984965013178,18.0724537746946,17.176298945411055,17.89322280883789,355605
2006-11-07,17.89321738530417,18.042577452841343,17.176293739180878,17.26590919494629,67270
2006-11-08,17.400337941811763,17.549696588935294,16.97466404323853,17.183767318725586,67224
2006-11-09,17.288314615740543,17.758796907242093,17.04187318140247,17.14642333984375,63164
2006-11-10,17.601969677410132,18.072450512382932,17.191231999640927,17.923091888427734,270297
2006-11-13,17.997774427444444,18.81924993027515,17.997774427444444,18.677358627319336,304981
2006-11-14,18.819249782667253,19.192647868469997,18.819249782667253,18.92380142211914,347969
2006-11-15,18.81924531803994,19.42414858240424,18.68482139580855,19.14036750793457,254640
2006-11-16,19.192641106824215,19.341999703768607,18.968601749515486,19.125429153442383,177466
2006-11-17,18.834182928580805,19.073158502493417,18.834182928580805,18.97607421875,69076
2006-11-20,18.96860217106699,19.267320833486533,18.520524908383763,18.647480010986328,287195
2006-11-21,18.632549685915315,18.8043132994514,18.24421691140015,18.520530700683594,413161
2006-11-22,18.52799887699916,19.327070890223624,18.52799887699916,19.11796760559082,109523
2006-11-23,19.04328727722168,19.267326707815762,19.04328727722168,19.04328727722168,75799
2006-11-24,19.207579469050266,19.342001929389337,19.04328323923583,19.14036750793457,336474
2006-11-27,19.117959134154777,19.939434289041955,19.05074864692703,19.43161392211914,213433
2006-11-28,19.3270661876146,20.163477660739755,19.3270661876146,19.543638229370117,167860
2006-11-29,20.118673725496425,21.2836750036183,19.902103096900724,20.947616577148438,523573
2006-11-30,20.94760850692954,21.358347562513462,19.961838574447626,20.902801513671875,1767577
2006-12-01,20.992423094497457,21.059633604017847,19.573511657194953,19.84235954284668,104597
2006-12-04,20.014117560868986,20.798253224745952,19.60338136367779,19.707931518554688,94108
2006-12-05,19.86475762424242,20.3875142114735,18.85658410159017,19.33453369140625,156016
2006-12-06,19.707937224014117,19.707937224014117,18.684827184111025,18.774442672729492,47292
2006-12-07,18.602677812544243,18.819248423528276,17.975369483030214,18.169536590576172,62169
2006-12-08,18.520533105624235,18.669891771994486,18.445853772439108,18.557872772216797,186739
2006-12-11,18.59520689742989,19.117963535836896,18.520527586499227,18.819246292114258,57864
2006-12-12,18.84911932860889,19.678063577138335,18.699760689400097,19.50629997253418,192404
2006-12-13,19.859995605672566,19.8675220421121,18.81394026752015,19.205270767211914,117837
2006-12-14,19.566500630379675,19.85247283690653,19.280528423852818,19.58907699584961,139779
2006-12-15,19.114972093436478,20.62008766991171,19.114972093436478,19.965362548828125,471682
2006-12-18,19.50629846241541,20.31906095973157,19.122492844914554,20.025562286376953,67685
2006-12-19,20.0932951503311,20.168550700158473,19.145072865430013,19.393417358398438,1091868
2006-12-20,19.415991303250415,20.08576767548668,19.34073576282403,19.89010238647461,83342
2006-12-21,20.153499426036838,20.31906191926125,19.44609376917501,19.566503524780273,24262
2006-12-22,19.355788156403452,20.1610242479943,19.26547973546181,20.100818634033203,411555
2006-12-26,19.566504399711437,20.16855025831365,19.566504399711437,19.596607208251953,45147
2006-12-27,19.574029365260277,20.093294710134945,19.566504399711437,19.596607208251953,129588
2006-12-28,19.867527177207165,20.002986863237133,19.566503524780273,19.566503524780273,101287
2006-12-29,19.604130958443506,20.529776795366836,19.604130958443506,20.40936851501465,297479
2007-01-02,20.31906196468977,20.695339689599006,19.792270203471794,20.002986907958984,25683
2007-01-03,20.31906267055329,20.469573765745587,20.31906267055329,20.33411407470703,57504
2007-01-04,21.07161752763646,21.07161752763646,19.656809248411907,20.145973205566406,141889
2007-01-05,19.935254042924946,21.071614914985318,19.724537378164808,20.981307983398438,197295
2007-01-08,20.243806957012495,21.37264466336625,20.243806957012495,21.26728630065918,119161
2007-01-09,20.665235516133293,21.2221270617518,20.6200813114448,21.15439796447754,115507
2007-01-10,20.695337909059102,20.770593447566277,20.319060216523212,20.59750747680664,122604
2007-01-11,20.469575930688425,20.793175998115135,20.018041124182865,20.228757858276367,561064
2007-01-12,20.228757382523334,20.469575449271673,20.0180406533856,20.236282348632812,166438
2007-01-15,20.469575477163474,20.996365827552914,20.15350185619889,20.868431091308594,461521
2007-01-16,20.732967959420076,21.222128978778656,20.6351345770104,20.91358184814453,53491
2007-01-17,20.92111500941092,20.95874279487247,20.77060239439167,20.89101219177246,66654
2007-01-18,21.011410609135897,21.222125798960274,20.73296485289515,20.800695419311523,77600
2007-01-19,20.770594106345946,21.0716177430946,20.770594106345946,20.973787307739258,91578
2007-01-22,20.951209478342054,20.951209478342054,20.477098391913394,20.76306915283203,1277237
2007-01-23,21.056569372899716,21.222130396590103,20.45452205481489,20.4846248626709,635909
2007-01-24,20.379267284147303,20.921109007147,20.040615838979342,20.123397827148438,48401
2007-01-25,19.88257685387616,20.996361472088612,19.589078192153842,20.88347816467285,12110512
2007-01-29,20.77059555053711,21.041517873668983,20.469573366030655,20.77059555053711,93359
2007-01-31,20.778117458322175,20.921103554053207,20.620079962013314,20.642656326293945,222203
2007-02-01,20.778126139608872,20.778126139608872,20.620088577270508,20.620088577270508,1393616
2007-02-02,20.725441968870843,20.913582299705023,20.620083619311302,20.702865600585938,1187757
2007-02-05,20.77059533847361,21.1769773458498,20.77059533847361,21.079145431518555,464518
2007-02-06,21.22213008379575,21.824177393006963,20.800699619058452,21.079145431518555,1719412
2007-02-07,21.13935472575035,21.711299366957014,21.13935472575035,21.530685424804688,286082
2007-02-08,21.52314817027236,21.6059286538158,21.22212314097462,21.493043899536133,182346
2007-02-09,21.3726428658951,21.65109162754316,20.620084458283884,20.77059555053711,137255
2007-02-12,20.695338809244355,20.695338809244355,19.717013819752054,20.176074981689453,135669
2007-02-13,19.581557730254843,20.439473126328366,19.581557730254843,19.995466232299805,281858
2007-02-14,18.678484543245194,21.0640928592548,17.504494270536238,20.9587345123291,465226
2007-02-15,21.809130523734133,21.809130523734133,20.168553695768626,20.627614974975586,50187
2007-02-19,20.319058133876133,21.207076048951762,20.0330859383223,20.981307983398438,166053
2007-02-20,20.11586896724094,21.05656764019355,19.897627311174972,20.138446807861328,55154
2007-02-21,20.620080425596424,20.620080425596424,19.415988976710764,19.61918067932129,131358
2007-02-22,19.574024829657812,20.273903917257662,18.663430550618056,18.73116111755371,281309
2007-02-23,18.738693359180594,19.942786738202205,18.738693359180594,19.084871292114258,64966
2007-02-26,19.566504557440403,19.694440758182616,19.145072600338878,19.536401748657227,240169
2007-02-27,19.280529938389968,19.551450764827653,18.97950630684618,19.062288284301758,34705
2007-02-28,17.308830373442767,20.01803891325243,17.158319278955304,19.4987735748291,120864
2007-03-01,19.777217160883865,20.153497800955403,18.88920062515083,19.408464431762695,58212
2007-03-02,19.415994204930275,19.709491445724716,18.81394684519958,19.182701110839844,97223
2007-03-05,18.8139469998043,19.19022623443492,18.72364004241986,18.889204025268555,137706
2007-03-06,18.06138843845109,19.250428713322535,18.06138843845109,18.776317596435547,109005
2007-03-07,18.663431596464058,19.23537601922018,18.407562188338105,18.452714920043945,103956
2007-03-08,18.806418896320036,18.813943861024722,17.353981381350167,18.5731258392334,80545
2007-03-09,18.219421168817632,18.7386848871046,18.136639206375225,18.610750198364258,61102
2007-03-12,18.806420804795355,18.94188049543304,18.437668033396452,18.813945770263672,69061
2007-03-13,18.37746153165672,19.41599216026399,18.37746153165672,18.55055046081543,253455
2007-03-14,18.437668685502846,18.77631866066077,18.07643939362368,18.50539779663086,994706
2007-03-15,18.663430742479623,18.678482143416968,18.09901278294882,18.136640548706055,33694
2007-03-16,18.36240881578151,18.573124011675308,18.061385213283163,18.279626846313477,1578026
2007-03-19,18.144173391928135,18.573131875648052,17.655010751486664,17.83562469482422,109575
2007-03-20,18.482814798849425,18.482814798849425,17.60984837438678,17.692628860473633,23882
2007-03-21,17.33892986080504,18.452714398407483,17.33892986080504,17.97860336303711,107666
2007-03-22,18.761265474235415,19.26547786662753,18.663432097625147,18.92682647705078,179308
2007-03-23,18.52796840405584,18.889197583578053,18.52796840405584,18.761262893676758,29547
2007-03-26,18.813944509563328,18.813944509563328,17.925926458351114,18.023759841918945,52891
2007-03-28,18.09149034725079,18.309732008409714,18.0613875411694,18.068912506103516,109041
2007-03-29,18.061388170412638,18.159220083826842,17.87324783560799,18.001182556152344,119320
2007-03-30,18.061390763712975,18.31726024154007,17.760367068707307,17.895828247070312,167495
2007-04-02,17.760362201128753,18.061385813632945,17.31635395634531,17.481916427612305,144249
2007-04-03,17.474395853921468,18.061391874300767,17.474395853921468,17.624908447265625,108230
2007-04-04,17.895828440319605,18.22695347718061,17.692636670580917,18.031288146972656,116533
2007-04-05,17.91087857327483,17.91087857327483,17.308831219549994,17.52707290649414,86364
2007-04-09,17.79799167633128,18.00870837262053,17.760363905304263,17.828094482421875,6907
2007-04-10,17.624904295382468,18.046336216489564,17.624904295382468,17.782941818237305,45235
2007-04-11,17.760364518628712,18.061388170412638,17.760364518628712,18.001182556152344,41879
2007-04-12,18.166745961616183,18.249526468910922,17.850670916020455,18.023759841918945,170456
2007-04-13,18.061388110061515,18.061388110061515,17.760364459283444,17.805517196655273,87257
2007-04-16,17.910873521772647,17.910873521772647,17.50449159896388,17.60984992980957,41335
2007-04-17,17.609855176269136,17.737789909504965,17.49697184809152,17.617380142211914,198444
2007-04-18,17.542124075744685,17.910878332754457,17.534599110022544,17.632431030273438,49088
2007-04-19,17.782939028907343,17.910873725482976,17.647477895373004,17.752836227416992,16221
2007-04-20,17.90334929552408,18.497870115985872,17.489442357907073,18.430139541625977,96910
2007-04-23,18.106541870101175,18.535498757150826,17.70015987800325,17.775415420532227,52439
2007-04-24,17.76036540730598,18.01623486119765,17.685109858887557,17.790468215942383,28890
2007-04-25,17.737787583664986,17.971080648545463,17.534597324953754,17.579750061035156,33817
2007-04-26,17.775421187013986,17.98613795299121,17.760369778990903,17.963560104370117,128900
2007-04-27,18.061387670929772,18.573126538955176,18.061387670929772,18.460243225097656,183424
2007-04-30,18.13664559541522,18.58818038331854,18.061390042960113,18.445194244384766,100949
2007-05-03,18.663432273429283,18.964455897352213,18.663432273429283,18.828994750976562,140400
2007-05-04,18.851574621036168,19.265481628411276,18.738691293526404,19.182701110839844,269758
2007-05-07,19.182697161527997,19.55144987807722,18.904249909856475,19.483720779418945,160367
2007-05-08,19.03971415437424,19.46867402143891,19.03971415437424,19.348262786865234,68116
2007-05-09,19.34074526923304,19.393424468059003,18.971990877451297,19.054771423339844,64027
2007-05-10,18.979510742976796,19.47619977745785,18.813948222540695,18.99456214904785,20003
2007-05-11,18.81394830281853,19.114972006005825,18.81394830281853,18.94940948486328,22250
2007-05-14,21.071619352149735,21.071619352149735,18.964458153521036,19.558979034423828,184881
2007-05-15,21.071616310693766,21.071616310693766,20.093291399230516,20.266380310058594,133216
2007-05-16,20.319057362299613,20.469568418171637,20.018033777383376,20.371736526489258,145096
2007-05-17,20.46956967345271,20.46956967345271,20.31905860835071,20.44699478149414,131815
2007-05-18,20.469577746884738,20.544833309117383,20.319066622419452,20.47710418701172,217605
2007-05-21,20.469570434769487,20.868425950662097,20.469570434769487,20.8082218170166,140970
2007-05-22,21.064093575237504,21.064093575237504,20.243804612842705,20.60503387451172,391018
2007-05-23,20.319062270229033,21.372642862162714,20.319062270229033,21.2146053314209,367484
2007-05-24,21.14687592200518,22.56168586536242,21.14687592200518,22.17788314819336,603189
2007-05-25,21.974686506942305,22.27571013446867,21.23717957706477,21.560779571533203,366730
2007-05-28,21.861806002804645,23.72062423165522,21.673667132204873,23.389497756958008,920046
2007-05-29,23.780828012647273,24.232362768367555,22.651991859932846,22.8702335357666,263148
2007-05-30,23.163728531375426,23.630314646283733,22.80250076153318,23.020742416381836,188668
2007-05-31,24.38287250603764,24.38287250603764,22.87775722842954,23.487329483032227,418092
2007-06-01,23.615263429460732,24.081849548039695,23.126100943382127,23.4045467376709,429741
2007-06-04,22.922912237343674,23.765776115070096,22.877758026123047,22.877758026123047,113465
2007-06-05,22.591787893842238,23.314243555763372,22.591787893842238,23.208885192871094,300240
2007-06-06,22.817554961105888,24.593591222811977,22.817554961105888,23.92381477355957,782806
2007-06-07,24.277517240836275,24.277517240836275,23.39702408944769,23.645368576049805,388929
2007-06-08,23.35939323136575,23.780825127857696,23.231459995367857,23.532482147216797,84994
2007-06-11,23.36692173426644,24.22483853256106,23.36692173426644,24.111953735351562,653946
2007-06-12,24.232355378114512,24.232355378114512,23.93885824469864,24.081844329833984,741969
2007-06-13,23.630313575943333,24.20978444755939,23.329289956985587,23.540006637573242,938268
2007-06-14,23.517431958598163,24.08185150414256,23.517431958598163,23.84855842590332,97859
2007-06-15,23.78082756019763,23.78082756019763,23.254037267408673,23.314241409301758,140077
2007-06-18,23.366917550562086,24.081848087803635,23.366917550562086,23.63783836364746,155482
2007-06-19,23.63783836364746,23.825978676529505,23.63031339932801,23.63783836364746,39836
2007-06-20,23.780832290649414,24.006600445709918,23.780832290649414,23.780832290649414,67429
2007-06-21,23.795883697409824,23.931343411907864,23.780832290649414,23.780832290649414,68311
2007-06-22,23.856081635146975,24.081849731379535,23.780826094126933,23.78835105895996,169548
2007-06-25,23.705573560213388,23.931340211912527,23.404549884775246,23.713098526000977,2312672
2007-06-26,23.705571242159355,24.03669622154135,23.630315698951854,23.91628646850586,2994330
2007-06-27,23.788349435415224,24.081848087803635,23.404545318504027,23.63783836364746,1887673
2007-06-28,24.014116260419097,24.044219062467356,23.630312163578964,23.773298263549805,69266
2007-06-29,23.75072650388838,25.135432095847875,23.555061198979526,24.29256820678711,629007
2007-07-02,23.479799961312608,24.54843170414828,23.479799961312608,24.39039421081543,118047
2007-07-03,24.53338605678557,24.909665259691867,24.081851307932524,24.834409713745117,334632
2007-07-04,24.17968515755763,25.13543390852695,24.17968515755763,24.382875442504883,155811
2007-07-05,24.285045150395934,24.382875600781773,24.081853390957043,24.089378356933594,47908
2007-07-06,24.09690427917998,24.64627097886378,24.08185287437708,24.104429244995117,56981
2007-07-09,24.578537646371952,24.578537646371952,24.081850182433257,24.473180770874023,88017
2007-07-10,26.324474911425764,26.324474911425764,24.382874661613144,24.744102478027344,126253
2007-07-11,24.834408184876942,25.135430350132275,24.38287199064905,24.42802619934082,194092
2007-07-12,24.72152251089724,24.744097403327544,24.08937248864572,24.149578094482422,117934
2007-07-13,24.10442745353964,24.984920573930598,24.081851084599492,24.495758056640625,1262211
2007-07-16,24.194732627759528,24.533384029711332,24.16462982259906,24.443077087402344,72838
2007-07-17,24.3076116680593,24.826878336599535,24.096896488462463,24.202253341674805,192091
2007-07-18,24.82688922595152,24.82688922595152,24.096907057636084,24.563491821289062,134520
2007-07-19,24.39792047558593,24.984916279340275,24.382869074488802,24.947288513183594,219853
2007-07-20,25.4214052279962,25.737480302174482,24.540912062125386,25.24079132080078,450098
2007-07-23,24.578537057271102,25.285941201595456,24.578537057271102,24.774202346801758,217652
2007-07-24,25.436453845423628,25.436453845423628,24.458130284016207,24.495758056640625,341677
2007-07-25,24.081851042362462,24.510809417335523,24.006595497245616,24.059274673461914,168024
2007-07-26,24.2323642565694,24.83441161661884,23.96896982557384,24.19473648071289,141858
2007-07-27,23.931333467634545,24.081845999522805,23.043315569499875,23.698041915893555,153127
2007-07-30,24.668845472811896,24.668845472811896,23.795878792380424,24.059274673461914,67747
2007-07-31,24.367823637897455,24.52585969561489,23.63784159893282,24.345247268676758,58592
2007-08-01,24.53337979900176,24.53337979900176,23.48732444154749,23.622785568237305,1518782
2007-08-02,24.21731280748451,24.90966560767367,23.795879387219323,24.676372528076172,204335
2007-08-03,24.834406305067247,25.13542844753708,24.834406305067247,24.872034072875977,119740
2007-08-06,25.887991086748837,26.9566216393379,24.834410465266526,25.564393997192383,137049
2007-08-07,26.490036541284464,28.326275323414464,26.339522509159504,26.918994903564453,729273
2007-08-08,26.79105706310907,27.54361539201313,25.88798765769315,26.113754272460938,170225
2007-08-09,26.20406196696678,27.09207847255176,26.20406196696678,26.4749813079834,188442
2007-08-10,26.033478485647997,26.596774763828854,25.272265124154583,26.353185653686523,158910
2007-08-13,27.555906999783282,27.555906999783282,26.528269826909607,26.863203048706055,131205
2007-08-14,27.12962252970305,27.403657645848902,26.520651300158008,26.619609832763672,130604
2007-08-16,26.337963920446043,26.337963920446043,25.272266354562657,25.584362030029297,92620
2007-08-17,24.90688618229196,25.120026308806075,24.51105494451296,24.944948196411133,416599
2007-08-20,25.295104664455764,26.32274484344241,23.97820776147138,24.08477783203125,724747
2007-08-21,24.22179540501151,24.655687196083,22.92773303118087,22.98101806640625,365919
2007-08-22,23.216992106261618,24.054326594678205,23.02668949076477,23.75745391845703,53497
2007-08-23,24.80031632594985,24.80031632594985,24.06193887585992,24.366424560546875,249396
2007-08-24,24.35880740683242,24.724189547737204,23.749837668696085,24.23701286315918,145532
2007-08-27,24.51105535454201,24.952558632465212,24.05432756873951,24.6252384185791,135433
2007-08-28,24.663295496427892,24.9601696512333,24.358811323459506,24.739418029785156,93313
2007-08-29,24.054326963046456,24.777479893239306,24.054326963046456,24.686134338378906,33073
2007-08-30,24.37403106689453,25.40928092697526,24.282685534831963,24.37403106689453,207968
2007-08-31,24.579563922331708,26.03348127048642,24.511054384643423,25.287490844726562,103951
2007-09-03,26.18571693110322,26.8708091594784,26.033474875959783,26.543487548828125,151238
2007-09-04,26.048700308610623,27.099174758982954,26.033477293774357,26.809913635253906,185384
2007-09-05,26.79468694485949,28.621594505875535,26.79468694485949,27.7690372467041,280586
2007-09-06,28.088752049295497,28.773844362266875,27.42649723950753,28.279054641723633,1453605
2007-09-07,28.926092918200634,29.07072351690202,28.126818870664625,28.317121505737305,991811
2007-09-10,27.555896248045162,29.68729379370302,27.555896248045162,28.164867401123047,1176919
2007-09-11,28.591159333007038,28.926092562664376,28.088757998405672,28.804296493530273,479908
2007-09-12,29.535050532154656,29.535050532154656,28.164869081279036,28.454130172729492,241108
2007-09-13,28.355179188168435,28.8728034957305,27.708150293831082,27.951736450195312,82757
2007-09-14,28.164880243751828,28.385631903113662,27.86039601848884,28.096370697021484,49417
2007-09-17,27.670087150768257,28.012634844226753,27.09917929538826,27.350379943847656,106696
2007-09-18,27.3808270153516,28.050693376875763,27.106788880036074,27.662473678588867,135997
2007-09-19,28.469370563173484,28.74340880875553,27.708159837071108,28.30951690673828,489858
2007-09-20,27.860383328459243,28.126806904212003,27.32753319672423,28.05068588256836,149663
2007-09-21,28.08875774943011,28.31712090668628,27.42650280524879,28.081146240234375,92959
2007-09-24,28.164874451316248,28.164874451316248,27.708148207352856,28.012632369995117,38635
2007-09-25,27.86039700854695,27.936518067567768,27.40366767419111,27.64725685119629,129244
2007-09-26,27.63202119432077,28.01262933663957,27.571126156524496,27.79187774658203,155846
2007-09-27,27.784280757327057,29.15446303702947,27.738605729826183,29.093564987182617,574868
2007-09-28,29.306702241528857,31.361976945024416,28.31712542205947,29.930896759033203,291901
2007-10-01,29.930885483453334,30.372388683651828,28.80428998010095,29.025041580200195,73335
2007-10-03,29.306702753987746,29.87000221783526,28.93370893509107,29.71776008605957,154430
2007-10-04,29.245807741897874,32.884404830652436,29.245807741897874,30.577932357788086,472513
2007-10-05,31.339132052897043,31.80346979713445,30.144026966094316,30.448511123657227,154789
2007-10-08,30.235381073789124,30.600763340422414,29.017438198190913,29.59596061706543,145270
2007-10-09,29.093563857205243,35.51820355841735,28.926098696977856,34.52101516723633,874149
2007-10-10,35.015784924071646,36.233727394290234,32.321093839724526,33.5847053527832,918317
2007-10-11,34.10232449727164,35.01577972417104,33.19648077638193,33.47813034057617,1044395
2007-10-12,32.13840838088895,33.53143078897557,32.13840838088895,33.432472229003906,875929
2007-10-15,33.645598191972304,35.01577953479637,33.04423855655823,33.53902816772461,644299
2007-10-16,33.49336644760102,34.40682195035796,32.899621115866594,33.6303825378418,239820
2007-10-17,28.41607518720038,33.85874749680678,28.41607518720038,33.52381134033203,124826
2007-10-18,33.22693146679725,33.95008417900446,32.27541568133393,32.435272216796875,190598
2007-10-19,31.986160299372358,33.942478724328495,31.963325776113265,33.363956451416016,175188
2007-10-22,31.97093951474368,33.569487384549966,31.97093951474368,33.46291732788086,874631
2007-10-23,33.797850514456485,33.797850514456485,33.03663710120443,33.46291732788086,382469
2007-10-24,33.94248179952471,35.31266358772397,33.34112196863967,34.399208068847656,782904
2007-10-25,35.47251599298509,38.51736637094933,34.71130265343651,35.86834716796875,1240192
2007-10-26,36.97972530463492,38.053034545875846,36.081492698747006,37.581085205078125,376788
2007-10-29,38.82185936549245,44.91156449001462,38.82185936549245,40.245330810546875,666149
2007-10-30,40.245315717938055,41.63833166276806,35.01578164879904,40.29859924316406,770916
2007-10-31,41.09026995981484,41.09026995981484,37.299431737429416,40.75533676147461,166151
2007-11-01,38.144376477489665,42.28537375936348,38.144376477489665,40.70966339111328,222665
2007-11-02,38.1367681405473,41.859099992861985,38.1367681405473,41.227291107177734,364113
2007-11-05,40.18442968389718,41.866710196500115,40.18442968389718,41.06743621826172,360049
2007-11-06,40.34428167995632,41.866708528343494,40.34428167995632,41.3110237121582,243807
2007-11-07,41.86670687974403,42.62791729373279,40.34428009130597,41.55461120605469,77307
2007-11-08,39.91038642602058,41.866704843418376,39.91038642602058,41.562217712402344,100441
2007-11-12,40.34428386179546,44.987682722240265,39.58307039643507,43.35107421875,492444
2007-11-13,42.323451770962194,44.15036352972209,41.128346126205884,42.38434982299805,1219670
2007-11-14,42.627928359166006,44.744101011927256,42.47568623684897,43.472877502441406,513063
2007-11-15,40.58786522940128,46.281734660592896,40.58786522940128,45.59664535522461,440764
2007-11-16,44.44722097540075,46.96683288128936,44.44722097540075,46.41114807128906,234863
2007-11-19,46.73846599174777,47.49967934624893,45.992475652639996,46.69279098510742,149427
2007-11-20,45.063796206188194,46.8069744810268,45.063796206188194,45.93157958984375,152496
2007-11-21,44.165570998870606,46.433985385446306,44.165570998870606,46.07621765136719,440317
2007-11-22,45.67277145385742,46.12949770808315,44.68319492280472,45.67277145385742,709624
2007-11-23,44.16557961586503,46.266529298574575,44.16557961586503,46.205631256103516,256878
2007-11-26,46.43399864954956,46.57863225857246,45.23128157334407,45.8326416015625,64386
2007-11-27,46.43398832073933,46.89071761857104,45.216048493572636,45.710838317871094,275557
2007-11-28,46.89071909867561,47.415957956772765,45.825021343737184,46.730865478515625,130758
2007-11-29,47.804172886155136,48.40553277623082,46.28174587810172,47.5986442565918,175152
2007-11-30,47.210412817888965,49.6158426901663,47.210412817888965,48.88507843017578,91065
2007-12-03,49.63108109486778,51.15350503039433,49.47883899933818,50.23244094848633,131220
2007-12-04,51.61022825057934,51.61022825057934,48.71762264691901,49.47883605957031,2683683
2007-12-05,50.54453325620084,51.00125951213847,45.6803831332675,49.9964599609375,513853
2007-12-06,50.255256833398626,51.61021217310812,49.95838426118931,50.194358825683594,46902
2007-12-07,51.511269178606355,51.511269178606355,50.24004605479621,50.62065124511719,66746
2007-12-10,51.30575648732748,51.76248881771407,50.240061624170345,50.498870849609375,115851
2007-12-11,51.67112599952866,51.67112599952866,49.9355620506152,50.361839294433594,266407
2007-12-12,50.24005117971914,53.36102001917743,48.74046180851509,53.24684143066406,3400543
2007-12-13,52.52368678880323,52.67592887545803,51.45798622175899,52.37144470214844,156693
2007-12-14,52.5236969552838,56.93873024376753,52.5236969552838,55.8730354309082,530726
2007-12-17,57.96445427970059,59.384182752330986,54.49910639564864,57.14773178100586,1993538
2007-12-18,57.14773178100586,57.14773178100586,57.14773178100586,57.14773178100586,0
2007-12-19,57.39962025231207,61.24661322288256,57.12483333248646,59.57500076293945,396976
2007-12-20,61.055792631762564,61.246612229966935,57.39961932176299,59.75056076049805,300014
2007-12-24,61.063418672741996,64.11659199707785,59.246786461741564,63.299869537353516,319832
2007-12-26,64.42190559409836,64.42190559409836,61.063416265098745,62.116764068603516,285630
2007-12-27,62.58997555422656,66.40643740537764,60.1474416429782,63.65095520019531,609671
2007-12-28,64.71196841490222,64.71196841490222,60.75811075588415,61.51377487182617,290182
2007-12-31,63.81128210888089,63.81128210888089,61.5214048797602,62.12440490722656,165730
2008-01-01,62.590011278982104,63.658623837008115,60.30013405663771,60.628353118896484,207932
2008-01-02,61.063427047655665,62.42972352291807,60.300136600259044,61.9793815612793,1415775
2008-01-03,62.43734753494117,62.43734753494117,59.5368382434178,60.24669647216797,692895
2008-01-04,61.04815434922724,61.3687410760755,58.910935402808725,59.75056076049805,310852
2008-01-07,59.53683050930068,61.06341100297824,58.20106361221364,59.66659164428711,3237132
2008-01-08,60.30013349843042,61.521404128190746,58.773546705416855,61.0557975769043,542780
2008-01-09,61.21608484342504,61.82671713879432,60.60544657130866,61.093955993652344,265499
2008-01-10,61.06341602767393,61.82671231406782,60.63597704031942,61.200809478759766,148498
2008-01-11,60.30010869039814,62.27703660855821,60.14745067157647,61.69693374633789,181387
2008-01-14,61.82671683932984,62.42971682576103,60.69703992627188,62.2541618347168,85569
2008-01-15,61.96408406622536,61.96408406622536,61.29238763360484,61.643497467041016,56391
2008-01-16,59.68950216667566,62.57474712959947,59.68950216667566,62.292327880859375,267521
2008-01-17,61.5366720405693,62.43735596581004,61.06342718075373,62.0633430480957,607793
2008-01-18,61.82670609149737,62.94111222212125,61.21607390523683,61.910667419433594,368516
2008-01-21,61.06341148401388,61.9793657641821,58.16290254643123,59.91847610473633,1473942
2008-01-22,50.69789163538248,59.2315005634767,48.8507247020767,51.911529541015625,336664
2008-01-23,59.69712307049229,60.9107552055091,50.392584136129265,59.55209732055664,201020
2008-01-24,60.300122830063685,61.2160771345191,57.3385493983754,58.223968505859375,375854
2008-01-25,56.80425120186855,60.91076681308858,56.63632850470455,60.498592376708984,182156
2008-01-28,59.98718532887786,59.98718532887786,57.70494042272006,59.62843704223633,75373
2008-01-29,60.742823513334585,60.742823513334585,58.01023756262193,59.19334030151367,35367
2008-01-30,59.07886129734021,59.53684150678647,57.24695838979682,58.96437072753906,86041
2008-01-31,59.52157464467926,60.45278768728805,56.48366586708702,59.95664596557617,247051
2008-02-01,60.1474813460669,60.30013944274236,58.63615901688227,60.025352478027344,49915
2008-02-04,59.704765784737134,61.36874604656413,58.773546705416855,61.0557975769043,153866
2008-02-05,59.78106706969516,61.52137556432462,59.78106706969516,61.238956451416016,69753
2008-02-06,60.910738097785085,61.20078951619095,57.414862447794775,60.780982971191406,47508
2008-02-07,61.06342217227985,61.06342217227985,60.300131785825236,60.857337951660156,87227
2008-02-08,60.315375748194526,60.91074324114423,59.38416299088611,60.177982330322266,304340
2008-02-11,60.15509681076775,60.880225555325815,58.01024577392809,59.11701965332031,240533
2008-02-12,59.842145163027226,59.842145163027226,55.26238586234369,57.23168182373047,2705005
2008-02-13,57.24695256483298,58.77353916191118,49.537699513545306,56.32337188720703,785788
2008-02-14,57.70495062197742,61.06343500491913,56.636337879622005,60.73522186279297,604826
2008-02-15,72.10065324605027,72.10065324605027,58.77355631346043,60.75811767578125,69025
2008-02-18,59.842167286005065,61.216096181810826,59.53685108177005,61.010005950927734,93343
2008-02-19,61.06342537029899,61.292418474975435,60.30013494386926,61.01763153076172,2021813
2008-02-20,61.826713525969524,61.826713525969524,58.132378792067286,59.4376106262207,2280831
2008-02-21,60.0100639932939,60.0100639932939,57.552264833068065,59.52156066894531,143115
2008-02-22,58.78881539821042,60.45278962960343,58.33083519135949,59.7429313659668,138445
2008-02-25,59.536834716796875,59.95664139385308,53.43812668564348,59.536834716796875,379385
2008-02-26,60.45280461132736,60.45280461132736,59.53685592412478,59.605552673339844,138091
2008-02-27,58.92620001438557,60.17799976838423,58.92620001438557,59.75056076049805,87601
2008-02-28,60.13218399782083,60.13218399782083,58.92617851849574,59.54444885253906,53312
2008-02-29,59.68948328355896,60.139825087069106,58.4071486101019,59.636051177978516,836760
2008-03-03,57.544631860898534,60.529101808186525,57.544631860898534,59.30020523071289,57145
2008-03-04,58.01023911788282,59.3994320306814,56.88056247629627,58.445316314697266,105408
2008-03-05,59.00251688163939,59.055948987886595,58.056039438092775,58.58271026611328,72930
2008-03-07,57.857599344626486,57.857599344626486,53.49156139001849,56.361541748046875,149499
2008-03-10,55.27766359488005,56.7660827210781,52.21685802743204,53.361793518066406,444315
2008-03-11,52.361881519492556,54.95707449594763,52.361881519492556,53.20913314819336,493168
2008-03-12,54.9570748602212,55.415049039675964,51.140611411271756,53.8274040222168,534369
2008-03-13,53.43048305909956,53.73580512561815,50.37731618462715,51.4611930847168,1125895
2008-03-14,51.90392099181473,53.73582415595816,50.07201483929726,51.65203094482422,1106749
2008-03-17,48.85074352344515,51.1406208186931,47.47681475559733,48.83547592163086,1355263
2008-03-18,49.537695860662474,49.919340987603064,47.339412757389255,48.7744026184082,1517709
2008-03-19,50.072002930937025,50.072002930937025,48.117974350025,48.58358383178711,772938
2008-03-24,47.6600021780682,48.827840590414056,46.866176632694604,48.194305419921875,661808
2008-03-25,47.5684030937569,55.40742322676248,47.5684030937569,53.96479797363281,170389
2008-03-26,53.4304836954089,53.4304836954089,52.06419357973042,52.65956115722656,180098
2008-03-27,53.125170893367965,54.80441548789929,51.010849045750255,52.70536422729492,314075
2008-03-28,52.63667920062846,53.42287254828491,50.77424093880625,51.84285354614258,302775
2008-03-31,51.89627723812854,52.05656760899666,50.52998097946141,51.53752899169922,367305
2008-04-01,51.132979952736726,51.132979952736726,49.23238050210363,50.20176696777344,315799
2008-04-02,52.05657300340212,52.05657300340212,50.54525082843341,51.3848762512207,275126
2008-04-03,52.80459252514415,52.80459252514415,49.79721912186525,50.102535247802734,287765
2008-04-04,50.224667674497645,50.224667674497645,48.850739032945285,49.36977767944336,1445795
2008-04-07,51.598578806342694,51.598578806342694,48.850728114165776,49.61402130126953,105808
2008-04-08,49.60640301053052,49.61403531699934,49.018664610077835,49.36214828491211,152537
2008-04-09,50.37731510861009,50.37731510861009,48.85072871560751,49.270538330078125,388888
2008-04-10,49.59113429926836,49.614031216782585,48.85073787713237,49.57586669921875,90521
2008-04-11,50.010939449311905,50.22466192360353,49.06445591366226,50.033836364746094,120721
2008-04-15,49.629292713936,50.377321394966984,49.087354207840484,50.178863525390625,74351
2008-04-16,50.369686906311316,50.453648238368665,48.69807463995364,49.240013122558594,820944
2008-04-17,49.30870782160111,50.03383658094777,49.30870782160111,49.62929153442383,29357
2008-04-21,49.60639705145377,50.224664603511016,49.00339411050048,49.67509078979492,78729
2008-04-22,48.85072884615734,50.20938661560592,48.85072884615734,49.53769302368164,35187
2008-04-23,49.61403531699934,49.61403531699934,48.86600652720647,49.36214828491211,315121
2008-04-24,49.30871658873839,49.461377661301924,48.797313202052074,49.04156494140625,558185
2008-04-25,49.40792878440274,49.40792878440274,48.545409705864266,49.087345123291016,117965
2008-04-28,48.70571759826213,49.591139884537284,48.70571759826213,48.94233703613281,135725
2008-04-29,49.30869932097731,49.8888022284472,48.86598983651296,49.13314437866211,189684
2008-04-30,48.85072708387801,49.76667829141005,48.85072708387801,49.3392333984375,806581
2008-05-02,49.59876193739332,49.911713361519496,49.3163457123325,49.453739166259766,48832
2008-05-05,49.60640056806485,50.52998431466115,49.30871373507441,49.316349029541016,723582
2008-05-06,49.3163365160269,49.5376912667998,48.77439809532928,49.2247428894043,334503
2008-05-07,49.163680926937936,49.614025770806435,48.392758354444865,48.59121322631836,119140
2008-05-08,48.54541625275459,48.85073235877567,47.72105858277529,48.50725173950195,74536
2008-05-09,49.61402176492596,57.704924842440825,46.331861926219005,47.347042083740234,306577
2008-05-12,46.58374892593842,54.77388093197062,45.49223974697708,48.026371002197266,687261
2008-05-13,50.06438893909622,50.06438893909622,47.58368270827132,48.06455993652344,359330
2008-05-14,47.4767906607595,49.61401177182502,45.49986285133796,46.66006851196289,1084688
2008-05-15,46.866170666624264,49.15604738838526,45.797561330577594,48.720970153808594,261409
2008-05-16,48.850740954474844,50.05674396918688,47.97295400683711,48.89653778076172,39888
2008-05-20,48.13324623019306,49.61403623589291,48.0874494021582,48.988136291503906,596929
2008-05-21,48.10270876637766,50.377324155551754,48.10270876637766,49.89645004272461,79811
2008-05-22,48.850736748462296,50.37732339249177,48.850736748462296,49.9727783203125,37496
2008-05-23,49.919349228966524,52.20922933377381,49.308713936676526,51.56806182861328,661613
2008-05-26,50.987947970740656,53.35415362496656,49.91933867640899,52.38477325439453,391890
2008-05-27,54.01822708985318,54.01822708985318,51.15587365862828,52.346614837646484,336695
2008-05-28,53.430494575124996,53.430494575124996,50.072007898642845,51.026126861572266,75203
2008-05-29,51.713079035850456,53.430485094621986,50.56813767883866,52.239749908447266,97623
2008-05-30,51.9191823922912,53.430498673683616,50.377330906950306,52.90382766723633,87719
2008-06-02,53.43049287716372,53.43049287716372,51.44593195222466,51.85811233520508,102493
2008-06-03,51.140597200384,52.63665413832553,49.24763360092952,51.34668731689453,147174
2008-06-04,51.980226077825755,51.980226077825755,49.995662741264496,50.36967849731445,93292
2008-06-05,50.37732979753001,51.75125257276672,48.911807389212804,50.8658332824707,122045
2008-06-06,50.392590887202175,51.81231337970813,49.65219742818186,50.27046203613281,199260
2008-06-09,48.85074045912441,49.62166614535976,46.88144407664747,48.186676025390625,101698
2008-06-10,48.62174996916672,48.62174996916672,45.87389578480791,47.18675994873047,553864
2008-06-11,50.06437326717629,50.06437326717629,45.644906844701474,46.339500427246094,832726
2008-06-12,45.81282924347804,47.17149016720722,45.53041003820552,46.36240005493164,186970
2008-06-13,46.102870264283915,47.01882140829943,45.64489618646246,46.55321502685547,198839
2008-06-16,47.62946749257446,48.522521931825544,46.10288090411196,46.44636154174805,289089
2008-06-17,47.110431940262224,48.85074123281588,46.492164322558885,48.301170349121094,74865
2008-06-18,48.92706386676975,49.15605095789935,48.102706154980574,48.743873596191406,78349
2008-06-19,48.08744777410551,48.22484124193226,46.63719302069388,47.27072525024414,55375
2008-06-20,47.52260981302782,48.240103351971946,46.278442337529206,46.84328079223633,88540
2008-06-23,46.0494509487046,47.01883141270973,45.759399442353065,45.95022201538086,206891
2008-06-24,45.87389600774534,46.71351837274426,44.881615574269055,45.6449089050293,412873
2008-06-25,44.72895617364526,46.408197865257414,44.42363705741031,45.881526947021484,204725
2008-06-26,46.690624068472204,46.86618206363176,45.18693713217941,45.76704025268555,320510
2008-06-27,45.70597582261949,46.545598288345666,44.57630179664025,45.76704025268555,146132
2008-06-30,44.423633901476215,47.171487822138225,42.042160503569136,43.912227630615234,303524
2008-07-01,41.675781499029156,45.476980308179485,41.675781499029156,43.46188735961914,242299
2008-07-02,42.08033206872653,45.03427664910464,42.08033206872653,44.50760269165039,393840
2008-07-03,41.99636379209792,44.568662751275575,41.99636379209792,44.17938232421875,92179
2008-07-04,42.02688879031388,44.27096836580499,42.02688879031388,42.91230773925781,441888
2008-07-07,42.912319098801525,45.49224761493777,42.912319098801525,45.293792724609375,122979
2008-07-08,43.103143675208685,54.34644416842308,43.103143675208685,47.20965576171875,16191296
2008-07-09,46.56084921922532,48.01110659431557,45.49223993733546,45.782291412353516,284542
2008-07-10,45.64491133509372,46.37003719896576,44.736592193247795,45.69070816040039,149365
2008-07-11,45.64489538547879,45.789921105251835,45.20981822615965,45.469337463378906,410687
2008-07-14,45.96548451181484,45.96548451181484,44.591559060831514,45.01900100708008,126514
2008-07-15,43.507694551677126,45.03428147882767,43.507694551677126,44.59157180786133,111289
2008-07-16,42.02689876961112,45.33958831106013,42.02689876961112,44.1717529296875,160491
2008-07-17,42.026882134626334,45.0342543586392,42.026882134626334,43.32447814941406,163364
2008-07-18,42.02690072763331,43.96566479924337,41.98110390411458,42.64516830444336,616706
2008-07-21,42.13376465093535,44.2709837524569,41.40100347459954,42.668067932128906,453880
2008-07-22,42.44670020354623,43.202361057372755,41.981093797841666,42.62989044189453,679676
2008-07-23,43.202352515660756,45.30140604344728,41.21779249065835,43.110755920410156,844031
2008-07-24,45.21675407682927,45.65808544430469,43.22690861328237,44.775428771972656,400547
2008-07-25,44.82963381160496,46.238786748727954,43.86180929195223,45.51872634887695,307198
2008-07-28,42.88623473800385,46.7652740524539,42.88623473800385,45.83616256713867,325667
2008-07-29,44.938025223282054,47.175634914223906,44.22570687152194,45.588401794433594,470414
2008-07-30,45.68131418639149,46.45557431403211,45.410324202675625,46.02198791503906,1375163
2008-07-31,46.00650033925729,46.61042511015495,44.61283455318401,45.162559509277344,1010952
2008-08-01,42.63072733379068,46.30071834094494,42.63072733379068,46.00649642944336,391741
2008-08-04,45.216749403044794,48.85576927790671,45.216749403044794,48.11248016357422,349596
2008-08-05,46.610421105500535,49.088052661692615,44.233444174361665,47.237571716308594,549225
2008-08-06,46.610423684542724,48.91771700533543,46.610423684542724,47.98860549926758,190280
2008-08-07,46.76528329208015,48.76287413800819,46.76528329208015,48.51511001586914,1949950
2008-08-08,47.69439557122312,50.326879171962524,47.69439557122312,49.87006378173828,72766
2008-08-11,50.017160470554046,53.26131007372414,50.017160470554046,52.91289138793945,1131186
2008-08-12,49.552618445774584,55.25117205271286,49.552618445774584,54.76338577270508,285471
2008-08-13,54.97243177304067,54.97243177304067,51.875391143177744,54.10525894165039,104279
2008-08-14,54.12074053377273,54.12074053377273,52.95935489470757,53.74909591674805,322834
2008-08-18,53.42390623608227,53.87297653788137,53.11420341589238,53.632957458496094,115302
2008-08-19,51.271465191727046,53.73360992729042,51.271465191727046,53.330997467041016,344295
2008-08-20,52.95936052634832,53.57876626638333,52.51803211778743,53.129695892333984,291773
2008-08-21,53.11421286065325,53.11421286065325,50.32687788937258,52.03024673461914,454717
2008-08-22,52.03024514044028,53.73361696480639,51.72054227466821,52.58771514892578,1404583
2008-08-25,50.34236627142226,54.1672098505575,50.34236627142226,52.727088928222656,285230
2008-08-26,52.64965797851352,55.27439648685542,51.317930779193055,52.696109771728516,152968
2008-08-27,50.01716881227785,53.361970565792,50.01716881227785,52.54900360107422,164734
2008-08-28,52.54900360107422,52.54900360107422,52.54900360107422,52.54900360107422,0
2008-08-29,49.70746377069505,52.76578842947203,49.70746377069505,52.63416290283203,117529
2008-09-01,52.49480099147321,53.0213031539991,51.96830489156722,52.84321975708008,56637
2008-09-02,52.2857525362174,52.912900212605265,52.03798540161815,52.54900360107422,222522
2008-09-04,49.242905635427284,52.78901017273354,49.242905635427284,52.44059753417969,216974
2008-09-05,52.471576985401484,52.80450573069574,51.720539692001644,51.85216522216797,232236
2008-09-08,52.494795248882504,52.72707844229007,51.883131531544635,52.40963363647461,200630
2008-09-09,52.06122151362058,52.72708513140156,50.47398818925336,52.541259765625,111935
2008-09-10,51.13209711024779,52.64964942370748,51.13209711024779,52.370914459228516,235181
2008-09-11,52.332204960375634,52.33994086208234,50.49720481842861,51.093387603759766,374043
2008-09-12,51.25599398650659,51.875399790684895,49.86232486448496,50.923065185546875,499572
2008-09-15,51.10112538969016,51.10112538969016,48.77834530944468,49.4829216003418,473426
2008-09-16,47.237587790172185,49.080327398665354,47.22984279229473,48.25960922241211,896558
2008-09-17,48.058293961439986,48.62350288495682,47.22983397331363,47.686649322509766,216312
2008-09-18,46.765270003441366,49.242901426867775,45.85164252560582,47.29951095581055,462640
2008-09-19,47.84923474602227,51.10112631071479,47.24531306617112,48.979652404785156,266053
2008-09-22,49.55260401624895,50.31912205888697,49.24290122632286,49.62228775024414,39657
2008-09-23,48.49187757049264,49.5526147048881,47.53954007352437,48.894493103027344,48981
2008-09-24,48.94867903626811,49.552600648098355,48.31378654128857,48.638973236083984,32637
2008-09-25,48.65447035417364,48.65447035417364,47.074979234174,47.849239349365234,227058
2008-09-26,47.384684995968996,48.468647942355155,46.78076022802153,47.96537780761719,40149
2008-09-29,47.903448991819836,47.91119095798508,45.83617427233206,46.91239547729492,273853
2008-09-30,45.82067450101556,48.00408402085576,45.44902994045011,47.53178787231445,226124
2008-10-01,46.88915817554827,49.513899459944724,46.45557480329834,47.91118240356445,317343
2008-10-03,47.849231649185974,47.849231649185974,45.526454708716734,46.06069564819336,158879
2008-10-06,45.23224213210485,45.83616385672353,38.0935689383645,38.79814529418945,94401
2008-10-07,35.30624019117658,43.28885853374853,35.30624019117658,40.24601745605469,872250
2008-10-08,35.93338518364104,40.26149493420566,33.13056671028387,36.9244384765625,114522
2008-10-10,34.067417543770006,35.64690548065791,33.29315750299173,35.37591552734375,2016122
2008-10-13,35.92563815918105,39.177526487410695,33.46349374949601,37.07928466796875,550370
2008-10-14,39.02268626827353,39.17753770472022,36.69990562764336,37.17994689941406,1658095
2008-10-15,31.837554340572485,38.38779012987128,31.837554340572485,37.42770767211914,99717
2008-10-16,35.15138766279247,38.55812830339696,31.280089689058798,37.23414611816406,90613
2008-10-17,36.85476598427829,38.48070935808159,35.77080272463928,36.35923767089844,58069
2008-10-20,38.40328128671056,38.55813273846177,34.08291244508664,34.779747009277344,348934
2008-10-21,34.37712749296457,36.777333815137624,33.48672871569342,34.098392486572266,104854
2008-10-22,34.051945157008085,34.06743212261052,31.280096601779995,33.022178649902344,63683
2008-10-23,31.1252375221025,34.84168094306223,30.81553163020683,32.85957717895508,160357
2008-10-24,32.9060392892057,33.29317098198265,30.81553845466584,32.00015640258789,133760
2008-10-27,30.815530374867922,32.51890210131914,29.452835418754695,31.272342681884766,614915
2008-10-29,32.51890485825287,33.12282667551726,31.760131603875543,31.89949607849121,2994155
2008-10-31,30.98586673782085,34.0674201804596,30.98586673782085,33.23896026611328,566478
2008-11-03,34.06742359157488,36.08049823618306,31.891752521065946,33.177024841308594,37686
2008-11-04,32.67376777380805,33.60287975419679,31.93047818949705,33.18478012084961,33981
2008-11-05,33.79644097007493,34.22228556337442,33.316399572319334,33.610618591308594,29080
2008-11-06,33.448011596795276,34.68682594295525,32.364048664991614,33.12282180786133,374304
2008-11-07,32.000149779871904,33.58738302601331,31.744643703659108,33.10734176635742,570085
2008-11-10,33.449611067205915,34.38308865618734,32.36055438765329,33.64408493041992,113844
2008-11-11,32.96731244860196,34.21194815792355,32.67948931777329,32.873966217041016,33663
2008-11-12,32.67171868468166,32.67171868468166,31.57488345439247,31.917158126831055,55144
2008-11-14,32.516135745770185,32.516135745770185,30.96033864045466,31.847143173217773,368665
2008-11-17,31.893816617059727,31.893816617059727,31.427079308077825,31.598215103149414,391079
2008-11-18,31.131475329259803,31.81602454645424,30.35357683032747,31.17037010192871,1010439
2008-11-19,31.115918727390213,31.39596355526063,30.026861937398095,30.78142547607422,1584199
2008-11-20,30.78142547607422,30.78142547607422,30.78142547607422,30.78142547607422,0
2008-11-21,30.260227201878706,30.960336147451628,29.723478736086825,30.36135482788086,1728736
2008-11-24,29.24896392553957,31.46597537052434,29.24896392553957,30.353580474853516,1404172
2008-11-25,30.493616040412128,32.67173060171132,30.493616040412128,31.038143157958984,658590
2008-11-26,30.0268555188922,32.20497167883935,29.715697372708547,31.123693466186523,1050553
2008-11-27,31.123693466186523,31.123693466186523,31.123693466186523,31.123693466186523,0
2008-11-28,30.33802147210834,35.16098872267724,30.33802147210834,34.58534240722656,129254
2008-12-01,34.98986037817297,35.47215755237976,33.08400977119082,33.73744583129883,249350
2008-12-02,32.38388871853008,34.07192668734602,31.582655201318932,32.228309631347656,137342
2008-12-03,31.893810405150177,32.36055066878022,31.115911996136006,32.05717086791992,283536
2008-12-04,32.6483806607007,32.6483806607007,30.960339447824946,31.341508865356445,3105096
2008-12-05,31.11591535704747,31.86269742307434,30.51693403515317,31.147031784057617,1194654
2008-12-08,31.58266058517843,33.13845781332591,30.843656749530645,31.419300079345703,787163
2008-12-10,32.67171511388667,32.67171511388667,30.5324963607814,30.913665771484375,1964000
2008-12-11,30.38469871807595,30.758089821022086,28.626649195500775,29.606800079345703,548122
2008-12-12,29.24118716640725,29.707927565364287,28.128795255909864,29.513450622558594,705632
2008-12-15,31.11591004144655,31.11591004144655,29.622349210095337,31.061458587646484,106034
2008-12-16,30.50916040640753,31.816029223992288,30.338024599725927,30.835878372192383,100964
2008-12-17,31.58265772840424,31.808248031980185,30.18243974061574,31.108139038085938,98244
2008-12-18,30.851436540351173,31.427082942668576,29.77016104038103,30.92144775390625,9667799
2008-12-19,31.092585073491932,31.62933362340855,30.361359586424413,30.80476188659668,8686076
2008-12-22,31.100362494633213,31.582659558773667,30.338023644037897,30.493602752685547,151166
2008-12-23,30.33802486459186,31.02257418840402,30.127991232134764,30.65696144104004,66546
2008-12-24,30.960336509863637,30.960336509863637,29.855723138460174,30.34579849243164,96941
2008-12-26,30.345808209365746,31.092590520362123,30.182447675363306,30.338029861450195,34448
2008-12-29,30.338029861450195,30.804767283045344,30.198007416749583,30.338029861450195,35367
2008-12-30,30.4157977674129,30.905872929243348,30.050185220245627,30.400238037109375,69025
2008-12-31,30.49359306888482,30.796972843514833,29.956844705393813,30.330232620239258,39693
2009-01-02,30.182437894443964,30.47803938388369,30.0268588043292,30.283565521240234,727087
2009-01-05,30.96034284114164,31.504872815550005,30.3380263510233,30.874774932861328,3849738
2009-01-06,30.6491783284352,30.78142238287481,30.299125374328213,30.34579849243164,2648634
2009-01-07,30.75808668440939,30.75808668440939,29.451217957368257,30.0579776763916,208779
2009-01-09,28.984484638602883,30.493609001981913,28.984484638602883,30.338029861450195,3662347
2009-01-12,30.338029861450195,30.944789727745956,29.56790946115199,30.338029861450195,55708
2009-01-13,30.322460410602826,30.493599237720986,30.19021940171742,30.34579849243164,71057
2009-01-14,30.338025815070914,31.084808026464103,29.886845149483758,30.314687728881836,82921
2009-01-15,29.560127243029907,30.33802588939605,29.560127243029907,30.24467658996582,1606296
2009-01-16,30.338025635825485,30.618067440665982,30.042424091765948,30.322465896606445,157314
2009-01-19,30.960336876599957,30.960336876599957,30.06575404884235,30.229114532470703,378071
2009-01-20,30.283559558466912,30.330232667200658,30.026852892100912,30.260221481323242,121034
2009-01-21,30.353577139133428,30.353577139133428,29.871280125799757,30.197998046875,493932
2009-01-22,30.27579105529348,30.493603027585593,28.782226725924243,28.87557601928711,5519872
2009-01-23,29.404545425758226,30.166884262850328,26.759691488932457,29.964632034301758,317774
2009-01-27,29.56013257912246,30.182449172109983,27.864312553898674,29.676816940307617,3162908
2009-01-28,29.715704281588337,29.855726698147635,28.782226580450626,29.567903518676758,28511
2009-01-29,29.70014479238313,29.847945541378113,28.89890819134056,29.085603713989258,39821
2009-01-30,29.87127625303954,30.711407506089394,27.732057920723683,29.272294998168945,606771
2009-02-02,28.704438552995015,29.70792751580149,28.548859435453807,28.79778480529785,89572
2009-02-03,29.54457041985826,29.54457041985826,28.782231437595044,29.21785545349121,61009
2009-02-04,28.62664821414483,29.715705052811096,28.48662579395148,29.233407974243164,51146
2009-02-05,29.71570903139897,29.71570903139897,28.548862479854687,29.295644760131836,37768
2009-02-06,28.82111589391621,29.56011956837524,28.805559204160858,29.529003143310547,4687243
2009-02-09,28.797786506031454,30.02686587097034,28.797786506031454,29.140064239501953,2998327
2009-02-10,29.015602031720988,29.995753085805397,28.85224453789201,29.73126792907715,75054
2009-02-11,29.521228470045248,29.52900681589033,28.393276955876996,28.91446876525879,3778178
2009-02-12,29.0155816599115,29.560111332953166,28.626634068848265,28.821107864379883,69040
2009-02-13,29.505673396565264,30.15133102374066,28.66554491030658,30.08131980895996,87206
2009-02-16,29.27230745871222,29.871288968555366,28.665547601064382,29.06227684020996,26340
2009-02-17,28.159908647793216,29.521232019889847,28.159908647793216,28.828901290893555,9724
2009-02-18,28.54885476624283,29.40454281832506,28.245474927544784,28.618865966796875,80976
2009-02-19,29.24895855409077,29.24895855409077,28.315484069384258,28.72776985168457,14727
2009-02-20,27.84875615907752,29.248971554028127,27.84875615907752,28.852245330810547,36721
2009-02-24,28.774445058892876,29.124498016108877,28.284369700568785,28.618865966796875,3529557
2009-02-25,28.78222471180358,29.07004787258792,28.408833655590403,28.81334114074707,43854
2009-02-26,28.478848223449315,29.863506633342702,28.478848223449315,28.79778480529785,15836
2009-02-27,28.782226725924243,29.054490168512093,28.369940866069385,28.87557601928711,27726
2009-03-02,28.77444434366302,29.093380865421356,28.33104211487828,28.75110626220703,34669
2009-03-03,28.626652737635293,28.937811013406833,28.34660785299681,28.766672134399414,87021
2009-03-04,29.560117435185493,29.560117435185493,28.35437356287588,28.743324279785156,387385
2009-03-05,28.77444673135551,28.92224748654821,28.33104446577742,28.696657180786133,181043
2009-03-06,28.6266400918853,28.906681807260902,28.237689373433806,28.704429626464844,197572
2009-03-09,28.62663886166748,28.78221792414062,28.346594112772905,28.471059799194336,433626
2009-03-12,28.743323158522337,28.766658190561117,28.33881576875998,28.471059799194336,202719
2009-03-13,28.782221129819284,28.922243519861848,28.40105177519584,28.63442039489746,360244
2009-03-16,28.782221311737516,28.821116081933617,28.416608644561727,28.72776985168457,154615
2009-03-17,28.704437310183135,28.93780597639082,28.50996342167673,28.735553741455078,98270
2009-03-18,28.704433382580717,28.813339354353715,28.377715467261726,28.673316955566406,148390
2009-03-19,28.704438752256493,28.782228311567103,28.315490955703456,28.688879013061523,153250
2009-03-20,28.743330905327472,28.774447335319227,28.253255508232158,28.60331153869629,161676
2009-03-23,28.704431301335628,28.782220840454105,28.595525337458973,28.7822208404541,43988
2009-03-24,28.782222688963635,28.782222688963635,28.595527173978173,28.75110626220703,43090
2009-03-25,28.93781402192925,28.93781402192925,28.393286982717253,28.58776092529297,149027
2009-03-26,28.766669268128222,28.782229007699524,28.59553345172766,28.758893966674805,155595
2009-03-27,28.782224477092125,28.91446853763496,28.64220207076544,28.790002822875977,31318
2009-03-30,29.40453848323451,29.40453848323451,28.59552366894273,28.704429626464844,137126
2009-03-31,28.743336163476513,28.78223094669279,28.579978683079172,28.65776824951172,158546
2009-04-01,28.704438878831606,28.782228438485234,28.54885975952435,28.64998435974121,34730
2009-04-02,28.642200291336,28.782222688963635,28.595527173978173,28.75110626220703,116497
2009-04-06,28.70443085110129,28.78222038899962,28.175460775171075,28.44772720336914,524820
2009-04-08,28.70443536628064,28.906687587519595,28.004326369515304,28.502180099487305,178841
2009-04-09,28.751106976856786,28.751106976856786,28.39327567414683,28.618865966796875,153045
2009-04-13,28.78222471180358,29.56012325317342,28.23769481917838,28.81334114074707,77312
2009-04-15,28.821116870896688,33.916347133835686,28.78222209963586,29.046707153320312,908217
2009-04-16,29.544559600036976,34.85760462380435,29.40454025668122,33.0839958190918,9450957
2009-04-17,34.22750573881342,36.172250244629915,31.92492692824742,33.57406997680664,689139
2009-04-20,34.22750228709237,35.61216016250263,33.62852108843486,35.083187103271484,394903
2009-04-21,34.18861734974921,34.53867032971293,33.138455364303624,34.20417404174805,256123
2009-04-22,34.38309300693967,34.67869453465133,33.29403618958045,33.457393646240234,67773
2009-04-23,32.9828733556248,33.90079432628764,31.115918030170228,32.555030822753906,41755140
2009-04-24,33.6518748655706,34.69425878606057,33.02177689530761,33.73744583129883,970238
2009-04-27,33.916346739277195,33.95524151008555,32.22830881330811,32.70282745361328,280519
2009-04-28,32.5316923734908,33.44961333383746,32.20497747937391,32.671714782714844,249237
2009-04-29,32.391672935670805,35.316568557464024,32.391672935670805,34.453102111816406,255672
2009-04-30,34.453102111816406,34.453102111816406,34.453102111816406,34.453102111816406,0
2009-05-04,35.783305859683644,36.95015520647192,34.38309090731386,36.063350677490234,365817
2009-05-05,36.95016396364825,38.583747954312784,35.705524771502276,35.79109573364258,68070
2009-05-06,36.40561781288875,36.40561781288875,35.316561286254135,35.78329849243164,902947
2009-05-07,35.78330976989828,36.3822942461547,35.705520211019206,36.02445983886719,60799
2009-05-08,36.250045515161645,39.19050081819845,35.78330517624984,37.80583953857422,409579
2009-05-11,38.116996531554086,38.56817708307056,37.175740658409524,38.194786071777344,168835
2009-05-12,38.10145214981402,38.568192624788665,37.650271416486504,38.155906677246094,80166
2009-05-13,38.887117527020905,40.37290337774959,37.90696678450366,39.70391082763672,436094
2009-05-14,45.693730776238,45.693730776238,38.124784136928156,38.95713424682617,1150065
2009-05-15,40.04618619157485,41.21303552585444,38.28035854402262,39.369415283203125,234843
2009-05-18,42.20097351074219,42.20097351074219,42.20097351074219,42.20097351074219,51
2009-05-19,45.040291366378575,47.91851377478082,42.16206895797634,45.0169563293457,56271582
2009-05-20,46.673880305024376,47.887399749362196,45.133639870289436,47.062828063964844,187729
2009-05-21,47.45178482562225,48.22968353664327,44.4957752057414,46.67388916015625,192573
2009-05-22,46.06712640447394,46.06712640447394,44.81471194317265,45.17254638671875,68994
2009-05-25,45.13364578805324,45.429247341828,43.406712639041075,44.526885986328125,872501
2009-05-26,46.673885470468306,49.78547702301825,44.58911794249347,44.90027618408203,148647
2009-05-27,46.51830256033941,46.82946077658133,45.74040397418007,46.53385925292969,166300
2009-05-28,46.5182937287122,46.67387280729604,45.27365500893356,45.50702667236328,111566
2009-05-29,45.11808482179204,46.65832226708292,44.651347494060374,44.845821380615234,110555
2009-06-01,46.67387789983022,53.208221232184044,45.35922784213807,46.564971923828125,394389
2009-06-02,46.673891459199915,46.673891459199915,45.4448119834451,45.67818069458008,353444
2009-06-03,45.895985730177756,46.362723081468104,44.49577063075198,45.51481628417969,275254
2009-06-04,44.52688770022802,46.191591091059706,44.49577431067927,45.48370361328125,282597
2009-06-05,45.118091862652804,46.354952674378886,43.87345574891663,45.17254638671875,12980135
2009-06-08,46.673874187284035,49.78546498762189,45.89597572581106,46.22269058227539,707597
2009-06-09,46.36271672024384,46.985036148799985,45.81818988511722,46.59608840942383,331414
2009-06-10,47.280641352575614,48.22190043759516,45.29700163526445,46.502742767333984,5153013
2009-06-11,46.362723823367915,46.510527641640685,44.65135046236304,45.14920425415039,214757
2009-06-12,45.895979432992455,47.43621674469804,44.52687790839066,46.59608840942383,475115
2009-06-15,46.362729446922245,46.666112421580145,45.58483375463574,46.10602569580078,87550
2009-06-16,45.42924816677932,46.36272597313626,45.28922877999196,45.857093811035156,267849
2009-06-17,45.8959864646088,46.20714470378154,44.96250870153579,45.14920425415039,1418130
2009-06-18,45.577050368617186,45.888208611135546,44.49577182120015,45.09475326538086,202026
2009-06-19,44.96250621153231,45.58482570096879,44.48020914019109,44.690242767333984,328879
2009-06-22,44.978066155782415,45.42924682843358,44.51132878913148,44.915836334228516,137229
2009-06-23,44.95473545720103,45.11031459444623,43.96680306280585,44.76026153564453,238276
2009-06-24,44.80692697592315,45.265885961120276,44.34018659875546,44.7291374206543,86041
2009-06-25,45.11807593034972,46.65831307210528,44.49575961601436,45.50702667236328,217144
2009-06-26,46.98503981528985,47.29619803107209,45.89598301449749,46.6038703918457,254861
2009-06-29,46.65832068847472,47.45177594610602,45.43702289489807,45.71706771850586,106681
2009-06-30,45.685945172343956,47.91851308284219,44.97805786037023,46.961700439453125,800279
2009-07-01,47.34287575772206,48.540838582568625,45.88820617818629,45.934879302978516,258289
2009-07-02,45.88042984269644,46.510530801832495,44.355751930710824,45.28144836425781,233267
2009-07-03,45.13364567270582,50.56337657711365,44.993626288818916,47.73182678222656,2515079
2009-07-06,49.007583242509405,49.007583242509405,45.42925092650621,46.300498962402344,324451
2009-07-07,45.693727751393965,47.14061893721012,44.54244113443525,46.502742767333984,363651
2009-07-08,45.69372718810244,48.22967514377306,45.30477942305367,46.82946014404297,574612
2009-07-09,46.362719847757475,47.140618424539184,46.300490032592,46.75944900512695,252931
2009-07-10,48.05854486995794,48.214123993862096,46.68166475051841,47.56068801879883,248749
2009-07-13,47.1406156321774,47.21840518069227,45.989326050381166,46.176021575927734,286959
2009-07-14,46.42495484747476,47.74738035704534,46.42495484747476,47.46733856201172,395441
2009-07-15,47.60737286557348,47.60737286557348,47.14063236327491,47.35066604614258,452171
2009-07-16,48.083711183916535,48.785261909683435,46.19189590248404,48.11524200439453,330850
2009-07-17,48.39903466154035,49.26611866608152,47.61077619503797,48.86410903930664,127530
2009-07-20,49.17152530339574,50.05437625167608,47.94184446274026,48.91928482055664,911338
2009-07-21,48.556699506242545,49.14789429528579,47.54772801268414,47.85514831542969,757210
2009-07-22,48.6512741356665,49.14787933552952,47.93395928555986,48.627628326416016,1132997
2009-07-23,48.87197521896234,49.18728037548432,47.48464364027515,48.288665771484375,85369
2009-07-24,49.17941413283468,49.26612161264032,46.03426201529763,46.78310775756836,1021493
2009-07-27,46.822522211262616,48.194090407787044,46.50722002892086,47.77631378173828,544268
2009-07-28,47.50042462318289,47.8393787915521,46.69640220229404,47.29547882080078,274946
2009-07-29,46.5545145143795,48.08373379469487,46.5545145143795,47.878787994384766,288016
2009-07-30,47.91820355468251,47.91820355468251,47.153590833171755,47.30335998535156,75147
2009-07-31,47.3112311002525,48.37538188270055,47.3112311002525,48.170433044433594,174485
2009-08-03,48.32021060471072,49.47106596424694,47.35065522266709,48.88775634765625,732778
2009-08-04,48.8719920285005,48.8719920285005,46.82252169370353,47.30335998535156,43269915
2009-08-05,47.61077964201925,50.42486266375349,47.28759552988489,49.00599670410156,3372129
2009-08-06,49.31341701168497,55.95843319609493,49.0217637338593,51.85160446166992,2896886
2009-08-07,51.851603757129936,55.48547917903612,51.851603757129936,54.681453704833984,1292390
2009-08-10,57.06986028747292,62.96602943184289,53.3019927070443,54.571083068847656,1870595
2009-08-11,61.326454025048626,61.326454025048626,53.12856882273868,53.64093780517578,311550
2009-08-12,54.066602468034205,54.066602468034205,51.7097093325918,52.82115173339844,286061
2009-08-13,53.2783609124649,55.17805598705228,53.2783609124649,53.916847229003906,410426
2009-08-14,52.81328954159583,55.17806241045493,52.51375119224343,54.84699630737305,148755
2009-08-17,53.822263847786175,54.0745043932622,53.4596638202559,53.6015510559082,127130
2009-08-18,53.44388828720908,55.49336488323532,52.81328390211171,53.672489166259766,360736
2009-08-19,55.00463087151067,55.02039474363262,53.60153515254076,54.712974548339844,129075
2009-08-20,54.70509213711214,54.70509213711214,53.916836815574534,54.18484115600586,192886
2009-08-21,54.38979154135541,55.17804688510828,53.79859694742634,54.94157028198242,239897
2009-08-24,55.18593162562471,55.926889134641186,54.09024997522456,54.697208404541016,388447
2009-08-25,55.706190687782595,55.706190687782595,54.4055600025472,54.894283294677734,130573
2009-08-26,54.38978762650555,61.14515580458718,54.38978762650555,58.930152893066406,2480286
2009-08-27,58.930168573588524,59.90760909290924,55.80866816529593,55.97420120239258,4639965
2009-08-28,56.7230361509311,56.75456389587358,55.966308550023065,56.00571823120117,187934
2009-08-31,55.91901863505143,57.700484608664944,54.48438876579187,57.30635070800781,205423
2009-09-01,57.52706528916237,58.12614192420448,55.524892662112116,56.80975341796875,154810
2009-09-02,55.19382023528541,57.03834155347151,55.17805018968283,56.652095794677734,85636
2009-09-03,56.754556611341236,58.79614448450494,56.754556611341236,57.76353073120117,219986
2009-09-04,58.00000778989762,58.78826304116983,57.24328027978506,58.33107376098633,80417
2009-09-07,58.80402906921057,58.80402906921057,56.754559168481734,56.84126663208008,637694
2009-09-08,58.11036509999043,58.11036509999043,56.12395679077106,56.25008010864258,51177
2009-09-09,57.38517705058829,58.48873458681356,55.98207506214119,58.05519104003906,165602
2009-09-10,58.48874254611984,58.72521919320563,57.00682098993618,57.574363708496094,166243
2009-09-11,58.315329457567366,59.308533876321995,57.70048892082546,59.111473083496094,31605139
2009-09-14,58.96167546338315,58.96167546338315,56.754554681124105,57.195980072021484,186431
2009-09-15,58.11825238978354,59.11933857245344,57.43246835861008,58.93804168701172,309400
2009-09-16,57.542816715365305,61.95705832929725,57.06985740712209,60.53819274902344,467325
2009-09-17,60.69586579810063,62.414270221926756,59.592308080664885,61.626014709472656,813416
2009-09-18,60.695846451397614,64.47948404960924,59.9075911901986,63.52569580078125,17940154
2009-09-22,63.375926419631355,64.6213709615775,61.957060783162106,62.4615478515625,368044
2009-09-23,63.05275972105272,63.40747159854712,61.673303382005,62.973934173583984,753366
2009-09-24,61.81518564578325,63.84889201409755,61.81518564578325,62.49308776855469,164442
2009-09-25,62.89510052102914,63.218284606780315,61.57870602404185,61.75212097167969,347440
2009-09-29,62.745341522743914,62.745341522743914,60.5382197320231,60.735286712646484,93277
2009-09-30,61.01116551486353,61.326473879216095,59.332183193479274,60.002197265625,189012
2009-10-01,60.995376265177896,62.11470351934892,60.06523395091609,60.317474365234375,200291
2009-10-05,61.153040410888515,61.153040410888515,58.40990448560117,59.182395935058594,138681
2009-10-06,59.81300289295677,59.81300289295677,57.164456525515355,57.779296875,111463
2009-10-07,59.087794476849474,59.11932221438388,57.2432736976291,57.82658004760742,186498
2009-10-08,58.37837607821714,58.37837607821714,57.46399744684578,57.59011459350586,178718
2009-10-09,57.77143037775166,59.734193328183444,57.755666502470916,59.42677307128906,294179
2009-10-12,60.69585699709648,60.853508076727614,58.354730440675986,60.427852630615234,194795
2009-10-13,60.427852630615234,60.427852630615234,60.427852630615234,60.427852630615234,0
2009-10-14,61.318565415489694,61.318565415489694,59.434628843086664,60.43571472167969,901798
2009-10-15,61.137305619098065,62.11474638594491,59.915506203597396,60.758941650390625,2420441
2009-10-16,61.68117239252297,65.2677494812582,61.53140326649766,63.12368392944336,1599825
2009-10-20,63.26557419991118,63.8410049244133,60.92445396508158,61.97283172607422,165904
2009-10-21,62.27239325924376,65.38601230498283,61.53142925206993,64.09326934814453,4567918
2009-10-22,64.63715092060917,64.63715092060917,59.90760585148911,60.94021987915039,224713
2009-10-23,60.70372203198437,63.69122212085973,60.61701457955231,62.579776763916016,233929
2009-10-26,62.43003879866954,63.37595165707122,60.11256371421208,62.280269622802734,168881
2009-10-27,61.547180309441494,62.88721448795354,60.39631878559841,61.492000579833984,4074057
2009-10-28,61.66541784377736,63.04486793004779,60.86928047805332,62.57191467285156,360469
2009-10-29,62.74532728166523,62.74532728166523,61.405293103153184,61.492000579833984,5493373
2009-10-30,62.27237404219039,63.218286693369336,61.08998477127403,61.492000579833984,6821757
2009-11-03,61.49989755691287,61.799435916280714,59.923380200883734,60.61704635620117,296237
2009-11-04,62.27238733384926,62.27238733384926,59.29277388250245,59.77360916137695,2755084
2009-11-05,59.93124748289189,62.020133548916334,59.33217708289465,61.492000579833984,196884
2009-11-06,61.4762480036917,62.74533881227844,60.69586822569685,61.54719161987305,95494
2009-11-09,60.53299975313492,64.8115090213073,60.53299975313492,62.12555694580078,299660
2009-11-10,62.11765030814372,64.9382983858006,61.800724533757275,63.82905197143555,540312
2009-11-11,64.92245852135353,67.61633402273237,64.33614206951906,66.58631896972656,766472
2009-11-12,66.54668602137231,70.51619223770652,66.37237812558433,68.535400390625,427109
2009-11-13,67.82232309195253,72.01367888303672,66.57045901859371,67.41824340820312,842815
2009-11-16,67.50539264145714,70.67465591124605,67.50539264145714,69.77934265136719,592341
2009-11-17,69.72390802185845,70.34191464957418,67.86988193469745,68.93158721923828,345398
2009-11-18,70.35774904369046,71.13421847351604,68.1551073483812,69.9061279296875,547091
2009-11-19,69.88237803590579,70.50830725274936,69.42283428125931,69.72391510009766,893813
2009-11-20,68.9790996857506,69.72387881890769,68.49578860343071,69.42279815673828,475274
2009-11-23,69.39905240722868,70.3577523509928,68.77311711530128,69.05043029785156,147913
2009-11-24,68.56709783346574,70.51619342054562,68.56709783346574,69.26433563232422,486358
2009-11-25,69.7238743144267,70.99157705933649,69.2484857850855,70.06456756591797,202052
2009-11-26,71.15006343028439,71.15006343028439,68.93949921344884,69.4148941040039,267521
2009-11-27,70.22303917580768,70.22303917580768,66.12675990070593,67.37862396240234,158038
2009-11-30,68.13924940620245,69.69218797200429,66.7368449792378,67.39447021484375,155031
2009-12-01,67.82234644700242,68.10757597868702,66.23771105358396,66.42786407470703,337752
2009-12-02,67.86984716294037,74.16084418725838,66.5546031214872,72.1642074584961,837971
2009-12-03,72.1008266601541,73.66169380569966,70.5161919481926,71.26097106933594,337069
2009-12-04,70.24681195214669,71.94236828350819,69.73180455302857,70.34188842773438,159870
2009-12-07,71.07081799241959,72.7029941805429,69.25641757554213,71.40359497070312,264565
2009-12-08,72.02953709171011,75.27011628875735,72.02953709171011,74.32725524902344,703682
2009-12-09,74.47780216216017,74.47780216216017,71.31646033801657,72.06123352050781,692967
2009-12-10,70.75389363577406,74.16085769276518,70.75389363577406,73.47154235839844,282602
2009-12-11,74.16085498915552,75.07994206813827,72.90899714157956,73.8122329711914,231143
2009-12-14,73.68548104393008,74.92149409171427,70.53205582241436,71.01537322998047,1921351
2009-12-15,71.94236273645747,72.1008255848893,70.83311659342367,71.5224380493164,1515759
2009-12-16,71.07080306457084,71.07080306457084,70.51618315594052,70.53202819824219,60229
2009-12-17,70.81728576533799,70.9915936928016,69.42280993760457,69.86650848388672,1598537
2009-12-18,70.29438042820405,70.80146554519872,69.09005715285072,69.72391510009766,1418135
2009-12-21,69.17719209563026,70.83312979066935,68.32148510985449,68.56710815429688,554655
2009-12-22,68.93155213441486,72.44944329212467,68.2977007781478,69.71595001220703,2537555
2009-12-23,69.72387760548364,70.99158041023064,68.93155714850569,69.40695190429688,366499
2009-12-24,71.26098746581029,75.22257205523138,70.51620817330033,74.17671203613281,2868990
2009-12-29,74.47778568436696,75.53156812727579,70.99159008804077,71.80767822265625,510810
2009-12-30,72.85352590835113,72.89313851774207,71.0074294144722,72.15628814697266,911276
2009-12-31,73.59038778729675,80.02400389940885,72.27514348165268,77.31427764892578,1258019
2010-01-04,73.68547788333652,77.64706244893472,73.68547788333652,75.53949737548828,1520526
2010-01-05,75.74551634451609,79.2317129293962,75.4523580866221,76.05451965332031,1630959
2010-01-06,76.07035975058048,76.69628885288398,72.14046477204391,74.94527435302734,7871171
2010-01-07,74.95319096174019,79.86555970377222,73.70133275232664,77.25091552734375,1655226
2010-01-08,76.85473405604597,79.9764625275408,76.85473405604597,78.8751449584961,1652963
2010-01-11,78.43938027622902,81.6086505475159,78.00360421802421,79.4773178100586,2338746
2010-01-12,81.34719273329495,82.242512535864,78.95439778028418,79.78633117675781,2105715
2010-01-13,79.2316855425797,82.4009489937155,79.2316855425797,80.4835433959961,1690408
2010-01-14,80.65785383486774,81.76710011018145,80.02400236555232,80.79254913330078,922832
2010-01-15,81.60863398359932,82.24248542760023,80.49938775258624,81.72747802734375,427842
2010-01-18,81.45019739727739,82.86844728514936,80.80049449438235,82.19497680664062,1093120
2010-01-19,82.71785922954464,83.09817126878859,81.22830736151185,82.12362670898438,2562228
2010-01-20,82.67034740228402,82.6861924492162,80.97478468826327,81.68787384033203,1740134
2010-01-21,82.0840283175626,82.24249118966503,78.64537406652066,79.68331146240234,1281629
2010-01-22,77.66289297321369,80.7687761311499,77.64704792834902,79.40599060058594,1782079
2010-01-25,80.18249023406155,80.18249023406155,78.45523699679939,79.07324981689453,845437
2010-01-27,78.53444697890365,79.86554256031508,76.22088406398963,77.52820587158203,1898280
2010-01-28,77.8055338430307,79.54863198697777,77.64707093940035,78.32054138183594,394533
2010-01-29,77.65496763065211,79.02567563386957,77.33804192882327,77.61534881591797,1166738
2010-02-01,78.97814710982367,78.97814710982367,76.9022784628623,78.01944732666016,660258
2010-02-02,78.43937327142147,79.86554538654154,78.0432160738915,79.23961639404297,250874
2010-02-03,79.86554741996387,83.35174325501251,79.39808129457533,82.11573028564453,1551762
2010-02-04,82.71786057782805,83.0189412056375,80.6736887620813,81.34715270996094,741733
2010-02-05,80.0239807419088,80.0239807419088,75.27008359859187,75.6345443725586,983154
2010-02-08,77.17165980414126,77.17165980414126,71.64920874408142,73.1863021850586,2323752
2010-02-09,74.39856587064243,76.85474697738454,72.89316214560196,74.73926544189453,1978866
2010-02-10,75.74551975898281,78.4393956756358,74.50950646804873,76.73591613769531,354640
2010-02-11,76.44272510523018,77.62328020952343,76.44272510523018,77.274658203125,495159
2010-02-15,77.27468548886283,77.33014936937649,74.63626745202528,75.11165618896484,456554
2010-02-16,75.11164516203183,75.2701142550941,73.8756321458392,74.35102081298828,118232
2010-02-17,74.66796116410202,76.06243722564128,74.16087613989991,74.94527435302734,247451
2010-02-18,75.9831903786388,75.9831903786388,73.2100838672483,74.58871459960938,248441
2010-02-19,74.01033426324656,75.09580701418045,72.89316520918277,73.05162811279297,121809
2010-02-22,74.79471570231254,75.27011055007382,73.0912366268724,73.45570373535156,375798
2010-02-23,74.47777708779424,74.47777708779424,71.49074422646969,72.12459564208984,556995
2010-02-24,72.18006223023622,72.25929366018333,69.73972674305165,70.50035095214844,2269038
2010-02-25,70.19925919720666,71.30850524539275,67.58461621763931,68.29769897460938,1250845
2010-02-26,68.29771695503796,74.16878452470428,68.29771695503796,72.98823547363281,4669749
2010-03-02,74.79472613903148,76.5378242800189,73.76471726718304,74.81057739257812,1950817
2010-03-03,74.47778739588067,76.04657731148212,72.36229993824013,73.14669799804688,1269575
2010-03-04,71.8789957439029,74.31140918863046,71.8789957439029,73.3843994140625,742420
2010-03-05,73.05162092338873,74.1608673435064,71.87899431127505,73.17047119140625,581067
2010-03-08,74.00241465587025,76.14167014295725,73.24971273204136,75.37312316894531,1053278
2010-03-09,76.06242962235011,80.61033072363735,75.74550384040904,79.95270538330078,1807512
2010-03-10,79.9527038833717,80.80048219536336,78.50276411538361,79.52485656738281,3791931
2010-03-11,78.53445108444338,80.97478690725896,77.74213667600154,79.74669647216797,925609
2010-03-12,80.64199486869941,80.80838643428312,78.43935394822914,79.1524429321289,8041155
2010-03-15,79.23167391984525,79.70706243717771,76.0703272511621,78.02735137939453,796882
2010-03-16,78.5186147853321,79.23170403639182,78.43146081109435,78.9147720336914,156016
2010-03-17,78.1699908240806,81.29171954552375,78.1699908240806,80.63409423828125,373601
2010-03-18,81.13324191394226,81.60863047651338,79.23168145964655,81.03024291992188,948413
2010-03-19,80.18246546270584,81.43432956300603,79.152456822116,80.35677337646484,2899944
2010-03-22,79.7546084606685,79.94476761598284,77.82135783703575,79.02568054199219,536407
2010-03-23,78.75628284616941,79.62783470565623,77.65496544293966,78.43143463134766,5651662
2010-03-25,77.64705966805249,82.084032733652,77.64705966805249,80.61824798583984,1001397
2010-03-26,81.2917163485102,82.70203719251346,80.49939576067743,82.06025695800781,1276026
2010-03-29,82.40096438725466,86.71117117897462,82.0840386033365,85.71285247802734,6087639
2010-03-30,86.66361708682017,88.1056341548247,81.13324932180201,82.6069564819336,882154
2010-03-31,83.62110633317431,86.04559651063593,82.63863298662088,83.45472717285156,1450511
2010-04-01,82.71786121593537,84.14403294835095,82.71786121593537,83.1061019897461,369573
2010-04-05,83.1061252807113,85.57022866231074,80.49939786148752,83.79544067382812,816629
2010-04-06,83.98559316905492,85.57022817300167,83.20120129268611,85.5147705078125,610481
2010-04-07,85.57023941295667,87.15487462505088,85.41177651214855,86.68740844726562,3867437
2010-04-08,87.82832575256158,87.82832575256158,84.82544740568957,87.07563018798828,415367
2010-04-09,87.82830928562304,89.29409993068502,85.88713630217883,88.55724334716797,2966984
2010-04-12,87.94719202977998,89.3575193383035,86.36255676542108,88.66819763183594,1473295
2010-04-13,89.50011394287031,89.50011394287031,85.92677050881629,87.96302032470703,1756237
2010-04-15,88.42258131283664,90.95800023361558,88.42258131283664,89.8329086303711,2864105
2010-04-16,90.10228331753407,90.79952747772825,87.94718305224328,88.51765441894531,358396
2010-04-19,87.97885225203227,89.0564083327511,87.15484790208718,88.216552734375,236988
2010-04-20,87.9788925036533,90.64108452858544,87.17073282838331,89.09606170654297,223173
2010-04-21,88.42256199351846,91.11644323276218,87.37670827631783,88.26409912109375,318965
2010-04-22,88.26410075467678,88.26410075467678,87.15486062717419,87.76493835449219,250817
2010-04-23,88.63647344670842,88.63647344670842,82.4167850626125,83.32794952392578,1176000
2010-04-26,84.75415218849535,88.70781464141659,83.19329073485603,87.27371978759766,900366
2010-04-27,87.97885569941559,88.62855838218896,84.77789603270512,85.56229400634766,3037225
2010-04-28,84.61152611796359,85.09483726868169,83.66866518267827,84.1361312866211,2951522
2010-04-29,84.79376266054996,86.19616107321045,82.71788767139715,83.43097686767578,488893
2010-04-30,84.96806779183953,91.27491158674347,84.73037346892765,89.92797088623047,3714941
2010-05-03,91.89288941512731,92.93874907305285,89.02470097906287,91.02926635742188,1431678
2010-05-04,92.54258971606717,95.8544767054148,89.21486388760633,94.00045776367188,2695018
2010-05-05,93.17647633797407,95.78319768121672,90.50636859845586,94.8324203491211,406900
2010-05-06,94.76111713840508,97.43914756331415,93.50925279756952,96.47251892089844,801485
2010-05-07,95.25234241384344,95.68811224322904,90.82329177363538,92.27323150634766,1286715
2010-05-10,91.43337104967937,94.27778649857612,88.73948974938676,89.44465637207031,1230914
2010-05-11,89.1990344280667,91.56013859034498,84.81751940623603,86.06145477294922,12036473
2010-05-12,88.42253900364999,102.20884874824041,83.3675610387706,84.53226470947266,6834026
2010-05-13,85.16614278219002,88.56517815628025,85.16614278219002,86.98847198486328,2453766
2010-05-14,87.91549412606757,91.11645447024313,85.8950829474555,90.22905731201172,1959022
2010-05-17,90.16567381261979,90.30829166077777,86.85379181921773,87.55895233154297,504155
2010-05-18,86.36253939404455,87.94717433966235,85.57022502324163,86.94093322753906,1247063
2010-05-19,87.15487301020976,87.15487301020976,83.52605900011135,84.57984161376953,1001361
2010-05-20,83.70828283608894,86.35462294720332,83.70828283608894,85.03145599365234,2257544
2010-05-21,83.95387968699444,87.15483889756632,83.66864410086157,85.9901351928711,1240397
2010-05-24,88.5810252135147,88.5810252135147,84.77790385237553,86.33084869384766,412268
2010-05-25,84.3183613050105,86.36253983698057,83.19327613350244,84.65113830566406,454855
2010-05-26,85.99807745084263,85.99807745084263,83.19327468619097,83.86674499511719,766395
2010-05-27,83.66867681415599,85.53854148987269,83.66867681415599,84.51644897460938,279867
2010-05-28,86.20405564306907,90.94210808183988,84.97596556373622,88.35916137695312,1417904
2010-05-31,88.35918989019805,91.11645156741587,87.64610069504691,90.71237182617188,504893
2010-06-01,90.79950550561732,93.3032210411312,90.53011493563812,91.5918197631836,3799033
2010-06-02,91.89291761053754,93.49339767340194,90.48259052345293,92.49507904052734,1719068
2010-06-03,93.89119683923865,93.9709749821286,91.94460015781135,92.638671875,1042122
2010-06-04,93.15720674206153,93.34070079190516,91.9844664971734,93.29283142089844,702768
2010-06-07,91.10690116862902,92.94180419105567,90.9473449272718,92.3913345336914,163123
2010-06-08,91.38615807452854,93.81940093382084,91.38615807452854,93.22106170654297,1683255
2010-06-09,93.65982599912397,93.65982599912397,91.26647581316168,92.80619812011719,3498464
2010-06-10,94.09066781941948,95.65432864333705,92.70252396093963,93.27693176269531,214737
2010-06-11,88.81728367042287,94.45761221405972,88.81728367042287,94.01882934570312,1036297
2010-06-14,94.01885903929595,94.13852940366813,92.22384730146555,92.838134765625,228192
2010-06-15,93.0216107868698,93.81939848468781,92.22382933587234,93.14128112792969,209077
2010-06-16,93.34071856942843,94.1384999260274,92.70248723732946,93.92310333251953,154928
2010-06-17,93.97895464449812,94.6171798044106,93.36466105403619,94.21031188964844,1060719
2010-06-18,94.13850813052844,96.05318980005696,92.94182974451547,94.90438079833984,1005657
2010-06-21,87.75624731287913,96.49996015904641,87.75624731287913,95.39103698730469,1557736
2010-06-22,94.93630965261502,96.53187908943963,94.46561788688199,95.4708251953125,1188624
2010-06-23,95.73407401362846,96.51590103433459,95.25539892721112,95.43091583251953,685177
2010-06-24,95.73408487969607,96.37231007159923,94.61718454704469,95.84577178955078,206742
2010-06-25,94.32200288786603,95.57452160965222,91.90471453027618,92.39933776855469,875375
2010-06-28,91.1069269037552,93.54814683164221,89.60709656197402,91.86482238769531,749179
2010-06-29,92.07225829331685,94.93630082455051,90.98727292627825,93.1811752319336,1599143
2010-06-30,90.94737621418597,93.83535642052264,90.94737621418597,91.96854400634766,1059082
2010-07-01,91.42603733223194,94.76077090868193,91.42603733223194,94.59323120117188,488257
2010-07-02,93.81938916876301,95.02404466228975,93.18115782451855,93.39656066894531,140606
2010-07-05,91.9047305747196,95.38306696963703,91.9047305747196,93.17321014404297,111232
2010-07-06,93.93904514936983,93.93904514936983,92.79023632499245,93.22901916503906,74244
2010-07-07,93.34071909104541,95.0798837075141,92.90193621905404,94.49750518798828,975005
2010-07-08,95.41495453914324,96.3483543359399,94.53738881665903,95.3591079711914,291767
2010-07-09,94.47356737438268,95.55855252414842,93.97894417989119,94.49750518798828,1614112
2010-07-12,92.73441635840572,95.55058934873337,92.73441635840572,95.04798889160156,351679
2010-07-13,95.25539213751708,95.71012937676731,93.51622756158216,95.23146057128906,383202
2010-07-14,95.6542943365177,96.53185386167674,94.29805973263367,95.16764831542969,1850012
2010-07-15,96.37231134700028,96.43613511639941,94.29807319904347,94.46560668945312,368916
2010-07-16,94.46561351352166,95.41498043912554,94.1385236993961,95.087890625,604472
2010-07-19,94.20233703171701,96.21275133266356,94.20233703171701,95.7659912109375,254476
2010-07-20,96.34837420716057,96.53186832632684,94.49752236248781,96.29253387451172,2104755
2010-07-21,93.35667700749768,97.01052327581903,93.35667700749768,95.75801086425781,1724267
2010-07-22,95.74205396856996,96.72332949086372,94.29806397193545,95.2713623046875,1925056
2010-07-23,96.54782925578147,103.7917120587092,96.53187487394248,100.97553253173828,8185159
2010-07-26,102.10041083187268,103.71193459156254,101.31858364835588,102.2679443359375,1259492
2010-07-27,102.43545482856405,106.23290921946071,101.31856088782035,106.0254898071289,1894349
2010-07-28,106.17705821694192,107.2061967869282,104.58946645307151,105.88985443115234,1399338
2010-07-29,106.12122153336318,106.12122153336318,100.91966913651615,103.66404724121094,748624
2010-07-30,104.76499140166472,106.22492951574388,102.91412727626776,105.5388412475586,1445959
2010-08-02,105.62659277847318,111.68974380248677,104.525646970195,110.54891204833984,1978235
2010-08-03,112.32801767417611,115.81433157570268,111.38662159222567,113.36512756347656,4286859
2010-08-04,112.5034770916294,114.31444246998548,110.4292332714682,111.26690673828125,1572227
2010-08-05,110.89192692824444,112.12051361693894,109.2963646677202,111.05148315429688,1986302
2010-08-06,111.05152762162504,115.51911623364384,109.70327634693255,113.10981750488281,4070875
2010-08-09,114.24269271969747,115.51914333873682,112.79073138990461,115.22396850585938,1219896
2010-08-10,115.91799767691253,115.98181518688392,111.85727752353912,112.44763946533203,1651736
2010-08-11,114.05119373993455,119.26870033682692,112.4955106399548,115.71058654785156,2415197
2010-08-12,115.7105939166848,119.34847983049978,115.7105939166848,117.8486557006836,4916780
2010-08-13,118.39110391443545,118.45493390609225,113.7719439329632,114.44207763671875,1361421
2010-08-16,114.08309187349349,114.83301006763055,109.37616331211203,110.7802734375,1823738
2010-08-17,111.67382117063431,113.28535127189657,107.94817916683,112.57532501220703,1619433
2010-08-18,113.60443173351251,114.88088195169173,112.73484939769592,113.5007095336914,827261
2010-08-19,114.08308181197486,117.59333182858127,113.93150899562016,116.78756713867188,3332103
2010-08-20,117.58542032721833,124.29478219099154,115.59893087922562,122.97843933105469,3340693
2010-08-23,123.01825204730504,124.45427074418623,120.07443870597362,122.45182800292969,3395878
2010-08-24,122.06094111898368,127.28643113642072,122.06094111898368,126.14559936523438,10441502
2010-08-25,126.9274476346323,127.16677584712839,119.66760446790275,120.11436462402344,1808502
2010-08-26,120.55314735671526,121.10361720823984,115.83823439898485,117.52954864501953,3337753
2010-08-27,117.593349067311,119.76331939707408,117.2742365184423,118.96553802490234,667725
2010-08-30,119.667562439858,120.58502024858865,115.69461056115432,117.39388275146484,2521293
2010-08-31,115.98983400652645,116.31693007901283,113.62041457460859,114.56179809570312,4121883
2010-09-01,115.04045403849808,116.14139375233927,114.57773952145517,115.72655487060547,1179125
2010-09-02,117.99220786632809,120.10633094272998,115.9977488336678,119.18887329101562,766108
2010-09-03,120.44941415337159,122.02902244135228,116.90724254792278,117.36995697021484,1073773
2010-09-06,120.44944910284177,120.44944910284177,117.67314926988226,119.3325424194336,300645
2010-09-07,119.348522415094,119.95483903267574,118.23162798562863,118.89379119873047,377029
2010-09-08,119.56389055551786,120.27391671797449,118.3911498718889,119.06926727294922,406433
2010-09-09,120.4653784066986,123.6724708710906,119.66758451501961,122.5316390991211,1804802
2010-09-13,122.53164751167947,128.44322619279154,122.53164751167947,126.79181671142578,3771979
2010-09-14,128.28366889788538,128.2916398408485,124.77341803935619,126.01795959472656,18034376
2010-09-15,126.64022808423643,127.55768610144058,125.26803902348051,127.142822265625,781000
2010-09-16,126.04985116651883,127.5975507099139,125.13240575147569,125.44353485107422,1895760
2010-09-17,126.04987933869019,127.32632976443341,122.56356599251164,123.59270477294922,1818344
2010-09-20,124.45430052494105,129.08144522515192,123.17783776741905,127.46194458007812,1267574
2010-09-21,127.82096875351378,128.41131834467225,123.01830016831869,124.15116119384766,3176117
2010-09-22,125.5632285223617,125.5632285223617,122.10084080310207,123.03424072265625,648378
2010-09-23,122.85871312235075,123.56875163014853,119.50801901545148,121.29505920410156,813965
2010-09-24,120.48134355452649,122.66726852863376,119.6675952115138,120.92012023925781,3967468
2010-09-27,121.34291308349437,124.24684692179879,121.34291308349437,122.890625,858908
2010-09-28,123.49690940876248,124.96483672069421,122.41192454527933,123.06611633300781,1244892
2010-09-29,123.33735317865131,124.13514682284347,121.58223464742859,123.06611633300781,968981
2010-09-30,123.06615217214586,124.42238676986945,121.42271377785585,123.78414916992188,1959048
2010-10-01,123.97563337284231,127.4858716465611,123.65652080250425,126.52853393554688,1401494
2010-10-04,125.73073718681803,126.96730761640696,123.87987950696613,125.05261993408203,838951
2010-10-05,125.49137581626073,128.28362874574006,124.94090616574279,126.69603729248047,5519534
2010-10-06,126.84762561382358,128.26769006094526,124.94092144858928,125.24407958984375,545423
2010-10-07,126.20941945635614,127.80499477755492,124.66171976553245,125.01274108886719,855737
2010-10-08,125.01272249048726,126.927410092346,123.98358399513702,124.74148559570312,3726380
2010-10-11,125.6908563782192,127.96454898771417,125.56322134899419,127.27047729492188,5040082
2010-10-12,127.64541050789889,127.78901239431316,122.89063136016952,124.3505630493164,968894
2010-10-13,125.25209447735072,125.25209447735072,120.78450561292833,121.40677642822266,2555326
2010-10-14,121.94127424572281,123.169861317871,121.26315694994415,122.65927124023438,786696
2010-10-15,125.15635677869557,125.15635677869557,120.94406295377286,121.4865493774414,723772
2010-10-18,122.22046732562319,123.26556007450505,119.66755498816627,122.81082916259766,567068
2010-10-19,123.33739804301203,123.64853967640752,121.10361000890853,121.35092163085938,326011
2010-10-20,123.65652916587023,123.65652916587023,120.46539075301989,120.80844116210938,292922
2010-10-21,120.62494783097438,123.1778485828915,120.46539153397956,122.49176025390625,886557
2010-10-22,122.84281254560874,122.85876692996206,120.8244142607104,121.14353942871094,1141280
2010-10-25,122.69917158312583,122.8587278695761,121.27113594789344,122.30825805664062,232954
2010-10-26,123.01827571284869,124.69362285241199,122.22049433535186,123.98359680175781,2346854
2010-10-27,125.73076468804882,130.42173991621385,124.77342688430637,129.26495361328125,8488385
2010-10-28,130.0387804378006,136.26150034257708,130.0387804378006,134.49839782714844,10096129
2010-10-29,135.4477047543724,141.52682063421122,133.2219010489513,140.63330078125,3028163
2010-11-01,142.32467647040386,143.28201431815683,136.42108058228473,137.96878051757812,1240643
2010-11-02,139.44465641513364,139.44465641513364,131.87368524331956,135.423828125,1166343
2010-11-03,136.41307531757474,140.8886471554745,135.42382886524575,139.77972412109375,2445617
2010-11-04,142.00558451418374,142.80336617004323,140.41002120246478,142.54010009765625,767637
2010-11-08,141.3159939923011,143.04403985291032,139.20393098005707,139.64395141601562,1565808
2010-11-09,139.64398247346108,139.97198388502215,136.32388904098318,139.1959686279297,1326382
2010-11-10,139.1959686279297,141.74804011502542,137.79592379455633,139.1959686279297,226586
2010-11-11,140.45200072925473,140.77202136850357,136.81990491593925,138.2439422607422,4219810
2010-11-12,136.4838738663287,140.14797987508027,134.89982021361908,136.203857421875,3172181
2010-11-15,136.64385917358592,136.64385917358592,131.3797010834426,133.85177612304688,1031838
2010-11-16,135.203843064477,136.3238839004214,131.28373772477545,133.6278076171875,580302
2010-11-18,134.24383155691888,135.80388052962581,130.56372566902238,133.3397979736328,1824169
2010-11-19,132.80380366724543,132.80380366724543,128.32367719232846,128.85968017578125,1297979
2010-11-22,128.61164215556065,134.9958292339119,127.04360016292352,134.01980590820312,3018618
2010-11-23,134.38783638199192,134.39584222285796,129.60370123634988,132.6597900390625,4417371
2010-11-24,133.33177130064465,136.3078635953571,132.97976496445045,134.0677947998047,1581962
2010-11-25,134.25983115417563,134.33983944833926,122.08348588349189,123.89154052734375,2794418
2010-11-26,123.30752866139133,126.88362130441108,120.00342162330487,120.77944946289062,2225507
2010-11-29,125.18756890495807,125.44358040518735,121.51546894118695,123.37152099609375,1799573
2010-11-30,123.52348584596909,133.41976720462785,122.40345776022538,130.0116729736328,3940383
2010-12-01,130.25966730497288,133.12375265819452,130.24366815800101,131.33969116210938,1030884
2010-12-02,132.47574305290632,136.00384971021,132.1637408651135,135.75584411621094,2311928
2010-12-03,136.48387618470306,138.37991955641104,134.0838032044168,136.91587829589844,2622278
2010-12-06,139.04394081082415,139.04394081082415,130.6116995994824,132.707763671875,1368774
2010-12-07,131.21972505560356,134.72382730402424,124.64354775294525,126.13958740234375,2415330
2010-12-08,124.4835417689423,126.40359021393746,116.96332696864317,118.13935852050781,3524569
2010-12-09,120.80346930573822,120.80346930573822,112.01121312399398,115.57131958007812,2453068
2010-12-10,115.20325695678578,120.00339005317282,109.61910291480646,114.80325317382812,8028137
2010-12-13,117.34731899552249,118.08334249823717,112.96320133486003,115.17925262451172,6126028
2010-12-14,115.20328289308917,125.60358405065011,114.45926591689812,124.09154510498047,4566517
2010-12-15,124.37153340221828,126.37159010144586,121.8434546180927,124.25153350830078,2379286
2010-12-16,124.80355295532468,124.80355295532468,120.89943430722333,123.28350830078125,1019799
2010-12-20,123.20348475944532,123.65149852471163,116.17128860560916,122.43546295166016,2537493
2010-12-21,122.5635090592535,123.20352535517749,119.24341512762017,119.83543395996094,2476956
2010-12-22,119.83544681046897,124.14756395745196,119.37942700706468,123.12354278564453,1063808
2010-12-23,124.64354172337276,135.1638412709139,123.37150277944323,124.65153503417969,1848077
2010-12-24,127.84363210000446,127.84363210000446,122.81949760017906,124.55554962158203,1884019
2010-12-27,124.80357447942714,124.80357447942714,122.89951228070618,123.92354583740234,422706
2010-12-28,124.00349597229524,124.80351594038544,123.23547429718919,123.89948272705078,983421
2010-12-29,124.56354123733524,124.62755037129746,123.21150645723485,123.65950775146484,208800
2010-12-30,124.48354421954521,124.78755314885761,123.7155223206876,124.01953125,800295
2010-12-31,124.00357028405486,125.97161682634103,123.69954873242219,124.97158813476562,2446997
2011-01-03,124.88353743676915,128.42764354031198,124.05951231459282,125.29955291748047,268044
2011-01-04,127.02760627318605,127.02760627318605,124.0035287417849,124.75553894042969,870110
2011-01-05,125.33954615896812,125.33954615896812,121.60345020928513,122.26747131347656,661279
2011-01-06,122.24345715592452,122.24345715592452,115.52326339671662,118.4113540649414,2080749
2011-01-07,118.41142062130012,118.41142062130012,112.56324609246983,114.01929473876953,3682884
2011-01-10,113.92322449912102,115.0432526285703,112.96320038816448,114.81925201416016,1546261
2011-01-11,115.04326079549746,116.48330959286068,112.80320437757716,113.5232162475586,713247
2011-01-12,113.52320388245666,116.24328462235657,113.52320388245666,115.62727355957031,3371283
2011-01-13,115.5232690816667,120.70741952409561,114.30723348335128,118.36334991455078,2806231
2011-01-14,118.36338587317758,119.18741123516585,115.36330010428813,116.13932800292969,439045
2011-01-17,116.16331207850541,119.84341802478514,114.88327958543512,119.49940490722656,584864
2011-01-18,120.00342125402734,122.30748724279353,119.68341313297948,121.91548919677734,584054
2011-01-19,121.92347803743795,123.04350642002811,117.61935518562626,119.51541137695312,1686909
2011-01-20,115.52329118416279,119.9474264884422,115.52329118416279,118.7953872680664,576993
2011-01-21,117.12331295503574,118.5633490668481,115.25925556090688,115.62727355957031,399059
2011-01-24,115.20327612622503,116.32331697375587,114.40325589848972,115.69928741455078,735831
2011-01-25,116.6593090353933,116.6593090353933,115.36326515928799,115.97128295898438,1287792
2011-01-27,116.18728462175386,116.18728462175386,114.76324761807562,115.44326782226562,1268959
2011-01-28,116.61132013352908,116.61132013352908,105.9230217869945,111.91519927978516,4080250
2011-01-31,111.84315468733016,114.40323139648703,108.64307446175745,109.88310241699219,1911057
2011-02-01,111.51519092570837,111.923200665497,106.41104746470829,108.00308227539062,1072044
2011-02-02,111.84318586066459,111.84318586066459,104.41897762211597,105.85102081298828,1107309
2011-02-03,105.60300165346014,108.00306218479068,104.00295503488947,107.15504455566406,725835
2011-02-04,108.80307318419348,109.56308906864847,107.04301661698491,107.9150390625,2020412
2011-02-07,107.9230786408876,109.59512162664299,107.24305828123734,108.99510955810547,4245704
2011-02-08,110.40313861105827,110.40313861105827,108.53108758093066,109.34710693359375,2320052
2011-02-09,110.40312128894166,110.40312128894166,104.00294188804565,109.03508758544922,1546544
2011-02-10,109.035135850516,110.48317846694093,108.80312929934746,109.58715057373047,3155350
2011-02-11,109.61111728268351,112.00318469734192,108.80310372895059,110.43514251708984,4566655
2011-02-14,111.49115804288824,112.64319704702143,110.68313207790037,111.7471694946289,910491
2011-02-15,112.6272346968605,114.643291084114,112.00320501326156,113.89926147460938,1677682
2011-02-16,113.65923276468989,115.04327848511775,113.16322144875127,114.79527282714844,596570
2011-02-17,114.72326564118376,121.44346070830964,113.63523561005975,120.21142578125,1170925
2011-02-18,120.33141996597008,121.3474475008375,118.57936883449054,120.3794174194336,1856667
2011-02-21,119.52339215829018,123.68350967190253,118.4113697329311,122.29947662353516,2280164
2011-02-22,123.04347617542278,124.00351279607827,119.3793704428867,121.28343200683594,926450
2011-02-23,118.41940225306016,122.36351374213491,118.41940225306016,121.62750244140625,1510822
2011-02-24,121.93950294336254,122.71553091599448,118.08339313592626,120.62747192382812,4157897
2011-02-25,122.38748810052888,122.787504491883,116.03531099640553,120.3634262084961,808356
2011-02-28,120.36340936111446,124.00352293256167,116.65931171848518,119.33138275146484,1839050
2011-03-01,120.69940277184187,124.23551519994967,119.20336339794537,123.4754867553711,992715
2011-03-03,121.76350299297688,125.76361784110114,121.44349480742335,124.42758178710938,1314692
2011-03-04,127.6836656305908,131.58778549979388,124.81959114671106,128.05967712402344,4627906
2011-03-07,126.97163851540544,127.33964414235732,124.48357568727265,125.21159362792969,645761
2011-03-08,125.44362854131766,125.44362854131766,123.25956169670017,124.78761291503906,887209
2011-03-09,125.9236154603409,126.19562616268928,124.16357053027764,125.04358673095703,544376
2011-03-10,125.76357494945937,125.76357494945937,124.02752299125332,124.80355072021484,324369
2011-03-11,126.14759420447032,126.37160740106316,123.36351610077493,124.14753723144531,1213384
2011-03-14,123.36347460597743,123.36347460597743,120.49139586359394,121.23541259765625,629838
2011-03-15,117.0593287898889,119.84340671684399,115.36328088512195,116.08330535888672,1755026
2011-03-16,116.33131207587509,117.57934615609278,113.77924061933096,115.1872787475586,3913088
2011-03-17,113.95525027641504,117.26735054520883,113.6032438565875,115.5232925415039,1209279
2011-03-18,115.69129243087622,119.36339211389114,115.18727530964247,117.891357421875,5855331
2011-03-21,118.65136700149955,119.67540033937698,117.76334523658349,118.37935638427734,257370
2011-03-22,119.2273817051419,124.64353872506507,118.5633606039253,124.11551666259766,2027735
2011-03-23,124.32355507723443,125.2675802806023,123.36351819209368,124.17955017089844,573247
2011-03-24,125.7155743711551,125.7155743711551,119.44339367769726,122.03546905517578,1580238
2011-03-25,122.07549257129702,124.8035674258158,119.9874214265749,123.89154052734375,1200565
2011-03-28,125.5235401200771,127.42760161489763,124.02750075178854,126.89158630371094,1375215
2011-03-29,127.67558108662594,127.68357439468251,124.08347865261618,124.91549682617188,1819858
2011-03-30,127.1716109161133,127.1716109161133,122.81949112493295,123.51551055908203,614366
2011-03-31,120.8274871833833,128.64370803035317,120.8274871833833,127.36366271972656,5625722
2011-04-01,129.60369586409684,129.60369586409684,126.11559248806299,126.41960144042969,2232563
2011-04-04,129.603688960723,135.95586578863856,127.04361173051888,128.04364013671875,1999598
2011-04-05,128.04367392531455,130.72375176345426,128.04367392531455,130.2037353515625,1972103
2011-04-06,130.32370360515338,131.2037195156532,129.1476720921852,129.9796905517578,1606163
2011-04-07,129.97970942371217,130.78773553948992,128.88367350315409,130.3397216796875,1061268
2011-04-08,129.60368983478244,131.04372623908955,128.32365747539836,130.93173217773438,2498139
2011-04-11,131.12377416860082,131.18777079443763,129.13971589449363,129.89173889160156,1453513
2011-04-13,130.86771573413165,130.86771573413165,128.81966156775206,130.21170043945312,858405
2011-04-15,130.56372507879018,133.4438106581899,129.12368855344155,131.98776245117188,3816398
2011-04-18,131.93174616772149,132.6117538877789,129.80368383279716,131.29171752929688,1115406
2011-04-19,131.1957283954663,131.65173550863935,129.61968051235488,130.27569580078125,1031530
2011-04-20,129.93970658248344,132.48378486445247,129.93970658248344,132.07577514648438,369316
2011-04-21,132.78781846603454,132.78781846603454,129.60372336668573,130.3317413330078,716916
2011-04-25,130.24370798722998,131.17972727916168,129.0516772080632,129.4276885986328,371128
2011-04-26,127.21961492587707,131.20372939916226,126.73960279434529,128.04364013671875,2748936
2011-04-27,131.17973701921792,131.17973701921792,128.09965574692663,129.45169067382812,1736470
2011-04-28,131.03571119642925,131.03571119642925,125.63555365062223,127.77162170410156,1759695
2011-04-29,130.83571062840812,130.83571062840812,123.56350188714175,123.98751068115234,3234469
2011-05-02,125.84363011041347,125.92363843163662,117.10738796004495,117.82740020751953,2351226
2011-05-03,119.98740575996858,119.98740575996858,114.08324294914028,114.43524932861328,2701992
2011-05-04,112.37118130110612,115.20325617544371,106.21100782130463,107.24303436279297,4880971
2011-05-05,107.2510614908825,107.52305960510868,97.09876633132025,97.37877655029297,11798946
2011-05-06,100.00283469182341,105.21098385057378,98.04277599718299,104.47496032714844,12045433
2011-05-09,104.40296595229512,107.98706389142308,103.27493812004943,104.17095947265625,7234348
2011-05-10,104.36297641916453,105.74701583225276,103.52295202719444,103.99496459960938,5011694
2011-05-11,107.84306766217702,118.05935942610701,102.81892672517628,103.64295196533203,2028007
2011-05-12,100.47485948749076,104.00296055817924,100.47485948749076,103.2829360961914,1921551
2011-05-13,103.28293083227506,104.00295525756614,98.29878820446146,102.38690948486328,2151940
2011-05-16,104.78698205303115,104.78698205303115,97.60278040586921,98.65880584716797,5885099
2011-05-17,100.13884063813417,104.2669660496773,100.09884276146482,102.25890350341797,10109666
2011-05-18,102.59490818994732,109.07509025569571,102.59490818994732,106.60302734375,9492159
2011-05-19,108.91511243280615,109.74714361938842,106.419043930466,107.28307342529297,4176222
2011-05-20,107.4350581145774,110.71515992776628,107.18705246388024,109.8271255493164,2757208
2011-05-23,109.9231246661268,114.24324621125791,109.7791197793757,113.08321380615234,5579481
2011-05-24,113.59523877416083,121.08345625847,113.59523877416083,119.50740814208984,7114392
2011-05-25,120.31542001477212,125.52356339241443,111.22716302608839,112.04318237304688,14715440
2011-05-26,112.1792055608876,116.48332844194582,108.35509484705827,115.30729675292969,9210316
2011-05-27,112.80322306532908,115.3632879670701,111.04316591667987,112.08319854736328,7346228
2011-05-30,112.64319481540227,114.87525781299023,110.57912915012227,112.00316619873047,10007830
2011-05-31,109.33110622078608,115.04326666523912,109.01109814475572,112.50719451904297,46269623
2011-06-01,112.84321357780723,114.52326241747302,112.01119499862989,112.41920471191406,2994674
2011-06-02,112.32320179242494,113.44323009615802,108.97910350399337,112.5792007446289,1916055
2011-06-03,113.7632402181,114.17124990960963,111.20316294935336,112.19519805908203,3382028
2011-06-06,112.00316226944719,112.8511923263496,111.45915362523546,112.36317443847656,2682005
2011-06-07,112.8032171718072,113.21122686777018,109.1231115391232,109.48312377929688,2249949
2011-06-08,109.45111208069282,110.24313900280792,106.99504808403317,107.85907745361328,1330985
2011-06-09,108.07508909605758,108.16307817012515,101.17088476237026,102.47492218017578,3594174
2011-06-10,103.03845932098027,107.55479221634683,101.83893043175985,104.43924713134766,8183522
2011-06-13,104.43923806648233,104.43923806648233,101.13047789634848,102.18509674072266,5175926
2011-06-14,102.55541495730911,104.45533116290892,101.83891515081835,103.40071868896484,3307425
2011-06-15,103.52952575719823,103.74689066114655,101.49274310581679,102.21729278564453,2406129
2011-06-16,102.08044891566409,102.08044891566409,99.42377700456902,100.89702606201172,4417490
2011-06-17,101.00971380361779,102.70837746708918,99.50427179232558,99.86654663085938,1731040
2011-06-20,100.51863251837153,100.51863251837153,95.41461071542862,97.80561828613281,4510218
2011-06-21,101.42029532207954,103.04649773443687,94.97183463423198,96.96031188964844,2993545
2011-06-22,98.96489165251167,98.96489165251167,95.84934071981685,96.92005920410156,1273788
2011-06-23,96.276024081077,98.21619592308369,95.31800978569646,95.64807891845703,4000562
2011-06-24,95.80912027816537,97.57218335999897,94.73035154708712,96.51757049560547,6623220
2011-06-27,95.80104378290528,97.42724628161889,94.198997144159,96.72685241699219,3094894
2011-06-28,97.2501502717177,97.37091067695957,94.84304875356618,95.88961791992188,4112934
2011-06-29,96.79125563265532,98.84413163622676,95.43071097547244,96.9039535522461,2822529
2011-06-30,98.21620761973949,100.58305339996386,98.21620761973949,99.28692626953125,4480624
2011-07-01,101.09829235033106,107.33743268678353,97.73317645214574,105.4294662475586,9888684
2011-07-04,104.97862316762465,110.45297003644718,104.97862316762465,107.59503936767578,4254520
2011-07-05,108.6576974343711,110.54151388817772,107.87679253379633,109.64791107177734,3667689
2011-07-06,110.20340709632372,111.08896646311251,109.71232199709168,110.10679626464844,3087843
2011-07-07,110.93599457065044,111.24191414629786,106.44381176256952,108.87506866455078,2739391
2011-07-08,108.92336593942086,110.2677982970713,107.71578736036994,108.27932739257812,1433787
2011-07-11,104.65661862281667,108.46451430291114,104.39094825718485,105.75953674316406,1566095
2011-07-12,104.80954950658486,107.55476927008226,103.03843733825221,106.01712799072266,3271196
2011-07-13,107.86878045802375,110.45299144762566,106.91076594563019,109.86529541015625,1598111
2011-07-14,109.80892675149323,111.4029234375408,108.94752329215744,109.47885131835938,2438125
2011-07-15,109.33396504351468,111.24999402949031,108.35985084389496,110.01021575927734,1813146
2011-07-18,110.93597783369358,112.45751932705514,108.6818306144173,109.41443634033203,2153331
2011-07-19,109.8814061147954,110.67839833104323,109.40642064043548,109.8331069946289,581596
2011-07-20,111.09698981416085,111.09698981416085,109.65594679396406,110.06652069091797,679430
2011-07-21,108.23907331780691,111.29021290946343,108.03780811729452,110.79108428955078,1121929
2011-07-22,110.09069769218632,112.70710764818502,110.09069769218632,112.52194213867188,2165662
2011-07-25,112.54609205538232,113.99519143166985,111.77324325717628,112.9727783203125,992237
2011-07-26,113.11770083613094,113.83419444854762,107.02346444499887,109.16490173339844,3594959
2011-07-27,109.96188017945074,109.96188017945074,105.09937900058894,107.36961364746094,2936738
2011-07-28,105.42946134816216,109.09244685028006,104.14137777224227,107.24082946777344,4097159
2011-07-29,107.53869975330893,107.53869975330893,102.24951761991038,103.13507080078125,4430796
2011-08-01,104.32653327940767,105.41335152537235,100.30932943449739,101.04997253417969,3081778
2011-08-02,100.96140330126798,101.7584015523839,99.23054673062065,99.72967529296875,5956459
2011-08-03,97.89419915584574,98.98101770136773,94.81085291527988,95.76886749267578,4386715
2011-08-04,96.61413885739746,98.69922054582844,94.70616650511593,95.173095703125,8377820
2011-08-05,94.19094202815435,98.53821491788312,89.44918858612505,98.10348510742188,2919480
2011-08-08,97.41112838903062,98.2966875973575,94.68200841255944,96.58192443847656,1082287
2011-08-09,93.38588677039807,97.32258567651431,90.64871660732584,96.28407287597656,2445330
2011-08-10,98.21619526649943,106.58066557882044,97.08912148644544,104.68075561523438,5258211
2011-08-11,101.59739441768006,106.70946574823634,101.45248449507363,105.1315689086914,2556450
2011-08-12,105.94471101668263,106.93492497227678,99.26278400764335,99.9873275756836,3084631
2011-08-16,101.58935978580529,102.4024641836358,95.00404499384014,96.20356750488281,4945912
2011-08-17,97.89418748555475,100.05978076812877,96.45315031982332,99.64920043945312,1833324
2011-08-18,100.30934698809769,100.63136633159131,95.96206693976711,97.96664428710938,1369616
2011-08-19,97.57215379211125,99.02124690142311,96.11501713463936,98.4174575805664,781344
2011-08-22,98.69116171736769,98.69116171736769,94.64980263271555,96.50947570800781,3253209
2011-08-23,96.5980612454889,98.11960326076708,95.6400467727501,97.03279113769531,1918016
2011-08-24,97.03277355923241,98.9890451123187,96.05060970498502,97.7412109375,826014
2011-08-25,97.8941750470996,98.64288062800817,94.52906583322053,95.33411407470703,1515215
2011-08-26,96.27602871208386,97.39504639812222,91.94485530469974,95.33411407470703,1739405
2011-08-29,96.25991150804653,100.37371952062564,95.5112186216628,98.80387878417969,4111764
2011-08-30,100.95339041762162,102.24147415582927,99.1420283735156,101.93555450439453,2456984
2011-09-02,96.94422928417814,111.90207291454135,96.94422928417814,108.6335678100586,7640459
2011-09-05,107.8687829196804,110.93602301035442,105.03499488894772,108.5450210571289,3124596
2011-09-06,107.69971598950146,113.52023290781484,106.58874794319644,111.44320678710938,3414445
2011-09-07,111.91011541141137,114.09985168454956,108.16662530642823,110.45297241210938,3809912
2011-09-08,111.90206056819964,112.28849129546172,108.6899110933607,109.11658477783203,2126303
2011-09-09,109.80087791574958,110.99235688764564,105.47775432401374,107.31327819824219,1511330
2011-09-12,104.89812078530237,107.23276700763773,104.73711113574278,105.64682006835938,826286
2011-09-13,106.10573294749588,109.47084955350284,105.96887911478433,107.61117553710938,1819402
2011-09-14,107.90096462155175,108.65771377884624,106.29086807886748,107.69969940185547,928344
2011-09-15,107.07175083738646,108.60134871877105,104.84980898357101,105.6226577758789,1469344
2011-09-16,106.63703539483632,110.13096143790449,103.9320642573227,108.6818618774414,4267308
2011-09-19,109.5030116369398,109.5030116369398,104.66465350954729,105.31674194335938,2593094
2011-09-20,105.46165709639672,106.89465057642356,103.36852529803545,104.82566833496094,2324583
2011-09-21,105.70317190934183,105.94469269397445,102.5634773537757,102.81304168701172,1136215
2011-09-22,101.51691984436776,102.2334198199811,96.9281315777572,97.87808990478516,2602968
2011-09-23,96.96030872780543,99.82628906103871,96.131110997218,97.08911895751953,1759295
2011-09-26,97.72511886533329,98.60262205212115,94.83498252886528,96.68659973144531,1028497
2011-09-27,98.21622089450474,99.34328866492874,97.41921603703868,98.59458923339844,830751
2011-09-28,97.61239443472277,100.38981984314412,97.15351512531124,99.02928161621094,1850817
2011-09-29,98.39332437013127,100.2932410190105,96.30019233284344,99.19032287597656,2356117
2011-09-30,98.94879948744591,99.74579792175933,97.10523197655873,98.60263061523438,1465326
2011-10-03,97.04887936384102,99.65724597050931,96.61415579854416,99.00515747070312,1392990
2011-10-04,97.02472004610328,101.91138359163551,97.02472004610328,99.12590789794922,1766695
2011-10-05,98.24839063474958,99.64917822285018,95.04429137640233,95.96204376220703,2664239
2011-10-07,97.4111233997915,98.2161777573751,92.26685309779015,92.87063598632812,5786449
2011-10-10,93.35368730522102,93.56299605327739,85.71374780069952,92.86260223388672,6343870
2011-10-11,93.38591667683909,97.60438695363726,93.38591667683909,96.19554901123047,6266131
2011-10-12,97.41112473871752,101.11435844483198,95.84127786024547,100.74403381347656,2883877
2011-10-13,100.79237129982909,102.80499840646657,97.89418473618686,98.56238555908203,1106759
2011-10-14,98.20814964133544,100.05976687871741,97.00057098957461,99.46402740478516,570855
2011-10-17,99.68944111636928,100.30128028772819,97.72511966876304,97.99078369140625,974497
2011-10-18,97.55604669197012,97.55604669197012,95.47901486363179,95.96204376220703,945617
2011-10-19,95.32606982960141,97.70097173725664,95.32606982960141,96.23577880859375,1238262
2011-10-20,95.80103235299417,98.28058821750233,95.49511279549144,97.91831970214844,1114323
2011-10-21,98.23231111620844,99.31107966024906,96.93617763203032,97.5721664428711,1377026
2011-10-24,98.05518481652311,98.63482459408642,93.38589240269101,93.76426696777344,1486134
2011-10-25,93.98967941233602,96.75100553209273,92.58084187096992,96.32432556152344,3124144
2011-10-28,97.57215860342826,99.80215049238649,96.75101063384666,99.39962005615234,4345914
2011-10-31,99.06151708157937,99.06151708157937,96.71881442312655,98.77974700927734,772799
2011-11-01,96.96838084395895,99.98732165425683,96.96838084395895,97.87808990478516,953181
2011-11-02,96.89590891014993,98.05518212979094,95.82519666810435,96.15526580810547,832762
2011-11-03,95.72858918777024,97.32259228443871,94.71422587306168,95.32606506347656,1039838
2011-11-04,96.45312317028346,98.07932540994686,96.37261835856627,97.35478210449219,2810613
2011-11-08,97.41114369621864,98.16789280675752,94.27144932824837,94.65786743164062,2148045
2011-11-09,95.33409969009814,95.80102886045135,92.41982045266481,92.61302947998047,2622191
2011-11-11,92.2588418179827,93.08804607272906,84.62695660109274,89.30430603027344,4171177
2011-11-14,90.1656826348861,91.09954737797253,88.07255099799235,89.18352508544922,3576285
2011-11-15,89.08694930997665,90.55214255899276,88.35434953360708,88.84542846679688,2613190
2011-11-16,89.17549000841424,89.17549000841424,82.00249052500317,88.1611328125,4664443
2011-11-17,85.81841180572573,88.35432316889661,84.69134429124163,86.26924133300781,2809833
2011-11-18,85.64130172457081,85.93112160444781,83.72527940187003,84.4498291015625,1317197
2011-11-21,84.54687730893421,84.54687730893421,81.06049067827679,81.69143676757812,1888976
2011-11-22,82.34664924463935,83.15555920874897,80.24349347221012,82.01499938964844,3091035
2011-11-23,79.28901215544013,81.90178251309612,79.28901215544013,80.98771667480469,3474387
2011-11-24,80.89872268760237,83.77034048652686,80.82592071707741,82.82392120361328,3114445
2011-11-25,81.37601394735134,84.44177385526605,80.91493669999605,81.54588317871094,1468045
2011-11-28,82.27386704595799,83.80270224154854,81.3436244808376,81.82088470458984,2044248
2011-11-29,82.18490183031837,82.67024420516034,81.02007633035015,81.2789306640625,4821999
2011-11-30,81.87749517349218,82.18487986217687,80.23541614380163,80.8825454711914,3733159
2011-12-01,83.96450020493732,88.65616234971493,82.508466688702,84.29615020751953,1893384
2011-12-02,84.12625708098409,88.75320432405455,82.78347430555274,87.64500427246094,2051022
2011-12-05,87.35381635405588,93.3073645911888,86.55299448112923,92.26387786865234,2311205
2011-12-07,92.85438841685837,94.3185040223565,91.47115687738611,92.21534729003906,3069744
2011-12-08,92.37708818749745,92.37708818749745,87.36187288980574,89.27897644042969,1273075
2011-12-09,89.14148580129685,90.45191505405174,85.46095759331021,85.76025390625,3889991
2011-12-12,86.14853037505036,88.07372909386731,84.61160676196492,85.03224182128906,1580643
2011-12-13,85.04843068477463,85.74409061171691,83.9564071910052,84.83002471923828,1402864
2011-12-14,85.10504667625808,85.55802903666397,82.2172516673733,83.61665344238281,4885610
2011-12-15,81.7076325442651,85.09695279441216,81.7076325442651,84.27186584472656,2446223
2011-12-16,84.8542900387046,85.08077805975945,82.58934648903735,83.71372985839844,2870078
2011-12-19,81.98266822029062,82.67023332722248,79.61256916735752,80.74504089355469,1360933
2011-12-20,79.70965458780762,81.19804181546746,73.64285531169887,75.67321014404297,2585746
2011-12-21,77.64694409164875,77.65503249841119,72.96337654142198,74.63780975341797,8505612
2011-12-22,75.21212467972023,75.21212467972023,71.34555020067349,72.39712524414062,10696702
2011-12-23,72.80157956823541,72.80157956823541,71.29700956634679,71.98458099365234,3143218
2011-12-26,72.07355879936948,72.61552626207528,70.83593784778986,70.94109344482422,1442598
2011-12-27,72.0735547295438,72.4132993838519,69.92186814384398,70.52045440673828,4408663
2011-12-28,71.48305738104989,71.48305738104989,68.9673545759858,69.18576049804688,2793643
2011-12-29,68.91076517530408,69.25050364322105,67.49517344651781,67.59224700927734,6342151
2011-12-30,67.65693931382083,70.4314906347439,67.40617972228078,68.08566284179688,8412356
2012-01-02,68.30406452199257,69.24239558028049,67.35764505808963,67.9481430053711,1304588
2012-01-03,68.47391971718677,71.34553747854072,68.23933700054458,70.88446044921875,990334
2012-01-04,71.17568328276064,73.28692817614976,69.78436349849177,72.32432556152344,9190087
2012-01-05,73.24647958775613,80.42148444155363,72.95527798308966,79.20812225341797,8505689
2012-01-06,78.7874925920477,79.2971001448352,77.06452286496474,77.77635955810547,2568093
2012-01-09,78.8683874188677,79.91996253969937,76.52255332764936,79.12723541259766,1662846
2012-01-10,79.62064723933314,81.05241510499334,79.4912264402151,80.65605163574219,2088354
2012-01-11,80.8906484889657,84.11009356384338,80.4376597781289,82.99380493164062,2832859
2012-01-12,83.762259238937,84.65205343548433,82.68641273119184,84.15862274169922,1734494
2012-01-13,84.14245145627478,87.685464600077,83.43061473193711,86.62580108642578,2007157
2012-01-16,86.55298527489592,92.11016935445994,85.2506506952415,91.22846984863281,2523582
2012-01-17,91.60056251118034,93.02424218124645,87.83106163230164,88.38920593261719,1436486
2012-01-18,88.73704639966229,89.62684072519532,85.5823083958571,85.95440673828125,4684205
2012-01-19,86.31032048077834,89.4650584314327,84.36894474204769,88.62379455566406,1013416
2012-01-20,88.87454739344146,92.45800224891431,88.86645898825967,91.17184448242188,2102225
2012-01-23,91.35789958720382,92.45801147648586,89.23856620244246,90.0555648803711,1047197
2012-01-24,90.19305695902156,92.74111337996911,87.78251608155331,92.11016082763672,5032426
2012-01-25,92.08591776028203,95.27300935135722,90.84829032427751,94.22142791748047,1308750
2012-01-27,94.22141597398061,99.49548661867775,92.77347750187106,96.69667053222656,3222250
2012-01-30,94.88472788019838,97.39233620850526,91.40642857498813,92.71685791015625,2032127
2012-01-31,92.71684564164164,96.13851932307315,89.23854679668818,94.31039428710938,3447307
2012-02-01,93.80888721459927,95.61275384599486,92.70069320289879,94.51264190673828,1823476
2012-02-02,94.78766572986311,97.52177507051152,94.68251011441991,96.57535552978516,2008517
2012-02-03,95.63700881397924,99.17192680481273,95.63700881397924,97.5702896118164,2393434
2012-02-06,99.30945157575907,99.60874794156882,95.96058537613294,97.1820297241211,3516851
2012-02-07,98.09609106472864,98.36303381045828,93.8493356912784,94.94944763183594,2915308
2012-02-08,95.77450507111381,96.09806656112531,93.84121820099341,94.8927993774414,2061172
2012-02-09,94.80384565720748,96.42165353484258,90.29823614999542,92.04547119140625,5166956
2012-02-10,91.07477533534583,95.02223367508469,91.07477533534583,92.8543701171875,3182080
2012-02-13,92.83011241653261,92.83011241653261,88.38112796519017,89.65111541748047,2391961
2012-02-14,89.3922386175293,90.51661547363919,88.50244448444248,89.02822875976562,1830701
2012-02-15,89.30324864897881,91.16373339170191,88.59141216491182,89.1091079711914,4994575
2012-02-16,89.30328207008172,93.83315690680627,88.25170058981757,92.74922180175781,2648382
2012-02-17,93.50958961976934,95.43478852482063,92.2153370308275,93.34780883789062,1783691
2012-02-21,93.82504750297385,96.74520217491244,93.5095743962786,95.95246887207031,4045715
2012-02-22,95.29728077513855,98.52481460560423,92.70069331252462,94.94944763183594,1656991
2012-02-23,93.84929987665335,97.23053113947127,93.83312307009464,94.77145385742188,3606823
2012-02-24,94.76339565980335,95.93630951782656,91.49541366905339,92.33667755126953,873184
2012-02-27,91.08288640617045,91.94032722347403,86.59345314238031,88.03330993652344,1150476
2012-02-28,80.08171246101352,92.99994329293622,80.08171246101352,92.08588409423828,1199441
2012-02-29,93.27499170293981,95.1273883218884,87.0868556324628,88.57524871826172,3176543
2012-03-01,85.43669510408343,90.22542359604202,85.43669510408343,88.46200561523438,1022314
2012-03-02,88.50246466407266,89.93422654121734,86.11618853491922,87.44279479980469,1748057
2012-03-05,87.04641482282109,88.73703070971274,83.31735631982193,86.34266662597656,642431
2012-03-06,87.03833711288691,89.30327433507146,85.12931506815187,86.48018646240234,680410
2012-03-07,86.48017681528492,88.89881247381372,84.94325959826182,88.11417388916016,827949
2012-03-09,89.14956506969297,91.32552308518824,88.65613442449741,90.88062286376953,1123504
2012-03-12,91.56822673317468,94.46411073524814,91.52777836508164,93.86552429199219,1050255
2012-03-13,94.39129279559839,95.23255658103255,93.85741373303611,94.4640884399414,435042
2012-03-14,95.13548567448086,96.33267097923542,94.06772751994615,95.23255920410156,934183
2012-03-15,95.74218134770213,95.74218134770213,93.02425511555673,94.6177978515625,921667
2012-03-16,94.78765480342,95.9363033702657,93.80887541652145,94.76338958740234,792674
2012-03-19,95.66126717980904,96.22749982341603,93.36397032006025,94.06771850585938,926599
2012-03-20,94.4883530373876,96.87462233264547,94.16478519455426,96.13043212890625,927158
2012-03-21,96.13044146078046,98.03945708230468,96.13044146078046,97.01215362548828,1476477
2012-03-22,96.90698569067716,99.64917654249872,93.99491934017945,95.26490020751953,2928579
2012-03-23,95.45904521548279,97.55411312098309,95.31344759192643,96.90699005126953,744996
2012-03-26,97.01213905221803,97.87766160884861,92.26385325922841,92.4984359741211,1266383
2012-03-27,93.34778595221057,97.38422877170252,92.70066298334805,96.95550537109375,1516211
2012-03-28,97.06068672109375,97.06068672109375,93.61474735446842,94.76338958740234,558560
2012-03-29,93.83316063016268,97.05261244827352,93.83316063016268,95.49951171875,2536416
2012-03-30,97.04449766846999,97.55411151119809,93.87358961206893,97.19010162353516,817634
2012-04-02,97.70781040934864,97.70781040934864,95.32153446860906,95.70172119140625,248133
2012-04-03,95.60468256543663,98.1284684859483,94.68252806866084,97.59458923339844,1647467
2012-04-04,97.01215909750174,100.14261907696357,97.01215909750174,99.0667724609375,2759882
2012-04-09,98.86454797373283,100.30439815174054,96.25986607036249,96.64005279541016,1261714
2012-04-10,94.68249570733242,97.87767538883885,81.68337104346925,97.50557708740234,3585532
2012-04-11,97.55412205717371,98.10417798359899,95.65319469880488,96.89891052246094,4217121
2012-04-12,97.55412908827735,99.01016256736247,96.92318272525338,98.67851257324219,2389241
2012-04-13,99.47930812304989,99.54402169437643,95.96865546726433,97.70780181884766,1916979
2012-04-16,96.13854108925486,97.70781854341247,96.13854108925486,96.97980499267578,234268
2012-04-17,97.87768880702424,99.29327389364411,96.68050968818335,96.91509246826172,752170
2012-04-18,97.77251824732888,98.63805363605765,96.81801673270213,97.02832794189453,1429271
2012-04-19,97.06876716780664,97.5541094518374,95.93629550449023,96.2113265991211,241524
2012-04-20,96.09808601684006,97.39233857282696,95.45096290580256,96.85845947265625,454475
2012-04-23,95.77451275212336,97.3437899048798,95.53184161515279,96.00100708007812,824731
2012-04-24,95.78261585655507,97.07686845294049,95.49140791393374,97.00406646728516,521592
2012-04-25,96.12235879710956,97.05260144808419,95.83114452593999,96.46209716796875,370799
2012-04-26,96.80992149219037,96.82610463689295,93.02424373938256,93.42869567871094,1248905
2012-04-27,93.8573987799846,95.41858736040157,93.0646655504081,93.80077362060547,851416
2012-04-30,93.6875359021502,93.83313985504469,92.37710666001111,92.65213775634766,699269
2012-05-02,93.00806823133779,93.88169209271231,91.6571967428908,92.26387786865234,1435316
2012-05-03,86.33459459852338,92.29623122437152,86.33459459852338,90.21734619140625,711302
2012-05-04,90.11216884362466,90.27394960451804,88.18697018829981,89.05250549316406,752083
2012-05-07,89.05252669915731,89.05252669915731,85.92205366241778,88.12228393554688,580908
2012-05-08,85.7440901574542,88.56717821451245,81.69955778211897,82.33859252929688,3229994
2012-05-09,82.34668654995046,84.48220323538132,81.0524401553017,83.30120086669922,829139
2012-05-10,82.9938035494737,84.91899603760035,82.9938035494737,84.11009216308594,1096040
2012-05-11,83.57620561746965,83.96448070938537,82.17679760564657,82.2819595336914,1235424
2012-05-14,82.34665348196458,83.15556348769842,82.18487274759985,82.48416900634766,4510125
2012-05-15,81.73999664977839,83.30118550924064,81.73190191078272,82.13636016845703,2046901
2012-05-16,82.01501309231907,82.1606170368638,76.86228153906055,77.52558135986328,2873480
2012-05-17,77.67120396480217,81.44880002453196,77.16968477657967,80.9391860961914,4280922
2012-05-18,80.55898089570023,80.55898089570023,78.30212624098058,79.28899383544922,675797
2012-05-21,78.46392131861901,81.37598787784266,77.65501745989671,80.5751724243164,497740
2012-05-22,79.51550630462408,81.2142108195239,79.51550630462408,80.154541015625,307265
2012-05-23,79.45077457763614,79.91993999676032,78.63378246298323,79.28899383544922,456071
2012-05-24,80.89063736417332,80.89063736417332,78.78748121074294,79.68536376953125,1195901
2012-05-25,79.18385707350954,82.16871944359775,77.8248909154496,81.53777313232422,1903262
2012-05-28,81.99885203065973,84.11009696417494,81.99885203065973,83.63284301757812,552751
2012-05-29,84.56307510578728,84.56307510578728,81.97457021585127,83.54385375976562,559930
2012-05-30,81.38407483448009,83.7056371017767,81.38407483448009,82.7996597290039,813662
2012-05-31,81.22230560944952,87.68546787931488,81.21421720324786,85.26683807373047,1431113
2012-06-01,84.93518403040586,84.94327243622153,81.88560168141619,83.63284301757812,620529
2012-06-04,81.052433776169,82.83202876266294,81.052433776169,82.45993041992188,188550
2012-06-05,82.83200779617013,83.93211940014274,80.97152288730419,81.22228240966797,1883849
2012-06-06,81.69955787321473,86.40739655296083,81.05243471929148,83.94022369384766,2137187
2012-06-07,83.63284670346458,86.33459605189226,83.58431626643177,84.77340698242188,537808
2012-06-08,83.95639901491113,85.03224559177596,82.50845412565586,83.1151351928711,454126
2012-06-11,83.30926609747614,84.77338762464018,82.87245426045119,83.58429718017578,737140
2012-06-12,82.98572074001991,84.28805543241609,82.7187780096914,83.51150512695312,443976
2012-06-13,83.93214306748324,85.58231093875953,82.92100995510495,84.77340698242188,839947
2012-06-14,84.30424504167446,85.16978061124414,82.64598856841953,84.31233978271484,815397
2012-06-15,83.80270145941198,85.58229619059453,83.65709750558024,84.59542846679688,691325
2012-06-18,85.42051393120431,86.01910654560442,80.90681677711608,81.55393981933594,1151138
2012-06-19,81.37599181254767,81.90178251309612,80.11409919836096,80.98771667480469,4434937
2012-06-20,81.37598952175937,81.69146266642527,80.12218534845523,81.44879150390625,620740
2012-06-21,81.92987592727954,84.63695025037775,81.5711038872278,84.08248901367188,684094
2012-06-22,83.12033762978814,83.98464542545787,82.43541266398209,83.72372436523438,161255
2012-06-25,83.69925192189034,85.45233331533834,83.57694777817566,84.15586853027344,459499
2012-06-26,83.69926310394395,86.59388002042573,83.69926310394395,85.49311065673828,1546030
2012-06-27,86.43894680057532,87.23802907247678,83.74002578888236,84.29448699951172,526190
2012-06-28,84.4657348341316,84.70219637762338,81.04926903995147,84.21296691894531,1958340
2012-06-29,84.47385504789732,86.8221631945221,84.15585538541508,86.43077850341797,723341
2012-07-02,86.03941994388975,87.84957389193991,86.03941994388975,87.29511260986328,617383
2012-07-03,87.71095317173192,90.50772540089814,87.71095317173192,90.00218963623047,1185278
2012-07-04,90.00218124299471,93.89156287130386,90.00218124299471,93.50833129882812,1643218
2012-07-05,93.73663010065238,94.42155495124128,91.74709378376659,92.13032531738281,1921228
2012-07-06,92.46462958937627,93.5653986852194,90.24678503160249,90.98062896728516,453151
2012-07-09,83.4220300706194,90.8257217358746,83.4220300706194,89.81464385986328,497812
2012-07-10,90.26309042425316,92.95385787737614,90.23862449074748,92.4401626586914,354491
2012-07-11,92.35048403914419,92.42386907546495,90.99694065128959,91.44540405273438,515891
2012-07-12,90.50771719187009,92.04879666973954,89.4151011444797,90.06741333007812,442652
2012-07-13,90.81755739978905,93.59802281356309,90.18155801121635,92.40756225585938,3191779
2012-07-16,92.97019608955507,93.39420005632695,91.36389080426416,91.63296508789062,524435
2012-07-17,92.70110352704455,92.72556307946755,87.88218223673053,89.37433624267578,837319
2012-07-18,89.35801521967713,90.33647377179868,87.6620127344341,88.32247161865234,628642
2012-07-19,86.75694091315057,90.18155893402086,86.75694091315057,89.1541748046875,408943
2012-07-20,89.20310390259381,89.20310390259381,87.40925647085558,87.67833709716797,382002
2012-07-23,87.69462736539734,102.93417136039632,87.22985762767978,91.24970245361328,2903911
2012-07-24,91.88574300676049,92.95389338226417,89.4558956340285,91.73081970214844,1877835
2012-07-25,92.73371611457871,92.74186929814526,90.05924844239628,91.71448516845703,377301
2012-07-26,92.70925688760988,93.06802891369196,91.63294719400274,92.07325744628906,1165060
2012-07-27,91.48618395017586,92.88048698674835,91.09479918551851,91.33126068115234,1212142
2012-07-30,92.35861979644653,94.58462378587005,90.36909002403225,93.90785217285156,1577800
2012-07-31,94.18510148590211,94.86187321078488,93.4512574737672,94.26663970947266,1102608
2012-08-01,92.18739754568479,94.09539551266474,92.18739754568479,93.66323852539062,456354
2012-08-02,93.4430837473223,94.14431486972573,91.75523459043863,93.68769836425781,367987
2012-08-03,93.5490956818996,93.93232722192343,92.63586253251187,93.4838638305664,233714
2012-08-06,93.76924897636435,94.58463114069792,90.94801774927646,92.22001647949219,552556
2012-08-07,93.10064008348746,93.76925863482097,91.68187114062744,92.8315658569336,220859
2012-08-08,93.01909775529175,93.280025170955,90.99694220709523,91.9183349609375,302806
2012-08-09,92.95388088070855,97.68311762836662,91.32310980857267,91.76342010498047,170302
2012-08-10,91.95910677151605,93.4757203375211,91.33126051238503,92.54618072509766,652720
2012-08-13,92.62771841660977,93.52464528712504,91.89387438271109,92.61141204833984,454773
2012-08-14,92.53803440787571,92.92941281621368,90.6952677992861,91.69003295898438,253209
2012-08-16,91.33124648980512,92.7500152431552,91.32308692223671,92.41570281982422,476808
2012-08-17,92.78262302302475,97.82169842182262,92.46462336716421,97.04708862304688,2010872
2012-08-21,97.35694261973677,98.66156054416884,97.1938661772626,98.482177734375,882575
2012-08-22,97.11232211690343,98.66970779506487,97.11232211690343,97.63417053222656,274069
2012-08-23,97.88695180105726,98.62080223343867,97.53633933808332,97.91957092285156,1342849
2012-08-24,98.19681925931071,101.51543391080658,97.23466037053684,100.12112426757812,1496551
2012-08-27,100.4635706844301,100.96095962819878,98.01741742638129,98.75941467285156,834605
2012-08-28,99.72973132671439,101.09142173253582,98.17234533100552,100.86311340332031,2719820
2012-08-29,100.54510023379345,101.92310320995863,100.30048556756934,100.46356201171875,1847246
2012-08-30,98.22940232889374,101.92310094533241,98.22940232889374,101.4909439086914,3322204
2012-08-31,101.6132466600334,104.49155008443229,101.43385748146352,103.57832336425781,4030161
2012-09-03,102.7384827704011,103.24402484188484,99.88463868704495,100.90386962890625,3178508
2012-09-04,101.54801788029026,102.57540196192915,101.18924589694791,101.85786437988281,2433979
2012-09-05,101.50726609690312,102.95864782943761,101.05064946712623,102.43680572509766,3371637
2012-09-06,102.90154990479647,104.01862533266737,102.5753970544375,103.5293960571289,777521
2012-09-07,104.36923467058583,105.1846167226908,102.05353942718773,103.16246795654297,447789
2012-09-10,103.06462476870932,104.35293616967704,102.5753955005819,103.72509002685547,330296
2012-09-11,104.04308966559755,105.152011893619,101.93124296889974,102.29000854492188,1828833
2012-09-12,103.51309142975614,104.74432420671067,102.51832649638455,102.79554748535156,1402309
2012-09-13,103.68433952791139,103.68433952791139,101.92311123850915,102.39603424072266,841440
2012-09-14,102.86080012607718,105.02156629097291,102.06987742449718,102.72218322753906,2218420
2012-09-17,101.59693353980069,103.55385693098629,100.06400755643959,101.33600616455078,545864
2012-09-18,100.97725814849524,102.17587193869375,99.48510420244767,101.31971740722656,486461
2012-09-20,99.8031254349158,102.0698961785435,97.22650810098501,100.88758850097656,531557
2012-09-21,97.84616393316668,102.0861635828319,97.84616393316668,101.51539611816406,393953
2012-09-24,101.02619586012658,102.73850523846365,100.94465762233149,101.73558044433594,1171254
2012-09-25,101.96387398627807,102.24926096945488,100.65110280215946,101.10771942138672,3989816
2012-09-26,100.78156730136952,102.08618531150267,100.03957007783372,101.84972381591797,339219
2012-09-27,101.89048194702228,101.92310106594928,97.84617727869686,98.61264038085938,3718698
2012-09-28,98.661565978363,101.4338720377588,98.661565978363,101.08325958251953,1102988
2012-10-01,101.10772414426654,102.28187848370911,100.7081861799395,101.63772583007812,584793
2012-10-03,102.11063336853974,104.42631604444593,101.9883228577474,103.39078521728516,1688099
2012-10-04,103.55386410535476,104.32032076549885,102.92601794019787,103.602783203125,2539813
2012-10-05,104.23066155108236,106.03265589367174,102.58357772310734,105.42927551269531,3154056
2012-10-08,106.3017204859808,107.67157674616654,105.69018697563097,106.70941162109375,5782446
2012-10-09,106.99481277817837,109.18005159799881,106.22019632655547,107.40250396728516,3394518
2012-10-10,106.92140975790804,106.92140975790804,103.58648318283294,106.26910400390625,1111219
2012-10-11,106.39139820890149,107.39432268130395,104.7524680241517,106.39955139160156,1260128
2012-10-12,106.30988470942464,106.50557390899105,104.53234362093906,104.98896026611328,1288690
2012-10-15,106.432189441207,106.79910826653655,103.12172213661667,106.1631088256836,749225
2012-10-16,107.141594954043,107.141594954043,102.91789357988836,104.15727996826172,603908
2012-10-17,104.18987107931778,104.6383344828646,102.73848309777878,103.48863983154297,307101
2012-10-18,103.38265071485125,103.56203353743074,102.82818310935252,103.24403381347656,3894111
2012-10-19,103.47233058627997,104.53232741969686,102.8444843926338,103.57017517089844,370307
2012-10-22,103.31742282559121,104.35296026428635,102.78742113709264,103.03203582763672,397248
2012-10-23,103.28478571317856,103.55386629515773,101.14032616367088,101.36048126220703,350068
2012-10-25,101.1077169714074,102.73033465178061,99.81125857160688,100.44725799560547,1887272
2012-10-29,98.07448980291048,99.68894791259329,97.03079287572433,98.87356567382812,537336
2012-10-30,99.36278731448157,100.89571346609434,97.05525128840912,100.42279052734375,2747807
2012-10-31,99.81939609900934,102.21662333890399,99.81939609900934,101.94755554199219,2248902
2012-11-01,101.94757508231893,104.23879861757406,101.9231091450247,103.21957397460938,2116132
2012-11-02,104.31218718567791,105.26617994410816,102.10248916853381,102.63248443603516,1534951
2012-11-05,103.30111112209062,104.00233603465594,101.29526182471444,102.45310974121094,738259
2012-11-06,103.08908650574479,103.48047118124536,101.62139237645822,101.82524108886719,417610
2012-11-07,102.70585501258405,102.70585501258405,101.28708636197419,101.82524108886719,742133
2012-11-08,101.92308807373047,102.08616449366198,100.50431938954354,101.92308807373047,2695383
2012-11-09,101.11586737706524,102.64878712597152,100.6184785096636,101.20555877685547,1599512
2012-11-12,101.35232677767989,101.92310070280142,100.45540635692106,101.58063507080078,1898208
2012-11-15,102.57204071142439,104.04683811010298,100.78589726653075,103.41594696044922,3247411
2012-11-16,104.81701839466925,107.48803149605476,101.6625880734908,102.59662628173828,3564760
2012-11-19,102.91615063913089,103.34220647234815,100.94156373265182,102.34262084960938,428622
2012-11-20,101.59703408226505,103.91574417137457,101.2856880325765,101.74451446533203,2915046
2012-11-21,104.36637740416134,104.36637740416134,98.77854023874576,99.80270385742188,1653379
2012-11-22,100.31886017105576,102.39176494909174,100.28608961020066,101.89197540283203,1183457
2012-11-23,102.08863167362814,103.7682578684474,102.08863167362814,103.47329711914062,1728716
2012-11-26,104.34998358964886,104.47288604423498,102.66216470047613,102.9735107421875,1711556
2012-11-27,103.04723509530066,104.54661667580629,101.50689672624017,103.90753936767578,1539026
2012-11-29,105.20208424080336,107.49620982901993,103.93212220530155,106.7342300415039,3905827
2012-11-30,107.50440385888513,111.10127492496318,107.50440385888513,109.83130645751953,2854473
2012-12-03,110.60965868459246,111.42899975452283,109.56912272765807,110.43760681152344,2991872
2012-12-04,107.66008513732845,112.90379909221728,107.66008513732845,112.19918060302734,1119589
2012-12-05,112.26473723036628,113.80508234674299,112.16641268829315,113.06768035888672,1658172
2012-12-06,113.39537520900586,116.02542434400081,112.25650202362708,115.34539031982422,2419841
2012-12-07,115.56663535217044,117.16433538387786,115.00949716269768,116.03366088867188,468264
2012-12-10,116.541613289314,116.83657400901285,113.53466402444954,114.53425598144531,1753122
2012-12-11,115.02587299493648,116.42692382714723,114.07544954593368,115.72230529785156,3227536
2012-12-12,115.66494586819486,118.10655836169701,114.48511566051069,115.82062530517578,3726267
2012-12-13,114.88658672195928,117.97546279827033,112.9201859421654,117.3773422241211,4132049
2012-12-14,117.49207271999623,121.78536409533412,116.34501288131948,119.98284149169922,2736795
2012-12-17,119.9418790568653,121.2610037244675,117.81981117091017,119.90090942382812,1020425
2012-12-18,121.58869186856818,126.0130770544689,119.75338640466985,124.4317626953125,2766327
2012-12-19,126.18516347056374,128.4710966377373,99.55690211982115,125.44776153564453,4893067
2012-12-20,125.31668075209313,126.07866711560413,121.9492286392779,123.59608459472656,1638379
2012-12-21,123.39941036617243,123.39941036617243,122.2851214528521,122.81768798828125,754013
2012-12-24,124.53013835162182,126.23434943492143,123.07993130844447,123.6288833618164,1313035
2012-12-26,123.72715235229637,124.41539836169417,122.39164278570937,122.88323974609375,438978
2012-12-27,122.9651962436387,124.89881379203665,118.98325132400058,120.30237579345703,1115622
2012-12-28,121.16265477248243,123.71897715791596,120.66285871087791,123.02254486083984,4463941
2012-12-31,124.73490505655839,126.40634464428422,122.8995998489435,124.11221313476562,1317597
2013-01-01,125.17735224398069,125.34121787193936,123.4076008958126,123.8828125,355543
2013-01-02,123.94837276188876,124.86602555261267,123.89101785858419,124.50552368164062,596816
2013-01-03,124.74311398593636,125.27568050050058,123.03070464991957,124.0712661743164,976642
2013-01-04,124.07129985933727,124.07129985933727,118.96685385687412,122.89964294433594,2945256
2013-01-07,123.07171664009779,123.7681490273074,120.93326362100815,123.1208724975586,1645117
2013-01-08,123.35842070419308,127.04541623551235,122.9897326990254,126.01305389404297,1063654
2013-01-09,127.81564529952674,129.74926295486998,126.6030315280376,128.1351776123047,2357897
2013-01-10,127.83200102959042,129.70826333653937,124.71854089349361,126.64395904541016,1747513
2013-01-11,125.84923897769075,127.6026055887236,125.03810964228603,126.42277526855469,514197
2013-01-14,126.42273519002597,130.3391377827134,125.03807000272381,130.10153198242188,840947
2013-01-15,128.72510548716522,131.0929653998917,128.72510548716522,130.87994384765625,1455478
2013-01-16,130.92905824738057,131.92045115315443,127.30761601964979,127.93850708007812,671424
2013-01-17,124.62841237249933,128.86434760012386,124.62841237249933,126.15235900878906,1886492
2013-01-18,126.16057996836095,126.16057996836095,123.45678996377075,124.75952911376953,1131196
2013-01-21,126.0950426250206,126.10322885177821,123.47317896205618,124.53011322021484,1522661
2013-01-22,125.00531367932503,125.01351273641873,123.2683325276083,123.94837951660156,478897
2013-01-23,124.47270687311044,124.4809059275564,121.60505229518732,122.48173522949219,870818
2013-01-24,120.62187067135162,122.80129247390981,120.45800504572698,122.02293395996094,899114
2013-01-25,121.9819839171221,125.11182941668402,119.87630194980355,124.33345794677734,1621439
2013-01-28,126.13601463883093,127.7173165270739,124.67759597181242,126.17697143554688,1986282
2013-01-29,126.19330167234975,127.28301887603126,125.7754450119422,126.71768188476562,1335681
2013-01-30,127.22569149791099,128.61855588782427,125.8574114454802,126.619384765625,671260
2013-01-31,127.25848686008474,129.78202596878725,127.25848686008474,129.42152404785156,1912663
2013-02-01,129.65087168465774,130.60129473773785,125.25107195267712,127.3813247680664,787604
2013-02-04,127.88112613693255,131.01097080239288,125.89835356026445,127.06179809570312,2127555
2013-02-05,127.29123599254656,127.29943504894904,123.75173285506862,124.71034240722656,1104958
2013-02-06,124.51372375544778,128.42194119180022,121.4412327916714,126.34902954101562,3105506
2013-02-07,126.49650037446216,127.81562470432398,125.35762698651966,126.85700225830078,1014267
2013-02-08,126.20151470293833,128.63492760051378,122.17860137647416,124.13680267333984,1924369
2013-02-11,123.67797933107586,124.50550654012548,122.44079446079685,123.80907440185547,910250
2013-02-12,123.62062926933626,124.76768872913141,121.43302108920882,122.16222381591797,362358
2013-02-13,122.33426646311291,123.44036905361875,121.43301194241074,122.71116638183594,545854
2013-02-14,124.84965527380317,125.63621307022079,119.30278107287103,119.86811828613281,915941
2013-02-15,119.76978439176787,122.89961688232334,116.52522927099646,120.38427734375,1016720
2013-02-18,119.7861998135118,123.01435763432558,119.63052035677906,122.87507629394531,580241
2013-02-19,123.30929474135604,125.02989050657119,122.35068516598298,123.17001342773438,1560117
2013-02-20,124.53828012473521,126.17693647159665,123.07987469292122,123.87461853027344,1052960
2013-02-21,121.26095950855395,123.39122567677958,112.26470885486508,114.58341217041016,144750032
2013-02-22,116.17291579453877,117.56578019790663,115.14056607640984,117.09056854248047,9377693
2013-02-25,119.45843906853291,119.45843906853291,115.54203607388804,116.86116027832031,6758792
2013-02-26,116.34500146982846,116.90213963296598,114.3786005367474,114.71453094482422,6636285
2013-02-27,115.53384399414062,117.16431430284952,114.95212156602165,115.53384399414062,6274681
2013-02-28,114.73089638039676,117.885326120481,110.48676201363558,113.9935073852539,9013082
2013-03-01,112.73172712061822,116.31221273508548,111.00294515916487,114.69812774658203,1610093
2013-03-04,114.91113181105815,117.16429377423034,113.07583938043474,116.7464370727539,1182733
2013-03-05,117.16430777558392,118.63091234915882,116.91031666847273,117.7624282836914,2373651
2013-03-06,118.26221679491614,119.0078048686765,115.85338786534828,116.16473388671875,1397983
2013-03-07,115.98450471158178,118.13114386868065,115.20613309659619,117.66413116455078,1101992
2013-03-08,117.85255764900967,120.19584567696764,117.22167931975405,117.99185180664062,1572284
2013-03-11,118.14756107006887,118.68012788969527,116.6727695295437,117.88538360595703,788235
2013-03-12,117.89352240270902,118.00003315756541,114.14098465628861,114.73910522460938,1195377
2013-03-13,114.54244211246781,115.09959298945843,112.58424064913017,112.9037857055664,453208
2013-03-14,115.0258873080161,115.0258873080161,109.95422431940534,112.19100189208984,811630
2013-03-15,112.55967856193848,116.09918182945177,112.25651876109625,114.4195556640625,3731593
2013-03-18,114.3786002483293,117.85256281797214,110.37207102796737,117.59038543701172,1198261
2013-03-19,117.64774243876424,118.31139137622031,113.24792782215036,114.16558074951172,927261
2013-03-20,114.05907092323362,117.0004669186634,110.11808273783714,112.23196411132812,3775515
2013-03-21,114.54244708688319,115.34540287531703,111.42899977855795,114.0918197631836,1351168
2013-03-22,114.41138525286374,116.34500280829526,113.39540779027881,114.50969696044922,2178784
2013-03-25,115.5338326290493,115.6075728073922,109.43800782520654,110.52772521972656,1983557
2013-03-26,110.71618109329144,112.65798450800628,108.84810502977493,110.65062713623047,2578423
2013-03-28,109.80673116023848,114.50969259264929,108.97101752225683,113.796875,1330954
2013-04-01,113.73946860116435,118.63087783155278,113.38716590862579,117.57394409179688,969084
2013-04-02,117.32000931306402,118.7128739677466,116.05004070700747,117.21348571777344,2201234
2013-04-03,116.77920988931912,118.13110452714581,114.23108718617468,115.90252685546875,1115745
2013-04-04,115.85337924990196,115.85337924990196,110.00335923823187,111.17500305175781,2306956
2013-04-05,111.47816753494358,113.39539966845788,111.10946658021477,112.35485076904297,730997
2013-04-08,110.62606881795736,113.88699684604478,110.62606881795736,111.96976470947266,424071
2013-04-09,112.24832164884586,112.24832164884586,108.52036874945689,109.45440673828125,1479925
2013-04-10,108.24997386955673,111.26512198991487,106.02140258566791,108.14346313476562,5316727
2013-04-11,108.33191977310831,113.54286252303295,104.56299722157449,112.82184600830078,5373950
2013-04-12,112.83007098565534,114.62440721319238,111.45360442568979,114.16558074951172,1322929
2013-04-15,113.23152868279382,114.21472262849018,108.5695372509883,109.05294799804688,1510160
2013-04-16,108.49578937742847,109.29873232597241,107.5781366273571,108.62688446044922,3991381
2013-04-17,109.78214874976496,111.33067982664531,108.80714104820899,109.94601440429688,8396448
2013-04-18,111.17500008546617,114.0508413409592,110.15902288261965,113.10041809082031,5527251
2013-04-22,113.11682459676136,115.02587051099832,113.11682459676136,114.07544708251953,2239870
2013-04-23,114.14099234048359,114.33764141153821,110.6916141745165,111.42901611328125,1759567
2013-04-25,110.62604183978515,116.98404351094429,110.62604183978515,116.0582046508789,7616782
2013-04-26,117.16430305233789,117.95904690427811,115.19791540000986,116.19749450683594,1942006
2013-04-29,116.33679823594103,117.81978831695237,114.4523366236282,115.71411895751953,1990341
2013-04-30,115.6567549974002,123.30931151457268,115.10781589377034,122.154052734375,5925254
2013-05-02,122.08033095359971,125.35765777182567,119.67150132372265,124.83329010009766,4061161
2013-05-03,124.84142776624923,126.99627819654509,121.6460414562056,124.39080047607422,3905452
2013-05-06,123.32569431261304,124.7267579920629,119.62232500797614,121.75257873535156,1706763
2013-05-07,123.71893153592309,123.85002658825408,120.31871055396554,121.52312469482422,3263626
2013-05-08,121.2609705010803,124.53829645563717,119.17987281834675,121.17084503173828,4086850
2013-05-09,120.29416944508229,121.35110363572161,119.29459016238802,120.35152435302734,1856298
2013-05-10,120.61368579585012,127.2420774353213,118.92587350281315,124.69395446777344,10298279
2013-05-13,125.6853282458808,126.81600230647206,121.8672503198726,123.33385467529297,2373246
2013-05-14,122.46536983069943,124.69394761107714,122.09666894220436,122.41621398925781,1702847
2013-05-15,123.35025586312142,126.98808335950325,121.95739149857808,126.25888061523438,4264439
2013-05-16,126.17695414453087,129.43789484570814,126.15236980500896,128.7332763671875,2067510
2013-05-17,128.47108939697466,130.2244558268935,127.28306014160559,129.65911865234375,989897
2013-05-20,129.45429165976853,132.22363563471694,128.6431495251154,131.4288787841797,3264135
2013-05-21,131.93684192300591,132.73158574975145,128.14333520870116,129.224853515625,6750910
2013-05-22,129.2904052734375,130.0687767151531,128.6349426895132,129.2904052734375,3137989
2013-05-23,128.80696396052736,129.45424016547238,126.54561601699343,128.86431884765625,4365332
2013-05-24,130.24078687890932,130.24078687890932,128.4628368491753,128.79876708984375,2556814
2013-05-27,129.45427936337907,134.37026189454193,128.97906767592974,133.5099639892578,1515851
2013-05-28,133.54271578311273,138.08999630290486,132.862668977988,136.89376831054688,3650776
2013-05-29,136.0089164514989,136.3366477290772,132.56772520585312,135.2305450439453,1354139
2013-05-30,133.74756624447303,135.9597589656959,130.94546487371204,132.11709594726562,2409526
2013-05-31,133.35432609162672,135.353497798143,132.57595443160892,133.65748596191406,5816654
2013-06-03,133.55088938009433,135.18954540407918,131.42063654891402,132.1907958984375,626821
2013-06-04,131.09295040824622,134.0343591584867,128.63496528673735,132.17446899414062,2914816
2013-06-05,131.12573641047422,133.33792947927506,128.63496783971735,131.36334228515625,2003693
2013-06-06,130.38013842982417,131.7484186632357,127.34041814122264,128.0941925048828,8166197
2013-06-07,128.02041496464025,130.21623477437416,127.32399571181867,127.83197784423828,1697197
2013-06-10,129.29036659744878,129.9294437087085,126.34897207488805,127.65989685058594,2546992
2013-06-11,127.6353716867878,129.23305862941137,124.70216232214175,127.75006866455078,2494234
2013-06-12,125.0298948040782,127.26667194195494,124.73493405349446,125.48052215576172,1120892
2013-06-13,124.58742281154275,125.63617046144833,120.04832852959137,121.05610656738281,1917554
2013-06-14,120.93323290131659,123.06349915190049,119.95003901538901,122.20320129394531,1511089
2013-06-17,120.94144338504991,126.85700537228998,120.94144338504991,126.13600158691406,2708725
2013-06-18,126.4063573751293,127.15194537916176,124.24332070988902,125.29206848144531,910316
2013-06-19,125.19375436089594,126.01308261088019,124.00572519065021,125.316650390625,1041932
2013-06-20,124.55463808255752,124.55463808255752,119.30272703787966,120.50714111328125,2479624
2013-06-21,120.60602986763602,120.78726656537117,117.37668038584678,118.60415649414062,4415401
2013-06-24,117.31079780966859,117.71446494068609,104.47581118073819,110.72029876708984,3306404
2013-06-25,111.87361920607998,113.18346966100788,110.09417635184823,111.95599365234375,5149036
2013-06-26,113.52128503229673,114.01557062212531,111.8571786020822,113.38947296142578,3936309
2013-06-27,113.57068123599697,119.6174568732534,113.04344598600015,118.58769226074219,2550697
2013-06-28,119.60096218739722,120.57307096740239,115.01233781963639,116.72586822509766,2218656
2013-07-01,118.12637928594778,119.36209950378775,115.16888433947655,115.86912536621094,2063466
2013-07-02,115.03707833588777,115.45722034663883,110.6626396044692,111.74182891845703,1346888
2013-07-03,110.39076764278552,113.02696966186201,109.74819525518981,112.03839874267578,1049060
2013-07-04,114.82287697339463,114.82287697339463,111.72535212075445,112.1784439086914,1241285
2013-07-05,113.17526803408138,114.31212599622862,111.99721638749095,113.52951049804688,843759
2013-07-08,111.42053882973156,113.50478694030178,111.00039680929982,111.9065933227539,1146632
2013-07-09,112.03839215977965,119.02431355356063,111.8406676665626,117.9039306640625,2164995
2013-07-10,116.88239967262774,118.87602923051209,113.68601274450823,114.12264251708984,1715302
2013-07-11,115.49839368044685,116.140978951044,112.69744282228079,113.43063354492188,2654915
2013-07-12,113.35650326240774,114.42746163625625,111.87364675332744,112.46678161621094,798488
2013-07-15,112.6150540231096,113.82605528442014,111.47819622274649,111.81596374511719,1179762
2013-07-16,110.39079081047316,110.39079081047316,105.77744598482269,106.25525665283203,2776857
2013-07-17,104.62409429574184,107.22733371070063,102.64694594533907,103.72613525390625,5283751
2013-07-18,104.3934333132408,108.79258465043796,103.92386014598746,107.92758178710938,4802822
2013-07-19,108.75966140672094,110.20956849597736,106.58479432221081,108.71846771240234,3026243
2013-07-22,107.14496151575744,110.53906699765265,107.14496151575744,109.15505981445312,884325
2013-07-23,109.54225269643024,112.66450954865739,107.71339756999842,110.86859130859375,3970603
2013-07-24,111.21458104738377,111.21458104738377,100.54622377037356,106.97195434570312,12024809
2013-07-25,106.21405099062486,109.65758089191569,105.69504672371905,108.75962829589844,2954319
2013-07-26,106.43649238922815,109.31983126515169,104.62411200761166,105.62915802001953,1061648
2013-07-29,104.62410707872769,106.6012556706987,102.83643267344844,103.76734161376953,1330277
2013-07-30,102.97646798695256,105.44790177369978,102.82818105666045,104.52523040771484,981948
2013-07-31,103.33070529965731,106.60123569818919,102.9764628835989,104.1957015991211,3253086
2013-08-01,104.78885032286375,106.2717066656533,97.57225440521287,98.72559356689453,3726575
2013-08-02,98.5525959452591,103.63551288572522,98.06654793530548,102.77874755859375,2331008
2013-08-05,104.7888633287126,107.3179594513333,102.27623564897468,106.55181884765625,2354008
2013-08-06,106.15637217519355,106.27170286192218,103.57784533375417,105.40670013427734,1723358
2013-08-07,105.53026981753696,107.9193224017815,102.54806958444685,107.02136993408203,847906
2013-08-08,105.47262437048803,107.49919743952647,105.25019396701923,106.0163345336914,1353231
2013-08-12,106.13991205619445,107.69691847277392,101.38651189000662,102.86113739013672,2918490
2013-08-13,103.80028148127589,105.44790622554193,102.16090063403936,105.0854263305664,1767218
2013-08-14,105.11011649847262,105.29135317129703,103.92382777970742,105.0606918334961,1220917
2013-08-16,105.18428811142779,105.18428811142779,97.72054889234923,102.20208740234375,2623109
2013-08-19,101.32884987554182,102.13618414775979,96.55074381496706,97.85236358642578,2565168
2013-08-20,96.90496086556223,96.90496086556223,87.04393355270858,90.14146423339844,4295424
2013-08-21,92.01977090589796,95.57040054351495,91.86324652476317,94.44178009033203,2887264
2013-08-22,93.96395152672919,94.76305462279001,87.94188917874868,91.45132446289062,2511707
2013-08-23,90.78405807311374,93.66739653174713,89.51538811921526,92.341064453125,2100383
2013-08-26,91.44307148641914,93.25545738441534,88.35377866155271,88.98811340332031,1085689
2013-08-27,88.44441706804525,88.44441706804525,81.96925618573603,82.54592895507812,2493367
2013-08-28,81.063085824866,84.95972087868063,76.46621615459611,83.75695037841797,3466428
2013-08-29,83.23792074743952,86.19540851464208,80.7417750372089,83.7981185913086,6872082
2013-08-30,83.79814489959102,86.44257834569378,79.59669845526994,85.42105102539062,3221824
2013-09-02,84.35831611642678,86.89565568516271,83.04021520970603,85.22331237792969,2219031
2013-09-03,85.39634716719347,86.82977924680642,82.21643417789403,83.00729370117188,1746825
2013-09-04,82.2164218379546,83.97113993236785,80.75003373543205,82.42237091064453,2658507
2013-09-05,84.02879370942225,85.34689473626308,81.55735992839111,82.31526947021484,4600544
2013-09-06,82.54593734049261,85.59403749970139,82.24112603444705,85.09151458740234,3645228
2013-09-10,86.97806471098644,94.24408726189108,85.51991386165957,93.5438461303711,3020075
2013-09-11,92.86005559091696,95.23263349879431,92.22572065965718,94.3429183959961,1557654
2013-09-12,94.22757515782271,94.57358011197718,89.5400882165053,90.7181396484375,1026983
2013-09-13,89.82019184874683,93.173103171996,89.79547306104453,92.26690673828125,1065142
2013-09-16,94.40883269967985,95.45506581505354,91.64906234404772,93.61797332763672,1439211
2013-09-17,93.61796889563027,93.88158652362337,91.41838371115111,92.85182189941406,638623
2013-09-18,91.12179573882412,93.05774995725379,90.30622424985233,91.74788665771484,978567
2013-09-19,93.58500375953727,100.06016475206663,93.58500375953727,98.50315856933594,2917797
2013-09-20,98.69263481025564,106.86484464648716,95.66100348261322,104.76412200927734,4655068
2013-09-23,102.48217815284401,105.7609526768061,100.49679879751874,105.07718658447266,1594273
2013-09-24,102.81171394443841,105.10191118996339,97.58050956056589,98.68441772460938,1863492
2013-09-25,99.68944974511403,100.8675012158662,94.91134429783078,95.60334777832031,3643360
2013-09-26,95.89170246185645,97.04504189354206,93.58503004910986,94.80427551269531,1718617
2013-09-27,95.06785593383786,96.06466411748505,93.45318781286967,94.73009490966797,1003583
2013-09-30,93.09072227295043,96.00701672161799,93.09072227295043,94.54886627197266,1593590
2013-10-01,94.90312415453718,95.46331570736285,93.46145481198027,93.71683502197266,893023
2013-10-03,93.12368901908967,95.0102256922029,93.12368901908967,94.11226654052734,1168246
2013-10-04,93.91454812324447,94.4994584769652,90.86644754841183,91.85501861572266,1571848
2013-10-07,90.965285543708,92.59643522595604,90.14147648234413,92.02799987792969,1436994
2013-10-08,94.40059434538495,94.72187410840024,90.23210456389414,90.70991516113281,1941052
2013-10-09,90.24035215696757,92.92597931945329,90.13325889058757,92.2751693725586,2795449
2013-10-10,91.4430968127597,94.12872340492201,90.98176115449748,92.00328826904297,2280862
2013-10-11,93.45321149601305,94.24407086805617,92.10215415570096,93.61797332763672,3335777
2013-10-14,94.7383538579681,95.52921320910026,93.63444574490349,93.94749450683594,1193679
2013-10-15,94.26054980522837,94.68069829945605,92.1433517922175,92.62116241455078,1713829
2013-10-17,92.43169325712567,93.90631243860383,90.62754392973471,91.96212005615234,1873401
2013-10-18,91.11357130750568,92.25867298394105,90.3474243747332,90.77581024169922,2816386
2013-10-21,90.78406181504913,92.26691833743163,89.79548434950355,91.68201446533203,1621414
2013-10-22,91.92092608183711,94.9031271260071,91.097116846189,92.01155090332031,1995790
2013-10-23,92.19275673285979,93.0907156571471,90.45452035191191,91.02294921875,1920782
2013-10-24,90.94881325289386,92.14333965133528,89.97671724256702,90.52867126464844,4074010
2013-10-25,89.96023849864703,93.74977329996342,89.96023849864703,93.26372528076172,2625249
2013-10-28,94.00514823900944,94.07929169972319,90.61928718536574,91.89619445800781,1098924
2013-10-29,91.41016059178503,95.38093249918846,90.7840630270597,94.4088363647461,3081285
2013-10-30,95.25735288353074,102.46569855607191,95.09259106533685,101.79017639160156,2566995
2013-10-31,101.32885563833085,102.94352427459644,98.1159868092957,100.72747039794922,4150918
2013-11-01,101.32885503974552,107.09553884332338,101.32885503974552,106.27996063232422,3076497
2013-11-05,106.27171879338754,106.69186727735276,99.18694055078616,99.72241973876953,2081283
2013-11-06,100.48031042300207,101.73250537163754,98.85740461766386,99.2116470336914,641815
2013-11-07,99.18694740918413,99.68123294736648,93.30493273319088,93.51911926269531,3243105
2013-11-08,94.37586730814989,94.37586730814989,90.88290649556103,92.62938690185547,4762672
2013-11-11,94.22756626188462,94.22756626188462,89.5318423186233,90.2485580444336,1374358
2013-11-12,92.2669007706221,92.92595443904908,90.47923325714115,91.13004302978516,1636655
2013-11-13,91.94178471642313,93.5652587161175,91.2791433264747,91.75955963134766,1098020
2013-11-14,91.46138780601687,94.42671643779872,91.46138780601687,93.7806396484375,937945
2013-11-18,94.90713512969208,99.15634155776019,93.4244740210036,98.11267852783203,1795093
2013-11-19,98.5516581004159,98.56822283880513,95.76855504795496,97.04414367675781,678445
2013-11-20,96.2655394182552,97.49143387396279,94.42670422049606,95.25501251220703,791207
2013-11-21,95.25501882131631,95.25501882131631,92.43877952309177,93.01031494140625,668499
2013-11-22,93.10142380506576,95.58633577462676,92.43877585692772,94.3355941772461,690704
2013-11-25,94.82429204857907,96.06675126504848,94.42670587760513,95.04793548583984,541328
2013-11-26,94.75803442749961,96.38978449671869,94.10366884574033,94.62550354003906,944344
2013-11-27,94.09538057780532,97.16011013615564,93.74749512728103,96.69625854492188,619303
2013-11-28,95.42895574969283,98.07124565895734,94.51781727255192,95.29642486572266,3238143
2013-11-29,94.5923675904466,98.89127420583824,94.5923675904466,97.94700622558594,1305691
2013-12-02,97.94702117218743,100.20829005937262,96.91164048096944,99.57049560546875,1105528
2013-12-03,99.64503169812906,100.94546756584211,98.48540260674602,98.82501220703125,2348060
2013-12-04,96.99445011701707,99.83553625884059,96.36493816755642,97.16011047363281,1549746
2013-12-05,99.89352809267157,99.89352809267157,96.98618255302752,97.91387939453125,1368215
2013-12-06,97.12698275685365,99.39654021245677,97.12698275685365,97.68195343017578,1523580
2013-12-09,98.7339175030551,101.29338450503897,98.56825708999395,99.42969512939453,2574148
2013-12-10,99.56219333591963,100.21655240105538,98.23690398114425,99.34683227539062,4314683
2013-12-11,98.56824623298068,100.95376370126849,97.2015447328623,100.23313903808594,1900953
2013-12-12,100.87090283015573,102.19619207146683,100.05916584524584,100.63897705078125,1431390
2013-12-13,100.63899156430753,100.72182174847212,98.5682304743901,98.91612243652344,1191164
2013-12-16,98.76702664766832,103.20674007761556,98.02983736121887,102.16307067871094,2200362
2013-12-17,102.97481521889009,103.93564795686088,101.67437288602765,102.74288940429688,2546966
2013-12-18,102.86713389579822,105.36032819778086,101.1111223724197,104.66455078125,2241230
2013-12-19,104.78051367920666,107.3399799884918,103.88594639362292,105.96499633789062,2787146
2013-12-20,106.03952222672486,109.98225398236968,106.03952222672486,109.32788848876953,2330192
2013-12-23,108.67354927408935,110.48754399262218,106.76017259975566,107.290283203125,1396259
2013-12-24,107.08321368512053,111.58090425875224,106.08925135412251,110.62007141113281,1309417
2013-12-26,110.99276034014575,112.59966927347251,108.54098510465771,109.70060729980469,1262047
2013-12-27,110.91825031013448,112.64941479669312,108.67354645957658,111.86251831054688,642015
2013-12-30,111.98674341984811,112.81505811620401,110.33013997034278,112.069580078125,540009
2013-12-31,112.15241572670806,112.46717171284551,109.88286486733989,111.42351531982422,942789
2014-01-01,112.15241107141915,112.23524773509277,110.827128225474,111.35723876953125,262702
2014-01-02,111.35724479759253,112.27667214476189,108.17656190366418,109.12911224365234,524306
2014-01-03,109.00485946010504,112.64940009582682,108.28422851315754,111.72997283935547,834250
2014-01-06,111.8624895376199,112.45887190481864,108.3836161768973,108.9302978515625,1117659
2014-01-07,109.83318256908447,109.83318256908447,103.72857614094004,105.1366958618164,1614563
2014-01-08,103.70371628562526,106.51994889549314,102.76773071021246,103.98533630371094,2560052
2014-01-09,103.86936897229752,103.86936897229752,99.84380694995751,100.97030639648438,3638450
2014-01-10,100.97030818375848,102.69317713062208,99.56218871502608,100.18341827392578,1418320
2014-01-13,101.04486566757744,102.34530149268805,99.11491136850825,100.8460693359375,1016264
2014-01-14,99.56219431601468,101.88144584535081,99.34683325336565,100.33251953125,3524389
2014-01-15,99.9100910523039,104.03504875694087,99.9100910523039,102.71804809570312,1411249
2014-01-16,102.87541362331045,104.53202380207891,99.72786012087269,100.24969482421875,1649802
2014-01-17,99.95977632094348,100.81293168082645,98.42741480943087,99.33854675292969,1289953
2014-01-20,99.39653525462735,101.63295663306172,98.5682269567391,101.12769317626953,453860
2014-01-21,99.72785403462494,103.15703384707052,99.72785403462494,102.24589538574219,584972
2014-01-22,101.88145531680489,103.86938631044507,101.48386911807687,103.43038177490234,432825
2014-01-23,103.43037801644293,104.35808127503168,101.72407361489854,102.33702087402344,597899
2014-01-24,101.55011148556034,103.3640993210685,100.30765246474073,102.57720947265625,1053514
2014-01-27,101.88143858691824,101.88143858691824,99.40480924320686,99.96805572509766,864902
2014-01-28,99.3965175962899,102.40326366586086,98.89953011152858,100.75493621826172,1022396
2014-01-29,102.04711118745266,105.50942715452037,100.80465193910152,101.98912811279297,2971602
2014-01-30,100.77983604992878,101.31823565672393,98.60139699134515,100.40709686279297,3651227
2014-01-31,101.06143077419244,104.70596534280496,100.3159526350879,103.5711898803711,1113405
2014-02-03,103.79481843038226,104.69766795176076,101.4010193305077,102.64347839355469,1613116
2014-02-04,101.79033014393588,102.95823499897199,99.81068176583521,101.94770812988281,1761686
2014-02-05,102.61035406848362,102.61035406848362,100.87919614684144,101.12769317626953,2689707
2014-02-06,100.2248309006361,101.70749818743518,96.96959395354455,99.0652084350586,2843409
2014-02-07,100.72181464309092,100.72181464309092,97.52456067976303,97.97184753417969,1093705
2014-02-10,97.92215047608069,99.39653548801843,96.91990592968357,97.86417388916016,844570
2014-02-11,98.73388825036804,98.73388825036804,96.31524174762366,96.91990661621094,825003
2014-02-12,97.24294448856067,97.56598284528671,96.09988019985113,96.62999725341797,1710776
2014-02-13,96.54717260899825,96.97788828073453,95.26330147803905,95.73543548583984,1062279
2014-02-14,95.72715203808842,96.08331988954102,91.37855109040693,92.25655364990234,3524471
2014-02-17,92.95230947849065,94.4846707947585,91.19630476793694,91.8175277709961,1153242
2014-02-18,91.05551089562044,93.58184122825176,90.89813289794306,92.6375732421875,2743204
2014-02-19,92.62101503645728,93.46588167299741,91.48623300768794,92.07433319091797,1859033
2014-02-20,91.94180966877448,95.80171237869833,91.94180966877448,94.97340393066406,4417156
2014-02-21,95.56148577262115,97.73992405416388,95.255012159828,97.47486877441406,1328614
2014-02-24,97.57425406168406,98.23689543854795,94.83256304188669,95.57804107666016,712960
2014-02-25,96.87020359327349,98.52681367920684,95.63603326259556,97.82275390625,1075816
2014-02-26,98.39426110233913,99.72783254363314,97.57424185249658,97.80616760253906,2198535
2014-02-28,99.34683697067732,99.34683697067732,97.4086067917189,97.94700622558594,4698296
2014-03-03,99.22258784041848,99.22258784041848,95.61945891336819,95.94249725341797,3742272
2014-03-04,96.7459564329248,96.7459564329248,93.76406342519802,95.93421936035156,3116929
2014-03-05,97.4914335099368,98.56822585359745,95.50350269737645,98.28660583496094,1350814
2014-03-06,99.04862089070063,103.45520369405665,97.73990302660069,102.69316101074219,2544606
2014-03-07,100.47332694450921,105.89871999222426,100.47332694450921,103.04106903076172,7419599
2014-03-10,101.21878850359789,111.32409483473364,101.21878850359789,110.06507110595703,3914515
2014-03-11,110.1976214545819,111.98675597495249,106.519951007085,107.56361389160156,2759928
2014-03-12,107.13290990449023,108.67355404726764,105.55912979392009,106.85956573486328,2702639
2014-03-13,106.85127723612153,108.67354781451058,105.8738797438465,106.66905212402344,2696522
2014-03-14,106.35428395096201,106.35428395096201,103.07419987948825,104.24211120605469,1924841
2014-03-18,104.35806942407038,112.2103908075447,103.223294075207,108.50787353515625,7413816
2014-03-19,108.67356468530281,114.86929080230979,108.39194460341376,112.40922546386719,4897485
2014-03-20,111.27442980802263,111.27442980802263,107.82040250198966,108.41677856445312,2322351
2014-03-21,109.28649765361725,112.20212528595624,108.53273066475046,110.52066802978516,4446688
2014-03-24,110.1810490299804,115.38280483633797,110.17277314676409,114.32257080078125,2266293
2014-03-25,114.3060292141348,124.237402403686,113.08013457831913,116.71640014648438,8242304
2014-03-26,115.83836673618602,118.94450804216036,114.86925822413858,117.6440658569336,5189422
2014-03-27,117.7848839880695,121.76074532462044,115.9708960371803,118.66287994384766,4934166
2014-03-28,118.94450308438203,123.4173453408223,117.95881690389731,122.35712432861328,3281151
2014-03-31,122.92035640083415,129.149203090328,122.35711645651092,127.14471435546875,3946515
2014-04-01,126.71402592875259,126.71402592875259,122.69674556741381,125.04913330078125,3025520
2014-04-02,126.31640725663183,129.00840404670225,124.80061057709791,126.73885345458984,2469125
2014-04-03,124.2456496805122,125.570945431128,118.28186420335312,121.26376342773438,3158541
2014-04-04,121.2637810127208,122.57249924393875,118.68774991443082,121.17266845703125,1145667
2014-04-07,122.15834007046719,124.57699961831939,118.77886075961763,122.59735107421875,2374544
2014-04-09,124.89174947783515,131.36908126235025,122.97007113148082,130.3502655029297,4932323
2014-04-10,130.71475579171474,131.7004293061615,127.92336970039871,129.48886108398438,3922751
2014-04-11,128.4037301199881,128.84272803009054,125.58749165807528,127.49259185791016,2083777
2014-04-15,126.91281551565545,126.91281551565545,120.4271942509105,121.4377212524414,1555734
2014-04-16,122.000991592195,122.58908536465289,119.60718518778091,120.26155090332031,2594926
2014-04-17,122.77125932821824,124.72605383109662,120.60938616839715,123.88118743896484,2824063
2014-04-21,123.4173671215673,126.58149192257865,122.72159614879,126.08451080322266,1676722
2014-04-22,126.89621190622759,130.6235887007032,125.72002488813362,129.621337890625,1680278
2014-04-23,129.71246832749455,138.14460732995855,129.71246832749455,134.40066528320312,3500399
2014-04-24,134.40066528320312,134.40066528320312,134.40066528320312,134.40066528320312,0
2014-04-25,134.9722195649806,137.33289619693468,131.86607770805693,133.34046936035156,1420265
2014-04-28,133.35699757763254,134.07762197975697,127.64169656959663,128.4451446533203,1411377
2014-04-29,128.47002991318797,130.5407910944713,122.06723239729183,123.44222259521484,2106895
2014-04-30,123.45879759183919,123.5830396409879,117.82633138061486,121.72764587402344,4404414
2014-05-02,122.58077707499312,123.74867545393882,120.52658087142542,122.71329498291016,1378258
2014-05-05,123.91433985446567,123.98888766590397,120.52658480489022,121.19750213623047,1248002
2014-05-06,120.9241752248758,121.59510558741025,119.11018696650129,119.59889221191406,853130
2014-05-07,118.44754008022794,121.23892573103979,115.46564046489382,116.51758575439453,3261579
2014-05-08,116.68324469038137,119.57403171578812,116.68324469038137,118.24874877929688,3569383
2014-05-09,118.19900804202167,128.56938818021968,118.19900804202167,127.74107360839844,4571017
2014-05-12,128.22149197080716,130.8637942255311,124.32846789908615,128.49484252929688,2701761
2014-05-13,128.6439634273222,131.55130201598269,126.14248038636377,130.59046936035156,2483966
2014-05-14,131.6838155547177,133.6883172655317,127.55885897970222,133.20790100097656,3121625
2014-05-15,133.34044524454436,135.6762548853526,132.54527296921302,134.98048400878906,3815100
2014-05-16,136.67018742522552,153.8409419228381,135.8501747062715,141.10162353515625,6997935
2014-05-19,144.6053885335943,153.20318875443272,142.65059362386825,151.14071655273438,4811089
2014-05-20,150.84252312715967,151.64598432083315,144.1249700996667,145.86441040039062,3520120
2014-05-21,145.176875072258,147.42158469553866,142.96530788973072,144.63848876953125,4037509
2014-05-22,146.609910986504,158.7031582771799,145.78160904295223,156.1768341064453,7351400
2014-05-23,154.7603961884028,157.73400673770556,148.81317508979734,151.70394897460938,5833603
2014-05-26,155.54729364925504,157.65945997696193,149.31015715505066,155.12484741210938,1661599
2014-05-27,155.5555606477081,156.51639326632625,149.85682388696458,151.54656982421875,8715690
2014-05-28,151.5465458099547,155.19936176416667,150.58571334359132,154.03146362304688,4978179
2014-05-29,154.7189649492077,154.7189649492077,149.9479314888285,151.2649383544922,2841536
2014-05-30,151.248364201423,159.6473729315994,146.40278323952137,156.91397094726562,6262231
2014-06-02,158.17305843733536,158.37184832305195,154.23032535065053,155.9532012939453,1158009
2014-06-03,158.04049217543118,160.35973725715016,155.40647813528523,158.6285858154297,2563388
2014-06-04,160.14441757822956,160.14441757822956,151.92763065182817,152.82220458984375,3197388
2014-06-05,153.24461654601572,158.01565093889266,152.656522860024,157.38613891601562,2240953
2014-06-06,158.04051109199366,164.66693937594167,157.17906672410427,162.8529510498047,4154997
2014-06-09,164.8740312700051,168.9741358008001,163.20913845253943,166.86196899414062,2345150
2014-06-10,167.5328568369703,169.47109999101292,162.9357719309987,166.94476318359375,2238167
2014-06-11,166.77084244850028,166.77084244850028,162.35596926644652,164.91543579101562,1901707
2014-06-12,164.8325702854443,165.8099806380132,163.1925314917304,165.11419677734375,1156654
2014-06-13,165.47039732104173,165.49525091802306,153.07068354358216,154.47879028320312,2692930
2014-06-16,154.3959605673758,155.249116028445,148.7552060575191,150.8094024658203,1959387
2014-06-17,150.61886300325733,153.22802316526383,149.93965688603373,151.09100341796875,4536168
2014-06-18,153.01267788044365,153.01267788044365,144.9698423500674,145.7650146484375,4148537
2014-06-19,145.947229072471,147.9517179243988,143.4705998117367,145.08578491210938,3328182
2014-06-20,145.12723060738494,145.12723060738494,142.13705501696384,143.06475830078125,2095954
2014-06-23,143.15584407452818,144.2077891992365,139.8509001228097,140.73719787597656,5359073
2014-06-24,139.4864499622123,143.60313089249937,139.4864499622123,140.73719787597656,5637617
2014-06-25,142.80942693093715,142.80942693093715,140.70389897607345,141.47787475585938,5140302
2014-06-26,141.31143730715465,148.45191420593994,141.31143730715465,147.35337829589844,7668955
2014-06-27,149.6170214791568,150.374354259854,146.5045139498491,149.05111694335938,1925836
2014-06-30,148.30208081487925,151.63097401907092,147.55308929283646,150.640625,1421461
2014-07-01,151.44793907636867,151.96391437733013,149.80014152076222,150.54913330078125,872173
2014-07-02,150.6323249677154,157.4565430312517,150.46588094257956,156.82406616210938,2549163
2014-07-03,157.78945933585257,160.5524356328283,154.62700952023476,155.75050354003906,2897481
2014-07-04,154.62694727690476,159.62027953562583,154.62694727690476,158.80470275878906,1578011
2014-07-07,159.78679604624264,161.77580960889375,158.57174535998584,159.7035675048828,2284787
2014-07-08,158.12236007651424,161.42628303009755,150.64899465948608,152.613037109375,1902657
2014-07-09,152.63800130140527,155.4758781660178,146.78747545809108,149.7418670654297,2299284
2014-07-10,148.3021068930297,157.29011100176453,147.3034426660521,150.90696716308594,1760737
2014-07-11,150.96521945553522,157.03211811506014,141.1366674213797,143.50018310546875,2090956
2014-07-14,143.14234288085802,147.46990132650203,141.4945454396581,146.1882781982422,618836
2014-07-15,146.50454535338244,151.63103864144685,144.98157746444753,151.1067352294922,1406374
2014-07-16,152.90429995705412,155.4508896811771,145.65563710738988,153.08738708496094,2047810
2014-07-17,151.56445736018787,155.9585886217394,150.68229466735923,151.5811004638672,1429235
2014-07-18,151.2981240675632,151.2981240675632,147.80278597540612,149.13433837890625,1194956
2014-07-21,148.24385485940707,151.997180428848,146.54612821904604,149.05111694335938,2306915
2014-07-22,148.30213294506567,151.1150520147927,148.30213294506567,149.6420135498047,825460
2014-07-23,150.6323162944052,151.99715461533904,145.23950933777095,146.2298583984375,1609201
2014-07-24,147.25352488616107,148.784807547412,144.9565813448308,146.00518798828125,1347473
2014-07-25,145.92195749606972,148.36870195376272,141.35305467661064,147.36170959472656,3087915
2014-07-28,148.96790012611177,152.61303930882374,148.96790012611177,151.08175659179688,5713339
2014-07-30,151.27314917597295,153.71156553290257,150.06642658175332,152.13034057617188,6601646
2014-07-31,152.29675583512144,152.98750305841244,148.30208644503074,149.80841064453125,4128087
2014-08-01,148.5101450933972,149.18424922018323,146.30475863247608,147.3699951171875,1564843
2014-08-04,147.53643874216687,147.53643874216687,144.1992303794646,145.2062225341797,3152383
2014-08-05,146.9705816632196,148.90133807088668,143.97457539743698,147.94427490234375,2185757
2014-08-06,148.05245924636168,150.28281735223203,147.86104402594165,149.19259643554688,8227125
2014-08-07,150.13301530722003,152.7961201069958,148.9678939243489,150.8903350830078,3720458
2014-08-08,149.31741067220565,149.8750000919614,145.14796908977436,146.69590759277344,1163156
2014-08-11,146.69593767561088,149.91663206537598,146.69593767561088,148.90965270996094,2190725
2014-08-12,149.64195929045334,150.39927886936704,147.7528178592714,149.60867309570312,1409058
2014-08-13,151.0900611287939,153.02914533515425,146.97056123163497,149.16763305664062,1784147
2014-08-14,150.615739490336,150.615739490336,146.81247055655012,148.4602813720703,1280588
2014-08-18,148.63501094924263,149.0511276050397,146.22989369236936,147.55313110351562,1712361
2014-08-19,149.29242702195725,154.92657811002871,148.12731898397362,154.42724609375,5299593
2014-08-20,155.57574297972178,156.95722459853712,155.2095556662202,155.96688842773438,5651190
2014-08-21,154.79345452391073,158.03911986382138,152.712897479589,155.3011016845703,4201074
2014-08-22,155.62566160061743,156.29143771333554,154.72685602866753,155.93357849121094,3529233
2014-08-25,155.93361724166343,159.6037278728696,153.6283714400481,154.4855499267578,4107422
2014-08-26,155.45921800575843,155.45921800575843,150.1413110895002,151.7891082763672,1379730
2014-08-27,153.1040415251133,153.6200167479728,150.84871239236782,153.02081298828125,1439514
2014-08-28,153.29541958369936,153.94455254358596,149.92492503162515,150.49082946777344,1989617
2014-09-01,149.48386312873646,157.95589156088192,149.48386312873646,156.95721435546875,2238813
2014-09-02,158.12234667941513,161.12666747373018,156.6243372827174,159.8949737548828,3942061
2014-09-03,160.78547511441565,163.94792538314468,159.7868107241761,161.91729736328125,7382180
2014-09-04,162.9159442988917,162.9159442988917,159.49550702108965,162.20022583007812,1302412
2014-09-05,163.90632094968066,165.51251735177786,161.89234894507445,164.7967987060547,4716159
2014-09-08,165.113038195156,165.76217136923702,160.2029316304331,161.47622680664062,2453135
2014-09-09,162.58303423707537,163.09902244337238,159.79510008128696,162.39163208007812,1199852
2014-09-10,162.94926913766923,164.07276337460226,161.27650033557055,162.458251953125,2646940
2014-09-11,163.09901714290368,163.78143631877407,160.8353732671139,161.5760498046875,3694097
2014-09-12,162.94091114967048,163.6982308927467,160.63565268550752,162.5164794921875,2390052
2014-09-15,163.5816740763239,163.5816740763239,160.98514267026263,161.74246215820312,1196003
2014-09-16,161.11830317638626,162.25845306826997,153.96119801501018,154.7601318359375,1480510
2014-09-17,155.1595953729828,159.10433526652162,151.73915866100953,158.2970733642578,2339259
2014-09-18,158.1223510658328,160.6106967071885,158.1223510658328,160.194580078125,1789566
2014-09-19,159.78680807495215,162.3084401800387,157.32343334660928,160.76882934570312,3274495
2014-09-22,160.7687906425057,163.93955513045825,158.9795076290134,162.89927673339844,2488979
2014-09-23,164.40557746520832,166.22814641565557,161.80073084542693,162.64126586914062,6054011
2014-09-24,163.12398964033864,163.12398964033864,156.31641431480713,157.03211975097656,2038845
2014-09-25,158.93792371839828,158.93792371839828,148.14399316439435,153.0707550048828,5276680
2014-09-26,152.47152107480775,159.1625936321295,152.2052054497614,157.67291259765625,2435323
2014-09-29,157.64800572065596,163.76484829508018,156.4579260208281,162.35006713867188,1266763
2014-09-30,162.36669147035838,163.59838530484404,154.0444626023659,155.17628479003906,2849916
2014-10-01,155.733824781129,155.85865452519886,150.63230500865447,151.53109741210938,3589304
2014-10-07,151.5976905755568,156.94888314243406,146.48784247712226,147.69456481933594,2897702
2014-10-08,149.79177192751337,153.75315523708556,147.36168402599995,149.65029907226562,3628915
2014-10-09,149.6336848100535,152.46323369106926,149.15098272349627,150.04147338867188,4957863
2014-10-10,149.80013528251575,149.80013528251575,144.47389932990467,145.92196655273438,1358804
2014-10-13,144.64034828415694,145.9635857657947,142.36006068935944,145.53915405273438,1412696
2014-10-14,146.7541967521813,151.61437359654178,146.47123794809264,150.5075225830078,4973007
2014-10-15,150.5075225830078,150.5075225830078,150.5075225830078,150.5075225830078,0
2014-10-16,148.30210736420443,152.92095223634493,142.69292632866714,145.231201171875,2123875
2014-10-17,145.5641252515779,150.92363455882395,145.4725816676836,149.80014038085938,2938057
2014-10-20,150.46590488083527,156.77414877335238,150.46590488083527,153.9113006591797,3655538
2014-10-21,153.12897590952232,153.12897590952232,148.4935016236812,149.80841064453125,2410209
2014-10-22,150.14134479242813,153.6200401082197,149.97490072642222,152.36338806152344,1527197
2014-10-27,153.96955173304133,155.83373546125046,148.71822973807224,149.392333984375,1038350
2014-10-28,148.24384784766673,150.58239241755084,145.3060995351879,148.34371948242188,3068317
2014-10-29,148.80147368094876,150.1330393268416,146.80414476156645,148.75987243652344,1311382
2014-10-30,148.96881749892535,152.96472805479965,147.98238157406075,151.69406127929688,10730940
2014-10-31,152.80590054529978,159.34313153031624,149.69610530743356,158.89170837402344,9353606
2014-11-03,159.50197124577,160.32121485818303,156.15811201846734,156.67640686035156,3748795
2014-11-05,155.99091771887387,161.17389225462205,155.99091771887387,158.5406036376953,5213500
2014-11-07,159.19266993892933,163.34742070217192,158.86665080533373,162.31918334960938,5552094
2014-11-10,163.01300476377244,164.1833507819367,161.0066842125042,161.825927734375,4379510
2014-11-11,162.009860876796,175.05091357726153,162.009860876796,169.7509002685547,15191577
2014-11-12,170.56176128081026,175.92865883058408,169.03194719771543,173.7467803955078,6687406
2014-11-13,174.7164906834497,177.55877266902326,172.20860636520075,175.48558044433594,5330054
2014-11-14,175.48556218209475,178.0603310024836,172.20858844398407,174.39881896972656,20736533
2014-11-17,175.45216040195734,178.87960915793462,173.60467956330766,175.87014770507812,6181224
2014-11-18,176.55568218960363,178.0269774683529,173.8805915336105,175.4271240234375,3651427
2014-11-19,174.64965730193975,181.8055175939018,174.64965730193975,178.04367065429688,3527073
2014-11-20,180.33417404314568,180.4010588147762,173.88053325384473,175.53575134277344,1109253
2014-11-21,176.38843802791143,178.48670072157094,174.91714318135345,177.08229064941406,1832231
2014-11-24,175.8869036036839,177.47523737031275,173.63815289750133,175.6110382080078,5744626
2014-11-25,175.076028086799,177.42508655395653,167.1928909145243,171.33926391601562,3234925
2014-11-26,170.53666272606733,174.68304698898615,168.31300932468125,173.5294189453125,2657994
2014-11-27,173.54618461607976,174.54933857429083,169.86794034441144,173.4458770751953,3076779
2014-11-28,175.19302673583869,183.7449444673436,174.7165201255608,180.5515594482422,5666477
2014-12-01,181.23706869784914,190.43267338355776,178.07711913897012,186.7209930419922,3988436
2014-12-02,187.26433604774067,189.529804215308,181.5965025129395,185.71780395507812,2074838
2014-12-03,186.9215739990242,195.86639446586383,185.57568323133572,194.36166381835938,3375321
2014-12-04,195.2561754925871,204.40997795880983,194.278091907227,201.3085479736328,5386994
2014-12-05,203.3064877265253,204.64403928019084,196.209160515838,196.98660278320312,2657722
2014-12-08,197.9563265253618,201.80176280695648,193.10773636810586,197.00332641601562,3005527
2014-12-09,196.78603199056317,198.2573273460386,187.59042620016908,191.57797241210938,3265402
2014-12-10,191.43583132564208,199.61155058530156,189.89765143107883,198.6669158935547,2563434
2014-12-11,199.95430688331862,199.95430688331862,189.34592648299034,192.06280517578125,3970336
2014-12-12,192.06276651833508,194.6709716330976,186.02709961867978,187.80770874023438,2692345
2014-12-15,187.25596675655626,191.4942932660156,186.5871845059092,187.8829345703125,1561441
2014-12-16,188.25914680574647,191.05126236262794,179.98309457648915,181.29556274414062,4450819
2014-12-17,179.51497270900072,181.66340267246034,169.82615683294858,177.2913055419922,5825768
2014-12-18,179.71559110238434,188.25914300525383,179.71559110238434,187.5402069091797,3869362
2014-12-19,187.5987181073257,188.92790411309556,181.09492313673147,183.28514099121094,1944125
2014-12-22,183.64462731207806,187.64889055769498,179.1053381717168,186.5370635986328,2567893
2014-12-23,187.92476879697284,188.09196111599883,181.83058193077724,184.2381591796875,1696618
2014-12-24,184.27996753251458,185.53391651862293,181.48785177124955,183.35205078125,1027907
2014-12-26,182.4241373330044,185.41689462693176,180.38439339840346,182.47430419921875,716064
2014-12-29,183.08452296083547,185.6258565735046,182.59129844065563,183.76165771484375,1032269
2014-12-30,182.58296598356287,186.24449241302827,182.0228697140613,184.9571075439453,1115632
2014-12-31,185.751258400825,186.92160465191785,182.4659181538592,185.29983520507812,1910549
2015-01-01,186.58718067942505,186.58718067942505,183.24333495255556,184.3050079345703,230491
2015-01-02,183.4105580835019,186.92159668717485,183.4105580835019,184.9320068359375,1170068
2015-01-05,185.49209945770048,188.04178547669406,177.99350269841375,179.16384887695312,2785715
2015-01-06,178.87959808804402,181.47109826052426,173.0863740219812,174.79173278808594,2699693
2015-01-07,173.5461543460163,175.4103530419165,171.13857741130465,173.8805389404297,3076271
2015-01-08,175.55249253147537,178.0185889801619,173.62140886895497,176.12094116210938,2178650
2015-01-09,177.22439971694547,179.56510499239002,175.3351175758608,177.40830993652344,1674675
2015-01-12,177.22439634585922,178.89631930254637,172.95262075454286,174.0226593017578,1716246
2015-01-13,174.21495608685916,176.0958861463342,172.59318657345943,173.79698181152344,1377123
2015-01-14,173.3873342115651,176.36335983441168,170.53668645198854,172.91082763671875,1767193
2015-01-15,176.84825811989873,187.67399818692857,176.84825811989873,185.7261962890625,6809123
2015-01-16,186.08564194181562,195.59891247591534,186.08564194181562,194.79638671875,6657545
2015-01-19,195.81626441887738,196.80270038307916,186.77948775044945,191.0345458984375,3690936
2015-01-20,189.7722417223506,192.0794982448497,185.45866436552012,187.97491455078125,4134071
2015-01-21,190.08987811145877,193.94366617735713,183.41887843825788,184.99049377441406,4073851
2015-01-22,186.58722224286268,188.5935432174625,184.33011932866341,187.7324981689453,2308772
2015-01-23,189.42946308295495,190.8673219855032,180.25057904890588,183.1513671875,4504014
2015-01-27,182.05627659325597,186.71260384614754,181.67173822272795,184.18798828125,6903221
2015-01-28,184.07932233767045,194.57902820182474,183.41055309800657,193.7514190673828,2941577
2015-01-29,192.27175117617412,195.47348815123402,189.7638537036645,193.9269561767578,1557536
2015-01-30,194.61246140479668,195.43170502142456,188.97806361805408,190.99273681640625,2126303
2015-02-02,190.59980186596553,195.74098739844584,189.98118650102373,193.75975036621094,1948508
2015-02-03,195.43173862307697,201.46740684085452,193.94372552001747,196.1339569091797,3615060
2015-02-04,195.44841111691616,196.78596258872236,189.48799458211366,190.741943359375,1380007
2015-02-05,190.76700518642346,198.74210753355018,190.76700518642346,193.46717834472656,2562464
2015-02-06,192.27173405805783,196.9447654055435,188.93622783644014,190.61651611328125,1398887
2015-02-09,190.6165744572476,194.61248550558764,189.09512557839676,191.8538055419922,1226844
2015-02-10,192.24668820149552,195.44842551715575,190.18186121112254,191.64479064941406,1861388
2015-02-11,190.9342201357849,195.49859245214245,190.9342201357849,193.7514190673828,1074969
2015-02-12,195.60725727360582,203.97526410773338,192.6061482363143,202.6627960205078,2390468
2015-02-13,203.95019017858073,212.6692999456928,203.34829262350988,210.66297912597656,4031423
2015-02-16,211.33174601082126,214.7508424722114,202.5541301607309,204.20933532714844,2120725
2015-02-18,203.4737099027697,211.49896803657495,203.13932523815794,209.1081085205078,2952112
2015-02-19,209.82706121492132,211.16459997855625,200.96584072271474,205.2794189453125,1494519
2015-02-20,207.15192594458202,207.15192594458202,201.35033578881436,203.03062438964844,2492402
2015-02-23,203.9669003031483,205.42984278433948,199.07650903826942,202.38693237304688,2295374
2015-02-24,202.8049316000454,202.8049316000454,192.27178894771146,193.99386596679688,5105274
2015-02-25,194.61245807591413,199.2186316013499,194.5957401545913,197.32098388671875,2783097
2015-02-26,197.28751183796112,201.09951139741048,192.4723586338852,195.7158966064453,3584111
2015-02-27,195.61559221031263,197.08688686415996,190.76699000100044,193.4922332763672,4603259
2015-03-02,206.48316672989205,207.68696188936988,200.72337764478036,203.3148651123047,4132172
2015-03-03,204.13413688546575,208.32232399909125,204.13413688546575,207.36932373046875,2346556
2015-03-04,209.827019180488,215.2942248006374,200.79860815147947,202.17794799804688,1953306
2015-03-05,202.63776881824896,202.63776881824896,196.05873481864379,198.6502227783203,1946594
2015-03-09,198.62514215586754,205.31286240501524,196.03365415950265,199.79550170898438,3558391
2015-03-10,200.012774657752,203.08912065748268,196.2843774160012,199.26876831054688,2014418
2015-03-11,199.9626553081969,201.02432849916175,193.60932099361617,195.04718017578125,2329848
2015-03-12,195.7828307751151,203.6325303170347,195.3230420866365,201.5677032470703,2436780
2015-03-13,200.80694165070534,207.28566603912432,197.05346085462307,198.6250762939453,3695934
2015-03-16,199.29385419001298,199.3774568875523,190.82553979736886,191.8788604736328,1917959
2015-03-17,192.71487163313373,199.79549565794989,192.38048693995987,196.8779754638672,3004531
2015-03-18,197.28755357932718,198.9511242589947,195.60726497786783,197.01168823242188,502969
2015-03-19,199.16009225384184,202.93864319775125,196.45991913012026,198.20709228515625,2149251
2015-03-20,197.0534505209028,201.24163630412465,194.79634809463488,199.38580322265625,1250439
2015-03-23,200.63142783960205,201.30019712744578,196.51847839117792,200.7066650390625,853355
2015-03-24,201.46736535611473,201.6345576580813,193.11607648940875,194.06907653808594,1470447
2015-03-25,194.06908525570404,194.6709828064447,185.68437326183295,187.2392578125,3466992
2015-03-26,186.26954955423588,187.84953070767438,179.32269629468024,183.0928955078125,4203081
2015-03-27,185.2078665381506,185.2078665381506,174.7165131241736,181.13671875,4265342
2015-03-30,181.4209682840031,187.70741809133722,181.4209682840031,187.31451416015625,1693385
2015-03-31,189.84745978716145,189.84745978716145,183.4188892047799,186.3113250732422,3356729
2015-04-01,188.07521107282466,193.77647996032337,184.33008281975793,192.0711212158203,1503520
2015-04-06,193.1077505722521,195.91658424902081,188.4430703065983,193.99386596679688,1652388
2015-04-07,194.20285427165473,199.76201528546272,192.27178362698234,198.46627807617188,2022624
2015-04-08,200.4391403335593,201.81012776649294,193.11608825966,194.2697296142578,1822676
2015-04-09,195.93328784756176,195.93328784756176,191.28532615561795,193.44210815429688,1741883
2015-04-10,193.4421104419778,194.11087965594044,188.46812959446126,189.9895782470703,2068038
2015-04-13,190.43267715804612,193.4588702894652,189.76390779914817,191.28536987304688,1598162
2015-04-15,192.27178582628684,192.76499728555638,182.2569251430367,183.79510498046875,4035764
2015-04-16,185.2412928500109,185.5506071159203,172.37581192346912,175.6527862548828,5112751
2015-04-17,176.38844571463108,176.5222021777032,169.58370184342627,171.4562530517578,4230088
2015-04-20,172.3758382463978,175.1512360993693,167.1928630399717,169.17408752441406,3625000
2015-04-21,170.17718706221902,173.83034645182693,168.86471931203226,171.815673828125,2088883
2015-04-22,172.71020833037755,176.3884522899597,169.75090047727355,174.18150329589844,2823914
2015-04-23,174.74163253076424,177.2244473454331,170.70391975483494,172.2086639404297,2679408
2015-04-24,173.04461365572243,175.15124227786177,165.5209325243325,173.87222290039062,2299094
2015-04-27,174.32359399334726,176.3717027230019,164.68492161444763,166.68287658691406,3282403
2015-04-28,166.84173107224885,168.19600056526062,160.73919212167579,165.7299041748047,6243368
2015-04-29,166.1395016911742,168.19597596691523,162.5114251683559,164.56788635253906,4024885
2015-04-30,164.18335319513304,164.18335319513304,158.14768662449802,162.15196228027344,6497726
2015-05-04,155.68998114308926,157.99723774625213,136.6968762446401,138.43568420410156,28038429
2015-05-05,137.10652288126886,142.39817182295351,133.470079493833,141.5622100830078,30906640
2015-05-06,141.77952632160063,143.40130877426427,135.518160463127,136.1702117919922,11106009
2015-05-07,134.59026049745506,137.39909431874315,127.24212405618815,128.88897705078125,8459448
2015-05-08,129.74167056764878,134.15555605562008,128.10316997884533,132.09072875976562,8135095
2015-05-11,133.65397043568416,138.26849690092476,131.88172656671244,137.63316345214844,6004394
2015-05-12,137.59969262514136,137.59969262514136,133.9381800070899,134.90789794921875,5675252
2015-05-13,134.98315123347723,137.29040782841142,132.24954179283705,135.9445037841797,6032361
2015-05-14,135.59340389385656,138.77007107367214,134.1137433484971,136.68016052246094,4437703
2015-05-15,137.7669185282157,141.4451630556354,136.93095683824805,140.37513732910156,3439210
2015-05-18,139.71471535767137,141.61235028923227,139.14626666560778,141.1776580810547,2299433
2015-05-19,141.5705563958119,143.20067829478427,140.10761373059782,141.37828063964844,2779141
2015-05-20,142.86629038962494,144.12023934673454,138.73662302928497,139.79830932617188,7249338
2015-05-21,140.10758529483726,140.10758529483726,136.2537970871781,137.8421173095703,3625908
2015-05-22,138.43564538753097,139.46388243538357,136.6048828212244,137.87554931640625,1985671
2015-05-25,137.84218846699028,140.04078590729432,137.4325664870589,138.51097106933594,1513937
2015-05-26,140.1075605965261,141.11071416800786,138.15140720466982,139.7480926513672,2185501
2015-05-27,139.43885049942898,140.0240302093011,137.2653370840996,139.48065185546875,3322399
2015-05-28,139.32179441926888,141.08568574334492,138.46074943262246,139.26327514648438,4665962
2015-05-29,139.3301314718394,142.11389401884995,137.03958025204258,137.6999969482422,7732469
2015-06-01,138.97906754999198,138.97906754999198,136.53804129423398,137.63316345214844,3210581
2015-06-02,137.68333419200943,138.35210356966417,134.08869224133406,134.9748077392578,5707915
2015-06-03,135.76060591558445,138.2852219169556,134.71565056530756,137.20681762695312,6616980
2015-06-04,136.69683987754743,138.05109598181926,135.73547448761948,136.446044921875,3890684
2015-06-05,137.08142944546302,139.7063661364068,135.81076245682922,138.0260772705078,1693508
2015-06-08,138.02606797444898,139.53079889522132,134.59025326836928,136.26217651367188,1433715
2015-06-09,137.09813072571578,138.26012451875,134.45648952261493,136.62998962402344,2460925
2015-06-10,137.8923235281652,139.9905867295237,137.4325347769179,139.19642639160156,2127770
2015-06-11,139.60600040148685,140.09085932781235,130.07601415675953,132.38327026367188,3669188
2015-06-12,131.2463770418305,137.05633249268305,129.68312704198632,136.23707580566406,4681696
2015-06-15,136.7637049949349,137.93405085167703,134.1136990812287,137.3070831298828,3611267
2015-06-16,137.0981203293547,138.93724875187357,136.59654342091116,137.60806274414062,6024156
2015-06-17,138.76167695280486,141.085664128338,137.18170919592163,138.94558715820312,6614963
2015-06-18,139.4388536511927,150.12247143793772,138.94562905852268,145.9844512939453,8024596
2015-06-19,146.62810464599573,154.41928342355644,146.29372007735284,147.98236083984375,17643527
2015-06-22,148.46727224578717,151.64393986217084,145.87578437712548,149.01065063476562,6526509
2015-06-23,148.2247985434954,152.98143304290122,148.2247985434954,150.45681762695312,5831012
2015-06-24,150.9751338450446,151.14232614787667,148.23317222366325,149.10256958007812,2786859
2015-06-25,149.80476658133884,150.1893180212736,142.4482925605948,146.95413208007812,9090226
2015-06-26,147.9071634187343,149.44534332124195,146.20179118695947,147.66473388671875,4014001
2015-06-29,145.45776724527337,147.12133792259075,142.65728624679733,145.2320556640625,2348573
2015-06-30,145.23203980922779,146.43583477760208,141.8213092180978,142.6907196044922,4430385
2015-07-01,145.457776309079,149.637597392147,145.24879572817403,148.91030883789062,8333549
2015-07-02,150.47357385537603,155.74013853252345,149.65431707866884,155.1466064453125,6562733
2015-07-03,154.6533938869462,156.32531709135316,150.85811119391363,151.59376525878906,3373510
2015-07-06,148.9688203280834,153.80905802120694,148.9688203280834,150.75778198242188,3526586
2015-07-07,151.30956669676036,158.48213317599107,151.30956669676036,157.27835083007812,4248352
2015-07-08,152.98147255198185,161.2909618011101,152.98147255198185,158.4319610595703,5325117
2015-07-09,157.95543584028718,157.95543584028718,153.8174034233916,155.31378173828125,2272784
2015-07-10,156.6095775155815,158.6576871003456,155.57297445999512,157.0944366455078,2198027
2015-07-13,158.4988387870847,160.0035697511625,154.1601775487404,154.58651733398438,2700360
2015-07-14,154.82060765693748,155.35562053815872,150.8079783188723,151.71917724609375,2865337
2015-07-15,152.93127921104752,153.36598441086036,147.01265107343616,148.4337921142578,4638857
2015-07-16,148.80163953288437,150.57388340244012,147.9656779135771,148.65953063964844,3358956
2015-07-17,149.55399953068712,151.30952533608908,148.51739673271007,150.23948669433594,1629901
2015-07-20,151.14234915679918,152.14550312650516,148.4672588126887,148.84344482421875,1648103
2015-07-21,149.4536971167704,150.7912488548149,145.67514520383114,146.87057495117188,1736849
2015-07-22,147.63652937278482,149.31995075061147,146.45812122671208,148.1415557861328,1514538
2015-07-23,149.70713372318852,152.06393683389976,147.2998451072113,148.01528930664062,1729214
2015-07-24,148.14150227058406,149.26939814075808,146.49174727996277,148.08258056640625,1093597
2015-07-27,147.29982295777936,148.72231446731945,142.34212072296395,142.78823852539062,2372830
2015-07-28,143.42795943272125,144.10132796829373,141.40784064441004,141.8371124267578,2257851
2015-07-29,143.41106992638797,146.62640209634418,142.75452136362227,143.52890014648438,2152756
2015-07-30,143.93296125866314,148.7643968125274,143.77302900889563,145.01034545898438,2602126
2015-07-31,146.20561936498189,151.1717191818495,144.9935453882586,150.0606689453125,3393795
2015-08-03,151.50839294425475,155.0267445059801,146.7947873073928,154.48805236816406,4049030
2015-08-04,154.87524365552528,155.38028321517248,151.50840113516486,152.81304931640625,2313417
2015-08-05,153.86521189359786,154.87526478752292,151.44950007838784,152.08920288085938,1742356
2015-08-06,153.02348890633135,153.86519958392958,150.33000155642313,151.25588989257812,2250272
2015-08-07,151.84511192718605,152.23229493022265,150.2879436939541,151.23065185546875,1733847
2015-08-10,151.1716842004862,152.68677632079562,148.14152632305024,149.3956756591797,1414225
2015-08-11,149.82498693218818,151.00338197349538,146.81166115125745,147.8301239013672,1042173
2015-08-12,147.8301239013672,147.8301239013672,147.8301239013672,147.8301239013672,0
2015-08-13,145.29656907314984,146.45813122127672,137.93157697476835,138.86587524414062,4621353
2015-08-14,139.38771383975504,146.52544032187544,139.38771383975504,146.02882385253906,2216301
2015-08-17,146.12141025047347,148.89906160712604,143.0239075723207,143.85720825195312,1457726
2015-08-18,144.77474356727583,147.41771988305538,143.93303262418664,144.2444610595703,1210906
2015-08-19,145.27970094856545,147.28297335728658,143.9329640809608,145.2292022705078,1175656
2015-08-20,145.0019898029148,146.96317408372744,141.99707353477157,143.22596740722656,2092285
2015-08-21,140.566127479483,144.94303606459493,139.3877325631511,142.89767456054688,3609918
2015-08-24,139.55608956095026,141.20584525588188,133.04121808325036,138.75645446777344,3941322
2015-08-25,138.86584177831784,141.07113526573633,132.9906876848946,136.93832397460938,5423932
2015-08-26,137.18244581197246,139.38773970322143,135.44851254772018,136.7447509765625,3446994
2015-08-27,140.73445649497057,140.73445649497057,137.08141545870674,137.93154907226562,2083084
2015-08-28,138.88265895919872,140.4735055471237,136.7110446844692,137.74635314941406,2107849
2015-08-31,137.847358398635,139.30351544118025,136.18918031096354,136.8709716796875,3307738
2015-09-01,137.09823298069614,140.90278281225,136.35753302942814,137.81369018554688,1821280
2015-09-02,138.37764542554132,147.2156388998773,138.1588046433242,145.01034545898438,6938013
2015-09-03,145.95313221998993,147.11469458654892,143.20073558458688,145.7847900390625,2154008
2015-09-04,147.28300732761534,147.28300732761534,142.92293121335743,144.27809143066406,3299784
2015-09-07,143.0912647992363,144.7746860162185,134.81721854102562,135.25491333007812,1403459
2015-09-08,135.51584846217887,140.22944124271476,135.17074116696784,138.19248962402344,2161085
2015-09-09,139.55605823796427,143.007078105369,138.37765027899368,141.28997802734375,1586149
2015-09-10,140.39777789076095,148.63814519228714,137.56961442388197,146.62644958496094,4797537
2015-09-11,148.81488305764654,151.4241920602812,147.148295037732,147.99000549316406,2102128
2015-09-14,149.4630809771751,149.4630809771751,145.6164534278155,145.969970703125,1092396
2015-09-15,145.969970703125,145.969970703125,145.969970703125,145.969970703125,0
2015-09-16,146.07094811478765,148.47825007453537,143.93299886629399,147.03050231933594,1464802
2015-09-18,149.488310238802,153.69687735343138,147.63654650826712,152.9393310546875,5423829
2015-09-21,152.82145504365664,156.37348536371638,150.38889775757005,153.0655517578125,2436719
2015-09-22,153.5285193102621,155.3802960307862,148.71391565481255,149.85023498535156,1612120
2015-09-23,149.80813206967085,150.14481631782044,145.61639868045606,148.3435516357422,1776727
2015-09-24,148.9832497988684,151.59255923322831,145.70898174482122,147.5691680908203,9689824
2015-09-28,147.6197102544224,153.3770224491912,146.81166528133244,149.6482391357422,1767670
2015-09-29,147.96475622380166,158.67976837111993,146.64327536286828,157.6107940673828,4597204
2015-09-30,158.3599377062439,159.07539501420484,152.35010686464625,155.72537231445312,3881970
2015-10-01,155.72540492225104,158.32630507084983,153.52853385665588,156.50819396972656,2499689
2015-10-05,156.87856599950496,159.90872497370006,156.1378525635218,159.08384704589844,3572252
2015-10-06,160.2622265625342,164.47079311808744,158.9491552735401,160.91876220703125,3277774
2015-10-07,160.9355704127115,164.7401073517418,157.98957691209756,163.85630798339844,1893061
2015-10-08,161.94563713468926,163.62907155383488,158.89022297497368,159.73193359375,3201011
2015-10-09,160.4305574171547,162.955689263981,158.66295853357983,161.339599609375,1296870
2015-10-12,161.52482264322234,165.28728537229475,160.0939207621189,164.5465850830078,1277899
2015-10-13,163.83106794757418,170.531099819887,162.5684955173807,169.5968017578125,2510486
2015-10-14,170.54791696846,171.52430376377538,163.46068966588857,166.71812438964844,2056282
2015-10-15,168.67936053213532,169.18438693958078,165.98587317749895,168.03123474121094,1508816
2015-10-16,168.03123474121094,168.03123474121094,168.03123474121094,168.03123474121094,0
2015-10-19,162.36649463850247,164.15092637462868,159.31106737992525,162.87152099609375,1954476
2015-10-20,163.9489588213231,164.62234069958652,161.94568563058044,163.84796142578125,1546210
2015-10-21,163.29240140495935,163.29240140495935,152.8551616252635,157.11422729492188,7413144
2015-10-23,163.29234750903382,163.29234750903382,157.90538724531544,159.46255493164062,4200058
2015-10-26,159.6898355178249,161.00290664337857,156.96268272567795,159.1090545654297,2538571
2015-10-27,158.73873200475802,160.59891861794316,156.27250840370579,159.02491760253906,2125256
2015-10-28,158.62929645307742,160.0096992586228,155.71696842788324,157.06370544433594,3206573
2015-10-29,157.29940301813792,159.08383510834415,151.8451093649159,158.49464416503906,6574300
2015-10-30,156.89534537263765,160.59888492588962,156.6512486572441,158.8060302734375,2435128
2015-11-02,159.84133481516875,162.45064401104128,156.80275391431476,158.2589111328125,2628379
2015-11-03,159.05855629942965,161.08708471017692,157.42563383486083,160.26220703125,1455581
2015-11-04,160.94397237699275,162.09712433604417,159.8497553120786,161.04498291015625,864640
2015-11-05,161.2732190210477,161.2732190210477,151.84025822771926,154.4858856201172,1997823
2015-11-06,154.31684884765846,158.71213563070015,153.8181603057824,157.59642028808594,1603489
2015-11-09,155.8636609796655,156.3708211945238,149.4651480042817,150.42027282714844,4726931
2015-11-10,148.76360145209506,150.10754832688093,145.38260810328498,146.34619140625,2205863
2015-11-13,148.08736716097818,150.77524697900444,144.38518033456572,150.1328582763672,7325419
2015-11-16,149.62573154601347,149.62573154601347,145.188179152,147.93524169921875,2322730
2015-11-17,149.59192189484816,149.59192189484816,146.4560507063902,147.08998107910156,2160243
2015-11-18,147.74926645393893,148.34093119100032,143.69207820764152,143.92874145507812,1505311
2015-11-19,144.59649399788142,146.21936931745034,142.37348229196792,144.05552673339844,7560046
2015-11-20,144.5626812996523,146.04186971399056,143.27790383362932,143.6751708984375,2281580
2015-11-23,144.1992467738707,144.4697172063474,140.3111069014531,140.8605194091797,2081812
2015-11-24,140.73369974015387,144.10624693997894,140.6491818803638,143.04122924804688,3175558
2015-11-26,143.69206681172165,144.28373150185934,142.33966201225238,143.2947998046875,6051394
2015-11-27,143.62445161622094,149.43975701323063,143.32861924576596,148.6367645263672,3165823
2015-11-30,148.6367645263672,148.6367645263672,148.6367645263672,148.6367645263672,0
2015-12-01,148.80579247257978,149.74401332179977,147.66470232871475,148.839599609375,1386022
2015-12-02,149.77785362186026,150.92738918598164,147.24210600977327,149.96380615234375,4608663
2015-12-03,148.6114277595327,149.50738334769594,144.62185345457095,145.3656768798828,2458580
2015-12-04,146.17709481450237,146.17709481450237,141.15632377480418,142.8975372314453,4087712
2015-12-07,143.86112401654316,145.974242572787,143.1342042440912,144.82470703125,1584153
2015-12-08,144.03015835757893,146.21934938330386,143.7765783323057,144.75706481933594,2643353
2015-12-09,144.52042577080718,145.88126266792742,143.23564833335712,144.266845703125,2167540
2015-12-10,144.87542320368826,144.87542320368826,139.06857615747847,139.3897705078125,11353882
2015-12-11,139.46581062355068,140.03213978814523,135.75517915534286,136.54971313476562,4855200
2015-12-14,136.4229662660444,136.4229662660444,132.57709197040936,134.6732940673828,4046346
2015-12-15,135.57768486379734,136.00030058960766,131.91776411094014,133.684326171875,4814671
2015-12-16,135.02828025571313,135.88197015983127,132.36574940625755,134.36898803710938,4180727
2015-12-17,135.52698012770242,136.93009577545976,134.7324460367497,135.76365661621094,2765162
2015-12-18,136.4567901968222,139.95612178755317,134.80855248015962,138.84039306640625,6228712
2015-12-21,138.78962395270614,142.82990839457642,138.2824771056889,142.5509796142578,2651318
2015-12-22,143.353988600119,144.49507917071767,142.33969469532587,143.6582794189453,2533994
2015-12-23,143.95414793230105,145.2135637259588,142.221379023563,143.8865203857422,1134640
2015-12-24,143.01585529409476,145.88970055118597,142.76228849902117,144.27528381347656,1161452
2015-12-28,144.03021615507245,144.74867773856153,143.23568185716823,143.9794921875,857302
2015-12-29,144.70637835516607,145.66150302862232,142.7876573663802,143.35397338867188,1575234
2015-12-30,144.03019458111038,145.8728297910028,142.93981475883749,143.79351806640625,1654015
2015-12-31,143.69206623111694,147.74925413925365,143.0158572156452,145.1627960205078,2754591
2016-01-01,145.21355909769164,147.05619458235327,144.53736307531832,146.34619140625,596924
2016-01-04,144.81623245418217,148.39162208653468,141.0126247724959,142.15370178222656,1399774
2016-01-05,143.51456884797724,147.29282824536423,141.55359565929024,146.21090698242188,1721152
2016-01-06,146.2108924365424,150.70761276038485,145.95731240874267,147.5125732421875,3760259
2016-01-07,146.2278027763271,146.40531012769836,137.84295645457811,138.88259887695312,1288331
2016-01-08,139.80393342037058,144.7063662674291,139.80393342037058,142.3312225341797,2641604
2016-01-11,141.49444504888058,142.28897921884771,137.26820734978648,138.28250122070312,1796073
2016-01-12,139.29677857431213,139.42357522084768,136.25389732237602,136.5919952392578,1066143
2016-01-13,137.0991497859452,138.54451779964324,132.9405266438882,136.36378479003906,3291686
2016-01-14,134.86768212032,136.68496830877524,132.87290180996865,135.20578002929688,6189014
2016-01-15,135.23120272340415,137.69087869068318,128.81577150282163,129.30601501464844,1213979
2016-01-18,129.99904889690106,131.35145369224605,125.60376309514203,129.70321655273438,2506047
2016-01-19,131.35149447667598,132.53483745770754,127.69157243394118,131.05564880371094,2222289
2016-01-20,130.34561488147168,130.34561488147168,125.87425606026292,126.8124771118164,2095852
2016-01-21,127.63238753493235,128.9847793462145,124.58103431716219,125.2741470336914,3613536
2016-01-22,126.95620648916845,129.70325598660528,126.12785184716613,127.22667694091797,2694921
2016-01-25,127.94511942330381,129.6694295171874,126.2799784548158,126.6688003540039,1070756
2016-01-27,126.78711643572117,128.13952134548796,124.99519217444953,126.32223510742188,2180128
2016-01-28,126.11091744872435,127.78451666267063,124.60638042659771,126.91390991210938,4055896
2016-01-29,126.80402849156947,145.26422443403962,126.80402849156947,142.72003173828125,7232947
2016-02-01,143.3455608399945,143.55687540505855,135.42559313059797,136.8625030517578,2799672
2016-02-02,136.86250098455255,142.41578254479543,133.8872332526537,135.4340362548828,2754381
2016-02-03,134.39435934782145,140.27727959019677,132.53482061395636,135.941162109375,2549040
2016-02-04,137.67391859846325,142.018494521868,137.1752300721929,140.7590789794922,3193185
2016-02-05,142.00158948333402,143.3370777135471,140.34490687596022,142.23826599121094,2799057
2016-02-08,143.64131954461556,147.073021843317,142.68619514416696,144.78240966796875,2050924
2016-02-09,143.69207062760367,143.69207062760367,137.23437691854048,138.27403259277344,1966243
2016-02-10,136.93010710867347,138.40083716805168,135.0705551394042,137.0061798095703,1370760
2016-02-11,136.9301389580041,137.25133341017238,130.05827201046714,131.7741241455078,2650840
2016-02-12,132.11218129522496,134.16613082467234,126.4490211901552,132.9827880859375,5211483
2016-02-15,137.6062958980786,138.96714603846874,131.70647239167184,137.47105407714844,1713085
2016-02-16,138.6205840542402,142.33122924443995,136.17782591977252,136.78640747070312,1991110
2016-02-17,137.10756233439125,141.4944025249693,135.2564825329048,140.97035217285156,2015557
2016-02-18,142.00158322787414,143.32016782614414,139.55036657250807,141.13943481445312,1179151
2016-02-19,141.13941570720027,142.47490369778595,137.1413969023858,139.66868591308594,1655318
2016-02-22,141.5282376719586,143.52301806075602,138.1557036169706,142.25515747070312,1376138
2016-02-23,143.72590915450056,144.2499596896368,135.57772416812506,136.8202362060547,2754448
2016-02-24,135.4086693586638,139.03477062971726,134.64794233266724,137.7838134765625,1674495
2016-02-25,138.95021721908648,138.95021721908648,132.29811311971017,134.554931640625,4054700
2016-02-26,134.7155482129344,136.3299784409119,131.09789233655894,135.2565155029297,2486624
2016-02-29,135.83128482296036,137.42035316767684,130.70063308798393,136.17784118652344,3836247
2016-03-01,136.10181242546165,146.04192472085836,135.60311049609996,143.70904541015625,5025524
2016-03-02,144.2161566612689,149.2369289183525,144.2161566612689,146.66737365722656,3735745
2016-03-03,149.43133642703478,149.77789283900185,145.23046010825897,148.47621154785156,2736856
2016-03-04,148.44236411814109,154.70564715886206,146.7434161462971,154.00408935546875,2475457
2016-03-08,154.00413387902412,157.19917464572012,151.39231284353514,155.87213134765625,2656136
2016-03-09,153.66596783928895,158.7374489994146,151.730356920092,158.27256774902344,2620841
2016-03-10,158.56842560035247,159.54891220409493,155.52553111955393,156.30316162109375,1963287
2016-03-11,157.0469709809065,159.09246186660405,155.52551725764374,156.6497039794922,1695750
2016-03-14,156.8779353035779,160.75761615208657,156.8779353035779,159.23617553710938,1587561
2016-03-15,159.41370091837396,160.3688389653394,155.694609893393,156.37081909179688,1087634
2016-03-16,156.53137268654436,156.90327773007593,150.16665521497197,154.05479431152344,2872572
2016-03-17,155.27196445678194,156.48911430815838,153.0574111916176,154.19850158691406,2240332
2016-03-18,154.51122277532926,155.33956391493356,150.81749478812668,153.82656860351562,1779621
2016-03-21,153.66600620435602,158.23034171171898,152.49110856183728,157.4780731201172,1735135
2016-03-22,158.0613143331077,158.87275216165193,155.88058096005756,157.81619262695312,2122146
2016-03-23,156.37079841326505,158.2303370613783,152.14456097606708,153.2518310546875,1398143
2016-03-28,151.06261762929873,156.10029202636125,151.06261762929873,153.1081085205078,1523580
2016-03-29,153.7589582103743,158.9065125239388,153.20954582567057,156.0580291748047,1709010
2016-03-30,157.84998348701205,161.7296780637489,157.2498602747351,160.29275512695312,2979433
2016-03-31,160.0898893087467,163.13277073981865,159.16011336411552,161.12953186035156,4096518
2016-04-01,161.45920615798295,161.90718399841631,155.52556142601415,156.60748291015625,2158622
2016-04-04,156.37924512970142,156.85258489220502,154.190053691975,156.09185791015625,1937598
2016-04-05,155.86366522310286,158.01904986563295,154.05483698154111,156.2524871826172,1651018
2016-04-06,156.96242833932763,157.8922040754571,153.2348934655389,156.59896850585938,1918267
2016-04-07,157.21602628655464,161.27321431789036,155.71148930993868,160.00534057617188,1901420
2016-04-08,161.10416986012115,161.9240526564205,157.63864643787102,159.91236877441406,1834714
2016-04-11,159.07558795315413,161.93253018184961,158.6022481773299,161.07882690429688,822822
2016-04-12,159.24461495564142,166.34469737642215,158.91497545758648,163.3694305419922,1734499
2016-04-13,164.91627834605,169.87788164573266,164.6457946552416,166.69129943847656,3274295
2016-04-18,166.68280896600908,170.52023767949458,166.24327636223717,169.05795288085938,2767102
2016-04-20,167.86615825382717,169.71725177291535,166.0066195664776,167.8999786376953,2264184
2016-04-21,166.97019026472935,168.50853446804365,162.71014590807758,163.29336547851562,2387214
2016-04-22,162.95523298080266,164.52738399491523,160.63080035993715,161.3661651611328,1690044
2016-04-25,161.5098923979128,167.1392454453546,161.5098923979128,165.583984375,2513575
2016-04-26,164.88242334603422,168.0351977393668,164.8232674607214,167.08853149414062,1753984
2016-04-27,166.00658372477574,168.85506688486106,166.00658372477574,168.10279846191406,2351041
2016-04-28,168.11971336350786,168.2549551680741,161.44226012241268,163.00596618652344,4287839
2016-04-29,163.04824209806918,163.13275995820945,156.37078843245894,159.38832092285156,2788439
2016-05-02,162.7777529850142,184.6358578673834,162.7777529850142,183.08059692382812,18431080
2016-05-03,184.29781194989027,190.60334888614997,174.86483543595418,176.25950622558594,13290100
2016-05-04,176.14957427794275,182.4213159155681,174.56896449839752,176.22564697265625,6394037
2016-05-05,177.16385231943127,179.6995863337123,173.11510982604213,173.94345092773438,4850895
2016-05-06,176.06504568213975,178.95579466808695,174.50133957042001,177.65411376953125,1939261
2016-05-09,178.1781539126585,178.85434968011316,175.98050443149236,177.3413543701172,2483858
2016-05-10,178.3472282117037,182.11702941710593,177.42591068570806,179.7587890625,3880528
2016-05-11,176.65672555638616,183.90895400089855,175.21981596275918,183.31727600097656,3293174
2016-05-12,185.10919258204612,189.96090133084297,183.61310079745118,189.27626037597656,5036623
2016-05-13,188.65927592531577,189.16642291526978,178.86286605210958,180.88299560546875,3168851
2016-05-16,181.40700212274996,183.87512198924165,178.9557858268912,181.16188049316406,2694372
2016-05-17,181.23796071135368,187.46743637062093,181.23796071135368,185.75157165527344,3717800
2016-05-18,185.83613170638645,193.90824350536607,181.3225068222021,192.00643920898438,4373209
2016-05-19,192.00641064414486,192.9953556143472,182.91154793294342,186.09812927246094,3193837
2016-05-20,188.48173077924775,189.57209717457738,180.4518725178413,181.32247924804688,2995772
2016-05-23,184.26391964783286,189.8425609183551,182.21842887942293,188.51551818847656,4039505
2016-05-24,189.67353669469483,196.72289533682618,187.29837967980768,195.51419067382812,6325355
2016-05-25,196.94264469866621,199.76577931166048,191.75282483599335,193.09677124023438,3594436
2016-05-26,191.2118824396167,203.49332686534197,191.2118824396167,202.2846221923828,4595495
2016-05-27,202.0141346592909,206.20655107573526,198.210513602118,201.85353088378906,3826266
2016-05-30,201.19427588939277,206.20658920686807,198.74305915429176,202.884765625,2653848
2016-05-31,201.87891201729005,203.2651108283244,198.3711362039433,199.5460205078125,4411660
2016-06-01,199.5629436923779,201.74369002996866,195.4212371874414,196.50315856933594,2813400
2016-06-02,196.6890831278793,197.78790792720514,194.09416650906945,195.52264404296875,2896239
2016-06-03,196.09739501238752,199.7826778352507,196.09739501238752,198.0752716064453,3185431
2016-06-06,198.07525983530965,200.1883781048854,191.83733968061063,194.42379760742188,2723212
2016-06-07,196.08897635414075,199.70663214704442,193.99276124612751,198.1260223388672,5231861
2016-06-08,199.91796903887877,205.29374261151816,198.26127311223948,204.47384643554688,6409267
2016-06-09,204.54993504585048,207.08568323860717,201.2027622567876,202.36920166015625,4718233
2016-06-10,202.85943857422947,203.99207078927813,199.54605980643058,200.27297973632812,1690059
2016-06-13,198.63314744121917,201.8450906605367,194.40691054325575,195.962158203125,2410153
2016-06-14,197.3484034441249,198.9543753246945,195.0831392375258,196.50315856933594,1834093
2016-06-15,196.94265183693057,199.12339788523772,195.26906588316132,196.10586547851562,1490501
2016-06-16,195.86073362415428,197.18776319942282,193.73915680538448,196.09739685058594,3224483
2016-06-17,196.2495434324336,196.2495434324336,192.0402101472612,192.96998596191406,1990412
2016-06-20,191.7190613808174,194.0012292957966,190.78084017632222,192.5135955810547,2468478
2016-06-21,192.3783243710767,196.73135823290949,190.83152176225374,195.4212188720703,4015772
2016-06-22,195.57331583061412,196.6298748726844,193.39258347434668,195.33663940429688,1195146
2016-06-23,195.23527980877665,195.96218641202998,192.91930493806723,194.22943115234375,2122813
2016-06-24,191.83738432638538,194.90562779078445,185.28671351879382,193.8828887939453,2862360
2016-06-27,192.54738084389453,196.63837640364895,191.4823763309984,195.49729919433594,1445749
2016-06-28,195.5902786686194,195.9283766055812,193.00382018500306,194.90562438964844,1846830
2016-06-29,194.89716597839436,195.72550719135958,192.04022404455986,193.53631591796875,3078745
2016-06-30,194.9140868050952,205.34443881993738,194.72813425963423,203.51870727539062,14278735
2016-07-01,205.34440556145427,210.46661108500038,204.24558080321998,207.3645477294922,3597017
2016-07-04,207.67733157708608,213.34049238298607,207.67733157708608,209.7059326171875,2843035
2016-07-05,209.58756517498955,211.80211846500265,207.08563791873485,208.07456970214844,1700584
2016-07-07,209.60446894399212,209.66363806560912,204.35547953568528,205.05703735351562,2740926
2016-07-08,205.5472985951175,208.3450717059009,202.6988147629266,204.68515014648438,1596474
2016-07-11,208.57325685505432,218.3696771607997,206.27418586396996,216.3241729736328,3171145
2016-07-12,219.75585048062584,221.4209910324514,217.77797404361064,219.94180297851562,4302326
2016-07-13,218.44577478472908,219.738997400982,215.1662168720023,217.43992614746094,1941175
2016-07-14,217.43994241858869,218.58947813136948,214.025142428899,215.2676544189453,1956626
2016-07-15,217.07647932358222,218.55566780658404,214.35479210553203,214.9464569091797,2636882
2016-07-18,215.88913369237454,217.1545204147135,207.23523124935784,208.7384033203125,4999224
2016-07-19,207.38804219274482,209.41776216739336,201.52818234666177,204.2288055419922,5073715
2016-07-20,205.27346975068065,205.81698868267833,201.2734779002939,202.54736328125,2279009
2016-07-21,203.46448880011474,207.4389969530431,197.17151090812948,198.1481475830078,4602089
2016-07-22,198.55580464156762,202.63222881324023,196.1778982995829,200.0759735107422,2687880
2016-07-25,201.27340275794197,204.36469129776646,199.59188213068322,203.60885620117188,2718757
2016-07-26,203.60889457525084,209.7150394454061,203.60889457525084,206.0122833251953,4409017
2016-07-27,207.20122943350057,216.20332984655943,205.0101440076768,213.81692504882812,7732469
2016-07-28,213.6046403905214,214.02925992702995,208.06749630082237,209.40081787109375,4616411
2016-07-29,210.05472270231735,224.54301544880536,209.1290370750823,217.4432373046875,9217649
2016-08-01,217.57910964136576,224.9506401665319,213.16298481201608,220.55999755859375,5786680
2016-08-02,220.7893076750911,222.11414385406806,214.86149900028803,218.0377197265625,2611927
2016-08-03,218.25856676769558,218.9379687137912,209.42631486904952,210.5558319091797,3511678
2016-08-04,213.16303138420068,215.65983743830375,208.48363801013028,214.5727996826172,2451041
2016-08-05,216.56006214149164,221.31588906911188,214.86154397467635,220.7044219970703,2490447
2016-08-08,221.74049505122596,223.3625796373694,215.880634020599,218.98890686035156,2007691
2016-08-09,219.95707535862135,222.13116415143665,216.92523566132976,218.87850952148438,2207787
2016-08-10,219.28617040966202,220.86578926007115,212.72992294407373,216.87428283691406,2209820
2016-08-11,218.4453639462761,219.61734673431081,212.65345136781235,217.20545959472656,1618335
2016-08-12,216.93371768698034,222.16512832708196,215.7107969151244,220.12692260742188,2580938
2016-08-16,222.50483831553456,222.50483831553456,214.60677088158675,216.0250244140625,3839752
2016-08-17,217.06959812631973,218.59825239774153,215.2012429056931,216.97618103027344,2156466
2016-08-18,217.67253732835297,219.44748851356962,216.09291881751534,217.99525451660156,1727197
2016-08-19,218.88701937401964,218.88701937401964,214.4963756161381,215.83819580078125,1137780
2016-08-22,215.71079778566425,218.24157122775898,214.70018013075227,216.86578369140625,1472510
2016-08-23,217.50269281161238,217.50269281161238,212.53455033844833,215.09930419921875,1236050
2016-08-24,216.0334647264021,216.0334647264021,212.17784249919322,214.8275146484375,1360374
2016-08-25,215.71081037543144,217.40931524780117,210.6407513869004,212.126953125,1711304
2016-08-26,212.87424590998387,214.7426141827679,210.2075898221252,213.68104553222656,909521
2016-08-29,213.16299575821446,214.59823274403746,210.90397543456194,213.6300811767578,1716944
2016-08-30,214.44537328670043,216.71289219479934,213.85938854183647,215.57489013671875,1581413
2016-08-31,215.71077476360514,217.298878552045,208.97617945203,210.1141815185547,4097949
2016-09-01,209.79146677162078,210.60675164524517,202.30953467188937,204.08447265625,3642324
2016-09-02,204.77237738287283,208.40718530967587,202.75114222193682,206.62374877929688,2902428
2016-09-06,207.1587858216903,210.95494576793243,206.35198612572458,210.25856018066406,3612176
2016-09-07,210.27552435636744,210.69165862834754,204.21184593625821,205.03562927246094,2648762
2016-09-08,205.03561402155108,207.71076841373988,204.3816811858238,206.61521911621094,1270771
2016-09-09,207.218233221608,209.5961397423561,204.44116281165103,207.6683349609375,2220221
2016-09-12,205.70657974393524,205.70657974393524,198.72571260298065,199.6089324951172,1663047
2016-09-14,200.25430737495472,200.25430737495472,192.7808614069957,196.2882843017578,3623794
2016-09-15,196.33074895008278,196.6534661143074,192.16939324303917,194.69168090820312,2561715
2016-09-16,197.3668666579384,197.87641805614507,191.26922029639553,192.53460693359375,4755652
2016-09-19,192.53459244412883,194.57281118326623,189.66410515391743,191.96559143066406,3717097
2016-09-20,193.63017410375087,196.58558066631224,189.99536556814576,193.59620666503906,3047047
2016-09-21,194.98896755599083,197.12908882981083,192.19491331810625,193.87643432617188,3963558
2016-09-22,196.5176036616785,202.61524969227403,196.05900343827292,201.58766174316406,7891692
2016-09-23,203.31166461506095,206.27555598649894,200.40720960347718,201.57069396972656,6342433
2016-09-26,201.2734220371368,203.12480657549932,195.32864297557646,196.95071411132812,2133718
2016-09-27,197.46875856654472,198.25007593660456,193.4432857140503,194.98043823242188,2449194
2016-09-28,195.34566616007797,201.30743014127205,195.34566616007797,200.4072265625,2054496
2016-09-29,201.34990882304265,203.37962955791312,187.2013133472949,190.82763671875,3766186
2016-09-30,190.74265274749683,198.72564989469802,190.6237534515564,197.47723388671875,2608387
2016-10-03,199.3541215735427,208.91673874508447,195.32866152825534,207.0738525390625,3611729
2016-10-04,207.67683381261125,209.766003988591,204.084491570732,206.08872985839844,2542091
2016-10-05,206.19913120445287,210.95495787032763,205.09510975144136,209.29042053222656,2329386
2016-10-06,209.42632111480555,213.16304522947388,203.37113978489734,204.9082794189453,3952063
2016-10-07,204.90826209180773,207.06538044219835,201.17155159281916,202.2925567626953,3060297
2016-10-10,204.220329572702,204.4920822960298,199.65982332852496,200.0929412841797,1053930
2016-10-13,198.62375900028897,198.62375900028897,193.61315053092582,195.54945373535156,2308875
2016-10-14,196.17787661761392,197.34984594374788,194.1056906802903,196.5090789794922,2497487
2016-10-17,195.71933798701954,198.411476860691,190.87857914013819,192.18643188476562,2345202
2016-10-18,192.2713039813802,197.01864424861313,188.92523312618405,195.96556091308594,4104974
2016-10-19,197.53672389723965,199.57494285965353,192.58556468696915,193.9188995361328,3278616
2016-10-20,196.17794624722836,196.9422801223829,192.4072546293028,193.53675842285156,5234108
2016-10-21,192.8658438838673,196.17793498658568,192.3223116928665,195.57496643066406,1974818
2016-10-24,196.77240352224663,198.72569059984346,195.05690178553883,196.1099853515625,2500859
2016-10-25,196.0420855247412,197.70662322052183,194.15674615085206,196.54315185546875,2477561
2016-10-26,196.22886050457282,196.22886050457282,190.1651817011686,191.58343505859375,3567715
2016-10-27,191.76177871812962,191.76177871812962,183.61742864886796,185.31593322753906,3206389
2016-10-28,184.28835594425416,188.44971265284389,181.57073496518126,183.40513610839844,3092698
2016-11-01,183.65140708844348,186.58982949546098,178.36054705415853,178.98049926757812,2938087
2016-11-02,178.17368510422938,181.38385978005758,175.6344136877774,180.54310607910156,4529384
2016-11-03,179.44343391127722,183.27952471730003,177.4998167055488,178.44606018066406,2413298
2016-11-04,178.5228168657003,179.87822279693376,173.05852673652504,175.75230407714844,2313242
2016-11-07,177.16736930272748,181.02902536853037,173.65521457757782,176.46835327148438,1898469
2016-11-08,177.1332950946315,181.67691987488072,176.96280303336314,180.11691284179688,2757470
2016-11-09,172.1974961044268,172.1974961044268,144.10032704258387,168.43814086914062,8264976
2016-11-10,170.49257064547118,176.8945588027543,163.43417952103238,164.7725372314453,8335376
2016-11-11,163.05908929852265,163.05908929852265,140.22160827821656,150.38296508789062,12489415
2016-11-15,152.76137514291557,152.76137514291557,137.24655674086063,142.7705078125,11453974
2016-11-16,146.62363341330715,151.04790954878968,143.40131891380858,145.29379272460938,6927570
2016-11-17,146.44457789837193,150.87738364962374,142.77899289154618,144.07473754882812,7936424
2016-11-18,144.40722769301627,145.84789960722665,141.21049157825038,141.80722045898438,4764027
2016-11-21,143.18818316552287,143.18818316552287,135.54159345673668,141.26162719726562,6931445
2016-11-22,144.06622430139345,145.42164332990373,137.3317688552575,140.7416229248047,2800771
2016-11-23,143.20527020430083,146.44461941593798,139.2924566483661,145.31936645507812,6883567
2016-11-24,145.2170570455232,150.53641930260093,143.90426435003297,148.60986328125,8630192
2016-11-25,150.03348388783866,159.39352542341865,149.52200774025877,155.84727478027344,6862563
2016-11-28,155.13124431477732,159.92208394572427,154.30434902031965,158.2171630859375,3789268
2016-11-29,158.38763882763425,160.08404225053448,154.0912280243732,154.90106201171875,4271085
2016-11-30,156.4440014554309,156.4440014554309,153.13644773703905,154.2020263671875,4627218
2016-12-01,154.63677526161,156.4354656281399,151.73839721229385,153.7161102294922,2797882
2016-12-02,150.2210506467248,154.15942970169758,150.2210506467248,152.68466186523438,3054580
2016-12-05,152.69315922029134,154.6367765150028,151.99414318094531,152.8466033935547,4534916
2016-12-06,154.26172881656768,158.37059991196364,153.60532563870308,156.9469757080078,3098394
2016-12-07,157.70563114382801,157.70563114382801,151.89182769986073,153.1364288330078,11337784
2016-12-08,155.489215514577,156.17118359162518,152.9318218757114,155.1141357421875,9262961
2016-12-09,153.1023637355346,155.56598823330498,149.60726952791097,151.69580078125,6154493
2016-12-12,151.38036267671595,153.95480446892483,147.01574780812868,147.95346069335938,2340183
2016-12-13,148.15801078974792,149.69245209351158,142.9238891923238,143.87013244628906,2962950
2016-12-14,145.6006632582793,147.30558358627133,142.87277738355604,143.3586883544922,3539692
2016-12-15,143.89575572010472,147.73184717984586,141.72198524451701,145.31936645507812,3498895
2016-12-16,147.22034724997616,147.5357528446153,143.9895024700808,144.6373748779297,3533200
2016-12-19,145.25969024801992,145.25969024801992,140.6563783122233,141.35540771484375,3044055
2016-12-20,140.1619407165237,141.0740750163287,137.24651519053887,138.2097930908203,5575668
2016-12-21,138.9514716964539,140.57115296763246,137.48523461675217,138.03933715820312,4070521
2016-12-22,138.20128061578131,139.94882720019507,134.34814218142148,134.93634033203125,5642513
2016-12-23,135.03014401508779,139.4544338380514,134.6891598817114,137.01638793945312,6656755
2016-12-26,136.59014327743535,136.73507020328282,132.65176474748105,133.8793182373047,2708597
2016-12-27,134.85962070531784,138.43143601741525,133.83666854217714,137.8176727294922,1643233
2016-12-28,138.09899865171533,141.4150829841107,137.01637215050988,138.89178466796875,2557830
2016-12-29,139.05374289501384,143.04326433063446,139.05374289501384,141.85833740234375,4180040
2016-12-30,143.04327301922302,147.22886521230626,142.53179690794275,145.50689697265625,3989431
2017-01-02,146.0524516274815,151.73837574760412,145.7711418018847,150.7836151123047,4089087
2017-01-03,151.73841984533112,154.79024252187148,150.08464279461793,152.2413787841797,3296058
2017-01-04,151.0564284949188,156.04333736743337,151.0564284949188,155.45513916015625,3478759
2017-01-05,156.8020558229713,157.53518107403067,154.9777866562938,155.9751739501953,6718411
2017-01-06,157.7056611444625,160.9279623796778,156.36728981003253,158.19155883789062,4834792
2017-01-09,158.89909139678844,160.85975656654298,155.5233329249716,158.4728546142578,1909903
2017-01-10,159.56400443061187,160.60400451069256,157.8761319465632,160.16925048828125,1544619
2017-01-11,160.26306201106968,168.26769918510985,158.99289535142955,164.66177368164062,5868883
2017-01-12,165.71883303401597,166.52013645188882,159.06961532341577,160.7063446044922,5475864
2017-01-13,161.78043999069692,163.4938913666468,160.34831188836347,162.87159729003906,1453615
2017-01-16,164.01388345766898,165.13060579059413,161.03026571286998,163.80929565429688,2129274
2017-01-17,164.01385593745263,166.47747982488517,161.79745951461547,162.85450744628906,1763775
2017-01-18,161.96797054136616,164.83223969368615,160.73189982311328,161.533203125,2074047
2017-01-19,161.7974587515368,161.84007174701532,159.93908092083913,160.76597595214844,2369171
2017-01-20,160.6892612349376,160.6892612349376,154.756122239172,155.5318603515625,3239641
2017-01-23,155.57450194269882,158.6263110844088,154.29580484592142,156.9043426513672,2751343
2017-01-24,157.961368067504,161.4053177894248,157.03218582680188,160.83416748046875,2810546
2017-01-25,161.12404126741575,162.78634893357292,159.5384556989264,162.19815063476562,3935267
2017-01-27,162.76928876678187,167.08276078590782,161.47355705879463,163.9201202392578,4225680
2017-01-30,164.099108955847,167.5942023045648,159.717446356278,166.75025939941406,2756849
2017-01-31,168.41258310509932,169.92144642010962,159.17188999552096,162.77780151367188,5109780
2017-02-01,161.74631788745228,167.93520194951148,159.4105728155242,167.0401153564453,4743988
2017-02-02,167.08273191119446,167.88404849800656,164.4656637649146,165.4971466064453,2198633
2017-02-03,166.19616268322463,167.22764552508522,163.70697357761665,164.34632873535156,2287420
2017-02-06,165.37776853433377,167.06565409975647,162.82038841237133,164.4059600830078,1756976
2017-02-07,164.86632596657864,165.37780209476594,159.99024820455153,161.8741912841797,1627515
2017-02-08,162.6499243656542,164.17583544321073,160.07548258536153,162.7607421875,2288400
2017-02-09,162.4538850424822,163.92012218597264,160.26305326325837,162.3942108154297,7107120
2017-02-10,162.47943742856992,166.88666541220908,162.47943742856992,164.46566772460938,5721442
2017-02-13,164.9260033243635,165.70174146605484,162.82042455407645,164.7469940185547,1452317
2017-02-14,165.10503956107317,165.10503956107317,161.45650146712083,162.155517578125,2947155
2017-02-15,159.4276226068487,164.1843655073437,157.70565422939816,159.16336059570312,3353609
2017-02-16,159.7515390119158,162.2918849375537,158.09776232003085,160.62957763671875,2041580
2017-02-17,161.797485250735,163.49387523673107,158.40467857886668,160.203369140625,2290381
2017-02-20,160.64664071507917,161.2518868098895,159.24007800040212,160.5614013671875,1518612
2017-02-21,160.60401426681608,162.27483898382923,159.43614842683215,161.71221923828125,1934278
2017-02-22,162.30894082619676,162.4453371265863,159.66630756218498,161.02171325683594,3018259
2017-02-23,161.11550973076385,162.69256467936611,158.23419247924159,159.17190551757812,12154238
2017-02-27,159.15482998569445,160.56992335176818,158.60074083325208,159.16336059570312,1943556
2017-02-28,159.41056364880177,159.91352250595784,157.8079304733838,158.4217071533203,2763844
2017-03-01,158.72863242545458,159.48732284248808,155.39549960740777,157.81649780273438,3549047
2017-03-02,158.029608766978,159.2656796154927,152.59941429457106,153.3069610595703,2525778
2017-03-03,151.8066098654133,158.30236898269138,151.43151667561733,156.7849884033203,5167341
2017-03-06,156.18828557514473,159.92207677560714,156.18828557514473,159.18896484375,2474077
2017-03-07,159.7515582540271,163.1614126062357,159.24859936372653,162.34304809570312,4526870
2017-03-08,162.8204256959897,164.77256030359615,160.859760478553,163.72402954101562,3899099
2017-03-09,163.44272831057467,165.13060100183858,162.88010853013265,163.83486938476562,6747512
2017-03-10,163.41714583223123,164.63616867664092,162.7948518448547,163.56207275390625,2097519
2017-03-14,166.997491201253,174.55031175201952,166.997491201253,172.80276489257812,12343066
2017-03-15,171.3621207132841,185.83693843089404,171.3621207132841,182.12020874023438,7548013
2017-03-16,182.7084040738544,183.4244680659785,177.1077177963679,179.0257568359375,3872081
2017-03-17,180.210662790434,180.79033039438238,178.18180615170945,180.14247131347656,5706314
2017-03-20,181.5746276651901,181.72807186239623,178.07953357316404,179.6480712890625,1778764
2017-03-21,180.15949427094583,181.14835064971376,174.07289849653003,178.95751953125,2941803
2017-03-22,177.14181563811508,177.5169088598075,174.79753973977614,176.34902954101562,3606146
2017-03-23,176.45983862316177,179.02575007293612,174.16671980290968,176.101806640625,2868836
2017-03-24,176.9713050809823,178.50574685043057,175.3090109639961,175.93130493164062,3652018
2017-03-27,175.43687909976566,178.87229855922948,173.24604759288871,174.03883361816406,2886761
2017-03-28,175.6073755658212,184.05528283774447,174.92540735273988,183.0408477783203,6314600
2017-03-29,183.79101944531496,183.79101944531496,178.40345191243506,181.09722900390625,3298116
2017-03-30,181.91557110050107,184.9844410080364,177.59358276278886,179.4775390625,7316854
2017-03-31,181.14835212029357,184.8395157037565,179.35817923386227,183.79098510742188,3644028
2017-04-03,184.98445002008884,189.07627231283564,184.82248859024068,188.24085998535156,2805410
2017-04-05,188.39428653532917,190.86642754869456,185.606726601331,188.82904052734375,3777511
2017-04-06,185.8369373828208,188.40284895660704,184.5667708369824,186.51890563964844,3173074
2017-04-07,185.3254291214008,187.90838811965745,184.14050213773695,185.52149963378906,1640360
2017-04-10,187.54186798985936,189.24678860115608,183.73135507118224,185.7431640625,3987235
2017-04-11,185.83691329456167,187.54184706557496,183.12608849005625,184.8310089111328,2903777
2017-04-12,184.8139587532378,185.55560112971236,180.67099283637125,181.88148498535156,3952889
2017-04-13,181.57459160527705,182.41000391307284,178.3522908037608,179.16212463378906,1472648
2017-04-17,180.3811454557757,184.5752681689846,177.40604545433644,183.8677215576172,1479166
2017-04-18,184.13199070904227,185.55560124639737,180.09984261314725,180.79885864257812,1304368
2017-04-19,179.3581936231123,187.26904535213544,178.16473603645468,186.68084716796875,3492312
2017-04-20,186.6893807842575,187.02183424808516,182.6060758161584,183.27099609375,1904869
2017-04-21,185.15493315427048,185.15493315427048,179.0513024215446,179.61392211914062,3075214
2017-04-24,180.3811726305296,180.59429104195453,177.7726347805419,179.6224822998047,2118313
2017-04-25,181.1824813178003,186.51889187872564,180.4578867608952,185.93922424316406,3497643
2017-04-26,186.6894164388092,186.6894164388092,178.50577042094525,179.6480712890625,4352292
2017-04-27,179.5116465640919,182.7595259745586,175.09588798742521,177.3975372314453,10449718
2017-04-28,177.65327316103426,178.60803396146648,173.18637086251616,177.08212280273438,3570871
2017-05-02,177.96872177591624,178.4119931607341,171.4729483567342,171.96737670898438,3566458
2017-05-03,171.58373228442377,176.61326752511908,170.663080601847,173.64669799804688,1955943
2017-05-04,175.09590734714942,175.09590734714942,172.8794972041765,173.84278869628906,1845368
2017-05-05,174.58442024796986,174.58442024796986,170.23685293933303,170.6460418701172,4535799
2017-05-08,171.80534116131608,172.27419082767798,169.99812060652073,170.29647827148438,1265044
2017-05-09,171.08082493051373,172.19754738205253,168.91557151915708,171.22573852539062,3249951
2017-05-10,171.49848255663014,173.7234095672419,171.49848255663014,172.4702911376953,2288107
2017-05-11,173.0414962596874,174.52478140330302,171.8224731801704,173.0074005126953,2186286
2017-05-12,173.0499809678562,173.76605826968384,167.6198004078251,168.75357055664062,2419225
2017-05-15,168.78761967065594,171.15747323523865,168.78761967065594,169.8446807861328,3628956
2017-05-16,170.4755754935228,173.22049658242855,170.21983070452515,172.24868774414062,4162792
2017-05-17,172.2486337366767,173.55290905672035,172.2486337366767,172.6492919921875,2242518
2017-05-18,172.5385141324082,172.5385141324082,168.80472328879017,169.58047485351562,1260246
2017-05-19,170.66307900233215,173.4506258525331,168.79618382607933,170.3306121826172,1960146
2017-05-22,170.83355453509674,172.57257050115265,169.1286209537468,170.04928588867188,1809600
2017-05-23,171.28539038010726,171.28539038010726,162.8715786662598,163.5364990234375,1766972
2017-05-24,163.3319308055533,164.31225691317073,159.2060118523016,161.0643768310547,3189731
2017-05-25,160.33122570257768,165.58239642280657,159.73449690257485,164.28665161132812,3845294
2017-05-26,165.3778096282454,169.80209903100797,165.01126039713927,168.19094848632812,3896677
2017-05-29,168.44669687343438,171.61785467240932,165.88931585811224,169.4099884033203,3185693
2017-05-30,169.59754176230754,172.53001623852867,167.59424979600595,171.2939453125,1914223
2017-05-31,176.28933731088168,177.65327368700176,173.18637137525874,173.90243530273438,8968289
2017-06-01,172.55555990611532,177.0565716491724,172.55555990611532,175.13851928710938,3958939
2017-06-02,175.33456100414756,176.36604380485406,170.79093700550834,174.91685485839844,2758250
2017-06-05,175.93134115061972,176.1359289786856,172.9136139494034,174.09854125976562,2418974
2017-06-06,174.41395215758544,175.41985672778446,168.86440912419957,169.95556640625,2002533
2017-06-07,171.51552975447424,172.7004567070079,169.9384751374021,170.5181427001953,1887524
2017-06-08,171.8565484059669,172.10376256704996,169.3929240558974,170.50112915039062,1911683
2017-06-09,170.66306168362377,171.0040457282517,167.85845389912706,169.111572265625,3022620
2017-06-12,167.93520378362055,170.68013781232727,167.19356136126228,168.25914001464844,1509165
2017-06-13,168.4466556543105,169.6400998360901,165.03680178500474,165.5568084716797,2386578
2017-06-14,166.52006347880697,166.52006347880697,161.9764402651568,162.76922607421875,3317975
2017-06-15,161.96795876733916,166.98896336648676,161.115485216772,166.06829833984375,3225042
2017-06-16,166.58830451518597,168.7876531604857,166.58830451518597,167.8073272705078,2165693
2017-06-19,169.4696531650283,171.14049148660624,168.31883501923298,169.52932739257812,1647139
2017-06-20,168.95813487291923,170.49257648509453,167.16796189200522,169.22239685058594,2566015
2017-06-21,169.79707255540538,172.83315290224496,169.06807104694076,171.44375610351562,1971877
2017-06-22,171.64096295884337,175.4574847977276,169.1280528570754,170.2086944580078,2741429
2017-06-23,171.33222112928792,171.87254197047892,164.80552573724066,165.9376220703125,1587910
2017-06-27,167.23270234246357,170.5861065024289,166.55515551638794,169.71987915039062,3347734
2017-06-28,170.48314976742975,172.89313738611057,168.7164057384669,171.48660278320312,2340245
2017-06-29,171.7782170408257,173.25337137224642,168.95655173174,169.47972106933594,1687653
2017-06-30,169.8142069936688,172.07840000188565,169.3167716684643,171.4951934814453,3232313
2017-07-03,171.58095463432312,177.36149768628783,170.6032355939597,176.47811889648438,16628617
2017-07-04,178.1848260090927,181.1351344614522,175.0458370697179,179.38552856445312,17248239
2017-07-05,181.30666048933497,188.8539604356369,180.234601295751,187.95343017578125,21040596
2017-07-06,188.510905356996,195.0290183662286,187.8933958139875,190.5778350830078,8835216
2017-07-07,191.25538710561145,194.59163934606244,186.126656633725,186.9156951904297,6835017
2017-07-10,176.48670200164057,183.09058671944663,176.48670200164057,181.04937744140625,1134521
2017-07-11,182.33585442879286,182.33585442879286,172.5758288056845,173.91375732421875,6893230
2017-07-12,173.930900815135,178.55362669871215,172.38714031094398,177.2156982421875,6961706
2017-07-13,175.98928630543492,178.7080291943808,174.95152999895285,176.04074096679688,3977382
2017-07-14,176.67537956654576,177.61021299951216,174.03382572333382,177.11277770996094,2663485
2017-07-17,177.61022217952382,179.23975397626586,172.21562241336147,172.99607849121094,3848348
2017-07-18,173.24478737862012,174.77997884344984,164.58254196568112,165.4573516845703,7108111
2017-07-19,167.65296329555616,168.40769889491472,164.91706857347089,166.22926330566406,5631228
2017-07-20,167.58433390211866,167.92739182772135,163.81068328935896,164.6254425048828,3281603
2017-07-21,165.35444739279635,167.0697504876063,163.59627212974218,165.90335083007812,2467098
2017-07-24,166.21205280058103,167.48137490930998,164.88270698432126,165.38014221191406,1821239
2017-07-25,165.51740124195598,172.21562660868665,164.9256256580821,171.21217346191406,5595610
2017-07-26,171.87254709656364,172.3528308107103,167.27555542625146,168.4591064453125,3350787
2017-07-27,169.11088626143092,171.17781561354496,166.66659600402033,168.29612731933594,7354746
2017-07-28,167.052540729748,167.79012448923524,165.70604340554164,166.40074157714844,2737262
2017-07-31,167.584324065031,175.64621170572707,165.1914877872886,174.44549560546875,19179223
2017-08-01,176.0064021325076,178.7337135291777,173.75936100665595,177.32717895507812,9605691
2017-08-02,177.31861046277197,177.9018169437223,172.98748774374545,174.66848754882812,2726542
2017-08-03,173.94802417001492,176.34085995075972,169.47110734554101,170.82618713378906,4064578
2017-08-04,171.36651908789773,172.9017103831297,168.6392077851225,170.18296813964844,2929317
2017-08-07,170.1658126292695,172.38711958592253,168.98226170856776,169.48826599121094,2126462
2017-08-08,169.80563408247116,172.61871701056933,166.21208164749123,166.5294189453125,5401327
2017-08-09,167.24125192354055,167.24125192354055,160.4658252895177,161.7094268798828,4879011
2017-08-10,160.3800792189173,164.21376671122366,157.41261897128413,160.16566467285156,5277896
2017-08-11,157.84149531560126,164.3081561505881,157.84149531560126,163.30470275878906,4238976
2017-08-14,163.8107013295637,168.85366144997425,163.8107013295637,166.9668426513672,4039126
2017-08-16,168.0131759846741,169.54836783001204,163.74208936578515,167.77304077148438,2323654
2017-08-17,168.1246512651594,171.3579945649639,165.9119261721335,167.5414581298828,3173834
2017-08-18,167.15544344692958,167.3098207999197,163.78488914814523,166.78665161132812,1646584
2017-08-21,166.78671417514224,169.47115388143794,163.12456877465948,164.5911407470703,2695901
2017-08-22,166.5465763481919,167.42995520069877,163.29609514106355,164.3938751220703,2711701
2017-08-23,165.68033353645575,168.00456350644302,164.75408260364964,166.60659790039062,2250919
2017-08-24,166.54654325512166,169.55688869047233,166.2206369499587,167.24124145507812,2318266
2017-08-28,167.90162987203286,169.3853665700828,166.5551190076389,168.3476104736328,1271654
2017-08-29,167.24125700314778,168.78501749322166,165.61172532583885,166.65805053710938,1895324
2017-08-30,167.7472743297541,168.92225641284972,166.72668308186098,167.292724609375,1267856
2017-08-31,167.51572207290326,170.6718631943596,167.3527755946491,168.95657348632812,3458818
2017-09-01,171.17785927806355,176.15221222993776,168.95655200150637,174.90005493164062,7154090
2017-09-04,175.81771100360552,185.04599665259164,171.58092912524975,183.6737518310547,7904141
2017-09-05,184.31702856069097,185.77503139112397,179.59996216001124,184.1369171142578,5116528
2017-09-06,182.62746529307194,184.27414868164243,180.34612072311677,181.78697204589844,2272107
2017-09-07,183.35645937987852,188.33939494360243,182.93621277314006,184.75442504882812,5683961
2017-09-08,186.95859154498788,189.3599970265549,180.44046408990286,180.86929321289062,5054055
2017-09-11,182.3358448054204,183.49367524946442,180.12312008719664,181.30667114257812,1515887
2017-09-12,182.4473365801727,185.06316976179608,180.44902639975336,183.9996795654297,2573076
2017-09-13,184.39421465866732,186.62409103816196,180.54337557754664,181.77838134765625,1992593
2017-09-14,182.00995054799168,185.92082684368825,182.00995054799168,184.65150451660156,1869070
2017-09-15,184.9087841854327,188.27075670726205,183.77668783410923,185.67208862304688,3310612
2017-09-18,187.48170769863654,191.2553575140628,185.25183165336895,186.03228759765625,3354471
2017-09-19,185.76645537075748,186.96715809541794,182.25867402245584,183.39935302734375,1530400
2017-09-20,182.1643098319178,186.62407565440998,180.97217632479808,183.14202880859375,2380030
2017-09-21,184.53144345296622,185.25186237777172,180.4490382064329,182.8075714111328,4701611
2017-09-22,182.06142439239105,182.06142439239105,169.36822758247527,171.7267608642578,5796225
2017-09-25,172.71304746845252,172.71304746845252,166.11773197156737,168.45053100585938,3948394
2017-09-26,169.46254067365305,175.5432549733804,168.57916203722192,172.67013549804688,2944322
2017-09-27,178.39066391928867,184.77156474243765,176.21224232493952,180.02877807617188,13730033
2017-09-28,180.10595960468822,183.33070627457502,177.19853676421369,180.8349609375,10357898
2017-09-29,181.8212853759739,183.39936264173096,180.33756180310283,180.8607177734375,3314368
2017-10-03,181.9927969859804,186.2124280406515,181.18660687614877,182.06141662597656,2913743
2017-10-04,183.43368867638387,183.43368867638387,178.40786640432003,179.84014892578125,2466641
2017-10-05,179.93443692404026,183.8796160042315,179.33407891405344,181.37527465820312,3832147
2017-10-06,183.70810696364973,184.14550513969786,179.43702108926777,180.68917846679688,2102436
2017-10-09,180.7063154810715,184.5828884652622,178.45070513968855,182.83328247070312,3352373
2017-10-10,183.36500206682413,187.31018085263062,182.25007074736985,185.4490966796875,3477296
2017-10-11,185.2518570986218,192.7991577661332,184.31702364891467,188.6309814453125,4544589
2017-10-12,189.16274746657908,190.82658243686944,184.9173821282307,189.49722290039062,1685497
2017-10-13,189.48863825992188,191.42691135294803,186.88995655233768,187.9191436767578,3695405
2017-10-16,188.1764218375121,190.3291228077758,187.62753191224664,188.75962829589844,2499581
2017-10-17,188.6738349168618,191.49549976859237,188.31362552605356,190.0460662841797,4069910
2017-10-18,190.18337277940495,190.74942786032247,186.52122674979177,189.4114990234375,1924913
2017-10-19,189.38568232999324,190.02034335897613,183.93961565289328,186.07516479492188,147887
2017-10-23,186.9156980697205,195.12338076327853,185.99801614183812,190.58642578125,7115782
2017-10-24,192.91920138835374,193.98269152895378,190.39772201760306,191.46121215820312,2278788
2017-10-25,192.62763146772653,193.56246493030258,180.2088869560614,186.93284606933594,3580401
2017-10-26,185.32047762055402,193.19368524453944,184.95169907954644,191.90721130371094,6765170
2017-10-27,193.14223301879122,201.11835006263237,193.14223301879122,198.8884735107422,4265235
2017-10-30,198.9913478872876,205.70672384055263,198.9913478872876,202.58489990234375,6147022
2017-10-31,205.83540423073342,206.40144575318436,198.97421916496148,200.34645080566406,5589467
2017-11-01,200.34640288550563,207.89370196641667,200.21775955774189,205.37222290039062,12831713
2017-11-02,207.20761701715304,229.26629773124836,207.20761701715304,223.31423950195312,26418605
2017-11-03,221.44460477829188,224.54929130868516,220.44116497709408,223.0484161376953,5615525
2017-11-06,221.27303083695415,225.13245213047713,220.2009716050525,224.36056518554688,8552900
2017-11-07,224.36915603564196,226.60761482820737,218.97454314227753,219.72927856445312,4606954
2017-11-08,219.89226050993634,220.24388749790214,217.2850095204817,218.4085235595703,4644558
2017-11-09,217.84248472899662,220.53549351823372,215.06370474139507,216.71038818359375,5720924
2017-11-10,216.9772975705178,219.46573977442813,214.91937484056854,216.22817993164062,2885314
2017-11-13,217.84695458227264,222.32444074558086,216.22818139219217,220.4215087890625,2179122
2017-11-14,220.421508947097,220.6970511213273,214.59217517115644,215.20352172851562,2041929
2017-11-15,211.2426703664906,216.2970637696575,209.21058388176297,209.95970153808594,3407450
2017-11-16,210.29553029313868,214.23056270628868,207.40239102071783,211.14797973632812,2502460
2017-11-17,214.40269225128685,226.1905248831809,214.40269225128685,224.0378875732422,9805044
2017-11-20,223.8312853545937,223.8312853545937,217.3905917506455,220.36984252929688,3790920
2017-11-21,219.91349588306144,221.96280205281303,216.7275950908904,218.19139099121094,3042690
2017-11-22,219.90481921945445,219.90481921945445,214.3596321948715,215.2809600830078,2383304
2017-11-23,215.29821239711939,216.54674166293174,212.0692560043812,212.54283142089844,1729860
2017-11-24,213.86887364323144,214.73854264728254,212.24148391049803,213.47279357910156,2323105
2017-11-27,213.1972202864827,218.1999536217893,210.78627388513712,217.65748596191406,4576770
2017-11-28,216.29708942389126,221.42037572160788,216.29708942389126,219.73269653320312,5231820
2017-11-29,219.6465621233992,231.83047737760032,219.40545935681726,230.70249938964844,9091447
2017-11-30,230.50445422793038,234.99915973291817,227.3185537184248,228.6187286376953,9147064
2017-12-01,230.07392455865715,234.11228787214392,226.97413598446002,228.6531982421875,4501258
2017-12-04,230.5906004286865,233.60427742704678,220.7745615057883,222.82386779785156,3395848
2017-12-05,223.8743794500446,237.3068397898378,222.90999519261382,236.385498046875,6558515
2017-12-06,236.27353995772813,236.27353995772813,229.21289660598356,231.21914672851562,5207716
2017-12-07,230.07391121678472,233.38036295845092,227.1032773009878,232.05435180664062,3401929
2017-12-08,231.62385216871664,239.92442211154057,231.62385216871664,236.86767578125,3943380
2017-12-11,237.65122091789067,241.22461202667193,235.59329823609616,239.62303161621094,3023467
2017-12-12,240.23435405903558,240.25156027164516,234.20697463152973,234.83554077148438,2526106
2017-12-13,234.72366512459772,241.9393002757377,232.14049400828938,236.06690979003906,3615224
2017-12-14,236.6437785521159,238.83945868602194,233.182335949319,235.23162841796875,1949934
2017-12-15,238.01290648630666,243.16201542433336,238.01290648630666,242.26651000976562,5049940
2017-12-18,244.16076458657196,245.74508456970344,235.92907528327885,243.98854064941406,3138903
2017-12-19,243.85080660373976,251.29893974029076,242.81754378804862,250.62730407714844,4091704
2017-12-20,250.61010081670292,251.9103028252924,246.26178257702904,247.1228485107422,3260927
2017-12-21,248.81050711341163,251.41088408954187,246.48564533820388,247.62225341796875,2785976
2017-12-22,247.8116515032781,253.39989517870544,246.45977712116263,252.28912353515625,2036915
2017-12-26,253.1502233411118,254.6484586137809,250.9803523404924,251.8500213623047,1330015
2017-12-27,251.85002986855594,253.64104055758824,247.98389017082633,250.32595825195312,3015097
2017-12-28,251.72943856992939,253.2965794166265,247.8632994851358,250.36898803710938,6809436
2017-12-29,250.05045530376154,257.7138570987033,249.706034266292,255.1134796142578,2645924
2018-01-01,256.83557082517234,257.4555340526795,252.0308827809853,253.744384765625,1092642
2018-01-02,255.38895031579682,255.80225005121574,250.0676184596978,252.00498962402344,1420686
2018-01-03,250.72196826529702,252.89183861606307,248.84487318271957,250.06756591796875,2552621
2018-01-04,250.5670566954625,255.3889773490487,249.6285088576289,252.9521942138672,2673614
2018-01-05,253.1502428276989,256.9388738091102,251.30758644139095,254.88095092773438,3591100
2018-01-08,255.7162079513641,261.67471073742814,254.88097817624788,260.021484375,2865039
2018-01-09,261.7607874829756,262.105208471718,258.9020743981195,261.0375061035156,1356269
2018-01-10,262.27738308782324,266.2210313896483,260.5294419996247,261.9501953125,4224151
2018-01-11,260.8996807614865,260.8996807614865,257.601859074479,259.1603698730469,3373802
2018-01-12,259.16044527166986,264.2062093909908,255.90563817223645,260.021484375,5079960
2018-01-15,260.67574697589134,262.39785122624903,257.7395531610109,258.2648010253906,1097143
2018-01-16,260.0386766099132,263.6551103937431,257.00776658429174,260.2022705078125,3112203
2018-01-17,261.2440552459928,261.2440552459928,256.59435996671925,259.19476318359375,2041133
2018-01-18,259.2120452145591,260.97721956414017,248.93106159793084,250.79092407226562,4088661
2018-01-19,253.49466255092736,253.49466255092736,242.51620620265004,245.91737365722656,2842840
2018-01-22,247.286499242673,256.4136707866027,243.0587044505607,254.22659301757812,2549347
2018-01-23,253.01245180215597,257.35219402690893,251.075080364887,252.94357299804688,4602802
2018-01-24,253.15022212480952,253.6496338799664,245.28878853497966,247.62225341796875,2453361
2018-01-25,244.59136539774835,250.9114948113871,244.59136539774835,249.05160522460938,3041705
2018-01-29,254.02843984271004,261.07187549101917,244.93571199701046,246.5114288330078,4027800
2018-01-30,247.81169325676413,247.81169325676413,234.7408751287203,236.7643585205078,3896036
2018-01-31,233.02738194404924,241.95651852275677,232.66572776187928,237.6082000732422,3878060
2018-02-01,236.46296378907905,244.88408457559143,234.76669528124157,237.65982055664062,3704257
2018-02-02,232.88100339523996,236.6868676898548,221.09316669075605,227.64578247070312,4947754
2018-02-05,223.87431097279784,233.86255803019276,223.87431097279784,231.76156616210938,3432728
2018-02-06,220.4387368952985,237.86648908471267,219.66378297649473,234.61170959472656,6417617
2018-02-07,237.99563693309307,239.52831154350523,226.11307343742675,228.2140655517578,5578095
2018-02-08,228.26572821861734,233.60426694697657,228.26572821861734,230.3494873046875,1806177
2018-02-09,229.2128607868693,234.55139845868948,223.0132573422777,225.82029724121094,4429421
2018-02-12,225.94086767185428,231.0210836468091,223.14244396067988,228.3345947265625,3403232
2018-02-14,229.8844467892985,236.97955470234055,228.17954859351775,232.1834716796875,2747145
2018-02-15,233.3287254070762,239.3733393042027,231.91660206785005,234.2328338623047,2899436
2018-02-16,233.88839400224302,236.79014932672817,225.97531510731682,227.05162048339844,2640490
2018-02-19,227.0515931466365,227.9987708900571,217.40778055325828,222.1177520751953,3849579
2018-02-20,220.7831602611299,224.8990056987192,219.97376693369642,222.6085968017578,1846609
2018-02-21,224.0465475844519,224.4943002231046,216.12483859110688,217.3044891357422,3182881
2018-02-22,219.0524702376236,224.563220050266,216.9859306300721,223.60745239257812,4378238
2018-02-23,223.27162668734516,230.04812553648517,223.01331767322864,227.8094024658203,2295230
2018-02-26,229.7122819282527,234.0003238490264,229.04064628277726,232.29542541503906,2170506
2018-02-27,232.0543779083387,233.6903707805099,230.24616106594416,232.2179718017578,2722072
2018-02-28,226.72440690842228,233.7764460937281,226.72440690842228,229.70364379882812,2520667
2018-03-01,230.76278266468103,232.13186346420594,228.35183582660108,230.51307678222656,2687957
2018-03-05,230.41834636826755,236.60934740132925,229.74673764407197,235.82579040527344,3061852
2018-03-06,237.9095183053041,241.77565760670225,226.03557173330773,233.51815795898438,4767060
2018-03-07,233.00153837016344,234.7408764832245,225.94088119744785,228.18824768066406,3559079
2018-03-08,228.6962301175347,231.02969477380412,224.83870753603335,228.3948516845703,2593325
2018-03-09,229.38511079250225,234.1295228080653,229.38511079250225,230.53892517089844,3048119
2018-03-12,231.70991437559957,235.9118440617467,229.96197354695207,231.39993286132812,6199010
2018-03-13,233.69036002802451,235.74828265426132,231.93381585131652,233.604248046875,5220114
2018-03-14,232.15768158114244,237.9956315149493,232.15768158114244,236.9882049560547,3842929
2018-03-15,235.9463263457463,252.69385336003063,235.9463263457463,251.5400390625,7293100
2018-03-16,251.41952576672386,253.83910300567516,247.32951600547014,248.9827423095703,6334331
2018-03-19,251.34197212740824,251.34197212740824,240.7682146794259,241.78427124023438,3397141
2018-03-20,238.18509910723924,241.09545793958293,235.2403008713937,237.28099060058594,4886549
2018-03-21,238.1678469733869,243.3858336173225,237.9956230200883,240.5701904296875,3219433
2018-03-22,239.77801631072114,242.76588361259857,238.1764629099143,241.28488159179688,2718095
2018-03-23,239.39053436157386,243.01557071326368,234.20698723558203,240.07937622070312,2143596
2018-03-26,239.3733533518873,245.64183721140614,239.3733533518873,244.38470458984375,3634483
2018-03-27,246.2617643293068,258.11849141037874,245.8915070840054,250.34317016601562,6723183
2018-03-28,249.99872144587187,252.80576134970775,246.9247425219352,247.9149627685547,3016155
2018-04-02,248.15610729475955,255.99170467818814,240.6821371010026,252.84884643554688,5422680
2018-04-03,252.90902719903545,255.9916085915168,249.53369752775174,255.0013885498047,1854599
2018-04-04,255.21674040143327,257.05939658257773,247.98387327324448,250.59288024902344,4543132
2018-04-05,251.23870150887444,266.4104852194978,251.0492713128729,264.88641357421875,7311810
2018-04-06,263.8445641000202,273.88447299588256,259.3498577627806,273.0234069824219,11137441
2018-04-09,271.70600587167485,277.2598116870194,267.59876294971525,268.511474609375,7944789
2018-04-10,269.85464624815893,273.60886402419527,268.1325416104749,268.8299865722656,2221884
2018-04-11,269.16586096219703,272.0848498375039,266.06607196290025,269.8460998535156,3178745
2018-04-12,268.64916220230043,277.0444451499993,267.19396975627853,274.1943359375,4046710
2018-04-13,274.50438086742275,278.9646473393681,272.6100789840026,276.7345275878906,4123135
2018-04-16,274.1943754137291,275.012398758321,268.1497891600458,268.9936218261719,4714728
2018-04-17,271.232344661059,272.8941735385954,267.7709023598108,269.2777404785156,3149977
2018-04-18,269.47586642769323,272.9545431071189,267.8398732754053,270.31109619140625,3401200
2018-04-19,270.41439276603165,274.2374901698877,269.68250824832313,271.9126281738281,2191607
2018-04-20,271.8953358551503,273.3849676826243,268.8299602345079,270.75872802734375,1139627
2018-04-23,270.8879154725502,277.60416417271165,269.0194501002964,273.7121887207031,1939143
2018-04-24,277.43192375161146,285.31919237745143,277.29416617309295,279.9892578125,6402273
2018-04-25,280.52323407017303,283.9760748392675,274.88334243667407,277.7248229980469,3789801
2018-04-26,280.69536484496365,285.7411547530757,278.12079730857585,282.2538757324219,6552111
2018-04-27,286.6452474657193,287.3771318408178,264.34391771119436,280.2303771972656,12501612
2018-04-30,280.18735378914977,285.40534076052637,273.66053480993844,277.3200378417969,5017703
2018-05-02,278.37918560410554,279.489930581219,262.3893770781341,267.47821044921875,4929429
2018-05-03,267.4437888442592,273.2559040459006,266.5052408298547,271.0860595703125,3481617
2018-05-04,273.77246320005054,276.70005462531753,270.8879142781895,275.49456787109375,4245375
2018-05-07,275.5376825694659,275.5376825694659,269.3466808754335,270.37994384765625,4344646
2018-05-08,269.6825144683646,270.7243806095777,264.8605933480967,265.9541320800781,3004403
2018-05-09,266.4018441655444,267.1681679486723,260.7360913710822,264.24920654296875,3097870
2018-05-10,266.2210471808009,267.0218374205749,257.45550492834843,258.2821044921875,4231782
2018-05-11,256.95606644392115,259.28953114949104,253.73572657258603,256.16387939453125,8049048
2018-05-14,254.87232405340166,256.17252601105486,247.68252627072647,248.78466796875,5931571
2018-05-15,251.82421328990358,258.3165668656859,246.34791652773134,253.32244873046875,5304411
2018-05-16,251.16974339885462,255.22531252026053,245.00460626719052,247.2691650390625,3548852
2018-05-17,249.35292793013528,252.8918792184315,247.6480295236652,249.57679748535156,4832965
2018-05-18,249.42188216960614,250.98902346814268,242.2406862032478,243.01564025878906,3312341
2018-05-21,242.98973129948072,247.12280937009777,238.4003110102258,242.5419921875,1684025
2018-05-22,244.80660965562095,249.87823663650806,242.6453685068321,249.23243713378906,2264641
2018-05-23,248.55220849167316,252.4614181042991,248.2336237660126,249.90408325195312,2858435
2018-05-24,250.27426305143143,255.7333520871295,250.05036653291623,254.53646850585938,2622555
2018-05-25,254.86374941551685,259.0054315491702,253.40855651207306,257.8429870605469,2817479
2018-05-28,259.1776588592844,267.788211951367,257.7655352719977,265.3255920410156,2396975
2018-05-29,266.67739780272103,266.9185005867855,257.8688127659926,262.8284912109375,2395522
2018-05-30,260.21086506115586,263.4828777565259,254.131812024678,256.0691833496094,3256181
2018-05-31,253.66679647155212,260.05582998950064,248.7329554609229,250.4464569091797,4799594
2018-06-01,251.25589913926595,254.54514510105594,245.9948424033925,251.27313232421875,3072731
2018-06-04,251.42811312763897,253.66683591215343,246.77841662289438,248.92242431640625,2475493
2018-06-05,247.81171041853628,247.9753043290338,233.3459741692283,237.79763793945312,4782711
2018-06-06,237.8148069799617,247.8116716788387,237.5306617159405,246.3306427001953,3776197
2018-06-07,247.5017059264235,253.78739547265866,244.71187175228843,251.47976684570312,3717348
2018-06-08,251.25589179498127,253.21049629596877,246.0034652896095,249.02577209472656,1601185
2018-06-11,249.36156850330553,253.74435306222907,245.91735874636376,251.85862731933594,2601100
2018-06-12,251.8758183324064,260.7963497752037,251.8758183324064,259.2033996582031,4555509
2018-06-13,260.0730811373652,263.3106541049834,257.7654527841463,259.57366943359375,5680327
2018-06-14,261.2441398999516,261.2441398999516,255.33731056300758,255.7506103515625,2923088
2018-06-15,256.25000223749186,257.91185830885337,251.08368785910835,252.3408203125,3110171
2018-06-18,251.77249380853638,256.93880744887116,249.87816532258773,252.7024383544922,1939184
2018-06-19,251.1697979004129,255.73340976730645,250.0159835289177,252.60775756835938,2260510
2018-06-20,253.15024980362222,257.92910140023537,253.15024980362222,256.74945068359375,2305750
2018-06-21,258.14426713666205,258.660911931192,253.17598727353672,255.45777893066406,1471956
2018-06-22,255.39759578096022,258.55766046153707,251.6261710184198,257.2832946777344,1974161
2018-06-25,254.87232977069976,257.42106115910383,251.54004134085184,252.84884643554688,1751895
2018-06-26,252.3752891624252,253.8304820408697,245.40073022647414,247.29505920410156,2829456
2018-06-27,245.5729525704253,247.49311782970994,233.60427574801244,236.7557373046875,3435212
2018-06-28,235.56750059969886,237.41015710967395,219.11274652183334,224.50294494628906,8389628
2018-06-29,223.87436292718277,231.5721897468165,220.77456046693285,223.77964782714844,7740956
2018-07-02,225.40702636966398,226.94831767151308,220.6281751591749,221.4547882080078,2366970
2018-07-03,222.10915206842338,229.25590638440408,221.81639024110657,223.35768127441406,4844362
2018-07-04,210.7949153170118,210.7949153170118,180.4771718329202,197.2246856689453,94382685
2018-07-05,204.93108792766418,205.6802054267442,196.4927486957135,198.404296875,34745494
2018-07-06,196.14833827718215,197.87045639723723,190.413720401616,191.46420288085938,15112463
2018-07-09,192.8763401123651,197.6810268945366,191.4986429148313,196.4755401611328,8817804
2018-07-10,197.18160513349008,209.9079861004239,196.6649602829826,207.7036895751953,24899736
2018-07-11,206.98043132315004,210.95850541885588,204.25088653828826,207.68649291992188,11767351
2018-07-12,209.28806531416663,213.02503675392373,207.68649842027386,208.96946716308594,8097701
2018-07-13,210.09746702690677,217.27866181892233,209.11586321190885,215.91819763183594,12773701
2018-07-16,215.2637708322027,220.2578878451506,200.25558350381152,208.76280212402344,17408971
2018-07-17,208.375312246708,219.3968218707813,208.20310179091746,218.13107299804688,9442367
2018-07-18,219.57589654555366,223.20952856470754,210.33605418458532,214.26385498046875,9496824
2018-07-19,212.88826998131998,214.29847008459444,203.051472569799,204.61740112304688,7133415
2018-07-20,202.4458911586572,205.0673022241613,198.86415005390927,202.9044189453125,7256671
2018-07-23,203.48407151996557,210.92439377963967,202.47183651101088,209.94676208496094,6771893
2018-07-24,210.8378795090407,219.4807688649234,209.88620704026505,218.8491973876953,7229643
2018-07-25,216.35752621060607,223.9016712132194,216.35752621060607,222.1107940673828,5297674
2018-07-26,222.11081527031882,250.53111061013686,221.14185473086704,244.14627075195312,49192337
2018-07-27,245.01139598253752,249.856238556314,242.79659454754741,244.79510498046875,11182517
2018-07-30,244.66533812829348,249.1468324552469,239.1369920896782,245.0113983154297,6928838
2018-07-31,244.85570607781432,244.85570607781432,238.03828415673982,239.1543426513672,5306177
2018-08-01,240.59915803272358,246.22264395651027,240.03680673060992,241.30859375,6558705
2018-08-02,242.34673887279905,243.81750151606403,239.38789838224076,240.95382690429688,4168822
2018-08-03,242.9351006429221,254.00905662094496,242.0872245107765,247.9097137451172,8814715
2018-08-06,248.5930971031501,255.60949302093124,245.70349080391304,246.3782958984375,5730879
2018-08-07,246.9147502991023,250.89445655595273,243.53202572326035,245.06332397460938,3583002
2018-08-08,246.56870810637278,250.01202260504147,244.05976444111423,246.87152099609375,3484214
2018-08-09,248.36822531069677,249.3285553367645,243.50606680145825,244.9854736328125,2160972
2018-08-10,244.66537079640023,247.33868677640643,241.47295091770584,244.7086181640625,4832709
2018-08-13,242.24289887379513,242.24289887379513,230.9266951003266,233.41835021972656,5204571
2018-08-14,232.70896456543068,234.43926593789016,224.26507760941757,228.4178009033203,5916186
2018-08-16,227.89867880145624,233.59137054169338,226.1337609129503,228.35719299316406,7434774
2018-08-17,230.061537964541,232.9597884998735,226.03857155418606,229.58570861816406,3665991
2018-08-20,230.1307356011959,232.55315669564808,227.25843088401987,230.37298583984375,4924539
2018-08-21,230.99593206913988,233.9633895210792,228.41775508906693,229.5338134765625,6445107
2018-08-23,227.2584865232584,232.31963448483125,226.49714586368756,228.2880096435547,3208590
2018-08-24,229.43862479682764,230.53736787107437,223.20951462703482,225.48487854003906,6090020
2018-08-27,228.4004649372775,236.1868330305734,227.18924068166328,234.9669647216797,8459643
2018-08-28,234.4565152865768,236.90489578289328,228.41773674076745,231.16893005371094,9222118
2018-08-29,231.85241408794437,234.871789912874,230.0961538876234,233.40969848632812,4552651
2018-08-30,235.48611414622954,235.48611414622954,230.39902006338244,232.2244873046875,3433406
2018-08-31,230.99595563926675,233.58274983929928,228.74655052803936,231.13436889648438,4061433
2018-09-03,233.4183727641929,236.62808075372809,225.9780506436823,227.30174255371094,7170424
2018-09-04,227.70838903072854,230.76236887772032,222.66454231047587,224.46405029296875,5663434
2018-09-05,222.5174411458175,227.35364050146256,217.49955406539527,218.0013427734375,9941827
2018-09-06,218.53769715004248,219.05678742597541,205.9064597896581,207.3253173828125,11319074
2018-09-07,209.3670777704348,212.48163301327145,204.27132727248778,209.8083038330078,10278912
2018-09-10,209.713155827374,212.8104096795687,204.4876357007622,206.30445861816406,4161545
2018-09-11,207.63678011820897,209.4363012547674,203.34561745764802,205.32681274414062,4803889
2018-09-12,207.29075016376513,207.72331869468394,201.3903972575906,203.71766662597656,5043551
2018-09-14,197.94709205579113,212.13560239760437,197.2549580341515,210.24957275390625,12712337
2018-09-17,210.22359242612606,210.22359242612606,204.79908318191323,207.1522979736328,4678555
2018-09-18,207.63678342319918,210.69942025098996,204.27999136146073,205.68153381347656,3461702
2018-09-19,208.51923356750996,210.22358883893727,202.15170970460775,206.2611846923828,3415512
2018-09-21,206.4255588618957,209.80831017544457,167.86568402553206,200.9058837890625,13499218
2018-09-24,199.6946860839565,201.00972034403665,193.29254489416226,196.4330596923828,10206751
2018-09-25,193.79432071265336,207.9828284951398,191.1555949496041,203.631103515625,8261024
2018-09-26,205.1537836738991,208.48462999098294,200.8020719740318,205.72479248046875,3074634
2018-09-27,204.73856358814882,205.5604533527708,196.90891939446246,198.95933532714844,8999668
2018-09-28,200.905903365918,204.96347381718405,196.09564987683106,199.14964294433594,6487437
2018-10-01,198.98526881129197,199.50435915570142,191.4411232890574,197.14248657226562,9647088
2018-10-03,197.25494578417909,199.58221495610454,183.16160220519296,186.50975036621094,6883803
2018-10-04,192.06401740310048,195.1699150967131,182.9453001272199,189.33013916015625,11774976
2018-10-05,186.6135560892525,189.81463332867983,177.35642522417,180.6439971923828,9027353
2018-10-08,178.01393650232626,179.72693582668086,156.12555459673297,162.7439727783203,19862204
2018-10-09,161.76633924846973,172.20008973464087,160.15715000794452,165.39132690429688,15524521
2018-10-10,167.1475999696797,190.19528717860274,167.1475999696797,186.86444091796875,15875774
2018-10-11,173.89580329832336,187.21916143768593,172.25201059948347,181.0506134033203,13326113
2018-10-12,182.80685391131877,198.120076840786,177.54673139118282,179.94320678710938,10744765
2018-10-15,182.37434977005833,182.37434977005833,172.26071033351243,180.4364013671875,7609849
2018-10-16,182.5473840372081,188.22278900402478,180.8170690530425,185.58407592773438,6028015
2018-10-17,189.4685793273798,190.0136153649035,172.6846045346986,174.1121063232422,7263167
2018-10-19,173.3767323854246,178.04855908382348,169.86421153322632,174.71771240234375,10247640
2018-10-22,177.86686407318786,182.0282578537667,173.895815606935,176.04139709472656,4845574
2018-10-23,176.04141538450753,179.00024275925628,171.75025196309502,173.94773864746094,8332877
2018-10-24,176.4912878254927,184.1046406311878,174.48413290109536,182.20130920410156,8718877
2018-10-25,178.7406299697355,189.33875215965696,177.12279679546575,187.6776580810547,7812265
2018-10-26,190.44621855068863,192.7388711399899,180.124932774157,185.4456329345703,8670737
2018-10-29,183.3692474588155,189.55509791119354,178.13506943342045,187.54794311523438,9130324
2018-10-30,185.14276907651376,196.36380572204837,184.79670891486208,193.7510528564453,8506172
2018-10-31,195.11802516945878,202.4458794734284,185.48887446212257,201.54611206054688,10557584
2018-11-01,202.0998170108586,211.09742389969375,201.26062567063235,209.94676208496094,8677039
2018-11-02,210.07652350462354,218.89244234387394,210.07652350462354,216.98045349121094,6976439
2018-11-05,215.42560864304951,217.77087285515665,209.44084489355217,216.41583251953125,3512058
2018-11-06,215.4169245164049,218.0748925375346,209.33661369334885,210.78720092773438,3907331
2018-11-07,211.94249642800074,214.53965977306282,210.18788390304158,212.51577758789062,610558
2018-11-09,212.1161988735744,216.26817476097375,209.9707068532476,213.6536407470703,4325670
2018-11-12,213.6796935740459,217.4581741356355,210.64821686470705,211.36917114257812,4586817
2018-11-13,210.20525240747492,213.69709289462654,203.25632687514891,211.33445739746094,5590976
2018-11-14,214.04452251932895,220.95871929957332,213.33226046000357,215.30401611328125,6399025
2018-11-15,215.4169339803203,219.76870947757462,210.3789596022414,218.978271484375,4266610
2018-11-16,220.19430680576733,221.4972343542987,211.59499586778836,214.58303833007812,5781220
2018-11-19,217.1541764039833,217.1541764039833,210.20523775318432,212.011962890625,3847280
2018-11-20,213.5928349953029,213.5928349953029,205.34098240026364,207.1824493408203,4371500
2018-11-21,205.86218628731928,210.03154740106766,202.30086182035788,205.95773315429688,5482981
2018-11-22,207.07820285025338,208.89362015056247,198.5049681732779,200.72862243652344,3726205
2018-11-26,200.6504495931596,204.62002394531785,188.14236866455067,192.7373504638672,10256482
2018-11-27,190.92193943327396,193.88391883074763,187.67330589821356,191.16514587402344,6747959
2018-11-28,191.590779128111,197.99248614405923,189.3584325185332,196.86328125,6108884
2018-11-29,197.17597584746878,206.01849368299187,197.17597584746878,204.63739013671875,8401543
2018-11-30,206.07059604942796,207.34747402783867,199.4170045637243,200.73728942871094,6394550
2018-12-03,201.2584817286729,204.38549169037103,197.74057851812387,202.04891967773438,4716442
2018-12-04,202.0576044862801,203.86432956978882,198.96533626498996,199.7384033203125,4616278
2018-12-05,198.39206306396207,199.60813626521974,192.85898304959974,195.13475036621094,5904856
2018-12-06,191.98168420499408,195.24768929019734,190.08810425413844,191.97299194335938,5089381
2018-12-07,193.35405153599726,193.97076667785342,187.81228031311883,190.0359344482422,3415024
2018-12-10,182.8004045015053,191.44313760071765,182.8004045015053,189.5756072998047,3850560
2018-12-11,185.90132110858653,202.36160349357098,185.51044150108692,198.83502197265625,6164310
2018-12-12,198.90451251225818,203.43001025358026,196.34209153263757,200.70254516601562,4379572
2018-12-13,202.19659294511231,212.5939378183641,201.43221812174312,203.603759765625,11112393
2018-12-14,204.87193046568956,209.33662375135285,201.86651674472176,204.7503204345703,10781517
2018-12-17,204.99351474190934,209.16287468655958,202.90882796812917,207.81651306152344,3868243
2018-12-18,208.103213485525,209.85781243442744,205.01093127057896,208.49407958984375,3732953
2018-12-19,210.3702938576914,223.2345002296774,209.52772945512947,221.50595092773438,13579209
2018-12-20,219.76000208658198,224.32024189170343,217.55371878365793,220.1248321533203,5238824
2018-12-21,220.29859366011235,221.17588633837767,207.16510343278446,208.5548858642578,12211271
2018-12-24,209.97939693463337,210.2052324700456,204.51580116528194,208.41587829589844,5704189
2018-12-26,208.29431585974862,213.5060137658394,204.7677332925592,211.95118713378906,5992586
2018-12-27,212.63734399089495,216.91962170025488,211.1606936905136,213.1063995361328,4243266
2018-12-28,212.63740022699355,214.00981179042407,211.2910382432477,212.715576171875,2729031
2018-12-31,213.7492137104924,218.54398216660397,213.7492137104924,215.4082794189453,5858538
2019-01-01,216.27687351687857,216.58957725726208,211.80350150365058,213.6362762451172,2801058
2019-01-02,213.69706707269424,217.50161085753265,204.39418582561942,207.6688690185547,8150541
2019-01-03,207.5993839921547,209.5103345293469,198.26174736832397,200.28562927246094,7929492
2019-01-04,199.78182489287437,203.59504717704556,196.82852419913485,201.9794158935547,8526785
2019-01-07,203.88165252874015,206.3832681475512,201.31923191046693,204.3507080078125,4619126
2019-01-08,204.47235227681816,207.91206582737044,202.52664637955715,207.20849609375,3904257
2019-01-09,207.20853589316275,211.42131725592446,206.47888924008836,210.1965789794922,4281943
2019-01-10,209.85778952191245,212.0901361372183,204.99353796915082,206.0966796875,4499231
2019-01-11,208.06843215253605,208.06843215253605,203.44740072948207,206.67864990234375,3453973
2019-01-14,206.86974351061755,206.91317760664484,198.86978971223934,203.0912628173828,2841326
2019-01-15,203.4300612413345,207.16510841724212,202.465886733534,206.4180908203125,3991299
2019-01-16,206.73079459550038,208.41590991508016,204.12495247379047,206.4180908203125,6081029
2019-01-17,206.38334030094668,209.78832624088173,198.56578705871453,199.6949920654297,10575083
2019-01-18,201.34533593483465,202.80461540928474,196.54188963471128,197.31495666503906,5531054
2019-01-21,197.87087187377205,198.17489694052506,192.29435840104716,193.64939880371094,5588102
2019-01-22,193.00662630612388,195.0218160537072,189.2020823506306,190.4268341064453,7498811
2019-01-23,190.40080285221705,192.3117536714985,187.62990307974385,189.0196990966797,6367122
2019-01-24,190.88720783536476,194.7438783583058,188.6809242644562,193.62335205078125,4188091
2019-01-25,194.5701265740616,196.85458574226632,192.65916251647084,194.59617614746094,6112994
2019-01-28,195.2650050368835,195.2650050368835,181.21947045152066,183.3997039794922,12306863
2019-01-29,183.2781088259664,183.4431393375531,172.85470172903683,178.3443603515625,19258629
2019-01-30,178.06642327245618,180.08161298934957,174.17501118225255,176.27706909179688,8838910
2019-01-31,176.50290189722938,178.0577282571691,172.2206238150851,176.38998413085938,10373175
2019-02-01,176.50291135848795,183.97301849195085,175.4605746243988,181.9057159423828,10270101
2019-02-04,180.67223994216494,181.36713097531864,175.4605435906026,178.02296447753906,3978152
2019-02-05,177.19781663856597,186.57019654039337,176.87643421429104,185.5539093017578,5716008
2019-02-06,186.75261160470924,187.24771683184605,182.50507479167726,185.5539093017578,5796923
2019-02-07,185.53651607643724,192.8329001252866,185.53651607643724,191.2433319091797,7851650
2019-02-08,190.22709237618662,190.22709237618662,184.77217428303587,186.16195678710938,3361425
2019-02-11,188.83727102218924,188.83727102218924,182.4268851159954,183.4952850341797,2335482
2019-02-12,183.9730297263882,185.88398052224514,179.54309153453616,181.13265991210938,6049757
2019-02-14,181.01969822616647,183.36496242992786,179.62991606183692,181.87094116210938,5375222
2019-02-15,180.84597177998504,181.5842969405065,173.20214282570996,174.07077026367188,6374788
2019-02-18,174.62668536982295,176.32049259858564,172.81996037972488,174.2271270751953,5008784
2019-02-19,174.41821198955216,177.7536999256537,173.07185037243505,173.8883514404297,4985020
2019-02-20,175.4605751188317,184.06856586445292,175.12182180060853,182.58323669433594,9935782
2019-02-21,183.34763457232145,185.53654743637045,182.28792678343905,183.36500549316406,4013447
2019-02-22,183.7992904505999,187.60383438450802,182.670085552816,186.5441131591797,2763490
2019-02-25,188.6461666454021,192.2074904360085,186.54410876528323,190.97406005859375,5280883
2019-02-26,189.358467726699,198.31390540575907,187.67335233277407,196.2552947998047,7557686
2019-02-27,196.3073845389052,200.50280841180972,195.07395405183806,196.12496948242188,6533981
2019-02-28,195.75145300412893,199.53861225220683,195.4387492858636,198.4354705810547,4139295
2019-03-01,198.80895371759703,202.38764789376052,198.80895371759703,201.5016632080078,4289189
2019-03-05,202.38769463889486,215.0173866705283,202.22266410566732,213.47125244140625,10059761
2019-03-06,213.50599054795094,220.06404972138608,213.01956401196855,215.4951171875,5793582
2019-03-07,216.24210354155798,216.83275550538215,211.9424548765931,213.52333068847656,2220601
2019-03-08,211.78612734953683,213.32356924571852,209.53640978762454,212.011962890625,3476265
2019-03-11,213.6102187660503,220.61125641685078,211.6905758997569,218.7958526611328,4251903
2019-03-12,220.62862353178892,223.23446506147923,219.09984684421144,221.0542449951172,4893493
2019-03-13,222.3658559991589,225.3191567325482,219.9424158428417,222.41796875,5038486
2019-03-14,224.7111525244829,224.7111525244829,214.5743980528778,216.5982666015625,5046199
2019-03-15,216.81539359602348,221.06292968846108,216.32028845288124,220.1248321533203,5298885
2019-03-18,222.33111139395348,223.2344670784929,213.67968751080957,215.060791015625,6658233
2019-03-19,215.41690403787626,216.789328814585,211.55156920037012,212.0988006591797,4475985
2019-03-20,212.8110826946768,212.88925862473835,207.564630326185,209.640625,6669743
2019-03-22,210.67429240304523,213.67970611143232,206.73076749208542,208.2161102294922,5917900
2019-03-25,206.95661237029438,210.19655381255896,205.20200003191658,208.41587829589844,5869540
2019-03-26,210.37897123828304,210.9001396231606,206.81764714016353,209.18028259277344,3298727
2019-03-27,209.94466680332496,219.47338435879252,207.94684790027145,216.40716552734375,15179446
2019-03-28,217.84904965101776,224.79798773092438,217.84904965101776,222.0618438720703,10449610
2019-04-01,222.36586540296312,224.10309320024106,213.15853087156745,214.73072814941406,4224828
2019-04-02,215.0694713275728,217.53634556594736,205.07169929904856,208.15528869628906,6964143
2019-04-03,208.46800009444217,212.98480592430892,207.3301029760397,208.19873046875,8845694
2019-04-04,210.2052336514065,211.9251041636807,207.71230967872972,209.8577880859375,3702230
2019-04-05,211.0738281850212,216.40713480906976,210.04886250070524,212.58522033691406,5106347
2019-04-08,213.67967933274278,216.9804254434232,209.7622180915455,215.72093200683594,4072963
2019-04-09,216.71987895675443,218.49186239098728,211.5255522972868,212.45497131347656,5304853
2019-04-10,212.3767827126653,214.96526722972612,205.73186903553167,207.92947387695312,8243002
2019-04-11,208.1205648577083,212.6373709115306,208.068438499698,210.16180419921875,6868983
2019-04-12,210.9174912709979,213.254076932765,210.7350898345585,212.81976318359375,3316041
2019-04-15,214.08796138570523,215.0521221853001,211.2562704006453,212.10751342773438,2388051
2019-04-16,211.3344637827119,216.63302969334927,209.05868281444725,213.61024475097656,4376796
2019-04-18,214.8957663572366,215.76438028695225,208.92837301674166,211.18678283691406,3374885
2019-04-22,210.81329074022577,211.14336541988456,202.20529949104034,202.98704528808594,3383193
2019-04-23,203.49950893313164,204.58527969254646,200.12058662984086,202.55271911621094,9232228
2019-04-24,202.73516732378087,205.86219164114465,199.71238213806444,204.81985473632812,3740512
2019-04-25,205.85348214633262,207.42567953023712,199.0869583349639,200.3203887939453,3752869
2019-04-26,200.99790999446307,203.0825835017155,194.83942272539701,197.2628631591797,3760392
2019-04-30,197.00225622249542,197.86219145622925,188.66353566265906,192.99794006347656,6560234
2019-05-02,190.05331324098307,192.81552031015866,189.07178160854227,189.8448486328125,3274341
2019-05-03,190.4876319466007,190.9219456942876,185.6320592032223,187.56039428710938,5164642
2019-05-06,185.01537573992903,186.30093268292447,182.40953361577905,183.9469757080078,4333136
2019-05-07,185.0153652785995,186.53544996725526,176.3900031699772,177.718994140625,5189879
2019-05-08,176.67661360949015,182.76561638085894,175.88617569150367,178.457275390625,8360644
2019-05-09,175.1131291924806,181.19344041598598,172.15982817385185,179.46490478515625,15833680
2019-05-10,178.06645578240284,182.3921688168808,175.84278743833224,177.0154266357422,6500692
2019-05-13,176.98937155030185,178.95244896157007,170.3010224967903,171.56051635742188,4360539
2019-05-14,174.4008620040095,180.45510987061897,172.2988040741846,176.92852783203125,6526992
2019-05-15,178.41388815270528,180.62885046725174,176.27708817593063,177.19781494140625,4689824
2019-05-16,178.06642807995053,178.41387365411182,173.21954735719774,174.14027404785156,2687968
2019-05-17,173.89706223021565,181.5408782292083,173.56698758463918,179.4214630126953,4624463
2019-05-20,186.05769758781918,194.91758665362852,186.05769758781918,190.65267944335938,5509594
2019-05-21,192.1032609881141,198.54838823495314,187.82966164474516,188.67222595214844,6271196
2019-05-22,188.48984825737872,188.48984825737872,181.97522244762192,184.9806365966797,6393878
2019-05-23,188.22926583044932,195.68198917896507,181.8970416590553,184.82427978515625,9824210
2019-05-24,185.53652978582585,193.1456181250552,180.49855513332807,192.41598510742188,10362737
2019-05-27,193.26719858434555,199.5994077692555,191.99901285425523,197.74057006835938,6234988
2019-05-28,198.21831598623652,201.44957871014844,195.10867689104919,197.32363891601562,7188785
2019-05-29,195.78619816585245,197.48868412497328,191.9816543328547,192.7373504638672,3612879
2019-05-30,193.71022033437455,196.65482918388813,192.2856825365947,195.91650390625,3517764
2019-05-31,197.4886858821237,211.58633512908582,197.17598215576228,202.26608276367188,20138264
2019-06-03,204.07279458520594,207.04346638768334,201.62330472947448,203.17813110351562,9783481
2019-06-04,204.12491265281542,206.20958594350236,201.86650298499376,202.45716857910156,5305915
2019-06-06,202.5440184671739,202.73511215409712,183.807968051044,185.10220336914062,11824928
2019-06-07,186.57887037365677,192.31173590478343,184.54630970005252,189.81011962890625,10197766
2019-06-10,190.0533290928803,193.61466666048173,182.2531609282535,186.93499755859375,6951022
2019-06-11,187.62121640259525,193.87525060132265,185.71025206207273,192.7981719970703,6925795
2019-06-12,193.35405495700968,193.35405495700968,183.83401724366422,185.57125854492188,7217686
2019-06-13,184.32044954562892,190.28784252141077,180.15108933490365,188.29002380371094,9565700
2019-06-14,187.62123525436607,192.18147606732467,185.05881357837438,188.48117065429688,7851963
2019-06-17,177.89267307993651,183.27809210715256,173.72331334208005,176.84164428710938,164823582
2019-06-18,177.56259832973663,185.46700410807236,177.56259832973663,182.5745086669922,29222856
2019-06-19,184.63821326513929,188.0835176111649,182.06736082228872,185.8624267578125,15773245
2019-06-20,185.9061930920619,193.91607898057333,183.09923965959553,191.4326629638672,9441885
2019-06-21,192.58687132954185,194.03844824199174,190.37453117375009,192.09718322753906,12582174
2019-06-24,193.63622950248146,195.68241922060574,189.01918708933877,194.86044311523438,16615737
2019-06-25,193.86358545999266,196.21582506574137,192.60438340941454,195.691162109375,12611244
2019-06-26,196.3994452063149,197.09024520633113,190.1034629205095,192.3070526123047,10148954
2019-06-27,193.513808798307,193.513808798307,189.94609225109642,192.1409454345703,6149747
2019-06-28,192.90169149810723,192.90169149810723,187.9261235460957,188.9579620361328,9396727
2019-07-01,189.57881482478575,191.45011678489723,183.632621040594,184.4458465576172,7406740
2019-07-02,184.97051506039983,188.51200719097065,184.97051506039983,186.7368927001953,8987214
2019-07-03,187.97859339764253,190.26088345377065,186.6144669521952,189.7537078857422,4672613
2019-07-04,189.736222843889,190.71559919998356,185.04921720695373,185.87994384765625,5086959
2019-07-05,185.7312514955108,192.0272335497976,185.7312514955108,188.4420166015625,10641358
2019-07-08,187.30528433129746,188.24967220721007,178.38597268750442,180.58082580566406,5804482
2019-07-09,180.13483131868932,185.20658620582245,180.13483131868932,184.0523223876953,7432608
2019-07-10,185.03174298716266,186.66694474941661,179.27792360302115,180.86940002441406,6904329
2019-07-11,183.44024229200852,184.85683085663183,180.86937609084313,182.50457763671875,7196036
2019-07-12,183.8774531094977,185.18911729253878,181.56892524287522,182.95928955078125,5778593
2019-07-15,184.63818469121654,185.90612332165153,181.00925641465696,185.04043579101562,4585909
2019-07-16,185.36404388517715,190.62817542436105,184.68198055774346,189.60508728027344,7271609
2019-07-17,189.65754947649884,193.2427537952112,188.22347322666425,189.60508728027344,8556620
2019-07-18,189.2290412607648,189.2290412607648,182.8631088424189,183.80751037597656,7643091
2019-07-19,185.10169493130778,187.30529876453028,181.8837535584334,185.66134643554688,13297269
2019-07-22,183.9823825096363,187.02543560227446,180.49335293435084,181.57766723632812,3542114
2019-07-23,182.67070777054627,182.70568255700113,170.7170953699126,171.53033447265625,18067890
2019-07-24,170.16619757521124,170.8657480369189,158.9820996486526,161.832763671875,15662058
2019-07-25,168.5922369046484,177.51153487850266,167.01824797777672,172.50099182128906,53014832
2019-07-26,172.43104161382803,176.2523458403584,169.8951500329362,170.70838928222656,10405314
2019-07-29,171.53033750126087,173.1393009536861,168.338621145532,169.19557189941406,7274703
2019-07-30,169.20430445903742,171.81013123079066,168.6096783655209,169.4666290283203,7533752
2019-07-31,169.26555400447634,170.59470561411607,167.71778941012317,169.51039123535156,7845964
2019-08-01,169.46666314789456,172.21241699412496,168.4697994568512,169.1781005859375,6542499
2019-08-02,169.97384239048978,171.72273258374133,167.89267798711495,171.11936950683594,6750479
2019-08-05,169.58034694594105,171.7227239734841,165.4792173822885,169.7377471923828,8810194
2019-08-06,169.4317130720094,173.41041787188422,169.0294755355284,171.95010375976562,5850025
2019-08-07,172.00253833942094,176.2873061473347,172.00253833942094,174.51219177246094,7077737
2019-08-08,174.88818945499597,177.49401648154864,173.58526224759794,175.3341522216797,5379035
2019-08-09,176.62835689637353,186.25594220084488,176.3572680205728,182.25975036621094,8043742
2019-08-13,181.70012282066668,183.43151207914318,171.3991968672772,172.7108612060547,5510271
2019-08-14,174.71334741045675,184.32344630204167,174.02253356786932,182.1548309326172,11219639
2019-08-16,181.88371211487862,185.9411161254769,178.33348360560512,180.51084899902344,5665733
2019-08-19,181.8837416374727,185.31155894683448,180.0211901117285,181.91871643066406,5419683
2019-08-20,182.86310700997754,184.00862042988445,178.49965262170653,179.98619079589844,4748099
2019-08-21,180.1348773169417,181.43779115807462,175.4566218202521,176.9606475830078,3430214
2019-08-22,176.49715081571716,176.49715081571716,171.6265215321944,172.5359344482422,3896631
2019-08-23,171.81017210922107,177.51152875269077,167.14066767907292,176.69830322265625,10089894
2019-08-26,181.01804613282593,186.15101448469798,177.161753536652,178.32476806640625,11003444
2019-08-27,180.13484924333463,180.7469628470132,176.37474434007382,178.31600952148438,7235462
2019-08-28,179.85501635681524,180.57205430225463,171.4079201725793,173.42787170410156,5610445
2019-08-29,171.39044261692112,172.67586888242957,167.8926759666348,169.14312744140625,5780358
2019-08-30,170.1662204289173,171.565321540235,164.83212690083474,168.96823120117188,9502571
2019-09-03,166.14378152525614,170.65588508968713,163.66036623958612,168.39108276367188,7140142
2019-09-04,168.24248793460038,172.67590652114515,165.4442712656105,172.18621826171875,6339334
2019-09-05,172.5883932349024,174.82697123583324,170.18369184907345,171.39915466308594,5086975
2019-09-06,171.75772719818684,174.5559436138693,170.97072583568632,173.9962921142578,3284543
2019-09-09,172.30858053338167,177.24042242248132,172.30858053338167,176.4971466064453,5141257
2019-09-11,177.47654892814742,181.38530359905522,176.4971726242373,180.8781280517578,5666852
2019-09-12,181.6563770889671,185.3727566826349,180.56332587837343,181.51646423339844,5902152
2019-09-13,181.87497155396187,184.89178656265668,181.51644575394988,184.0348358154297,4125491
2019-09-16,181.90121057687605,187.13036614624193,181.6301354159622,184.2534637451172,4621276
2019-09-17,183.3178221442918,186.22096263262083,177.2666902394156,178.74449157714844,3374403
2019-09-18,180.97432055141502,182.25974685036016,178.9281309105968,181.34158325195312,2772306
2019-09-19,181.69134274445645,182.75815596158154,179.55770261608393,181.14044189453125,5004330
2019-09-20,182.6007961303203,203.3687711261427,177.35413886028672,199.61741638183594,11252943
2019-09-23,200.42190169411515,209.80464997368156,199.52122545347365,204.1470184326172,7884154
2019-09-24,201.64608871112335,205.02142968485487,197.79854701013005,203.85842895507812,5953226
2019-09-25,201.20884678900575,203.17633596884997,192.4644382615904,194.95660400390625,7060423
2019-09-26,195.35012783047262,198.06090703747842,191.79989883064104,192.77053833007812,7645657
2019-09-27,190.628111667185,195.42005444938297,190.24336163529657,191.5025634765625,5833398
2019-09-30,191.5025844408261,193.0765732205957,184.62947682249012,187.30526733398438,5723515
2019-10-01,188.00479616297025,190.82923605078656,179.52271226194685,182.7843780517578,5988891
2019-10-03,183.63261681149385,185.1978550779762,176.63708359604001,180.52835083007812,4077079
2019-10-04,181.65637586087684,182.548301479678,177.1617455885001,178.31600952148438,3631106
2019-10-07,176.47968569311152,188.08352427483837,176.47968569311152,185.7225341796875,8758749
2019-10-09,186.0810511392881,199.3725538139427,183.98239930892748,196.4956512451172,8480201
2019-10-10,195.17522889646835,195.17522889646835,187.78620874572823,189.2115478515625,4090924
2019-10-11,190.3920074888489,190.72429533536854,184.60321495768764,185.50389099121094,3797288
2019-10-14,186.78060450903743,187.70751866702813,181.3066113180837,182.6969757080078,3214928
2019-10-15,182.69695359570497,184.49829211712083,179.78506285048618,183.65882873535156,4158564
2019-10-16,184.80438025922882,185.83621880578858,180.04741133549928,181.80503845214844,4055470
2019-10-17,181.70884651253655,188.00482940505367,178.66579313566527,187.17410278320312,6022883
2019-10-18,185.74875969882305,193.4963058386268,185.04920910200192,191.72119140625,5404154
2019-10-22,189.8499007775165,197.2389352090297,188.89676234777951,195.44631958007812,6801276
2019-10-23,195.874783411679,196.9241092339043,186.39583514070145,188.45077514648438,4962297
2019-10-24,189.92859752388017,191.28398713251528,185.38150476019536,187.27029418945312,4476831
2019-10-25,188.00483249497637,198.20080610642003,186.3259055219279,196.7754669189453,6992747
2019-10-27,197.62364536742697,197.62364536742697,193.07655344199236,194.2832794189453,353460
2019-10-29,182.8543815212072,202.520554397332,182.8543815212072,200.87660217285156,7662863
2019-10-30,201.8384774043579,208.02952207234978,197.6236727504602,202.04833984375,9194870
2019-10-31,203.91965253776172,204.09454019549239,197.44879550760382,199.13645935058594,5135479
2019-11-01,200.37814689262078,203.72724987728043,198.9440573382589,200.08958435058594,3906042
2019-11-04,200.24699381933323,201.68106974566464,198.1483284201041,199.22389221191406,3056248
2019-11-05,199.1976470156049,201.50617476241715,197.2738830226762,199.23263549804688,2709536
2019-11-06,198.87411446511655,201.58487973104016,197.62366304669843,199.27635192871094,5050915
2019-11-07,202.44700777960975,207.5499058113298,199.8999533198567,202.438232421875,8534909
2019-11-08,202.43821975297595,204.2035932943745,195.1571490950452,196.096923828125,4506343
2019-11-11,195.80708358667587,201.39303841104166,195.36793061517653,196.7292938232422,4200525
2019-11-13,196.72927877378714,202.35036210479484,196.72927877378714,198.7669219970703,5654659
2019-11-14,199.82091240558952,200.54112446778916,195.28890765003501,199.76821899414062,4486181
2019-11-15,199.54865131704722,201.60385950831048,197.3089955458264,198.1873016357422,2426784
2019-11-18,198.4946974744544,199.70674225424025,197.256299110941,197.85354614257812,3133894
2019-11-19,197.72177998475686,198.49468543390685,196.36920576460378,197.8096160888672,3009047
2019-11-20,198.49470961151079,199.97902441414683,196.91378333527317,197.87989807128906,2028043
2019-11-21,199.10948703495683,201.04172993038583,196.74686650697984,198.29266357421875,3518950
2019-11-22,198.30145808940262,201.45453482873245,196.8259188581817,200.46206665039062,2384474
2019-11-25,201.12079968301197,202.8861734449899,199.27637892409533,201.35794067382812,4926325
2019-11-26,202.6754072535438,202.7105361993093,194.12959659476624,195.9300994873047,8024647
2019-11-27,196.3867575347982,201.68287814116655,196.3867575347982,199.63645935058594,4949935
2019-11-28,199.88239505862288,203.5888009314739,198.28390445332408,201.06809997558594,6922362
2019-11-29,200.41812128901972,201.83217780694127,195.94759990794248,198.0028076171875,2544555
2019-12-02,198.49470438923646,198.54739780404714,191.7054790580023,192.76821899414062,3904811
2019-12-03,192.346623908217,193.72553794246878,188.91248810456446,191.52980041503906,4261966
2019-12-04,190.94132983240192,194.80582927407232,188.956379828573,191.31021118164062,2325399
2019-12-05,191.3102169177392,197.41437197245878,190.9940289647748,194.7707061767578,5689924
2019-12-06,194.66528760427474,194.77068816367458,187.77945241576558,188.49087524414062,2565148
2019-12-09,188.165953283945,194.10322600507428,186.54988437548127,192.06558227539062,3430871
2019-12-10,190.23871660081988,191.46832581580236,187.7004374219739,188.4733428955078,2276700
2019-12-11,187.95514799417822,190.78326164468663,186.85727915514033,189.34286499023438,3173849
2019-12-12,190.49343949787226,194.9815266102853,190.06307554549625,193.26007080078125,4246899
2019-12-13,194.40181545579387,196.6853751385564,193.14585281620722,194.13832092285156,4505517
2019-12-16,193.75191964787163,195.60511589790386,192.7506621997064,193.4093780517578,2925115
2019-12-17,190.4055579180647,194.80582161934274,187.60379833998007,191.96893310546875,8021666
2019-12-18,193.22491589692996,197.91500068549317,189.896180670953,195.61387634277344,4286141
2019-12-19,195.61388277528027,199.71552357660323,195.54361113957464,198.8723602294922,5028238
2019-12-20,198.86359401275348,208.9464263983341,196.91378628496778,207.64654541015625,10163215
2019-12-23,207.26007553527728,207.95392025268754,203.36922213422076,204.22994995117188,3996030
2019-12-24,203.58878723313546,204.36169265527877,201.5687082084541,202.7104949951172,2931863
2019-12-26,201.9902965480787,205.09945519412378,201.63897965319717,203.08816528320312,2699586
2019-12-27,204.344156323726,205.46836504139907,202.5260753230317,204.58128356933594,2672291
2019-12-30,205.34539689650353,206.57501993503138,203.2814133226154,204.25631713867188,2195656
2019-12-31,203.73808921535147,206.82969710568022,202.72805659454846,205.71426391601562,3703482
2020-01-01,206.34662745240053,206.82969849557733,200.26882595424024,200.68162536621094,2196560
2020-01-02,201.1295669249357,204.4407375690627,201.1295669249357,203.84349060058594,3168384
2020-01-03,203.74688720703125,204.99406084626958,202.18352560190624,203.74688720703125,2353761
2020-01-06,202.21866309819796,202.3591926172583,195.36795564122485,196.2286834716797,5609275
2020-01-07,197.01036621351773,202.18352199765718,195.49090893281334,197.48463439941406,2259925
2020-01-08,193.22491777167687,199.1885435865222,192.56618825529438,198.54737854003906,2488271
2020-01-09,200.09319261987145,202.73687251242626,197.10699865804472,201.49847412109375,4429857
2020-01-10,201.97271529665994,202.7895249462181,197.86228596092002,198.6439666748047,3238158
2020-01-13,199.54863905521708,205.85480652055253,197.65152497635378,205.1873016357422,4603870
2020-01-14,204.48466630324054,213.14466585426482,195.26257616378786,198.91627502441406,11214451
2020-01-15,198.03796529619228,198.14336586881515,189.72929716304648,193.0229034423828,9560897
2020-01-16,193.75188600241123,195.42064812623556,192.03043047082778,193.07559204101562,3540302
2020-01-17,193.13710222222352,195.3240646429098,190.5285649701282,191.07310485839844,4240326
2020-01-20,192.87360062927888,195.64900694165735,187.48964359112267,188.55238342285156,6226911
2020-01-21,188.13082154228042,193.89243570976774,186.69920023594997,191.36294555664062,5697452
2020-01-22,192.55741910026526,192.55741910026526,188.24499086183965,188.84222412109375,2393511
2020-01-23,190.01913266956763,191.2838845306133,188.92126390328949,190.42315673828125,2333040
2020-01-24,190.23869557944778,193.751878131385,189.89616781121066,190.39678955078125,2219067
2020-01-27,189.1847692739711,192.52229381532217,188.1922872697252,189.72052001953125,2957203
2020-01-28,189.71171734917522,193.2073353789414,185.63643060306526,189.68536376953125,5549276
2020-01-29,190.94134275309452,196.9137576373098,190.55489690912074,194.49844360351562,6731533
2020-01-30,194.45453091256584,194.69167189276334,180.93756381370468,183.3265380859375,9032875
2020-01-31,179.76943587193162,185.3114732197896,178.58373097929106,179.26881408691406,10177347
2020-02-03,173.90243543809902,176.53732624195646,169.60757140541006,173.54234313964844,6463098
2020-02-04,185.320269657789,195.8510295743653,181.1044527969928,184.35414123535156,31528888
2020-02-05,185.49591205092202,200.25126290820316,185.32025360337624,199.01287841796875,23348512
2020-02-06,198.9338262152751,216.85104241329205,198.56493110606598,214.08441162109375,31541240
2020-02-07,215.4106302624986,215.88491218056944,209.64901687984369,214.84852600097656,7724083
2020-02-10,213.07438387245062,215.51605157257686,210.53611846246972,212.00286865234375,4832770
2020-02-11,213.3203089869623,221.64654172259674,211.70424020485774,214.09320068359375,11631840
2020-02-12,213.95264382415934,218.88867188945542,213.469586575504,214.06683349609375,8940845
2020-02-13,216.93888923808632,225.1948644969751,213.08317841544277,221.751953125,12410234
2020-02-14,223.13087065197243,227.56626409762552,221.16349858985487,225.9677734375,8635663
2020-02-17,226.42445849983537,228.3567152146993,223.183559392193,224.7030029296875,5306659
2020-02-18,224.31657194535188,225.1509462039785,218.75695615896316,223.7895965576172,5270296
2020-02-19,223.095719987519,229.06813474018028,222.3052500927306,226.78456115722656,6498152
2020-02-20,225.01919166673613,238.79085002979613,224.3165578605415,235.61141967773438,17032706
2020-02-24,235.38306167556186,240.12585349810792,230.8598463503423,234.6013946533203,11650874
2020-02-25,235.37430113612984,236.8322759658648,230.1133089988675,232.3793182373047,9680263
2020-02-26,230.97404311610362,231.5185829429496,222.74440817400222,224.30776977539062,9315406
2020-02-27,224.30778840622037,224.30778840622037,218.0016343130412,220.9439239501953,11647620
2020-02-28,213.4256707152971,221.67286924371683,204.97647392872173,210.14085388183594,68263144
2020-03-02,215.18230278923178,238.57128674035113,215.18230278923178,225.47592163085938,13413992
2020-03-03,225.8535937668608,229.1911045552278,219.74943812306026,220.82095336914062,8501584
2020-03-04,223.0693689465368,223.0693689465368,197.914999081206,204.7042236328125,26657015
2020-03-05,206.7506595354221,210.6151592585073,198.02919189230434,206.33786010742188,18451432
2020-03-06,197.79207792225307,198.31905335355714,175.42190002781822,194.1559295654297,17605691
2020-03-09,183.91501299988238,185.8911742632577,171.62765396333165,173.48963928222656,18188971
2020-03-11,168.6502289368782,178.37295464137034,167.1044316789403,173.5774688720703,14345210
2020-03-12,168.2813531981317,168.2813531981317,145.9023867607964,147.7995147705078,15827157
2020-03-13,134.02784984163733,154.30769130388617,125.92117847228518,145.09437561035156,14103988
2020-03-16,138.41931306759,149.86349459241177,131.54226546987505,134.1420135498047,15813430
2020-03-17,134.3791754672317,145.68284298102404,134.02785847617739,136.46951293945312,17656438
2020-03-18,140.43938308642848,140.43938308642848,118.93872472581727,120.73043823242188,17477319
2020-03-19,115.9349342151698,128.44185284060464,102.9361692388941,109.37406921386719,18719938
2020-03-20,111.89479370903194,116.76932616236208,100.09050699331766,102.04032135009766,21766088
2020-03-23,91.84331830761965,96.61246414769863,77.2899713181589,79.40666198730469,11334920
2020-03-24,78.69523629056637,91.08798100352628,77.47440932709672,85.17705535888672,18324009
2020-03-25,80.80314618528311,101.88223019091866,79.64380172290305,99.59866333007812,13457734
2020-03-26,103.46316920055216,119.51840291549698,97.66641904409514,114.4242935180664,19072393
2020-03-27,119.69408211410274,143.03039166703428,119.48329466395963,127.38795471191406,20152971
2020-03-30,121.20471851450507,122.23232941191101,101.9173624759507,107.04660034179688,18705667
2020-03-31,112.94874972651506,117.74424916605788,106.2737074770947,116.04913330078125,19371894
2020-04-01,113.31763834916573,117.49831942435688,106.63380696656637,109.19843292236328,14566228
2020-04-03,111.49077964160936,111.49077964160936,90.46439591774165,91.45687103271484,26790698
2020-04-07,94.08297666651518,99.14195704935574,87.84708042194823,94.54846954345703,34760386
2020-04-08,92.22098729752217,106.97633921315466,90.1482078396735,104.59616088867188,26753505
2020-04-09,109.96254171846985,119.5710838033136,106.80945806208535,118.73670959472656,17482271
2020-04-13,115.22353091849756,122.40799074832115,108.94372384034577,113.31763458251953,15848592
2020-04-15,114.35401664909641,124.19092433898449,112.51837826228355,116.41800689697266,16997200
2020-04-16,114.35401565368014,122.94373588161976,112.93117670427581,119.66769409179688,22650772
2020-04-17,127.3527820788175,143.60125148556068,123.8396128871235,140.88731384277344,22884553
2020-04-20,142.28378785839143,144.5673475392409,119.79943915148408,120.33518981933594,38988900
2020-04-21,114.52968916564346,118.51714751593391,101.5836211618101,103.39290618896484,37973339
2020-04-22,105.21973861478992,109.41798342667369,99.42298967957949,106.4581298828125,47074891
2020-04-23,107.67896325016595,115.93493710699492,107.67896325016595,113.05413055419922,25187388
2020-04-24,107.15200387782066,122.7856479960282,101.75048906916905,117.37535095214844,66007078
2020-04-27,117.86718672288475,120.48451265570863,111.89478590139157,112.7818603515625,30305312
2020-04-28,115.7592867281758,123.31262737880506,114.40670569689819,122.13571166992188,24649950
2020-04-29,123.48828897134575,125.84212044910497,119.79065866259292,122.46067810058594,24473248
2020-04-30,125.61376212435907,140.44817476210952,124.71790535470639,137.189697265625,34771661
2020-05-04,129.98770125853082,134.18595449402233,121.23987779126662,131.28758239746094,29957456
2020-05-05,135.0202723380297,138.3402316915082,127.54599330766727,129.91738891601562,26163924
2020-05-06,128.92489988792974,139.6488798016765,126.78186997991556,137.2335662841797,25532074
2020-05-07,135.43311516723062,141.75684798879917,130.8923344954049,132.72796630859375,20184197
2020-05-08,136.0479220730082,138.59497683623894,128.81955726249348,130.76058959960938,15570361
2020-05-11,133.46573591345395,134.88856815852003,127.53723842430401,129.3114013671875,13766164
2020-05-12,124.5422495632636,124.60373208869112,113.1244081666539,117.7091064453125,38395737
2020-05-13,123.50586353717854,126.9926929878298,116.5673335777784,117.98137664794922,30865033
2020-05-14,122.0918033728326,126.47448949451072,112.79943512019611,113.86217498779297,51965854
2020-05-15,112.72916978377316,115.91738229849422,110.00645009194352,112.65890502929688,32669666
2020-05-18,112.94875295415677,113.19467618570549,100.75801946866007,101.20594787597656,36118323
2020-05-19,103.2875114193385,109.08425473723668,101.27621435433988,103.1294174194336,46902063
2020-05-20,103.11183584988957,105.73793713009802,100.12562857305866,101.67143249511719,31786880
2020-05-21,102.0578867071467,104.66642373298288,100.16077262139659,101.0127182006836,23458867
2020-05-22,100.65261317924258,102.52338045047729,92.70403751928868,95.05786895751953,44794085
2020-05-26,96.6300276313954,98.15826037057357,93.45059710382337,94.50455474853516,21553675
2020-05-27,95.38284481122537,99.49326783761067,94.27619378051388,97.49075317382812,35686663
2020-05-28,99.24733917185986,102.39163363420623,98.28121083355207,99.68648529052734,35909718
2020-05-29,99.42301950182596,101.40797002321553,96.08549451090222,100.52967071533203,52742343
2020-06-01,102.76052497953341,106.15074274618208,101.09176280095312,101.87344360351562,47660217
2020-06-02,101.87343276958028,104.2184818051184,98.90479698073958,102.93617248535156,43884702
2020-06-03,105.57108963343457,112.597449875715,104.99141386466718,108.35528564453125,64900364
2020-06-04,108.32890383064696,111.88600452475285,106.4932723979585,107.67897033691406,43446986
2020-06-05,109.50581491590225,109.99766129063457,105.4656639857187,108.0127182006836,34226016
2020-06-08,109.78688198003408,115.05664923407245,109.78688198003408,110.97257995605469,42807428
2020-06-09,111.8772263280511,114.34523375178378,107.67897422319255,108.83832550048828,33829097
2020-06-10,109.36530675878244,112.72039572991899,107.52088604818653,111.5434799194336,29463487
2020-06-11,108.0742186411432,118.74549453421658,108.0742186411432,112.05289459228516,78834902
2020-06-12,108.03030500277673,121.85467224911224,106.4493718649399,120.22103881835938,62866209
2020-06-15,121.20472431658037,124.2875434018936,116.63759053460811,118.18338775634766,58269452
2020-06-16,122.60998341413172,122.7856418644021,112.14949587929698,115.13569641113281,49514874
2020-06-17,114.00271455653451,116.90986850188943,112.5974398819099,113.8358383178711,32228040
2020-06-18,113.81825754172878,117.8320620534545,112.59742375266758,117.09429931640625,20756310
2020-06-19,117.19968312334689,121.58238264551326,115.15325742504123,115.7329330444336,35029627
2020-06-22,118.28876585287216,120.66893688092942,116.90106288667381,118.08675384521484,22841765
2020-06-23,119.97511368421559,120.50208906587935,117.70032905506983,120.14198303222656,17707425
2020-06-24,121.20471658562867,126.22856755169957,119.09681516892925,119.84335327148438,47148729
2020-06-25,118.66642662604116,122.02151511862118,117.34020612751883,121.28375244140625,20789342
2020-06-26,123.31264107895925,128.9337257029111,122.62755793681431,123.82205200195312,46059822
2020-06-29,122.92615147063384,123.26869295815827,120.18587458834516,121.31009674072266,19406481
2020-06-30,123.6990871691381,124.44563908393035,120.24738664093967,121.13446807861328,14633073
2020-07-01,121.6702154519209,124.71790555234253,120.3352056533537,123.19844818115234,19160826
2020-07-02,124.24362016782167,125.33269983961554,121.42429577118178,122.60121154785156,13257540
2020-07-03,123.7868996418659,124.36658215816261,121.03784694754486,122.2586669921875,14183569
2020-07-06,123.92742939807883,125.23608554802237,121.38037497692197,122.53972625732422,13310118
2020-07-07,122.96130290212405,127.9939430540572,122.05667080460691,127.1507797241211,48060904
2020-07-08,128.23107245461853,137.77813813802314,128.23107245461853,133.1319580078125,69896387
2020-07-09,134.85146514436684,138.63739909466645,128.72185059153588,130.05593872070312,30924865
2020-07-10,129.62325872630862,131.39002141122666,125.0440766838721,125.99957275390625,25107850
2020-07-13,127.27958030765294,128.51452612521797,122.95279286354885,124.2418212890625,19801490
2020-07-14,123.31336464100042,125.81028378783604,118.53587053032739,121.68180847167969,22900460
2020-07-15,122.95281869705417,124.03452610121533,117.300964907269,118.00406646728516,20145055
2020-07-16,119.32912478093779,122.52012255238046,116.19219586486626,121.51054382324219,18430920
2020-07-17,122.4119677039002,125.45873627089192,121.95223797227004,124.07957458496094,15845655
2020-07-20,125.359573281156,127.45985448534903,122.81758078675975,124.5392837524414,15304000
2020-07-21,126.73875956983872,126.90100741813096,122.06042071468973,122.49309539794922,11892635
2020-07-22,123.83619650499375,126.91000622245252,122.0153373032578,125.31451416015625,22858225
2020-07-23,125.76523081800302,128.6317194979215,124.92690900770978,126.76580047607422,20176900
2020-07-24,125.96352851665789,128.18099804307514,123.49365055396628,127.43282318115234,15248350
2020-07-27,128.36129438975132,128.5325651788066,122.48408747210031,123.07901000976562,14390240
2020-07-28,123.92632048130304,125.94549161348633,120.91560278099037,125.35055541992188,17310970
2020-07-29,125.29645369787914,131.5252231504091,124.68349923157754,130.62380981445312,28290470
2020-07-30,131.60638116927947,132.8323041741862,122.59224547275348,123.24126434326172,25095445
2020-07-31,123.49361875561955,125.2874361256516,121.18600297082908,124.62939453125,18297860
2020-08-03,124.82774495086831,127.00916409828817,120.5189892684844,120.96969604492188,15999280
2020-08-04,121.33025875992834,122.17757586933655,116.46261776137273,118.03108215332031,21306715
2020-08-05,118.69811666192003,120.69925562411173,114.67782037173504,115.79557800292969,24257215
2020-08-06,116.10206106522143,120.06827494683873,115.93079030022135,119.12178802490234,21276985
2020-08-07,119.52744507597522,122.59224571711118,118.80631146791984,122.00633239746094,14479860
2020-08-10,122.23167302829924,123.78210530967219,120.80743808357394,121.5736312866211,13149795
2020-08-11,122.592237098546,122.95279699998558,119.97814342691254,121.7539291381836,10408940
2020-08-12,120.78938602452376,121.14994585414992,117.18373271035888,119.86093139648438,20110705
2020-08-13,120.50094525901324,127.18944526548093,119.7798254914336,126.61254119873047,27781705
2020-08-14,127.64015197815816,131.71453093138305,121.9972948918032,123.73703002929688,60667095
2020-08-17,125.83735438725478,127.80242959434673,121.7900020395404,122.41197967529297,21394200
2020-08-18,123.40347192627068,125.11616540257378,121.348250758287,124.62939453125,22155020
2020-08-19,125.83730390199267,127.62209840913779,123.65587158223401,124.20573425292969,19863345
2020-08-20,123.74604130035202,125.56690037923872,122.24068244091572,123.9984359741211,14624945
2020-08-21,125.65705182135409,126.01762551829798,123.32239387087301,123.76409149169922,9103730
2020-08-24,124.3950807742492,124.57536074911289,122.69140956599847,123.36746978759766,11317105
2020-08-25,124.14265383507798,127.4237980420466,124.03448862913208,125.2874526977539,21874405
2020-08-26,126.19789578500516,131.78665699030242,124.96296363482806,130.94834899902344,42148055
2020-08-27,132.50779741267792,134.85147824285733,129.2807351176683,129.87567138671875,34442525
2020-08-28,131.3720104481331,141.28755909957903,130.7049594963326,139.31346130371094,67783000
2020-08-31,140.6565647794251,142.94616290689981,125.8373375196261,126.63959503173828,47226170
2020-09-01,127.82045790052162,129.80356517310344,122.1235170491069,127.33368682861328,33124360
2020-09-02,128.00070740488738,128.56860226875028,123.06997482914373,124.82772827148438,18654170
2020-09-03,126.18886541285487,128.42436676871532,124.93590135098216,125.78321838378906,18043260
2020-09-04,124.2147844982817,125.8463407515765,120.61813963976033,123.93534851074219,19787000
2020-09-07,124.93592033841507,125.0621176820103,121.7809729940559,123.953369140625,13560900
2020-09-08,124.35901514138718,124.39506563017889,118.62602460999108,119.4643325805664,17598430
2020-09-09,118.26546347486563,118.26546347486563,113.5961406765333,115.17361450195312,28371765
2020-09-10,116.28235103139522,117.80574217198063,111.89246445076026,113.49698638916016,29577885
2020-09-11,114.11895491765596,116.73305560787483,113.02824533917547,116.0389633178711,18580305
2020-09-14,117.18376627404864,117.2739131345129,113.83952269257342,114.74093627929688,18452905
2020-09-15,115.21867469551442,118.08516993544926,114.52458931806235,117.607421875,15997600
2020-09-16,117.96798385925368,120.0232056001452,116.39051018724174,118.68911743164062,19950565
2020-09-17,117.9679946899414,119.16687644127774,116.57982378309309,117.9679946899414,13616760
2020-09-18,118.25644736972677,119.2840582799689,114.29924238372213,116.57080841064453,14308610
2020-09-21,117.07559594821485,117.69757349669315,113.75838694115704,114.92121124267578,16103830
2020-09-22,114.93023581991368,116.64291618524187,110.52232379629383,115.49813079833984,20122560
2020-09-23,116.31841654616737,117.27392661166472,109.4226073170566,110.5313491821289,17343095
2020-09-24,108.1696360101479,108.1696360101479,100.156069359242,101.65241241455078,44394795
2020-09-25,103.12170571733985,107.05186912530438,102.9594510123417,106.4208755493164,21093985
2020-09-28,107.98935489914459,112.9651550773186,107.62878807411975,110.90091705322266,18254035
2020-09-29,112.14485881042084,112.88401761834439,108.92680595661633,109.88230895996094,14131620
2020-09-30,110.87386406743727,114.20909137385463,108.96286491014352,111.65809631347656,21418750
2020-10-01,113.03725495336965,119.82489067147985,112.70372948056328,118.7522201538086,31031565
2020-10-05,119.34712870043091,121.87108897221921,116.85923266716246,118.10318756103516,14426150
2020-10-06,119.34713821362735,119.87898261561143,116.47164079116392,117.9950180053711,12240375
2020-10-07,117.74264143354357,117.81475617294045,112.91107080703317,114.26319122314453,17276795
2020-10-08,115.3809188845098,117.76064978632371,114.12795476867741,115.20964813232422,16935265
2020-10-09,114.20909407327201,117.18376154018802,113.64120601238352,115.5792465209961,17527430
2020-10-12,116.2823488226241,120.21251248029662,115.68741257408448,119.2840576171875,30896760
2020-10-13,119.51839418550415,120.39276624567809,116.85922752252652,117.49923706054688,14237305
2020-10-14,117.00348580135558,121.14998002965477,115.35389729425144,119.92405700683594,16828665
2020-10-15,120.78939751317824,121.51053099549563,113.28062212170983,113.9656982421875,15350725
2020-10-16,114.84008218973099,117.01248516586188,112.94711520010824,116.66093444824219,13772355
2020-10-19,116.67898737469558,119.86998570711735,116.13813367215853,118.58097076416016,12763000
2020-10-20,117.90489421634081,119.30208795937301,116.64290700301402,118.74320220947266,8548565
2020-10-21,119.5094099511628,123.13309626861485,116.71502244807425,120.05927276611328,31740925
2020-10-22,119.83393212776525,126.86496130735837,118.31054086749734,126.2159423828125,28175610
2020-10-23,126.97311501194662,129.4249610032322,126.07170144910573,128.00973510742188,21913570
2020-10-26,127.45986576268004,127.64015946960738,123.75505565877403,124.39506530761719,10113485
2020-10-27,124.39509160241822,134.9957118482283,123.16916841036004,132.89541625976562,40165905
2020-10-28,131.42608872373663,131.60636866964873,127.45986114127948,128.3973388671875,17774320
2020-10-29,126.19788472292127,127.22549551977166,122.99786418083733,126.03563690185547,14687575
2020-10-30,127.45986701927416,131.60637473886555,120.78941243156154,125.01704406738281,42892115
2020-11-02,125.09816576873362,138.06950562240397,125.09816576873362,135.94216918945312,58773715
2020-11-03,135.9331654375627,139.32247541766023,135.21203185013283,137.52867126464844,16268300
2020-11-04,137.19512609879632,142.96418050547797,135.57257911708967,142.23402404785156,22749125
2020-11-05,143.00020980553097,148.7151670040483,140.53033233516874,147.0024871826172,26335845
2020-11-06,147.1106822775171,155.40368382969368,144.76701540107516,152.59127807617188,34200000
2020-11-09,153.9802859124649,155.92308242614203,149.9766680696313,151.66526794433594,24006055
2020-11-10,152.5095904709154,158.48323980562455,150.8845326627199,155.7415313720703,23825835
2020-11-11,155.74151838990957,161.68793286144725,153.8077953428336,160.3533935546875,31631290
2020-11-12,159.23673636230367,159.35476118539714,152.19183190131938,156.35885620117188,20465145
2020-11-13,155.06063670740156,159.78144948997885,153.87135654410358,159.0642547607422,18289185
2020-11-14,160.14457745345246,160.57126764334143,156.53134187461612,158.38336181640625,1279465
2020-11-17,158.5649651976076,159.736084722582,155.60536755537802,156.33164978027344,15728460
2020-11-18,155.6053385806585,169.04150875493752,154.11646653056704,168.00656127929688,35810375
2020-11-19,166.53583755605487,181.2792977587861,163.6579576329716,165.55535888671875,63358800
2020-11-20,166.69924771164912,172.4913294164914,164.1935891765631,169.56805419921875,43910455
2020-11-23,171.12957720636007,177.85674322118425,170.8390588079702,176.967041015625,33172945
2020-11-24,178.42868793214322,188.74185610683855,176.84903908132495,186.87168884277344,39408005
2020-11-25,187.88848391849933,197.47536963120785,187.56165763953518,193.37188720703125,43692190
2020-11-26,192.34597818486202,192.464002996915,185.6369741061993,190.95697021484375,25519515
2020-11-27,192.46404884751726,198.25613173154096,191.39279333812445,194.31605529785156,67609335
2020-12-01,196.0772601222934,196.09542098446803,184.96519513222145,185.84580993652344,19857690
2020-12-02,187.6887193766456,189.74045326227866,185.20120796892272,187.10769653320312,18406465
2020-12-03,188.83261396650505,192.26428247748981,186.7082503840246,187.6796417236328,16262005
2020-12-04,189.01415691754107,189.79490760292452,179.07321324915011,182.13265991210938,25299565
2020-12-07,183.56710419223032,197.36640916568084,183.3946106290018,193.08135986328125,34630940
2020-12-08,195.18758189932188,196.1498998541177,189.87665843215217,193.68963623046875,20765030
2020-12-09,194.64286869587193,195.77768022943619,190.4667705639633,192.88165283203125,12326970
2020-12-10,191.01146515838258,192.8271635490618,186.10908504462043,190.60293579101562,13328860
2020-12-11,192.46401434070256,195.20572257468325,187.92476871945956,189.42271423339844,17879175
2020-12-14,192.46402576482186,194.9696845095126,189.99467489207774,194.27972412109375,14980145
2020-12-15,194.64288181186507,200.03550879917293,191.30200308121334,198.34690856933594,18580105
2020-12-16,200.2442985127132,201.17938205163733,193.37187363154558,194.83351135253906,17984290
2020-12-17,194.64287665277337,195.3873196985103,190.9116156237748,191.82855224609375,10168720
2020-12-18,191.9011506651475,192.7726780594265,184.48402504618488,186.61746215820312,17274385
2020-12-21,187.03509727482003,187.19850348259286,171.4745624400881,175.55079650878906,18966675
2020-12-22,175.92300955122016,177.23938806593662,166.6992587381891,170.3034210205078,22851915
2020-12-23,170.27618410026258,176.1045739721337,168.31522661458294,174.60662841796875,22133360
2020-12-24,176.91254466825876,186.94427970937122,176.14088126674397,180.95248413085938,33020905
2020-12-28,182.4504521416648,186.98062456982413,181.2430110611491,184.48403930664062,21567085
2020-12-29,186.59931119747947,190.5756949713012,185.5643637039383,187.9066162109375,20672180
2020-12-30,189.3773189867509,191.55615118426886,187.45266956451022,188.6601104736328,20204065
2020-12-31,189.37734099785283,190.82989134746722,187.57978968066217,190.01283264160156,11010990
2021-01-01,190.26702722437346,195.5325550844211,190.0128305696458,194.43405151367188,12981435
2021-01-04,196.82171921172312,197.5480013787211,193.1176926274456,195.50534057617188,11008350
2021-01-05,194.2706522874846,203.24928018238037,192.2552259864708,202.29603576660156,15930660
2021-01-06,202.98595405730023,219.42709995863652,202.72268394316274,217.3753662109375,44538525
2021-01-07,217.88379219461754,239.10930938376697,217.52065808203122,237.2754364013672,45813230
2021-01-08,237.1665013197653,238.46474665069982,229.68583324500972,235.26004028320312,31324270
2021-01-11,236.85782931034893,238.69170225986772,225.32814828397755,227.26187133789062,15045560
2021-01-12,226.05442829061138,237.83831970715863,223.36718883101454,229.25006103515625,24395200
2021-01-13,231.31996001557962,232.55463538072783,213.8075426220637,220.9432373046875,26536710
2021-01-14,221.49700425651614,225.87284326587968,215.01496268386774,221.23373413085938,21198275
2021-01-15,221.33362921162075,227.4252893516582,216.28599007032815,218.70994567871094,17385480
2021-01-18,219.69949609466377,220.1988159017783,211.3745209834808,213.1266632080078,14423695
2021-01-19,214.79709661350236,225.7820621056846,213.3445325529221,223.03128051757812,21867515
2021-01-20,223.2764290058831,229.14112693700554,221.61506334817776,226.544677734375,17042230
2021-01-21,227.99723609423071,231.74665753496257,216.8306887239715,219.05491638183594,16461875
2021-01-22,220.0626234289455,222.28686487815312,207.35273561714584,208.92332458496094,18964880
2021-01-25,215.7049457334927,229.649508077817,215.7049457334927,218.07443237304688,36180365
2021-01-27,214.21607333115006,214.25238119888704,205.53702455820027,208.99594116210938,19598860
2021-01-28,200.45311950624563,209.32281066084707,199.2638391913168,201.7422637939453,24702255
2021-01-29,215.8865113701547,239.49057331053908,212.09169505849326,234.4701690673828,90681265
2021-02-01,232.88145895719407,244.1751048407955,229.91280214722784,241.85101318359375,30395260
2021-02-02,246.93502858322532,259.6449197603031,244.52014593493683,248.1424560546875,30730610
2021-02-03,248.93229629747907,268.0243665170489,246.39030156119455,266.0543212890625,28518195
2021-02-04,263.3125656789233,264.12962434323504,253.28990366872557,257.9471740722656,21005115
2021-02-05,259.45421085407116,267.08922536889617,249.12288331250147,251.37435913085938,16549455
2021-02-08,256.921344514871,268.5418041386995,255.62312670247476,257.7384033203125,18317310
2021-02-09,259.6448281655806,262.1414130517881,252.38203576934058,256.5762939453125,11093915
2021-02-10,254.39745599002237,264.3656483014069,252.5272892068913,259.2998352050781,19081675
2021-02-11,257.8291714379607,262.9131324721754,255.70480764582624,261.6875305175781,8878860
2021-02-12,258.7551743871509,265.31893421347877,257.82917815783736,261.142822265625,11134020
2021-02-15,263.27619753030154,278.7005424440367,262.3683485733005,274.7786560058594,24556900
2021-02-16,273.80736176844067,275.8046136588179,265.3461994161063,268.3239440917969,11625195
2021-02-17,269.44058040478615,273.93441746465953,262.9403766011694,265.0375061035156,13152705
2021-02-18,265.09193327920053,268.360195531933,259.3452607515523,261.2244873046875,9516035
2021-02-19,260.1623471052702,262.5499948901855,250.7570151595789,255.0330047607422,10103260
2021-02-22,256.73976110906443,258.71889356321805,244.7561674319841,246.9622344970703,12281580
2021-02-23,248.75069179382973,253.28993799444706,242.61362206487985,250.10337829589844,10273085
2021-02-24,250.2031944115393,255.28715444344678,248.75971780039055,250.19410705566406,5331875
2021-02-25,252.74524420317726,255.06027658375046,249.03214382288547,250.62088012695312,10532480
2021-02-26,244.9376866966594,244.9376866966594,230.59368137811623,232.94500732421875,21843070
2021-03-01,236.94859718341704,244.35664860390884,236.61269747467261,242.14149475097656,9162830
2021-03-02,244.48376062905163,249.84009268229386,241.66036312174913,245.2191162109375,8570450
2021-03-03,247.8428285873866,250.36664822449436,241.72393391947867,247.32534790039062,9383425
2021-03-04,244.56544927545278,249.08651945064938,241.66940882165034,243.1855010986328,8576470
2021-03-05,241.3063058459398,242.5228481524781,230.9568305255362,234.079833984375,11926800
2021-03-08,237.27542122252797,242.75883739947733,227.88827895330635,229.84014892578125,19094895
2021-03-09,232.40940234498245,236.34946466946906,227.870156205432,230.63909912109375,10348870
2021-03-10,234.43391330032006,241.4515700169131,234.21601064857663,238.8369598388672,15206235
2021-03-12,243.48515316922115,243.6667063760493,237.95632746371058,240.66172790527344,12544700
2021-03-15,242.9313044196412,243.63942551345463,224.81064659705123,231.79200744628906,18506180
2021-03-16,234.0435355382172,241.81472323284453,232.5092680239279,240.2078399658203,12723425
2021-03-17,241.11568136327315,241.29726229720998,234.22510881238918,239.9627227783203,11266530
2021-03-18,242.9404279301436,248.33305387224883,236.59454379715456,240.7161865234375,14562505
2021-03-19,238.35581676835702,250.48469752472667,236.14974967292187,249.46791076660156,14402385
2021-03-22,248.5508733317457,252.37290948319733,244.5835780301338,250.82049560546875,9335185
2021-03-23,254.01619502510437,260.3711394237846,252.65442122538718,255.3416748046875,14529820
2021-03-24,256.5582444276711,259.1002116501341,249.25912753836343,254.52464294433594,10501700
2021-03-25,255.45058141306018,255.5776658788932,245.40068533605842,249.11378479003906,10425355
2021-03-26,250.56636412448884,267.179992402774,250.56636412448884,259.4905090332031,18748345
2021-03-30,262.08695683769554,262.3683878400575,256.21317209859836,257.9380798339844,11173995
2021-03-31,258.3920243274345,262.05974270327346,256.83052265893735,258.24676513671875,8632980
2021-04-01,262.36842623318046,268.5417898859349,258.82781979394304,267.3979187011719,12254460
2021-04-05,267.07888359347237,269.5127694913777,253.5148192075597,258.9112854003906,10865445
2021-04-06,261.0716548293865,265.99408978981916,257.9723459890175,262.3843078613281,9011680
2021-04-07,262.5301472017131,273.9246848406763,257.64418281509944,270.8435974121094,14184300
2021-04-08,271.6275985817302,275.2920724452429,268.59207770113034,272.4115295410156,11186950
2021-04-09,271.4634462444243,272.88548227782786,265.2648290638802,267.9266052246094,10218235
2021-04-12,257.06075083706935,258.1363884371352,235.72105892756446,237.17044067382812,24289800
2021-04-13,239.74108087158453,254.9824160990582,239.01184156295182,252.01071166992188,21252365
2021-04-15,250.67984444025947,253.10460554654347,239.01184826288264,251.7099151611328,17951785
2021-04-16,250.73453952749983,254.31697576924577,248.96610491997532,251.22679138183594,12006190
2021-04-19,237.3709864513227,246.73275574528148,234.69098915468942,244.78199768066406,14272335
2021-04-20,251.40909806466289,252.68530869115563,241.12666715533916,245.2196044921875,12498725
2021-04-22,240.30620128155093,242.84034496789465,235.40198855030437,241.79205322265625,19593930
2021-04-23,239.74108759195724,253.02256820842487,239.10298231499405,251.7099151611328,17606370
2021-04-26,251.40906639892762,251.50935279549728,241.8559038820923,244.1348114013672,13382655
2021-04-27,246.94244103049857,247.55320055466143,240.48858644943684,241.56422424316406,8343800
2021-04-28,242.11110879876898,257.9358271933878,241.564165501819,256.1127014160156,17059815
2021-04-29,259.06625267120404,261.52745643096296,253.41455013777403,258.2093811035156,14470055
2021-04-30,260.70705304188806,263.4417424094603,243.5240826185693,245.2196044921875,20775365
2021-05-03,243.20500951185983,243.27795013399984,232.5670843449735,236.79672241210938,14320405
2021-05-04,241.5641825202718,245.97614387409692,234.3719374688651,235.40200805664062,13762810
2021-05-05,238.82953334698314,238.82953334698314,231.91988334667752,234.6454620361328,12337230
2021-05-06,236.2771756176687,240.10572409179946,232.0839796347357,239.08477783203125,11816670
2021-05-07,239.74108204822537,241.19958849134554,235.63904832496678,236.5779571533203,6920815
2021-05-10,236.82406143234616,244.48121305413304,236.34093414456777,242.97711181640625,9092755
2021-05-11,241.38190500816987,245.84858658739142,239.26709969481195,244.75469970703125,7293410
2021-05-12,245.2104023394955,247.21585170171826,242.22960188712295,245.01898193359375,7632385
2021-05-14,245.39281079619215,250.1329224789594,241.38191068632037,241.8376922607422,9702620
2021-05-17,242.38456974528765,254.8729926130189,240.69817281516453,253.2412872314453,9550025
2021-05-18,256.14917312454054,267.0879278487202,256.14917312454054,264.38970947265625,15594255
2021-05-19,262.16550016810464,266.1399011283278,256.1491793596206,257.3068542480469,6901040
2021-05-20,257.97230863068006,260.451760907652,254.50838063166753,258.1455078125,6123645
2021-05-21,261.25399077249125,271.2811849012291,258.89304567496856,269.59478759765625,11258915
2021-05-24,269.0934758186214,270.3696587730639,263.8155169434712,266.021484375,6487950
2021-05-25,267.08794618369615,269.202778918702,260.19653245987854,261.4909362792969,5680010
2021-05-26,262.1655318921405,265.4015695075892,260.43356770614406,261.2083740234375,6131915
2021-05-27,261.6914834132244,264.29856795547045,257.97231876106406,262.79449462890625,8648350
2021-05-28,263.8883627413044,276.09420460753785,263.62402950199356,265.2739562988281,17020950
2021-05-31,267.2702668717478,267.2702668717478,258.7015529251282,260.6705322265625,7634365
2021-06-01,261.6185904006186,261.6550607111637,253.1137195452429,257.29779052734375,9322935
2021-06-02,255.23759343813938,261.8828942851013,253.41446777072412,260.7160949707031,6900620
2021-06-03,261.61860002955535,263.6240499029053,257.06078469803,258.464599609375,5219995
2021-06-04,259.8136862594747,261.6185910837728,256.65056141480807,259.4673156738281,6313570
2021-06-07,259.33968279321044,276.10334031689507,257.37982783671976,271.1808776855469,23267725
2021-06-08,274.56274586802164,278.865323700475,268.2820643797168,271.4816589355469,20367070
2021-06-09,270.71603670489725,271.4634973523208,259.62230083068954,261.99237060546875,16223270
2021-06-10,262.53016382334187,268.8928840585136,261.2813268700349,267.9995422363281,9991650
2021-06-11,268.36415506998213,272.3750269070186,266.1764093242074,268.97491455078125,8790865
2021-06-14,267.99954357934007,270.5336878106417,260.16922011708533,269.2757263183594,8612805
2021-06-15,268.91107849180287,268.91107849180287,262.9859191352038,264.4717712402344,11778790
2021-06-16,266.64112785768134,268.0141512306544,261.1215750156988,262.4945983886719,9827690
2021-06-17,256.6637834383943,263.0712246765423,255.01616686513276,258.3846435546875,12356210
2021-06-18,260.68231046905373,260.68231046905373,246.04585754233614,252.63638305664062,14779290
2021-06-21,248.05957084943316,254.44871671582757,245.01147107064872,253.16720581054688,7416025
2021-06-22,254.4670171764554,256.6547146534192,249.15800425078416,251.11683654785156,7917570
2021-06-23,251.7026610835123,253.7347368436933,249.18545150345278,250.2197723388672,4924915
2021-06-24,250.98869636593298,251.90404532724676,247.76665014419905,249.6888885498047,4667625
2021-06-25,249.68884351757316,252.27013382714958,248.17852359064344,250.45773315429688,6516880
2021-06-28,252.9932907867586,254.28390812765508,249.43257022900357,251.27243041992188,4102820
2021-06-29,251.2449982311423,255.5654465365951,246.8147125175038,248.58132934570312,5875000
2021-06-30,249.8902558201089,251.31819790434238,244.7551617737755,245.79864501953125,6968565
2021-07-01,247.08929801842314,249.93601984703378,243.4828209174634,248.16940307617188,5444075
2021-07-02,248.8833435761834,251.28155306333457,246.41191847302065,249.3776397705078,4228550
2021-07-05,249.89026049562784,252.2701733252899,249.4325860258556,251.63858032226562,2911235
2021-07-06,251.81248387897585,262.6685082478792,251.81248387897585,258.7966003417969,12255020
2021-07-07,259.9499323743696,265.4511883547447,258.54031514196066,264.4168395996094,7910955
2021-07-08,264.5999193244511,264.92029703367996,260.36184935031525,262.07354736328125,6176635
2021-07-09,261.6250271296293,267.2818765804381,259.5929514711348,266.49468994140625,5637260
2021-07-12,267.9958860634097,268.6823978312408,264.90200189357336,265.8905944824219,4330990
2021-07-13,268.19719199048876,268.19719199048876,260.5174023335946,262.1192626953125,5529040
2021-07-14,262.7051309008474,263.0438055199882,259.04373534822236,260.12384033203125,6477460
2021-07-15,260.8744765420834,268.19726886607174,259.27261572121097,266.8974609375,7322970
2021-07-16,267.2819429675969,269.2041817059238,264.352814610695,265.3322448730469,3058730
2021-07-19,260.874446575904,263.6204933819662,252.98414322262937,254.43954467773438,8523350
2021-07-20,255.93153215445437,258.110066785701,247.32725895111585,255.5470733642578,6350305
2021-07-22,256.09632346757695,256.76453824527823,250.80560774992952,255.43727111816406,8748020
2021-07-23,255.74850891671153,257.5700724497941,250.62254885162568,253.66151428222656,5276030
2021-07-26,253.51503942287476,257.2130570323992,242.7047704705934,250.8788299560547,4858020
2021-07-27,252.47154575920547,258.494529360326,247.59272037358352,250.01841735839844,8150250
2021-07-28,251.81246366393492,252.27013806974568,247.16247605772926,251.3456268310547,6667670
2021-07-29,249.70719754093292,253.27708100997413,247.8764995298286,250.98870849609375,3888435
2021-07-30,252.2702223415717,258.14674803208965,248.9932568581156,254.4853515625,7132000
2021-08-02,255.5655040535752,261.7898673483002,244.52639509873225,251.87664794921875,16937480
2021-08-03,252.19694177967273,254.10088330778458,244.0320444931941,245.011474609375,10852865
2021-08-04,247.1442277204927,248.73692602684756,240.7550817030978,241.92672729492188,12098915
2021-08-05,242.05491709850224,244.90163937765823,239.85808485569828,243.83985900878906,7443930
2021-08-06,244.03204900879513,246.06412490634727,240.26995009265477,240.91070556640625,6201995
2021-08-09,241.6521054494523,241.7253210691329,237.07536102806117,238.494140625,5444400
2021-08-10,240.21503491860094,240.21503491860094,232.5627305738548,233.5055389404297,6656495
2021-08-11,233.78010155931008,237.61541565365076,227.70218547175165,237.0753631591797,7777460
2021-08-12,238.26531144003258,241.5605731214215,235.65658937923874,239.71157836914062,4144010
2021-08-13,240.0044989930547,240.70014517986186,235.84880705743495,237.08453369140625,4393670
2021-08-16,236.34313570408347,238.90610186844125,234.66803130068425,237.37745666503906,4215450
2021-08-17,237.37745145717227,237.44153259343437,231.58330439325832,234.3934326171875,5186305
2021-08-18,235.79387982875676,238.87860112090723,233.67941215888425,236.8648223876953,4998005
2021-08-20,234.32932639590555,235.42775628707938,228.8372328085015,229.66104125976562,4362450
2021-08-23,233.48719286640292,233.48719286640292,222.61284375469083,228.05001831054688,5190075
2021-08-24,227.0065496343221,234.69547556734744,225.41383736275785,234.24696350097656,4803725
2021-08-25,234.51240134406356,237.12112338381925,230.55808735828666,232.01348876953125,5152555
2021-08-26,233.59705153495662,237.4689737205944,230.109574236031,231.66566467285156,6567660
2021-08-27,232.48947421127826,236.34309926015553,230.23770975167795,234.5856170654297,3930010
2021-08-30,236.89228263176122,245.17620688433774,234.91515360252555,244.3889923095703,7071320
2021-08-31,244.398161037918,248.4256906891496,241.74365476330388,247.6385040283203,7881915
2021-09-01,247.5835935826151,248.10532125310814,242.1464185951917,243.4645233154297,6179385
2021-09-02,243.848928291769,246.96110879796836,242.86036382386285,245.87184143066406,3818570
2021-09-03,246.9611379536267,254.21071399964998,244.05033496835094,247.15338134765625,8012625
2021-09-06,248.24267429098867,252.08712355217494,245.32270857784206,246.49435424804688,3295350
2021-09-07,246.68651115855718,250.61336548429807,242.7505223397377,246.1922149658203,6181705
2021-09-08,246.02752319631202,252.89264125700333,245.0114991317634,249.8994598388672,8546425
2021-09-09,249.5241133746507,249.5241133746507,244.48053204424107,246.84214782714844,3792220
2021-09-13,246.41197055258408,246.8421857149315,239.95874311737268,245.624755859375,3625345
2021-09-14,246.7780417734568,250.9886518352966,246.08236774733075,247.65676879882812,3353550
2021-09-15,247.87648129180494,252.51730711271236,245.67964942696318,250.2197723388672,5161840
2021-09-16,250.2197544700605,258.4762191809503,249.54240524311558,257.4693298339844,10142820
2021-09-17,259.959144166737,261.0392493995508,248.16944329983798,249.1214141845703,9870725
2021-09-20,247.1442223212941,251.08937415398051,239.95872730769864,241.67042541503906,4788450
2021-09-21,243.4828398419057,244.56294498360444,235.3819954106945,242.33865356445312,4585140
2021-09-22,242.9335482368499,247.85812889159925,242.9335482368499,246.50340270996094,3449740
2021-09-23,247.1442658901685,253.55170982065434,246.51267275371006,253.20387268066406,5925930
2021-09-24,255.3823582543325,257.5425683780877,247.33643312430425,248.18772888183594,5655830
2021-09-27,248.88342075041245,249.4234733804259,240.55373815117395,242.41189575195312,5489955
2021-09-28,244.39816501800797,246.34786271403334,236.6359960127977,240.40725708007812,4231635
2021-09-29,237.99072843920905,240.04110116065374,235.42776253740317,238.0548095703125,4532205
2021-09-30,238.35688677269138,242.9336320176902,236.70926965818626,237.78021240234375,7981880
2021-10-01,236.86483395643302,237.9083451512176,233.10276324038182,236.9929962158203,4632325
2021-10-04,238.2470786785021,247.87654180279893,237.26764837131248,247.2815704345703,6773440
2021-10-05,245.31356255858105,248.51728445766702,242.43935293210967,244.4439697265625,4110305
2021-10-06,245.90851057503377,246.13734783183804,237.70699111275425,238.5765838623047,3570155
2021-10-07,242.23795726172565,246.48516182404157,240.88323077212314,245.89935302734375,3739840
2021-10-08,245.89936977289364,247.7666616278723,242.28373003443045,243.65675354003906,2327330
2021-10-11,244.5629205792958,245.66135046973486,242.73222271805233,244.37986755371094,2474965
2021-10-12,244.76428504445403,245.67049943137278,241.65210443778332,242.5033721923828,2928570
2021-10-13,244.947355438697,251.68430950003363,242.75965830027448,250.1465301513672,7442435
2021-10-14,252.35253279560524,256.1329281070292,248.38905653606056,253.2861785888672,8878410
2021-10-18,256.9750983215128,259.3550115769406,252.68210879229633,255.4190216064453,5899405
2021-10-19,256.3343623569888,266.9157954115987,253.3136936539855,261.322998046875,14910045
2021-10-20,263.21778171004894,269.96390002424425,257.5426061864525,263.3825378417969,10061990
2021-10-21,265.73496872407725,274.60470286123393,263.83105507530274,272.92962646484375,11697925
2021-10-22,274.4215856898256,285.369178512571,271.9227011012979,278.009765625,19446090
2021-10-25,281.9732419721176,281.9732419721176,270.67783891676163,277.6985778808594,8858895
2021-10-26,274.62301737989617,290.7148696417234,273.9822897927102,279.3462219238281,9988515
2021-10-27,281.744377928157,285.2227204800767,277.7168483881412,279.7947082519531,4678970
2021-10-28,279.721474878877,279.721474878877,269.0302061299107,272.5359802246094,5604320
2021-10-29,274.6046653945696,274.6046653945696,260.8744321248412,262.9248046875,6972315
2021-11-01,266.36652031796126,266.36652031796126,254.3479852238286,261.9179382324219,8517215
2021-11-02,263.62052720560274,297.4335234506714,262.20174734746155,288.55462646484375,16632400
2021-11-03,289.06720915031036,300.9209901251313,285.36005679546673,293.3968200683594,15816895
2021-11-04,294.7422970075732,297.66226174993295,294.3761630950303,296.0512390136719,1071505
2021-11-08,297.5250651783903,305.72658490392746,296.7653098182411,304.7563171386719,8351745
2021-11-09,308.4353365206387,312.05922866645597,290.84015086397017,297.2785339355469,12628955
2021-11-10,297.2785912075306,302.23616060092036,294.2341574426918,300.06549072265625,6427920
2021-11-11,300.06541876379174,302.2360881215064,294.54680496267764,301.00360107421875,5065025
2021-11-12,302.95351776034624,303.3398050217006,297.26014540389025,298.4466552734375,5511415
2021-11-15,298.0051664299097,299.10890049618837,290.21472160448633,297.3797302246094,3522305
2021-11-16,297.6004558858791,305.91517551896294,295.81610177740293,301.4910888671875,5549900
2021-11-17,299.4767930468366,303.50538577179236,296.26678013876085,300.0010681152344,3780655
2021-11-18,300.23101337328836,302.4936372844023,291.60357554605275,294.5836181640625,4825755
2021-11-22,296.0552965410613,296.1288657221604,284.7881245278498,287.271484375,5279665
2021-11-23,284.3926183613204,294.9055724899885,283.97871103661276,292.1094665527344,3311240
2021-11-24,292.2658375490651,294.50086972051156,288.8074967586252,291.91632080078125,2310765
2021-11-25,292.4865565887916,292.4865565887916,281.4585347108495,288.98223876953125,4290100
2021-11-26,283.6568051357368,286.41611263330066,263.87258946521075,266.1260070800781,6705735
2021-11-29,263.7069769179572,265.8132559054206,255.42905545377457,258.1331787109375,4893890
2021-11-30,258.0872325851429,266.0800288519872,256.68916549404327,258.7678527832031,8840830
2021-12-01,263.0539481026786,266.5398806589184,257.48935658200224,265.58331298828125,5539860
2021-12-02,264.8935526392139,268.5634230842811,262.35498044429954,266.5399475097656,3870920
2021-12-03,266.12599489911025,272.0493103016255,264.6819506382239,266.2087707519531,3863635
2021-12-06,266.7331197113378,271.3319666029126,265.243097809529,266.7607116699219,2886375
2021-12-07,269.1244248169938,271.57101381440833,265.22458502793444,269.2255859375,3802710
2021-12-08,270.4121293236942,275.35128515395445,269.32680846640045,274.52349853515625,4314475
2021-12-09,275.93070903198173,277.6782645753596,273.50250531932113,274.836181640625,2145005
2021-12-10,275.93076231160694,279.06717867817764,271.433077412746,276.73095703125,2745385
2021-12-13,279.60982502000866,281.77128816277167,259.20935176007356,271.45147705078125,9169260
2021-12-14,268.75655824127847,269.244034770523,252.02595507111485,254.61050415039062,9079580
2021-12-15,254.96002799844038,255.81540659950062,248.33767867284666,249.78172302246094,4271675
2021-12-16,252.2742844248992,254.36215031605101,243.9227927911647,244.9897003173828,6199315
2021-12-17,243.73879677915804,245.357599279509,232.8395279886049,234.30197143554688,5310545
2021-12-20,229.94228896075012,232.40726356181887,213.16569450573093,220.85496520996094,8903280
2021-12-21,225.3434036791134,225.3434036791134,214.4993334078846,215.915771484375,6125145
2021-12-22,217.44263667186246,219.27296837022922,212.87138269380895,215.6766815185547,4092265
2021-12-23,217.43338631050264,224.4052370250493,216.81714276373077,222.6392822265625,6141175
2021-12-24,224.42365153177812,224.42365153177812,214.4533582500547,216.61480712890625,5577935
2021-12-27,216.61481477033539,225.8952956162634,215.43751145009094,224.1845245361328,8997655
2021-12-28,225.34339641529266,229.36278230111012,221.64592124647496,222.9152069091797,4005800
2021-12-29,223.73382011428635,225.3342233044423,221.15846398231744,222.88763427734375,5363660
2021-12-30,222.95202508051156,223.50389215645134,218.00367684705245,220.41346740722656,4008980
2021-12-31,221.60917150412214,226.5391344927731,221.0941030482958,223.87179565429688,5290815
2022-01-03,224.75474408135304,231.45066100092487,223.9729348499483,230.0802001953125,2860025
2022-01-04,231.22993500604775,234.7618588464609,226.4931299826715,230.48492431640625,6387390
2022-01-05,230.4849014471059,234.86301070027025,229.02247216183693,229.90545654296875,4206620
2022-01-06,229.7583245207294,229.7583245207294,222.40017170363356,223.74302673339844,4892065
2022-01-07,223.72463808265465,226.51153729734048,221.46199995030884,223.5958709716797,4311580
2022-01-10,224.44208481223967,228.65462944549864,222.25302961836582,224.9571533203125,4850740
2022-01-11,224.8835261569887,226.5942971014059,222.2162016037161,225.08587646484375,3000215
2022-01-12,225.54579439812707,229.75833883246295,225.15949303531423,229.06851196289062,6283615
2022-01-13,230.64127158507353,231.22992318929968,226.9989941697247,229.47317504882812,3167295
2022-01-14,228.1947118301545,232.6647900707444,226.0976394737851,228.1579132080078,4270915
2022-01-17,228.47065421166243,230.843660333611,227.5324997713711,227.92799377441406,2446195
2022-01-18,227.18300191929433,233.06951943212218,218.21525184353268,221.4620361328125,7134135
2022-01-19,221.66434384908544,221.94027737448218,215.40071878502087,219.87998962402344,5312500
2022-01-20,220.37666740897663,227.04499294326232,220.2019090459965,224.59840393066406,6465015
2022-01-21,223.31994837434894,225.12268801627928,217.98528459424384,220.46865844726562,5834040
2022-01-24,219.84320129225654,221.2964380690024,209.8728941679092,212.39306640625,9353860
2022-01-25,209.70734827038933,221.25964556115804,202.93784734378727,214.61891174316406,10473610
2022-01-27,217.05631220789368,229.50997948870045,215.24436598111478,228.30508422851562,14742195
2022-01-28,229.94227724943286,239.11237638890526,227.37612761053683,228.62701416015625,9290465
2022-01-31,231.59782174654296,233.9892125682335,225.34339015174572,225.9688262939453,4867125
2022-02-01,229.68474041169648,237.30042742489314,227.10019149031197,235.50686645507812,5528990
2022-02-02,237.4843817972762,239.94014946129678,233.80529153390506,236.159912109375,4547020
2022-02-03,236.74856406494848,236.74856406494848,230.86204735575828,232.37046813964844,2367305
2022-02-04,231.78183099158804,233.17988406058024,226.08845758003432,226.85186767578125,2633985
2022-02-07,227.18299924476003,230.12625796652415,222.76810414483154,224.20294189453125,2030295
2022-02-08,225.4537815850878,229.08688050448316,221.96786311429054,228.14871215820312,3807905
2022-02-09,228.1027183720037,230.67807445085796,226.8150473498573,229.05007934570312,2220130
2022-02-10,229.02252148359415,234.54113645910243,226.64951535997793,232.8119659423828,3166790
2022-02-11,230.4941329961543,232.51762212954964,225.93207226461675,227.2841339111328,2919870
2022-02-14,221.84829931514167,221.84829931514167,212.2091232852871,213.54278564453125,6578230
2022-02-15,215.40991737623338,224.58920893514596,210.28681085943165,222.21621704101562,4886570
2022-02-16,225.16868532294438,234.43076748053295,223.7062557300294,224.53404235839844,9347585
2022-02-17,226.63107975613912,235.89316047680134,226.1528099730672,234.99179077148438,11096160
2022-02-18,233.43743147349775,237.659182870971,230.01588884308995,231.4323272705078,6084335
2022-02-21,228.8385591993756,230.41135653065987,222.60252570662254,224.46044921875,4546015
2022-02-22,220.74457873919215,223.6878369821356,216.39407492955138,221.51718139648438,4408165
2022-02-23,224.05574357610314,224.75476299349396,215.51108134207874,216.16412353515625,4670295
2022-02-24,209.7073448236422,212.365476834805,194.99103992373747,196.5730438232422,7525505
2022-02-25,205.21887355555518,213.2760597144784,202.76309178512906,207.40792846679688,9287685
2022-02-28,204.00479607827788,207.4999215832572,198.85408333045964,206.80088806152344,6854355
2022-03-02,202.9010701495679,211.05022498015563,196.09477035274455,201.53060913085938,8430100
2022-03-03,205.4764099668834,208.97153533067458,201.24548055560996,203.35174560546875,5518095
2022-03-04,202.16526362376752,205.38445567499133,198.85408904296904,200.3533172607422,5340955
2022-03-07,194.0712888612256,194.9634660512674,186.95227065339947,187.87203979492188,4901560
2022-03-08,186.8970805905118,193.11472876439672,184.32172427221738,191.60630798339844,12217785
2022-03-09,195.21179942342437,197.2628805929142,191.53272301236174,195.33135986328125,6415045
2022-03-10,201.9812971081559,202.34919912911113,194.0896766579731,198.57814025878906,8349665
2022-03-11,196.86676149921243,203.61004788386063,196.531921883454,202.94036865234375,5890485
2022-03-14,203.68443946747362,207.60018780383874,200.45696224996917,206.98631286621094,6630425
2022-03-15,207.41418993906703,211.50666155241296,200.90343061362546,202.7915496826172,7772955
2022-03-16,206.2422456854056,210.204502436249,203.73094160332244,206.39105224609375,7527250
2022-03-17,209.2744169327099,212.88324253069501,208.4652270621156,210.12081909179688,5977670
2022-03-21,210.30679121202155,212.32512454807463,201.79630582533002,202.09393310546875,6308350
2022-03-22,201.27546359873355,205.55396816045274,198.2991193869122,204.27972412109375,8069535
2022-03-23,205.18192495888576,206.48407108156792,202.41019162408924,203.91697692871094,4335075
2022-03-24,203.4984143463604,204.9214932815609,202.13116803007338,203.2100830078125,3329035
2022-03-25,204.59595767467644,206.93052478398434,202.0288634519675,205.1819305419922,3234280
2022-03-28,206.2050081188512,208.44657253722033,201.60097485339804,207.51646423339844,7168470
2022-03-29,207.5164828177031,209.6464247795803,204.43782632711327,208.97674560546875,6632010
2022-03-30,209.64642352962213,211.84147987782748,208.1582586345019,209.1720733642578,2494090
2022-03-31,209.64641255815908,212.88319977511762,208.15824774091925,211.106689453125,4371685
2022-04-01,211.13461975507792,223.04001084405027,209.8138674491168,219.75672912597656,4473460
2022-04-04,220.24965790118335,221.36578507148172,217.6453517089358,219.31954956054688,2766255
2022-04-05,220.24967797161995,220.8914550559139,216.8175756111458,217.73838806152344,7478890
2022-04-06,215.5991283132884,219.50558072501377,214.8643347351918,217.0966033935547,5148520
2022-04-07,215.97114190987847,220.42636856276874,215.41308545176426,218.4080352783203,10215730
2022-04-08,221.24487493652168,225.73730009728402,217.05009126850277,224.56536865234375,12013760
2022-04-11,226.0163318674371,230.29483600770223,222.8632650893252,227.61611938476562,5541150
2022-04-12,227.86727141355658,227.86727141355658,217.66398070978641,219.67300415039062,5301495
2022-04-13,221.73784686319402,222.6958574229266,219.21726093344944,220.24037170410156,2337810
2022-04-18,216.15716926958655,218.53825850552607,208.54888997578243,216.5757293701172,7199895
2022-04-19,219.366066190047,221.17977468505862,204.99588042478945,208.08384704589844,7289265
2022-04-20,206.94911459312615,210.9020752089499,203.144974724292,207.274658203125,3195385
2022-04-21,209.0883759089335,214.65971626842398,207.9908405919871,214.0830535888672,3891400
2022-04-22,212.0647181964773,212.0647181964773,204.70755724236182,206.11203002929688,4432385
2022-04-25,203.69375252376688,205.3679505884554,200.2244519455018,203.99139404296875,5391300
2022-04-26,206.10273514534845,215.97118670826472,205.18193683114683,215.2736053466797,7799210
2022-04-27,212.436767062107,217.0315051355541,210.94860203817655,212.29725646972656,5002305
2022-04-28,213.55289089837694,216.34321605370943,211.24621188482618,212.39955139160156,12255960
2022-04-29,222.18428098070774,230.48084552778482,218.41733943000773,223.6073455810547,30651345
2022-05-02,221.31000006613954,230.10881778517597,220.42639990424541,228.85317993164062,9994595
2022-05-04,229.17871978054328,233.9129826469833,210.40913779524814,213.72032165527344,9729470
2022-05-05,217.62676569757866,222.286617998268,213.58080255697632,216.073486328125,5106630
2022-05-06,210.7625580581263,221.92385827248793,210.7625580581263,220.2124481201172,9524820
2022-05-09,219.1335635268007,219.1335635268007,211.24623339929622,215.2270965576172,7602625
2022-05-10,215.22708037903325,219.12423688737914,212.99482587215152,215.8502655029297,4513380
2022-05-11,214.85504293441772,216.59434112138948,204.1029919743596,208.3442840576172,8918120
2022-05-12,208.34427439996486,208.34427439996486,194.78329269353074,198.0665740966797,9397425
2022-05-13,201.2754666541531,203.67514820295438,194.87633004967861,197.4806365966797,8482405
2022-05-16,197.1830032579274,204.15881705242955,195.65762587588944,202.865966796875,6833390
2022-05-17,204.06579578141634,208.49312124983854,201.27547032847633,206.25155639648438,4101275
2022-05-18,208.34430457027645,209.609252701432,202.2427950643482,204.19601440429688,4296340
2022-05-19,198.85718927193773,202.13117498688337,197.92708082276337,200.6243896484375,8110880
2022-05-20,204.06579485853212,206.29806372618626,201.5731109441635,203.87977600097656,3296315
2022-05-23,204.62384732646325,213.53428747221312,204.62384732646325,211.44154357910156,6070490
2022-05-24,210.92068307553495,212.97621466487215,205.19121200052078,209.78594970703125,8069565
2022-05-25,211.32061228794953,213.24594336660311,205.1353974957313,207.8234100341797,5017540
2022-05-26,208.53029725193744,214.11094756657803,205.10750520460851,213.3017578125,3514895
2022-05-27,216.06418809267515,216.06418809267515,210.4277333568161,212.52047729492188,2271910
2022-05-30,215.22709164807353,220.4357046932852,212.41817432151345,217.9988250732422,4176795
2022-05-31,217.99879705659114,222.42610764140423,212.99480965076225,218.79869079589844,13941420
2022-06-01,218.61268402746137,223.2260281879707,216.90128788417914,220.42640686035156,5176220
2022-06-02,220.5287169194124,222.48193612906468,218.6219917779223,221.9052734375,2790370
2022-06-03,222.38892431948804,222.8446683528133,217.33842832287743,219.22654724121094,5396720
2022-06-06,218.76148453442994,222.24009492757352,214.76201572783756,220.58450317382812,2524525
2022-06-07,217.93371052137294,220.11947107458604,212.5390786265526,219.37538146972656,4116090
2022-06-08,219.5055635666992,222.69582829266113,216.19438021756704,218.62196350097656,3753885
2022-06-09,217.27332678546296,218.13832078064104,214.85503928112522,217.23611450195312,4476645
2022-06-10,215.41310683957403,217.19891322903476,214.41788405901832,216.77105712890625,2121945
2022-06-13,212.9948499736312,215.7665693749816,207.50721541106776,210.9300079345703,4399480
2022-06-14,209.06976465703195,213.66450241590186,208.53030008288044,211.96240234375,3860780
2022-06-15,213.01343971577413,214.48301275966324,210.50214975665364,213.92494201660156,3345520
2022-06-16,215.4131430835441,218.5755064358974,209.0232877765273,212.57630920410156,6698850
2022-06-17,211.4136325937485,214.7620141668652,206.95840561160705,213.74819946289062,6730740
2022-06-20,213.92493396544296,216.12928635215061,207.68390029947898,211.86009216308594,4386785
2022-06-21,213.36687347591229,220.11946992887903,209.98127927413572,218.38015747070312,4280930
2022-06-22,217.18031271790593,223.03999851192958,216.72455448990223,217.94300842285156,4890975
2022-06-23,216.01766733839477,226.42558219266184,215.8037463887251,222.81675720214844,3954310
2022-06-24,225.16992983954876,233.59670932434707,223.7840774639406,231.6527862548828,4996020
2022-06-27,236.06152099443838,236.06152099443838,231.67140809507973,232.9828643798828,4127285
2022-06-28,231.22495228702664,235.02909221005257,230.53666696664033,232.72242736816406,3527135
2022-06-29,230.6668902112646,234.35012583184312,226.5744188038025,227.7091522216797,2727410
2022-06-30,229.736776737714,241.30732760207823,228.64855160361472,238.35887145996094,9956150
2022-07-01,235.54067887935355,237.1404666159269,230.38786990224452,235.44766235351562,5358285
2022-07-04,232.71311605269574,239.80055162654273,232.52709721339056,235.28952026367188,2008615
2022-07-05,236.03360709374493,243.77210141983664,234.58264029462322,237.62408447265625,6272225
2022-07-06,236.83348518419496,241.13989123135732,236.26611854340754,238.86111450195312,3157810
2022-07-07,238.10777714807773,245.83697654957268,234.01530540527693,243.36288452148438,4945940
2022-07-08,245.51140044766348,246.20898173383003,236.43354775292056,238.1914520263672,3652815
2022-07-11,237.29855856308282,238.10774832247762,230.68548732908965,233.67112731933594,3691540
2022-07-12,232.34107514146706,233.92225654205322,229.49494578194648,229.9785919189453,3442455
2022-07-13,231.42957801617194,237.15903495211415,230.73199671883697,236.04290771484375,3151325
2022-07-14,236.9916361976595,241.7258990003061,236.2568425735278,240.88877868652344,3203265
2022-07-15,241.82817975112846,245.176575609229,237.34505052957874,244.5533905029297,2703045
2022-07-18,247.78089931087135,263.9554997888781,246.10671536076327,259.89093017578125,5420345
2022-07-19,257.1192219786963,260.2443732296868,252.49658113144335,258.8585205078125,4993150
2022-07-20,262.29058184641275,266.2435427430342,260.7186963014542,261.9278259277344,4629925
2022-07-21,260.98842304650344,273.1635386117193,259.57464011053844,271.9450988769531,4855305
2022-07-22,272.8938295622118,279.01395941765344,270.9405960256952,278.30706787109375,4810415
2022-07-25,274.00994665860424,280.70671026280036,274.00994665860424,278.3814392089844,4721665
2022-07-26,278.2884698018298,280.68813720160335,274.1401655257116,275.00518798828125,4102640
2022-07-27,271.7777087849534,274.195968121446,266.9411333426518,269.8802795410156,6702695
2022-07-28,274.940044584519,280.18584112165246,268.4292858823772,271.76837158203125,8557735
2022-07-29,275.31208350060217,275.31208350060217,254.9427154320495,256.6634216308594,9296570
2022-08-01,256.70994849513613,260.05834480461317,253.19413946634995,255.75193786621094,4709025
2022-08-02,256.15182248992363,261.05351144201046,253.5754326937938,256.54248046875,4861880
2022-08-03,257.6400281831894,259.76998437832805,250.77582361279266,253.03598022460938,3733035
2022-08-04,256.15182552915996,256.15182552915996,248.06918196143442,252.9708709716797,4646770
2022-08-05,254.78454859351405,256.4866626030088,251.8826153667737,253.4451904296875,3153135
2022-08-08,254.84971455188096,261.17444063945163,252.24542225338888,258.98870849609375,4775785
2022-08-10,259.5002519273728,262.2161810317756,257.6772473525761,259.76068115234375,4003980
2022-08-11,261.48142045585377,265.1367402345901,258.79339312939794,261.5558166503906,5658525
2022-08-12,261.5464929421997,261.5557747246163,253.4638486906212,254.46835327148438,5225265
2022-08-16,253.91958902234845,258.01206023808527,251.65012229291474,253.86378479003906,6555990
2022-08-17,253.73359834980556,254.66370688977503,251.31533885361299,252.16171264648438,6599875
2022-08-18,251.17578306896425,253.96610850228578,246.86009449211582,250.84095764160156,4383855
2022-08-19,251.13860276107923,253.90102611498943,249.2690756109067,250.54331970214844,3815695
2022-08-22,253.8917202046822,253.8917202046822,242.7583202442987,244.21859741210938,4246725
2022-08-23,242.84201084070475,252.35703046492424,241.49337062435075,248.6365966796875,4383165
2022-08-24,250.38516888733272,251.07343995496726,246.86936060415823,249.8363800048828,2029850
2022-08-25,250.94322562882576,253.6777464938498,245.54860846341563,246.42291259765625,3292195
2022-08-26,248.33895149173583,250.6549124057034,246.32060370384613,248.0320281982422,2107620
2022-08-29,242.24675395552705,247.74366984389724,241.82819380469465,246.46014404296875,2128080
2022-08-30,247.78088777072702,252.81277793946788,247.49255641924447,251.99427795410156,5142225
2022-09-01,249.64109803886637,252.61745638188913,246.10669734310156,247.2693328857422,2217970
2022-09-02,249.26904267365325,249.26904267365325,243.05592558649278,243.42796325683594,2321585
2022-09-05,245.71602542083446,248.89700857492252,243.6977061283167,245.6974334716797,2988435
2022-09-06,248.11572937613803,258.85847019420805,245.07425669894346,257.5935363769531,8058715
2022-09-07,255.96584774561566,258.7282708798519,253.17552249425208,254.2172393798828,3464835
2022-09-08,255.59375361898964,257.8074159503281,252.24538639257003,253.2592010498047,3184610
2022-09-09,254.84040361349872,255.7798222254899,245.5486293364703,246.3113250732422,3022760
2022-09-12,247.6413700611661,248.2180327475569,243.688409224509,247.12982177734375,4745365
2022-09-13,248.33893354731822,251.1292586433555,246.22759777645905,247.89247131347656,3598305
2022-09-14,246.17180849673136,251.95708401594104,244.63710689297588,248.27383422851562,3689160
2022-09-15,249.52016257886493,255.59376910876608,244.2464640083943,246.6554412841797,4760095
2022-09-16,247.37159992143788,248.89699118521034,235.8754747535365,238.86111450195312,5117185
2022-09-19,239.40988833560996,243.37215906785812,238.12633424574622,239.39129638671875,1969205
2022-09-20,240.93527895691076,245.2695873464808,239.96795830904694,241.10269165039062,3808500
2022-09-21,241.78168463151184,243.67908528894907,234.945382364503,236.7683868408203,3779985
2022-09-22,234.94539954229631,237.36367299067567,230.89942211827722,233.86647033691406,4041540
2022-09-23,233.4572004387084,233.81064616020024,222.5842313427229,223.81198120117188,5578410
2022-09-26,221.5797349611885,223.6352809071373,213.59940265296845,218.56619262695312,3960710
2022-09-27,219.52419910037761,221.2076931145767,213.18085269496228,216.7245635986328,3060765
2022-09-28,215.73864216896283,222.0168739163228,214.85504202076294,218.55686950683594,7037355
2022-09-29,221.36580840160198,225.57919849335542,220.80773766147328,224.9467315673828,8863220
2022-09-30,223.22602190917775,227.45801807967155,221.17978621347595,222.770263671875,3689185
2022-10-03,223.22599498161742,226.3883575669264,215.34797644000506,217.58023071289062,3393565
2022-10-04,219.52417966541873,223.9235882456774,218.64987553399865,223.19810485839844,2886230
2022-10-06,225.2350480318259,226.57440636578363,221.737831450419,222.80746459960938,4285510
2022-10-07,222.66795098154287,225.0211241583786,217.7569796392485,223.05860900878906,5047815
2022-10-10,220.24037680312324,221.86806661406777,216.52925311726014,219.08705139160156,3026365
2022-10-11,218.57547796886848,222.15640105082164,217.63607357704893,218.36155700683594,2086380
2022-10-12,219.45905610465198,226.54649118093343,217.95228516203525,225.458251953125,2322665
2022-10-13,225.2536441699014,225.2536441699014,218.58476868435037,221.17977905273438,2016655
2022-10-14,223.22601399931716,226.1651599231335,219.57069483239567,220.23106384277344,3429520
2022-10-17,219.54277390193016,222.73305299818634,218.01739673940656,221.81224060058594,1567175
2022-10-18,225.04905329607868,228.96480203578813,223.52367596178647,227.7184600830078,4394830
2022-10-19,227.87655557544747,229.55075351609997,224.1840241313489,225.93263244628906,1833905
2022-10-20,225.60710563903564,228.51834965847374,222.29592179437734,226.16517639160156,3339120
2022-10-21,227.87658598822193,229.3182570237562,220.13807633744653,222.79818725585938,5002910
2022-10-24,226.01633727599312,226.01633727599312,221.75643917487247,223.0399932861328,395760
2022-10-25,223.2260134335266,230.66688054797746,220.47288635655556,226.406982421875,4718435
2022-10-27,227.87657507314282,233.21540279838058,225.2815786873428,231.95045471191406,4543535
2022-10-28,233.1130914363201,238.82394270803363,231.4202872009144,237.12185668945312,2765695
2022-10-31,236.98232324726953,236.98232324726953,227.87656786182364,228.6485595703125,3104155
2022-11-01,229.08569592605195,229.9785920196156,223.78408101949412,224.6583709716797,6675575
2022-11-02,224.71419897867906,227.4673119422881,223.22601983617332,224.67698669433594,2733960
2022-11-03,223.59804151797104,231.2900415413311,222.45401222206502,230.71337890625,3636250
2022-11-04,231.5969853488733,235.18720424366137,230.74128734704914,234.30360412597656,3337760
2022-11-07,235.19653005252155,240.7120666029702,233.77346519380453,239.8098602294922,2258285
2022-11-09,235.13140435699805,241.6421489092499,235.13140435699805,237.2334442138672,1989790
2022-11-10,236.2103349700316,239.9679666528394,230.1925325003668,231.62489318847656,3089160
2022-11-11,232.89914108578543,239.4098999809093,232.89914108578543,237.50318908691406,2488040
2022-11-14,238.08914821610236,239.13087929220288,233.53162265726996,235.45693969726562,1655990
2022-11-15,236.23822785248365,236.26612996794316,231.7923110197895,233.0293426513672,1474635
2022-11-16,232.89913760324288,233.42001022861976,227.93236215510393,229.4856414794922,2486780
2022-11-17,229.1786971615518,243.6511811576901,229.1786971615518,237.29855346679688,10895855
2022-11-18,237.2706752905211,238.93557739192312,231.0389372161129,232.7596435546875,5665580
2022-11-21,232.98286616652916,242.75830067448976,231.22496179830358,241.85609436035156,11427320
2022-11-22,242.74896663622698,252.05005003863,240.15398480390738,250.47816467285156,9851655
2022-11-23,251.12929903577722,253.53827668333167,246.52525053292428,248.199462890625,6956495
2022-11-24,249.44579418646438,249.44579418646438,242.75831198029584,244.00465393066406,3504165
2022-11-25,244.61852294110642,245.9206690973215,237.21485341659127,238.1356658935547,4325525
2022-11-28,236.99164140802804,240.86088186381005,231.969047145866,235.27093505859375,22810780
2022-11-29,233.03865420858537,238.29377499794379,232.80612711681712,236.30332946777344,8742450
2022-11-30,236.70328164766283,255.7797990021882,236.61956110909338,251.12925720214844,11378515
2022-12-01,250.46889287211204,250.46889287211204,237.54967388671398,239.38198852539062,8011285
2022-12-02,239.34476632365198,241.49334270006727,235.87548038625874,240.03306579589844,5168550
2022-12-05,241.08412864968318,241.82820407759718,237.92175131173255,240.8701934814453,4417660
2022-12-06,240.89807754554516,249.08302017778624,240.00518142203757,246.76705932617188,10171880
2022-12-07,247.0368164529825,254.245157128865,246.85078340425778,248.3761749267578,6943485
2022-12-08,248.32034442607468,252.0593698788647,246.47871962324407,248.93421936035156,2846375
2022-12-09,250.8316354741178,251.8919727126901,244.88825734549232,250.02244567871094,3202765
2022-12-12,249.2690389083187,255.9565202453254,247.08327859916935,253.64984130859375,5938835
2022-12-13,253.17549156413378,255.02639800499213,249.2690253356101,254.07769775390625,1977965
2022-12-14,254.0963225376616,256.70992493744785,252.1337790036619,256.440185546875,4138030
2022-12-15,255.85422354838985,261.2116573791057,254.8590290651812,259.1654357910156,3778060
2022-12-16,256.1518350589203,261.1744144944571,248.91559319893642,254.9333953857422,9071230
2022-12-19,255.58448294641894,257.98415001427526,253.36151035221923,255.26824951171875,3297195
2022-12-20,254.83108836159624,260.2442972250322,251.57570923355433,258.43060302734375,2851545
2022-12-21,257.9748418213516,264.0577584603469,253.03596868680893,254.7380828857422,4286630
2022-12-22,255.77980738427857,258.0120618445194,247.10190859027128,249.15744018554688,1549960
2022-12-23,246.84145393245862,246.84145393245862,240.0795484644313,242.107177734375,1564975
2022-12-26,242.11654235419581,254.2916592628185,240.90741265311544,251.34323120117188,1606850
2022-12-27,253.36156906463168,258.5701827391878,247.32517352190547,256.5053405761719,2420365
2022-12-28,253.64984046107412,259.8722676002221,251.594308953006,258.3096923828125,2201075
2022-12-29,250.9432225464741,250.9432225464741,232.7782217212091,244.10694885253906,19945730
2022-12-30,247.40884843520118,257.6028291297896,246.50664210063388,256.1332702636719,7329350
2023-01-02,256.89595275606115,258.5701365308156,253.3615237870766,257.7888488769531,2184945
2023-01-03,257.412743884518,258.94541489000613,251.16923011656112,253.81143188476562,2678225
2023-01-04,253.50113407495436,254.4225960726371,247.83121013424264,249.80581665039062,2709675
2023-01-05,251.23504619628412,251.99667564421532,246.59003055110247,248.21673583984375,2309935
2023-01-06,249.157009577635,249.3168421378956,242.02962520013838,243.46826171875,1599915
2023-01-09,244.47440901122562,249.1194250780595,244.3803746533237,247.97227478027344,2348255
2023-01-10,248.73388928461213,251.5453356360696,247.97225981351326,250.8495330810547,2849300
2023-01-11,250.8683374705731,252.72070236436872,248.06630306242238,250.96237182617188,1445245
2023-01-12,252.27875791592746,252.41982379203162,245.45230010555304,246.8533172607422,2259350
2023-01-13,246.35496814347448,246.91914556529693,238.38134571097567,241.31504821777344,4597480
2023-01-16,242.405766635935,244.76589413907763,238.6446362494435,239.34043884277344,2549280
2023-01-17,240.29012508802737,240.83549276899424,237.4974741143946,239.14297485351562,3167635
2023-01-18,240.33717358407583,242.92296079680594,236.2281128750947,241.4654998779297,2375830
2023-01-19,241.46548410671178,243.97606088064478,239.2652321950126,243.4965057373047,2489795
2023-01-20,243.34602785201446,243.34602785201446,238.15565898175632,240.2054901123047,1984570
2023-01-23,241.1081955318178,243.90084664152866,239.75416678582909,241.57833862304688,1269830
2023-01-24,242.1988897578739,243.1203804994405,237.51628317574819,237.9488067626953,1061495
2023-01-25,238.56000490229087,238.95492336270283,231.31039238885458,235.8613739013672,2130930
2023-01-27,236.01180430611242,241.46545205102072,231.3197716370325,233.38841247558594,2410525
2023-01-30,233.00292975755792,237.87360552315758,230.82145882557793,233.91500854492188,5905675
2023-01-31,234.62020246935035,243.60932135512272,231.9497789184566,241.95443725585938,6053500
2023-02-01,249.7400022788162,257.0554272344675,240.37474609561883,243.97604370117188,7936630
2023-02-02,243.13917340183926,244.3991820602583,235.6357084946955,237.79835510253906,2552580
2023-02-03,239.0583802475516,241.50311587754476,235.07156140104328,240.5346221923828,2600590
2023-02-06,236.95210687816146,244.02304830867806,236.95210687816146,243.28024291992188,2088355
2023-02-07,243.32722577505953,245.03855329334326,240.52517732995528,242.83828735351562,1940780
2023-02-08,244.0606449762287,246.50539444662004,242.60321307603058,245.9130096435547,1715770
2023-02-09,246.07289966664806,247.75599123326063,244.2017106945875,247.30467224121094,1437655
2023-02-10,248.23555006645438,248.23555006645438,238.40015036828913,240.44998168945312,3358630
2023-02-13,240.44997666159023,241.5971269182962,235.63571614008856,236.21868896484375,1789390
2023-02-14,237.32823149656326,239.6789470000856,235.0527406108691,238.87030029296875,1050085
2023-02-15,237.9864387904982,240.31834450831664,236.38794080039435,239.34043884277344,1236070
2023-02-16,241.08936417553193,241.14577904915822,234.38513365309305,236.7076416015625,3304915
2023-02-17,235.05274496328875,237.19659639438805,231.4044441906549,232.08145141601562,2077315
2023-02-20,236.72644226763532,236.72644226763532,232.10023600806184,232.66441345214844,2309105
2023-02-21,234.50737193772807,235.56989993223615,227.73731418466835,228.4801483154297,2163550
2023-02-22,227.73732158350933,229.67430891783602,224.74721826491862,227.18255615234375,3253235
2023-02-23,227.53987282251373,228.53657394321937,224.747221536506,225.72511291503906,1641205
2023-02-24,226.19523591530734,229.80593131927415,225.83792258395926,229.13833618164062,2464105
2023-02-27,229.1383408787477,229.54265704819014,224.16421896535795,226.21405029296875,1437525
2023-02-28,226.6089717014035,228.04760842373074,223.78811313250637,226.29867553710938,13260610
2023-03-01,226.98508155354926,231.5830804695398,226.60897281489966,229.74012756347656,2913235
2023-03-02,229.99400394864136,230.35130293845046,224.35228690343473,227.47402954101562,2720640
2023-03-03,228.61176075381516,231.1223228825259,227.6150597979555,228.84683227539062,1836725
2023-03-06,229.42982437676196,234.8928847025717,229.42982437676196,234.47915649414062,3145920
2023-03-08,234.131229491254,243.51529472243965,229.63666326168183,238.9172821044922,51702925
2023-03-09,240.70385660360986,247.23884247386832,239.77296815035064,242.66903686523438,8022010
2023-03-10,241.64413435493708,241.65354639914682,236.66062911741534,238.76686096191406,1446625
2023-03-13,238.9737085847135,241.43725359618082,235.3912208092202,236.58538818359375,3683830
2023-03-14,235.26900752854863,236.57600472327655,229.99400157188714,233.00291442871094,3141790
2023-03-15,235.25959028652508,235.8331654080928,230.44532982197472,231.22576904296875,1987050
2023-03-16,231.68650505533395,237.11196023859358,231.06592709133216,235.10914611816406,3988570
2023-03-17,236.2939120715246,238.44716103939828,232.58918234949795,234.31930541992188,4182610
2023-03-20,239.75415025268566,239.75415025268566,226.33627768458075,229.37339782714844,3402415
2023-03-21,231.9497790530939,242.33995815867172,229.072505748843,237.046142578125,5079360
2023-03-22,237.31881121927844,237.8547811899469,233.51064959638558,234.34750366210938,1814750
2023-03-23,233.5670890948881,237.73256447076932,232.06263976572674,237.05555725097656,2141185
2023-03-24,235.88019454439439,236.82048073577798,230.37011688898136,231.9121856689453,4290270
2023-03-27,231.68648411374116,231.8745528076323,226.73118680797648,227.4364013671875,1948390
2023-03-28,227.74671573862892,232.11904061693195,226.07299318421096,230.5393524169922,2605125
2023-03-29,230.5393446048536,236.95210284652967,229.71190257352234,235.4100341796875,1649135
2023-03-31,235.63568369258445,241.07053577131637,235.63568369258445,236.83924865722656,4489935
2023-04-03,238.08042760516184,242.78187225442133,238.08042760516184,241.92620849609375,2297460
2023-04-05,240.9013294241339,243.3836700036836,239.66954248333096,242.41517639160156,1710530
2023-04-06,241.84162532288167,245.79081019806,240.7414778283897,245.19842529296875,1428390
2023-04-10,245.19843296689154,245.7908178905225,241.66297621016793,245.36770629882812,630385
2023-04-11,245.36768501222565,246.35497400245356,240.14907960532523,243.5905303955078,2316150
2023-04-12,244.28629806527545,246.73104747181156,242.32110371445762,246.1668701171875,2680600
2023-04-13,246.1575146084486,246.1575146084486,242.96993084624242,243.8350067138672,774615
2023-04-17,244.47439887228035,249.5519383405765,243.7033573428217,248.48941040039062,2927410
2023-04-18,249.59896822162239,252.93697255229569,248.04747312894452,251.8462371826172,2602290
2023-04-19,253.3789283886599,257.61962841560097,251.53597543549654,256.9896240234375,2649705
2023-04-20,257.64779029920084,258.30597331846997,251.21623714674652,251.87442016601562,1972785
2023-04-21,254.89271952110315,256.08690112137015,252.19410325775465,255.54151916503906,1533610
2023-04-24,255.9459020962697,265.499184150398,255.04320672961094,261.88848876953125,3484290
2023-04-25,263.2237174400293,276.3124850915189,262.35864152222194,269.4389953613281,11463135
2023-04-26,270.77422654468916,270.77422654468916,259.8951079870215,264.43670654296875,4680385
2023-04-27,263.28008778675843,265.5367685144516,259.89505234759247,264.32379150390625,5355815
2023-04-28,253.87727838428583,256.69813703300014,246.16691993303024,250.60507202148438,15378245
2023-05-02,253.6703749105935,254.49783124374005,248.54580434909707,249.2322235107422,4445290
2023-05-03,248.80911750600183,251.1880691384712,247.5303420482511,248.05690002441406,2404405
2023-05-04,249.36389990058143,250.30418605602063,247.483327589703,249.68359375,2605540
2023-05-05,249.74001160492415,253.37891447867153,247.53033337421317,248.01927185058594,1867575
2023-05-08,249.92804978618202,254.81754929503805,248.01927002967886,253.48233032226562,3146345
2023-05-09,255.51336674191487,263.2801400560509,253.06864554045796,253.5481719970703,4717955
2023-05-10,255.94590115109145,255.94590115109145,250.21014990504085,254.45082092285156,2721495
2023-05-11,254.0841569720087,257.6196425289237,252.0061323504329,256.5664978027344,1675840
2023-05-12,256.6887413672176,258.51289903873646,252.18479076463365,253.83029174804688,1868500
2023-05-15,254.44147845921418,257.1870983852225,251.25389412923872,252.10955810546875,3314115
2023-05-16,253.87726793025425,255.8142551603238,249.17583704265695,249.85284423828125,5037130
2023-05-17,249.92805156038068,253.99009468624243,249.19462949837148,252.78652954101562,1876620
2023-05-18,254.3379977137287,255.19366157445978,250.01270427478985,253.1438446044922,3189190
2023-05-19,255.17483072671178,255.17483072671178,250.6802645927489,251.86500549316406,3457825
2023-05-22,251.24449363227032,251.60177829778368,245.60277621862886,248.10391235351562,3724060
2023-05-23,248.9784004021217,259.58482799370796,248.30139316456265,256.3784484863281,3621815
2023-05-24,256.26558801127163,261.39954220846425,255.04319883415087,257.57257080078125,4991420
2023-05-25,257.5725608199573,261.0234233837511,255.4475337769771,258.6445007324219,2376370
2023-05-26,258.6445174823788,260.6755390044306,256.6981182701721,260.19598388671875,2622815
2023-05-29,261.0234042811039,267.68061666123674,260.1959479941971,264.93499755859375,5878845
2023-05-30,265.4427825670056,267.26694008914944,264.3520758277153,266.4394836425781,3948785
2023-05-31,266.5993047214846,267.0224449254392,261.66280291986294,263.23309326171875,6080605
2023-06-01,263.23312463691934,266.75919777264204,263.23312463691934,265.20770263671875,2902875
2023-06-02,266.1668191868692,267.83111541598237,264.06997064896353,265.79071044921875,3680045
2023-06-05,267.2293272826981,268.3858608475013,262.83817846816,263.4587707519531,2510040
2023-06-06,264.6811054033469,266.9942296977385,260.6002674765598,264.95379638671875,1777200
2023-06-07,263.28011239291845,268.1696116726032,261.3995401615405,264.85040283203125,3799040
2023-06-08,265.7248456783075,272.49488807744234,263.28009618893105,265.3393249511719,4030580
2023-06-09,265.1606647543294,270.5767215573243,264.9725960671826,266.5146789550781,2435880
2023-06-12,267.98154226028436,274.7986165809407,266.477078740123,273.1249084472656,2951100
2023-06-13,274.2062157683443,274.75159775157596,269.8620987696346,271.4417724609375,3300860
2023-06-14,272.6829651085533,272.6829651085533,263.7032444598043,264.7469482421875,3617290
2023-06-15,265.91288101195704,267.04123573966234,264.0323089292833,265.95050048828125,2747890
2023-06-16,268.2968228361186,269.15524338800867,265.1684428518316,267.3430480957031,6897545
2023-06-19,280.9820167176809,286.3040664388267,277.1287589953781,280.3811340332031,15970295
2023-06-20,280.4097524762452,300.00029231278097,277.74871300179575,297.51092529296875,13814600
2023-06-21,327.2591604139022,342.1285040400333,319.5145147434912,330.8358154296875,67327115
2023-06-22,336.68246218039775,336.68246218039775,322.70012187293986,327.86004638671875,20695285
2023-06-23,322.95760315479424,325.91431023452543,313.19096057043964,319.8292236328125,26775580
2023-06-26,318.3127737370585,326.8490693383137,313.26732629844213,324.9224548339844,9027690
2023-06-27,325.04641543113604,329.7294528351513,316.6532094733944,323.54901123046875,9250910
2023-06-28,326.1909343599391,327.78375085229675,322.2136812129035,324.4741516113281,9058510
2023-06-30,324.4932652040191,337.0544921883609,323.8637703401191,330.9980163574219,13348225
2023-07-03,334.3361642561231,339.1431673956272,332.5049041742466,335.3376159667969,7848930
2023-07-04,338.01772444989706,342.0617486905243,331.9135726140064,339.10504150390625,8948575
2023-07-05,339.1623031476684,348.7000505415461,337.42642613632785,343.7881164550781,13158105
2023-07-06,343.66406090236916,343.66406090236916,337.11163424728284,337.8937072753906,4616375
2023-07-07,338.58996616981045,339.3529741691275,326.5724009857858,327.8313903808594,6705130
2023-07-10,329.80578903206464,330.08236276105265,325.01782101232004,328.7089538574219,6425075
2023-07-11,329.9869878881608,339.0764597995375,329.2716568486288,335.86224365234375,6085610
2023-07-12,335.74773019732584,346.7829095016522,335.67144103499817,344.40802001953125,6537300
2023-07-13,346.69705524125345,348.928884236087,340.11601654773557,341.2605285644531,6218315
2023-07-14,343.35887527524454,345.5239332603044,338.1417267560922,340.2877197265625,4492200
2023-07-17,340.7074020504842,341.8423962805378,334.81308134598487,337.5408630371094,4223875
2023-07-18,339.314871451428,343.58776316250106,337.6362187895683,340.33538818359375,7805875
2023-07-19,340.30682852451014,342.34792051700293,338.17038233990894,340.6406555175781,5968125
2023-07-20,340.49754897387777,343.072752163496,339.16227028947634,340.0874328613281,2878425
2023-07-21,339.2481101228394,356.35882980028885,338.59000328086887,349.3676452636719,15551270
2023-07-24,351.14169566471105,352.50558649469593,339.5437918654678,342.6531066894531,30150490
2023-07-25,349.253181571468,349.26272863182425,342.59585338648424,347.84161376953125,7020285
2023-07-26,348.3185059936536,350.1115778455614,345.0184248218665,347.0118103027344,3995010
2023-07-27,350.607588091788,352.72496910546613,340.7932382074656,345.5811767578125,11626560
2023-07-28,348.3280302640929,350.6647897892034,341.45132321738214,346.76385498046875,5905730
2023-07-31,349.3581103423462,362.0528480836332,346.80197226414674,361.127685546875,7778860
2023-08-01,361.1277443864572,362.62517775505887,351.94288873077033,353.6024475097656,5345210
2023-08-02,354.8041377983128,355.99635600328025,343.67357582970516,349.682373046875,7630985
2023-08-03,348.8907463870609,350.7220064751683,341.73743669536157,346.8782958984375,3816705
2023-08-04,348.1277556879276,351.69486365118166,343.74993343114494,350.41680908203125,5455600
2023-08-07,351.16076334792865,354.80418970094235,349.68242420026564,353.812255859375,4926185
2023-08-08,353.83133261640705,357.6178191677321,350.989073660997,355.07122802734375,9859755
2023-08-09,357.28399901405555,357.8371755184261,350.98908033877495,352.6867980957031,6340300
2023-08-10,353.7836429417741,357.4556813628903,350.98909005282326,353.0301818847656,5397960
2023-08-11,352.89661437095293,352.9061614314927,344.1409702216736,344.8753662109375,5133290
2023-08-14,344.8753501155565,347.04040795392933,338.50414284720983,345.9435729980469,4598320
2023-08-16,345.9913218571852,346.5349513186712,335.74776171630117,342.59588623046875,9040420
2023-08-17,345.63844143746053,356.7117521795315,345.63844143746053,351.82843017578125,6805160
2023-08-18,353.278142682192,353.278142682192,344.8944549281948,347.25982666015625,4286650
2023-08-21,347.1739626154902,353.8503849734804,346.1534167836863,351.6090087890625,6865250
2023-08-22,353.65011028924505,353.65011028924505,349.21506399231447,351.952392578125,4892080
2023-08-23,352.70585443150645,354.1079043332866,347.39335174464935,353.3162841796875,2475480
2023-08-24,353.8503825111093,368.49082868705773,353.8503825111093,357.7608642578125,8085270
2023-08-25,355.7579797089162,358.5620797863799,350.41683531818074,355.5958251953125,4806385
2023-08-28,356.70218430363144,356.89295088294745,352.16223660622325,355.1570739746094,4670145
2023-08-29,356.13947975879074,358.23779581578646,352.2862216845327,357.1409606933594,2919905
2023-08-30,357.0932500709626,366.24949322291434,356.2920827973648,359.4013977050781,3644915
2023-08-31,361.4806205151145,369.8738264463223,360.35517332607833,367.832763671875,12639870
2023-09-01,368.1570495317502,369.2920438005681,363.7410678297454,364.7330017089844,3756035
2023-09-04,365.67718607157116,371.0183298027057,360.38374853590875,361.270751953125,7899565
2023-09-05,363.1592876703946,368.14751104692624,358.657469629763,365.0096130371094,6793595
2023-09-06,366.2304275603929,367.58477136328816,359.00079888103073,361.0227966308594,6908360
2023-09-07,361.4806567830343,362.5870390670713,356.83577806669894,361.232666015625,6035475
2023-09-08,364.3418893502888,373.8700880847996,362.96845162732814,372.70648193359375,7287555
2023-09-11,376.13055620937564,376.13055620937564,369.7116714568252,373.3455505371094,6565460
2023-09-12,375.7585838929541,375.7585838929541,360.7843108880628,364.561279296875,6903070
2023-09-13,362.82545236248615,366.2495001865065,358.0851907400673,364.4087219238281,6517920
2023-09-14,366.2494642415436,367.7278033008033,363.50258860262926,365.3719787597656,5225585
2023-09-15,367.76599900700234,368.8533161833998,363.57894302825844,366.6787109375,6773145
2023-09-18,365.51514428908774,367.1270261055187,362.71104391653313,364.8188781738281,3166810
2023-09-20,362.43440665712535,371.01837944637305,361.089580760649,365.8489074707031,4028295
2023-09-21,365.2385449379357,367.01255219515485,360.71766144395275,362.4916687011719,2504980
2023-09-22,362.49159227400355,368.09979189048914,358.8100360849008,360.7080383300781,2804785
2023-09-25,360.70805704718055,373.75568799100813,354.9281846789001,371.1232604980469,10327105
2023-09-26,370.4460483859417,370.65587996197223,356.9024665458951,359.4967346191406,5973300
2023-09-27,362.05290324553533,364.990516687359,358.66698539716253,360.98468017578125,3216495
2023-09-28,364.20842581153045,364.799790628645,354.1079543205936,356.9883728027344,21636670
2023-09-29,357.2268427169425,368.3383139679867,355.87246961438416,366.12554931640625,6908925
2023-10-03,369.6831300514735,370.0455691440969,358.81010280726207,366.62152099609375,11039535
2023-10-04,364.15119057437533,366.2399596207256,351.27523135506857,353.0111083984375,6700835
2023-10-05,353.2780863608075,357.2744040409876,347.74620563137995,350.51214599609375,7397385
2023-10-06,353.07787481084307,355.3764754367166,350.0353310489234,352.6772766113281,6311950
2023-10-09,350.99867694511016,351.1512844074521,344.05519749648704,347.345703125,5354120
2023-10-10,350.98906036300576,361.81440812764527,346.2583463949992,361.0704650878906,8377560
2023-10-11,363.779178788473,366.3448348270615,359.6779304867323,362.16729736328125,4561415
2023-10-12,364.06535118192267,364.06535118192267,357.66553076797834,358.2568664550781,3313985
2023-10-13,357.6368698753337,359.9068581245432,356.78799649353203,358.80047607421875,2983920
2023-10-16,358.8004938845189,359.57304903532724,353.9648493428723,356.244384765625,2463960
2023-10-17,358.32362124432706,361.0800150061485,357.0932437249662,360.2311706542969,3378270
2023-10-18,360.2216396488426,360.68900906780476,353.3830910091537,355.98687744140625,2524565
2023-10-19,350.4168128998814,360.526830366457,347.83209165750173,358.39990234375,3099700
2023-10-20,357.95164798940647,359.7161370783568,355.94874432254437,357.98980712890625,2206225
2023-10-23,357.62735935832876,365.48648281078886,355.9487356508715,358.6192932128906,10365280
2023-10-25,357.0073854674928,359.92593355612473,341.8328273546046,346.4395751953125,6849205
2023-10-26,346.43961785920044,346.95463527457684,335.8908713023882,342.9010925292969,4792965
2023-10-27,353.08739435442027,387.1752917342038,353.08739435442027,369.1489562988281,25056665
2023-10-30,369.11081185434205,369.14897099257774,355.8056430400907,360.9465026855469,10187990
2023-10-31,362.8158825727776,363.76013929898295,356.8452728666548,358.5906677246094,8455335
2023-11-01,359.38231580438725,363.76968549587485,357.8849115612648,362.8636169433594,3794295
2023-11-02,365.00957191784215,374.8334392163796,362.96848018591527,372.89727783203125,4288760
2023-11-03,374.3565431299982,386.84144957238567,372.3631576415725,384.0945739746094,9322270
2023-11-06,387.0617035065788,387.72641271963664,381.8692691319535,383.6996154785156,5634155
2023-11-07,385.3180856557422,386.37773982695023,376.52275612215425,382.8711853027344,8807090
2023-11-08,382.87116169000774,383.9212023541645,379.7980942256545,381.41650390625,3525375
2023-11-09,379.55724417187895,379.55724417187895,373.777184615962,374.4322509765625,4975345
2023-11-10,373.77721699135947,378.77697129220275,371.25326213715,376.1277770996094,2430100
2023-11-13,377.12965117623423,380.1352776123119,371.88906119577405,379.1333923339844,2779500
2023-11-15,382.4954167311528,393.2752297991236,380.53983115522334,392.2251892089844,6346865
2023-11-16,392.427483055073,395.16340369229164,388.32366089704954,392.2251892089844,3184495
2023-11-17,388.9883831094287,388.9883831094287,381.69586757694793,384.3354187011719,5468870
2023-11-20,384.37395006882736,387.22543780757013,381.0600469945173,383.20831298828125,2862980
2023-11-21,385.33727924694057,389.1521100797929,381.5224484140882,385.3083801269531,5089455
2023-11-22,386.2910319307709,387.2640181003144,376.3300654408354,380.92523193359375,2639075
2023-11-23,381.0986407596028,385.1254089662456,379.5572854970922,380.4917297363281,1529325
2023-11-24,380.49168727645684,381.48392965490615,373.98912029370274,375.2221984863281,2379295
2023-11-28,376.05066774841396,379.5572513905005,372.7271510798952,378.7287902832031,3604165
2023-11-29,378.7287901700868,381.75367277354576,377.63056472243045,380.3953552246094,3299720
2023-11-30,380.14489693948593,389.1907049101342,379.8077502934653,386.72454833984375,11002290
2023-12-01,388.0346832653603,391.0981374113568,384.7593218087841,385.9635009765625,3034950
2023-12-04,390.1539997849366,406.14550293985263,386.73414315132067,403.53485107421875,9360830
2023-12-05,403.53488933505395,404.38260674457626,393.6316919810727,398.8144836425781,8296900
2023-12-06,400.1728229364598,401.54078343317025,394.00743135734854,396.0690002441406,3598450
2023-12-07,397.0804712604792,398.824120255578,391.11737397044607,392.04217529296875,3904160
2023-12-08,394.9707554903024,396.41577044941323,388.16955410133295,391.4256591796875,4218365
2023-12-11,391.42567806713254,398.419530815448,388.3140684547638,394.41204833984375,4948465
2023-12-12,397.8607694819621,397.8607694819621,383.0349024834972,384.422119140625,7159045
2023-12-13,387.254320676982,387.59149667425174,380.7228550055692,384.4317321777344,7973270
2023-12-14,386.4933815157544,410.3842859325463,386.3199573616274,408.13006591796875,11924520
2023-12-15,407.8795423566676,408.7658311173567,398.84337760924853,400.30767822265625,11228265
2023-12-18,400.13425607771785,400.471432110056,393.6027897269918,394.5854187011719,4203410
2023-12-19,396.66623436971054,401.2613711852432,393.04405426588556,396.81072998046875,11070960
2023-12-20,397.090101344971,406.90657146222856,383.41061536873633,385.0964660644531,9435625
2023-12-21,384.8171252539817,394.5661552241543,379.94261026889546,388.58380126953125,9405990
2023-12-22,391.09811245837744,398.6314345081875,388.5163301442161,396.0207824707031,6928875
2023-12-26,399.20942760857554,400.1342288753116,390.75127524681983,392.2251892089844,4822975
2023-12-27,393.24637106521425,397.95713404311016,392.2348723319865,394.9515075683594,3750095
2023-12-28,397.82225191743566,397.82225191743566,392.2926706304514,394.1326599121094,3288345
2023-12-29,395.45242892527756,398.4387990673444,392.6490963641019,395.6065673828125,5291010
2024-01-01,396.04002191054553,396.89741149831355,393.2559752580958,394.7491455078125,1523610
2024-01-02,394.9707444361663,396.8492755899974,388.4200218977621,391.12701416015625,5389635
2024-01-03,392.0807148710203,404.2188460760464,390.92469117572114,402.6871337890625,6787670
2024-01-04,404.60416436403847,414.71926847313944,402.7160198286991,413.88116455078125,7695105
2024-01-05,414.81562907002103,419.39150972527796,408.3516037866039,418.55340576171875,8114435
2024-01-08,420.7883569488141,428.6877840550079,416.8482862367165,423.1678161621094,7487975
2024-01-09,425.1426993822177,428.31207787455855,414.35324197311155,417.6767883300781,5463445
2024-01-10,420.01763859238736,421.53009448433943,411.4824318829231,414.2375793457031,2470725
2024-01-11,427.3294506910803,441.1823320415122,424.6417146538214,439.23638916015625,14663945
2024-01-12,441.7507019042969,443.7351867531168,435.45042848192935,441.7507019042969,5187280
2024-01-15,441.7507019042969,441.7507019042969,441.7507019042969,441.7507019042969,0
2024-01-16,447.9546642795562,449.87170816634983,442.1842469365943,445.0068359375,6647950
2024-01-17,441.9818915302612,446.5770578579672,431.57779571456115,440.8258972167969,5308645
2024-01-18,437.55051647883266,440.6909954866646,423.2063213561969,434.54486083984375,7883550
2024-01-19,437.5505424977509,447.36701316367066,437.5505424977509,443.4943542480469,5296785
2024-01-23,440.64289030470707,445.8256822909688,433.04209707456556,439.188232421875,10999270
2024-01-24,430.39288334293946,446.02795596837393,425.711048931722,443.6099548339844,8501730
2024-01-25,446.56739825514575,453.33970018184647,441.59654351679234,444.5154724121094,5327820
2024-01-29,468.57017904103867,470.49686565666707,443.5521521611481,464.1387939453125,17895075
2024-01-30,464.13877187803024,481.00692180351706,464.13877187803024,472.6065673828125,14238795
2024-01-31,472.0382051190059,477.7412102469817,462.5011125688312,475.2750244140625,9573360
2024-02-01,464.52410152493087,469.90918647028633,460.20831341716865,461.8652648925781,10601720
2024-02-02,461.92312234592697,466.47974683713704,459.63036053848737,463.4644775390625,4405185
2024-02-05,466.06547813779434,468.6472605324808,452.2318824209799,454.1393127441406,1993400
2024-02-06,456.63528670916804,465.12947581910527,449.60195298537445,463.68798828125,7511415
2024-02-07,463.97819157121626,475.81974076356744,463.6879691004852,467.0159912109375,5230250
2024-02-08,469.21211338405624,469.21211338405624,452.92029839213575,454.3037414550781,4430985
2024-02-09,454.3037206240127,455.4840078917433,443.3812288166185,451.6239013671875,2903050
2024-02-12,451.79806199725584,455.27119559048117,436.28987702444067,437.7217102050781,2845040
2024-02-13,438.64077082458033,453.4427379964209,432.49747217111184,450.9563903808594,8984610
2024-02-14,442.12357177180786,465.2649323265114,441.1948303035594,463.0784912109375,3686385
2024-02-15,471.5727026249366,476.6421190539863,466.6967580186724,471.65008544921875,5721585
2024-02-16,472.1144213558755,475.94550552470423,470.9244501979417,473.9332275390625,4596560
2024-02-19,473.93323731754856,476.3615402530927,467.5770994688281,472.0950927734375,3451410
2024-02-20,472.0951213176669,473.0528850565051,463.46547517128107,467.5964660644531,4396705
2024-02-21,467.0450615560473,467.2869234812836,453.74265566805053,455.8516845703125,3665875
2024-02-22,456.46119322856083,464.31686404087236,451.42076931802603,463.4461669921875,2571220
2024-02-23,464.08465759104814,475.4037775785373,462.07234991049916,473.1689758300781,5723325
2024-02-26,474.0300304872583,490.4959795671051,473.6527117159942,480.85052490234375,5989015
2024-02-27,478.8866236109495,485.532984754169,436.705896919375,459.03460693359375,20513770
2024-02-28,462.82696379638986,471.7178103296317,446.55448674743394,454.4682312011719,11119410
2024-02-29,464.181398572732,475.03616303942266,454.92294644385896,471.8435974121094,20232355
2024-03-01,477.8223867457926,478.6640614744601,471.1470038891559,474.13641357421875,5500370
2024-03-04,475.9842518565328,476.9516995229079,468.0511691825934,473.37213134765625,2666695
2024-03-05,466.50327579117686,475.18128252567743,466.50327579117686,470.46978759765625,6190170
2024-03-06,472.88841513877287,474.62983868082057,454.48757085634276,459.46026611328125,6744720
2024-03-07,459.4602494929821,475.09417748687156,459.4602494929821,473.9622802734375,5963990
2024-03-11,473.2754223999077,483.70450733129377,468.3704555191531,480.0378723144531,11377355
2024-03-12,480.6280194880693,480.6280194880693,466.3485110984071,468.58331298828125,7206710
2024-03-13,471.1276690066658,472.0564104874121,445.0452590066738,449.1665954589844,8118855
2024-03-14,447.9282719698934,450.43395789654505,438.47631884665606,443.3812561035156,10111785
2024-03-15,443.8649683393701,447.9282602637372,435.5449422000189,438.60205078125,7257360
2024-03-18,438.2537867761129,451.3917129122369,438.20542620313023,446.7576599121094,5870405
2024-03-19,449.47616312920775,453.32658570114455,440.6820679438037,442.5105285644531,6619825
2024-03-20,443.0910249215681,450.4242651381552,441.1561296162337,447.7734680175781,4526425
2024-03-21,449.4181306710683,455.6581501751286,443.09101489897785,447.1156005859375,8698620
2024-03-22,452.5720015805174,456.38374770636057,446.0223915793483,450.966064453125,6367775
2024-03-26,441.34963433866034,462.3238925234202,441.14644907264847,459.0635986328125,10693585
2024-03-27,466.3098030120883,470.1795939084542,453.7329825988992,461.7337646484375,77232200
2024-03-28,459.35385056514167,463.3203921305561,452.426921332055,456.59661865234375,11625440
2024-04-01,458.76373473955067,471.5340273217098,457.8059413908711,470.5182189941406,4228910
2024-04-02,470.17957731183697,478.17070467848964,470.1698933872062,477.1355285644531,4433110
2024-04-03,479.27354443562234,496.64889540203234,475.7520504558487,494.64630126953125,11588495
2024-04-04,498.2258354586678,498.2258354586678,481.0149637261301,483.5883483886719,7019985
2024-04-05,485.76512710237324,489.91548580244,483.3561918930128,487.37109375,3253480
2024-04-08,492.03421243677946,499.2610477933455,488.9480519730846,497.11334228515625,3678905
2024-04-09,501.13787576279736,504.1659915892449,488.1934216611207,493.4756774902344,4766875
2024-04-10,495.3235047111559,496.54249817779373,487.49685689456476,489.15118408203125,3504425
2024-04-12,487.58392152847074,487.58392152847074,479.6411847540347,480.93756103515625,4144555
2024-04-15,482.3693898722496,482.3693898722496,465.9324347103698,467.20947265625,4750690
2024-04-16,464.37484726115616,469.0185839241047,458.25091695352904,464.51995849609375,4033025
2024-04-18,468.2253394369525,472.549831753447,456.8481452568251,458.85076904296875,6791185
2024-04-19,454.6714075912118,460.2439159238149,449.8825295523609,457.9026794433594,4797160
2024-04-22,462.4400036601208,470.624602989516,459.34415918997024,469.1444091796875,3489700
2024-04-23,472.4917593766414,475.28766765814726,467.68354350317713,469.58941650390625,2892585
2024-04-24,469.59906209410724,480.18294126672873,467.8576682127978,476.1873779296875,8459300
2024-04-25,475.79074295066704,484.5558163067672,468.6800263351664,482.1468811035156,14587660
2024-04-26,486.1424451864371,490.8732783768628,452.18502669246305,483.45294189453125,20810260
2024-04-29,497.2584299330221,498.6128803216127,470.22793904738603,482.2146301269531,11904615
2024-04-30,482.3694078376756,498.9708131799482,480.6279843400289,493.72723388671875,13426225
2024-05-02,492.73077513724724,502.879291844444,490.4959733602016,499.60931396484375,9243475
2024-05-03,503.07279477482217,514.2951642697016,498.2646081371874,500.85736083984375,7622145
2024-05-06,503.0727716436355,504.80448165786055,483.50129530272534,492.92425537109375,4326785
2024-05-07,492.92424121239435,496.30062392351965,472.4336783945018,480.97625732421875,7825870
2024-05-08,480.5312683790306,483.33686071066165,470.71165093208236,473.6623840332031,7324775
2024-05-09,473.662400179435,478.72213275876004,455.51307186611626,456.8094482421875,4104015
2024-05-10,459.3441352485242,465.6712511853827,451.04344735086613,453.607177734375,10984650
2024-05-13,453.73293770611434,455.60010454307275,440.9142566301953,445.3741760253906,8390345
2024-05-14,453.7329605553417,467.82868029634557,448.2765414849557,450.8983459472656,12376035
2024-05-15,452.37850821785355,453.15245449597995,445.61602934936445,448.89569091796875,4269680
2024-05-16,452.18501788079385,453.88773516306185,438.25377786668463,452.5139465332031,12445545
2024-05-17,453.5394611637627,461.79178870392116,449.08922544930726,458.8797912597656,4729135
2024-05-21,458.5701700812514,462.3432098796199,454.4391793887523,459.1990051269531,3935580
2024-05-22,459.1990446285806,460.47608267762394,451.2369689577526,452.1366882324219,3465540
2024-05-23,453.92645489179625,466.2517286598929,450.54038807426116,464.4619445800781,5512760
2024-05-24,464.345845371005,469.97639772668674,457.15771648511327,463.8911437988281,4877325
2024-05-27,466.3097516228171,468.9218719996622,459.73111963365227,460.50506591796875,3398210
2024-05-28,462.44001243804564,470.7600687758637,459.5376692637483,463.1559143066406,6493910
2024-05-29,459.547322014229,463.92017480482923,456.2483219536739,459.46990966796875,2197930
2024-05-30,457.7962617405004,460.50510348072277,443.47801811946056,445.5483703613281,6688165
2024-05-31,448.6828833054527,461.92724439052813,447.6670750523483,455.4840393066406,12916455
2024-06-03,474.0493396817617,492.8081634379076,469.2604620936804,485.4942321777344,15161795
2024-06-04,491.46342790942924,491.46342790942924,424.3225639384456,437.42181396484375,17788625
2024-06-05,433.78417711964846,463.96852574341176,431.4816470148518,461.9465637207031,7114095
2024-06-06,470.17954738958355,490.49594758542975,464.3845455433563,478.8478698730469,10501485
2024-06-07,479.72827243394784,485.0686024793308,475.99393859128855,483.3271789550781,3706890
2024-06-10,485.6587023675442,493.882007088907,480.86017046748975,487.4194641113281,4849020
2024-06-11,486.61653755340393,493.7950128966636,481.7889826966057,490.1090393066406,4681350
2024-06-12,490.44761309563586,499.8705440493749,489.63493106332413,496.677978515625,3510365
2024-06-13,501.5248659950023,521.967038773262,499.41577823699987,519.3839111328125,10022455
2024-06-14,524.7436118226291,531.5157451512115,521.4639502247625,528.6423950195312,15318425
2024-06-18,531.8930506480453,549.7327886289169,528.6811171926764,547.5270385742188,12393205
2024-06-19,547.5368029219896,547.7689809567636,534.0312097654501,540.0777587890625,9175135
2024-06-20,542.6510825394543,552.3159350034679,534.9502363671343,542.77685546875,6948810
2024-06-21,543.7056081543736,549.897297062293,540.8032650503467,545.9597778320312,9672340
2024-06-24,545.505049104531,559.1847738332248,537.8718725357986,557.6852416992188,5367855
2024-06-25,557.8787068881179,580.4685857301212,553.6993259850628,578.504638671875,15844875
2024-06-26,577.7210499184326,591.9715948740289,572.4581320013817,578.3499145507812,9032225
2024-06-27,577.9628904858627,579.8204325396914,565.7537055312577,570.997314453125,12298175
2024-06-28,570.9972701576759,574.5284184742789,561.1196088886392,563.3447265625,6005455
2024-07-01,561.5162973989454,569.2462541751667,561.5162973989454,565.811767578125,6673330
2024-07-02,566.3438858145624,568.8592261202563,544.7988074536273,546.5885620117188,12638725
2024-07-03,549.5102351034838,558.2172634766023,542.8445069884673,551.5322265625,7945600
2024-07-04,554.9183323679448,554.9279572440104,545.6404832756672,548.3009643554688,3958315
2024-07-05,548.5428273173676,555.7503242478682,544.5375798034536,554.511962890625,6163345
2024-07-08,552.606178879632,552.606178879632,541.0161144244277,543.3380126953125,4065755
2024-07-09,543.4928174267346,544.469890039419,536.9625452092938,540.2228393554688,6359760
2024-07-10,540.60001431717,542.6703663189514,523.3891430516629,534.4373779296875,8300735
2024-07-11,534.4373765410206,538.9553992622768,525.1595872997153,529.9677734375,5689115
2024-07-12,532.0962542141319,553.3801043826973,532.0962542141319,540.6871948242188,9030805
2024-07-15,544.286016148285,558.9912320185025,543.1638028722919,557.6948852539062,7400215
2024-07-16,558.5848744983604,561.1195823707217,542.1576338961396,544.3827514648438,4907090
2024-07-18,537.3204987071077,556.079265519168,537.3204987071077,554.7926025390625,4119020
2024-07-19,553.3800214600732,556.4468137867345,539.7099822900002,543.8699951171875,3677715
2024-07-22,541.7513036725658,551.048520251631,534.8147207153756,547.072265625,2717785
2024-07-23,549.9122981236264,549.9122981236264,518.0885502090009,532.8333129882812,12227465
2024-07-24,532.794374886714,536.8793382460185,518.4581498816705,529.9251708984375,5130575
2024-07-25,525.1108344409665,527.1532865290806,512.6614104419282,521.1231079101562,10445410
2024-07-26,526.3362627632152,592.1234500831455,523.2628491002271,568.9754028320312,32196680
2024-07-29,577.7289113986426,590.518725017501,565.0850126643288,572.476806640625,12753435
2024-07-30,572.476803214504,579.9464817386603,562.5562532960196,566.4563598632812,9486875
2024-07-31,570.7067237944725,573.2646272031108,567.2345074915957,570.327392578125,4655790
2024-08-01,570.5122020489443,583.3700464642394,567.9931221593663,581.4734497070312,8859720
2024-08-02,572.8658248502501,588.0190665163865,568.0027872878541,582.0277709960938,8905205
2024-08-05,559.4438945568894,572.2531198248707,546.2358669357828,562.44921875,9480440
2024-08-06,568.0319512341504,571.980735062938,549.5232031710398,551.8185424804688,5917390
2024-08-07,562.1867112937597,570.3565802038452,558.3837820140657,568.9852294921875,3986695
2024-08-08,568.0028381921294,568.0028381921294,556.0591883741371,558.7047119140625,4434050
2024-08-09,566.0575828047615,578.3805035956563,560.24140876806,575.4140625,4568775
2024-08-12,573.8287475644719,586.4823819195979,569.4812200933615,578.9154663085938,5709795
2024-08-13,579.6741231295866,582.6795066998731,556.4287780037521,562.4298095703125,7249815
2024-08-14,564.3069716637862,567.3415027895071,557.1096512923974,563.1593017578125,3626125
2024-08-16,566.6412054165835,581.9889829603387,564.5111922424228,579.9659423828125,4976095
2024-08-19,589.0110822480161,600.0988315684881,586.1029953014204,598.2703247070312,9092170
2024-08-20,606.5180923884843,617.9949098764912,593.7380732871169,614.6588134765625,12149555
2024-08-21,610.7878665294394,620.5236785706522,606.2944239509196,614.5032348632812,5227030
2024-08-22,615.6605916271006,616.0399228264693,607.5490183758783,611.497802734375,4610695
2024-08-23,614.6880218297974,615.1354427101303,606.4597399136445,608.1812744140625,2466965
2024-08-26,610.7975567407498,618.529798830103,605.1564446817188,615.106201171875,3366050
2024-08-27,613.5014834214871,635.8714594247273,606.1291007952283,628.1975708007812,9915805
2024-08-28,627.3318518937892,631.8058227511418,620.8639881250874,622.8286743164062,3352220
2024-08-29,622.2743916733939,634.5292842539651,617.5183257954823,622.566162109375,5976425
2024-08-30,622.6147825769249,627.2151975559597,617.9948964495326,623.34423828125,11026125
2024-09-02,626.3495315275254,633.8288860200811,625.2018617331354,627.3804931640625,3165735
2024-09-03,624.6086071844402,638.6238564592553,620.5333790011955,636.3966064453125,7181415
2024-09-04,629.6758631628658,638.4099198190306,627.5264383492232,631.01806640625,3467420
2024-09-05,631.6016742793742,640.7538858301283,628.1391935394207,631.319580078125,3368300
2024-09-06,632.953544578845,635.4920359356792,626.3981200887878,629.4035034179688,3058060
2024-09-09,639.9758191664413,646.4339480629625,625.60064993153,644.9750366210938,8095085
2024-09-10,647.3481325346795,649.2933475829471,628.3336673105143,634.1498413085938,6190070
2024-09-11,635.1224315893897,641.531881755996,632.9924187948358,638.0110473632812,2946285
2024-09-12,641.9210364929469,663.7852370427063,641.0554014541303,661.5191040039062,9163615
2024-09-13,661.3148240819345,666.2362162390385,654.5649248596685,655.1971435546875,4786700
2024-09-16,657.0936675924071,669.1248187963477,654.0980789406419,665.059326171875,4724820
2024-09-17,664.2909353808134,674.357399455705,662.8222885292157,666.1583251953125,8030320
2024-09-18,670.0293985980911,698.3225204054258,669.1540280138169,695.3560791015625,10582475
2024-09-19,694.7432929066568,704.8778469011069,680.8252813159985,685.7564086914062,6428925
2024-09-20,688.4117224262945,697.5542586078956,684.1322841379014,687.0695190429688,6407140
2024-09-23,690.7361731484289,702.6117329598283,688.6061601936386,693.994384765625,2935070
2024-09-24,696.6788144933276,696.6788144933276,681.2143892160996,683.9960327148438,6681865
2024-09-25,683.996131977871,688.5674002502266,672.6554924322013,685.503662109375,3801635
2024-09-26,688.0420253078404,707.474764775462,686.5733783902042,705.8115844726562,5359390
2024-09-27,703.778734645549,710.4411313676678,699.4603551465644,704.3720703125,4967200
2024-09-30,702.9910227980023,709.0212017646179,694.0527566180638,695.7937622070312,4405700
2024-10-01,695.8034413310461,705.6851075828553,692.0686023463436,694.5195922851562,3381135
2024-10-03,694.4417459330036,695.3948822743188,661.3828269377584,663.2210693359375,8036680
2024-10-04,662.7348015632858,664.1937128734222,644.9360360890186,648.9821166992188,8827525
2024-10-07,655.4986225134642,663.901906844053,633.3620646118658,641.7945556640625,5480765
2024-10-08,637.6415199072186,656.1307999130189,637.6415199072186,647.6204833984375,9122180
2024-10-09,652.522488364254,676.9349163434035,649.7019024675194,659.0292358398438,6569580
2024-10-10,661.3732008925452,664.4758216653804,646.9591484200901,649.2448120117188,3740385
2024-10-11,651.647101633803,653.1838382862336,643.4869095019828,649.935302734375,1799620
2024-10-14,655.1484038574455,667.2087608899703,652.3764961617312,660.4588623046875,3844085
2024-10-15,665.2636125190311,668.881684373455,655.2651776844689,661.5968627929688,5209855
2024-10-16,664.6800780547816,665.652685684734,654.9734135408406,659.5057983398438,1607350
2024-10-17,657.288205528344,658.6401443422427,631.4071314875107,633.8677978515625,8237815
2024-10-18,620.0858953593496,656.2961126948286,611.9160280351795,650.6063232421875,9380205
2024-10-21,652.9989604406156,658.1635038655273,636.4743685955127,644.508056640625,5627980
2024-10-22,644.5080659075661,659.6224245925677,630.2496659429468,633.0702514648438,19691260
2024-10-23,622.4688131866097,634.2373404406183,616.6429036363116,622.0311279296875,9660305
2024-10-24,620.5236662395905,635.3073140477309,619.6580312040805,631.2418212890625,7501270
2024-10-25,633.0313986051614,633.0313986051614,589.0111670228788,601.5870361328125,15251890
2024-10-28,615.4660690552524,650.5091489020685,611.575638708047,634.0039672851562,21602980
2024-10-29,630.6581603355825,639.1295933242832,615.1547938749674,635.268310546875,10906400
2024-10-30,625.7854628602425,634.0818346209539,617.985189863121,619.7066650390625,6964385
2024-10-31,619.5510316027887,619.5510316027887,600.6046548445214,610.5836181640625,8075010
2024-11-01,614.4934351700851,615.466042715262,610.7975383710639,612.9275512695312,286730
2024-11-04,613.7932009034189,616.5651087281285,604.7576386002667,612.3342895507812,4842960
2024-11-05,614.2211834739489,617.8003723936787,594.2632561057109,615.1354370117188,7606175
2024-11-06,619.9401289857902,622.4688850861492,610.0778733405244,619.8817749023438,4294660
2024-11-07,625.6012562283332,625.6012562283332,598.9819585576894,601.3618774414062,5846920
2024-11-08,604.2705753825591,604.2705753825591,587.043451154117,589.1785278320312,3851745
2024-11-11,589.5800648271504,598.7958996719584,579.3554513450907,587.5136108398438,4101875
2024-11-12,590.4516556301595,592.5866723884437,572.4704592514186,574.1451416015625,5430660
2024-11-13,574.0080663887625,574.0080663887625,556.1345846485146,558.994384765625,6755505
2024-11-14,558.788718703435,561.5701526883645,545.1167073031418,552.8733520507812,7172685
2024-11-18,552.8733083020496,561.5308952418563,548.4465420840736,557.8778686523438,4841895
2024-11-19,557.8484627969935,561.3742264577525,548.7795576244519,553.29443359375,5942545
2024-11-21,555.4882424409424,555.6939314269305,542.1785929404658,548.8775024414062,4777400
2024-11-22,538.6528803162294,561.1783644021808,537.7812276727666,558.2500610351562,8194990
2024-11-25,573.3127163207134,590.5593865467773,573.3127163207134,577.3966674804688,13791540
2024-11-26,580.7167665743713,603.1540804337268,577.6317308129992,596.7000732421875,10105100
2024-11-27,593.2820252294717,600.6860505280579,589.0608885665057,591.3428344726562,4064750
2024-11-28,595.4562458715993,602.3118276497263,585.907399823494,596.1809692382812,12057145
2024-11-29,598.8840441165546,600.6566993213489,586.0934894901557,591.47021484375,5600545
2024-12-02,591.4702687001799,610.1174315443083,589.7172198408085,606.0726928710938,5433440
2024-12-03,613.280802655011,628.1476150328787,612.1153513004912,618.0894775390625,9872220
2024-12-04,616.1306918468589,621.595586491889,611.0673718846253,613.535400390625,5743725
2024-12-05,617.4823098908427,618.7750840573736,601.9201231768726,612.3602294921875,7117350
2024-12-06,612.4973178529118,616.6596355683831,605.9550811702446,612.3699951171875,3193785
2024-12-09,607.3262273416813,619.6172948761953,606.3272519520684,608.5602416992188,3963995
2024-12-10,612.1936784324243,626.2377937549716,608.9715167767819,624.1517333984375,5630900
2024-12-11,625.9145598508305,640.0371006172967,622.4867691401996,636.2469482421875,7350105
2024-12-12,634.5331045951252,639.5278618415551,631.0171441068684,636.2175903320312,5108345
2024-12-13,635.0325619641605,637.5005907197465,610.6561154799114,619.4606323242188,6003130
2024-12-16,621.7032503213941,626.2083822904011,612.4972202364123,614.5440673828125,2943305
2024-12-17,614.0642562676927,614.0642562676927,580.8146725417123,583.0966186523438,10413170
2024-12-18,583.0966816455584,594.0851724102764,569.7674847785881,574.1844482421875,7447675
2024-12-19,562.1577591232837,578.3173462757823,558.8866406346392,576.9364624023438,7354675
2024-12-20,578.4642383822537,579.9234884127261,556.9964300321067,563.5778198242188,12499100
2024-12-23,569.2091885903387,578.6111056567343,562.7061650685176,564.6845092773438,4691250
2024-12-24,564.70401837843,567.5638182736415,559.2391835884961,564.6942749023438,2020780
2024-12-26,566.5257020678895,575.0755726315139,562.3829313633479,573.3029174804688,4462340
2024-12-27,575.2616605445685,575.8394546721115,566.1730892298407,567.8184814453125,1524915
2024-12-30,570.5411463224099,581.5198932555709,567.1133551584146,571.7555541992188,3452720
2024-12-31,567.6225868091725,570.5214802055219,564.3221187296188,565.90869140625,4075070
2025-01-01,567.838038336789,574.1060227885005,564.6844993818739,571.6869506835938,1297175
2025-01-02,575.3400513901702,601.1170469304906,574.223556544759,599.383544921875,7297085
2025-01-03,599.3737430588739,606.8169224936768,594.7021344626169,597.091796875,3652225
2025-01-06,593.6934026853357,603.5556540759541,578.8069843641017,581.6569213867188,5430225
2025-01-07,583.1259881548282,591.9305644410158,577.8276289097939,579.4729614257812,2781710
2025-01-08,581.7451304525792,581.7451304525792,556.4480148607888,567.7891235351562,4976035
2025-01-09,568.7684292034726,572.7642706349211,548.6424123680746,550.3758544921875,5408205
2025-01-10,554.3227720332325,554.3227720332325,518.0861243914841,521.0242309570312,5999299
2025-01-13,519.1144538548174,529.5447561556749,508.04759765859717,510.3490905761719,5558523
2025-01-14,516.0784326724105,536.204450787893,507.6068681240192,532.8745727539062,6987503
2025-01-15,533.7560029253834,534.6864152526408,518.1840148929687,522.199462890625,4072535
2025-01-16,524.5009606168333,542.3254851307172,524.5009606168333,535.5188598632812,6194466
2025-01-17,535.2740286393948,536.2533974813939,513.0423439708304,515.6376953125,5347916
2025-01-20,500.4575023687003,510.7408757050435,483.1716474523454,506.0399169921875,12701612
2025-01-21,507.31304595702204,519.7999983430298,502.8569298058285,509.5655822753906,7753705
2025-01-22,509.61455573317727,517.4495065108239,502.4651751037609,507.9496765136719,5895189
2025-01-23,507.9497015864477,522.4443492853743,501.0451329400528,518.86962890625,5150004
2025-01-24,520.975213532043,530.6219717168553,498.6455883129562,516.5680541992188,7602501
2025-01-27,515.0500908713011,519.7020928071528,497.66626427567996,501.09405517578125,8523575
2025-01-28,509.32074636032206,530.622018340636,498.10699122760224,519.1633911132812,16222471
2025-01-29,520.1917588073952,544.1862942587312,519.3103029824854,542.0806274414062,9135552
2025-01-30,542.080631604465,548.4465288139121,525.7741171498944,527.1942138671875,7172857
2025-01-31,537.6240014824238,542.0517245764431,527.5878171250122,535.0165405273438,4058608
2025-02-01,539.0999298179921,540.8218221982496,509.68014455622745,523.2584838867188,3874882
2025-02-03,516.5677278427809,549.0376993071843,507.7122810797618,537.3780517578125,7442129
2025-02-04,547.069846865518,570.5860027940851,536.640122008365,567.486572265625,12290382
2025-02-05,567.7324846031256,581.3108231771204,559.2706379706638,562.1240234375,6953215
2025-02-06,560.8450009796233,560.8450009796233,545.4463378957004,557.2536010742188,6345455
2025-02-07,558.7787281240824,569.7987918709174,545.9382819669255,550.5628051757812,5747620
2025-02-10,552.6782321896388,557.4994944990469,537.7223559331387,551.7926635742188,4253881
2025-02-11,556.9091460710551,556.9091460710551,525.4231166112074,529.9000244140625,6416783
2025-02-12,529.9000919824919,542.6421081652463,518.5356137861919,538.3619995117188,5467745
2025-02-13,538.2143680522661,551.2515533844279,529.3589214115524,539.837890625,5723009
2025-02-14,542.1009410720786,546.0366951627301,518.3388017278337,530.490478515625,6763071
2025-02-17,528.3749438556388,544.1179589425851,516.6660523627877,541.510498046875,4397756
2025-02-18,542.1009857277419,545.5447708407443,530.4412772408114,544.46240234375,2988732
2025-02-19,539.0014963824605,550.7595734268374,537.7223883479529,548.8408813476562,4066886
2025-02-20,548.0537801868431,572.898228929604,548.0537801868431,571.5206909179688,7590778
2025-02-21,571.5206539513086,585.148238215132,567.4373452074391,575.702392578125,9328402
2025-02-24,566.748583063379,572.4062295088901,559.6642137641186,567.9293212890625,4523171
2025-02-25,572.4554577168689,577.325965731882,562.3209022850798,565.0267333984375,6222936
2025-02-27,571.9635197439591,599.0218323592361,570.9795811034035,597.053955078125,17099035
2025-02-28,600.1533295975674,610.0418999978544,592.5769907640449,607.38525390625,23771834
2025-03-03,615.2567993524743,619.881322819398,605.023873865824,611.321044921875,10284029
2025-03-04,608.6643717011077,625.1945876210694,603.5479392119084,622.7347412109375,5369562
2025-03-05,616.5358771515753,627.2608314684239,611.5178145217654,621.160400390625,9532495
2025-03-06,628.5398858959246,640.3471475973691,626.7688086516757,634.000732421875,8075827
2025-03-07,634.0007603308877,637.2478054855923,617.372235402261,620.7175903320312,5829062
2025-03-10,621.4063873780942,631.1965880897536,612.8461098700392,615.5519409179688,4906168
2025-03-11,614.1744546856405,629.7206717587152,605.6633622094645,627.998779296875,6734891
2025-03-12,628.7367275248666,636.8542204858684,618.9957119497274,626.7196655273438,5378060
2025-03-13,627.7527994848043,633.6564308279217,607.5820590624869,609.59912109375,5273706
2025-03-17,603.5479146195161,619.389300833349,603.5479146195161,613.2396850585938,4548324
2025-03-18,613.2396850585938,613.2396850585938,613.2396850585938,613.2396850585938,0
2025-03-19,635.3290498412497,666.7166494081412,627.4083575707645,657.2216796875,9823834
2025-03-20,678.9175631557122,683.8372556423477,654.3191007225341,657.1725463867188,8747482
2025-03-21,658.3040420473515,668.094242142738,656.9265641789302,665.9295654296875,6365496
2025-03-24,666.1263282753505,683.7388504894991,663.1745129358734,671.0460205078125,4983671
2025-03-25,676.9496813323201,676.9496813323201,656.9757419900234,667.4546508789062,5257157
2025-03-26,667.8974347576566,669.9637416188073,658.5008341925485,661.2066650390625,4792266
2025-03-27,659.2387571173199,673.4074947250597,655.4998030431442,667.6022338867188,4628163
2025-03-28,671.0460861950386,673.9979018234625,639.7076676285417,645.4636840820312,6806264
2025-04-01,641.5279020519091,643.3974092239964,623.7186392224041,627.2116088867188,7600903
2025-04-02,629.7207102376591,633.6564646766444,620.3732934450688,629.13037109375,4387926
2025-04-03,622.8330490033491,649.9405417317847,621.849110537309,643.6433715820312,3704676
2025-04-04,644.9716800039445,654.3190956561756,639.0680490656933,643.1021728515625,5191619
2025-04-07,586.4273514638894,619.8320758610976,579.7857665270081,604.1382446289062,15188995
2025-04-08,613.6824905016548,637.8873550012355,613.0429064171569,631.1473999023438,10415072
2025-04-09,637.5429845242829,637.5429845242829,609.057951980464,614.518798828125,9235529
2025-04-11,616.9294544223211,638.2317474845181,616.9294544223211,628.5399169921875,7102851
2025-04-15,641.4787103327191,663.7156961766804,638.7236945726909,661.2066650390625,6085948
2025-04-16,661.846295324995,667.1103425904602,651.8101100184176,665.191650390625,6571065
2025-04-17,666.1263722873656,684.4768495488283,657.8120798541992,680.6394653320312,5771289
2025-04-21,687.5270624282858,705.9759102573097,679.4095693835154,691.7088012695312,6740583
2025-04-22,691.7088363636616,698.5472216502034,688.7570205612562,692.2008056640625,3672514
2025-04-23,698.1043921379022,702.3353158368603,674.8834666821019,692.5943603515625,5442424
2025-04-24,692.6927397560556,694.1686475822404,683.345323523552,685.4608154296875,5010172
2025-04-25,687.6746378967954,694.2669777667332,624.8009440700182,644.676513671875,9784886
2025-04-28,612.6984735030825,620.2748114390364,586.5749201493223,612.0097045898438,32221482
2025-04-29,614.9615812146363,620.6684126773398,600.3993029824421,604.8270263671875,10387632
2025-04-30,604.826998559586,611.812937779061,596.7586909740311,601.8751831054688,7374108
2025-05-02,601.8752115734891,606.401304795279,589.8711494813326,593.9052734375,7749204
2025-05-05,600.3500931226453,620.7668167706659,597.4474625689468,618.7496948242188,8616953
2025-05-06,618.7005708505317,621.7015715267885,607.1392924653176,613.4365234375,5098276
2025-05-07,608.2707620554987,627.7527313626836,607.3360085166402,626.4244384765625,5983998
2025-05-08,624.800932515712,630.5077636678799,597.2506551764365,605.9093017578125,10052396
2025-05-09,590.363133041213,602.514750174374,587.0669629036703,591.7898559570312,5637324
2025-05-12,601.2356540016766,637.592196344316,601.1864690839152,635.5751342773438,9560644
2025-05-13,631.2949705748706,637.3954017979659,621.7999992856779,623.4234619140625,5748439
2025-05-14,629.228652745028,644.774868589215,627.3591456265866,641.4786987304688,9324793
2025-05-15,644.2829596776003,669.0290385834223,633.8040500042098,663.9617309570312,9817422
2025-05-16,663.1746355682992,663.9617744600813,649.448679690597,654.8111572265625,5415727
2025-05-19,659.2388047806971,672.9155741555464,655.3030507223049,666.9135131835938,4356035
2025-05-20,671.0952962919077,671.0952962919077,645.6605080278999,647.7759399414062,7035801
2025-05-21,647.7759340676878,651.0229793952205,628.4415771842716,647.4315795898438,7986603
2025-05-22,641.5279487002213,644.1845948545806,630.0158554012269,639.3140869140625,6840583
2025-05-23,640.5439386542314,652.9415392514105,635.7718611362694,649.2517700195312,3128629
2025-05-26,654.1715028985628,657.074133551955,641.6262867321549,653.8271484375,2963171
2025-05-27,657.0741836279542,659.238860554176,646.4476587822293,651.2689819335938,2493252
2025-05-28,651.2689490762215,653.2368261726235,643.4958105234958,645.1685180664062,3244100
2025-05-29,645.1685258243311,649.1042800644615,637.6905567351773,641.77392578125,4173868
2025-05-30,632.7708854482248,644.4305938139288,627.0148686982762,629.0811157226562,6693573
2025-06-02,628.0479366406588,637.4937823352514,614.961566516163,632.2296752929688,4344402
2025-06-03,637.5921501397995,648.1694890502977,631.7868889483806,637.838134765625,5336167
2025-06-04,639.5108907801301,651.2197238253877,629.7206899180909,630.9014282226562,6290382
2025-06-05,636.608277601883,644.2829867119254,627.8511999931487,640.98681640625,4542850
2025-06-06,643.4957847830775,679.8031397813068,633.951569236336,677.1956787109375,20115034
2025-06-09,688.7569394699141,704.4015854026663,681.1314162114971,686.7890625,11413586
2025-06-10,693.6766669681824,694.6114205871222,679.6063579328459,689.1505737304688,6453133
2025-06-11,690.8231445430158,690.8231445430158,673.3582374898498,675.0309448242188,4586055
2025-06-12,677.9335908617109,678.9175293099862,655.8933455984084,657.320068359375,4970089
2025-06-13,641.3803234040835,659.583186681496,633.1644604872968,656.4346313476562,4687026
2025-06-16,658.254854783905,670.3081013774816,657.861255362995,665.2900390625,6882573
2025-06-17,668.8814317412339,668.8814317412339,651.3673371049695,654.3191528320312,2390137
2025-06-18,652.4003907648461,662.6825597911328,648.5630667633238,651.4656372070312,3352972
2025-06-19,650.1373321638516,658.2548243929122,637.592116900758,641.7246704101562,3342726
2025-06-20,641.5279063534638,660.124368151597,640.051998593448,655.6473999023438,7441267
2025-06-23,651.1705039646246,655.4998574974295,637.8873338744606,651.02294921875,4243520
2025-06-24,663.1745883568881,671.0460968240321,662.5842492437897,665.191650390625,4823566
2025-06-25,665.1915894933669,667.1102815175486,660.2227122393439,664.2568359375,3211981
2025-06-26,664.3061151646435,696.1856871492515,663.4205464755539,691.9055786132812,19068571
2025-06-27,691.7579489936762,695.5461482438021,685.411533670739,688.707763671875,7554681
2025-06-30,688.7569326735187,702.532071326989,688.6585628479293,695.4968872070312,3721603
2025-07-01,696.6284546603314,699.137485812335,682.85331572637,685.2639770507812,3524637
2025-07-02,684.5752324096758,687.6254178314616,664.1585079073391,666.0280151367188,3288839
2025-07-03,670.6524950201451,673.259956212654,662.1414625528839,664.5521240234375,6014549
2025-07-04,665.0932393520451,673.4075316663374,659.2387932813398,665.2900390625,3843226
2025-07-07,665.2900823922052,669.0782218321112,658.2548976554153,660.5179443359375,1770086
2025-07-08,661.2066889676049,666.5199810258883,656.5821658879644,658.2056884765625,2820100
2025-07-09,660.4686823234997,672.0299590718067,660.2226977118336,670.1112670898438,3560120
2025-07-10,673.0139400935058,676.3101100764135,660.2227394776936,660.960693359375,3035156
2025-07-11,668.1262845468574,668.8181433560604,654.6847147862651,660.466552734375,4931083
2025-07-14,662.1961848083473,665.0624312305015,654.7835409485524,661.9490966796875,2832157
2025-07-15,667.0390904367322,679.9864833593706,662.8879980955612,676.4778442382812,3786182
2025-07-16,666.1495844020308,666.1495844020308,646.876710669331,660.5653686523438,9358644
2025-07-17,662.1960878983278,664.1727926383229,657.1060490631442,657.6990966796875,2671888
2025-07-18,662.1961413678229,662.6903175927242,636.9931538978535,637.9815063476562,6570609
2025-07-21,637.9815042025959,650.3359097835912,630.074684630759,648.0133056640625,4980207
2025-07-22,650.3359148331966,652.2138086257875,631.5572182042745,632.69384765625,4671422
2025-07-23,634.5223101440796,647.1238046212401,630.6183056725799,646.4319458007812,5191770
2025-07-24,652.3125874812368,652.3125874812368,624.3916320322294,626.170654296875,7248079
2025-07-25,617.7203296384193,622.6126867140058,594.6917278143493,608.6768798828125,16922561
2025-07-28,608.676859324421,631.4089666873256,603.932779417882,626.0718994140625,11583112
2025-07-29,624.6387806698444,635.8565574271744,619.2522474742183,630.914794921875,6858651
2025-07-30,627.6037696540103,630.9147260413856,618.8074092252256,625.4293823242188,6024759
2025-07-31,617.7202983674485,632.0020037305536,615.7929989716926,623.5021362304688,6481051
2025-08-01,622.662038051474,624.6387429341771,605.1187822174841,607.0460815429688,3528632
2025-08-04,608.7262880574631,619.4992933904572,608.7262880574631,617.6214599609375,2955463
2025-08-05,623.1561682997277,625.8247317593567,613.9150977845353,622.7608032226562,3996694
2025-08-06,626.6154885667966,632.3479210345766,615.1506236312364,623.2550659179688,4763826
2025-08-07,619.54867048553,622.4643220959076,611.0982696302857,620.0428466796875,3482599
2025-08-08,616.0401089001872,619.5487482542782,600.8689219648891,602.5491333007812,5493423
2025-08-11,603.3397494664154,616.237736538417,602.0549033797007,610.4064331054688,3348109
2025-08-12,608.8251090982178,611.7901664477222,603.883346849044,604.7728881835938,2787285
2025-08-13,604.9210820104092,614.1127473818808,603.2408708442975,612.0372314453125,5325700
2025-08-14,607.144915502377,615.6447830123711,604.377540627314,609.2698974609375,4279172
2025-08-18,619.6970111761138,630.0747123202115,618.1650768815967,619.4993286132812,5265058
2025-08-19,618.7086661837254,623.2056580024793,607.9355997834144,619.0545654296875,4765094
2025-08-20,616.0895162338707,617.6709164527758,606.1565855207406,609.1216430664062,5710611
2025-08-21,610.801849134838,614.7552591616006,608.6274615552685,612.5808715820312,3993795
2025-08-22,612.5808844309776,614.7552720561549,605.4153286071719,608.6768798828125,3496256
2025-08-25,612.7785158600968,616.534243086003,609.2204711880269,613.6185913085938,6850166
2025-08-26,612.6796862862082,613.2232680496962,586.1917933005756,587.773193359375,18048586
2025-08-28,570.0322725577023,581.1018320046863,563.3608935550765,564.99169921875,20025147
2025-08-29,563.8550796081464,581.793700924327,559.901669759886,573.4915161132812,12236788
2025-09-01,573.244455247209,583.3256629043375,571.8607376048434,581.7442626953125,3886326
2025-09-02,583.1279600120525,589.4534399791705,575.4682283339281,577.7908325195312,4136915
2025-09-03,578.186162227347,582.0407607718936,573.2444001570278,579.4710083007812,6612194
2025-09-04,589.0580749836394,589.0580749836394,577.0990341682009,578.9768676757812,5054056
2025-09-05,582.1396430808281,589.058110825422,578.7792203323248,585.598876953125,4166734
2025-09-08,589.0580520789694,596.9648715699623,585.9447177746928,589.79931640625,2968301
2025-09-09,591.0348208130908,591.9737677939487,583.9680759997553,588.0697631835938,3947645
2025-09-10,591.6277568981968,599.7322591141132,589.7499234235951,597.7555541992188,4708224
2025-09-11,597.7555666056343,615.6447826512673,595.7788616497133,612.8279418945312,8412580
2025-09-12,615.9413160038339,626.3190176908674,612.0373113995756,625.4788818359375,10816255
2025-09-15,623.4526696552967,624.2433394949761,612.9761585500006,616.385986328125,3643666
2025-09-16,616.3860392082763,621.0807134191691,606.9472249038206,610.900634765625,4759255
2025-09-17,612.7785161734106,618.7086308460565,610.5547231711683,615.9906616210938,4633747
2025-09-18,612.7785491956581,623.6504266813876,612.7785491956581,619.5982055664062,4675034
2025-09-19,622.6620282390732,629.8769888823912,619.795782074624,625.8247680664062,6415748
2025-09-22,630.5689116444992,630.5689116444992,618.165099506938,620.537109375,2712596
2025-09-23,620.6853432824781,627.0108231398964,617.2261096813816,621.4760131835938,3586451
2025-09-24,620.8830543775447,622.6620768178888,613.0750454750491,617.8685913085938,2129098
2025-09-25,617.868537246777,618.7086126710257,603.6856438767845,605.5635375976562,4280161
2025-09-26,602.8949708863155,610.208802859552,596.717768315759,598.990966796875,3958021
2025-09-29,601.8078253466304,608.3309273263618,596.1247988119,604.6740112304688,4098133
2025-09-30,604.6740465166182,613.4704078829558,604.0316535871436,608.9239501953125,5882401
2025-10-01,608.8745534371997,642.379727750358,608.8745534371997,641.144287109375,15107673
2025-10-03,637.4872842634485,642.4290461569635,628.5921128551213,638.2779541015625,7200543
2025-10-06,638.969866477133,667.6320878658984,638.969866477133,663.6292724609375,10343487
2025-10-07,662.393869958198,665.1612449451255,655.7718960194514,659.033447265625,3729360
2025-10-08,654.2893727079785,665.4577441953944,654.2893727079785,659.13232421875,2870458
2025-10-09,659.1322805512533,664.172853974036,652.3126244387854,661.2572021484375,2274108
2025-10-10,661.207776138773,663.5798461021527,655.2776615545688,657.3037719726562,2480723
2025-10-13,652.3126598069504,666.3472775827985,651.0772191633766,664.3211669921875,2469940
2025-10-14,667.187286636558,673.0185900231082,659.2310617492606,666.5942993164062,4731724
2025-10-15,667.6320727633858,674.4517287244199,664.7164210025309,669.2628784179688,4687947
2025-10-16,668.9663624483745,675.786018797013,654.5364401437979,664.6670532226562,5309779
2025-10-17,664.3705290574704,671.733766875957,662.2949527176021,667.632080078125,3516617
2025-10-20,670.4983191296353,690.5124560307979,670.2017651383698,685.8671875,6170486
2025-10-21,687.3991266858959,689.3758315793133,682.2596818981615,687.1520385742188,674998
2025-10-23,687.152039007626,709.3899690725976,687.152039007626,701.3843383789062,8911040
2025-10-24,702.767985419013,714.9247082800504,702.767985419013,707.1167602539062,6036751
2025-10-27,712.6021013193806,721.7937668443656,709.8841321395911,711.2183837890625,8133230
2025-10-28,711.1195985005104,718.3839649878772,701.9773382001216,715.2706909179688,7071903
2025-10-29,715.2706783518628,733.2587049619982,709.0440699971898,729.848876953125,10246214
2025-10-30,729.8982721904234,739.1393433145919,724.6106108005295,729.6511840820312,6357608
2025-10-31,724.9070676357712,760.8336526409889,718.5321826982902,740.1771240234375,18363853
2025-11-03,753.9152549697983,790.5831679433,749.6653513971951,787.17333984375,26222030
2025-11-04,783.2199019739791,804.6671619548206,783.022219421425,787.2227172851562,8543137
2025-11-06,783.368159263809,791.2749791819873,775.8567044712391,783.2693481445312,10930939
2025-11-07,788.0422949682985,815.3876111974823,776.4080937433318,811.7581176757812,9765252
2025-11-10,817.3764072614222,826.0274835642368,812.0565242646218,816.4814453125,8623863
2025-11-11,816.481454827392,828.6128444411848,799.5273697562551,827.6184692382812,7336169
2025-11-12,827.6184609438284,833.9327798340911,816.7798077559127,817.8735961914062,4239741
2025-11-13,821.3538887342598,821.7018957663081,805.1952922549236,809.42138671875,6048569
2025-11-14,804.9466899042209,813.3491721225039,799.3782132995948,804.747802734375,5672058
2025-11-17,804.4495359641757,823.6906717874458,804.0517616078506,813.2994995117188,7386312
2025-11-18,815.3876606740047,823.0443618211418,805.4439087145656,815.5865478515625,6684086
2025-11-19,819.5143334453817,822.0499780301578,811.2112642309565,813.4486083984375,3711577
2025-11-20,817.376398931582,824.0387247838701,811.9073354350811,821.9505004882812,3187958
2025-11-21,820.3595173144354,827.3201435219518,806.040490553664,818.6690673828125,3831244
2025-11-24,820.3594913167137,834.7779308610681,816.4814039901161,823.54150390625,8140579
2025-11-25,823.5415149815548,837.1146994234998,822.547139827192,833.5349731445312,5418151
2025-11-26,837.2141785937707,854.0190823925685,833.5846849808945,851.78173828125,7052927
2025-11-27,855.1626588802791,864.609223135352,852.4281271222317,862.7696533203125,6752154
2025-11-28,865.1560854502251,867.0951291273532,843.9759069344507,846.859619140625,8198342
2025-12-01,853.0247445182446,860.1345515039462,844.6720292193254,846.7601928710938,6330770
2025-12-02,850.936576322239,851.1354635003562,836.0706549626984,838.6560668945312,5587375
2025-12-03,838.6560667279031,841.6888989450902,814.3435809851577,823.4420776367188,9931005
2025-12-04,825.7788720416294,831.2976420966053,816.382014547025,823.4918212890625,11436899
2025-12-05,823.4918334396788,852.1795332399207,823.4918334396788,850.0913696289062,12137708
2025-12-08,853.6710932671327,854.0191003038992,826.3257757775041,829.5574951171875,4117973
2025-12-09,825.331362071542,844.2244896370352,813.199973285857,841.9374389648438,5737027
2025-12-10,841.2413708791337,850.98623514102,828.6127944261494,832.5405883789062,3699625
2025-12-11,837.065005160989,845.8154945101878,830.9993409065718,842.3849487304688,4213992
2025-12-12,847.2076643457953,849.9421961262541,836.7667248204069,843.2301635742188,6036788
2025-12-15,847.2076248600156,865.7029783090958,841.0921934320003,850.5387573242188,7193809
2025-12-16,850.5387886571323,851.8315249487433,838.2582794215847,843.6279296875,5171831
2025-12-17,851.1851616065001,870.525771166886,850.1907864177075,859.3390502929688,11621162
2025-12-18,863.6148407213752,871.9676164800468,856.9525149009877,864.5595092773438,12481529
2025-12-19,864.1120322378256,908.361727789705,845.716091390415,896.6281127929688,35297309
2025-12-22,913.83079142592,944.4575348652642,909.8532907015416,929.5916137695312,31894463
2025-12-23,933.4199949328016,954.5504675378743,926.4593686628954,952.4125366210938,14632455
2025-12-24,952.6114417504158,978.16689653282,952.6114417504158,968.22314453125,10574513
2025-12-26,971.0570579796323,973.2446954871676,951.3187351754806,954.8487548828125,4739099
2025-12-29,957.5833021610086,960.5664277129121,943.8609367606217,950.12548828125,4897735
2025-12-30,955.5448184760786,979.0617545047908,955.5448184760786,973.8910522460938,17757531
2025-12-31,977.4707932199145,994.574058301704,973.8910668805872,990.5965576171875,9795995
2026-01-01,990.596539377484,1019.8311324552814,990.3976522085514,1013.96435546875,4289057
2026-01-02,1018.9859579115664,1019.2345517046651,1001.5346857744065,1004.6669311523438,5264026
2026-01-05,1007.7992310427848,1009.0919066206031,989.0552834348093,997.706298828125,4603571
2026-01-06,996.8611343852089,1006.0591049518555,986.8676757998161,997.0103149414062,4352915
2026-01-07,990.4473612905208,997.4576939969628,984.679997528194,990.2484741210938,4191098
2026-01-08,995.7673134048574,996.9108084282348,975.5814490242398,987.3151245117188,3804564
2026-01-09,981.44830202252,987.6134402728845,955.5945473593129,969.91357421875,6949168
2026-01-12,973.4932630124,980.1058819766062,957.0363665676681,967.328125,5510203
2026-01-13,969.5157615710732,982.0946313697322,963.7483978970189,973.54296875,3860197
2026-01-14,974.4876934931458,984.9286330662867,964.941715874441,975.5814819335938,3846614
2026-01-15,975.5814819335938,975.5814819335938,975.5814819335938,975.5814819335938,0
2026-01-16,975.4820357862401,1016.2514175061542,975.4820357862401,989.8507690429688,13316550
2026-01-19,996.3639227395848,1008.7936123945198,985.6246830160899,1004.6669311523438,4908985
2026-01-20,999.3470613503758,1002.3798935275478,977.4708072710641,981.9454956054688,6129218
2026-01-21,977.0233119792337,991.8892329217937,967.0795602707445,980.4539184570312,7042588
2026-01-22,989.4530055660149,1004.0206261538618,980.5533356130094,999.84423828125,7210572
2026-01-23,1004.3189445330277,1015.107891096075,968.1734305585028,997.9052124023438,9023942
2026-01-27,1005.5121827273188,1014.2129654534396,978.6640531724319,995.4192504882812,7984660
2026-01-28,996.3639064872859,1014.9587340461259,993.8779685968486,1013.0693969726562,5587231
2026-01-29,1016.6492223727611,1022.6154735352965,1000.4906254742278,1017.0469360351562,6653822
2026-01-30,1019.2345712699142,1023.5104331467666,1004.468123953132,1014.2626953125,6464610
2026-02-02,984.6303339936755,987.1162719906845,933.7183116765631,956.6883544921875,13566710
2026-02-03,1007.3020521454004,1035.6417446292542,991.5909365207906,994.77294921875,9880727
2026-02-04,1004.7166728868642,1005.5121608661601,989.9004589186279,993.181884765625,4402517
2026-02-05,989.9004791013656,992.3864170197517,966.930437012215,986.420166015625,5775866
2026-02-06,988.4088952423629,999.3470218496727,967.4276039359872,996.861083984375,3270421
2026-02-09,999.3470151182487,1061.79382242737,997.7560391719117,1056.722412109375,8667620
2026-02-10,1058.9101461014222,1060.7994832070328,1030.669866908898,1042.7017822265625,4345362
2026-02-11,1047.0770387462335,1053.3416507793863,1035.6417244579318,1050.855712890625,4898578
2026-02-12,1047.5742318916455,1080.9852130174324,1043.7955577271712,1076.70947265625,8462756
2026-02-13,1075.7150556648871,1079.891382624326,1054.037629449158,1059.8050537109375,4555743
2026-02-16,1059.8050713632117,1082.1785119836088,1046.8781945603157,1079.2947998046875,5096496
2026-02-17,1073.9251226380813,1075.8144596305697,1054.0376203670057,1068.9532470703125,2832145
2026-02-18,1070.146484375,1080.9851977512726,1066.0695705500766,1070.146484375,2470593
2026-02-19,1071.936446352138,1071.936446352138,1042.2046041292695,1048.7674560546875,2576169
2026-02-20,1050.8557368592253,1060.0039399450504,1038.7242868551568,1053.3416748046875,2295049
2026-02-23,1066.7657175233533,1071.4392322101457,1050.9551282423085,1058.711181640625,2423932
2026-02-24,1058.7111527348131,1060.003888957747,1044.292713344675,1055.72802734375,2464507
2026-02-25,1059.0095274196176,1088.8407817131279,1049.8613246564148,1079.7919921875,3115583
2026-02-26,1082.8746117062183,1101.767740836079,1078.9965240817714,1098.3868408203125,5231414
2026-02-27,1092.8183428904563,1097.6908056386806,1067.2629488485873,1073.32861328125,5601117
2026-03-02,1038.1276453013659,1064.9757740591597,1032.1613944663006,1046.579833984375,6717872
2026-03-04,1036.4372748198632,1036.636101297813,981.8460544172268,1004.3189086914062,9200897
2026-03-05,1016.5496896201957,1040.514166818223,1012.5721890753124,1033.6529541015625,5051614
2026-03-06,1038.0282891456898,1046.0827039392059,994.3751938585608,1001.8330078125,8166989
2026-03-09,952.114201802429,987.4145194671665,928.9452730509838,981.6471557617188,11999852
2026-03-10,1004.3189162352363,1062.29103688427,1001.0374903304603,1056.92138671875,14297519
2026-03-11,1056.9214298164143,1071.837057893463,1022.9137249705278,1025.8968505859375,10731059
2026-03-12,1015.3564976882282,1040.8124786629862,1000.4408696111793,1025.8968505859375,7054662
2026-03-13,1015.5553476436952,1022.2176734122801,989.1049924333056,997.9548950195312,6562852
2026-03-16,984.4314156809161,997.2588796165261,963.84783757831,986.420166015625,10476354
2026-03-17,994.2757650008944,1006.3076803808847,977.6696873858845,998.9492797851562,4175225
2026-03-18,1007.6003360177375,1023.1126249061833,1002.8273473950785,1015.8536376953125,3915253
2026-03-19,994.3751649501145,994.3751649501145,940.9772064539246,944.45751953125,11956347
2026-03-20,956.5888984942276,961.4613610273283,917.1121927277709,933.3204956054688,28550627
2026-03-23,924.7689332241187,924.8683464670819,865.3053085809798,872.7631225585938,10556865
2026-03-24,901.8982949332848,926.6582613752254,891.1590550481924,898.5173950195312,13359073
2026-03-25,913.8307986718341,959.5720573648748,912.1403487122006,950.6226806640625,14265748
2026-03-27,944.6563915823348,945.6507667313688,894.9376341306329,898.7162475585938,12238678
2026-03-30,883.0051698969366,891.2584718465682,862.1232908791037,867.194580078125,10949179
2026-04-01,910.4498924577664,921.0897190446491,890.7115693697381,895.4845581054688,11752172
2026-04-02,871.072671131534,889.965799843291,858.5932745681899,886.5848999023438,7230236
2026-04-06,889.9657709845181,925.7632768565211,880.6683874861659,922.7801513671875,5898399
2026-04-07,914.8251632861724,927.1554397637237,904.931118131828,925.415283203125,5503677
2026-04-08,969.5158060592424,1029.6257374814395,969.5158060592424,1017.4447021484375,18256527
2026-04-09,1004.4183492904016,1009.2908119697521,984.8789133358476,990.6959838867188,7668209
2026-04-10,1010.3845950428142,1025.2008094857379,1005.5618997016996,1021.770263671875,8048521
2026-04-13,994.524354020621,1009.7879886566151,983.2381593866543,998.4520874023438,8242484
2026-04-15,1024.2064195269454,1037.6304842489005,1010.7326481851295,1015.2073364257812,7869459
2026-04-16,1020.328324883863,1028.5319199336388,1009.6387919402158,1016.9971923828125,5716035
2026-04-17,1016.2514489633176,1033.6530148702236,1007.4512527671346,1031.1173095703125,4345572
2026-04-20,1034.1501837974863,1044.044168252458,1020.2289313232893,1039.271240234375,4670588
2026-04-21,1048.0714255518271,1056.7224409474043,1033.404391845101,1039.42041015625,5699181
2026-04-22,1044.0939790023413,1047.7731187558245,1023.6098737862721,1038.6746826171875,4404420
2026-04-23,1039.0226568301562,1039.0226568301562,1000.6894448304803,1003.6228637695312,4658783
2026-04-24,1001.28606466047,1024.6041739552447,978.0176619845898,1005.611572265625,9263466
2026-04-27,1005.6115992823974,1006.3076740411503,958.3290719932398,969.1677856445312,15096574
2026-04-28,969.0185947373193,974.2390643344162,943.9603285328856,947.8881225585938,6752420
2026-04-29,959.5720161918424,969.8140680604957,949.5288514908202,951.4678344726562,5829309
2026-04-30,939.883395924654,944.6563844656912,915.819505360949,932.0775146484375,5990764
2026-05-01,932.0775146484375,932.0775146484375,932.0775146484375,932.0775146484375,0
2026-05-04,936.7014339655159,963.5495642384129,936.7014339655159,955.0476684570312,4018048
2026-05-05,950.2746808970336,961.4614018586601,932.0278596245179,958.9754638671875,4029508
2026-05-06,974.4876699985059,1001.7832806485676,970.5598759249391,998.4520874023438,5858946
2026-05-07,1003.3245754762052,1017.9916096568534,996.4136557069544,1009.9371948242188,4848929
2026-05-08,1007.3020737841301,1007.6500808260735,995.6181652283911,1002.0816040039062,5755029
2026-05-11,984.4314080737513,985.2766026827339,964.9913858405625,970.46044921875,5927270
2026-05-12,965.5382697869978,974.4379395099118,920.7416814579057,925.2163696289062,8674062
2026-05-13,919.9959392292865,933.1217038942444,909.8533001385532,915.3720703125,10747950
2026-05-14,924.6695075593968,936.3534159673667,896.2303408916994,929.8402099609375,9220462
2026-05-15,915.8195467897357,940.5795132109517,915.8195467897357,932.62451171875,5759607
2026-05-18,918.6037815328666,932.3759142267638,905.8757913341584,928.4481201171875,5232089
2026-05-19,934.712659232095,936.5522290187397,919.4987312787073,922.1337890625,3216479
2026-05-20,914.8251309253491,920.2444875893078,907.8645049291779,918.2557373046875,5764449
2026-05-21,929.7407722316761,936.6019850949359,904.8813932950003,909.6046752929688,4598094
2026-05-22,911.0962458903427,938.938750539652,908.0137071523352,935.70703125,5414742
2026-05-25,951.5673088364804,965.0410799367968,951.5176022175106,956.5391845703125,6256205
2026-05-26,955.5945072142829,960.1686085704137,943.2642312315554,946.7943115234375,4350923
2026-05-27,941.7229824287294,962.6545673925597,941.2755014686986,957.7821655273438,3592277
2026-05-28,957.7821655273438,957.7821655273438,957.7821655273438,957.7821655273438,0
2026-05-29,955.5945202977734,970.0626666092828,937.5963543378928,941.8224487304688,11248568
2026-06-01,944.7061236133039,948.4847371429066,911.2454353633468,913.8804931640625,8308513
2026-06-02,903.4892389920492,912.7866830800177,895.1365241288611,906.5718383789062,7610958
2026-06-03,907.5165189247041,910.7482382120605,883.9001087478683,907.8148193359375,6951317
2026-06-04,902.8429220897849,914.7257171720593,897.9704596184756,910.6487426757812,3666582
2026-06-05,914.9245547522228,939.585107120411,910.9968214481116,918.1065673828125,5769377
2026-06-08,903.8870152260808,906.2237725618644,887.0820508422802,891.6065063476562,4584431
2026-06-09,903.2904125150878,909.8532642427245,891.7059177154789,906.5718383789062,5892611
2026-06-10,902.7434907504872,909.6047038289962,889.1703058403515,892.3025512695312,4026258
2026-06-11,888.9217157716224,891.2584731980423,874.1552077429419,881.2650146484375,4640157
2026-06-12,902.8926272766266,953.7051726627044,896.5286021027858,949.5785522460938,9760441
2026-06-15,999.3470531545352,1003.8217414522421,982.4426751409759,995.0215454101562,12251483
2026-06-16,992.3864268493273,1004.3686355962635,986.4698824065963,1000.0928344726562,4544903
2026-06-17,999.3470698278536,1010.0366031618331,996.314237624954,1001.8330078125,4353419
2026-06-18,1004.3189241791434,1011.5778507996932,992.6350159028019,997.0599975585938,3364449
2026-06-19,996.0159325698797,1002.0318903263577,986.7184881354638,996.2645263671875,2611538
2026-06-22,998.3029818582669,1000.092845057809,978.2662975488023,987.265380859375,4287218
2026-06-23,978.9623770648636,1002.0318936703783,978.9623770648636,987.7625732421875,2904186
2026-06-24,987.7625628496,1023.5600694047399,975.0345726572525,1013.268310546875,7885319
2026-06-25,1024.2064140504604,1046.0826675544508,1020.2289134133712,1025.996337890625,8924791
2026-06-26,1025.996337890625,1025.996337890625,1025.996337890625,1025.996337890625,0
2026-06-29,1031.1172931732924,1049.463588053613,1023.9578404389212,1026.841552734375,11369236
2026-06-30,1026.8415220208112,1042.105156283145,1024.4549973861738,1036.2880859375,5218792
2026-07-01,1044.0939269406658,1052.6455291131567,1032.1614249184868,1042.20458984375,4722961
2026-07-02,1046.0826846452317,1064.975812980079,1042.3040104247868,1060.699951171875,5736423
2026-07-03,1081.5,1081.5,1060.0999755859375,1063.5999755859375,3603167
2026-07-06,1065.9000244140625,1076.0,1057.800048828125,1062.300048828125,4018215
2026-07-07,1070.0,1087.300048828125,1058.699951171875,1066.800048828125,8356697
2026-07-08,1058.0,1058.0,1005.0,1014.4000244140625,6535773
2026-07-09,1019.4000244140625,1039.800048828125,1015.0,1031.699951171875,3984489
2026-07-10,1049.0,1052.0,1039.0,1044.0999755859375,2773485
2026-07-13,1019.9000244140625,1053.0999755859375,1017.0,1048.0999755859375,3212203
2026-07-14,1040.0,1042.300048828125,1007.0,1013.9000244140625,6517181
2026-07-15,1028.0,1049.0,1025.199951171875,1033.800048828125,7089054
2026-07-16,1035.800048828125,1040.0,1020.0999755859375,1024.4000244140625,2703222
2026-07-17,1025.4000244140625,1038.9000244140625,1022.0,1034.9000244140625,3328041
2026-07-20,1040.0,1040.0,1018.0,1035.4000244140625,3238784
2026-07-21,1036.0,1067.4000244140625,1031.0,1061.5,7633092
2026-07-22,1058.0,1065.0,1046.800048828125,1058.800048828125,3460386
2026-07-23,1057.800048828125,1079.0,1022.2999877929688,1025.800048828125,6335830
2026-07-24,1018.0999755859375,1051.0,992.9000244140625,1005.0999755859375,11775846
2026-07-27,1020.0,1040.0,1002.2000122070312,1038.199951171875,9459410
2026-07-28,1045.0,1049.9000244140625,1036.4000244140625,1040.9000244140625,7160194
2026-07-29,1050.0,1052.800048828125,1034.0999755859375,1044.699951171875,4160322
2026-07-30,1038.0,1051.0,1019.5,1027.199951171875,5425880
2026-07-31,1029.199951171875,1054.5999755859375,1029.0999755859375,1046.699951171875,6318223
2026-08-03,1058.0,1095.0,1051.5999755859375,1090.199951171875,7047761
2026-08-04,1080.0,1091.699951171875,1075.0999755859375,1087.300048828125,3516949
2026-08-05,1097.699951171875,1122.4000244140625,1092.699951171875,1122.4000244140625,6684889
2026-08-06,1130.0,1153.699951171875,1120.0,1141.0,12605459
2026-08-07,1134.0,1134.0,1109.0,1115.0,3239689
2026-08-10,1115.0,1139.199951171875,1106.0999755859375,1137.800048828125,3535895
2026-08-11,1135.800048828125,1135.800048828125,1121.199951171875,1129.9000244140625,3789090
2026-08-12,1135.5,1135.5,1117.0,1117.199951171875,3582194
2026-08-13,1135.0,1149.0,1124.300048828125,1132.300048828125,3757182
2026-08-14,1130.0,1134.9000244140625,1118.0,1122.0,2463317
2026-08-17,1116.0,1129.699951171875,1112.199951171875,1122.0,2105094
2026-08-18,1114.0,1124.9000244140625,1098.5999755859375,1108.4000244140625,2672734
2026-08-19,1108.4000244140625,1113.0,1098.199951171875,1106.0,1912179
2026-08-20,1118.9000244140625,1135.4000244140625,1115.5,1128.199951171875,3313774
2026-08-21,1140.0,1140.0,1127.300048828125,1130.0,2514574
2026-08-24,1120.5,1137.300048828125,1112.0,1119.0,3112438
2026-08-25,1117.9000244140625,1138.5,1112.0,1138.5,2440583
2026-08-26,1141.4000244140625,1142.0,1105.0,1117.5,3752627
2026-08-27,1112.0,1127.5,1091.5,1101.0,4358707
2026-08-28,1105.0,1106.699951171875,1083.199951171875,1086.9000244140625,2207426
2026-08-31,1080.0,1109.9000244140625,1060.0999755859375,1109.9000244140625,5859843
2026-09-01,1099.0,1099.0,1050.5999755859375,1059.0999755859375,5673585
2026-09-02,1048.0,1048.0,1026.0999755859375,1047.0,6535021
2026-09-03,1056.0,1068.9000244140625,1038.800048828125,1043.0999755859375,2701103
